experiment,replicate,hour,day,hour_of_day,offered,answered,abandoned,queue_end,avg_wait_min,scheduled_agents
S2-E1,0,0,0,0,3,3,0,0,2.50,2
S2-E1,0,1,0,1,3,3,0,0,2.50,2
S2-E1,0,2,0,2,1,1,0,0,2.50,2
S2-E1,0,3,0,3,1,1,0,0,2.50,2
S2-E1,0,4,0,4,6,5,1,0,2.50,2
S2-E1,0,5,0,5,8,6,0,2,2.50,2
S2-E1,0,6,0,6,4,5,0,1,5.50,2
S2-E1,0,7,0,7,17,11,1,6,5.68,2
S2-E1,0,8,0,8,36,38,2,2,3.95,7
S2-E1,0,9,0,9,46,37,0,11,5.34,7
S2-E1,0,10,0,10,58,49,7,13,8.93,7
S2-E1,0,11,0,11,66,48,9,22,10.94,7
S2-E1,0,12,0,12,61,60,15,8,10.67,7
S2-E1,0,13,0,13,66,56,8,10,6.88,7
S2-E1,0,14,0,14,56,45,9,12,7.83,7
S2-E1,0,15,0,15,58,47,15,8,12.71,7
S2-E1,0,16,0,16,50,46,5,7,7.61,7
S2-E1,0,17,0,17,36,35,3,5,7.50,7
S2-E1,0,18,0,18,37,35,3,4,3.21,7
S2-E1,0,19,0,19,15,19,0,0,3.29,7
S2-E1,0,20,0,20,7,7,0,0,6.79,2
S2-E1,0,21,0,21,11,8,0,3,4.38,2
S2-E1,0,22,0,22,9,9,1,2,4.17,2
S2-E1,0,23,0,23,10,10,0,2,4.50,2
S2-E1,0,24,1,0,4,6,0,0,2.50,2
S2-E1,0,25,1,1,5,5,0,0,2.50,2
S2-E1,0,26,1,2,7,7,0,0,3.93,2
S2-E1,0,27,1,3,4,4,0,0,2.50,2
S2-E1,0,28,1,4,6,5,0,1,2.50,2
S2-E1,0,29,1,5,7,7,0,1,2.50,2
S2-E1,0,30,1,6,6,7,0,0,2.50,2
S2-E1,0,31,1,7,24,12,6,6,7.92,2
S2-E1,0,32,1,8,49,46,3,6,4.24,7
S2-E1,0,33,1,9,68,48,9,17,7.29,7
S2-E1,0,34,1,10,85,60,19,23,13.00,7
S2-E1,0,35,1,11,95,56,26,36,17.59,7
S2-E1,0,36,1,12,88,86,18,20,15.81,7
S2-E1,0,37,1,13,86,86,10,10,8.49,7
S2-E1,0,38,1,14,99,86,10,13,5.70,7
S2-E1,0,39,1,15,73,73,6,7,6.06,7
S2-E1,0,40,1,16,67,49,13,12,7.91,7
S2-E1,0,41,1,17,47,44,7,8,11.93,7
S2-E1,0,42,1,18,46,43,3,8,8.08,7
S2-E1,0,43,1,19,25,33,0,0,3.56,7
S2-E1,0,44,1,20,23,13,6,4,14.42,2
S2-E1,0,45,1,21,13,12,2,3,13.33,2
S2-E1,0,46,1,22,17,11,1,8,6.59,2
S2-E1,0,47,1,23,11,13,4,2,11.73,2
S2-E1,0,48,2,0,11,10,1,2,5.00,2
S2-E1,0,49,2,1,8,9,1,0,8.06,2
S2-E1,0,50,2,2,11,8,0,3,2.50,2
S2-E1,0,51,2,3,6,7,1,1,4.64,2
S2-E1,0,52,2,4,9,6,1,3,4.17,2
S2-E1,0,53,2,5,12,11,0,4,10.68,2
S2-E1,0,54,2,6,19,10,6,7,15.50,2
S2-E1,0,55,2,7,31,14,10,14,21.07,2
S2-E1,0,56,2,8,52,50,7,9,10.90,7
S2-E1,0,57,2,9,66,55,6,14,10.50,7
S2-E1,0,58,2,10,83,59,18,20,11.65,7
S2-E1,0,59,2,11,106,59,27,40,13.77,7
S2-E1,0,60,2,12,85,77,32,16,17.24,7
S2-E1,0,61,2,13,105,84,14,23,9.76,7
S2-E1,0,62,2,14,99,78,21,23,9.04,7
S2-E1,0,63,2,15,79,78,10,14,9.55,7
S2-E1,0,64,2,16,64,58,6,14,5.52,7
S2-E1,0,65,2,17,46,49,6,5,7.50,7
S2-E1,0,66,2,18,46,42,3,6,4.52,7
S2-E1,0,67,2,19,34,37,1,2,3.72,7
S2-E1,0,68,2,20,29,12,12,7,15.83,2
S2-E1,0,69,2,21,20,10,11,6,18.50,2
S2-E1,0,70,2,22,21,10,5,12,23.50,2
S2-E1,0,71,2,23,11,13,8,2,19.81,2
S2-E1,0,72,3,0,13,10,1,4,9.50,2
S2-E1,0,73,3,1,8,11,1,0,8.86,2
S2-E1,0,74,3,2,13,9,1,3,3.61,2
S2-E1,0,75,3,3,14,15,1,1,8.50,2
S2-E1,0,76,3,4,14,11,1,3,3.41,2
S2-E1,0,77,3,5,11,12,2,0,11.25,2
S2-E1,0,78,3,6,13,10,2,1,5.00,2
S2-E1,0,79,3,7,30,10,7,14,15.00,2
S2-E1,0,80,3,8,64,52,13,13,13.46,7
S2-E1,0,81,3,9,79,54,20,18,15.83,7
S2-E1,0,82,3,10,72,77,6,7,7.24,7
S2-E1,0,83,3,11,96,80,5,18,5.75,7
S2-E1,0,84,3,12,68,69,5,12,7.57,7
S2-E1,0,85,3,13,60,49,4,19,9.03,7
S2-E1,0,86,3,14,73,54,21,17,16.67,7
S2-E1,0,87,3,15,72,55,14,20,14.14,7
S2-E1,0,88,3,16,63,49,23,11,14.23,7
S2-E1,0,89,3,17,64,52,7,16,9.81,7
S2-E1,0,90,3,18,42,52,4,2,9.62,7
S2-E1,0,91,3,19,33,29,2,4,2.67,7
S2-E1,0,92,3,20,16,15,2,3,13.50,2
S2-E1,0,93,3,21,13,11,0,5,6.59,2
S2-E1,0,94,3,22,11,15,0,1,6.50,2
S2-E1,0,95,3,23,11,10,0,2,3.00,2
S2-E1,0,96,4,0,14,13,2,1,8.27,2
S2-E1,0,97,4,1,8,6,1,2,2.50,2
S2-E1,0,98,4,2,14,12,3,1,5.83,2
S2-E1,0,99,4,3,7,7,0,1,8.93,2
S2-E1,0,100,4,4,12,9,1,3,6.39,2
S2-E1,0,101,4,5,18,12,5,4,16.25,2
S2-E1,0,102,4,6,12,11,1,4,11.59,2
S2-E1,0,103,4,7,24,17,6,5,16.62,2
S2-E1,0,104,4,8,48,40,5,8,5.50,7
S2-E1,0,105,4,9,80,57,15,16,11.36,7
S2-E1,0,106,4,10,88,57,19,28,14.34,7
S2-E1,0,107,4,11,88,71,22,23,15.67,7
S2-E1,0,108,4,12,56,68,9,2,9.12,7
S2-E1,0,109,4,13,68,48,2,20,7.60,7
S2-E1,0,110,4,14,86,56,21,29,14.20,7
S2-E1,0,111,4,15,81,70,20,20,17.36,7
S2-E1,0,112,4,16,61,64,11,6,8.83,7
S2-E1,0,113,4,17,69,58,1,16,5.43,7
S2-E1,0,114,4,18,36,39,4,9,4.42,7
S2-E1,0,115,4,19,40,44,3,2,3.75,7
S2-E1,0,116,4,20,21,11,4,8,14.32,2
S2-E1,0,117,4,21,15,10,7,6,19.00,2
S2-E1,0,118,4,22,20,14,5,7,8.57,2
S2-E1,0,119,4,23,11,9,8,1,21.94,2
S2-E1,0,120,5,0,13,12,1,1,10.00,2
S2-E1,0,121,5,1,11,10,1,1,4.00,2
S2-E1,0,122,5,2,10,9,0,2,4.17,2
S2-E1,0,123,5,3,10,8,3,1,7.50,2
S2-E1,0,124,5,4,12,10,0,3,3.00,2
S2-E1,0,125,5,5,13,13,0,3,9.04,2
S2-E1,0,126,5,6,19,11,6,5,12.05,2
S2-E1,0,127,5,7,11,11,4,1,11.14,2
S2-E1,0,128,5,8,31,19,3,10,4.34,4
S2-E1,0,129,5,9,45,29,15,11,13.88,4
S2-E1,0,130,5,10,67,38,19,21,17.63,4
S2-E1,0,131,5,11,63,36,25,23,18.75,4
S2-E1,0,132,5,12,43,28,21,17,21.79,4
S2-E1,0,133,5,13,71,35,31,22,24.50,4
S2-E1,0,134,5,14,56,46,17,15,14.24,4
S2-E1,0,135,5,15,63,51,9,18,8.97,4
S2-E1,0,136,5,16,48,47,13,6,10.90,4
S2-E1,0,137,5,17,36,24,5,13,7.92,4
S2-E1,0,138,5,18,31,27,6,11,12.50,4
S2-E1,0,139,5,19,21,19,5,8,11.97,4
S2-E1,0,140,5,20,26,16,10,8,11.25,2
S2-E1,0,141,5,21,11,10,4,5,17.00,2
S2-E1,0,142,5,22,18,11,8,4,19.32,2
S2-E1,0,143,5,23,20,13,5,6,17.12,2
S2-E1,0,144,6,0,14,9,7,4,22.50,2
S2-E1,0,145,6,1,6,9,1,0,11.94,2
S2-E1,0,146,6,2,10,8,0,2,4.38,2
S2-E1,0,147,6,3,7,8,1,0,5.62,2
S2-E1,0,148,6,4,6,5,1,0,2.50,2
S2-E1,0,149,6,5,7,7,0,0,2.50,2
S2-E1,0,150,6,6,10,9,0,1,5.28,2
S2-E1,0,151,6,7,14,8,4,3,14.38,2
S2-E1,0,152,6,8,21,22,1,1,3.18,4
S2-E1,0,153,6,9,48,31,4,14,6.21,4
S2-E1,0,154,6,10,49,27,13,23,19.54,4
S2-E1,0,155,6,11,43,30,17,19,20.17,4
S2-E1,0,156,6,12,37,28,17,11,15.36,4
S2-E1,0,157,6,13,56,32,14,21,16.25,4
S2-E1,0,158,6,14,68,34,26,29,21.91,4
S2-E1,0,159,6,15,45,30,27,17,26.00,4
S2-E1,0,160,6,16,40,28,20,9,20.89,4
S2-E1,0,161,6,17,38,29,7,11,11.47,4
S2-E1,0,162,6,18,26,28,5,4,8.04,4
S2-E1,0,163,6,19,25,25,0,4,2.70,4
S2-E1,0,164,6,20,11,10,3,2,11.00,2
S2-E1,0,165,6,21,12,11,3,0,6.59,2
S2-E1,0,166,6,22,9,9,0,0,5.28,2
S2-E1,0,167,6,23,5,4,0,1,2.50,2
S2-E1,0,168,7,0,11,11,0,1,3.86,2
S2-E1,0,169,7,1,5,4,1,1,2.50,2
S2-E1,0,170,7,2,10,10,0,1,4.00,2
S2-E1,0,171,7,3,9,10,0,0,5.50,2
S2-E1,0,172,7,4,5,4,0,1,2.50,2
S2-E1,0,173,7,5,5,4,1,1,2.50,2
S2-E1,0,174,7,6,5,6,0,0,3.33,2
S2-E1,0,175,7,7,12,9,1,2,6.39,2
S2-E1,0,176,7,8,47,41,3,5,3.11,7
S2-E1,0,177,7,9,72,46,9,22,9.78,7
S2-E1,0,178,7,10,68,64,16,10,10.00,7
S2-E1,0,179,7,11,78,54,11,23,11.02,7
S2-E1,0,180,7,12,73,51,25,20,16.13,7
S2-E1,0,181,7,13,54,51,10,13,10.05,7
S2-E1,0,182,7,14,95,55,20,33,13.32,7
S2-E1,0,183,7,15,53,66,16,4,9.32,7
S2-E1,0,184,7,16,71,62,5,8,3.47,7
S2-E1,0,185,7,17,43,44,1,6,3.30,7
S2-E1,0,186,7,18,24,28,2,0,3.21,7
S2-E1,0,187,7,19,19,17,1,1,2.50,7
S2-E1,0,188,7,20,14,11,3,1,6.59,2
S2-E1,0,189,7,21,11,8,3,1,3.12,2
S2-E1,0,190,7,22,14,13,1,1,3.27,2
S2-E1,0,191,7,23,4,4,0,1,2.50,2
S2-E1,0,192,8,0,9,9,0,1,2.50,2
S2-E1,0,193,8,1,9,6,2,2,2.50,2
S2-E1,0,194,8,2,14,10,1,5,11.00,2
S2-E1,0,195,8,3,8,10,2,1,7.50,2
S2-E1,0,196,8,4,6,7,0,0,3.21,2
S2-E1,0,197,8,5,7,7,0,0,3.21,2
S2-E1,0,198,8,6,8,6,0,2,2.50,2
S2-E1,0,199,8,7,30,13,10,9,14.04,2
S2-E1,0,200,8,8,38,37,4,6,4.93,7
S2-E1,0,201,8,9,66,52,8,12,6.54,7
S2-E1,0,202,8,10,72,55,10,19,11.77,7
S2-E1,0,203,8,11,64,50,19,14,12.40,7
S2-E1,0,204,8,12,79,57,15,21,12.50,7
S2-E1,0,205,8,13,71,54,22,16,15.56,7
S2-E1,0,206,8,14,70,53,13,20,11.37,7
S2-E1,0,207,8,15,66,58,16,12,12.50,7
S2-E1,0,208,8,16,51,50,6,7,9.40,7
S2-E1,0,209,8,17,58,47,5,13,7.61,7
S2-E1,0,210,8,18,37,42,7,1,8.33,7
S2-E1,0,211,8,19,28,27,2,0,2.69,7
S2-E1,0,212,8,20,16,12,1,3,7.08,2
S2-E1,0,213,8,21,13,8,5,3,18.12,2
S2-E1,0,214,8,22,6,6,1,2,7.50,2
S2-E1,0,215,8,23,12,11,1,2,4.77,2
S2-E1,0,216,9,0,12,10,1,3,3.50,2
S2-E1,0,217,9,1,6,8,0,1,6.25,2
S2-E1,0,218,9,2,8,9,0,0,3.06,2
S2-E1,0,219,9,3,7,7,0,0,2.50,2
S2-E1,0,220,9,4,4,3,0,1,2.50,2
S2-E1,0,221,9,5,6,7,0,0,2.50,2
S2-E1,0,222,9,6,12,9,1,2,3.06,2
S2-E1,0,223,9,7,17,9,3,7,8.06,2
S2-E1,0,224,9,8,28,30,3,2,4.33,7
S2-E1,0,225,9,9,40,36,2,4,5.14,7
S2-E1,0,226,9,10,43,39,1,7,3.40,7
S2-E1,0,227,9,11,55,44,8,10,7.84,7
S2-E1,0,228,9,12,59,51,8,10,12.11,7
S2-E1,0,229,9,13,39,42,4,3,7.62,7
S2-E1,0,230,9,14,45,42,1,5,4.05,7
S2-E1,0,231,9,15,40,40,1,4,4.12,7
S2-E1,0,232,9,16,43,33,2,12,4.77,7
S2-E1,0,233,9,17,22,28,3,3,8.39,7
S2-E1,0,234,9,18,21,21,1,2,2.50,7
S2-E1,0,235,9,19,17,16,2,1,2.50,7
S2-E1,0,236,9,20,12,11,1,1,6.14,2
S2-E1,0,237,9,21,9,6,2,2,10.83,2
S2-E1,0,238,9,22,11,13,0,0,3.65,2
S2-E1,0,239,9,23,8,7,0,1,2.50,2
S2-E1,0,240,10,0,9,8,0,2,2.50,2
S2-E1,0,241,10,1,7,8,0,1,5.00,2
S2-E1,0,242,10,2,10,9,0,2,3.06,2
S2-E1,0,243,10,3,2,4,0,0,6.25,2
S2-E1,0,244,10,4,3,3,0,0,2.50,2
S2-E1,0,245,10,5,7,7,0,0,2.50,2
S2-E1,0,246,10,6,8,8,0,0,3.12,2
S2-E1,0,247,10,7,10,6,1,3,4.17,2
S2-E1,0,248,10,8,49,41,2,9,7.13,7
S2-E1,0,249,10,9,54,41,9,13,10.55,7
S2-E1,0,250,10,10,79,59,10,23,10.38,7
S2-E1,0,251,10,11,69,55,14,23,13.14,7
S2-E1,0,252,10,12,69,55,18,19,16.86,7
S2-E1,0,253,10,13,62,54,16,11,11.02,7
S2-E1,0,254,10,14,64,56,11,8,10.98,7
S2-E1,0,255,10,15,57,47,3,15,8.78,7
S2-E1,0,256,10,16,49,47,10,7,9.63,7
S2-E1,0,257,10,17,53,47,2,11,9.41,7
S2-E1,0,258,10,18,27,31,2,5,4.44,7
S2-E1,0,259,10,19,21,22,1,3,2.73,7
S2-E1,0,260,10,20,11,11,1,2,6.59,2
S2-E1,0,261,10,21,10,11,0,1,4.32,2
S2-E1,0,262,10,22,13,10,1,3,6.50,2
S2-E1,0,263,10,23,12,10,2,3,5.00,2
S2-E1,0,264,11,0,3,5,0,1,3.50,2
S2-E1,0,265,11,1,7,6,0,2,2.50,2
S2-E1,0,266,11,2,12,12,1,1,5.00,2
S2-E1,0,267,11,3,8,9,0,0,3.06,2
S2-E1,0,268,11,4,4,4,0,0,3.75,2
S2-E1,0,269,11,5,9,8,0,1,2.50,2
S2-E1,0,270,11,6,10,10,1,0,3.00,2
S2-E1,0,271,11,7,20,13,2,5,5.58,2
S2-E1,0,272,11,8,41,44,1,1,5.57,7
S2-E1,0,273,11,9,46,39,0,8,4.17,7
S2-E1,0,274,11,10,65,45,14,14,9.83,7
S2-E1,0,275,11,11,62,52,8,16,11.25,7
S2-E1,0,276,11,12,65,54,7,20,8.52,7
S2-E1,0,277,11,13,50,50,14,6,13.60,7
S2-E1,0,278,11,14,69,53,5,17,7.03,7
S2-E1,0,279,11,15,55,53,7,12,11.08,7
S2-E1,0,280,11,16,50,44,3,15,8.18,7
S2-E1,0,281,11,17,36,42,2,7,10.71,7
S2-E1,0,282,11,18,23,28,0,2,4.11,7
S2-E1,0,283,11,19,23,21,0,4,2.50,7
S2-E1,0,284,11,20,13,11,2,4,5.23,2
S2-E1,0,285,11,21,13,12,4,1,12.08,2
S2-E1,0,286,11,22,8,9,0,0,2.50,2
S2-E1,0,287,11,23,5,5,0,0,3.50,2
S2-E1,0,288,12,0,9,9,0,0,6.39,2
S2-E1,0,289,12,1,6,5,0,1,2.50,2
S2-E1,0,290,12,2,3,4,0,0,2.50,2
S2-E1,0,291,12,3,6,5,0,1,2.50,2
S2-E1,0,292,12,4,5,6,0,0,3.33,2
S2-E1,0,293,12,5,8,6,0,2,4.17,2
S2-E1,0,294,12,6,10,11,1,0,3.86,2
S2-E1,0,295,12,7,15,10,2,3,3.50,2
S2-E1,0,296,12,8,30,23,8,2,7.93,4
S2-E1,0,297,12,9,37,21,5,13,11.31,4
S2-E1,0,298,12,10,53,32,21,13,15.78,4
S2-E1,0,299,12,11,64,31,22,24,21.05,4
S2-E1,0,300,12,12,44,34,16,18,21.47,4
S2-E1,0,301,12,13,61,30,25,24,21.50,4
S2-E1,0,302,12,14,50,33,27,14,22.50,4
S2-E1,0,303,12,15,50,31,17,16,19.11,4
S2-E1,0,304,12,16,45,24,13,24,15.21,4
S2-E1,0,305,12,17,39,31,19,13,24.76,4
S2-E1,0,306,12,18,26,23,8,8,20.98,4
S2-E1,0,307,12,19,22,25,2,3,9.30,4
S2-E1,0,308,12,20,9,10,0,2,6.00,2
S2-E1,0,309,12,21,12,7,2,5,6.07,2
S2-E1,0,310,12,22,5,8,2,0,19.38,2
S2-E1,0,311,12,23,9,7,1,1,4.64,2
S2-E1,0,312,13,0,8,7,0,2,2.50,2
S2-E1,0,313,13,1,4,5,1,0,5.50,2
S2-E1,0,314,13,2,5,3,0,2,2.50,2
S2-E1,0,315,13,3,7,8,0,1,4.38,2
S2-E1,0,316,13,4,4,4,0,1,2.50,2
S2-E1,0,317,13,5,6,5,1,1,2.50,2
S2-E1,0,318,13,6,5,5,0,1,2.50,2
S2-E1,0,319,13,7,10,11,0,0,3.41,2
S2-E1,0,320,13,8,23,20,0,3,2.75,4
S2-E1,0,321,13,9,49,24,10,18,11.46,4
S2-E1,0,322,13,10,43,31,18,12,21.37,4
S2-E1,0,323,13,11,36,32,8,8,16.25,4
S2-E1,0,324,13,12,39,24,14,9,11.25,4
S2-E1,0,325,13,13,44,25,16,12,16.90,4
S2-E1,0,326,13,14,53,30,19,16,15.83,4
S2-E1,0,327,13,15,42,26,11,21,21.15,4
S2-E1,0,328,13,16,33,28,19,7,21.07,4
S2-E1,0,329,13,17,34,25,11,5,13.50,4
S2-E1,0,330,13,18,30,25,6,4,14.50,4
S2-E1,0,331,13,19,12,13,0,3,5.19,4
S2-E1,0,332,13,20,10,10,3,0,3.00,2
S2-E1,0,333,13,21,7,7,0,0,3.93,2
S2-E1,0,334,13,22,5,5,0,0,2.50,2
S2-E1,0,335,13,23,6,4,1,1,2.50,2
S2-E1,1,0,0,0,6,6,0,1,3.33,2
S2-E1,1,1,0,1,2,3,0,0,2.50,2
S2-E1,1,2,0,2,5,5,0,0,3.50,2
S2-E1,1,3,0,3,7,6,0,1,2.50,2
S2-E1,1,4,0,4,7,7,0,1,2.50,2
S2-E1,1,5,0,5,9,8,0,2,3.75,2
S2-E1,1,6,0,6,5,6,1,0,5.00,2
S2-E1,1,7,0,7,26,15,2,9,13.83,2
S2-E1,1,8,0,8,44,43,3,7,6.34,7
S2-E1,1,9,0,9,66,52,6,15,8.56,7
S2-E1,1,10,0,10,87,47,20,35,16.54,7
S2-E1,1,11,0,11,78,80,17,16,12.31,7
S2-E1,1,12,0,12,60,67,1,8,4.51,7
S2-E1,1,13,0,13,73,68,1,12,4.04,7
S2-E1,1,14,0,14,80,76,9,7,5.20,7
S2-E1,1,15,0,15,62,52,4,13,5.19,7
S2-E1,1,16,0,16,54,47,8,12,9.41,7
S2-E1,1,17,0,17,54,45,11,10,10.50,7
S2-E1,1,18,0,18,32,36,4,2,6.39,7
S2-E1,1,19,0,19,27,28,1,0,2.68,7
S2-E1,1,20,0,20,18,15,1,2,5.83,2
S2-E1,1,21,0,21,19,12,4,5,7.50,2
S2-E1,1,22,0,22,7,6,3,3,10.00,2
S2-E1,1,23,0,23,9,7,2,3,6.07,2
S2-E1,1,24,1,0,8,9,1,1,9.17,2
S2-E1,1,25,1,1,3,4,0,0,2.50,2
S2-E1,1,26,1,2,9,9,0,0,3.06,2
S2-E1,1,27,1,3,6,3,0,3,4.17,2
S2-E1,1,28,1,4,5,7,1,0,3.21,2
S2-E1,1,29,1,5,6,5,1,0,2.50,2
S2-E1,1,30,1,6,6,6,0,0,2.50,2
S2-E1,1,31,1,7,16,11,3,2,4.77,2
S2-E1,1,32,1,8,51,46,0,7,3.37,7
S2-E1,1,33,1,9,53,44,6,10,6.48,7
S2-E1,1,34,1,10,59,53,5,11,10.90,7
S2-E1,1,35,1,11,59,44,9,17,11.59,7
S2-E1,1,36,1,12,56,54,7,12,11.39,7
S2-E1,1,37,1,13,61,53,14,6,12.88,7
S2-E1,1,38,1,14,59,43,12,10,9.24,7
S2-E1,1,39,1,15,53,42,6,15,8.45,7
S2-E1,1,40,1,16,56,54,11,6,9.72,7
S2-E1,1,41,1,17,47,47,3,3,6.54,7
S2-E1,1,42,1,18,27,29,0,1,2.67,7
S2-E1,1,43,1,19,24,21,0,4,2.50,7
S2-E1,1,44,1,20,17,13,4,4,12.50,2
S2-E1,1,45,1,21,17,9,7,5,20.83,2
S2-E1,1,46,1,22,21,17,1,8,8.38,2
S2-E1,1,47,1,23,5,11,2,0,13.86,2
S2-E1,1,48,2,0,9,8,0,1,5.00,2
S2-E1,1,49,2,1,7,6,2,0,3.33,2
S2-E1,1,50,2,2,9,8,0,1,3.75,2
S2-E1,1,51,2,3,3,4,0,0,2.50,2
S2-E1,1,52,2,4,5,5,0,0,2.50,2
S2-E1,1,53,2,5,11,6,3,2,14.17,2
S2-E1,1,54,2,6,10,9,2,1,2.50,2
S2-E1,1,55,2,7,18,11,2,6,8.41,2
S2-E1,1,56,2,8,44,44,0,6,4.32,7
S2-E1,1,57,2,9,67,56,10,7,7.14,7
S2-E1,1,58,2,10,64,46,14,11,13.37,7
S2-E1,1,59,2,11,62,51,9,13,9.85,7
S2-E1,1,60,2,12,69,52,14,16,9.04,7
S2-E1,1,61,2,13,73,55,15,19,11.41,7
S2-E1,1,62,2,14,85,52,25,27,16.92,7
S2-E1,1,63,2,15,69,60,25,11,16.50,7
S2-E1,1,64,2,16,63,58,6,10,7.84,7
S2-E1,1,65,2,17,41,42,5,4,3.21,7
S2-E1,1,66,2,18,27,24,1,6,2.50,7
S2-E1,1,67,2,19,29,28,2,5,3.39,7
S2-E1,1,68,2,20,9,11,3,0,16.14,2
S2-E1,1,69,2,21,7,6,1,0,2.50,2
S2-E1,1,70,2,22,8,8,0,0,2.50,2
S2-E1,1,71,2,23,10,9,1,0,2.50,2
S2-E1,1,72,3,0,6,4,2,0,2.50,2
S2-E1,1,73,3,1,11,10,0,1,4.00,2
S2-E1,1,74,3,2,10,8,1,2,3.12,2
S2-E1,1,75,3,3,10,10,0,2,2.50,2
S2-E1,1,76,3,4,4,6,0,0,5.00,2
S2-E1,1,77,3,5,12,8,2,2,3.75,2
S2-E1,1,78,3,6,13,7,3,5,5.36,2
S2-E1,1,79,3,7,26,10,11,10,26.00,2
S2-E1,1,80,3,8,47,50,2,5,8.00,7
S2-E1,1,81,3,9,68,42,8,23,11.55,7
S2-E1,1,82,3,10,99,70,26,26,15.64,7
S2-E1,1,83,3,11,101,76,22,29,12.30,7
S2-E1,1,84,3,12,77,71,18,17,14.26,7
S2-E1,1,85,3,13,88,78,15,12,10.45,7
S2-E1,1,86,3,14,84,79,8,9,7.69,7
S2-E1,1,87,3,15,80,52,6,31,9.62,7
S2-E1,1,88,3,16,74,69,21,15,16.56,7
S2-E1,1,89,3,17,63,70,3,5,6.00,7
S2-E1,1,90,3,18,44,44,0,5,2.84,7
S2-E1,1,91,3,19,34,37,0,2,3.58,7
S2-E1,1,92,3,20,22,10,6,8,12.50,2
S2-E1,1,93,3,21,20,15,9,4,24.83,2
S2-E1,1,94,3,22,16,15,2,3,9.83,2
S2-E1,1,95,3,23,18,9,4,8,11.94,2
S2-E1,1,96,4,0,11,13,6,0,23.65,2
S2-E1,1,97,4,1,17,11,2,4,3.86,2
S2-E1,1,98,4,2,9,11,1,1,5.68,2
S2-E1,1,99,4,3,6,7,0,0,3.21,2
S2-E1,1,100,4,4,9,7,0,2,3.21,2
S2-E1,1,101,4,5,9,10,0,1,5.00,2
S2-E1,1,102,4,6,14,9,3,3,6.39,2
S2-E1,1,103,4,7,17,13,3,4,12.50,2
S2-E1,1,104,4,8,41,39,0,6,3.14,7
S2-E1,1,105,4,9,60,50,3,13,9.20,7
S2-E1,1,106,4,10,81,49,16,29,15.87,7
S2-E1,1,107,4,11,89,67,25,26,17.28,7
S2-E1,1,108,4,12,54,69,6,5,7.64,7
S2-E1,1,109,4,13,66,57,2,12,4.43,7
S2-E1,1,110,4,14,98,84,8,18,6.43,7
S2-E1,1,111,4,15,46,53,5,6,6.08,7
S2-E1,1,112,4,16,56,52,3,7,7.12,7
S2-E1,1,113,4,17,51,39,9,10,9.94,7
S2-E1,1,114,4,18,49,40,6,13,9.38,7
S2-E1,1,115,4,19,24,33,3,1,6.29,7
S2-E1,1,116,4,20,20,11,3,7,13.41,2
S2-E1,1,117,4,21,22,9,12,8,19.17,2
S2-E1,1,118,4,22,18,15,7,4,24.50,2
S2-E1,1,119,4,23,13,13,1,3,8.65,2
S2-E1,1,120,5,0,14,10,2,5,9.50,2
S2-E1,1,121,5,1,12,9,6,2,7.50,2
S2-E1,1,122,5,2,9,11,0,0,5.68,2
S2-E1,1,123,5,3,9,7,0,2,2.50,2
S2-E1,1,124,5,4,8,9,1,0,3.61,2
S2-E1,1,125,5,5,12,8,0,4,5.00,2
S2-E1,1,126,5,6,9,10,2,1,5.50,2
S2-E1,1,127,5,7,10,10,1,0,3.50,2
S2-E1,1,128,5,8,23,20,0,3,3.25,4
S2-E1,1,129,5,9,40,28,8,7,6.79,4
S2-E1,1,130,5,10,50,30,14,13,14.83,4
S2-E1,1,131,5,11,59,31,16,25,19.11,4
S2-E1,1,132,5,12,42,27,26,14,21.94,4
S2-E1,1,133,5,13,74,28,29,31,22.50,4
S2-E1,1,134,5,14,52,51,24,8,16.13,4
S2-E1,1,135,5,15,59,48,12,7,10.52,4
S2-E1,1,136,5,16,43,35,6,9,10.07,4
S2-E1,1,137,5,17,23,27,1,4,4.91,4
S2-E1,1,138,5,18,21,18,4,3,4.72,4
S2-E1,1,139,5,19,18,20,0,1,3.25,4
S2-E1,1,140,5,20,10,9,0,2,4.72,2
S2-E1,1,141,5,21,15,13,2,2,5.96,2
S2-E1,1,142,5,22,5,7,0,0,5.36,2
S2-E1,1,143,5,23,9,8,0,1,2.50,2
S2-E1,1,144,6,0,4,4,0,1,2.50,2
S2-E1,1,145,6,1,4,5,0,0,4.50,2
S2-E1,1,146,6,2,4,4,0,0,2.50,2
S2-E1,1,147,6,3,7,6,0,1,4.17,2
S2-E1,1,148,6,4,4,5,0,0,4.50,2
S2-E1,1,149,6,5,4,3,0,1,2.50,2
S2-E1,1,150,6,6,5,6,0,0,2.50,2
S2-E1,1,151,6,7,11,8,0,3,5.62,2
S2-E1,1,152,6,8,18,17,3,1,4.26,4
S2-E1,1,153,6,9,34,29,1,5,4.74,4
S2-E1,1,154,6,10,39,28,6,10,10.89,4
S2-E1,1,155,6,11,49,24,11,24,17.08,4
S2-E1,1,156,6,12,32,24,21,11,22.08,4
S2-E1,1,157,6,13,31,26,6,10,10.77,4
S2-E1,1,158,6,14,45,30,12,13,16.33,4
S2-E1,1,159,6,15,42,24,16,15,20.21,4
S2-E1,1,160,6,16,37,28,15,9,17.50,4
S2-E1,1,161,6,17,36,28,10,7,14.29,4
S2-E1,1,162,6,18,13,14,4,2,8.57,4
S2-E1,1,163,6,19,15,16,1,0,3.44,4
S2-E1,1,164,6,20,14,13,1,0,4.04,2
S2-E1,1,165,6,21,9,5,1,3,2.50,2
S2-E1,1,166,6,22,7,9,0,1,6.39,2
S2-E1,1,167,6,23,5,5,0,1,2.50,2
S2-E1,1,168,7,0,0,1,0,0,2.50,2
S2-E1,1,169,7,1,3,3,0,0,7.50,2
S2-E1,1,170,7,2,1,1,0,0,2.50,2
S2-E1,1,171,7,3,1,1,0,0,2.50,2
S2-E1,1,172,7,4,3,3,0,0,2.50,2
S2-E1,1,173,7,5,2,2,0,0,2.50,2
S2-E1,1,174,7,6,3,2,0,1,2.50,2
S2-E1,1,175,7,7,8,8,1,0,3.12,2
S2-E1,1,176,7,8,25,20,1,4,2.50,7
S2-E1,1,177,7,9,24,26,1,1,2.50,7
S2-E1,1,178,7,10,38,34,0,5,2.79,7
S2-E1,1,179,7,11,39,37,2,5,2.50,7
S2-E1,1,180,7,12,33,29,6,3,2.50,7
S2-E1,1,181,7,13,23,25,1,0,3.10,7
S2-E1,1,182,7,14,41,38,2,1,6.18,7
S2-E1,1,183,7,15,25,21,2,3,2.50,7
S2-E1,1,184,7,16,30,31,0,2,3.31,7
S2-E1,1,185,7,17,18,19,1,0,2.50,7
S2-E1,1,186,7,18,16,14,0,2,2.50,7
S2-E1,1,187,7,19,11,12,0,1,2.50,7
S2-E1,1,188,7,20,8,9,0,0,2.50,2
S2-E1,1,189,7,21,8,6,0,2,3.33,2
S2-E1,1,190,7,22,5,7,0,0,2.50,2
S2-E1,1,191,7,23,8,5,1,2,3.50,2
S2-E1,1,192,8,0,5,7,0,0,3.21,2
S2-E1,1,193,8,1,4,4,0,0,2.50,2
S2-E1,1,194,8,2,9,5,0,4,2.50,2
S2-E1,1,195,8,3,1,4,1,0,7.50,2
S2-E1,1,196,8,4,2,2,0,0,2.50,2
S2-E1,1,197,8,5,7,7,0,0,3.93,2
S2-E1,1,198,8,6,6,6,0,0,3.33,2
S2-E1,1,199,8,7,11,8,2,1,5.62,2
S2-E1,1,200,8,8,23,22,0,2,2.50,7
S2-E1,1,201,8,9,48,40,4,6,7.88,7
S2-E1,1,202,8,10,61,47,4,16,11.22,7
S2-E1,1,203,8,11,64,49,18,13,12.91,7
S2-E1,1,204,8,12,55,49,4,15,8.52,7
S2-E1,1,205,8,13,50,51,5,9,6.62,7
S2-E1,1,206,8,14,47,47,3,6,6.12,7
S2-E1,1,207,8,15,57,54,2,7,7.87,7
S2-E1,1,208,8,16,46,44,3,6,3.52,7
S2-E1,1,209,8,17,34,32,3,5,4.69,7
S2-E1,1,210,8,18,33,33,4,1,2.95,7
S2-E1,1,211,8,19,20,16,2,3,2.50,7
S2-E1,1,212,8,20,9,7,3,2,13.93,2
S2-E1,1,213,8,21,6,8,0,0,3.75,2
S2-E1,1,214,8,22,7,7,0,0,3.21,2
S2-E1,1,215,8,23,8,6,0,2,2.50,2
S2-E1,1,216,9,0,7,8,1,0,3.75,2
S2-E1,1,217,9,1,3,3,0,0,2.50,2
S2-E1,1,218,9,2,4,4,0,0,3.75,2
S2-E1,1,219,9,3,4,3,1,0,2.50,2
S2-E1,1,220,9,4,8,7,1,0,2.50,2
S2-E1,1,221,9,5,3,3,0,0,4.17,2
S2-E1,1,222,9,6,12,12,0,0,5.42,2
S2-E1,1,223,9,7,16,12,1,3,7.08,2
S2-E1,1,224,9,8,39,36,2,4,3.19,7
S2-E1,1,225,9,9,55,45,6,8,4.94,7
S2-E1,1,226,9,10,71,61,10,8,8.57,7
S2-E1,1,227,9,11,68,45,13,18,9.17,7
S2-E1,1,228,9,12,62,57,14,9,11.36,7
S2-E1,1,229,9,13,60,51,9,9,9.07,7
S2-E1,1,230,9,14,78,52,12,23,9.71,7
S2-E1,1,231,9,15,58,58,15,8,12.67,7
S2-E1,1,232,9,16,54,50,3,9,5.70,7
S2-E1,1,233,9,17,47,42,4,10,6.55,7
S2-E1,1,234,9,18,32,39,0,3,5.06,7
S2-E1,1,235,9,19,25,24,1,3,2.71,7
S2-E1,1,236,9,20,16,12,5,2,12.50,2
S2-E1,1,237,9,21,11,9,1,3,5.28,2
S2-E1,1,238,9,22,5,8,0,0,4.38,2
S2-E1,1,239,9,23,8,7,0,1,6.79,2
S2-E1,1,240,10,0,8,9,0,0,2.50,2
S2-E1,1,241,10,1,6,4,2,0,2.50,2
S2-E1,1,242,10,2,3,3,0,0,2.50,2
S2-E1,1,243,10,3,7,6,0,1,3.33,2
S2-E1,1,244,10,4,7,6,0,2,4.17,2
S2-E1,1,245,10,5,7,8,0,1,4.38,2
S2-E1,1,246,10,6,8,8,0,1,3.75,2
S2-E1,1,247,10,7,28,12,5,12,13.33,2
S2-E1,1,248,10,8,58,52,8,10,5.58,7
S2-E1,1,249,10,9,83,53,16,24,12.50,7
S2-E1,1,250,10,10,84,63,17,28,14.33,7
S2-E1,1,251,10,11,83,65,36,10,15.81,7
S2-E1,1,252,10,12,81,63,10,18,6.15,7
S2-E1,1,253,10,13,78,75,5,16,7.50,7
S2-E1,1,254,10,14,83,77,8,14,7.24,7
S2-E1,1,255,10,15,68,69,7,6,5.40,7
S2-E1,1,256,10,16,66,49,8,15,7.50,7
S2-E1,1,257,10,17,55,55,4,11,11.59,7
S2-E1,1,258,10,18,32,39,2,2,8.27,7
S2-E1,1,259,10,19,26,22,1,5,2.95,7
S2-E1,1,260,10,20,23,11,7,10,16.14,2
S2-E1,1,261,10,21,16,14,9,3,15.00,2
S2-E1,1,262,10,22,14,13,2,2,7.50,2
S2-E1,1,263,10,23,11,9,2,2,6.39,2
S2-E1,1,264,11,0,17,15,2,2,8.17,2
S2-E1,1,265,11,1,10,9,2,1,5.83,2
S2-E1,1,266,11,2,3,3,0,1,2.50,2
S2-E1,1,267,11,3,3,4,0,0,2.50,2
S2-E1,1,268,11,4,5,5,0,0,2.50,2
S2-E1,1,269,11,5,2,2,0,0,2.50,2
S2-E1,1,270,11,6,9,8,0,1,4.38,2
S2-E1,1,271,11,7,19,13,4,3,4.81,2
S2-E1,1,272,11,8,38,38,2,1,3.42,7
S2-E1,1,273,11,9,50,36,5,10,6.25,7
S2-E1,1,274,11,10,79,54,12,23,11.02,7
S2-E1,1,275,11,11,58,57,13,11,14.87,7
S2-E1,1,276,11,12,48,52,3,4,5.38,7
S2-E1,1,277,11,13,51,44,1,10,5.23,7
S2-E1,1,278,11,14,53,46,2,15,5.76,7
S2-E1,1,279,11,15,38,43,5,5,8.78,7
S2-E1,1,280,11,16,43,41,2,5,2.87,7
S2-E1,1,281,11,17,41,42,0,4,3.69,7
S2-E1,1,282,11,18,29,27,2,4,3.43,7
S2-E1,1,283,11,19,29,31,0,2,2.98,7
S2-E1,1,284,11,20,13,11,1,3,7.95,2
S2-E1,1,285,11,21,8,10,0,1,5.50,2
S2-E1,1,286,11,22,10,8,2,1,5.62,2
S2-E1,1,287,11,23,15,12,2,2,8.75,2
S2-E1,1,288,12,0,4,6,0,0,2.50,2
S2-E1,1,289,12,1,4,4,0,0,2.50,2
S2-E1,1,290,12,2,4,3,0,1,2.50,2
S2-E1,1,291,12,3,3,4,0,0,2.50,2
S2-E1,1,292,12,4,6,6,0,0,2.50,2
S2-E1,1,293,12,5,4,4,0,0,2.50,2
S2-E1,1,294,12,6,3,3,0,0,2.50,2
S2-E1,1,295,12,7,8,8,0,0,6.88,2
S2-E1,1,296,12,8,18,18,0,0,3.06,4
S2-E1,1,297,12,9,24,21,2,1,7.02,4
S2-E1,1,298,12,10,34,25,6,4,9.30,4
S2-E1,1,299,12,11,23,21,2,4,7.98,4
S2-E1,1,300,12,12,26,18,6,6,10.00,4
S2-E1,1,301,12,13,22,26,0,2,4.81,4
S2-E1,1,302,12,14,32,27,6,1,5.83,4
S2-E1,1,303,12,15,25,19,0,7,3.55,4
S2-E1,1,304,12,16,26,24,3,6,5.42,4
S2-E1,1,305,12,17,20,22,2,2,6.59,4
S2-E1,1,306,12,18,17,15,2,2,3.83,4
S2-E1,1,307,12,19,9,10,1,0,2.50,4
S2-E1,1,308,12,20,3,3,0,0,2.50,2
S2-E1,1,309,12,21,1,1,0,0,2.50,2
S2-E1,1,310,12,22,2,2,0,0,2.50,2
S2-E1,1,311,12,23,2,2,0,0,2.50,2
S2-E1,1,312,13,0,2,2,0,0,2.50,2
S2-E1,1,313,13,1,0,0,0,0,0.00,2
S2-E1,1,314,13,2,0,0,0,0,0.00,2
S2-E1,1,315,13,3,2,1,1,0,2.50,2
S2-E1,1,316,13,4,2,2,0,0,2.50,2
S2-E1,1,317,13,5,4,3,0,1,2.50,2
S2-E1,1,318,13,6,2,2,1,0,2.50,2
S2-E1,1,319,13,7,2,1,0,1,2.50,2
S2-E1,1,320,13,8,18,18,0,1,2.50,4
S2-E1,1,321,13,9,25,21,2,3,6.07,4
S2-E1,1,322,13,10,24,19,1,7,4.87,4
S2-E1,1,323,13,11,38,23,8,14,15.11,4
S2-E1,1,324,13,12,23,27,7,3,13.98,4
S2-E1,1,325,13,13,25,25,1,2,4.10,4
S2-E1,1,326,13,14,31,21,4,8,7.98,4
S2-E1,1,327,13,15,20,25,2,1,5.50,4
S2-E1,1,328,13,16,24,19,1,5,4.87,4
S2-E1,1,329,13,17,21,23,1,2,6.20,4
S2-E1,1,330,13,18,20,18,2,2,3.61,4
S2-E1,1,331,13,19,11,13,0,0,2.50,4
S2-E1,1,332,13,20,9,9,0,0,2.50,2
S2-E1,1,333,13,21,4,4,0,0,2.50,2
S2-E1,1,334,13,22,5,5,0,0,3.50,2
S2-E1,1,335,13,23,2,2,0,0,2.50,2
S2-E1,2,0,0,0,3,3,0,0,2.50,2
S2-E1,2,1,0,1,4,3,1,0,2.50,2
S2-E1,2,2,0,2,3,3,0,0,2.50,2
S2-E1,2,3,0,3,3,3,0,0,2.50,2
S2-E1,2,4,0,4,2,2,0,0,2.50,2
S2-E1,2,5,0,5,3,3,0,0,2.50,2
S2-E1,2,6,0,6,7,7,0,0,2.50,2
S2-E1,2,7,0,7,13,10,1,2,3.50,2
S2-E1,2,8,0,8,44,41,2,3,4.33,7
S2-E1,2,9,0,9,55,43,1,14,5.87,7
S2-E1,2,10,0,10,65,50,13,16,12.20,7
S2-E1,2,11,0,11,61,53,11,13,13.07,7
S2-E1,2,12,0,12,34,44,2,1,9.55,7
S2-E1,2,13,0,13,44,38,3,4,3.82,7
S2-E1,2,14,0,14,55,47,4,8,3.99,7
S2-E1,2,15,0,15,69,53,10,14,8.44,7
S2-E1,2,16,0,16,49,46,5,12,8.48,7
S2-E1,2,17,0,17,47,48,7,4,8.96,7
S2-E1,2,18,0,18,32,28,2,6,3.39,7
S2-E1,2,19,0,19,16,20,1,1,3.50,7
S2-E1,2,20,0,20,17,11,4,3,11.59,2
S2-E1,2,21,0,21,18,16,1,4,7.19,2
S2-E1,2,22,0,22,8,10,2,0,8.50,2
S2-E1,2,23,0,23,5,5,0,0,2.50,2
S2-E1,2,24,1,0,11,8,1,2,4.38,2
S2-E1,2,25,1,1,8,9,0,1,4.72,2
S2-E1,2,26,1,2,5,5,1,0,5.50,2
S2-E1,2,27,1,3,9,9,0,0,2.50,2
S2-E1,2,28,1,4,7,6,0,1,2.50,2
S2-E1,2,29,1,5,7,8,0,0,2.50,2
S2-E1,2,30,1,6,15,12,0,3,3.75,2
S2-E1,2,31,1,7,24,17,2,8,6.03,2
S2-E1,2,32,1,8,48,46,3,7,5.76,7
S2-E1,2,33,1,9,101,68,23,17,11.10,7
S2-E1,2,34,1,10,95,82,9,21,7.26,7
S2-E1,2,35,1,11,96,84,13,20,10.12,7
S2-E1,2,36,1,12,91,68,16,27,13.31,7
S2-E1,2,37,1,13,103,79,23,28,14.59,7
S2-E1,2,38,1,14,103,77,32,22,15.10,7
S2-E1,2,39,1,15,107,81,20,28,11.02,7
S2-E1,2,40,1,16,79,76,18,13,11.05,7
S2-E1,2,41,1,17,66,65,5,9,7.42,7
S2-E1,2,42,1,18,56,59,0,6,3.94,7
S2-E1,2,43,1,19,39,37,4,4,3.04,7
S2-E1,2,44,1,20,29,10,11,12,26.50,2
S2-E1,2,45,1,21,22,17,14,3,18.97,2
S2-E1,2,46,1,22,21,14,5,5,9.64,2
S2-E1,2,47,1,23,18,17,0,6,11.03,2
S2-E1,2,48,2,0,10,11,3,2,9.32,2
S2-E1,2,49,2,1,19,14,2,5,8.57,2
S2-E1,2,50,2,2,12,8,4,5,16.25,2
S2-E1,2,51,2,3,11,12,1,3,15.83,2
S2-E1,2,52,2,4,14,11,3,3,10.68,2
S2-E1,2,53,2,5,16,12,5,2,8.75,2
S2-E1,2,54,2,6,16,11,2,5,7.50,2
S2-E1,2,55,2,7,36,16,8,17,22.50,2
S2-E1,2,56,2,8,63,51,9,20,10.44,7
S2-E1,2,57,2,9,96,64,18,34,12.50,7
S2-E1,2,58,2,10,94,72,34,22,17.43,7
S2-E1,2,59,2,11,106,79,21,28,14.84,7
S2-E1,2,60,2,12,97,84,21,20,12.86,7
S2-E1,2,61,2,13,99,79,18,22,14.91,7
S2-E1,2,62,2,14,88,74,16,20,12.09,7
S2-E1,2,63,2,15,81,81,10,10,5.83,7
S2-E1,2,64,2,16,83,59,11,23,10.38,7
S2-E1,2,65,2,17,74,64,9,24,12.34,7
S2-E1,2,66,2,18,39,48,10,5,12.29,7
S2-E1,2,67,2,19,37,33,2,7,3.11,7
S2-E1,2,68,2,20,30,17,8,12,17.50,2
S2-E1,2,69,2,21,30,12,25,5,24.58,2
S2-E1,2,70,2,22,16,14,4,3,19.64,2
S2-E1,2,71,2,23,22,12,4,9,14.17,2
S2-E1,2,72,3,0,22,13,9,9,21.35,2
S2-E1,2,73,3,1,13,12,4,6,23.75,2
S2-E1,2,74,3,2,19,12,9,4,12.50,2
S2-E1,2,75,3,3,21,13,7,5,19.42,2
S2-E1,2,76,3,4,15,15,4,1,10.50,2
S2-E1,2,77,3,5,15,7,5,4,11.79,2
S2-E1,2,78,3,6,17,11,4,6,14.32,2
S2-E1,2,79,3,7,33,15,8,16,11.17,2
S2-E1,2,80,3,8,60,49,14,13,11.38,7
S2-E1,2,81,3,9,80,57,11,25,13.20,7
S2-E1,2,82,3,10,108,64,38,31,18.67,7
S2-E1,2,83,3,11,94,81,25,19,12.25,7
S2-E1,2,84,3,12,72,73,9,9,8.60,7
S2-E1,2,85,3,13,105,81,10,23,8.98,7
S2-E1,2,86,3,14,85,91,9,8,11.13,7
S2-E1,2,87,3,15,102,80,7,23,6.69,7
S2-E1,2,88,3,16,69,76,7,9,7.17,7
S2-E1,2,89,3,17,72,45,17,19,12.06,7
S2-E1,2,90,3,18,62,49,17,15,14.44,7
S2-E1,2,91,3,19,47,45,11,6,10.39,7
S2-E1,2,92,3,20,39,13,16,16,22.12,2
S2-E1,2,93,3,21,28,15,18,11,26.83,2
S2-E1,2,94,3,22,26,13,18,6,26.73,2
S2-E1,2,95,3,23,36,12,14,16,17.92,2
S2-E1,2,96,4,0,21,14,14,9,23.93,2
S2-E1,2,97,4,1,20,18,11,0,15.00,2
S2-E1,2,98,4,2,17,12,1,4,3.33,2
S2-E1,2,99,4,3,17,11,2,8,7.50,2
S2-E1,2,100,4,4,17,14,6,5,13.93,2
S2-E1,2,101,4,5,13,10,2,6,12.50,2
S2-E1,2,102,4,6,22,12,14,2,19.17,2
S2-E1,2,103,4,7,31,9,12,12,25.28,2
S2-E1,2,104,4,8,76,44,15,29,14.77,7
S2-E1,2,105,4,9,92,54,28,39,15.74,7
S2-E1,2,106,4,10,91,74,27,29,16.35,7
S2-E1,2,107,4,11,96,84,21,20,11.31,7
S2-E1,2,108,4,12,86,76,14,16,9.21,7
S2-E1,2,109,4,13,104,80,10,30,10.50,7
S2-E1,2,110,4,14,106,79,27,30,14.15,7
S2-E1,2,111,4,15,75,81,14,10,7.93,7
S2-E1,2,112,4,16,77,70,8,9,8.57,7
S2-E1,2,113,4,17,68,64,3,10,4.06,7
S2-E1,2,114,4,18,57,44,8,15,8.41,7
S2-E1,2,115,4,19,31,36,6,4,7.08,7
S2-E1,2,116,4,20,16,11,4,5,13.41,2
S2-E1,2,117,4,21,13,10,4,4,13.00,2
S2-E1,2,118,4,22,21,18,5,2,6.67,2
S2-E1,2,119,4,23,15,11,2,4,6.14,2
S2-E1,2,120,5,0,11,12,3,0,4.17,2
S2-E1,2,121,5,1,11,8,0,3,3.75,2
S2-E1,2,122,5,2,9,10,1,1,5.50,2
S2-E1,2,123,5,3,15,12,1,3,5.83,2
S2-E1,2,124,5,4,14,11,5,1,15.23,2
S2-E1,2,125,5,5,14,12,1,2,3.75,2
S2-E1,2,126,5,6,11,11,1,1,5.23,2
S2-E1,2,127,5,7,13,10,3,1,8.50,2
S2-E1,2,128,5,8,30,26,1,4,3.27,4
S2-E1,2,129,5,9,36,22,7,11,6.36,4
S2-E1,2,130,5,10,46,33,10,14,14.92,4
S2-E1,2,131,5,11,45,27,14,18,19.72,4
S2-E1,2,132,5,12,39,29,19,9,17.84,4
S2-E1,2,133,5,13,46,29,14,12,16.81,4
S2-E1,2,134,5,14,73,30,27,28,22.17,4
S2-E1,2,135,5,15,35,45,16,2,16.06,4
S2-E1,2,136,5,16,57,44,6,9,4.89,4
S2-E1,2,137,5,17,42,32,4,15,7.97,4
S2-E1,2,138,5,18,25,30,4,6,10.50,4
S2-E1,2,139,5,19,20,22,1,3,5.45,4
S2-E1,2,140,5,20,19,12,3,7,7.50,2
S2-E1,2,141,5,21,15,11,5,6,16.59,2
S2-E1,2,142,5,22,14,12,6,2,16.67,2
S2-E1,2,143,5,23,10,11,1,0,3.86,2
S2-E1,2,144,6,0,8,7,1,0,2.50,2
S2-E1,2,145,6,1,4,4,0,0,2.50,2
S2-E1,2,146,6,2,2,2,0,0,2.50,2
S2-E1,2,147,6,3,4,4,0,0,2.50,2
S2-E1,2,148,6,4,0,0,0,0,0.00,2
S2-E1,2,149,6,5,8,8,0,0,3.75,2
S2-E1,2,150,6,6,2,2,0,0,2.50,2
S2-E1,2,151,6,7,7,6,0,1,2.50,2
S2-E1,2,152,6,8,16,13,2,2,2.50,4
S2-E1,2,153,6,9,34,19,11,6,12.24,4
S2-E1,2,154,6,10,36,26,7,9,9.81,4
S2-E1,2,155,6,11,25,24,6,4,15.00,4
S2-E1,2,156,6,12,31,27,4,4,7.69,4
S2-E1,2,157,6,13,38,29,4,9,10.78,4
S2-E1,2,158,6,14,20,21,3,5,6.79,4
S2-E1,2,159,6,15,32,26,6,5,8.27,4
S2-E1,2,160,6,16,25,24,3,3,7.08,4
S2-E1,2,161,6,17,19,18,1,3,3.06,4
S2-E1,2,162,6,18,7,9,0,1,2.50,4
S2-E1,2,163,6,19,17,16,0,2,3.44,4
S2-E1,2,164,6,20,9,10,1,0,6.00,2
S2-E1,2,165,6,21,13,9,1,3,5.28,2
S2-E1,2,166,6,22,7,9,1,0,6.94,2
S2-E1,2,167,6,23,2,2,0,0,2.50,2
S2-E1,2,168,7,0,7,6,0,1,2.50,2
S2-E1,2,169,7,1,6,5,0,2,6.50,2
S2-E1,2,170,7,2,1,3,0,0,10.83,2
S2-E1,2,171,7,3,2,2,0,0,2.50,2
S2-E1,2,172,7,4,5,5,0,0,2.50,2
S2-E1,2,173,7,5,3,2,1,0,2.50,2
S2-E1,2,174,7,6,1,1,0,0,2.50,2
S2-E1,2,175,7,7,15,13,0,2,4.04,2
S2-E1,2,176,7,8,29,28,0,3,2.86,7
S2-E1,2,177,7,9,58,43,4,14,4.36,7
S2-E1,2,178,7,10,62,53,9,14,11.18,7
S2-E1,2,179,7,11,68,53,16,13,12.03,7
S2-E1,2,180,7,12,53,49,6,11,9.95,7
S2-E1,2,181,7,13,59,56,8,6,8.04,7
S2-E1,2,182,7,14,48,41,4,9,6.16,7
S2-E1,2,183,7,15,63,58,5,9,9.91,7
S2-E1,2,184,7,16,57,51,5,10,8.09,7
S2-E1,2,185,7,17,34,39,3,2,4.81,7
S2-E1,2,186,7,18,28,22,2,6,2.73,7
S2-E1,2,187,7,19,20,23,2,1,2.50,7
S2-E1,2,188,7,20,15,12,1,3,7.08,2
S2-E1,2,189,7,21,8,8,0,3,11.88,2
S2-E1,2,190,7,22,8,9,1,1,8.06,2
S2-E1,2,191,7,23,3,2,0,2,5.00,2
S2-E1,2,192,8,0,6,8,0,0,3.75,2
S2-E1,2,193,8,1,3,1,1,1,2.50,2
S2-E1,2,194,8,2,9,9,0,1,9.17,2
S2-E1,2,195,8,3,3,4,0,0,6.25,2
S2-E1,2,196,8,4,4,3,1,0,2.50,2
S2-E1,2,197,8,5,6,5,1,0,2.50,2
S2-E1,2,198,8,6,13,9,0,4,3.06,2
S2-E1,2,199,8,7,28,16,5,11,16.25,2
S2-E1,2,200,8,8,55,47,8,11,11.76,7
S2-E1,2,201,8,9,67,52,12,14,10.19,7
S2-E1,2,202,8,10,100,56,22,36,14.82,7
S2-E1,2,203,8,11,107,82,40,21,16.77,7
S2-E1,2,204,8,12,86,79,14,14,7.82,7
S2-E1,2,205,8,13,102,83,15,18,10.09,7
S2-E1,2,206,8,14,88,81,13,12,10.09,7
S2-E1,2,207,8,15,72,54,11,19,10.37,7
S2-E1,2,208,8,16,63,54,9,19,12.50,7
S2-E1,2,209,8,17,55,50,12,12,12.50,7
S2-E1,2,210,8,18,31,37,2,4,6.55,7
S2-E1,2,211,8,19,26,25,0,5,2.50,7
S2-E1,2,212,8,20,29,13,8,13,20.58,2
S2-E1,2,213,8,21,12,14,8,3,13.93,2
S2-E1,2,214,8,22,20,11,6,6,19.77,2
S2-E1,2,215,8,23,11,13,3,1,15.19,2
S2-E1,2,216,9,0,9,8,2,0,5.00,2
S2-E1,2,217,9,1,6,5,1,0,2.50,2
S2-E1,2,218,9,2,9,9,0,0,3.61,2
S2-E1,2,219,9,3,9,6,0,3,4.17,2
S2-E1,2,220,9,4,6,9,0,0,4.17,2
S2-E1,2,221,9,5,9,8,0,1,3.12,2
S2-E1,2,222,9,6,12,13,0,0,4.81,2
S2-E1,2,223,9,7,22,13,1,8,5.96,2
S2-E1,2,224,9,8,31,32,2,5,3.12,7
S2-E1,2,225,9,9,53,41,8,9,11.04,7
S2-E1,2,226,9,10,63,52,8,12,6.73,7
S2-E1,2,227,9,11,52,53,6,5,11.18,7
S2-E1,2,228,9,12,52,39,6,12,7.50,7
S2-E1,2,229,9,13,53,48,8,9,11.77,7
S2-E1,2,230,9,14,60,52,7,10,8.56,7
S2-E1,2,231,9,15,49,45,7,7,6.28,7
S2-E1,2,232,9,16,47,44,4,6,8.07,7
S2-E1,2,233,9,17,39,36,4,5,3.06,7
S2-E1,2,234,9,18,39,35,3,6,2.79,7
S2-E1,2,235,9,19,26,28,0,4,3.04,7
S2-E1,2,236,9,20,12,11,2,3,6.14,2
S2-E1,2,237,9,21,16,15,3,1,9.17,2
S2-E1,2,238,9,22,10,11,0,0,6.14,2
S2-E1,2,239,9,23,8,6,0,2,4.17,2
S2-E1,2,240,10,0,11,10,3,0,6.00,2
S2-E1,2,241,10,1,8,4,0,4,5.00,2
S2-E1,2,242,10,2,5,8,0,1,8.75,2
S2-E1,2,243,10,3,3,4,0,0,2.50,2
S2-E1,2,244,10,4,4,3,0,1,2.50,2
S2-E1,2,245,10,5,6,6,1,0,4.17,2
S2-E1,2,246,10,6,7,6,0,1,4.17,2
S2-E1,2,247,10,7,18,12,3,4,10.00,2
S2-E1,2,248,10,8,28,29,1,2,3.19,7
S2-E1,2,249,10,9,70,46,13,13,9.57,7
S2-E1,2,250,10,10,69,53,10,19,11.46,7
S2-E1,2,251,10,11,78,56,19,22,13.21,7
S2-E1,2,252,10,12,58,57,11,12,8.73,7
S2-E1,2,253,10,13,78,56,13,21,9.55,7
S2-E1,2,254,10,14,70,56,19,16,15.27,7
S2-E1,2,255,10,15,57,53,8,12,8.82,7
S2-E1,2,256,10,16,48,47,6,7,8.78,7
S2-E1,2,257,10,17,21,28,0,0,3.21,7
S2-E1,2,258,10,18,34,28,2,4,2.50,7
S2-E1,2,259,10,19,24,25,1,2,2.50,7
S2-E1,2,260,10,20,17,12,4,3,9.17,2
S2-E1,2,261,10,21,14,12,4,1,9.58,2
S2-E1,2,262,10,22,11,8,1,3,6.88,2
S2-E1,2,263,10,23,13,12,4,0,9.17,2
S2-E1,2,264,11,0,7,6,1,0,3.33,2
S2-E1,2,265,11,1,6,5,0,1,2.50,2
S2-E1,2,266,11,2,6,6,1,0,3.33,2
S2-E1,2,267,11,3,7,7,0,0,2.50,2
S2-E1,2,268,11,4,6,6,0,0,2.50,2
S2-E1,2,269,11,5,9,9,0,0,3.06,2
S2-E1,2,270,11,6,6,4,0,2,2.50,2
S2-E1,2,271,11,7,13,12,2,1,8.33,2
S2-E1,2,272,11,8,35,31,1,4,2.50,7
S2-E1,2,273,11,9,53,45,4,8,5.94,7
S2-E1,2,274,11,10,63,52,12,7,8.65,7
S2-E1,2,275,11,11,69,49,13,14,8.21,7
S2-E1,2,276,11,12,41,47,5,3,6.97,7
S2-E1,2,277,11,13,58,47,7,7,4.10,7
S2-E1,2,278,11,14,62,53,7,9,8.54,7
S2-E1,2,279,11,15,56,48,3,14,9.27,7
S2-E1,2,280,11,16,45,42,9,8,7.98,7
S2-E1,2,281,11,17,32,34,5,1,6.47,7
S2-E1,2,282,11,18,19,18,0,2,2.50,7
S2-E1,2,283,11,19,27,25,1,3,2.70,7
S2-E1,2,284,11,20,14,9,3,5,20.28,2
S2-E1,2,285,11,21,13,12,5,1,14.58,2
S2-E1,2,286,11,22,9,8,1,1,8.75,2
S2-E1,2,287,11,23,8,8,0,1,5.00,2
S2-E1,2,288,12,0,5,6,0,0,5.00,2
S2-E1,2,289,12,1,4,3,0,1,2.50,2
S2-E1,2,290,12,2,3,4,0,0,5.00,2
S2-E1,2,291,12,3,3,3,0,0,2.50,2
S2-E1,2,292,12,4,2,1,0,1,2.50,2
S2-E1,2,293,12,5,1,2,0,0,2.50,2
S2-E1,2,294,12,6,1,1,0,0,2.50,2
S2-E1,2,295,12,7,8,7,1,0,3.21,2
S2-E1,2,296,12,8,25,21,1,3,3.21,4
S2-E1,2,297,12,9,41,25,7,12,12.30,4
S2-E1,2,298,12,10,31,27,8,8,10.09,4
S2-E1,2,299,12,11,31,26,6,7,10.77,4
S2-E1,2,300,12,12,30,27,7,3,8.80,4
S2-E1,2,301,12,13,32,24,2,9,3.54,4
S2-E1,2,302,12,14,30,26,6,7,10.58,4
S2-E1,2,303,12,15,18,24,0,1,4.58,4
S2-E1,2,304,12,16,26,19,4,4,2.50,4
S2-E1,2,305,12,17,23,25,0,2,3.50,4
S2-E1,2,306,12,18,22,21,1,2,2.74,4
S2-E1,2,307,12,19,10,11,1,0,2.50,4
S2-E1,2,308,12,20,7,5,0,2,2.50,2
S2-E1,2,309,12,21,5,7,0,0,5.36,2
S2-E1,2,310,12,22,6,6,0,0,2.50,2
S2-E1,2,311,12,23,2,1,1,0,2.50,2
S2-E1,2,312,13,0,2,2,0,0,2.50,2
S2-E1,2,313,13,1,2,2,0,0,2.50,2
S2-E1,2,314,13,2,2,2,0,0,2.50,2
S2-E1,2,315,13,3,3,3,0,0,2.50,2
S2-E1,2,316,13,4,1,1,0,0,2.50,2
S2-E1,2,317,13,5,1,1,0,0,2.50,2
S2-E1,2,318,13,6,2,2,0,0,2.50,2
S2-E1,2,319,13,7,6,6,0,0,3.33,2
S2-E1,2,320,13,8,11,10,0,1,2.50,4
S2-E1,2,321,13,9,24,21,1,3,4.64,4
S2-E1,2,322,13,10,28,25,1,5,6.30,4
S2-E1,2,323,13,11,26,25,5,1,5.90,4
S2-E1,2,324,13,12,18,18,0,1,5.28,4
S2-E1,2,325,13,13,23,21,0,3,3.45,4
S2-E1,2,326,13,14,30,27,0,6,3.24,4
S2-E1,2,327,13,15,23,26,1,2,7.31,4
S2-E1,2,328,13,16,27,24,2,3,3.12,4
S2-E1,2,329,13,17,16,15,1,3,3.83,4
S2-E1,2,330,13,18,8,9,1,1,3.06,4
S2-E1,2,331,13,19,8,9,0,0,2.50,4
S2-E1,2,332,13,20,6,4,0,2,2.50,2
S2-E1,2,333,13,21,3,5,0,0,3.50,2
S2-E1,2,334,13,22,1,1,0,0,2.50,2
S2-E1,2,335,13,23,3,2,0,1,2.50,2
S2-E1,3,0,0,0,7,7,0,0,4.64,2
S2-E1,3,1,0,1,5,4,0,1,3.75,2
S2-E1,3,2,0,2,5,6,0,0,3.33,2
S2-E1,3,3,0,3,9,8,0,1,2.50,2
S2-E1,3,4,0,4,5,6,0,0,2.50,2
S2-E1,3,5,0,5,10,8,1,1,2.50,2
S2-E1,3,6,0,6,17,13,2,3,4.04,2
S2-E1,3,7,0,7,25,14,8,6,18.57,2
S2-E1,3,8,0,8,36,34,1,7,5.15,7
S2-E1,3,9,0,9,63,49,8,13,6.38,7
S2-E1,3,10,0,10,64,57,6,14,11.18,7
S2-E1,3,11,0,11,77,50,17,24,15.40,7
S2-E1,3,12,0,12,72,61,21,14,16.27,7
S2-E1,3,13,0,13,77,69,4,18,6.70,7
S2-E1,3,14,0,14,86,81,13,10,9.78,7
S2-E1,3,15,0,15,66,60,5,11,7.33,7
S2-E1,3,16,0,16,63,57,8,9,6.36,7
S2-E1,3,17,0,17,60,55,5,9,9.41,7
S2-E1,3,18,0,18,39,41,1,6,3.48,7
S2-E1,3,19,0,19,33,31,1,7,3.15,7
S2-E1,3,20,0,20,20,12,12,3,16.67,2
S2-E1,3,21,0,21,13,9,3,4,5.28,2
S2-E1,3,22,0,22,8,8,2,2,7.50,2
S2-E1,3,23,0,23,14,13,0,3,7.88,2
S2-E1,3,24,1,0,13,11,2,3,7.50,2
S2-E1,3,25,1,1,7,8,1,1,10.62,2
S2-E1,3,26,1,2,5,6,0,0,6.67,2
S2-E1,3,27,1,3,9,9,0,0,3.61,2
S2-E1,3,28,1,4,9,9,0,0,5.28,2
S2-E1,3,29,1,5,9,6,1,2,2.50,2
S2-E1,3,30,1,6,11,11,1,1,2.95,2
S2-E1,3,31,1,7,25,11,5,10,12.95,2
S2-E1,3,32,1,8,59,48,5,16,13.02,7
S2-E1,3,33,1,9,80,59,10,27,13.35,7
S2-E1,3,34,1,10,75,57,23,22,13.64,7
S2-E1,3,35,1,11,88,61,19,30,14.30,7
S2-E1,3,36,1,12,53,55,18,10,13.77,7
S2-E1,3,37,1,13,81,59,14,18,10.72,7
S2-E1,3,38,1,14,71,53,12,24,11.37,7
S2-E1,3,39,1,15,87,60,23,28,13.83,7
S2-E1,3,40,1,16,62,53,19,18,18.73,7
S2-E1,3,41,1,17,80,54,16,28,14.54,7
S2-E1,3,42,1,18,41,48,16,5,14.58,7
S2-E1,3,43,1,19,39,40,2,2,4.12,7
S2-E1,3,44,1,20,29,15,8,8,11.83,2
S2-E1,3,45,1,21,19,18,3,6,13.06,2
S2-E1,3,46,1,22,14,11,5,4,12.05,2
S2-E1,3,47,1,23,20,10,5,9,17.50,2
S2-E1,3,48,2,0,12,12,7,2,15.42,2
S2-E1,3,49,2,1,10,10,1,1,5.50,2
S2-E1,3,50,2,2,11,9,1,2,4.72,2
S2-E1,3,51,2,3,13,13,0,2,10.58,2
S2-E1,3,52,2,4,14,12,0,4,5.42,2
S2-E1,3,53,2,5,11,14,0,1,7.14,2
S2-E1,3,54,2,6,13,8,4,2,11.88,2
S2-E1,3,55,2,7,25,13,4,10,11.73,2
S2-E1,3,56,2,8,54,50,4,10,5.40,7
S2-E1,3,57,2,9,80,55,13,22,13.32,7
S2-E1,3,58,2,10,85,60,26,21,16.75,7
S2-E1,3,59,2,11,90,85,12,14,9.91,7
S2-E1,3,60,2,12,78,76,10,6,7.63,7
S2-E1,3,61,2,13,81,68,5,14,4.71,7
S2-E1,3,62,2,14,81,79,6,10,6.74,7
S2-E1,3,63,2,15,71,65,9,7,5.12,7
S2-E1,3,64,2,16,62,50,5,14,6.50,7
S2-E1,3,65,2,17,56,46,12,12,12.17,7
S2-E1,3,66,2,18,44,40,7,9,11.88,7
S2-E1,3,67,2,19,28,32,2,3,5.78,7
S2-E1,3,68,2,20,17,13,3,4,8.65,2
S2-E1,3,69,2,21,27,15,5,11,13.50,2
S2-E1,3,70,2,22,11,8,11,3,23.75,2
S2-E1,3,71,2,23,20,15,3,5,17.17,2
S2-E1,3,72,3,0,17,13,6,3,11.35,2
S2-E1,3,73,3,1,14,9,6,2,14.72,2
S2-E1,3,74,3,2,11,11,1,1,9.32,2
S2-E1,3,75,3,3,16,13,2,2,4.42,2
S2-E1,3,76,3,4,8,7,0,3,4.64,2
S2-E1,3,77,3,5,11,13,1,0,4.42,2
S2-E1,3,78,3,6,11,6,2,3,4.17,2
S2-E1,3,79,3,7,22,11,4,10,19.32,2
S2-E1,3,80,3,8,28,32,5,1,6.41,7
S2-E1,3,81,3,9,42,39,2,2,3.01,7
S2-E1,3,82,3,10,61,48,7,8,7.60,7
S2-E1,3,83,3,11,50,37,9,12,9.93,7
S2-E1,3,84,3,12,37,40,4,5,8.50,7
S2-E1,3,85,3,13,48,41,3,9,4.70,7
S2-E1,3,86,3,14,57,47,5,14,10.80,7
S2-E1,3,87,3,15,41,45,7,3,8.17,7
S2-E1,3,88,3,16,46,36,4,9,10.42,7
S2-E1,3,89,3,17,31,35,2,3,8.07,7
S2-E1,3,90,3,18,21,21,2,1,2.50,7
S2-E1,3,91,3,19,17,15,0,3,2.50,7
S2-E1,3,92,3,20,10,12,1,0,4.58,2
S2-E1,3,93,3,21,14,10,2,2,10.00,2
S2-E1,3,94,3,22,9,8,2,1,7.50,2
S2-E1,3,95,3,23,5,4,1,1,5.00,2
S2-E1,3,96,4,0,12,9,2,2,2.50,2
S2-E1,3,97,4,1,8,10,0,0,4.50,2
S2-E1,3,98,4,2,4,3,0,1,2.50,2
S2-E1,3,99,4,3,11,8,0,4,4.38,2
S2-E1,3,100,4,4,7,10,1,0,9.00,2
S2-E1,3,101,4,5,3,2,0,1,2.50,2
S2-E1,3,102,4,6,7,6,0,2,2.50,2
S2-E1,3,103,4,7,23,19,4,2,7.24,2
S2-E1,3,104,4,8,42,40,3,1,5.88,7
S2-E1,3,105,4,9,53,43,2,9,3.66,7
S2-E1,3,106,4,10,62,47,11,13,10.59,7
S2-E1,3,107,4,11,59,49,8,15,9.95,7
S2-E1,3,108,4,12,52,46,6,15,7.61,7
S2-E1,3,109,4,13,55,48,9,13,7.92,7
S2-E1,3,110,4,14,58,53,3,15,9.86,7
S2-E1,3,111,4,15,45,46,6,8,8.48,7
S2-E1,3,112,4,16,61,54,4,11,7.31,7
S2-E1,3,113,4,17,32,39,0,4,6.47,7
S2-E1,3,114,4,18,27,27,1,3,3.24,7
S2-E1,3,115,4,19,20,20,3,0,2.50,7
S2-E1,3,116,4,20,16,10,0,6,4.00,2
S2-E1,3,117,4,21,10,15,1,0,13.83,2
S2-E1,3,118,4,22,12,10,0,2,3.00,2
S2-E1,3,119,4,23,8,8,0,2,2.50,2
S2-E1,3,120,5,0,5,7,0,0,4.64,2
S2-E1,3,121,5,1,6,6,0,0,2.50,2
S2-E1,3,122,5,2,8,7,0,1,5.36,2
S2-E1,3,123,5,3,8,8,0,1,2.50,2
S2-E1,3,124,5,4,2,3,0,0,2.50,2
S2-E1,3,125,5,5,3,2,0,1,2.50,2
S2-E1,3,126,5,6,3,3,0,1,2.50,2
S2-E1,3,127,5,7,8,8,1,0,5.00,2
S2-E1,3,128,5,8,31,24,4,3,7.92,4
S2-E1,3,129,5,9,34,23,6,8,10.33,4
S2-E1,3,130,5,10,62,29,22,19,18.36,4
S2-E1,3,131,5,11,54,31,20,22,18.31,4
S2-E1,3,132,5,12,60,34,27,21,17.94,4
S2-E1,3,133,5,13,58,29,22,28,27.16,4
S2-E1,3,134,5,14,64,38,42,12,26.71,4
S2-E1,3,135,5,15,56,47,7,14,12.71,4
S2-E1,3,136,5,16,52,49,7,10,9.44,4
S2-E1,3,137,5,17,49,46,4,9,9.24,4
S2-E1,3,138,5,18,34,21,13,9,20.36,4
S2-E1,3,139,5,19,23,23,7,2,13.37,4
S2-E1,3,140,5,20,18,13,2,5,7.12,2
S2-E1,3,141,5,21,14,9,8,2,14.17,2
S2-E1,3,142,5,22,15,11,6,0,17.50,2
S2-E1,3,143,5,23,12,8,2,2,5.62,2
S2-E1,3,144,6,0,4,6,0,0,5.83,2
S2-E1,3,145,6,1,4,2,1,1,2.50,2
S2-E1,3,146,6,2,3,3,0,1,2.50,2
S2-E1,3,147,6,3,8,7,1,1,3.21,2
S2-E1,3,148,6,4,4,4,0,1,2.50,2
S2-E1,3,149,6,5,11,11,1,0,5.68,2
S2-E1,3,150,6,6,9,9,0,0,2.50,2
S2-E1,3,151,6,7,25,11,6,8,14.32,2
S2-E1,3,152,6,8,33,24,6,11,13.54,4
S2-E1,3,153,6,9,47,26,14,18,20.38,4
S2-E1,3,154,6,10,53,26,27,18,20.58,4
S2-E1,3,155,6,11,72,33,24,33,19.02,4
S2-E1,3,156,6,12,55,44,28,16,20.34,4
S2-E1,3,157,6,13,66,59,11,12,11.99,4
S2-E1,3,158,6,14,66,53,16,9,10.05,4
S2-E1,3,159,6,15,62,37,6,28,10.20,4
S2-E1,3,160,6,16,49,32,26,19,24.06,4
S2-E1,3,161,6,17,42,31,17,13,18.15,4
S2-E1,3,162,6,18,31,30,8,6,12.67,4
S2-E1,3,163,6,19,32,29,5,4,8.53,4
S2-E1,3,164,6,20,21,11,9,5,19.32,2
S2-E1,3,165,6,21,14,13,2,4,12.50,2
S2-E1,3,166,6,22,14,13,1,4,8.27,2
S2-E1,3,167,6,23,8,11,0,1,9.77,2
S2-E1,3,168,7,0,10,8,1,2,4.38,2
S2-E1,3,169,7,1,8,10,0,0,3.00,2
S2-E1,3,170,7,2,7,5,0,2,2.50,2
S2-E1,3,171,7,3,2,3,1,0,4.17,2
S2-E1,3,172,7,4,7,6,1,0,2.50,2
S2-E1,3,173,7,5,5,5,0,0,2.50,2
S2-E1,3,174,7,6,9,9,0,0,3.61,2
S2-E1,3,175,7,7,12,12,0,0,3.75,2
S2-E1,3,176,7,8,42,36,2,4,2.50,7
S2-E1,3,177,7,9,53,42,5,10,5.00,7
S2-E1,3,178,7,10,70,49,13,18,10.87,7
S2-E1,3,179,7,11,62,57,12,11,11.36,7
S2-E1,3,180,7,12,55,45,11,10,11.72,7
S2-E1,3,181,7,13,62,48,9,15,8.96,7
S2-E1,3,182,7,14,78,52,22,19,13.17,7
S2-E1,3,183,7,15,62,55,12,14,12.23,7
S2-E1,3,184,7,16,45,47,5,7,6.65,7
S2-E1,3,185,7,17,43,44,1,5,4.09,7
S2-E1,3,186,7,18,33,32,0,6,2.81,7
S2-E1,3,187,7,19,24,27,1,2,3.61,7
S2-E1,3,188,7,20,16,10,3,5,16.50,2
S2-E1,3,189,7,21,17,16,5,1,9.38,2
S2-E1,3,190,7,22,9,7,1,2,3.21,2
S2-E1,3,191,7,23,11,8,1,4,8.75,2
S2-E1,3,192,8,0,13,13,2,2,5.19,2
S2-E1,3,193,8,1,15,8,3,6,11.25,2
S2-E1,3,194,8,2,9,11,4,0,6.14,2
S2-E1,3,195,8,3,9,9,0,0,6.94,2
S2-E1,3,196,8,4,16,8,3,5,9.38,2
S2-E1,3,197,8,5,11,10,2,4,6.50,2
S2-E1,3,198,8,6,10,13,1,0,11.35,2
S2-E1,3,199,8,7,35,15,5,15,10.83,2
S2-E1,3,200,8,8,46,49,5,7,6.48,7
S2-E1,3,201,8,9,87,57,13,24,8.55,7
S2-E1,3,202,8,10,132,61,49,46,19.63,7
S2-E1,3,203,8,11,109,81,44,30,15.40,7
S2-E1,3,204,8,12,116,82,20,44,13.11,7
S2-E1,3,205,8,13,136,90,49,41,19.06,7
S2-E1,3,206,8,14,118,76,42,41,19.08,7
S2-E1,3,207,8,15,123,83,44,37,16.23,7
S2-E1,3,208,8,16,117,70,42,42,16.86,7
S2-E1,3,209,8,17,64,78,18,10,13.21,7
S2-E1,3,210,8,18,64,54,2,18,8.06,7
S2-E1,3,211,8,19,46,41,11,12,13.35,7
S2-E1,3,212,8,20,32,13,21,10,30.19,2
S2-E1,3,213,8,21,24,15,9,10,17.83,2
S2-E1,3,214,8,22,19,9,10,10,26.94,2
S2-E1,3,215,8,23,23,17,10,6,20.44,2
S2-E1,3,216,9,0,9,7,7,1,19.64,2
S2-E1,3,217,9,1,15,12,0,4,2.92,2
S2-E1,3,218,9,2,19,11,1,11,7.05,2
S2-E1,3,219,9,3,10,12,6,3,17.92,2
S2-E1,3,220,9,4,10,10,0,3,7.00,2
S2-E1,3,221,9,5,21,10,9,5,16.50,2
S2-E1,3,222,9,6,22,12,7,8,15.00,2
S2-E1,3,223,9,7,31,15,13,11,17.50,2
S2-E1,3,224,9,8,48,50,6,3,9.40,7
S2-E1,3,225,9,9,74,51,6,20,6.23,7
S2-E1,3,226,9,10,65,55,18,12,13.32,7
S2-E1,3,227,9,11,100,53,28,31,15.33,7
S2-E1,3,228,9,12,76,86,11,10,9.24,7
S2-E1,3,229,9,13,83,78,7,8,5.13,7
S2-E1,3,230,9,14,72,53,5,22,6.27,7
S2-E1,3,231,9,15,67,49,22,18,19.13,7
S2-E1,3,232,9,16,54,48,8,16,10.21,7
S2-E1,3,233,9,17,45,48,7,6,5.73,7
S2-E1,3,234,9,18,38,39,1,4,3.14,7
S2-E1,3,235,9,19,31,33,1,1,3.26,7
S2-E1,3,236,9,20,28,12,10,7,22.92,2
S2-E1,3,237,9,21,24,9,11,11,24.72,2
S2-E1,3,238,9,22,19,12,8,10,31.67,2
S2-E1,3,239,9,23,14,15,9,0,14.50,2
S2-E1,3,240,10,0,12,9,1,2,5.28,2
S2-E1,3,241,10,1,16,14,2,2,6.07,2
S2-E1,3,242,10,2,8,6,2,2,8.33,2
S2-E1,3,243,10,3,13,13,1,1,4.42,2
S2-E1,3,244,10,4,7,6,1,1,3.33,2
S2-E1,3,245,10,5,6,7,0,0,2.50,2
S2-E1,3,246,10,6,15,13,0,2,4.04,2
S2-E1,3,247,10,7,41,19,10,14,13.55,2
S2-E1,3,248,10,8,68,61,3,18,7.91,7
S2-E1,3,249,10,9,74,59,15,18,14.62,7
S2-E1,3,250,10,10,74,61,16,15,14.14,7
S2-E1,3,251,10,11,88,56,16,31,12.41,7
S2-E1,3,252,10,12,67,69,23,6,12.86,7
S2-E1,3,253,10,13,86,70,7,15,6.86,7
S2-E1,3,254,10,14,89,79,15,10,7.06,7
S2-E1,3,255,10,15,74,62,10,12,7.42,7
S2-E1,3,256,10,16,64,66,4,6,5.76,7
S2-E1,3,257,10,17,49,43,2,10,6.57,7
S2-E1,3,258,10,18,31,34,5,2,4.12,7
S2-E1,3,259,10,19,21,20,1,2,2.50,7
S2-E1,3,260,10,20,11,12,1,0,6.25,2
S2-E1,3,261,10,21,14,10,2,2,4.00,2
S2-E1,3,262,10,22,6,6,1,1,4.17,2
S2-E1,3,263,10,23,10,9,1,1,2.50,2
S2-E1,3,264,11,0,9,10,0,0,4.00,2
S2-E1,3,265,11,1,8,6,1,1,4.17,2
S2-E1,3,266,11,2,9,5,4,1,3.50,2
S2-E1,3,267,11,3,11,11,1,0,2.95,2
S2-E1,3,268,11,4,9,8,1,0,3.75,2
S2-E1,3,269,11,5,7,6,0,1,2.50,2
S2-E1,3,270,11,6,13,11,2,1,4.77,2
S2-E1,3,271,11,7,17,15,1,2,4.50,2
S2-E1,3,272,11,8,45,39,5,3,4.94,7
S2-E1,3,273,11,9,70,46,17,10,12.39,7
S2-E1,3,274,11,10,90,55,23,22,11.95,7
S2-E1,3,275,11,11,92,64,30,20,17.11,7
S2-E1,3,276,11,12,65,66,10,9,8.33,7
S2-E1,3,277,11,13,89,77,5,16,6.85,7
S2-E1,3,278,11,14,69,74,5,6,7.97,7
S2-E1,3,279,11,15,76,69,4,9,4.53,7
S2-E1,3,280,11,16,60,50,5,14,6.90,7
S2-E1,3,281,11,17,47,43,5,13,10.06,7
S2-E1,3,282,11,18,37,46,3,1,4.89,7
S2-E1,3,283,11,19,29,25,1,4,2.50,7
S2-E1,3,284,11,20,20,12,3,9,11.25,2
S2-E1,3,285,11,21,14,10,10,3,27.50,2
S2-E1,3,286,11,22,17,14,3,3,9.29,2
S2-E1,3,287,11,23,10,8,1,4,8.75,2
S2-E1,3,288,12,0,9,13,0,0,12.88,2
S2-E1,3,289,12,1,8,7,1,0,2.50,2
S2-E1,3,290,12,2,6,5,1,0,4.50,2
S2-E1,3,291,12,3,12,9,0,3,5.83,2
S2-E1,3,292,12,4,9,7,1,4,6.07,2
S2-E1,3,293,12,5,9,11,2,0,9.32,2
S2-E1,3,294,12,6,11,8,2,1,3.75,2
S2-E1,3,295,12,7,19,13,1,6,9.81,2
S2-E1,3,296,12,8,34,27,7,6,8.24,4
S2-E1,3,297,12,9,52,28,14,16,14.46,4
S2-E1,3,298,12,10,62,35,21,22,19.79,4
S2-E1,3,299,12,11,57,30,28,21,20.00,4
S2-E1,3,300,12,12,64,31,28,26,23.15,4
S2-E1,3,301,12,13,64,33,32,25,25.83,4
S2-E1,3,302,12,14,68,35,23,35,24.50,4
S2-E1,3,303,12,15,67,52,38,12,20.77,4
S2-E1,3,304,12,16,69,53,12,16,11.75,4
S2-E1,3,305,12,17,46,50,7,5,10.10,4
S2-E1,3,306,12,18,30,26,5,4,12.69,4
S2-E1,3,307,12,19,28,22,8,2,10.45,4
S2-E1,3,308,12,20,12,13,1,0,10.19,2
S2-E1,3,309,12,21,11,10,0,1,2.50,2
S2-E1,3,310,12,22,4,4,0,1,2.50,2
S2-E1,3,311,12,23,5,5,1,0,2.50,2
S2-E1,3,312,13,0,3,1,0,2,2.50,2
S2-E1,3,313,13,1,5,5,1,1,2.50,2
S2-E1,3,314,13,2,7,7,0,1,2.50,2
S2-E1,3,315,13,3,5,5,0,1,2.50,2
S2-E1,3,316,13,4,9,9,0,1,2.50,2
S2-E1,3,317,13,5,9,7,1,2,3.93,2
S2-E1,3,318,13,6,8,9,0,1,6.39,2
S2-E1,3,319,13,7,8,7,1,1,3.21,2
S2-E1,3,320,13,8,24,23,2,0,2.50,4
S2-E1,3,321,13,9,28,22,2,4,4.32,4
S2-E1,3,322,13,10,30,26,2,6,6.15,4
S2-E1,3,323,13,11,32,25,6,7,11.30,4
S2-E1,3,324,13,12,23,23,2,5,9.02,4
S2-E1,3,325,13,13,37,26,7,9,9.23,4
S2-E1,3,326,13,14,37,27,12,7,14.54,4
S2-E1,3,327,13,15,35,26,4,12,8.46,4
S2-E1,3,328,13,16,31,23,10,10,15.54,4
S2-E1,3,329,13,17,36,30,10,6,12.00,4
S2-E1,3,330,13,18,29,25,3,7,6.70,4
S2-E1,3,331,13,19,16,19,3,1,8.55,4
S2-E1,3,332,13,20,14,9,2,4,9.72,2
S2-E1,3,333,13,21,9,11,2,0,10.68,2
S2-E1,3,334,13,22,11,9,0,2,3.06,2
S2-E1,3,335,13,23,5,4,2,1,2.50,2
S2-E2,0,0,0,0,3,3,0,0,2.50,2
S2-E2,0,1,0,1,3,2,0,1,2.50,2
S2-E2,0,2,0,2,5,6,0,0,3.33,2
S2-E2,0,3,0,3,4,3,0,1,2.50,2
S2-E2,0,4,0,4,3,3,0,1,2.50,2
S2-E2,0,5,0,5,3,3,0,1,2.50,2
S2-E2,0,6,0,6,7,8,0,0,3.12,2
S2-E2,0,7,0,7,19,10,2,7,8.00,2
S2-E2,0,8,0,8,49,47,1,8,4.73,7
S2-E2,0,9,0,9,55,48,4,11,8.54,7
S2-E2,0,10,0,10,89,62,19,19,10.65,7
S2-E2,0,11,0,11,65,49,19,16,14.74,7
S2-E2,0,12,0,12,52,50,7,11,11.60,7
S2-E2,0,13,0,13,80,57,12,22,10.66,7
S2-E2,0,14,0,14,89,68,27,16,16.18,7
S2-E2,0,15,0,15,56,67,4,1,4.89,7
S2-E2,0,16,0,16,63,53,4,7,3.82,7
S2-E2,0,17,0,17,53,43,10,7,8.55,7
S2-E2,0,18,0,18,32,37,0,2,5.20,7
S2-E2,0,19,0,19,20,22,0,0,2.50,7
S2-E2,0,20,0,20,26,16,5,5,11.25,2
S2-E2,0,21,0,21,18,16,5,2,11.88,2
S2-E2,0,22,0,22,10,9,3,0,9.17,2
S2-E2,0,23,0,23,8,7,0,1,2.50,2
S2-E2,0,24,1,0,5,5,0,1,2.50,2
S2-E2,0,25,1,1,5,6,0,0,2.50,2
S2-E2,0,26,1,2,7,6,1,0,2.50,2
S2-E2,0,27,1,3,7,7,0,0,2.50,2
S2-E2,0,28,1,4,5,4,1,0,2.50,2
S2-E2,0,29,1,5,5,2,1,2,2.50,2
S2-E2,0,30,1,6,12,12,0,2,5.00,2
S2-E2,0,31,1,7,20,9,4,9,10.28,2
S2-E2,0,32,1,8,26,31,2,2,6.53,7
S2-E2,0,33,1,9,73,49,11,15,11.99,7
S2-E2,0,34,1,10,65,56,17,7,12.32,7
S2-E2,0,35,1,11,61,45,6,17,8.06,7
S2-E2,0,36,1,12,58,55,10,10,11.86,7
S2-E2,0,37,1,13,68,47,10,21,10.48,7
S2-E2,0,38,1,14,63,53,20,11,15.14,7
S2-E2,0,39,1,15,64,50,10,15,12.80,7
S2-E2,0,40,1,16,62,51,11,15,8.68,7
S2-E2,0,41,1,17,50,52,6,7,11.25,7
S2-E2,0,42,1,18,25,28,0,4,4.46,7
S2-E2,0,43,1,19,14,18,0,0,2.50,7
S2-E2,0,44,1,20,19,10,1,8,6.00,2
S2-E2,0,45,1,21,12,10,8,2,14.50,2
S2-E2,0,46,1,22,16,12,4,2,10.00,2
S2-E2,0,47,1,23,10,12,0,0,4.17,2
S2-E2,0,48,2,0,12,9,0,3,5.83,2
S2-E2,0,49,2,1,5,6,2,0,5.00,2
S2-E2,0,50,2,2,6,5,0,1,3.50,2
S2-E2,0,51,2,3,5,5,1,0,3.50,2
S2-E2,0,52,2,4,8,8,0,0,4.38,2
S2-E2,0,53,2,5,9,9,0,0,2.50,2
S2-E2,0,54,2,6,13,9,1,3,4.17,2
S2-E2,0,55,2,7,22,14,3,8,12.14,2
S2-E2,0,56,2,8,24,30,1,1,6.50,7
S2-E2,0,57,2,9,53,45,3,6,6.94,7
S2-E2,0,58,2,10,41,41,1,5,4.45,7
S2-E2,0,59,2,11,37,39,0,3,4.17,7
S2-E2,0,60,2,12,41,40,1,3,3.38,7
S2-E2,0,61,2,13,45,39,4,5,4.29,7
S2-E2,0,62,2,14,50,46,3,6,4.78,7
S2-E2,0,63,2,15,45,35,3,13,5.50,7
S2-E2,0,64,2,16,36,38,10,1,6.97,7
S2-E2,0,65,2,17,37,34,2,2,2.50,7
S2-E2,0,66,2,18,29,25,2,4,2.70,7
S2-E2,0,67,2,19,19,18,4,1,2.50,7
S2-E2,0,68,2,20,13,10,1,3,4.50,2
S2-E2,0,69,2,21,12,13,0,2,8.65,2
S2-E2,0,70,2,22,4,5,0,1,4.50,2
S2-E2,0,71,2,23,7,7,0,1,2.50,2
S2-E2,0,72,3,0,6,5,0,2,2.50,2
S2-E2,0,73,3,1,4,4,1,1,2.50,2
S2-E2,0,74,3,2,3,4,0,0,2.50,2
S2-E2,0,75,3,3,2,2,0,0,2.50,2
S2-E2,0,76,3,4,6,6,0,0,2.50,2
S2-E2,0,77,3,5,4,4,0,0,2.50,2
S2-E2,0,78,3,6,5,5,0,0,2.50,2
S2-E2,0,79,3,7,13,9,1,3,4.17,2
S2-E2,0,80,3,8,32,26,2,7,2.69,7
S2-E2,0,81,3,9,38,37,4,4,3.31,7
S2-E2,0,82,3,10,53,49,4,4,7.09,7
S2-E2,0,83,3,11,50,48,2,4,4.79,7
S2-E2,0,84,3,12,33,36,1,0,2.50,7
S2-E2,0,85,3,13,39,32,3,4,2.50,7
S2-E2,0,86,3,14,38,36,1,5,3.06,7
S2-E2,0,87,3,15,40,37,1,7,3.04,7
S2-E2,0,88,3,16,30,32,2,3,5.16,7
S2-E2,0,89,3,17,31,32,1,1,3.75,7
S2-E2,0,90,3,18,20,20,1,0,2.50,7
S2-E2,0,91,3,19,10,9,0,1,2.50,7
S2-E2,0,92,3,20,15,10,3,3,8.50,2
S2-E2,0,93,3,21,6,8,0,1,5.00,2
S2-E2,0,94,3,22,7,6,1,1,7.50,2
S2-E2,0,95,3,23,3,3,0,1,2.50,2
S2-E2,0,96,4,0,2,2,0,1,2.50,2
S2-E2,0,97,4,1,2,3,0,0,2.50,2
S2-E2,0,98,4,2,1,1,0,0,2.50,2
S2-E2,0,99,4,3,0,0,0,0,0.00,2
S2-E2,0,100,4,4,2,2,0,0,2.50,2
S2-E2,0,101,4,5,4,4,0,0,2.50,2
S2-E2,0,102,4,6,5,5,0,0,2.50,2
S2-E2,0,103,4,7,8,5,0,3,2.50,2
S2-E2,0,104,4,8,23,23,1,2,2.50,7
S2-E2,0,105,4,9,24,24,0,2,2.50,7
S2-E2,0,106,4,10,29,29,1,1,2.50,7
S2-E2,0,107,4,11,45,41,0,5,2.99,7
S2-E2,0,108,4,12,23,27,0,1,3.24,7
S2-E2,0,109,4,13,30,28,2,1,2.50,7
S2-E2,0,110,4,14,34,33,0,2,2.95,7
S2-E2,0,111,4,15,25,25,0,2,2.50,7
S2-E2,0,112,4,16,68,49,5,16,7.70,7
S2-E2,0,113,4,17,42,45,4,9,12.06,7
S2-E2,0,114,4,18,35,36,4,4,7.92,7
S2-E2,0,115,4,19,35,32,3,4,3.75,7
S2-E2,0,116,4,20,12,12,3,1,8.75,2
S2-E2,0,117,4,21,8,6,1,2,3.33,2
S2-E2,0,118,4,22,10,10,0,2,7.00,2
S2-E2,0,119,4,23,5,5,2,0,3.50,2
S2-E2,0,120,5,0,11,9,0,2,5.83,2
S2-E2,0,121,5,1,0,2,0,0,2.50,2
S2-E2,0,122,5,2,2,2,0,0,2.50,2
S2-E2,0,123,5,3,2,1,1,0,2.50,2
S2-E2,0,124,5,4,0,0,0,0,0.00,2
S2-E2,0,125,5,5,1,1,0,0,2.50,2
S2-E2,0,126,5,6,3,2,0,1,2.50,2
S2-E2,0,127,5,7,3,2,0,2,2.50,2
S2-E2,0,128,5,8,18,19,0,1,2.50,4
S2-E2,0,129,5,9,15,14,0,2,2.86,4
S2-E2,0,130,5,10,29,21,2,8,4.40,4
S2-E2,0,131,5,11,35,28,7,8,10.00,4
S2-E2,0,132,5,12,26,21,10,3,13.21,4
S2-E2,0,133,5,13,29,20,3,9,8.25,4
S2-E2,0,134,5,14,29,24,9,5,16.46,4
S2-E2,0,135,5,15,24,22,2,5,8.41,4
S2-E2,0,136,5,16,28,29,2,2,6.29,4
S2-E2,0,137,5,17,25,22,2,3,4.55,4
S2-E2,0,138,5,18,19,18,2,2,3.33,4
S2-E2,0,139,5,19,16,16,1,1,2.50,4
S2-E2,0,140,5,20,7,5,1,2,2.50,2
S2-E2,0,141,5,21,5,7,0,0,3.21,2
S2-E2,0,142,5,22,8,7,0,1,2.50,2
S2-E2,0,143,5,23,2,3,0,0,2.50,2
S2-E2,0,144,6,0,1,1,0,0,2.50,2
S2-E2,0,145,6,1,2,2,0,0,2.50,2
S2-E2,0,146,6,2,1,1,0,0,2.50,2
S2-E2,0,147,6,3,1,1,0,0,2.50,2
S2-E2,0,148,6,4,2,2,0,0,2.50,2
S2-E2,0,149,6,5,0,0,0,0,0.00,2
S2-E2,0,150,6,6,0,0,0,0,0.00,2
S2-E2,0,151,6,7,5,5,0,0,4.50,2
S2-E2,0,152,6,8,16,13,2,1,2.50,4
S2-E2,0,153,6,9,21,17,1,4,3.68,4
S2-E2,0,154,6,10,20,20,2,2,3.75,4
S2-E2,0,155,6,11,18,17,3,0,6.03,4
S2-E2,0,156,6,12,16,14,1,1,2.50,4
S2-E2,0,157,6,13,17,18,0,0,3.33,4
S2-E2,0,158,6,14,11,9,1,1,2.50,4
S2-E2,0,159,6,15,13,13,0,1,2.50,4
S2-E2,0,160,6,16,10,10,1,0,2.50,4
S2-E2,0,161,6,17,8,7,0,1,2.50,4
S2-E2,0,162,6,18,9,9,0,1,2.50,4
S2-E2,0,163,6,19,9,7,2,1,2.50,4
S2-E2,0,164,6,20,1,2,0,0,2.50,2
S2-E2,0,165,6,21,2,2,0,0,2.50,2
S2-E2,0,166,6,22,2,2,0,0,2.50,2
S2-E2,0,167,6,23,3,3,0,0,2.50,2
S2-E2,0,168,7,0,2,2,0,0,2.50,2
S2-E2,0,169,7,1,2,2,0,0,2.50,2
S2-E2,0,170,7,2,2,2,0,0,2.50,2
S2-E2,0,171,7,3,3,1,1,1,2.50,2
S2-E2,0,172,7,4,1,2,0,0,2.50,2
S2-E2,0,173,7,5,7,7,0,0,4.64,2
S2-E2,0,174,7,6,6,4,0,2,2.50,2
S2-E2,0,175,7,7,16,12,3,3,12.92,2
S2-E2,0,176,7,8,21,23,0,1,3.80,7
S2-E2,0,177,7,9,42,37,2,4,3.04,7
S2-E2,0,178,7,10,74,54,8,16,8.24,7
S2-E2,0,179,7,11,55,49,11,11,11.28,7
S2-E2,0,180,7,12,45,46,4,6,7.17,7
S2-E2,0,181,7,13,50,47,1,8,3.67,7
S2-E2,0,182,7,14,43,43,1,7,4.83,7
S2-E2,0,183,7,15,53,40,5,15,7.25,7
S2-E2,0,184,7,16,32,40,5,2,8.75,7
S2-E2,0,185,7,17,39,34,1,6,5.15,7
S2-E2,0,186,7,18,24,28,1,1,2.86,7
S2-E2,0,187,7,19,12,13,0,0,2.50,7
S2-E2,0,188,7,20,11,7,1,3,3.93,2
S2-E2,0,189,7,21,13,12,3,1,15.42,2
S2-E2,0,190,7,22,6,6,1,0,4.17,2
S2-E2,0,191,7,23,8,7,0,1,3.21,2
S2-E2,0,192,8,0,5,5,0,1,3.50,2
S2-E2,0,193,8,1,1,2,0,0,2.50,2
S2-E2,0,194,8,2,2,2,0,0,2.50,2
S2-E2,0,195,8,3,0,0,0,0,0.00,2
S2-E2,0,196,8,4,1,1,0,0,2.50,2
S2-E2,0,197,8,5,5,4,0,1,2.50,2
S2-E2,0,198,8,6,2,3,0,0,2.50,2
S2-E2,0,199,8,7,14,14,0,0,5.00,2
S2-E2,0,200,8,8,18,15,0,3,2.50,7
S2-E2,0,201,8,9,43,36,2,8,4.03,7
S2-E2,0,202,8,10,44,40,7,5,7.25,7
S2-E2,0,203,8,11,51,48,3,5,4.06,7
S2-E2,0,204,8,12,40,37,2,6,3.18,7
S2-E2,0,205,8,13,37,38,2,3,3.42,7
S2-E2,0,206,8,14,46,44,3,2,3.75,7
S2-E2,0,207,8,15,43,38,1,6,4.47,7
S2-E2,0,208,8,16,42,41,1,6,3.72,7
S2-E2,0,209,8,17,23,25,3,1,4.10,7
S2-E2,0,210,8,18,19,20,0,0,2.50,7
S2-E2,0,211,8,19,9,8,0,1,2.50,7
S2-E2,0,212,8,20,12,12,0,1,5.42,2
S2-E2,0,213,8,21,9,8,0,2,5.62,2
S2-E2,0,214,8,22,8,10,0,0,4.50,2
S2-E2,0,215,8,23,3,2,0,1,2.50,2
S2-E2,0,216,9,0,6,7,0,0,3.93,2
S2-E2,0,217,9,1,0,0,0,0,0.00,2
S2-E2,0,218,9,2,7,6,1,0,3.33,2
S2-E2,0,219,9,3,5,5,0,0,2.50,2
S2-E2,0,220,9,4,5,4,0,1,2.50,2
S2-E2,0,221,9,5,6,6,1,0,2.50,2
S2-E2,0,222,9,6,7,5,1,1,2.50,2
S2-E2,0,223,9,7,16,11,1,5,6.14,2
S2-E2,0,224,9,8,35,35,1,4,3.21,7
S2-E2,0,225,9,9,47,47,1,3,8.03,7
S2-E2,0,226,9,10,55,43,7,8,9.94,7
S2-E2,0,227,9,11,46,48,4,2,3.96,7
S2-E2,0,228,9,12,51,44,3,6,6.02,7
S2-E2,0,229,9,13,48,40,5,9,11.50,7
S2-E2,0,230,9,14,58,47,9,11,9.63,7
S2-E2,0,231,9,15,53,47,10,7,12.39,7
S2-E2,0,232,9,16,43,45,1,4,6.17,7
S2-E2,0,233,9,17,40,39,0,5,2.63,7
S2-E2,0,234,9,18,21,25,0,1,2.70,7
S2-E2,0,235,9,19,22,21,1,1,2.50,7
S2-E2,0,236,9,20,10,7,3,1,11.07,2
S2-E2,0,237,9,21,12,11,0,2,4.77,2
S2-E2,0,238,9,22,1,3,0,0,4.17,2
S2-E2,0,239,9,23,4,3,0,1,2.50,2
S2-E2,0,240,10,0,6,4,1,2,2.50,2
S2-E2,0,241,10,1,4,6,0,0,4.17,2
S2-E2,0,242,10,2,3,3,0,0,2.50,2
S2-E2,0,243,10,3,4,3,0,1,2.50,2
S2-E2,0,244,10,4,3,4,0,0,2.50,2
S2-E2,0,245,10,5,6,5,0,1,2.50,2
S2-E2,0,246,10,6,10,9,2,0,10.28,2
S2-E2,0,247,10,7,16,11,4,1,10.68,2
S2-E2,0,248,10,8,43,36,1,7,2.78,7
S2-E2,0,249,10,9,62,50,8,11,12.60,7
S2-E2,0,250,10,10,69,45,13,22,10.94,7
S2-E2,0,251,10,11,76,56,21,21,15.36,7
S2-E2,0,252,10,12,64,55,16,14,10.32,7
S2-E2,0,253,10,13,74,52,13,23,11.15,7
S2-E2,0,254,10,14,87,69,21,20,16.05,7
S2-E2,0,255,10,15,57,63,9,5,7.90,7
S2-E2,0,256,10,16,62,61,3,3,3.07,7
S2-E2,0,257,10,17,45,40,1,7,3.75,7
S2-E2,0,258,10,18,28,30,1,4,2.50,7
S2-E2,0,259,10,19,23,23,0,4,2.50,7
S2-E2,0,260,10,20,16,15,3,2,7.50,2
S2-E2,0,261,10,21,13,11,2,2,3.86,2
S2-E2,0,262,10,22,18,12,1,7,8.33,2
S2-E2,0,263,10,23,3,7,3,0,11.07,2
S2-E2,0,264,11,0,5,5,0,0,2.50,2
S2-E2,0,265,11,1,4,4,0,0,2.50,2
S2-E2,0,266,11,2,4,4,0,0,2.50,2
S2-E2,0,267,11,3,9,9,0,0,2.50,2
S2-E2,0,268,11,4,5,3,0,2,2.50,2
S2-E2,0,269,11,5,7,9,0,0,3.06,2
S2-E2,0,270,11,6,9,5,0,4,2.50,2
S2-E2,0,271,11,7,18,15,5,2,12.50,2
S2-E2,0,272,11,8,34,31,2,3,2.98,7
S2-E2,0,273,11,9,58,43,6,12,5.76,7
S2-E2,0,274,11,10,39,41,5,5,6.65,7
S2-E2,0,275,11,11,52,41,7,9,7.01,7
S2-E2,0,276,11,12,41,37,6,7,6.69,7
S2-E2,0,277,11,13,41,45,2,1,7.83,7
S2-E2,0,278,11,14,53,38,3,13,5.92,7
S2-E2,0,279,11,15,43,44,8,4,9.20,7
S2-E2,0,280,11,16,35,36,1,2,2.78,7
S2-E2,0,281,11,17,32,30,1,3,2.83,7
S2-E2,0,282,11,18,27,29,0,1,2.50,7
S2-E2,0,283,11,19,14,13,0,2,2.50,7
S2-E2,0,284,11,20,13,13,1,1,5.96,2
S2-E2,0,285,11,21,15,9,3,4,11.39,2
S2-E2,0,286,11,22,6,8,2,0,3.12,2
S2-E2,0,287,11,23,11,7,2,2,5.36,2
S2-E2,0,288,12,0,0,1,1,0,7.50,2
S2-E2,0,289,12,1,4,4,0,0,2.50,2
S2-E2,0,290,12,2,2,2,0,0,2.50,2
S2-E2,0,291,12,3,5,4,0,1,2.50,2
S2-E2,0,292,12,4,0,1,0,0,2.50,2
S2-E2,0,293,12,5,1,1,0,0,2.50,2
S2-E2,0,294,12,6,4,4,0,0,2.50,2
S2-E2,0,295,12,7,7,7,0,0,3.21,2
S2-E2,0,296,12,8,7,6,0,1,2.50,4
S2-E2,0,297,12,9,17,15,0,3,2.50,4
S2-E2,0,298,12,10,20,21,0,2,2.98,4
S2-E2,0,299,12,11,16,16,0,2,3.12,4
S2-E2,0,300,12,12,27,24,3,2,6.46,4
S2-E2,0,301,12,13,17,18,0,1,2.78,4
S2-E2,0,302,12,14,20,21,0,0,2.98,4
S2-E2,0,303,12,15,21,21,0,0,4.40,4
S2-E2,0,304,12,16,19,17,1,1,3.68,4
S2-E2,0,305,12,17,16,16,1,0,2.81,4
S2-E2,0,306,12,18,14,14,0,0,2.50,4
S2-E2,0,307,12,19,6,6,0,0,2.50,4
S2-E2,0,308,12,20,4,4,0,0,2.50,2
S2-E2,0,309,12,21,3,3,0,0,2.50,2
S2-E2,0,310,12,22,2,2,0,0,2.50,2
S2-E2,0,311,12,23,2,2,0,0,2.50,2
S2-E2,0,312,13,0,3,1,1,1,2.50,2
S2-E2,0,313,13,1,1,2,0,0,2.50,2
S2-E2,0,314,13,2,3,3,0,0,2.50,2
S2-E2,0,315,13,3,1,1,0,0,2.50,2
S2-E2,0,316,13,4,1,0,0,1,0.00,2
S2-E2,0,317,13,5,0,1,0,0,2.50,2
S2-E2,0,318,13,6,0,0,0,0,0.00,2
S2-E2,0,319,13,7,7,7,0,0,3.93,2
S2-E2,0,320,13,8,11,10,0,1,2.50,4
S2-E2,0,321,13,9,24,23,0,2,5.11,4
S2-E2,0,322,13,10,27,22,3,4,4.55,4
S2-E2,0,323,13,11,29,22,4,7,5.45,4
S2-E2,0,324,13,12,25,25,4,3,8.90,4
S2-E2,0,325,13,13,34,25,5,7,11.70,4
S2-E2,0,326,13,14,29,29,3,4,9.22,4
S2-E2,0,327,13,15,34,27,6,5,11.76,4
S2-E2,0,328,13,16,31,28,2,6,5.89,4
S2-E2,0,329,13,17,20,23,2,1,3.59,4
S2-E2,0,330,13,18,15,14,1,1,2.50,4
S2-E2,0,331,13,19,6,6,0,1,2.50,4
S2-E2,0,332,13,20,6,6,1,0,7.50,2
S2-E2,0,333,13,21,3,3,0,0,2.50,2
S2-E2,0,334,13,22,3,2,1,0,2.50,2
S2-E2,0,335,13,23,3,2,1,0,2.50,2
S2-E2,1,0,0,0,5,5,1,0,2.50,2
S2-E2,1,1,0,1,3,3,0,0,2.50,2
S2-E2,1,2,0,2,2,2,0,0,2.50,2
S2-E2,1,3,0,3,7,5,0,2,2.50,2
S2-E2,1,4,0,4,8,7,1,2,3.21,2
S2-E2,1,5,0,5,2,4,0,0,2.50,2
S2-E2,1,6,0,6,9,6,0,3,2.50,2
S2-E2,1,7,0,7,22,16,4,5,8.44,2
S2-E2,1,8,0,8,46,41,3,7,3.35,7
S2-E2,1,9,0,9,80,56,12,19,10.89,7
S2-E2,1,10,0,10,83,55,30,17,13.95,7
S2-E2,1,11,0,11,85,79,6,17,8.96,7
S2-E2,1,12,0,12,79,72,11,13,7.71,7
S2-E2,1,13,0,13,79,56,9,27,6.79,7
S2-E2,1,14,0,14,77,61,25,18,17.25,7
S2-E2,1,15,0,15,75,70,10,13,7.43,7
S2-E2,1,16,0,16,60,61,6,6,5.53,7
S2-E2,1,17,0,17,45,44,6,1,3.41,7
S2-E2,1,18,0,18,35,35,0,1,4.07,7
S2-E2,1,19,0,19,33,31,0,3,2.82,7
S2-E2,1,20,0,20,13,11,3,2,16.14,2
S2-E2,1,21,0,21,7,5,2,2,4.50,2
S2-E2,1,22,0,22,9,9,0,2,2.50,2
S2-E2,1,23,0,23,11,9,2,2,9.17,2
S2-E2,1,24,1,0,11,10,1,2,8.00,2
S2-E2,1,25,1,1,11,8,1,4,3.75,2
S2-E2,1,26,1,2,14,13,2,3,9.81,2
S2-E2,1,27,1,3,6,7,2,0,9.64,2
S2-E2,1,28,1,4,5,4,0,1,2.50,2
S2-E2,1,29,1,5,13,11,2,1,8.86,2
S2-E2,1,30,1,6,15,11,4,1,6.59,2
S2-E2,1,31,1,7,20,9,5,7,19.72,2
S2-E2,1,32,1,8,45,48,3,1,5.10,7
S2-E2,1,33,1,9,68,44,12,13,11.82,7
S2-E2,1,34,1,10,64,47,14,16,14.73,7
S2-E2,1,35,1,11,70,60,12,14,10.33,7
S2-E2,1,36,1,12,51,45,8,12,12.83,7
S2-E2,1,37,1,13,65,51,9,17,11.13,7
S2-E2,1,38,1,14,69,55,12,19,12.59,7
S2-E2,1,39,1,15,72,48,17,26,14.06,7
S2-E2,1,40,1,16,55,53,14,14,15.42,7
S2-E2,1,41,1,17,43,44,5,8,9.55,7
S2-E2,1,42,1,18,35,40,1,2,4.12,7
S2-E2,1,43,1,19,22,24,0,0,2.92,7
S2-E2,1,44,1,20,17,10,3,4,7.50,2
S2-E2,1,45,1,21,14,15,1,2,8.17,2
S2-E2,1,46,1,22,16,12,3,3,11.25,2
S2-E2,1,47,1,23,12,8,3,4,11.25,2
S2-E2,1,48,2,0,6,10,0,0,8.00,2
S2-E2,1,49,2,1,9,8,0,1,5.00,2
S2-E2,1,50,2,2,10,10,0,1,3.00,2
S2-E2,1,51,2,3,7,7,0,1,2.50,2
S2-E2,1,52,2,4,8,9,0,0,5.83,2
S2-E2,1,53,2,5,5,5,0,0,2.50,2
S2-E2,1,54,2,6,8,5,0,3,2.50,2
S2-E2,1,55,2,7,24,6,10,11,10.83,2
S2-E2,1,56,2,8,24,33,1,1,7.35,7
S2-E2,1,57,2,9,55,45,3,8,2.94,7
S2-E2,1,58,2,10,46,43,4,7,6.57,7
S2-E2,1,59,2,11,52,45,6,8,5.28,7
S2-E2,1,60,2,12,45,48,2,3,7.29,7
S2-E2,1,61,2,13,49,43,3,6,3.55,7
S2-E2,1,62,2,14,62,50,8,10,7.70,7
S2-E2,1,63,2,15,49,40,6,13,8.75,7
S2-E2,1,64,2,16,56,49,6,14,8.32,7
S2-E2,1,65,2,17,34,40,5,3,5.50,7
S2-E2,1,66,2,18,25,25,1,2,2.50,7
S2-E2,1,67,2,19,30,31,0,1,2.50,7
S2-E2,1,68,2,20,9,8,2,0,6.25,2
S2-E2,1,69,2,21,6,5,1,0,3.50,2
S2-E2,1,70,2,22,8,5,1,2,2.50,2
S2-E2,1,71,2,23,14,10,1,5,5.00,2
S2-E2,1,72,3,0,9,10,4,0,10.00,2
S2-E2,1,73,3,1,5,5,0,0,2.50,2
S2-E2,1,74,3,2,4,4,0,0,2.50,2
S2-E2,1,75,3,3,4,2,0,2,2.50,2
S2-E2,1,76,3,4,2,3,0,1,2.50,2
S2-E2,1,77,3,5,5,6,0,0,2.50,2
S2-E2,1,78,3,6,9,9,0,0,2.50,2
S2-E2,1,79,3,7,13,10,2,1,3.50,2
S2-E2,1,80,3,8,24,22,2,1,2.50,7
S2-E2,1,81,3,9,59,44,3,13,6.14,7
S2-E2,1,82,3,10,46,48,7,4,6.98,7
S2-E2,1,83,3,11,55,38,6,15,5.13,7
S2-E2,1,84,3,12,44,47,6,6,6.76,7
S2-E2,1,85,3,13,54,50,4,6,6.90,7
S2-E2,1,86,3,14,51,39,9,9,9.29,7
S2-E2,1,87,3,15,40,35,6,8,11.93,7
S2-E2,1,88,3,16,42,36,6,8,7.22,7
S2-E2,1,89,3,17,40,37,5,6,4.39,7
S2-E2,1,90,3,18,23,26,1,2,4.04,7
S2-E2,1,91,3,19,18,17,0,3,2.50,7
S2-E2,1,92,3,20,16,11,3,5,12.95,2
S2-E2,1,93,3,21,5,6,4,0,5.00,2
S2-E2,1,94,3,22,8,7,0,1,2.50,2
S2-E2,1,95,3,23,7,5,2,1,2.50,2
S2-E2,1,96,4,0,5,6,0,0,3.33,2
S2-E2,1,97,4,1,0,0,0,0,0.00,2
S2-E2,1,98,4,2,1,1,0,0,2.50,2
S2-E2,1,99,4,3,3,3,0,0,2.50,2
S2-E2,1,100,4,4,4,4,0,0,3.75,2
S2-E2,1,101,4,5,4,4,0,0,2.50,2
S2-E2,1,102,4,6,7,6,0,1,2.50,2
S2-E2,1,103,4,7,9,10,0,0,3.50,2
S2-E2,1,104,4,8,19,17,1,1,2.50,7
S2-E2,1,105,4,9,53,44,2,8,2.73,7
S2-E2,1,106,4,10,56,47,6,11,8.03,7
S2-E2,1,107,4,11,51,49,4,9,11.48,7
S2-E2,1,108,4,12,45,44,4,6,9.55,7
S2-E2,1,109,4,13,43,42,2,5,5.00,7
S2-E2,1,110,4,14,54,48,4,7,6.25,7
S2-E2,1,111,4,15,30,31,4,2,4.60,7
S2-E2,1,112,4,16,42,32,2,10,3.75,7
S2-E2,1,113,4,17,36,40,0,6,7.25,7
S2-E2,1,114,4,18,26,28,2,2,4.64,7
S2-E2,1,115,4,19,14,16,0,0,2.50,7
S2-E2,1,116,4,20,10,8,1,1,3.12,2
S2-E2,1,117,4,21,4,5,0,0,2.50,2
S2-E2,1,118,4,22,6,5,1,0,2.50,2
S2-E2,1,119,4,23,2,2,0,0,2.50,2
S2-E2,1,120,5,0,3,2,0,1,2.50,2
S2-E2,1,121,5,1,3,4,0,0,2.50,2
S2-E2,1,122,5,2,2,2,0,0,2.50,2
S2-E2,1,123,5,3,2,2,0,0,2.50,2
S2-E2,1,124,5,4,6,5,1,0,2.50,2
S2-E2,1,125,5,5,3,2,0,1,2.50,2
S2-E2,1,126,5,6,5,4,1,1,2.50,2
S2-E2,1,127,5,7,7,7,0,1,2.50,2
S2-E2,1,128,5,8,25,23,2,1,5.54,4
S2-E2,1,129,5,9,32,25,3,5,3.70,4
S2-E2,1,130,5,10,39,22,9,13,15.23,4
S2-E2,1,131,5,11,45,27,15,16,20.65,4
S2-E2,1,132,5,12,46,35,13,14,15.64,4
S2-E2,1,133,5,13,56,36,18,16,17.08,4
S2-E2,1,134,5,14,33,28,11,10,18.39,4
S2-E2,1,135,5,15,48,30,15,13,15.83,4
S2-E2,1,136,5,16,29,27,9,6,12.50,4
S2-E2,1,137,5,17,25,23,4,4,5.11,4
S2-E2,1,138,5,18,21,20,0,5,4.00,4
S2-E2,1,139,5,19,15,18,1,1,7.50,4
S2-E2,1,140,5,20,8,8,1,0,2.50,2
S2-E2,1,141,5,21,5,4,0,1,2.50,2
S2-E2,1,142,5,22,5,5,0,1,3.50,2
S2-E2,1,143,5,23,4,3,0,2,2.50,2
S2-E2,1,144,6,0,2,4,0,0,2.50,2
S2-E2,1,145,6,1,2,1,1,0,2.50,2
S2-E2,1,146,6,2,1,1,0,0,2.50,2
S2-E2,1,147,6,3,3,3,0,0,2.50,2
S2-E2,1,148,6,4,0,0,0,0,0.00,2
S2-E2,1,149,6,5,2,2,0,0,2.50,2
S2-E2,1,150,6,6,6,6,0,0,3.33,2
S2-E2,1,151,6,7,9,8,0,1,3.75,2
S2-E2,1,152,6,8,17,17,1,0,2.50,4
S2-E2,1,153,6,9,19,17,0,2,3.09,4
S2-E2,1,154,6,10,27,25,3,1,5.10,4
S2-E2,1,155,6,11,25,23,2,1,3.15,4
S2-E2,1,156,6,12,15,14,0,2,2.86,4
S2-E2,1,157,6,13,30,26,1,5,5.58,4
S2-E2,1,158,6,14,21,25,0,1,5.90,4
S2-E2,1,159,6,15,24,21,2,2,4.40,4
S2-E2,1,160,6,16,18,17,0,3,3.38,4
S2-E2,1,161,6,17,16,15,0,4,3.50,4
S2-E2,1,162,6,18,5,8,0,1,5.00,4
S2-E2,1,163,6,19,14,15,0,0,2.50,4
S2-E2,1,164,6,20,12,4,3,5,6.25,2
S2-E2,1,165,6,21,7,9,2,1,9.72,2
S2-E2,1,166,6,22,4,5,0,0,2.50,2
S2-E2,1,167,6,23,1,1,0,0,2.50,2
S2-E2,1,168,7,0,9,6,0,3,3.33,2
S2-E2,1,169,7,1,3,5,1,0,5.50,2
S2-E2,1,170,7,2,2,2,0,0,2.50,2
S2-E2,1,171,7,3,2,2,0,0,2.50,2
S2-E2,1,172,7,4,1,1,0,0,2.50,2
S2-E2,1,173,7,5,2,2,0,0,2.50,2
S2-E2,1,174,7,6,1,1,0,0,2.50,2
S2-E2,1,175,7,7,14,8,0,6,5.00,2
S2-E2,1,176,7,8,22,26,0,2,3.08,7
S2-E2,1,177,7,9,41,36,3,4,3.33,7
S2-E2,1,178,7,10,42,38,2,6,2.89,7
S2-E2,1,179,7,11,51,41,6,10,4.94,7
S2-E2,1,180,7,12,43,43,6,4,9.48,7
S2-E2,1,181,7,13,42,42,1,3,4.88,7
S2-E2,1,182,7,14,33,32,2,2,6.09,7
S2-E2,1,183,7,15,31,30,1,2,2.50,7
S2-E2,1,184,7,16,31,30,0,3,3.17,7
S2-E2,1,185,7,17,29,30,0,2,2.50,7
S2-E2,1,186,7,18,26,25,0,3,2.70,7
S2-E2,1,187,7,19,14,15,0,2,2.83,7
S2-E2,1,188,7,20,8,8,1,1,6.25,2
S2-E2,1,189,7,21,6,7,0,0,2.50,2
S2-E2,1,190,7,22,6,5,0,1,2.50,2
S2-E2,1,191,7,23,6,5,1,1,2.50,2
S2-E2,1,192,8,0,5,5,1,0,2.50,2
S2-E2,1,193,8,1,0,0,0,0,0.00,2
S2-E2,1,194,8,2,2,2,0,0,2.50,2
S2-E2,1,195,8,3,3,3,0,0,2.50,2
S2-E2,1,196,8,4,0,0,0,0,0.00,2
S2-E2,1,197,8,5,1,1,0,0,2.50,2
S2-E2,1,198,8,6,2,1,0,1,2.50,2
S2-E2,1,199,8,7,9,7,2,1,2.50,2
S2-E2,1,200,8,8,31,27,1,4,2.50,7
S2-E2,1,201,8,9,50,38,4,12,6.71,7
S2-E2,1,202,8,10,51,51,5,7,5.25,7
S2-E2,1,203,8,11,62,50,7,12,8.20,7
S2-E2,1,204,8,12,43,36,8,11,10.42,7
S2-E2,1,205,8,13,49,48,5,7,6.35,7
S2-E2,1,206,8,14,52,39,6,14,5.83,7
S2-E2,1,207,8,15,49,44,4,15,10.00,7
S2-E2,1,208,8,16,42,41,10,6,9.82,7
S2-E2,1,209,8,17,36,38,2,2,5.92,7
S2-E2,1,210,8,18,25,26,1,0,2.50,7
S2-E2,1,211,8,19,17,16,0,1,2.81,7
S2-E2,1,212,8,20,11,10,1,1,3.00,2
S2-E2,1,213,8,21,6,6,1,0,3.33,2
S2-E2,1,214,8,22,5,5,0,0,2.50,2
S2-E2,1,215,8,23,8,7,0,1,3.21,2
S2-E2,1,216,9,0,2,3,0,0,2.50,2
S2-E2,1,217,9,1,6,6,0,0,3.33,2
S2-E2,1,218,9,2,4,4,0,0,2.50,2
S2-E2,1,219,9,3,3,1,1,1,2.50,2
S2-E2,1,220,9,4,5,5,0,1,2.50,2
S2-E2,1,221,9,5,3,2,0,2,2.50,2
S2-E2,1,222,9,6,4,6,0,0,5.00,2
S2-E2,1,223,9,7,13,11,0,2,2.50,2
S2-E2,1,224,9,8,24,24,1,1,2.71,7
S2-E2,1,225,9,9,46,38,3,6,3.16,7
S2-E2,1,226,9,10,45,38,3,10,10.26,7
S2-E2,1,227,9,11,56,51,7,8,7.60,7
S2-E2,1,228,9,12,36,37,3,4,3.45,7
S2-E2,1,229,9,13,42,35,4,7,5.93,7
S2-E2,1,230,9,14,49,41,7,8,8.11,7
S2-E2,1,231,9,15,30,34,2,2,3.82,7
S2-E2,1,232,9,16,46,44,2,2,6.25,7
S2-E2,1,233,9,17,22,22,0,2,2.73,7
S2-E2,1,234,9,18,20,20,0,2,2.50,7
S2-E2,1,235,9,19,12,11,2,1,2.50,7
S2-E2,1,236,9,20,10,11,0,0,2.50,2
S2-E2,1,237,9,21,7,7,0,0,2.50,2
S2-E2,1,238,9,22,7,5,0,2,2.50,2
S2-E2,1,239,9,23,7,6,0,3,2.50,2
S2-E2,1,240,10,0,4,7,0,0,3.21,2
S2-E2,1,241,10,1,2,2,0,0,2.50,2
S2-E2,1,242,10,2,2,2,0,0,2.50,2
S2-E2,1,243,10,3,1,1,0,0,2.50,2
S2-E2,1,244,10,4,2,1,1,0,2.50,2
S2-E2,1,245,10,5,2,2,0,0,2.50,2
S2-E2,1,246,10,6,4,4,0,0,2.50,2
S2-E2,1,247,10,7,12,9,1,2,8.06,2
S2-E2,1,248,10,8,31,33,0,0,4.32,7
S2-E2,1,249,10,9,39,35,1,3,2.93,7
S2-E2,1,250,10,10,47,43,3,4,5.06,7
S2-E2,1,251,10,11,42,33,5,8,4.32,7
S2-E2,1,252,10,12,40,38,1,9,4.87,7
S2-E2,1,253,10,13,49,47,5,6,4.95,7
S2-E2,1,254,10,14,41,44,0,3,2.84,7
S2-E2,1,255,10,15,48,40,1,10,4.38,7
S2-E2,1,256,10,16,28,35,2,1,4.36,7
S2-E2,1,257,10,17,28,27,1,1,2.69,7
S2-E2,1,258,10,18,22,22,1,0,3.41,7
S2-E2,1,259,10,19,15,15,0,0,2.50,7
S2-E2,1,260,10,20,4,3,0,1,5.83,2
S2-E2,1,261,10,21,9,9,1,0,3.06,2
S2-E2,1,262,10,22,5,3,0,2,2.50,2
S2-E2,1,263,10,23,3,3,1,1,2.50,2
S2-E2,1,264,11,0,5,6,0,0,2.50,2
S2-E2,1,265,11,1,4,3,0,1,2.50,2
S2-E2,1,266,11,2,2,3,0,0,2.50,2
S2-E2,1,267,11,3,4,4,0,0,2.50,2
S2-E2,1,268,11,4,3,2,0,1,2.50,2
S2-E2,1,269,11,5,2,2,0,1,2.50,2
S2-E2,1,270,11,6,4,4,0,1,2.50,2
S2-E2,1,271,11,7,23,12,6,6,15.83,2
S2-E2,1,272,11,8,42,42,3,3,4.88,7
S2-E2,1,273,11,9,61,50,7,7,6.60,7
S2-E2,1,274,11,10,65,44,6,22,6.70,7
S2-E2,1,275,11,11,73,63,18,14,14.80,7
S2-E2,1,276,11,12,69,62,9,12,11.69,7
S2-E2,1,277,11,13,71,53,11,19,9.58,7
S2-E2,1,278,11,14,73,58,13,21,13.79,7
S2-E2,1,279,11,15,62,50,19,14,14.60,7
S2-E2,1,280,11,16,54,42,11,15,12.38,7
S2-E2,1,281,11,17,50,51,8,6,7.89,7
S2-E2,1,282,11,18,33,36,0,3,3.75,7
S2-E2,1,283,11,19,19,18,1,3,2.50,7
S2-E2,1,284,11,20,19,18,3,1,9.72,2
S2-E2,1,285,11,21,11,9,3,0,9.72,2
S2-E2,1,286,11,22,13,10,2,1,7.00,2
S2-E2,1,287,11,23,11,11,0,1,3.86,2
S2-E2,1,288,12,0,6,7,0,0,3.21,2
S2-E2,1,289,12,1,7,5,2,0,3.50,2
S2-E2,1,290,12,2,8,6,0,2,4.17,2
S2-E2,1,291,12,3,7,9,0,0,9.17,2
S2-E2,1,292,12,4,5,5,0,0,2.50,2
S2-E2,1,293,12,5,4,3,1,0,2.50,2
S2-E2,1,294,12,6,11,10,1,0,3.00,2
S2-E2,1,295,12,7,10,6,1,3,2.50,2
S2-E2,1,296,12,8,37,30,3,7,8.00,4
S2-E2,1,297,12,9,39,28,10,8,11.25,4
S2-E2,1,298,12,10,38,25,6,15,13.30,4
S2-E2,1,299,12,11,40,28,12,15,20.00,4
S2-E2,1,300,12,12,45,27,21,12,15.28,4
S2-E2,1,301,12,13,36,28,12,8,13.04,4
S2-E2,1,302,12,14,50,26,13,19,16.15,4
S2-E2,1,303,12,15,53,36,19,17,18.19,4
S2-E2,1,304,12,16,43,34,15,11,18.82,4
S2-E2,1,305,12,17,37,28,12,8,18.39,4
S2-E2,1,306,12,18,30,28,3,7,6.96,4
S2-E2,1,307,12,19,17,22,2,0,8.41,4
S2-E2,1,308,12,20,14,11,2,1,3.41,2
S2-E2,1,309,12,21,16,13,0,4,4.04,2
S2-E2,1,310,12,22,10,11,1,2,5.23,2
S2-E2,1,311,12,23,7,8,0,1,5.62,2
S2-E2,1,312,13,0,8,8,0,1,2.50,2
S2-E2,1,313,13,1,4,5,0,0,2.50,2
S2-E2,1,314,13,2,8,6,1,1,3.33,2
S2-E2,1,315,13,3,2,3,0,0,2.50,2
S2-E2,1,316,13,4,2,2,0,0,2.50,2
S2-E2,1,317,13,5,5,5,0,0,3.50,2
S2-E2,1,318,13,6,1,0,0,1,0.00,2
S2-E2,1,319,13,7,11,12,0,0,5.00,2
S2-E2,1,320,13,8,14,13,0,1,3.27,4
S2-E2,1,321,13,9,24,20,2,3,3.75,4
S2-E2,1,322,13,10,29,23,1,8,4.24,4
S2-E2,1,323,13,11,21,26,3,0,7.69,4
S2-E2,1,324,13,12,23,19,2,2,3.82,4
S2-E2,1,325,13,13,21,22,1,0,5.91,4
S2-E2,1,326,13,14,29,18,5,6,10.28,4
S2-E2,1,327,13,15,27,22,9,2,11.36,4
S2-E2,1,328,13,16,19,18,1,2,3.89,4
S2-E2,1,329,13,17,20,19,2,1,3.29,4
S2-E2,1,330,13,18,16,17,0,0,2.50,4
S2-E2,1,331,13,19,8,6,0,2,2.50,4
S2-E2,1,332,13,20,8,8,2,0,6.88,2
S2-E2,1,333,13,21,2,2,0,0,2.50,2
S2-E2,1,334,13,22,1,1,0,0,2.50,2
S2-E2,1,335,13,23,2,2,0,0,2.50,2
S2-E2,2,0,0,0,2,2,0,1,2.50,2
S2-E2,2,1,0,1,1,2,0,0,2.50,2
S2-E2,2,2,0,2,2,2,0,0,2.50,2
S2-E2,2,3,0,3,2,2,0,0,2.50,2
S2-E2,2,4,0,4,4,3,1,0,2.50,2
S2-E2,2,5,0,5,3,3,0,0,2.50,2
S2-E2,2,6,0,6,5,4,0,1,2.50,2
S2-E2,2,7,0,7,8,8,0,1,3.12,2
S2-E2,2,8,0,8,20,20,0,1,2.50,7
S2-E2,2,9,0,9,41,37,2,3,3.18,7
S2-E2,2,10,0,10,52,42,1,12,8.21,7
S2-E2,2,11,0,11,46,47,2,9,6.33,7
S2-E2,2,12,0,12,37,39,6,1,9.29,7
S2-E2,2,13,0,13,56,46,4,7,4.67,7
S2-E2,2,14,0,14,47,42,5,7,4.40,7
S2-E2,2,15,0,15,36,36,2,5,4.17,7
S2-E2,2,16,0,16,40,36,2,7,3.33,7
S2-E2,2,17,0,17,25,31,0,1,3.15,7
S2-E2,2,18,0,18,22,22,0,1,2.73,7
S2-E2,2,19,0,19,15,15,0,1,2.50,7
S2-E2,2,20,0,20,8,6,0,3,5.00,2
S2-E2,2,21,0,21,4,7,0,0,4.64,2
S2-E2,2,22,0,22,6,5,0,1,2.50,2
S2-E2,2,23,0,23,3,3,0,1,2.50,2
S2-E2,2,24,1,0,1,2,0,0,2.50,2
S2-E2,2,25,1,1,0,0,0,0,0.00,2
S2-E2,2,26,1,2,1,1,0,0,2.50,2
S2-E2,2,27,1,3,1,1,0,0,2.50,2
S2-E2,2,28,1,4,7,7,0,0,2.50,2
S2-E2,2,29,1,5,5,5,0,0,2.50,2
S2-E2,2,30,1,6,5,4,0,1,5.00,2
S2-E2,2,31,1,7,13,10,0,4,4.00,2
S2-E2,2,32,1,8,30,32,2,0,2.81,7
S2-E2,2,33,1,9,42,34,3,5,3.38,7
S2-E2,2,34,1,10,65,51,2,17,8.28,7
S2-E2,2,35,1,11,39,47,5,4,9.95,7
S2-E2,2,36,1,12,42,40,1,5,3.38,7
S2-E2,2,37,1,13,54,35,5,19,6.36,7
S2-E2,2,38,1,14,45,48,7,9,10.62,7
S2-E2,2,39,1,15,49,48,3,7,6.04,7
S2-E2,2,40,1,16,50,41,6,10,8.72,7
S2-E2,2,41,1,17,40,40,2,8,4.38,7
S2-E2,2,42,1,18,23,29,1,1,4.57,7
S2-E2,2,43,1,19,28,25,0,4,2.50,7
S2-E2,2,44,1,20,14,9,4,5,13.06,2
S2-E2,2,45,1,21,10,11,2,2,9.77,2
S2-E2,2,46,1,22,11,9,3,1,14.17,2
S2-E2,2,47,1,23,5,5,0,1,4.50,2
S2-E2,2,48,2,0,8,6,0,3,2.50,2
S2-E2,2,49,2,1,8,11,0,0,3.86,2
S2-E2,2,50,2,2,1,1,0,0,2.50,2
S2-E2,2,51,2,3,1,1,0,0,2.50,2
S2-E2,2,52,2,4,2,2,0,0,2.50,2
S2-E2,2,53,2,5,5,5,0,0,2.50,2
S2-E2,2,54,2,6,7,4,1,2,2.50,2
S2-E2,2,55,2,7,16,11,3,4,12.50,2
S2-E2,2,56,2,8,33,34,1,2,5.74,7
S2-E2,2,57,2,9,49,43,1,7,3.78,7
S2-E2,2,58,2,10,46,39,5,9,5.06,7
S2-E2,2,59,2,11,53,52,6,4,8.37,7
S2-E2,2,60,2,12,32,32,1,3,2.81,7
S2-E2,2,61,2,13,30,30,1,2,2.83,7
S2-E2,2,62,2,14,34,34,0,2,3.09,7
S2-E2,2,63,2,15,50,43,5,4,6.34,7
S2-E2,2,64,2,16,29,29,1,3,3.19,7
S2-E2,2,65,2,17,33,32,2,2,2.97,7
S2-E2,2,66,2,18,18,18,1,1,2.50,7
S2-E2,2,67,2,19,13,12,0,2,2.50,7
S2-E2,2,68,2,20,15,14,1,2,3.93,2
S2-E2,2,69,2,21,11,9,3,1,14.72,2
S2-E2,2,70,2,22,7,7,1,0,4.64,2
S2-E2,2,71,2,23,12,10,0,2,2.50,2
S2-E2,2,72,3,0,4,6,0,0,2.50,2
S2-E2,2,73,3,1,2,2,0,0,2.50,2
S2-E2,2,74,3,2,7,6,1,0,2.50,2
S2-E2,2,75,3,3,2,2,0,0,2.50,2
S2-E2,2,76,3,4,1,1,0,0,2.50,2
S2-E2,2,77,3,5,1,1,0,0,2.50,2
S2-E2,2,78,3,6,4,4,0,0,5.00,2
S2-E2,2,79,3,7,8,7,1,0,2.50,2
S2-E2,2,80,3,8,26,22,0,4,2.50,7
S2-E2,2,81,3,9,44,38,2,8,6.58,7
S2-E2,2,82,3,10,42,46,1,3,7.17,7
S2-E2,2,83,3,11,39,34,2,6,5.00,7
S2-E2,2,84,3,12,41,38,3,6,3.55,7
S2-E2,2,85,3,13,42,34,4,10,5.15,7
S2-E2,2,86,3,14,42,41,7,4,5.18,7
S2-E2,2,87,3,15,47,42,2,7,3.45,7
S2-E2,2,88,3,16,34,39,1,1,3.14,7
S2-E2,2,89,3,17,31,27,2,3,2.50,7
S2-E2,2,90,3,18,19,22,0,0,2.50,7
S2-E2,2,91,3,19,15,12,0,3,2.50,7
S2-E2,2,92,3,20,6,8,1,0,10.62,2
S2-E2,2,93,3,21,5,5,0,0,3.50,2
S2-E2,2,94,3,22,7,6,1,0,3.33,2
S2-E2,2,95,3,23,2,2,0,0,2.50,2
S2-E2,2,96,4,0,5,5,0,0,2.50,2
S2-E2,2,97,4,1,2,2,0,0,2.50,2
S2-E2,2,98,4,2,7,7,0,0,3.21,2
S2-E2,2,99,4,3,4,3,1,0,2.50,2
S2-E2,2,100,4,4,6,6,0,0,3.33,2
S2-E2,2,101,4,5,4,4,0,0,2.50,2
S2-E2,2,102,4,6,8,8,0,0,2.50,2
S2-E2,2,103,4,7,17,13,2,2,12.50,2
S2-E2,2,104,4,8,57,42,4,13,5.60,7
S2-E2,2,105,4,9,56,51,6,12,13.19,7
S2-E2,2,106,4,10,65,53,10,14,10.90,7
S2-E2,2,107,4,11,73,54,13,20,12.87,7
S2-E2,2,108,4,12,67,56,17,14,11.34,7
S2-E2,2,109,4,13,71,54,11,20,10.28,7
S2-E2,2,110,4,14,58,51,13,14,15.25,7
S2-E2,2,111,4,15,69,54,5,24,12.13,7
S2-E2,2,112,4,16,52,48,17,11,10.94,7
S2-E2,2,113,4,17,30,38,1,2,5.66,7
S2-E2,2,114,4,18,40,35,1,6,4.79,7
S2-E2,2,115,4,19,16,21,0,1,3.21,7
S2-E2,2,116,4,20,17,11,2,5,5.68,2
S2-E2,2,117,4,21,13,11,6,1,22.05,2
S2-E2,2,118,4,22,11,8,2,2,2.50,2
S2-E2,2,119,4,23,6,8,0,0,3.75,2
S2-E2,2,120,5,0,2,1,0,1,2.50,2
S2-E2,2,121,5,1,7,8,0,0,3.75,2
S2-E2,2,122,5,2,3,3,0,0,2.50,2
S2-E2,2,123,5,3,8,6,1,1,2.50,2
S2-E2,2,124,5,4,7,6,2,0,3.33,2
S2-E2,2,125,5,5,9,6,0,3,6.67,2
S2-E2,2,126,5,6,13,13,1,2,3.65,2
S2-E2,2,127,5,7,14,11,3,2,6.14,2
S2-E2,2,128,5,8,17,16,3,0,2.81,4
S2-E2,2,129,5,9,45,26,6,13,8.85,4
S2-E2,2,130,5,10,38,28,15,8,22.32,4
S2-E2,2,131,5,11,42,33,8,9,11.89,4
S2-E2,2,132,5,12,28,25,11,1,10.50,4
S2-E2,2,133,5,13,44,30,2,13,6.33,4
S2-E2,2,134,5,14,44,29,16,12,11.64,4
S2-E2,2,135,5,15,30,27,9,6,15.09,4
S2-E2,2,136,5,16,35,21,10,10,11.31,4
S2-E2,2,137,5,17,26,26,4,6,9.62,4
S2-E2,2,138,5,18,27,24,2,7,8.96,4
S2-E2,2,139,5,19,13,18,1,1,5.00,4
S2-E2,2,140,5,20,9,8,1,1,5.62,2
S2-E2,2,141,5,21,11,12,0,0,4.17,2
S2-E2,2,142,5,22,8,7,1,0,2.50,2
S2-E2,2,143,5,23,11,8,0,3,5.00,2
S2-E2,2,144,6,0,4,7,0,0,6.07,2
S2-E2,2,145,6,1,1,1,0,0,2.50,2
S2-E2,2,146,6,2,5,5,0,0,3.50,2
S2-E2,2,147,6,3,3,1,0,2,2.50,2
S2-E2,2,148,6,4,3,3,1,1,4.17,2
S2-E2,2,149,6,5,1,1,0,1,2.50,2
S2-E2,2,150,6,6,6,7,0,0,2.50,2
S2-E2,2,151,6,7,12,12,0,0,7.08,2
S2-E2,2,152,6,8,20,17,1,2,3.09,4
S2-E2,2,153,6,9,34,30,2,4,4.33,4
S2-E2,2,154,6,10,43,28,7,12,10.89,4
S2-E2,2,155,6,11,40,26,21,5,19.62,4
S2-E2,2,156,6,12,40,30,7,8,14.50,4
S2-E2,2,157,6,13,48,28,10,18,12.32,4
S2-E2,2,158,6,14,43,34,22,5,17.50,4
S2-E2,2,159,6,15,43,25,10,13,15.10,4
S2-E2,2,160,6,16,30,30,10,3,11.83,4
S2-E2,2,161,6,17,26,22,3,4,9.09,4
S2-E2,2,162,6,18,15,19,0,0,3.03,4
S2-E2,2,163,6,19,9,7,0,2,2.50,4
S2-E2,2,164,6,20,12,10,1,3,13.50,2
S2-E2,2,165,6,21,8,10,1,0,7.00,2
S2-E2,2,166,6,22,3,3,0,0,2.50,2
S2-E2,2,167,6,23,9,6,1,2,5.00,2
S2-E2,2,168,7,0,4,6,0,0,2.50,2
S2-E2,2,169,7,1,6,6,0,0,2.50,2
S2-E2,2,170,7,2,2,2,0,0,2.50,2
S2-E2,2,171,7,3,5,4,1,0,2.50,2
S2-E2,2,172,7,4,3,3,0,0,2.50,2
S2-E2,2,173,7,5,3,3,0,0,4.17,2
S2-E2,2,174,7,6,6,4,1,1,2.50,2
S2-E2,2,175,7,7,9,8,0,2,2.50,2
S2-E2,2,176,7,8,21,22,0,1,2.50,7
S2-E2,2,177,7,9,45,37,1,8,2.91,7
S2-E2,2,178,7,10,41,41,3,5,4.94,7
S2-E2,2,179,7,11,51,40,3,13,7.38,7
S2-E2,2,180,7,12,37,41,6,3,10.67,7
S2-E2,2,181,7,13,41,38,0,6,2.76,7
S2-E2,2,182,7,14,47,44,4,5,4.55,7
S2-E2,2,183,7,15,38,36,2,5,2.64,7
S2-E2,2,184,7,16,29,33,1,0,3.26,7
S2-E2,2,185,7,17,26,25,0,1,2.90,7
S2-E2,2,186,7,18,13,11,0,3,2.50,7
S2-E2,2,187,7,19,20,22,0,1,2.50,7
S2-E2,2,188,7,20,12,12,0,1,2.92,2
S2-E2,2,189,7,21,11,10,0,2,2.50,2
S2-E2,2,190,7,22,3,3,1,1,7.50,2
S2-E2,2,191,7,23,8,8,1,0,2.50,2
S2-E2,2,192,8,0,5,4,0,1,2.50,2
S2-E2,2,193,8,1,4,4,0,1,2.50,2
S2-E2,2,194,8,2,2,3,0,0,2.50,2
S2-E2,2,195,8,3,5,3,0,2,2.50,2
S2-E2,2,196,8,4,8,10,0,0,5.00,2
S2-E2,2,197,8,5,2,1,0,1,2.50,2
S2-E2,2,198,8,6,2,3,0,0,2.50,2
S2-E2,2,199,8,7,14,11,2,1,8.41,2
S2-E2,2,200,8,8,28,26,2,1,2.50,7
S2-E2,2,201,8,9,48,39,4,6,4.29,7
S2-E2,2,202,8,10,50,45,5,6,5.39,7
S2-E2,2,203,8,11,60,49,9,8,7.81,7
S2-E2,2,204,8,12,58,50,6,10,10.10,7
S2-E2,2,205,8,13,60,48,13,9,11.35,7
S2-E2,2,206,8,14,63,52,12,8,9.42,7
S2-E2,2,207,8,15,48,40,4,12,4.75,7
S2-E2,2,208,8,16,43,42,5,8,11.43,7
S2-E2,2,209,8,17,35,37,2,4,7.23,7
S2-E2,2,210,8,18,17,19,1,1,2.76,7
S2-E2,2,211,8,19,20,19,2,0,2.50,7
S2-E2,2,212,8,20,11,10,1,0,6.00,2
S2-E2,2,213,8,21,7,5,0,2,3.50,2
S2-E2,2,214,8,22,7,9,0,0,3.06,2
S2-E2,2,215,8,23,4,4,0,0,2.50,2
S2-E2,2,216,9,0,4,4,0,0,2.50,2
S2-E2,2,217,9,1,3,3,0,0,2.50,2
S2-E2,2,218,9,2,2,2,0,0,2.50,2
S2-E2,2,219,9,3,7,6,1,0,3.33,2
S2-E2,2,220,9,4,5,5,0,0,2.50,2
S2-E2,2,221,9,5,1,1,0,0,2.50,2
S2-E2,2,222,9,6,3,2,1,0,2.50,2
S2-E2,2,223,9,7,21,15,5,1,6.83,2
S2-E2,2,224,9,8,45,35,1,10,5.21,7
S2-E2,2,225,9,9,62,42,10,20,10.36,7
S2-E2,2,226,9,10,74,44,26,24,17.84,7
S2-E2,2,227,9,11,72,78,12,6,9.17,7
S2-E2,2,228,9,12,54,54,1,5,2.96,7
S2-E2,2,229,9,13,61,49,3,14,4.34,7
S2-E2,2,230,9,14,69,50,17,16,15.50,7
S2-E2,2,231,9,15,58,51,14,9,10.54,7
S2-E2,2,232,9,16,65,54,4,16,10.19,7
S2-E2,2,233,9,17,41,44,5,8,12.27,7
S2-E2,2,234,9,18,37,36,6,3,3.33,7
S2-E2,2,235,9,19,18,16,2,3,2.50,7
S2-E2,2,236,9,20,19,18,3,1,10.83,2
S2-E2,2,237,9,21,14,10,0,5,4.00,2
S2-E2,2,238,9,22,7,9,3,0,15.83,2
S2-E2,2,239,9,23,13,12,1,0,7.92,2
S2-E2,2,240,10,0,5,4,1,0,2.50,2
S2-E2,2,241,10,1,3,1,1,1,2.50,2
S2-E2,2,242,10,2,6,6,0,1,2.50,2
S2-E2,2,243,10,3,9,8,0,2,3.75,2
S2-E2,2,244,10,4,6,7,1,0,8.21,2
S2-E2,2,245,10,5,5,5,0,0,2.50,2
S2-E2,2,246,10,6,7,5,0,2,3.50,2
S2-E2,2,247,10,7,9,8,2,1,4.38,2
S2-E2,2,248,10,8,32,29,1,3,2.50,7
S2-E2,2,249,10,9,30,28,1,4,2.50,7
S2-E2,2,250,10,10,59,48,6,9,4.69,7
S2-E2,2,251,10,11,58,51,6,10,8.48,7
S2-E2,2,252,10,12,52,43,8,11,8.20,7
S2-E2,2,253,10,13,56,47,10,10,10.59,7
S2-E2,2,254,10,14,65,51,8,16,7.70,7
S2-E2,2,255,10,15,39,45,3,7,7.17,7
S2-E2,2,256,10,16,43,41,3,6,4.21,7
S2-E2,2,257,10,17,30,35,0,1,2.64,7
S2-E2,2,258,10,18,29,23,2,5,2.50,7
S2-E2,2,259,10,19,21,24,1,1,2.50,7
S2-E2,2,260,10,20,11,11,0,1,3.86,2
S2-E2,2,261,10,21,10,8,2,1,3.12,2
S2-E2,2,262,10,22,7,7,1,0,3.21,2
S2-E2,2,263,10,23,10,9,0,1,4.17,2
S2-E2,2,264,11,0,4,4,1,0,3.75,2
S2-E2,2,265,11,1,8,7,1,0,2.50,2
S2-E2,2,266,11,2,9,9,0,0,3.61,2
S2-E2,2,267,11,3,5,4,0,1,2.50,2
S2-E2,2,268,11,4,2,3,0,0,2.50,2
S2-E2,2,269,11,5,5,5,0,0,2.50,2
S2-E2,2,270,11,6,7,6,0,1,3.33,2
S2-E2,2,271,11,7,16,11,2,4,4.32,2
S2-E2,2,272,11,8,34,31,2,5,4.27,7
S2-E2,2,273,11,9,67,57,4,11,4.61,7
S2-E2,2,274,11,10,52,51,7,5,6.03,7
S2-E2,2,275,11,11,54,45,5,9,9.72,7
S2-E2,2,276,11,12,67,43,11,22,14.59,7
S2-E2,2,277,11,13,65,59,18,10,14.19,7
S2-E2,2,278,11,14,70,53,11,16,12.50,7
S2-E2,2,279,11,15,55,54,8,9,8.80,7
S2-E2,2,280,11,16,47,47,2,7,6.12,7
S2-E2,2,281,11,17,40,40,4,3,4.50,7
S2-E2,2,282,11,18,27,27,2,1,3.06,7
S2-E2,2,283,11,19,17,18,0,0,2.50,7
S2-E2,2,284,11,20,11,8,2,1,4.38,2
S2-E2,2,285,11,21,10,8,0,3,4.38,2
S2-E2,2,286,11,22,5,6,2,0,10.83,2
S2-E2,2,287,11,23,7,7,0,0,2.50,2
S2-E2,2,288,12,0,4,4,0,0,2.50,2
S2-E2,2,289,12,1,5,5,0,0,2.50,2
S2-E2,2,290,12,2,3,3,0,0,2.50,2
S2-E2,2,291,12,3,1,0,0,1,0.00,2
S2-E2,2,292,12,4,7,8,0,0,3.12,2
S2-E2,2,293,12,5,5,2,2,1,2.50,2
S2-E2,2,294,12,6,3,2,1,1,2.50,2
S2-E2,2,295,12,7,11,11,0,1,6.14,2
S2-E2,2,296,12,8,18,17,0,2,3.68,4
S2-E2,2,297,12,9,25,25,2,0,4.90,4
S2-E2,2,298,12,10,39,22,3,14,5.91,4
S2-E2,2,299,12,11,22,26,8,2,12.50,4
S2-E2,2,300,12,12,28,19,2,9,9.34,4
S2-E2,2,301,12,13,24,22,4,7,12.27,4
S2-E2,2,302,12,14,76,32,19,32,14.38,4
S2-E2,2,303,12,15,57,51,26,12,18.09,4
S2-E2,2,304,12,16,46,44,4,10,7.95,4
S2-E2,2,305,12,17,35,31,3,11,7.98,4
S2-E2,2,306,12,18,24,25,3,7,10.70,4
S2-E2,2,307,12,19,19,22,1,3,6.59,4
S2-E2,2,308,12,20,14,13,2,2,9.42,2
S2-E2,2,309,12,21,15,10,3,4,9.00,2
S2-E2,2,310,12,22,8,8,4,0,14.38,2
S2-E2,2,311,12,23,9,9,0,0,8.06,2
S2-E2,2,312,13,0,3,3,0,0,2.50,2
S2-E2,2,313,13,1,2,2,0,0,2.50,2
S2-E2,2,314,13,2,2,1,0,1,2.50,2
S2-E2,2,315,13,3,0,1,0,0,2.50,2
S2-E2,2,316,13,4,3,2,0,1,2.50,2
S2-E2,2,317,13,5,5,6,0,0,2.50,2
S2-E2,2,318,13,6,6,6,0,0,2.50,2
S2-E2,2,319,13,7,11,8,2,1,6.25,2
S2-E2,2,320,13,8,17,17,1,0,2.79,4
S2-E2,2,321,13,9,25,19,0,6,3.82,4
S2-E2,2,322,13,10,24,25,4,1,9.70,4
S2-E2,2,323,13,11,22,18,2,3,2.50,4
S2-E2,2,324,13,12,29,28,0,4,6.43,4
S2-E2,2,325,13,13,28,21,4,7,10.83,4
S2-E2,2,326,13,14,20,22,2,3,6.14,4
S2-E2,2,327,13,15,30,23,6,4,6.85,4
S2-E2,2,328,13,16,25,21,4,4,3.21,4
S2-E2,2,329,13,17,19,21,1,1,3.45,4
S2-E2,2,330,13,18,8,8,1,0,2.50,4
S2-E2,2,331,13,19,10,9,1,0,2.50,4
S2-E2,2,332,13,20,4,3,1,0,2.50,2
S2-E2,2,333,13,21,8,7,1,0,2.50,2
S2-E2,2,334,13,22,3,2,0,1,2.50,2
S2-E2,2,335,13,23,2,2,1,0,2.50,2
S2-E3,0,0,0,0,3,3,0,0,2.50,2
S2-E3,0,1,0,1,5,2,0,3,2.50,2
S2-E3,0,2,0,2,3,5,1,0,3.50,2
S2-E3,0,3,0,3,1,1,0,0,2.50,2
S2-E3,0,4,0,4,1,1,0,0,2.50,2
S2-E3,0,5,0,5,5,4,1,0,2.50,2
S2-E3,0,6,0,6,2,2,0,0,2.50,2
S2-E3,0,7,0,7,15,11,0,4,3.41,2
S2-E3,0,8,0,8,30,26,3,5,3.27,7
S2-E3,0,9,0,9,51,41,3,12,2.87,7
S2-E3,0,10,0,10,71,58,10,15,11.12,7
S2-E3,0,11,0,11,72,48,19,20,15.62,7
S2-E3,0,12,0,12,71,57,12,22,12.76,7
S2-E3,0,13,0,13,71,61,18,14,14.80,7
S2-E3,0,14,0,14,77,55,12,24,13.50,7
S2-E3,0,15,0,15,70,51,22,21,18.38,7
S2-E3,0,16,0,16,64,56,10,19,13.04,7
S2-E3,0,17,0,17,40,44,11,4,8.86,7
S2-E3,0,18,0,18,27,28,1,2,3.39,7
S2-E3,0,19,0,19,25,26,0,1,2.50,7
S2-E3,0,20,0,20,23,10,8,6,18.50,2
S2-E3,0,21,0,21,12,10,4,4,28.00,2
S2-E3,0,22,0,22,11,10,3,2,13.00,2
S2-E3,0,23,0,23,5,7,0,0,5.36,2
S2-E3,0,24,1,0,8,8,0,0,2.50,2
S2-E3,0,25,1,1,8,7,1,0,3.21,2
S2-E3,0,26,1,2,4,4,0,0,2.50,2
S2-E3,0,27,1,3,2,2,0,0,2.50,2
S2-E3,0,28,1,4,5,4,1,0,3.75,2
S2-E3,0,29,1,5,7,6,0,1,2.50,2
S2-E3,0,30,1,6,6,7,0,0,3.93,2
S2-E3,0,31,1,7,19,13,2,4,7.50,2
S2-E3,0,32,1,8,41,32,4,9,7.81,6
S2-E3,0,33,1,9,37,37,4,5,6.01,6
S2-E3,0,34,1,10,54,34,12,13,11.03,6
S2-E3,0,35,1,11,63,53,10,13,12.12,6
S2-E3,0,36,1,12,49,46,4,12,9.13,6
S2-E3,0,37,1,13,40,41,8,3,7.01,6
S2-E3,0,38,1,14,41,32,1,11,4.06,6
S2-E3,0,39,1,15,56,42,11,14,11.07,6
S2-E3,0,40,1,16,38,39,4,9,9.68,6
S2-E3,0,41,1,17,36,37,3,5,8.04,6
S2-E3,0,42,1,18,25,28,1,1,3.75,6
S2-E3,0,43,1,19,23,22,1,1,2.50,6
S2-E3,0,44,1,20,20,9,4,8,8.06,2
S2-E3,0,45,1,21,18,16,5,5,13.75,2
S2-E3,0,46,1,22,11,11,2,3,14.77,2
S2-E3,0,47,1,23,7,9,0,1,5.28,2
S2-E3,0,48,2,0,7,8,0,0,3.12,2
S2-E3,0,49,2,1,7,5,2,0,2.50,2
S2-E3,0,50,2,2,12,9,0,3,5.28,2
S2-E3,0,51,2,3,8,10,1,0,8.50,2
S2-E3,0,52,2,4,10,7,2,1,8.93,2
S2-E3,0,53,2,5,5,6,0,0,2.50,2
S2-E3,0,54,2,6,13,9,3,1,8.06,2
S2-E3,0,55,2,7,17,9,3,6,6.39,2
S2-E3,0,56,2,8,49,39,1,15,4.68,6
S2-E3,0,57,2,9,51,42,11,13,10.83,6
S2-E3,0,58,2,10,73,45,16,25,15.06,6
S2-E3,0,59,2,11,70,45,23,27,18.94,6
S2-E3,0,60,2,12,58,46,22,17,16.74,6
S2-E3,0,61,2,13,59,44,14,18,13.30,6
S2-E3,0,62,2,14,82,49,26,25,14.54,6
S2-E3,0,63,2,15,64,56,16,17,14.38,6
S2-E3,0,64,2,16,54,47,16,8,13.67,6
S2-E3,0,65,2,17,51,39,7,13,11.73,6
S2-E3,0,66,2,18,52,43,8,14,12.15,6
S2-E3,0,67,2,19,15,24,3,2,8.54,6
S2-E3,0,68,2,20,24,12,7,7,14.58,2
S2-E3,0,69,2,21,11,11,6,1,19.77,2
S2-E3,0,70,2,22,17,10,5,3,7.00,2
S2-E3,0,71,2,23,15,14,1,3,4.64,2
S2-E3,0,72,3,0,11,13,1,0,8.27,2
S2-E3,0,73,3,1,6,6,0,0,2.50,2
S2-E3,0,74,3,2,7,6,1,0,7.50,2
S2-E3,0,75,3,3,4,4,0,0,2.50,2
S2-E3,0,76,3,4,6,5,0,1,2.50,2
S2-E3,0,77,3,5,8,9,0,0,4.17,2
S2-E3,0,78,3,6,13,10,2,1,9.50,2
S2-E3,0,79,3,7,18,12,4,3,11.25,2
S2-E3,0,80,3,8,41,37,4,3,3.72,6
S2-E3,0,81,3,9,59,40,10,12,9.62,6
S2-E3,0,82,3,10,81,43,23,27,17.03,6
S2-E3,0,83,3,11,87,73,25,16,11.88,6
S2-E3,0,84,3,12,77,64,17,12,8.44,6
S2-E3,0,85,3,13,57,51,7,11,7.30,6
S2-E3,0,86,3,14,84,64,11,20,8.28,6
S2-E3,0,87,3,15,69,66,6,17,8.48,6
S2-E3,0,88,3,16,52,44,8,17,8.64,6
S2-E3,0,89,3,17,51,38,12,18,14.74,6
S2-E3,0,90,3,18,49,39,11,17,15.45,6
S2-E3,0,91,3,19,29,33,8,5,11.29,6
S2-E3,0,92,3,20,20,8,9,8,15.62,2
S2-E3,0,93,3,21,19,10,12,5,21.50,2
S2-E3,0,94,3,22,16,11,3,7,14.77,2
S2-E3,0,95,3,23,12,14,4,1,12.14,2
S2-E3,0,96,4,0,12,10,1,2,2.50,2
S2-E3,0,97,4,1,12,11,1,2,4.32,2
S2-E3,0,98,4,2,6,7,1,0,5.36,2
S2-E3,0,99,4,3,10,7,0,3,2.50,2
S2-E3,0,100,4,4,7,8,2,0,2.50,2
S2-E3,0,101,4,5,9,8,0,1,2.50,2
S2-E3,0,102,4,6,7,6,0,2,4.17,2
S2-E3,0,103,4,7,19,12,3,6,7.08,2
S2-E3,0,104,4,8,45,39,2,10,8.27,6
S2-E3,0,105,4,9,72,47,10,25,11.12,6
S2-E3,0,106,4,10,70,44,26,25,18.18,6
S2-E3,0,107,4,11,94,50,25,44,18.80,6
S2-E3,0,108,4,12,79,75,25,23,20.23,6
S2-E3,0,109,4,13,78,77,12,12,12.24,6
S2-E3,0,110,4,14,79,67,11,13,8.69,6
S2-E3,0,111,4,15,68,55,7,19,9.59,6
S2-E3,0,112,4,16,53,40,19,13,16.62,6
S2-E3,0,113,4,17,53,46,10,10,10.76,6
S2-E3,0,114,4,18,48,39,9,10,10.71,6
S2-E3,0,115,4,19,23,30,0,3,9.33,6
S2-E3,0,116,4,20,30,9,9,15,22.50,2
S2-E3,0,117,4,21,17,14,11,7,28.21,2
S2-E3,0,118,4,22,13,9,9,2,14.17,2
S2-E3,0,119,4,23,12,10,2,2,3.00,2
S2-E3,0,120,5,0,13,8,3,4,7.50,2
S2-E3,0,121,5,1,10,12,0,2,13.75,2
S2-E3,0,122,5,2,12,11,2,1,7.95,2
S2-E3,0,123,5,3,6,7,0,0,3.93,2
S2-E3,0,124,5,4,8,6,0,2,3.33,2
S2-E3,0,125,5,5,7,8,0,1,6.88,2
S2-E3,0,126,5,6,12,10,0,3,3.00,2
S2-E3,0,127,5,7,18,14,6,1,8.93,2
S2-E3,0,128,5,8,28,17,4,8,9.85,3
S2-E3,0,129,5,9,31,25,6,8,12.10,3
S2-E3,0,130,5,10,38,23,14,9,21.63,3
S2-E3,0,131,5,11,42,17,16,18,22.21,3
S2-E3,0,132,5,12,52,26,18,26,24.81,3
S2-E3,0,133,5,13,41,22,27,18,26.82,3
S2-E3,0,134,5,14,42,26,17,17,22.88,3
S2-E3,0,135,5,15,35,22,20,10,17.50,3
S2-E3,0,136,5,16,45,19,18,18,24.08,3
S2-E3,0,137,5,17,33,24,16,11,20.62,3
S2-E3,0,138,5,18,27,21,7,10,20.60,3
S2-E3,0,139,5,19,21,18,8,5,14.72,3
S2-E3,0,140,5,20,19,6,10,8,15.00,2
S2-E3,0,141,5,21,17,12,8,5,17.50,2
S2-E3,0,142,5,22,18,17,1,5,7.50,2
S2-E3,0,143,5,23,8,9,3,1,6.94,2
S2-E3,0,144,6,0,6,5,1,1,2.50,2
S2-E3,0,145,6,1,8,8,0,1,3.75,2
S2-E3,0,146,6,2,6,5,2,0,13.50,2
S2-E3,0,147,6,3,4,3,0,1,2.50,2
S2-E3,0,148,6,4,2,3,0,0,2.50,2
S2-E3,0,149,6,5,8,6,0,2,3.33,2
S2-E3,0,150,6,6,3,4,0,1,8.75,2
S2-E3,0,151,6,7,19,11,5,4,9.32,2
S2-E3,0,152,6,8,25,19,6,4,12.76,3
S2-E3,0,153,6,9,37,24,11,6,17.71,3
S2-E3,0,154,6,10,52,16,10,32,24.38,3
S2-E3,0,155,6,11,40,43,24,5,20.17,3
S2-E3,0,156,6,12,44,37,5,7,9.26,3
S2-E3,0,157,6,13,45,25,13,14,12.10,3
S2-E3,0,158,6,14,46,21,24,15,26.55,3
S2-E3,0,159,6,15,45,24,20,16,20.21,3
S2-E3,0,160,6,16,46,20,23,19,27.00,3
S2-E3,0,161,6,17,33,21,18,13,25.83,3
S2-E3,0,162,6,18,39,30,13,9,18.83,3
S2-E3,0,163,6,19,29,20,9,9,15.50,3
S2-E3,0,164,6,20,16,11,8,6,20.23,2
S2-E3,0,165,6,21,18,13,9,2,14.42,2
S2-E3,0,166,6,22,9,9,2,0,3.06,2
S2-E3,0,167,6,23,8,6,1,1,2.50,2
S2-E3,0,168,7,0,7,8,0,0,2.50,2
S2-E3,0,169,7,1,5,4,0,1,2.50,2
S2-E3,0,170,7,2,5,5,1,0,2.50,2
S2-E3,0,171,7,3,4,4,0,0,2.50,2
S2-E3,0,172,7,4,4,4,0,0,2.50,2
S2-E3,0,173,7,5,7,5,2,0,2.50,2
S2-E3,0,174,7,6,6,5,0,1,3.50,2
S2-E3,0,175,7,7,10,7,3,1,7.50,2
S2-E3,0,176,7,8,39,34,1,5,4.56,6
S2-E3,0,177,7,9,35,37,2,1,4.39,6
S2-E3,0,178,7,10,48,38,4,7,4.21,6
S2-E3,0,179,7,11,51,43,3,12,5.17,6
S2-E3,0,180,7,12,38,41,5,4,8.23,6
S2-E3,0,181,7,13,53,35,10,12,9.50,6
S2-E3,0,182,7,14,42,40,6,8,5.50,6
S2-E3,0,183,7,15,56,39,10,15,10.06,6
S2-E3,0,184,7,16,38,43,2,8,9.71,6
S2-E3,0,185,7,17,32,34,3,3,10.74,6
S2-E3,0,186,7,18,16,16,2,1,2.50,6
S2-E3,0,187,7,19,3,3,0,1,2.50,6
S2-E3,0,188,7,20,14,13,0,2,3.65,2
S2-E3,0,189,7,21,12,10,0,4,5.50,2
S2-E3,0,190,7,22,3,6,1,0,8.33,2
S2-E3,0,191,7,23,5,5,0,0,2.50,2
S2-E3,0,192,8,0,9,7,2,0,4.64,2
S2-E3,0,193,8,1,11,10,0,1,5.00,2
S2-E3,0,194,8,2,9,9,0,1,3.61,2
S2-E3,0,195,8,3,2,2,0,1,5.00,2
S2-E3,0,196,8,4,3,4,0,0,2.50,2
S2-E3,0,197,8,5,5,5,0,0,2.50,2
S2-E3,0,198,8,6,8,6,2,0,14.17,2
S2-E3,0,199,8,7,22,12,0,10,10.00,2
S2-E3,0,200,8,8,36,39,4,3,7.50,6
S2-E3,0,201,8,9,84,49,17,21,13.21,6
S2-E3,0,202,8,10,75,51,27,18,16.72,6
S2-E3,0,203,8,11,80,43,28,27,21.45,6
S2-E3,0,204,8,12,71,71,13,14,12.99,6
S2-E3,0,205,8,13,71,64,7,14,5.23,6
S2-E3,0,206,8,14,60,56,5,13,5.18,6
S2-E3,0,207,8,15,77,48,18,24,18.02,6
S2-E3,0,208,8,16,55,56,14,9,12.86,6
S2-E3,0,209,8,17,55,49,5,10,5.97,6
S2-E3,0,210,8,18,42,37,11,4,11.82,6
S2-E3,0,211,8,19,18,20,0,2,3.25,6
S2-E3,0,212,8,20,16,13,2,3,6.73,2
S2-E3,0,213,8,21,14,15,2,0,7.17,2
S2-E3,0,214,8,22,8,5,0,3,6.50,2
S2-E3,0,215,8,23,13,11,2,3,3.41,2
S2-E3,0,216,9,0,7,8,0,2,7.50,2
S2-E3,0,217,9,1,6,8,0,0,3.12,2
S2-E3,0,218,9,2,8,8,0,0,3.75,2
S2-E3,0,219,9,3,5,5,0,0,2.50,2
S2-E3,0,220,9,4,8,6,0,2,5.83,2
S2-E3,0,221,9,5,12,10,2,2,5.50,2
S2-E3,0,222,9,6,10,12,0,0,5.83,2
S2-E3,0,223,9,7,25,12,8,5,8.75,2
S2-E3,0,224,9,8,41,35,2,9,7.07,6
S2-E3,0,225,9,9,64,41,14,18,13.11,6
S2-E3,0,226,9,10,80,49,22,27,15.46,6
S2-E3,0,227,9,11,62,64,19,6,11.17,6
S2-E3,0,228,9,12,82,65,5,18,5.35,6
S2-E3,0,229,9,13,87,74,18,13,11.28,6
S2-E3,0,230,9,14,76,59,7,23,10.04,6
S2-E3,0,231,9,15,70,71,14,8,10.88,6
S2-E3,0,232,9,16,59,53,4,10,7.31,6
S2-E3,0,233,9,17,56,55,3,8,6.23,6
S2-E3,0,234,9,18,34,40,1,1,4.12,6
S2-E3,0,235,9,19,21,15,2,5,2.50,6
S2-E3,0,236,9,20,16,14,4,3,10.36,2
S2-E3,0,237,9,21,13,11,1,4,6.14,2
S2-E3,0,238,9,22,14,13,3,2,10.19,2
S2-E3,0,239,9,23,3,5,0,0,2.50,2
S2-E3,0,240,10,0,9,9,0,0,6.94,2
S2-E3,0,241,10,1,10,8,1,1,3.75,2
S2-E3,0,242,10,2,5,6,0,0,2.50,2
S2-E3,0,243,10,3,8,8,0,0,5.62,2
S2-E3,0,244,10,4,9,6,1,2,2.50,2
S2-E3,0,245,10,5,7,9,0,0,5.83,2
S2-E3,0,246,10,6,5,5,0,0,2.50,2
S2-E3,0,247,10,7,16,12,1,3,5.42,2
S2-E3,0,248,10,8,35,31,3,4,4.76,6
S2-E3,0,249,10,9,70,44,6,24,7.61,6
S2-E3,0,250,10,10,74,57,20,21,15.66,6
S2-E3,0,251,10,11,64,50,17,18,18.30,6
S2-E3,0,252,10,12,64,56,14,12,12.95,6
S2-E3,0,253,10,13,62,44,15,15,11.02,6
S2-E3,0,254,10,14,60,44,10,21,12.61,6
S2-E3,0,255,10,15,62,46,21,16,16.09,6
S2-E3,0,256,10,16,75,45,24,22,14.61,6
S2-E3,0,257,10,17,42,43,12,9,9.48,6
S2-E3,0,258,10,18,28,35,1,1,3.64,6
S2-E3,0,259,10,19,30,29,1,1,2.84,6
S2-E3,0,260,10,20,17,9,2,7,5.28,2
S2-E3,0,261,10,21,15,9,7,6,15.83,2
S2-E3,0,262,10,22,7,8,3,2,11.25,2
S2-E3,0,263,10,23,14,12,1,3,7.08,2
S2-E3,0,264,11,0,7,10,0,0,6.00,2
S2-E3,0,265,11,1,7,5,1,1,2.50,2
S2-E3,0,266,11,2,10,10,0,1,4.00,2
S2-E3,0,267,11,3,6,7,0,0,2.50,2
S2-E3,0,268,11,4,9,8,0,1,3.12,2
S2-E3,0,269,11,5,7,7,1,0,3.21,2
S2-E3,0,270,11,6,9,9,0,0,2.50,2
S2-E3,0,271,11,7,21,8,8,5,11.88,2
S2-E3,0,272,11,8,41,35,3,8,6.36,6
S2-E3,0,273,11,9,57,39,9,17,9.55,6
S2-E3,0,274,11,10,77,48,18,28,15.42,6
S2-E3,0,275,11,11,74,69,15,18,12.50,6
S2-E3,0,276,11,12,77,71,11,13,10.46,6
S2-E3,0,277,11,13,62,64,3,8,6.09,6
S2-E3,0,278,11,14,74,43,14,25,12.03,6
S2-E3,0,279,11,15,65,54,25,11,14.54,6
S2-E3,0,280,11,16,55,43,12,11,10.87,6
S2-E3,0,281,11,17,44,46,6,3,5.43,6
S2-E3,0,282,11,18,34,32,2,3,5.47,6
S2-E3,0,283,11,19,28,26,1,4,3.65,6
S2-E3,0,284,11,20,17,12,5,4,12.92,2
S2-E3,0,285,11,21,12,15,1,0,4.50,2
S2-E3,0,286,11,22,13,10,0,3,3.50,2
S2-E3,0,287,11,23,7,7,3,0,6.79,2
S2-E3,0,288,12,0,8,7,0,1,2.50,2
S2-E3,0,289,12,1,4,4,1,0,2.50,2
S2-E3,0,290,12,2,7,6,1,0,2.50,2
S2-E3,0,291,12,3,6,6,0,0,2.50,2
S2-E3,0,292,12,4,4,4,0,0,2.50,2
S2-E3,0,293,12,5,11,10,0,1,2.50,2
S2-E3,0,294,12,6,10,10,0,1,4.00,2
S2-E3,0,295,12,7,13,11,2,1,4.32,2
S2-E3,0,296,12,8,23,19,2,3,10.66,3
S2-E3,0,297,12,9,42,18,14,13,13.61,3
S2-E3,0,298,12,10,53,22,24,20,20.68,3
S2-E3,0,299,12,11,55,25,26,24,24.30,3
S2-E3,0,300,12,12,57,24,31,26,29.17,3
S2-E3,0,301,12,13,71,36,33,28,29.86,3
S2-E3,0,302,12,14,60,41,30,17,21.16,3
S2-E3,0,303,12,15,72,42,24,23,13.93,3
S2-E3,0,304,12,16,47,43,16,11,15.64,3
S2-E3,0,305,12,17,35,24,10,12,12.29,3
S2-E3,0,306,12,18,47,25,14,20,21.70,3
S2-E3,0,307,12,19,21,20,16,5,23.50,3
S2-E3,0,308,12,20,20,10,7,8,18.50,2
S2-E3,0,309,12,21,12,11,9,0,14.77,2
S2-E3,0,310,12,22,11,10,1,0,4.50,2
S2-E3,0,311,12,23,9,7,0,2,2.50,2
S2-E3,0,312,13,0,5,6,0,1,2.50,2
S2-E3,0,313,13,1,6,7,0,0,2.50,2
S2-E3,0,314,13,2,7,7,0,0,2.50,2
S2-E3,0,315,13,3,4,4,0,0,2.50,2
S2-E3,0,316,13,4,3,2,0,1,2.50,2
S2-E3,0,317,13,5,4,4,0,1,2.50,2
S2-E3,0,318,13,6,8,9,0,0,2.50,2
S2-E3,0,319,13,7,11,10,1,0,6.00,2
S2-E3,0,320,13,8,29,18,6,5,10.56,3
S2-E3,0,321,13,9,45,25,9,16,15.30,3
S2-E3,0,322,13,10,57,29,22,22,19.40,3
S2-E3,0,323,13,11,48,23,28,19,28.59,3
S2-E3,0,324,13,12,48,24,30,13,28.96,3
S2-E3,0,325,13,13,66,22,28,29,19.32,3
S2-E3,0,326,13,14,62,29,41,21,31.64,3
S2-E3,0,327,13,15,57,48,19,11,17.08,3
S2-E3,0,328,13,16,53,44,11,9,12.16,3
S2-E3,0,329,13,17,36,33,6,6,10.98,3
S2-E3,0,330,13,18,21,13,5,9,12.12,3
S2-E3,0,331,13,19,14,19,2,2,10.66,3
S2-E3,0,332,13,20,13,9,1,5,11.94,2
S2-E3,0,333,13,21,9,12,2,0,7.08,2
S2-E3,0,334,13,22,11,9,0,2,3.06,2
S2-E3,0,335,13,23,4,5,1,0,7.50,2
S2-E3,1,0,0,0,5,7,0,0,3.93,2
S2-E3,1,1,0,1,5,5,0,0,2.50,2
S2-E3,1,2,0,2,3,1,1,1,2.50,2
S2-E3,1,3,0,3,4,5,0,0,3.50,2
S2-E3,1,4,0,4,5,5,0,0,2.50,2
S2-E3,1,5,0,5,6,6,0,0,4.17,2
S2-E3,1,6,0,6,9,8,0,1,8.75,2
S2-E3,1,7,0,7,21,16,3,3,8.12,2
S2-E3,1,8,0,8,40,37,2,4,4.53,7
S2-E3,1,9,0,9,52,44,4,8,3.75,7
S2-E3,1,10,0,10,59,47,5,15,8.88,7
S2-E3,1,11,0,11,57,48,13,11,11.98,7
S2-E3,1,12,0,12,60,51,6,14,10.83,7
S2-E3,1,13,0,13,49,50,3,10,8.90,7
S2-E3,1,14,0,14,60,50,5,15,9.60,7
S2-E3,1,15,0,15,46,43,7,11,8.90,7
S2-E3,1,16,0,16,52,50,5,8,8.10,7
S2-E3,1,17,0,17,44,42,5,5,7.98,7
S2-E3,1,18,0,18,37,41,0,1,3.96,7
S2-E3,1,19,0,19,24,21,2,2,2.50,7
S2-E3,1,20,0,20,15,12,2,3,10.00,2
S2-E3,1,21,0,21,11,13,0,1,6.35,2
S2-E3,1,22,0,22,13,10,3,1,9.50,2
S2-E3,1,23,0,23,5,5,0,1,6.50,2
S2-E3,1,24,1,0,5,5,0,1,3.50,2
S2-E3,1,25,1,1,3,2,0,2,2.50,2
S2-E3,1,26,1,2,2,4,0,0,3.75,2
S2-E3,1,27,1,3,3,3,0,0,2.50,2
S2-E3,1,28,1,4,3,3,0,0,2.50,2
S2-E3,1,29,1,5,2,2,0,0,2.50,2
S2-E3,1,30,1,6,11,8,0,3,3.75,2
S2-E3,1,31,1,7,8,10,1,0,13.50,2
S2-E3,1,32,1,8,25,20,1,4,2.50,6
S2-E3,1,33,1,9,42,38,1,7,3.42,6
S2-E3,1,34,1,10,50,41,6,10,7.50,6
S2-E3,1,35,1,11,53,48,9,6,11.77,6
S2-E3,1,36,1,12,34,34,3,3,5.00,6
S2-E3,1,37,1,13,45,37,4,7,4.53,6
S2-E3,1,38,1,14,46,44,3,6,5.68,6
S2-E3,1,39,1,15,44,31,5,14,8.47,6
S2-E3,1,40,1,16,35,44,4,1,6.93,6
S2-E3,1,41,1,17,21,20,0,2,2.50,6
S2-E3,1,42,1,18,20,20,2,0,2.50,6
S2-E3,1,43,1,19,16,14,1,1,2.50,6
S2-E3,1,44,1,20,10,9,0,2,5.28,2
S2-E3,1,45,1,21,5,6,0,1,2.50,2
S2-E3,1,46,1,22,5,6,0,0,2.50,2
S2-E3,1,47,1,23,6,5,0,1,2.50,2
S2-E3,1,48,2,0,5,6,0,0,2.50,2
S2-E3,1,49,2,1,2,2,0,0,2.50,2
S2-E3,1,50,2,2,2,2,0,0,2.50,2
S2-E3,1,51,2,3,3,3,0,0,2.50,2
S2-E3,1,52,2,4,3,3,0,0,2.50,2
S2-E3,1,53,2,5,0,0,0,0,0.00,2
S2-E3,1,54,2,6,7,5,0,2,3.50,2
S2-E3,1,55,2,7,8,9,0,1,5.83,2
S2-E3,1,56,2,8,28,25,0,4,2.50,6
S2-E3,1,57,2,9,50,40,5,9,10.25,6
S2-E3,1,58,2,10,52,43,11,7,12.97,6
S2-E3,1,59,2,11,36,38,1,4,4.08,6
S2-E3,1,60,2,12,43,37,3,7,6.01,6
S2-E3,1,61,2,13,43,35,5,10,6.79,6
S2-E3,1,62,2,14,47,46,6,5,10.11,6
S2-E3,1,63,2,15,41,32,7,7,8.59,6
S2-E3,1,64,2,16,39,42,0,4,5.24,6
S2-E3,1,65,2,17,39,36,4,3,6.11,6
S2-E3,1,66,2,18,24,23,3,1,2.93,6
S2-E3,1,67,2,19,23,22,0,2,2.95,6
S2-E3,1,68,2,20,16,12,4,2,13.33,2
S2-E3,1,69,2,21,5,7,0,0,5.36,2
S2-E3,1,70,2,22,5,4,0,1,2.50,2
S2-E3,1,71,2,23,4,4,1,0,2.50,2
S2-E3,1,72,3,0,1,1,0,0,2.50,2
S2-E3,1,73,3,1,2,2,0,0,2.50,2
S2-E3,1,74,3,2,3,3,0,0,4.17,2
S2-E3,1,75,3,3,2,1,1,0,2.50,2
S2-E3,1,76,3,4,1,1,0,0,2.50,2
S2-E3,1,77,3,5,4,3,0,1,2.50,2
S2-E3,1,78,3,6,7,7,0,1,2.50,2
S2-E3,1,79,3,7,22,14,7,2,7.50,2
S2-E3,1,80,3,8,41,38,1,4,4.08,6
S2-E3,1,81,3,9,60,46,5,13,6.41,6
S2-E3,1,82,3,10,63,54,11,11,12.41,6
S2-E3,1,83,3,11,52,44,12,7,10.91,6
S2-E3,1,84,3,12,45,35,6,11,6.64,6
S2-E3,1,85,3,13,62,44,6,23,15.00,6
S2-E3,1,86,3,14,65,44,25,19,17.16,6
S2-E3,1,87,3,15,59,44,16,18,13.07,6
S2-E3,1,88,3,16,50,41,16,11,14.33,6
S2-E3,1,89,3,17,47,33,12,13,12.80,6
S2-E3,1,90,3,18,23,31,4,1,8.63,6
S2-E3,1,91,3,19,23,22,0,2,2.50,6
S2-E3,1,92,3,20,18,14,4,2,12.50,2
S2-E3,1,93,3,21,13,11,3,1,4.32,2
S2-E3,1,94,3,22,13,9,3,2,6.39,2
S2-E3,1,95,3,23,10,8,3,1,4.38,2
S2-E3,1,96,4,0,12,9,1,3,2.50,2
S2-E3,1,97,4,1,5,7,1,0,3.93,2
S2-E3,1,98,4,2,6,6,0,0,2.50,2
S2-E3,1,99,4,3,12,9,0,3,3.61,2
S2-E3,1,100,4,4,4,4,2,1,3.75,2
S2-E3,1,101,4,5,6,5,1,1,2.50,2
S2-E3,1,102,4,6,16,14,2,1,6.43,2
S2-E3,1,103,4,7,17,10,3,5,17.50,2
S2-E3,1,104,4,8,35,32,2,6,4.22,6
S2-E3,1,105,4,9,56,40,11,11,9.62,6
S2-E3,1,106,4,10,76,50,7,30,11.70,6
S2-E3,1,107,4,11,71,58,32,11,16.21,6
S2-E3,1,108,4,12,76,59,7,21,5.64,6
S2-E3,1,109,4,13,86,71,13,23,10.81,6
S2-E3,1,110,4,14,101,71,23,30,14.05,6
S2-E3,1,111,4,15,76,71,26,9,13.20,6
S2-E3,1,112,4,16,71,62,7,11,7.34,6
S2-E3,1,113,4,17,41,45,2,5,3.94,6
S2-E3,1,114,4,18,27,30,1,1,3.17,6
S2-E3,1,115,4,19,24,21,0,4,2.50,6
S2-E3,1,116,4,20,24,10,8,10,18.50,2
S2-E3,1,117,4,21,18,12,9,7,20.00,2
S2-E3,1,118,4,22,17,9,10,5,23.61,2
S2-E3,1,119,4,23,8,10,2,1,23.00,2
S2-E3,1,120,5,0,7,6,0,2,5.00,2
S2-E3,1,121,5,1,8,9,0,1,4.17,2
S2-E3,1,122,5,2,7,7,0,1,3.21,2
S2-E3,1,123,5,3,6,5,1,1,2.50,2
S2-E3,1,124,5,4,8,9,0,0,3.06,2
S2-E3,1,125,5,5,9,9,0,0,5.28,2
S2-E3,1,126,5,6,6,5,1,0,4.50,2
S2-E3,1,127,5,7,12,9,1,2,2.50,2
S2-E3,1,128,5,8,20,12,2,8,3.33,3
S2-E3,1,129,5,9,45,19,18,16,17.50,3
S2-E3,1,130,5,10,49,24,21,20,23.33,3
S2-E3,1,131,5,11,66,26,26,34,26.35,3
S2-E3,1,132,5,12,43,50,22,5,21.20,3
S2-E3,1,133,5,13,38,34,4,5,3.24,3
S2-E3,1,134,5,14,47,20,15,17,16.25,3
S2-E3,1,135,5,15,49,22,21,23,29.09,3
S2-E3,1,136,5,16,33,24,25,7,23.96,3
S2-E3,1,137,5,17,35,21,9,12,18.45,3
S2-E3,1,138,5,18,37,21,16,12,17.26,3
S2-E3,1,139,5,19,22,16,10,8,13.75,3
S2-E3,1,140,5,20,20,11,13,4,19.32,2
S2-E3,1,141,5,21,15,13,3,3,10.58,2
S2-E3,1,142,5,22,8,10,1,0,8.00,2
S2-E3,1,143,5,23,13,10,0,3,3.50,2
S2-E3,1,144,6,0,7,9,0,1,9.17,2
S2-E3,1,145,6,1,8,9,0,0,3.06,2
S2-E3,1,146,6,2,11,7,1,3,3.93,2
S2-E3,1,147,6,3,8,9,1,1,5.28,2
S2-E3,1,148,6,4,4,5,0,0,3.50,2
S2-E3,1,149,6,5,4,4,0,0,2.50,2
S2-E3,1,150,6,6,8,7,0,1,3.93,2
S2-E3,1,151,6,7,12,11,0,2,10.23,2
S2-E3,1,152,6,8,26,21,3,4,4.88,3
S2-E3,1,153,6,9,47,23,14,14,17.28,3
S2-E3,1,154,6,10,47,25,15,21,19.90,3
S2-E3,1,155,6,11,42,22,21,20,34.55,3
S2-E3,1,156,6,12,60,21,28,31,27.26,3
S2-E3,1,157,6,13,46,35,25,17,20.36,3
S2-E3,1,158,6,14,44,40,11,10,7.62,3
S2-E3,1,159,6,15,53,39,6,18,11.60,3
S2-E3,1,160,6,16,38,33,16,7,14.47,3
S2-E3,1,161,6,17,21,19,5,4,6.45,3
S2-E3,1,162,6,18,28,17,2,13,7.79,3
S2-E3,1,163,6,19,18,22,7,2,14.09,3
S2-E3,1,164,6,20,12,12,2,0,7.08,2
S2-E3,1,165,6,21,11,10,0,1,9.00,2
S2-E3,1,166,6,22,10,8,0,3,4.38,2
S2-E3,1,167,6,23,10,10,1,2,4.00,2
S2-E3,1,168,7,0,5,7,0,0,8.93,2
S2-E3,1,169,7,1,5,4,0,1,3.75,2
S2-E3,1,170,7,2,8,8,0,1,2.50,2
S2-E3,1,171,7,3,5,6,0,0,2.50,2
S2-E3,1,172,7,4,4,2,0,2,2.50,2
S2-E3,1,173,7,5,4,6,0,0,2.50,2
S2-E3,1,174,7,6,3,2,1,0,2.50,2
S2-E3,1,175,7,7,8,7,0,1,5.36,2
S2-E3,1,176,7,8,28,26,1,2,3.27,6
S2-E3,1,177,7,9,33,31,1,3,2.82,6
S2-E3,1,178,7,10,43,31,6,9,8.95,6
S2-E3,1,179,7,11,40,38,9,2,6.45,6
S2-E3,1,180,7,12,43,38,2,5,4.34,6
S2-E3,1,181,7,13,48,43,3,7,4.83,6
S2-E3,1,182,7,14,51,42,8,8,9.05,6
S2-E3,1,183,7,15,49,48,3,6,8.12,6
S2-E3,1,184,7,16,53,41,6,12,9.82,6
S2-E3,1,185,7,17,41,42,7,4,8.10,6
S2-E3,1,186,7,18,22,23,1,2,3.15,6
S2-E3,1,187,7,19,19,21,0,0,2.50,6
S2-E3,1,188,7,20,10,9,0,1,7.50,2
S2-E3,1,189,7,21,11,10,0,2,3.00,2
S2-E3,1,190,7,22,8,6,1,3,3.33,2
S2-E3,1,191,7,23,3,6,0,0,5.83,2
S2-E3,1,192,8,0,5,4,0,1,2.50,2
S2-E3,1,193,8,1,6,6,1,0,2.50,2
S2-E3,1,194,8,2,3,2,0,1,2.50,2
S2-E3,1,195,8,3,4,2,2,1,2.50,2
S2-E3,1,196,8,4,5,6,0,0,2.50,2
S2-E3,1,197,8,5,3,3,0,0,2.50,2
S2-E3,1,198,8,6,5,5,0,0,2.50,2
S2-E3,1,199,8,7,15,12,0,3,7.08,2
S2-E3,1,200,8,8,25,23,2,3,2.93,6
S2-E3,1,201,8,9,40,35,4,4,4.50,6
S2-E3,1,202,8,10,47,32,6,13,9.22,6
S2-E3,1,203,8,11,54,39,14,14,13.01,6
S2-E3,1,204,8,12,54,40,14,14,16.25,6
S2-E3,1,205,8,13,61,45,14,16,14.61,6
S2-E3,1,206,8,14,53,45,11,13,13.94,6
S2-E3,1,207,8,15,35,39,9,0,10.32,6
S2-E3,1,208,8,16,40,28,1,11,4.29,6
S2-E3,1,209,8,17,27,29,7,2,8.02,6
S2-E3,1,210,8,18,23,24,0,1,2.71,6
S2-E3,1,211,8,19,15,14,0,2,2.50,6
S2-E3,1,212,8,20,9,9,1,1,6.94,2
S2-E3,1,213,8,21,13,9,1,4,4.17,2
S2-E3,1,214,8,22,5,8,0,1,8.75,2
S2-E3,1,215,8,23,3,4,0,0,3.75,2
S2-E3,1,216,9,0,4,3,0,1,2.50,2
S2-E3,1,217,9,1,4,5,0,0,2.50,2
S2-E3,1,218,9,2,2,1,0,1,2.50,2
S2-E3,1,219,9,3,4,5,0,0,3.50,2
S2-E3,1,220,9,4,4,4,0,0,2.50,2
S2-E3,1,221,9,5,7,6,1,0,2.50,2
S2-E3,1,222,9,6,9,9,0,0,2.50,2
S2-E3,1,223,9,7,12,11,0,1,4.77,2
S2-E3,1,224,9,8,30,26,1,4,2.50,6
S2-E3,1,225,9,9,48,42,3,7,4.76,6
S2-E3,1,226,9,10,68,40,11,24,8.88,6
S2-E3,1,227,9,11,69,51,28,14,19.75,6
S2-E3,1,228,9,12,56,56,8,6,9.20,6
S2-E3,1,229,9,13,65,58,5,8,5.95,6
S2-E3,1,230,9,14,70,56,5,17,5.18,6
S2-E3,1,231,9,15,68,68,9,8,10.44,6
S2-E3,1,232,9,16,51,47,4,8,4.52,6
S2-E3,1,233,9,17,33,35,3,3,4.21,6
S2-E3,1,234,9,18,28,27,1,3,2.87,6
S2-E3,1,235,9,19,28,30,0,1,2.67,6
S2-E3,1,236,9,20,5,4,0,2,3.75,2
S2-E3,1,237,9,21,10,10,1,1,6.50,2
S2-E3,1,238,9,22,9,8,1,1,3.75,2
S2-E3,1,239,9,23,7,7,0,1,2.50,2
S2-E3,1,240,10,0,8,7,0,2,5.36,2
S2-E3,1,241,10,1,5,6,0,1,2.50,2
S2-E3,1,242,10,2,5,5,1,0,2.50,2
S2-E3,1,243,10,3,4,2,0,2,2.50,2
S2-E3,1,244,10,4,6,8,0,0,4.38,2
S2-E3,1,245,10,5,5,5,0,0,2.50,2
S2-E3,1,246,10,6,6,6,0,0,2.50,2
S2-E3,1,247,10,7,20,12,3,5,9.58,2
S2-E3,1,248,10,8,39,36,3,5,3.75,6
S2-E3,1,249,10,9,46,39,5,7,8.01,6
S2-E3,1,250,10,10,65,45,10,17,13.50,6
S2-E3,1,251,10,11,64,44,18,19,17.27,6
S2-E3,1,252,10,12,58,48,15,14,15.21,6
S2-E3,1,253,10,13,56,41,8,21,10.55,6
S2-E3,1,254,10,14,60,48,15,18,17.40,6
S2-E3,1,255,10,15,49,42,15,10,12.26,6
S2-E3,1,256,10,16,55,45,5,15,12.28,6
S2-E3,1,257,10,17,43,41,9,8,13.96,6
S2-E3,1,258,10,18,35,35,3,5,8.07,6
S2-E3,1,259,10,19,18,20,2,1,4.00,6
S2-E3,1,260,10,20,18,15,2,2,9.83,2
S2-E3,1,261,10,21,7,7,0,2,4.64,2
S2-E3,1,262,10,22,6,8,0,0,6.25,2
S2-E3,1,263,10,23,8,8,0,0,3.75,2
S2-E3,1,264,11,0,6,5,1,0,2.50,2
S2-E3,1,265,11,1,3,2,1,0,2.50,2
S2-E3,1,266,11,2,4,4,0,0,2.50,2
S2-E3,1,267,11,3,5,4,0,1,2.50,2
S2-E3,1,268,11,4,2,2,0,1,2.50,2
S2-E3,1,269,11,5,7,6,2,0,3.33,2
S2-E3,1,270,11,6,8,7,1,0,2.50,2
S2-E3,1,271,11,7,21,8,6,7,11.88,2
S2-E3,1,272,11,8,37,38,2,4,6.45,6
S2-E3,1,273,11,9,39,31,5,7,6.85,6
S2-E3,1,274,11,10,71,51,12,15,11.42,6
S2-E3,1,275,11,11,59,43,16,15,17.27,6
S2-E3,1,276,11,12,55,48,11,11,13.65,6
S2-E3,1,277,11,13,58,44,8,17,13.41,6
S2-E3,1,278,11,14,66,41,20,22,21.28,6
S2-E3,1,279,11,15,60,52,13,17,14.71,6
S2-E3,1,280,11,16,46,39,8,16,15.32,6
S2-E3,1,281,11,17,37,41,7,5,11.77,6
S2-E3,1,282,11,18,39,33,7,4,9.92,6
S2-E3,1,283,11,19,18,22,0,0,3.18,6
S2-E3,1,284,11,20,20,11,4,5,13.86,2
S2-E3,1,285,11,21,10,11,2,2,15.23,2
S2-E3,1,286,11,22,12,11,1,2,3.86,2
S2-E3,1,287,11,23,9,10,0,1,4.00,2
S2-E3,1,288,12,0,7,6,0,2,7.50,2
S2-E3,1,289,12,1,3,5,0,0,5.50,2
S2-E3,1,290,12,2,5,5,0,0,2.50,2
S2-E3,1,291,12,3,7,6,0,1,2.50,2
S2-E3,1,292,12,4,9,8,0,2,4.38,2
S2-E3,1,293,12,5,10,11,0,1,4.32,2
S2-E3,1,294,12,6,9,8,2,0,2.50,2
S2-E3,1,295,12,7,14,9,1,4,6.94,2
S2-E3,1,296,12,8,34,23,6,9,15.54,3
S2-E3,1,297,12,9,23,22,7,3,13.64,3
S2-E3,1,298,12,10,44,22,12,13,10.91,3
S2-E3,1,299,12,11,32,18,14,13,22.50,3
S2-E3,1,300,12,12,42,25,16,14,17.10,3
S2-E3,1,301,12,13,33,20,10,17,21.25,3
S2-E3,1,302,12,14,34,25,19,7,14.70,3
S2-E3,1,303,12,15,40,16,18,13,19.38,3
S2-E3,1,304,12,16,32,25,11,9,23.30,3
S2-E3,1,305,12,17,28,20,11,6,13.25,3
S2-E3,1,306,12,18,19,22,1,2,11.59,3
S2-E3,1,307,12,19,13,15,0,0,3.17,3
S2-E3,1,308,12,20,12,7,0,5,5.36,2
S2-E3,1,309,12,21,9,11,1,2,9.77,2
S2-E3,1,310,12,22,9,9,1,1,5.28,2
S2-E3,1,311,12,23,7,7,0,1,3.21,2
S2-E3,1,312,13,0,3,4,0,0,2.50,2
S2-E3,1,313,13,1,4,4,0,0,2.50,2
S2-E3,1,314,13,2,3,3,0,0,4.17,2
S2-E3,1,315,13,3,1,1,0,0,2.50,2
S2-E3,1,316,13,4,2,2,0,0,2.50,2
S2-E3,1,317,13,5,3,3,0,0,2.50,2
S2-E3,1,318,13,6,1,1,0,0,2.50,2
S2-E3,1,319,13,7,6,6,0,0,3.33,2
S2-E3,1,320,13,8,7,6,0,1,2.50,3
S2-E3,1,321,13,9,19,15,4,1,8.83,3
S2-E3,1,322,13,10,25,21,4,1,4.64,3
S2-E3,1,323,13,11,26,16,3,8,7.50,3
S2-E3,1,324,13,12,25,16,8,9,15.00,3
S2-E3,1,325,13,13,21,23,4,3,10.98,3
S2-E3,1,326,13,14,20,16,1,6,7.50,3
S2-E3,1,327,13,15,12,15,3,0,6.50,3
S2-E3,1,328,13,16,13,10,0,3,2.50,3
S2-E3,1,329,13,17,10,10,2,1,3.50,3
S2-E3,1,330,13,18,15,13,2,1,3.27,3
S2-E3,1,331,13,19,12,13,0,0,4.42,3
S2-E3,1,332,13,20,7,6,1,0,2.50,2
S2-E3,1,333,13,21,3,3,0,0,2.50,2
S2-E3,1,334,13,22,5,4,0,1,2.50,2
S2-E3,1,335,13,23,3,4,0,0,2.50,2
S2-E3,2,0,0,0,7,7,0,0,2.50,2
S2-E3,2,1,0,1,5,5,0,0,2.50,2
S2-E3,2,2,0,2,3,3,0,0,2.50,2
S2-E3,2,3,0,3,3,2,0,1,2.50,2
S2-E3,2,4,0,4,5,6,0,0,2.50,2
S2-E3,2,5,0,5,7,5,1,1,2.50,2
S2-E3,2,6,0,6,9,9,0,1,3.06,2
S2-E3,2,7,0,7,20,14,3,4,8.57,2
S2-E3,2,8,0,8,38,38,3,1,4.47,7
S2-E3,2,9,0,9,71,47,9,16,7.29,7
S2-E3,2,10,0,10,77,52,21,20,12.98,7
S2-E3,2,11,0,11,72,58,8,26,10.43,7
S2-E3,2,12,0,12,62,53,13,22,16.65,7
S2-E3,2,13,0,13,66,51,17,20,13.38,7
S2-E3,2,14,0,14,71,60,21,10,13.92,7
S2-E3,2,15,0,15,83,55,15,23,10.95,7
S2-E3,2,16,0,16,88,53,34,24,16.18,7
S2-E3,2,17,0,17,58,56,12,14,14.82,7
S2-E3,2,18,0,18,36,43,5,2,9.24,7
S2-E3,2,19,0,19,29,27,2,2,2.69,7
S2-E3,2,20,0,20,15,11,2,4,9.77,2
S2-E3,2,21,0,21,14,15,2,1,12.17,2
S2-E3,2,22,0,22,9,9,1,0,5.28,2
S2-E3,2,23,0,23,5,4,0,1,2.50,2
S2-E3,2,24,1,0,5,6,0,0,2.50,2
S2-E3,2,25,1,1,8,6,0,2,2.50,2
S2-E3,2,26,1,2,9,10,1,0,3.50,2
S2-E3,2,27,1,3,5,4,0,1,2.50,2
S2-E3,2,28,1,4,10,9,0,2,3.06,2
S2-E3,2,29,1,5,11,11,1,1,4.32,2
S2-E3,2,30,1,6,10,8,2,1,11.88,2
S2-E3,2,31,1,7,22,12,4,7,8.75,2
S2-E3,2,32,1,8,53,40,8,12,9.12,6
S2-E3,2,33,1,9,78,50,16,24,15.20,6
S2-E3,2,34,1,10,82,63,26,17,17.26,6
S2-E3,2,35,1,11,101,68,25,25,15.51,6
S2-E3,2,36,1,12,72,75,11,11,10.30,6
S2-E3,2,37,1,13,77,71,5,12,6.51,6
S2-E3,2,38,1,14,92,66,17,21,11.89,6
S2-E3,2,39,1,15,78,73,11,15,11.40,6
S2-E3,2,40,1,16,67,66,8,8,7.05,6
S2-E3,2,41,1,17,43,45,2,4,8.06,6
S2-E3,2,42,1,18,28,31,1,0,3.31,6
S2-E3,2,43,1,19,28,26,1,1,2.50,6
S2-E3,2,44,1,20,23,14,6,4,11.79,2
S2-E3,2,45,1,21,29,9,6,18,20.28,2
S2-E3,2,46,1,22,9,14,13,0,25.00,2
S2-E3,2,47,1,23,13,10,0,3,3.50,2
S2-E3,2,48,2,0,7,10,0,0,3.00,2
S2-E3,2,49,2,1,7,6,1,0,7.50,2
S2-E3,2,50,2,2,5,4,0,1,2.50,2
S2-E3,2,51,2,3,10,9,2,0,4.72,2
S2-E3,2,52,2,4,5,4,0,1,2.50,2
S2-E3,2,53,2,5,8,7,1,1,3.21,2
S2-E3,2,54,2,6,11,11,0,1,2.95,2
S2-E3,2,55,2,7,12,9,3,1,10.83,2
S2-E3,2,56,2,8,28,23,2,4,3.15,6
S2-E3,2,57,2,9,52,41,2,13,4.21,6
S2-E3,2,58,2,10,45,43,12,3,11.80,6
S2-E3,2,59,2,11,35,33,2,3,3.11,6
S2-E3,2,60,2,12,50,39,8,6,6.99,6
S2-E3,2,61,2,13,44,34,11,5,9.26,6
S2-E3,2,62,2,14,48,37,5,11,8.72,6
S2-E3,2,63,2,15,34,32,10,3,13.91,6
S2-E3,2,64,2,16,38,30,1,10,5.67,6
S2-E3,2,65,2,17,31,28,10,3,12.14,6
S2-E3,2,66,2,18,21,18,0,6,3.06,6
S2-E3,2,67,2,19,14,19,0,1,2.50,6
S2-E3,2,68,2,20,16,14,1,2,3.93,2
S2-E3,2,69,2,21,15,13,0,4,5.19,2
S2-E3,2,70,2,22,4,6,2,0,6.67,2
S2-E3,2,71,2,23,3,2,0,1,2.50,2
S2-E3,2,72,3,0,9,8,0,2,5.00,2
S2-E3,2,73,3,1,6,7,0,1,5.36,2
S2-E3,2,74,3,2,7,8,0,0,3.12,2
S2-E3,2,75,3,3,5,3,0,2,2.50,2
S2-E3,2,76,3,4,1,2,1,0,2.50,2
S2-E3,2,77,3,5,4,4,0,0,2.50,2
S2-E3,2,78,3,6,7,6,1,0,7.50,2
S2-E3,2,79,3,7,15,12,0,3,3.33,2
S2-E3,2,80,3,8,34,31,1,5,4.11,6
S2-E3,2,81,3,9,58,41,7,15,8.84,6
S2-E3,2,82,3,10,72,51,22,14,14.07,6
S2-E3,2,83,3,11,52,35,11,20,13.93,6
S2-E3,2,84,3,12,54,43,16,15,16.69,6
S2-E3,2,85,3,13,53,48,8,12,10.42,6
S2-E3,2,86,3,14,72,46,16,22,14.02,6
S2-E3,2,87,3,15,50,47,13,12,14.84,6
S2-E3,2,88,3,16,53,41,8,16,12.38,6
S2-E3,2,89,3,17,40,36,8,12,15.14,6
S2-E3,2,90,3,18,29,36,2,3,9.72,6
S2-E3,2,91,3,19,23,23,1,2,4.46,6
S2-E3,2,92,3,20,17,12,4,3,16.25,2
S2-E3,2,93,3,21,11,12,2,0,11.67,2
S2-E3,2,94,3,22,8,6,1,1,3.33,2
S2-E3,2,95,3,23,7,7,1,0,3.93,2
S2-E3,2,96,4,0,7,6,0,1,2.50,2
S2-E3,2,97,4,1,4,4,0,1,5.00,2
S2-E3,2,98,4,2,7,8,0,0,3.12,2
S2-E3,2,99,4,3,5,4,1,0,2.50,2
S2-E3,2,100,4,4,10,8,0,2,4.38,2
S2-E3,2,101,4,5,11,7,2,4,6.07,2
S2-E3,2,102,4,6,10,7,4,3,27.50,2
S2-E3,2,103,4,7,19,11,3,8,17.95,2
S2-E3,2,104,4,8,42,35,5,10,12.07,6
S2-E3,2,105,4,9,63,47,12,14,13.67,6
S2-E3,2,106,4,10,79,43,17,33,13.90,6
S2-E3,2,107,4,11,59,58,22,12,15.34,6
S2-E3,2,108,4,12,65,60,4,13,4.83,6
S2-E3,2,109,4,13,59,42,7,23,7.98,6
S2-E3,2,110,4,14,72,44,25,26,18.64,6
S2-E3,2,111,4,15,59,49,23,13,17.40,6
S2-E3,2,112,4,16,45,37,10,11,12.09,6
S2-E3,2,113,4,17,54,42,10,13,10.83,6
S2-E3,2,114,4,18,43,41,6,9,10.79,6
S2-E3,2,115,4,19,34,36,1,6,6.25,6
S2-E3,2,116,4,20,30,12,15,9,18.33,2
S2-E3,2,117,4,21,23,14,11,7,20.36,2
S2-E3,2,118,4,22,19,13,11,2,15.96,2
S2-E3,2,119,4,23,15,14,1,2,3.93,2
S2-E3,2,120,5,0,6,8,0,0,3.75,2
S2-E3,2,121,5,1,10,9,1,0,3.61,2
S2-E3,2,122,5,2,5,4,0,1,2.50,2
S2-E3,2,123,5,3,5,5,1,0,3.50,2
S2-E3,2,124,5,4,10,8,1,1,3.75,2
S2-E3,2,125,5,5,4,5,0,0,2.50,2
S2-E3,2,126,5,6,7,7,0,0,2.50,2
S2-E3,2,127,5,7,11,7,2,2,3.93,2
S2-E3,2,128,5,8,22,19,0,5,4.08,3
S2-E3,2,129,5,9,35,22,12,6,14.32,3
S2-E3,2,130,5,10,29,25,4,6,7.30,3
S2-E3,2,131,5,11,39,24,6,15,10.62,3
S2-E3,2,132,5,12,28,19,15,9,21.45,3
S2-E3,2,133,5,13,35,16,16,12,16.56,3
S2-E3,2,134,5,14,42,19,18,17,26.18,3
S2-E3,2,135,5,15,29,23,13,10,16.41,3
S2-E3,2,136,5,16,25,24,6,5,10.21,3
S2-E3,2,137,5,17,26,23,4,4,10.98,3
S2-E3,2,138,5,18,21,14,8,3,17.14,3
S2-E3,2,139,5,19,13,13,2,1,4.42,3
S2-E3,2,140,5,20,12,11,1,1,3.41,2
S2-E3,2,141,5,21,7,6,0,2,3.33,2
S2-E3,2,142,5,22,4,6,0,0,2.50,2
S2-E3,2,143,5,23,3,2,0,1,2.50,2
S2-E3,2,144,6,0,5,4,0,2,2.50,2
S2-E3,2,145,6,1,4,5,0,1,4.50,2
S2-E3,2,146,6,2,4,5,0,0,2.50,2
S2-E3,2,147,6,3,2,2,0,0,2.50,2
S2-E3,2,148,6,4,2,2,0,0,2.50,2
S2-E3,2,149,6,5,2,2,0,0,2.50,2
S2-E3,2,150,6,6,5,5,0,0,2.50,2
S2-E3,2,151,6,7,7,6,0,1,2.50,2
S2-E3,2,152,6,8,14,13,0,2,3.27,3
S2-E3,2,153,6,9,21,13,2,8,14.42,3
S2-E3,2,154,6,10,26,21,7,6,15.12,3
S2-E3,2,155,6,11,38,18,13,13,13.61,3
S2-E3,2,156,6,12,17,19,8,3,13.55,3
S2-E3,2,157,6,13,24,17,3,7,7.50,3
S2-E3,2,158,6,14,26,22,8,3,17.95,3
S2-E3,2,159,6,15,31,21,4,9,8.21,3
S2-E3,2,160,6,16,22,19,7,5,15.13,3
S2-E3,2,161,6,17,9,12,0,2,7.08,3
S2-E3,2,162,6,18,17,16,3,0,7.50,3
S2-E3,2,163,6,19,14,9,3,2,3.06,3
S2-E3,2,164,6,20,3,5,0,0,3.50,2
S2-E3,2,165,6,21,6,5,1,0,2.50,2
S2-E3,2,166,6,22,5,5,0,0,2.50,2
S2-E3,2,167,6,23,1,1,0,0,2.50,2
S2-E3,2,168,7,0,6,5,0,1,2.50,2
S2-E3,2,169,7,1,4,4,0,1,2.50,2
S2-E3,2,170,7,2,5,6,0,0,2.50,2
S2-E3,2,171,7,3,5,5,0,0,2.50,2
S2-E3,2,172,7,4,4,3,0,1,2.50,2
S2-E3,2,173,7,5,5,6,0,0,2.50,2
S2-E3,2,174,7,6,4,4,0,0,3.75,2
S2-E3,2,175,7,7,14,10,2,2,3.50,2
S2-E3,2,176,7,8,36,31,2,5,3.47,6
S2-E3,2,177,7,9,46,40,3,8,4.00,6
S2-E3,2,178,7,10,56,37,11,16,15.74,6
S2-E3,2,179,7,11,72,45,14,29,15.50,6
S2-E3,2,180,7,12,72,54,27,20,16.30,6
S2-E3,2,181,7,13,61,46,21,14,16.30,6
S2-E3,2,182,7,14,67,49,14,18,13.01,6
S2-E3,2,183,7,15,74,53,17,22,13.44,6
S2-E3,2,184,7,16,52,47,17,10,12.61,6
S2-E3,2,185,7,17,43,35,11,7,12.50,6
S2-E3,2,186,7,18,39,35,7,4,11.64,6
S2-E3,2,187,7,19,24,24,1,3,2.92,6
S2-E3,2,188,7,20,15,14,3,1,8.57,2
S2-E3,2,189,7,21,16,9,0,8,7.50,2
S2-E3,2,190,7,22,2,5,5,0,14.50,2
S2-E3,2,191,7,23,6,5,0,1,2.50,2
S2-E3,2,192,8,0,3,4,0,0,2.50,2
S2-E3,2,193,8,1,7,7,0,0,3.21,2
S2-E3,2,194,8,2,6,6,0,0,2.50,2
S2-E3,2,195,8,3,2,2,0,0,2.50,2
S2-E3,2,196,8,4,7,7,0,0,3.93,2
S2-E3,2,197,8,5,6,5,1,0,2.50,2
S2-E3,2,198,8,6,13,9,0,4,4.72,2
S2-E3,2,199,8,7,18,11,6,5,10.68,2
S2-E3,2,200,8,8,39,36,2,6,5.69,6
S2-E3,2,201,8,9,62,44,8,16,7.61,6
S2-E3,2,202,8,10,98,52,23,39,13.65,6
S2-E3,2,203,8,11,81,77,26,17,17.50,6
S2-E3,2,204,8,12,78,70,10,15,8.43,6
S2-E3,2,205,8,13,66,68,5,8,5.81,6
S2-E3,2,206,8,14,73,47,10,24,8.56,6
S2-E3,2,207,8,15,65,49,21,19,18.62,6
S2-E3,2,208,8,16,65,49,13,22,13.93,6
S2-E3,2,209,8,17,49,49,9,13,14.03,6
S2-E3,2,210,8,18,38,38,6,7,12.63,6
S2-E3,2,211,8,19,26,27,2,4,5.46,6
S2-E3,2,212,8,20,25,11,7,11,12.05,2
S2-E3,2,213,8,21,14,13,7,5,24.81,2
S2-E3,2,214,8,22,15,12,6,2,17.92,2
S2-E3,2,215,8,23,15,14,3,0,6.07,2
S2-E3,2,216,9,0,14,11,0,3,5.23,2
S2-E3,2,217,9,1,8,8,1,2,6.88,2
S2-E3,2,218,9,2,8,8,0,2,4.38,2
S2-E3,2,219,9,3,13,7,5,3,8.93,2
S2-E3,2,220,9,4,8,10,0,1,3.50,2
S2-E3,2,221,9,5,14,10,3,2,6.50,2
S2-E3,2,222,9,6,14,11,1,4,6.14,2
S2-E3,2,223,9,7,27,10,8,13,23.50,2
S2-E3,2,224,9,8,46,35,15,9,13.50,6
S2-E3,2,225,9,9,88,54,17,26,11.85,6
S2-E3,2,226,9,10,88,61,28,25,16.52,6
S2-E3,2,227,9,11,100,74,27,24,11.62,6
S2-E3,2,228,9,12,75,73,17,9,10.38,6
S2-E3,2,229,9,13,83,68,9,15,7.28,6
S2-E3,2,230,9,14,92,80,7,20,8.31,6
S2-E3,2,231,9,15,82,72,13,17,10.83,6
S2-E3,2,232,9,16,51,56,6,6,6.16,6
S2-E3,2,233,9,17,50,42,8,6,12.86,6
S2-E3,2,234,9,18,30,30,3,3,10.00,6
S2-E3,2,235,9,19,30,26,3,4,3.85,6
S2-E3,2,236,9,20,27,13,7,11,11.73,2
S2-E3,2,237,9,21,18,9,11,9,34.17,2
S2-E3,2,238,9,22,14,12,9,2,27.08,2
S2-E3,2,239,9,23,14,11,2,3,6.59,2
S2-E3,2,240,10,0,13,10,4,2,18.00,2
S2-E3,2,241,10,1,18,13,2,5,16.35,2
S2-E3,2,242,10,2,7,7,2,3,10.36,2
S2-E3,2,243,10,3,9,10,0,2,6.00,2
S2-E3,2,244,10,4,9,9,1,1,3.06,2
S2-E3,2,245,10,5,6,6,0,1,4.17,2
S2-E3,2,246,10,6,15,13,0,3,4.81,2
S2-E3,2,247,10,7,24,16,4,7,14.38,2
S2-E3,2,248,10,8,39,39,2,5,6.22,6
S2-E3,2,249,10,9,67,45,9,18,9.39,6
S2-E3,2,250,10,10,81,53,29,17,15.71,6
S2-E3,2,251,10,11,69,44,14,28,14.55,6
S2-E3,2,252,10,12,71,48,30,21,20.73,6
S2-E3,2,253,10,13,73,50,21,23,14.60,6
S2-E3,2,254,10,14,93,58,31,27,17.76,6
S2-E3,2,255,10,15,53,67,6,7,11.90,6
S2-E3,2,256,10,16,55,57,1,4,4.52,6
S2-E3,2,257,10,17,52,28,6,22,8.21,6
S2-E3,2,258,10,18,42,41,12,11,13.48,6
S2-E3,2,259,10,19,19,24,4,2,7.29,6
S2-E3,2,260,10,20,17,13,1,5,12.50,2
S2-E3,2,261,10,21,15,14,4,2,9.64,2
S2-E3,2,262,10,22,11,9,3,1,5.83,2
S2-E3,2,263,10,23,16,14,3,0,7.50,2
S2-E3,2,264,11,0,7,6,0,1,2.50,2
S2-E3,2,265,11,1,3,4,0,0,2.50,2
S2-E3,2,266,11,2,6,5,0,1,2.50,2
S2-E3,2,267,11,3,9,10,0,0,3.00,2
S2-E3,2,268,11,4,8,6,0,2,2.50,2
S2-E3,2,269,11,5,11,10,1,2,5.00,2
S2-E3,2,270,11,6,11,8,1,4,6.88,2
S2-E3,2,271,11,7,14,10,1,7,12.50,2
S2-E3,2,272,11,8,35,36,2,4,7.08,6
S2-E3,2,273,11,9,51,46,2,7,5.00,6
S2-E3,2,274,11,10,64,39,18,14,15.96,6
S2-E3,2,275,11,11,84,52,18,28,17.21,6
S2-E3,2,276,11,12,68,56,25,15,14.29,6
S2-E3,2,277,11,13,71,46,21,19,13.48,6
S2-E3,2,278,11,14,60,53,14,12,13.25,6
S2-E3,2,279,11,15,65,43,14,20,15.17,6
S2-E3,2,280,11,16,61,48,16,17,14.06,6
S2-E3,2,281,11,17,42,34,11,14,14.71,6
S2-E3,2,282,11,18,37,43,4,4,7.85,6
S2-E3,2,283,11,19,21,23,1,1,2.93,6
S2-E3,2,284,11,20,27,12,5,11,10.42,2
S2-E3,2,285,11,21,16,15,7,5,10.17,2
S2-E3,2,286,11,22,16,15,2,4,10.17,2
S2-E3,2,287,11,23,9,8,3,2,18.75,2
S2-E3,2,288,12,0,8,9,0,1,5.28,2
S2-E3,2,289,12,1,9,9,1,0,8.06,2
S2-E3,2,290,12,2,9,7,0,2,6.07,2
S2-E3,2,291,12,3,7,9,0,0,2.50,2
S2-E3,2,292,12,4,7,7,0,0,3.21,2
S2-E3,2,293,12,5,12,10,1,1,5.00,2
S2-E3,2,294,12,6,4,4,0,1,3.75,2
S2-E3,2,295,12,7,12,8,2,3,5.00,2
S2-E3,2,296,12,8,35,16,11,11,14.06,3
S2-E3,2,297,12,9,46,20,20,17,23.75,3
S2-E3,2,298,12,10,46,29,13,21,22.33,3
S2-E3,2,299,12,11,45,24,31,11,27.08,3
S2-E3,2,300,12,12,38,20,14,15,17.25,3
S2-E3,2,301,12,13,29,20,15,9,19.00,3
S2-E3,2,302,12,14,32,23,12,6,10.98,3
S2-E3,2,303,12,15,31,18,6,13,17.22,3
S2-E3,2,304,12,16,36,21,11,17,22.26,3
S2-E3,2,305,12,17,31,23,18,7,20.54,3
S2-E3,2,306,12,18,29,24,5,7,12.29,3
S2-E3,2,307,12,19,14,19,1,1,4.34,3
S2-E3,2,308,12,20,10,8,2,1,7.50,2
S2-E3,2,309,12,21,12,11,0,2,3.41,2
S2-E3,2,310,12,22,9,7,2,2,4.64,2
S2-E3,2,311,12,23,7,8,0,1,3.75,2
S2-E3,2,312,13,0,4,4,1,0,5.00,2
S2-E3,2,313,13,1,4,3,0,1,2.50,2
S2-E3,2,314,13,2,3,3,0,1,2.50,2
S2-E3,2,315,13,3,6,5,1,1,2.50,2
S2-E3,2,316,13,4,1,1,1,0,2.50,2
S2-E3,2,317,13,5,3,2,1,0,2.50,2
S2-E3,2,318,13,6,6,5,0,1,2.50,2
S2-E3,2,319,13,7,6,5,1,1,3.50,2
S2-E3,2,320,13,8,16,15,1,1,2.50,3
S2-E3,2,321,13,9,24,18,3,4,5.56,3
S2-E3,2,322,13,10,28,15,8,9,12.17,3
S2-E3,2,323,13,11,26,24,6,5,11.88,3
S2-E3,2,324,13,12,23,20,5,3,14.75,3
S2-E3,2,325,13,13,37,21,10,9,13.21,3
S2-E3,2,326,13,14,35,24,6,14,13.12,3
S2-E3,2,327,13,15,19,26,6,1,15.77,3
S2-E3,2,328,13,16,27,23,3,2,8.37,3
S2-E3,2,329,13,17,20,14,5,3,12.14,3
S2-E3,2,330,13,18,17,15,2,3,7.17,3
S2-E3,2,331,13,19,11,13,1,0,9.04,3
S2-E3,2,332,13,20,13,10,2,1,4.50,2
S2-E3,2,333,13,21,8,7,0,2,4.64,2
S2-E3,2,334,13,22,6,8,0,0,2.50,2
S2-E3,2,335,13,23,4,4,0,0,2.50,2
S2-E3,3,0,0,0,8,8,0,1,3.75,2
S2-E3,3,1,0,1,6,5,0,2,2.50,2
S2-E3,3,2,0,2,1,3,0,0,4.17,2
S2-E3,3,3,0,3,6,6,0,0,2.50,2
S2-E3,3,4,0,4,6,6,0,0,2.50,2
S2-E3,3,5,0,5,4,3,0,1,4.17,2
S2-E3,3,6,0,6,6,6,0,1,2.50,2
S2-E3,3,7,0,7,20,12,6,3,12.92,2
S2-E3,3,8,0,8,43,38,0,8,4.08,7
S2-E3,3,9,0,9,72,57,9,14,12.15,7
S2-E3,3,10,0,10,86,51,23,26,13.28,7
S2-E3,3,11,0,11,103,67,30,32,19.14,7
S2-E3,3,12,0,12,84,80,20,16,14.19,7
S2-E3,3,13,0,13,97,69,19,25,12.43,7
S2-E3,3,14,0,14,90,81,11,23,12.19,7
S2-E3,3,15,0,15,71,74,7,13,5.74,7
S2-E3,3,16,0,16,58,54,3,14,6.57,7
S2-E3,3,17,0,17,45,45,6,8,10.06,7
S2-E3,3,18,0,18,41,42,0,7,3.45,7
S2-E3,3,19,0,19,34,37,2,2,3.58,7
S2-E3,3,20,0,20,20,9,6,7,25.83,2
S2-E3,3,21,0,21,19,14,6,6,19.29,2
S2-E3,3,22,0,22,17,14,3,6,15.00,2
S2-E3,3,23,0,23,14,15,5,0,6.50,2
S2-E3,3,24,1,0,14,10,1,3,6.50,2
S2-E3,3,25,1,1,16,12,2,5,19.58,2
S2-E3,3,26,1,2,15,13,4,3,15.19,2
S2-E3,3,27,1,3,11,8,3,3,6.25,2
S2-E3,3,28,1,4,11,14,0,0,9.64,2
S2-E3,3,29,1,5,24,12,2,10,20.00,2
S2-E3,3,30,1,6,13,8,8,7,12.50,2
S2-E3,3,31,1,7,17,14,7,3,20.36,2
S2-E3,3,32,1,8,41,34,2,8,3.68,6
S2-E3,3,33,1,9,70,49,13,16,11.58,6
S2-E3,3,34,1,10,102,55,32,31,17.32,6
S2-E3,3,35,1,11,87,72,23,23,11.67,6
S2-E3,3,36,1,12,68,69,10,12,10.54,6
S2-E3,3,37,1,13,94,81,11,14,8.24,6
S2-E3,3,38,1,14,96,71,25,14,12.92,6
S2-E3,3,39,1,15,81,66,15,14,8.18,6
S2-E3,3,40,1,16,71,68,5,12,5.59,6
S2-E3,3,41,1,17,59,61,5,5,8.07,6
S2-E3,3,42,1,18,49,47,3,4,4.31,6
S2-E3,3,43,1,19,38,34,5,3,11.03,6
S2-E3,3,44,1,20,14,13,2,2,14.04,2
S2-E3,3,45,1,21,18,12,1,7,7.92,2
S2-E3,3,46,1,22,14,13,7,1,20.19,2
S2-E3,3,47,1,23,24,12,6,7,12.08,2
S2-E3,3,48,2,0,16,14,6,3,11.07,2
S2-E3,3,49,2,1,18,15,1,5,6.50,2
S2-E3,3,50,2,2,9,10,2,2,12.50,2
S2-E3,3,51,2,3,13,13,1,1,3.27,2
S2-E3,3,52,2,4,10,10,0,1,9.50,2
S2-E3,3,53,2,5,11,10,0,2,2.50,2
S2-E3,3,54,2,6,8,10,0,0,6.50,2
S2-E3,3,55,2,7,20,13,2,5,5.19,2
S2-E3,3,56,2,8,33,35,0,3,3.50,6
S2-E3,3,57,2,9,70,50,10,13,10.80,6
S2-E3,3,58,2,10,90,48,21,34,15.10,6
S2-E3,3,59,2,11,98,68,36,28,17.43,6
S2-E3,3,60,2,12,78,75,19,12,12.03,6
S2-E3,3,61,2,13,94,74,16,16,9.93,6
S2-E3,3,62,2,14,92,64,16,28,8.59,6
S2-E3,3,63,2,15,79,65,18,24,13.58,6
S2-E3,3,64,2,16,73,68,18,11,8.53,6
S2-E3,3,65,2,17,68,64,6,9,7.89,6
S2-E3,3,66,2,18,43,43,4,5,5.17,6
S2-E3,3,67,2,19,23,27,0,1,3.80,6
S2-E3,3,68,2,20,20,9,6,6,8.06,2
S2-E3,3,69,2,21,20,15,7,4,11.17,2
S2-E3,3,70,2,22,11,11,1,3,11.14,2
S2-E3,3,71,2,23,11,13,0,1,5.58,2
S2-E3,3,72,3,0,10,9,0,2,5.28,2
S2-E3,3,73,3,1,8,9,1,0,6.39,2
S2-E3,3,74,3,2,13,12,1,0,3.75,2
S2-E3,3,75,3,3,15,13,0,2,3.65,2
S2-E3,3,76,3,4,13,11,1,3,5.23,2
S2-E3,3,77,3,5,10,9,2,2,11.94,2
S2-E3,3,78,3,6,15,10,2,5,5.50,2
S2-E3,3,79,3,7,16,12,5,4,15.00,2
S2-E3,3,80,3,8,31,31,1,3,3.47,6
S2-E3,3,81,3,9,53,41,2,13,6.16,6
S2-E3,3,82,3,10,63,53,9,14,10.05,6
S2-E3,3,83,3,11,54,46,8,14,13.48,6
S2-E3,3,84,3,12,52,50,9,7,12.50,6
S2-E3,3,85,3,13,66,43,10,20,11.57,6
S2-E3,3,86,3,14,65,41,22,22,17.62,6
S2-E3,3,87,3,15,77,46,30,23,15.54,6
S2-E3,3,88,3,16,65,47,22,19,16.33,6
S2-E3,3,89,3,17,55,45,14,15,12.06,6
S2-E3,3,90,3,18,43,42,12,4,9.88,6
S2-E3,3,91,3,19,30,28,2,4,4.29,6
S2-E3,3,92,3,20,18,12,2,8,14.58,2
S2-E3,3,93,3,21,27,14,12,9,20.36,2
S2-E3,3,94,3,22,14,10,7,6,25.00,2
S2-E3,3,95,3,23,10,12,3,1,5.83,2
S2-E3,3,96,4,0,8,8,0,1,3.75,2
S2-E3,3,97,4,1,10,6,0,5,2.50,2
S2-E3,3,98,4,2,4,7,1,1,6.07,2
S2-E3,3,99,4,3,10,9,0,2,5.28,2
S2-E3,3,100,4,4,4,6,0,0,2.50,2
S2-E3,3,101,4,5,3,3,0,0,2.50,2
S2-E3,3,102,4,6,5,4,0,1,2.50,2
S2-E3,3,103,4,7,14,9,1,5,6.39,2
S2-E3,3,104,4,8,37,38,1,3,7.11,6
S2-E3,3,105,4,9,50,41,7,5,6.52,6
S2-E3,3,106,4,10,63,45,9,14,9.94,6
S2-E3,3,107,4,11,53,47,11,9,9.41,6
S2-E3,3,108,4,12,54,38,12,13,10.92,6
S2-E3,3,109,4,13,64,49,8,20,10.56,6
S2-E3,3,110,4,14,66,48,23,15,16.56,6
S2-E3,3,111,4,15,61,51,12,13,16.23,6
S2-E3,3,112,4,16,41,40,6,8,9.12,6
S2-E3,3,113,4,17,34,39,1,2,4.81,6
S2-E3,3,114,4,18,28,26,0,4,3.27,6
S2-E3,3,115,4,19,20,21,2,1,3.45,6
S2-E3,3,116,4,20,12,12,0,1,2.92,2
S2-E3,3,117,4,21,8,6,2,1,5.83,2
S2-E3,3,118,4,22,14,11,0,4,6.59,2
S2-E3,3,119,4,23,9,10,2,1,7.50,2
S2-E3,3,120,5,0,6,7,0,0,3.93,2
S2-E3,3,121,5,1,4,3,1,0,2.50,2
S2-E3,3,122,5,2,4,4,0,0,2.50,2
S2-E3,3,123,5,3,7,5,1,1,2.50,2
S2-E3,3,124,5,4,5,6,0,0,3.33,2
S2-E3,3,125,5,5,6,4,0,2,2.50,2
S2-E3,3,126,5,6,6,8,0,0,2.50,2
S2-E3,3,127,5,7,11,6,2,3,6.67,2
S2-E3,3,128,5,8,17,15,3,2,7.83,3
S2-E3,3,129,5,9,40,20,7,15,11.25,3
S2-E3,3,130,5,10,31,20,19,7,25.75,3
S2-E3,3,131,5,11,32,22,7,10,16.36,3
S2-E3,3,132,5,12,37,23,9,15,17.28,3
S2-E3,3,133,5,13,47,22,14,26,20.45,3
S2-E3,3,134,5,14,59,25,40,20,25.70,3
S2-E3,3,135,5,15,32,29,18,5,20.60,3
S2-E3,3,136,5,16,46,25,10,16,17.10,3
S2-E3,3,137,5,17,34,15,17,18,25.83,3
S2-E3,3,138,5,18,20,23,12,3,24.89,3
S2-E3,3,139,5,19,14,15,0,2,3.83,3
S2-E3,3,140,5,20,11,8,5,0,13.12,2
S2-E3,3,141,5,21,9,4,0,5,3.75,2
S2-E3,3,142,5,22,12,11,5,1,7.05,2
S2-E3,3,143,5,23,4,5,0,0,3.50,2
S2-E3,3,144,6,0,4,4,0,0,7.50,2
S2-E3,3,145,6,1,3,3,0,0,2.50,2
S2-E3,3,146,6,2,5,4,1,0,2.50,2
S2-E3,3,147,6,3,3,3,0,0,2.50,2
S2-E3,3,148,6,4,4,4,0,0,2.50,2
S2-E3,3,149,6,5,5,5,0,0,2.50,2
S2-E3,3,150,6,6,3,3,0,0,2.50,2
S2-E3,3,151,6,7,10,8,1,1,2.50,2
S2-E3,3,152,6,8,18,17,2,0,5.15,3
S2-E3,3,153,6,9,45,20,10,15,10.75,3
S2-E3,3,154,6,10,36,24,13,14,22.08,3
S2-E3,3,155,6,11,49,22,25,16,23.41,3
S2-E3,3,156,6,12,52,22,20,26,20.45,3
S2-E3,3,157,6,13,37,25,26,12,23.10,3
S2-E3,3,158,6,14,59,24,16,31,21.04,3
S2-E3,3,159,6,15,34,31,23,11,26.37,3
S2-E3,3,160,6,16,41,36,8,8,13.75,3
S2-E3,3,161,6,17,39,28,3,16,7.86,3
S2-E3,3,162,6,18,18,21,11,2,13.45,3
S2-E3,3,163,6,19,14,14,1,1,3.21,3
S2-E3,3,164,6,20,18,7,3,9,3.21,2
S2-E3,3,165,6,21,9,13,5,0,21.73,2
S2-E3,3,166,6,22,10,10,0,0,3.00,2
S2-E3,3,167,6,23,3,2,0,1,2.50,2
S2-E3,3,168,7,0,7,8,0,0,2.50,2
S2-E3,3,169,7,1,6,6,0,0,2.50,2
S2-E3,3,170,7,2,2,1,0,1,2.50,2
S2-E3,3,171,7,3,6,6,0,1,2.50,2
S2-E3,3,172,7,4,5,5,0,1,2.50,2
S2-E3,3,173,7,5,9,9,0,1,4.17,2
S2-E3,3,174,7,6,6,6,1,0,2.50,2
S2-E3,3,175,7,7,18,14,4,0,8.57,2
S2-E3,3,176,7,8,54,42,5,7,6.07,6
S2-E3,3,177,7,9,56,42,11,10,8.21,6
S2-E3,3,178,7,10,63,43,17,13,11.92,6
S2-E3,3,179,7,11,55,44,12,12,11.25,6
S2-E3,3,180,7,12,56,48,10,10,10.83,6
S2-E3,3,181,7,13,67,36,16,25,16.25,6
S2-E3,3,182,7,14,61,47,27,12,20.37,6
S2-E3,3,183,7,15,74,52,11,23,16.06,6
S2-E3,3,184,7,16,64,49,24,14,20.97,6
S2-E3,3,185,7,17,44,40,10,8,9.25,6
S2-E3,3,186,7,18,33,30,3,8,5.33,6
S2-E3,3,187,7,19,23,23,3,5,5.33,6
S2-E3,3,188,7,20,14,9,6,4,13.61,2
S2-E3,3,189,7,21,9,10,2,1,10.50,2
S2-E3,3,190,7,22,12,11,1,1,4.32,2
S2-E3,3,191,7,23,8,8,1,0,9.38,2
S2-E3,3,192,8,0,4,4,0,0,2.50,2
S2-E3,3,193,8,1,5,5,0,0,2.50,2
S2-E3,3,194,8,2,8,7,0,1,2.50,2
S2-E3,3,195,8,3,8,9,0,0,3.61,2
S2-E3,3,196,8,4,5,5,0,0,2.50,2
S2-E3,3,197,8,5,7,6,0,1,3.33,2
S2-E3,3,198,8,6,8,3,1,5,2.50,2
S2-E3,3,199,8,7,29,11,12,11,22.05,2
S2-E3,3,200,8,8,38,39,3,7,6.60,6
S2-E3,3,201,8,9,53,39,5,16,6.22,6
S2-E3,3,202,8,10,74,49,21,20,14.03,6
S2-E3,3,203,8,11,71,44,31,16,16.25,6
S2-E3,3,204,8,12,76,49,24,19,18.11,6
S2-E3,3,205,8,13,69,65,13,10,10.73,6
S2-E3,3,206,8,14,48,51,1,6,3.28,6
S2-E3,3,207,8,15,63,44,6,19,6.70,6
S2-E3,3,208,8,16,48,43,11,13,12.73,6
S2-E3,3,209,8,17,42,40,6,9,12.62,6
S2-E3,3,210,8,18,35,37,1,6,4.39,6
S2-E3,3,211,8,19,25,28,1,2,2.86,6
S2-E3,3,212,8,20,20,14,2,6,6.79,2
S2-E3,3,213,8,21,8,10,3,1,8.00,2
S2-E3,3,214,8,22,13,11,0,3,6.59,2
S2-E3,3,215,8,23,14,16,1,0,5.62,2
S2-E3,3,216,9,0,9,8,0,1,2.50,2
S2-E3,3,217,9,1,7,6,2,0,3.33,2
S2-E3,3,218,9,2,5,4,0,1,2.50,2
S2-E3,3,219,9,3,14,13,2,0,5.58,2
S2-E3,3,220,9,4,6,5,1,0,3.50,2
S2-E3,3,221,9,5,12,10,0,2,3.00,2
S2-E3,3,222,9,6,14,13,0,3,5.96,2
S2-E3,3,223,9,7,21,11,7,6,15.68,2
S2-E3,3,224,9,8,37,33,2,8,5.08,6
S2-E3,3,225,9,9,60,42,12,14,9.88,6
S2-E3,3,226,9,10,74,50,12,26,12.50,6
S2-E3,3,227,9,11,70,54,22,20,16.39,6
S2-E3,3,228,9,12,59,50,16,13,14.20,6
S2-E3,3,229,9,13,54,44,13,10,15.11,6
S2-E3,3,230,9,14,69,38,20,21,18.55,6
S2-E3,3,231,9,15,67,44,18,26,17.16,6
S2-E3,3,232,9,16,60,54,20,12,16.76,6
S2-E3,3,233,9,17,40,37,8,7,7.91,6
S2-E3,3,234,9,18,43,34,4,12,11.18,6
S2-E3,3,235,9,19,29,33,4,4,5.98,6
S2-E3,3,236,9,20,25,7,8,14,26.07,2
S2-E3,3,237,9,21,22,11,14,11,28.86,2
S2-E3,3,238,9,22,23,17,11,6,26.32,2
S2-E3,3,239,9,23,12,11,3,4,10.68,2
S2-E3,3,240,10,0,10,6,4,4,11.67,2
S2-E3,3,241,10,1,11,13,1,1,6.73,2
S2-E3,3,242,10,2,1,2,0,0,5.00,2
S2-E3,3,243,10,3,7,6,1,0,2.50,2
S2-E3,3,244,10,4,12,8,0,4,3.75,2
S2-E3,3,245,10,5,6,9,0,1,4.72,2
S2-E3,3,246,10,6,12,13,0,0,2.88,2
S2-E3,3,247,10,7,22,11,0,11,4.77,2
S2-E3,3,248,10,8,35,41,4,1,5.43,6
S2-E3,3,249,10,9,51,39,3,10,8.01,6
S2-E3,3,250,10,10,64,41,23,10,17.50,6
S2-E3,3,251,10,11,56,40,6,20,12.00,6
S2-E3,3,252,10,12,51,48,16,7,14.06,6
S2-E3,3,253,10,13,58,45,7,13,11.06,6
S2-E3,3,254,10,14,55,45,10,13,13.39,6
S2-E3,3,255,10,15,61,41,12,21,15.79,6
S2-E3,3,256,10,16,39,45,7,8,14.06,6
S2-E3,3,257,10,17,32,35,1,4,7.36,6
S2-E3,3,258,10,18,29,27,2,4,3.06,6
S2-E3,3,259,10,19,19,22,0,1,2.73,6
S2-E3,3,260,10,20,17,13,2,3,3.65,2
S2-E3,3,261,10,21,15,15,1,2,4.83,2
S2-E3,3,262,10,22,13,12,3,0,8.33,2
S2-E3,3,263,10,23,16,11,4,1,9.32,2
S2-E3,3,264,11,0,9,9,0,1,10.28,2
S2-E3,3,265,11,1,3,3,1,0,2.50,2
S2-E3,3,266,11,2,9,8,1,0,2.50,2
S2-E3,3,267,11,3,11,11,0,0,2.95,2
S2-E3,3,268,11,4,8,5,0,3,2.50,2
S2-E3,3,269,11,5,7,9,0,1,3.61,2
S2-E3,3,270,11,6,10,11,0,0,2.95,2
S2-E3,3,271,11,7,18,13,1,4,7.12,2
S2-E3,3,272,11,8,29,28,4,1,3.39,6
S2-E3,3,273,11,9,62,40,12,11,8.62,6
S2-E3,3,274,11,10,58,49,8,12,12.09,6
S2-E3,3,275,11,11,56,47,6,15,13.67,6
S2-E3,3,276,11,12,46,43,10,8,10.29,6
S2-E3,3,277,11,13,66,40,16,18,15.00,6
S2-E3,3,278,11,14,62,48,13,19,9.48,6
S2-E3,3,279,11,15,53,50,15,7,16.80,6
S2-E3,3,280,11,16,45,39,3,10,6.73,6
S2-E3,3,281,11,17,35,37,4,4,6.69,6
S2-E3,3,282,11,18,25,26,0,3,3.85,6
S2-E3,3,283,11,19,20,19,1,3,2.50,6
S2-E3,3,284,11,20,10,10,0,3,5.00,2
S2-E3,3,285,11,21,11,13,1,0,8.65,2
S2-E3,3,286,11,22,6,6,0,0,2.50,2
S2-E3,3,287,11,23,3,2,0,1,2.50,2
S2-E3,3,288,12,0,6,6,0,1,2.50,2
S2-E3,3,289,12,1,4,5,0,0,4.50,2
S2-E3,3,290,12,2,3,3,0,0,2.50,2
S2-E3,3,291,12,3,6,4,0,2,2.50,2
S2-E3,3,292,12,4,7,8,0,1,3.12,2
S2-E3,3,293,12,5,5,6,0,0,2.50,2
S2-E3,3,294,12,6,6,6,0,0,2.50,2
S2-E3,3,295,12,7,10,7,1,2,3.93,2
S2-E3,3,296,12,8,15,15,1,1,3.50,3
S2-E3,3,297,12,9,34,19,4,12,10.66,3
S2-E3,3,298,12,10,35,21,18,8,16.79,3
S2-E3,3,299,12,11,38,19,14,13,14.87,3
S2-E3,3,300,12,12,31,24,7,13,16.67,3
S2-E3,3,301,12,13,36,23,12,14,19.24,3
S2-E3,3,302,12,14,29,19,14,10,17.50,3
S2-E3,3,303,12,15,36,19,13,14,18.29,3
S2-E3,3,304,12,16,36,26,17,7,18.08,3
S2-E3,3,305,12,17,25,23,4,5,12.07,3
S2-E3,3,306,12,18,25,21,3,6,7.50,3
S2-E3,3,307,12,19,8,12,2,0,6.25,3
S2-E3,3,308,12,20,4,3,1,0,2.50,2
S2-E3,3,309,12,21,5,5,0,0,3.50,2
S2-E3,3,310,12,22,9,6,3,0,6.67,2
S2-E3,3,311,12,23,5,5,0,0,2.50,2
S2-E3,3,312,13,0,1,1,0,0,2.50,2
S2-E3,3,313,13,1,6,4,1,1,2.50,2
S2-E3,3,314,13,2,1,1,0,1,2.50,2
S2-E3,3,315,13,3,4,5,0,0,2.50,2
S2-E3,3,316,13,4,1,1,0,0,2.50,2
S2-E3,3,317,13,5,2,2,0,0,2.50,2
S2-E3,3,318,13,6,1,1,0,0,2.50,2
S2-E3,3,319,13,7,9,6,1,2,2.50,2
S2-E3,3,320,13,8,19,17,2,2,2.79,3
S2-E3,3,321,13,9,31,20,6,7,11.00,3
S2-E3,3,322,13,10,66,21,22,30,21.07,3
S2-E3,3,323,13,11,56,38,36,12,23.95,3
S2-E3,3,324,13,12,50,40,10,12,13.50,3
S2-E3,3,325,13,13,45,43,9,5,11.22,3
S2-E3,3,326,13,14,50,22,12,21,14.09,3
S2-E3,3,327,13,15,47,21,23,24,29.64,3
S2-E3,3,328,13,16,34,18,25,15,34.72,3
S2-E3,3,329,13,17,29,20,16,8,19.75,3
S2-E3,3,330,13,18,26,17,14,3,17.79,3
S2-E3,3,331,13,19,21,17,2,5,9.26,3
S2-E3,3,332,13,20,10,12,2,1,8.33,2
S2-E3,3,333,13,21,5,5,0,1,3.50,2
S2-E3,3,334,13,22,3,4,0,0,2.50,2
S2-E3,3,335,13,23,4,4,0,0,2.50,2
S2-E4,0,0,0,0,4,4,0,0,2.50,2
S2-E4,0,1,0,1,6,5,1,0,2.50,2
S2-E4,0,2,0,2,7,7,0,0,6.79,2
S2-E4,0,3,0,3,2,2,0,0,2.50,2
S2-E4,0,4,0,4,5,4,0,1,2.50,2
S2-E4,0,5,0,5,9,8,2,0,2.50,2
S2-E4,0,6,0,6,8,6,0,2,3.33,2
S2-E4,0,7,0,7,19,11,7,3,14.32,2
S2-E4,0,8,0,8,53,44,9,3,5.68,7
S2-E4,0,9,0,9,81,50,12,22,9.90,7
S2-E4,0,10,0,10,87,56,17,36,18.57,7
S2-E4,0,11,0,11,87,81,23,19,10.71,7
S2-E4,0,12,0,12,67,62,9,15,9.60,7
S2-E4,0,13,0,13,94,71,12,26,7.71,7
S2-E4,0,14,0,14,80,77,9,20,11.27,7
S2-E4,0,15,0,15,72,67,7,18,8.17,7
S2-E4,0,16,0,16,71,72,8,9,7.50,7
S2-E4,0,17,0,17,47,43,4,9,3.90,7
S2-E4,0,18,0,18,34,36,2,5,6.53,7
S2-E4,0,19,0,19,21,22,2,2,2.50,7
S2-E4,0,20,0,20,18,14,2,4,6.79,2
S2-E4,0,21,0,21,17,12,4,5,6.25,2
S2-E4,0,22,0,22,11,13,2,1,10.58,2
S2-E4,0,23,0,23,15,13,3,0,7.88,2
S2-E4,0,24,1,0,8,7,0,1,2.50,2
S2-E4,0,25,1,1,14,12,1,2,4.17,2
S2-E4,0,26,1,2,11,11,0,2,7.50,2
S2-E4,0,27,1,3,9,8,0,3,2.50,2
S2-E4,0,28,1,4,6,8,1,0,5.00,2
S2-E4,0,29,1,5,10,9,0,1,5.83,2
S2-E4,0,30,1,6,14,9,5,1,9.72,2
S2-E4,0,31,1,7,11,8,1,3,10.00,2
S2-E4,0,32,1,8,34,34,1,2,3.24,8
S2-E4,0,33,1,9,51,41,7,5,5.06,8
S2-E4,0,34,1,10,72,61,4,12,7.75,8
S2-E4,0,35,1,11,56,50,4,14,10.40,8
S2-E4,0,36,1,12,54,49,8,11,9.13,8
S2-E4,0,37,1,13,50,57,1,3,5.48,8
S2-E4,0,38,1,14,60,45,5,13,5.94,8
S2-E4,0,39,1,15,48,50,7,4,9.20,8
S2-E4,0,40,1,16,46,43,2,5,2.85,8
S2-E4,0,41,1,17,33,35,2,1,2.50,8
S2-E4,0,42,1,18,25,24,1,1,2.50,8
S2-E4,0,43,1,19,25,26,0,0,2.50,8
S2-E4,0,44,1,20,14,9,3,2,8.61,2
S2-E4,0,45,1,21,17,14,2,3,6.43,2
S2-E4,0,46,1,22,13,14,0,2,8.93,2
S2-E4,0,47,1,23,7,8,1,0,4.38,2
S2-E4,0,48,2,0,11,9,1,1,6.94,2
S2-E4,0,49,2,1,7,7,1,0,2.50,2
S2-E4,0,50,2,2,9,7,1,1,2.50,2
S2-E4,0,51,2,3,4,5,0,0,2.50,2
S2-E4,0,52,2,4,3,3,0,0,2.50,2
S2-E4,0,53,2,5,4,3,0,1,2.50,2
S2-E4,0,54,2,6,7,7,0,1,6.07,2
S2-E4,0,55,2,7,14,12,2,1,8.33,2
S2-E4,0,56,2,8,39,33,4,3,4.17,8
S2-E4,0,57,2,9,50,42,3,8,3.69,8
S2-E4,0,58,2,10,54,50,3,9,3.90,8
S2-E4,0,59,2,11,58,53,2,12,6.37,8
S2-E4,0,60,2,12,50,49,13,0,8.62,8
S2-E4,0,61,2,13,68,49,7,12,5.66,8
S2-E4,0,62,2,14,65,63,6,8,7.42,8
S2-E4,0,63,2,15,68,55,7,14,9.14,8
S2-E4,0,64,2,16,56,55,5,10,6.50,8
S2-E4,0,65,2,17,43,47,3,3,4.84,8
S2-E4,0,66,2,18,25,26,0,2,3.08,8
S2-E4,0,67,2,19,19,15,3,3,2.50,8
S2-E4,0,68,2,20,12,11,3,1,9.77,2
S2-E4,0,69,2,21,17,13,1,4,12.12,2
S2-E4,0,70,2,22,12,13,1,2,7.12,2
S2-E4,0,71,2,23,4,5,1,0,3.50,2
S2-E4,0,72,3,0,9,5,2,2,3.50,2
S2-E4,0,73,3,1,4,5,1,0,5.50,2
S2-E4,0,74,3,2,2,2,0,0,2.50,2
S2-E4,0,75,3,3,6,5,0,1,2.50,2
S2-E4,0,76,3,4,6,6,0,1,3.33,2
S2-E4,0,77,3,5,8,9,0,0,2.50,2
S2-E4,0,78,3,6,6,6,0,0,2.50,2
S2-E4,0,79,3,7,12,8,0,4,5.00,2
S2-E4,0,80,3,8,49,43,3,7,3.08,8
S2-E4,0,81,3,9,66,55,1,17,5.68,8
S2-E4,0,82,3,10,90,57,18,32,13.11,8
S2-E4,0,83,3,11,77,78,15,16,10.90,8
S2-E4,0,84,3,12,73,76,9,4,5.46,8
S2-E4,0,85,3,13,72,66,4,6,4.62,8
S2-E4,0,86,3,14,75,61,8,12,8.73,8
S2-E4,0,87,3,15,83,54,17,24,8.61,8
S2-E4,0,88,3,16,55,64,10,5,8.44,8
S2-E4,0,89,3,17,56,53,5,3,6.37,8
S2-E4,0,90,3,18,35,36,1,1,2.50,8
S2-E4,0,91,3,19,21,21,0,1,2.50,8
S2-E4,0,92,3,20,20,12,3,6,7.50,2
S2-E4,0,93,3,21,18,13,6,5,13.27,2
S2-E4,0,94,3,22,10,10,4,1,19.50,2
S2-E4,0,95,3,23,9,8,2,0,3.12,2
S2-E4,0,96,4,0,11,9,1,1,2.50,2
S2-E4,0,97,4,1,6,5,0,2,2.50,2
S2-E4,0,98,4,2,3,5,0,0,6.50,2
S2-E4,0,99,4,3,6,6,0,0,2.50,2
S2-E4,0,100,4,4,8,8,0,0,2.50,2
S2-E4,0,101,4,5,6,4,1,1,2.50,2
S2-E4,0,102,4,6,6,6,0,1,2.50,2
S2-E4,0,103,4,7,19,10,5,5,12.00,2
S2-E4,0,104,4,8,31,33,2,1,2.80,8
S2-E4,0,105,4,9,69,52,4,14,6.44,8
S2-E4,0,106,4,10,57,54,11,6,7.96,8
S2-E4,0,107,4,11,59,48,3,14,6.04,8
S2-E4,0,108,4,12,52,47,9,10,4.84,8
S2-E4,0,109,4,13,51,48,6,7,8.96,8
S2-E4,0,110,4,14,67,60,7,7,7.00,8
S2-E4,0,111,4,15,63,55,5,10,6.50,8
S2-E4,0,112,4,16,39,40,4,5,5.75,8
S2-E4,0,113,4,17,37,39,0,3,2.88,8
S2-E4,0,114,4,18,26,24,2,3,2.92,8
S2-E4,0,115,4,19,23,23,0,3,2.50,8
S2-E4,0,116,4,20,15,13,2,3,9.04,2
S2-E4,0,117,4,21,9,8,3,1,15.00,2
S2-E4,0,118,4,22,10,10,0,1,3.00,2
S2-E4,0,119,4,23,7,6,0,2,2.50,2
S2-E4,0,120,5,0,4,5,1,0,12.50,2
S2-E4,0,121,5,1,3,0,0,3,0.00,2
S2-E4,0,122,5,2,1,4,0,0,3.75,2
S2-E4,0,123,5,3,3,3,0,0,4.17,2
S2-E4,0,124,5,4,6,6,0,0,2.50,2
S2-E4,0,125,5,5,2,2,0,0,2.50,2
S2-E4,0,126,5,6,1,1,0,0,2.50,2
S2-E4,0,127,5,7,8,8,0,0,3.12,2
S2-E4,0,128,5,8,16,13,1,2,2.50,5
S2-E4,0,129,5,9,37,34,2,3,4.41,5
S2-E4,0,130,5,10,32,29,2,4,3.53,5
S2-E4,0,131,5,11,26,26,0,4,2.50,5
S2-E4,0,132,5,12,27,23,3,5,4.89,5
S2-E4,0,133,5,13,25,26,3,1,3.65,5
S2-E4,0,134,5,14,34,26,8,1,10.00,5
S2-E4,0,135,5,15,26,23,0,4,2.50,5
S2-E4,0,136,5,16,24,25,0,3,3.70,5
S2-E4,0,137,5,17,18,19,1,1,2.50,5
S2-E4,0,138,5,18,14,14,0,1,2.50,5
S2-E4,0,139,5,19,14,14,1,0,2.50,5
S2-E4,0,140,5,20,5,5,0,0,2.50,2
S2-E4,0,141,5,21,4,3,0,1,2.50,2
S2-E4,0,142,5,22,1,2,0,0,2.50,2
S2-E4,0,143,5,23,4,3,1,0,2.50,2
S2-E4,0,144,6,0,5,5,0,0,2.50,2
S2-E4,0,145,6,1,3,3,0,0,2.50,2
S2-E4,0,146,6,2,1,1,0,0,2.50,2
S2-E4,0,147,6,3,1,1,0,0,2.50,2
S2-E4,0,148,6,4,0,0,0,0,0.00,2
S2-E4,0,149,6,5,2,2,0,0,2.50,2
S2-E4,0,150,6,6,7,6,0,1,2.50,2
S2-E4,0,151,6,7,10,8,2,1,5.62,2
S2-E4,0,152,6,8,22,19,3,1,2.50,5
S2-E4,0,153,6,9,33,26,2,6,2.88,5
S2-E4,0,154,6,10,33,31,4,4,9.27,5
S2-E4,0,155,6,11,38,29,8,5,8.36,5
S2-E4,0,156,6,12,56,40,8,13,12.00,5
S2-E4,0,157,6,13,54,39,16,12,13.40,5
S2-E4,0,158,6,14,50,32,15,15,15.00,5
S2-E4,0,159,6,15,39,34,10,10,14.26,5
S2-E4,0,160,6,16,37,34,6,7,11.47,5
S2-E4,0,161,6,17,28,28,4,3,4.82,5
S2-E4,0,162,6,18,17,19,1,0,3.03,5
S2-E4,0,163,6,19,14,14,0,0,2.50,5
S2-E4,0,164,6,20,13,12,0,1,3.75,2
S2-E4,0,165,6,21,9,9,0,1,2.50,2
S2-E4,0,166,6,22,1,2,0,0,2.50,2
S2-E4,0,167,6,23,2,2,0,0,2.50,2
S2-E4,0,168,7,0,1,1,0,0,2.50,2
S2-E4,0,169,7,1,1,1,0,0,2.50,2
S2-E4,0,170,7,2,4,4,0,0,2.50,2
S2-E4,0,171,7,3,4,4,0,0,2.50,2
S2-E4,0,172,7,4,8,6,1,1,7.50,2
S2-E4,0,173,7,5,5,5,1,0,4.50,2
S2-E4,0,174,7,6,6,3,2,1,2.50,2
S2-E4,0,175,7,7,9,7,1,2,2.50,2
S2-E4,0,176,7,8,31,27,1,5,2.50,8
S2-E4,0,177,7,9,38,36,1,6,2.92,8
S2-E4,0,178,7,10,43,46,0,3,2.83,8
S2-E4,0,179,7,11,54,43,7,7,6.57,8
S2-E4,0,180,7,12,44,45,1,5,4.28,8
S2-E4,0,181,7,13,41,43,0,3,3.08,8
S2-E4,0,182,7,14,55,42,2,14,3.81,8
S2-E4,0,183,7,15,50,53,7,4,8.92,8
S2-E4,0,184,7,16,41,40,1,4,3.00,8
S2-E4,0,185,7,17,20,22,0,2,2.50,8
S2-E4,0,186,7,18,25,24,2,1,2.71,8
S2-E4,0,187,7,19,15,15,1,0,2.50,8
S2-E4,0,188,7,20,11,9,2,0,3.61,2
S2-E4,0,189,7,21,12,11,0,1,2.50,2
S2-E4,0,190,7,22,7,8,0,0,3.12,2
S2-E4,0,191,7,23,9,7,0,2,3.93,2
S2-E4,0,192,8,0,5,5,1,1,6.50,2
S2-E4,0,193,8,1,5,5,0,1,2.50,2
S2-E4,0,194,8,2,4,5,0,0,2.50,2
S2-E4,0,195,8,3,2,1,1,0,2.50,2
S2-E4,0,196,8,4,4,4,0,0,2.50,2
S2-E4,0,197,8,5,4,3,1,0,2.50,2
S2-E4,0,198,8,6,7,6,0,1,2.50,2
S2-E4,0,199,8,7,11,9,2,1,6.94,2
S2-E4,0,200,8,8,40,32,4,5,2.97,8
S2-E4,0,201,8,9,62,45,8,14,10.06,8
S2-E4,0,202,8,10,68,57,7,18,8.11,8
S2-E4,0,203,8,11,51,52,6,11,8.75,8
S2-E4,0,204,8,12,57,57,5,6,7.50,8
S2-E4,0,205,8,13,59,53,2,10,3.92,8
S2-E4,0,206,8,14,59,50,7,12,8.40,8
S2-E4,0,207,8,15,55,54,5,8,7.41,8
S2-E4,0,208,8,16,54,57,2,3,6.27,8
S2-E4,0,209,8,17,33,32,2,2,2.66,8
S2-E4,0,210,8,18,20,21,0,1,2.74,8
S2-E4,0,211,8,19,20,17,0,4,2.50,8
S2-E4,0,212,8,20,17,15,2,4,9.17,2
S2-E4,0,213,8,21,11,11,2,2,7.50,2
S2-E4,0,214,8,22,11,10,3,0,8.50,2
S2-E4,0,215,8,23,8,8,0,0,3.12,2
S2-E4,0,216,9,0,4,4,0,0,2.50,2
S2-E4,0,217,9,1,0,0,0,0,0.00,2
S2-E4,0,218,9,2,5,5,0,0,2.50,2
S2-E4,0,219,9,3,10,7,1,2,3.21,2
S2-E4,0,220,9,4,4,6,0,0,3.33,2
S2-E4,0,221,9,5,3,1,1,1,2.50,2
S2-E4,0,222,9,6,12,8,1,4,2.50,2
S2-E4,0,223,9,7,19,13,4,6,10.58,2
S2-E4,0,224,9,8,31,33,1,3,4.32,8
S2-E4,0,225,9,9,58,53,2,6,6.65,8
S2-E4,0,226,9,10,65,54,9,8,9.54,8
S2-E4,0,227,9,11,72,60,3,17,7.25,8
S2-E4,0,228,9,12,60,53,9,15,11.18,8
S2-E4,0,229,9,13,59,49,10,15,11.58,8
S2-E4,0,230,9,14,69,59,7,18,5.47,8
S2-E4,0,231,9,15,50,50,9,9,9.10,8
S2-E4,0,232,9,16,45,47,3,4,4.31,8
S2-E4,0,233,9,17,47,47,2,2,4.31,8
S2-E4,0,234,9,18,27,27,0,2,2.69,8
S2-E4,0,235,9,19,23,22,1,2,2.50,8
S2-E4,0,236,9,20,17,13,4,2,13.65,2
S2-E4,0,237,9,21,16,14,0,4,7.50,2
S2-E4,0,238,9,22,10,12,2,0,11.25,2
S2-E4,0,239,9,23,8,8,0,0,2.50,2
S2-E4,0,240,10,0,5,5,0,0,2.50,2
S2-E4,0,241,10,1,4,4,0,0,2.50,2
S2-E4,0,242,10,2,5,5,0,0,2.50,2
S2-E4,0,243,10,3,2,2,0,0,2.50,2
S2-E4,0,244,10,4,3,3,0,0,2.50,2
S2-E4,0,245,10,5,5,4,1,0,2.50,2
S2-E4,0,246,10,6,8,7,0,1,3.21,2
S2-E4,0,247,10,7,24,14,3,8,9.29,2
S2-E4,0,248,10,8,29,34,2,1,4.41,8
S2-E4,0,249,10,9,63,46,5,13,5.87,8
S2-E4,0,250,10,10,68,59,7,15,8.43,8
S2-E4,0,251,10,11,52,49,7,11,8.93,8
S2-E4,0,252,10,12,43,47,5,2,7.50,8
S2-E4,0,253,10,13,53,45,1,9,3.83,8
S2-E4,0,254,10,14,65,57,6,11,5.92,8
S2-E4,0,255,10,15,68,57,8,14,9.17,8
S2-E4,0,256,10,16,51,55,7,3,7.68,8
S2-E4,0,257,10,17,36,37,0,2,2.50,8
S2-E4,0,258,10,18,25,26,0,1,2.50,8
S2-E4,0,259,10,19,22,20,2,1,2.50,8
S2-E4,0,260,10,20,16,13,3,1,8.27,2
S2-E4,0,261,10,21,17,11,3,4,7.05,2
S2-E4,0,262,10,22,12,10,4,2,17.50,2
S2-E4,0,263,10,23,8,6,3,1,4.17,2
S2-E4,0,264,11,0,6,6,1,0,2.50,2
S2-E4,0,265,11,1,9,7,0,2,2.50,2
S2-E4,0,266,11,2,4,6,0,0,3.33,2
S2-E4,0,267,11,3,9,9,0,0,3.61,2
S2-E4,0,268,11,4,5,5,0,0,2.50,2
S2-E4,0,269,11,5,7,6,1,0,2.50,2
S2-E4,0,270,11,6,6,6,0,0,2.50,2
S2-E4,0,271,11,7,22,18,2,2,6.11,2
S2-E4,0,272,11,8,28,25,1,4,2.50,8
S2-E4,0,273,11,9,51,45,5,5,5.06,8
S2-E4,0,274,11,10,56,42,11,8,6.67,8
S2-E4,0,275,11,11,45,48,3,2,7.29,8
S2-E4,0,276,11,12,49,45,1,5,3.50,8
S2-E4,0,277,11,13,45,48,0,2,3.96,8
S2-E4,0,278,11,14,45,41,0,6,3.48,8
S2-E4,0,279,11,15,45,42,4,5,8.33,8
S2-E4,0,280,11,16,58,51,3,9,3.87,8
S2-E4,0,281,11,17,33,36,1,5,3.47,8
S2-E4,0,282,11,18,15,17,2,1,2.50,8
S2-E4,0,283,11,19,19,18,0,2,2.50,8
S2-E4,0,284,11,20,11,10,0,3,5.00,2
S2-E4,0,285,11,21,14,14,2,1,5.36,2
S2-E4,0,286,11,22,10,8,0,3,4.38,2
S2-E4,0,287,11,23,10,8,3,2,8.12,2
S2-E4,0,288,12,0,2,3,1,0,2.50,2
S2-E4,0,289,12,1,4,3,0,1,2.50,2
S2-E4,0,290,12,2,4,5,0,0,2.50,2
S2-E4,0,291,12,3,3,3,0,0,2.50,2
S2-E4,0,292,12,4,2,2,0,0,2.50,2
S2-E4,0,293,12,5,5,3,0,2,4.17,2
S2-E4,0,294,12,6,2,3,0,1,4.17,2
S2-E4,0,295,12,7,6,5,0,2,2.50,2
S2-E4,0,296,12,8,18,17,2,1,2.50,5
S2-E4,0,297,12,9,27,21,3,4,2.74,5
S2-E4,0,298,12,10,48,34,8,10,8.38,5
S2-E4,0,299,12,11,33,34,5,4,8.24,5
S2-E4,0,300,12,12,34,30,4,4,8.33,5
S2-E4,0,301,12,13,39,35,2,6,5.79,5
S2-E4,0,302,12,14,32,34,2,2,5.15,5
S2-E4,0,303,12,15,31,28,3,2,3.57,5
S2-E4,0,304,12,16,21,23,0,0,2.50,5
S2-E4,0,305,12,17,23,21,0,2,2.74,5
S2-E4,0,306,12,18,11,13,0,0,2.88,5
S2-E4,0,307,12,19,11,11,0,0,2.50,5
S2-E4,0,308,12,20,5,4,0,1,5.00,2
S2-E4,0,309,12,21,2,3,0,0,2.50,2
S2-E4,0,310,12,22,2,2,0,0,2.50,2
S2-E4,0,311,12,23,6,5,1,0,3.50,2
S2-E4,0,312,13,0,5,3,0,2,4.17,2
S2-E4,0,313,13,1,3,4,0,1,5.00,2
S2-E4,0,314,13,2,0,1,0,0,2.50,2
S2-E4,0,315,13,3,3,3,0,0,4.17,2
S2-E4,0,316,13,4,1,1,0,0,2.50,2
S2-E4,0,317,13,5,7,6,0,1,3.33,2
S2-E4,0,318,13,6,5,4,0,2,2.50,2
S2-E4,0,319,13,7,7,8,1,0,3.12,2
S2-E4,0,320,13,8,76,38,16,22,9.87,5
S2-E4,0,321,13,9,78,39,34,27,17.76,5
S2-E4,0,322,13,10,74,47,34,20,19.63,5
S2-E4,0,323,13,11,74,61,17,16,15.12,5
S2-E4,0,324,13,12,62,53,8,17,11.27,5
S2-E4,0,325,13,13,54,49,9,13,11.07,5
S2-E4,0,326,13,14,54,57,7,3,7.15,5
S2-E4,0,327,13,15,67,38,12,20,12.24,5
S2-E4,0,328,13,16,34,34,15,5,12.65,5
S2-E4,0,329,13,17,29,26,3,5,6.73,5
S2-E4,0,330,13,18,25,25,1,4,3.10,5
S2-E4,0,331,13,19,19,22,1,0,2.95,5
S2-E4,0,332,13,20,11,10,0,1,3.00,2
S2-E4,0,333,13,21,7,6,0,2,2.50,2
S2-E4,0,334,13,22,8,9,0,1,3.61,2
S2-E4,0,335,13,23,5,5,1,0,2.50,2
S2-E4,1,0,0,0,1,1,0,0,2.50,2
S2-E4,1,1,0,1,4,4,0,0,2.50,2
S2-E4,1,2,0,2,4,4,0,0,2.50,2
S2-E4,1,3,0,3,2,2,0,0,2.50,2
S2-E4,1,4,0,4,2,2,0,0,2.50,2
S2-E4,1,5,0,5,3,3,0,0,2.50,2
S2-E4,1,6,0,6,6,5,0,1,2.50,2
S2-E4,1,7,0,7,12,9,1,3,3.61,2
S2-E4,1,8,0,8,33,33,0,3,3.41,7
S2-E4,1,9,0,9,37,35,0,5,2.64,7
S2-E4,1,10,0,10,48,39,7,7,6.09,7
S2-E4,1,11,0,11,44,43,2,6,5.52,7
S2-E4,1,12,0,12,30,29,2,5,5.09,7
S2-E4,1,13,0,13,34,35,1,3,3.07,7
S2-E4,1,14,0,14,35,34,0,4,2.94,7
S2-E4,1,15,0,15,32,30,2,4,2.50,7
S2-E4,1,16,0,16,41,39,2,4,3.53,7
S2-E4,1,17,0,17,31,31,1,3,2.50,7
S2-E4,1,18,0,18,12,15,0,0,2.50,7
S2-E4,1,19,0,19,16,16,0,0,2.50,7
S2-E4,1,20,0,20,11,7,3,1,8.93,2
S2-E4,1,21,0,21,3,4,0,0,2.50,2
S2-E4,1,22,0,22,4,4,0,0,2.50,2
S2-E4,1,23,0,23,1,0,0,1,0.00,2
S2-E4,1,24,1,0,7,7,0,1,2.50,2
S2-E4,1,25,1,1,3,4,0,0,2.50,2
S2-E4,1,26,1,2,3,3,0,0,2.50,2
S2-E4,1,27,1,3,5,5,0,0,2.50,2
S2-E4,1,28,1,4,3,2,0,1,2.50,2
S2-E4,1,29,1,5,5,6,0,0,2.50,2
S2-E4,1,30,1,6,1,1,0,0,2.50,2
S2-E4,1,31,1,7,16,8,1,7,3.75,2
S2-E4,1,32,1,8,34,37,1,3,3.72,8
S2-E4,1,33,1,9,37,37,2,1,3.31,8
S2-E4,1,34,1,10,47,38,4,6,5.00,8
S2-E4,1,35,1,11,56,51,5,6,5.44,8
S2-E4,1,36,1,12,44,41,2,7,3.96,8
S2-E4,1,37,1,13,52,47,4,8,4.84,8
S2-E4,1,38,1,14,54,53,2,7,5.42,8
S2-E4,1,39,1,15,48,50,3,2,5.10,8
S2-E4,1,40,1,16,43,39,1,5,2.76,8
S2-E4,1,41,1,17,30,30,2,3,2.83,8
S2-E4,1,42,1,18,25,25,0,3,2.50,8
S2-E4,1,43,1,19,15,17,0,1,2.50,8
S2-E4,1,44,1,20,12,10,1,2,6.00,2
S2-E4,1,45,1,21,12,10,1,3,8.00,2
S2-E4,1,46,1,22,9,11,1,0,8.41,2
S2-E4,1,47,1,23,4,3,0,1,2.50,2
S2-E4,1,48,2,0,1,2,0,0,2.50,2
S2-E4,1,49,2,1,6,5,1,0,2.50,2
S2-E4,1,50,2,2,2,2,0,0,2.50,2
S2-E4,1,51,2,3,1,1,0,0,2.50,2
S2-E4,1,52,2,4,4,3,0,1,2.50,2
S2-E4,1,53,2,5,7,7,1,0,2.50,2
S2-E4,1,54,2,6,6,6,0,0,2.50,2
S2-E4,1,55,2,7,20,13,2,5,9.81,2
S2-E4,1,56,2,8,36,38,0,3,3.55,8
S2-E4,1,57,2,9,40,39,1,3,3.53,8
S2-E4,1,58,2,10,63,44,10,12,8.41,8
S2-E4,1,59,2,11,37,44,3,2,8.07,8
S2-E4,1,60,2,12,37,34,3,2,2.50,8
S2-E4,1,61,2,13,49,45,1,5,2.50,8
S2-E4,1,62,2,14,51,42,2,12,4.52,8
S2-E4,1,63,2,15,31,40,3,0,4.12,8
S2-E4,1,64,2,16,24,20,3,1,2.75,8
S2-E4,1,65,2,17,30,29,1,1,2.50,8
S2-E4,1,66,2,18,25,25,0,1,2.50,8
S2-E4,1,67,2,19,20,20,1,0,2.50,8
S2-E4,1,68,2,20,14,9,2,3,5.28,2
S2-E4,1,69,2,21,6,8,1,0,3.75,2
S2-E4,1,70,2,22,5,4,1,0,3.75,2
S2-E4,1,71,2,23,4,2,0,2,2.50,2
S2-E4,1,72,3,0,3,5,0,0,2.50,2
S2-E4,1,73,3,1,4,3,0,1,2.50,2
S2-E4,1,74,3,2,2,3,0,0,2.50,2
S2-E4,1,75,3,3,1,1,0,0,2.50,2
S2-E4,1,76,3,4,7,6,0,1,2.50,2
S2-E4,1,77,3,5,4,4,1,0,2.50,2
S2-E4,1,78,3,6,5,5,0,0,2.50,2
S2-E4,1,79,3,7,24,14,4,6,12.14,2
S2-E4,1,80,3,8,44,41,5,4,2.87,8
S2-E4,1,81,3,9,68,53,5,14,5.99,8
S2-E4,1,82,3,10,75,64,10,15,9.14,8
S2-E4,1,83,3,11,81,58,14,24,11.03,8
S2-E4,1,84,3,12,46,47,13,10,13.14,8
S2-E4,1,85,3,13,70,60,6,14,7.83,8
S2-E4,1,86,3,14,58,54,5,13,10.28,8
S2-E4,1,87,3,15,41,46,3,5,7.28,8
S2-E4,1,88,3,16,51,43,0,13,5.06,8
S2-E4,1,89,3,17,44,46,8,3,11.09,8
S2-E4,1,90,3,18,32,32,0,3,2.81,8
S2-E4,1,91,3,19,26,25,0,4,2.50,8
S2-E4,1,92,3,20,17,14,6,1,8.93,2
S2-E4,1,93,3,21,11,9,1,2,9.72,2
S2-E4,1,94,3,22,5,6,0,1,2.50,2
S2-E4,1,95,3,23,7,7,0,1,3.21,2
S2-E4,1,96,4,0,6,6,0,1,2.50,2
S2-E4,1,97,4,1,9,7,2,1,3.21,2
S2-E4,1,98,4,2,1,2,0,0,5.00,2
S2-E4,1,99,4,3,8,7,0,1,3.93,2
S2-E4,1,100,4,4,8,8,0,1,2.50,2
S2-E4,1,101,4,5,3,3,1,0,4.17,2
S2-E4,1,102,4,6,11,10,1,0,2.50,2
S2-E4,1,103,4,7,18,10,4,4,9.50,2
S2-E4,1,104,4,8,34,33,2,3,2.95,8
S2-E4,1,105,4,9,48,38,7,6,5.92,8
S2-E4,1,106,4,10,81,58,6,23,8.19,8
S2-E4,1,107,4,11,71,68,12,14,10.66,8
S2-E4,1,108,4,12,60,56,6,12,9.82,8
S2-E4,1,109,4,13,61,49,6,18,10.15,8
S2-E4,1,110,4,14,77,62,18,15,15.08,8
S2-E4,1,111,4,15,77,76,4,12,6.12,8
S2-E4,1,112,4,16,52,56,4,4,2.95,8
S2-E4,1,113,4,17,40,43,0,1,2.50,8
S2-E4,1,114,4,18,28,26,0,3,2.50,8
S2-E4,1,115,4,19,4,7,0,0,2.50,8
S2-E4,1,116,4,20,13,8,2,3,7.50,2
S2-E4,1,117,4,21,12,10,2,3,7.00,2
S2-E4,1,118,4,22,13,15,1,0,7.50,2
S2-E4,1,119,4,23,4,4,0,0,2.50,2
S2-E4,1,120,5,0,6,6,0,0,2.50,2
S2-E4,1,121,5,1,5,5,0,0,2.50,2
S2-E4,1,122,5,2,5,4,0,1,2.50,2
S2-E4,1,123,5,3,4,3,1,1,2.50,2
S2-E4,1,124,5,4,6,7,0,0,3.21,2
S2-E4,1,125,5,5,8,6,0,2,2.50,2
S2-E4,1,126,5,6,13,11,0,4,3.41,2
S2-E4,1,127,5,7,22,15,6,5,13.83,2
S2-E4,1,128,5,8,36,34,1,6,10.00,5
S2-E4,1,129,5,9,61,35,11,21,9.64,5
S2-E4,1,130,5,10,80,42,37,22,22.50,5
S2-E4,1,131,5,11,70,53,20,19,14.01,5
S2-E4,1,132,5,12,62,56,10,15,8.30,5
S2-E4,1,133,5,13,81,65,18,13,10.42,5
S2-E4,1,134,5,14,74,59,11,17,9.28,5
S2-E4,1,135,5,15,64,57,6,18,10.92,5
S2-E4,1,136,5,16,41,48,7,4,6.56,5
S2-E4,1,137,5,17,45,38,5,6,5.92,5
S2-E4,1,138,5,18,40,34,3,9,13.38,5
S2-E4,1,139,5,19,24,27,3,3,6.20,5
S2-E4,1,140,5,20,15,13,0,5,3.65,2
S2-E4,1,141,5,21,13,14,2,2,12.14,2
S2-E4,1,142,5,22,15,10,3,4,12.00,2
S2-E4,1,143,5,23,16,12,2,6,10.00,2
S2-E4,1,144,6,0,7,8,3,2,8.12,2
S2-E4,1,145,6,1,9,10,0,1,4.50,2
S2-E4,1,146,6,2,2,3,0,0,2.50,2
S2-E4,1,147,6,3,4,4,0,0,2.50,2
S2-E4,1,148,6,4,7,5,2,0,2.50,2
S2-E4,1,149,6,5,9,8,0,1,5.00,2
S2-E4,1,150,6,6,8,8,0,1,3.12,2
S2-E4,1,151,6,7,3,4,0,0,2.50,2
S2-E4,1,152,6,8,12,11,0,1,2.50,5
S2-E4,1,153,6,9,24,21,0,4,2.50,5
S2-E4,1,154,6,10,38,35,3,4,7.07,5
S2-E4,1,155,6,11,27,23,3,5,3.37,5
S2-E4,1,156,6,12,29,28,2,4,11.07,5
S2-E4,1,157,6,13,18,18,2,2,6.94,5
S2-E4,1,158,6,14,37,30,1,8,3.83,5
S2-E4,1,159,6,15,20,23,3,2,5.11,5
S2-E4,1,160,6,16,22,21,3,0,3.93,5
S2-E4,1,161,6,17,22,19,0,3,2.50,5
S2-E4,1,162,6,18,11,14,0,0,2.50,5
S2-E4,1,163,6,19,12,10,0,2,2.50,5
S2-E4,1,164,6,20,10,12,0,0,4.58,2
S2-E4,1,165,6,21,12,11,1,0,5.68,2
S2-E4,1,166,6,22,7,5,0,2,2.50,2
S2-E4,1,167,6,23,5,6,0,1,3.33,2
S2-E4,1,168,7,0,4,5,0,0,4.50,2
S2-E4,1,169,7,1,3,3,0,0,2.50,2
S2-E4,1,170,7,2,4,3,0,1,2.50,2
S2-E4,1,171,7,3,3,4,0,0,2.50,2
S2-E4,1,172,7,4,4,3,1,0,2.50,2
S2-E4,1,173,7,5,5,5,0,0,2.50,2
S2-E4,1,174,7,6,9,9,0,0,4.17,2
S2-E4,1,175,7,7,13,10,2,1,7.50,2
S2-E4,1,176,7,8,55,48,1,7,3.23,8
S2-E4,1,177,7,9,52,51,5,3,3.97,8
S2-E4,1,178,7,10,76,56,9,14,8.66,8
S2-E4,1,179,7,11,62,57,7,12,7.32,8
S2-E4,1,180,7,12,57,49,11,9,10.66,8
S2-E4,1,181,7,13,56,49,3,13,9.13,8
S2-E4,1,182,7,14,76,60,10,19,9.33,8
S2-E4,1,183,7,15,54,64,7,2,8.75,8
S2-E4,1,184,7,16,101,67,8,28,9.81,8
S2-E4,1,185,7,17,62,65,15,10,12.19,8
S2-E4,1,186,7,18,53,50,5,8,6.20,8
S2-E4,1,187,7,19,38,37,5,4,4.93,8
S2-E4,1,188,7,20,32,10,9,17,17.50,2
S2-E4,1,189,7,21,13,17,11,2,12.50,2
S2-E4,1,190,7,22,17,12,3,4,15.42,2
S2-E4,1,191,7,23,9,10,3,0,10.00,2
S2-E4,1,192,8,0,14,8,1,5,8.12,2
S2-E4,1,193,8,1,7,11,0,1,10.23,2
S2-E4,1,194,8,2,4,5,0,0,2.50,2
S2-E4,1,195,8,3,4,4,0,0,2.50,2
S2-E4,1,196,8,4,5,5,0,0,4.50,2
S2-E4,1,197,8,5,3,3,0,0,2.50,2
S2-E4,1,198,8,6,10,9,1,0,3.06,2
S2-E4,1,199,8,7,22,14,4,4,13.21,2
S2-E4,1,200,8,8,28,28,1,3,3.04,8
S2-E4,1,201,8,9,43,39,2,5,3.14,8
S2-E4,1,202,8,10,45,43,2,5,2.97,8
S2-E4,1,203,8,11,42,41,2,4,2.87,8
S2-E4,1,204,8,12,31,33,0,2,2.80,8
S2-E4,1,205,8,13,55,50,1,6,3.70,8
S2-E4,1,206,8,14,54,51,5,4,8.19,8
S2-E4,1,207,8,15,44,45,0,3,2.72,8
S2-E4,1,208,8,16,43,40,4,2,3.75,8
S2-E4,1,209,8,17,28,23,1,6,2.50,8
S2-E4,1,210,8,18,21,25,2,0,2.50,8
S2-E4,1,211,8,19,16,13,1,2,2.50,8
S2-E4,1,212,8,20,14,13,2,1,7.88,2
S2-E4,1,213,8,21,16,11,5,1,11.14,2
S2-E4,1,214,8,22,10,10,0,1,2.50,2
S2-E4,1,215,8,23,11,9,1,2,4.72,2
S2-E4,1,216,9,0,5,5,1,1,2.50,2
S2-E4,1,217,9,1,2,3,0,0,2.50,2
S2-E4,1,218,9,2,7,6,0,1,2.50,2
S2-E4,1,219,9,3,4,5,0,0,2.50,2
S2-E4,1,220,9,4,8,6,0,2,2.50,2
S2-E4,1,221,9,5,5,7,0,0,2.50,2
S2-E4,1,222,9,6,8,5,0,3,2.50,2
S2-E4,1,223,9,7,23,15,3,8,11.83,2
S2-E4,1,224,9,8,25,29,3,1,3.19,8
S2-E4,1,225,9,9,51,46,1,5,4.67,8
S2-E4,1,226,9,10,49,45,3,6,2.94,8
S2-E4,1,227,9,11,34,33,3,4,2.80,8
S2-E4,1,228,9,12,45,43,2,4,4.36,8
S2-E4,1,229,9,13,46,43,0,7,2.73,8
S2-E4,1,230,9,14,47,45,1,8,5.50,8
S2-E4,1,231,9,15,51,51,3,5,4.46,8
S2-E4,1,232,9,16,38,35,1,7,2.50,8
S2-E4,1,233,9,17,26,32,0,1,3.59,8
S2-E4,1,234,9,18,18,18,0,1,2.50,8
S2-E4,1,235,9,19,10,9,1,1,2.50,8
S2-E4,1,236,9,20,6,6,0,1,2.50,2
S2-E4,1,237,9,21,6,6,0,1,2.50,2
S2-E4,1,238,9,22,10,10,0,1,3.50,2
S2-E4,1,239,9,23,9,8,0,2,5.00,2
S2-E4,1,240,10,0,4,4,0,2,2.50,2
S2-E4,1,241,10,1,4,5,1,0,3.50,2
S2-E4,1,242,10,2,5,5,0,0,4.50,2
S2-E4,1,243,10,3,3,3,0,0,2.50,2
S2-E4,1,244,10,4,1,1,0,0,2.50,2
S2-E4,1,245,10,5,2,1,0,1,2.50,2
S2-E4,1,246,10,6,2,2,0,1,2.50,2
S2-E4,1,247,10,7,8,9,0,0,4.72,2
S2-E4,1,248,10,8,27,24,1,2,2.50,8
S2-E4,1,249,10,9,46,36,1,11,5.56,8
S2-E4,1,250,10,10,49,53,4,3,4.95,8
S2-E4,1,251,10,11,49,44,2,6,2.95,8
S2-E4,1,252,10,12,34,36,2,2,4.03,8
S2-E4,1,253,10,13,50,43,5,4,6.22,8
S2-E4,1,254,10,14,59,55,4,4,5.32,8
S2-E4,1,255,10,15,50,42,7,5,6.07,8
S2-E4,1,256,10,16,46,45,2,4,2.61,8
S2-E4,1,257,10,17,28,28,1,3,3.93,8
S2-E4,1,258,10,18,20,20,1,2,2.50,8
S2-E4,1,259,10,19,12,11,1,2,2.50,8
S2-E4,1,260,10,20,8,7,3,0,4.64,2
S2-E4,1,261,10,21,12,10,0,2,5.00,2
S2-E4,1,262,10,22,8,10,0,0,4.00,2
S2-E4,1,263,10,23,5,4,0,1,2.50,2
S2-E4,1,264,11,0,5,6,0,0,5.00,2
S2-E4,1,265,11,1,4,3,0,1,2.50,2
S2-E4,1,266,11,2,9,9,0,1,2.50,2
S2-E4,1,267,11,3,4,4,0,1,2.50,2
S2-E4,1,268,11,4,3,3,0,1,2.50,2
S2-E4,1,269,11,5,9,7,0,3,3.21,2
S2-E4,1,270,11,6,8,11,0,0,7.05,2
S2-E4,1,271,11,7,17,13,2,2,8.27,2
S2-E4,1,272,11,8,36,35,0,3,2.79,8
S2-E4,1,273,11,9,64,51,5,11,3.38,8
S2-E4,1,274,11,10,86,65,8,24,10.42,8
S2-E4,1,275,11,11,91,72,18,25,12.22,8
S2-E4,1,276,11,12,62,64,10,13,12.11,8
S2-E4,1,277,11,13,68,57,10,14,11.45,8
S2-E4,1,278,11,14,84,57,16,25,12.50,8
S2-E4,1,279,11,15,77,66,18,18,12.58,8
S2-E4,1,280,11,16,62,59,10,11,8.26,8
S2-E4,1,281,11,17,46,49,3,5,5.66,8
S2-E4,1,282,11,18,33,32,0,6,2.50,8
S2-E4,1,283,11,19,33,36,0,3,3.19,8
S2-E4,1,284,11,20,11,9,2,3,3.61,2
S2-E4,1,285,11,21,15,14,2,2,10.00,2
S2-E4,1,286,11,22,4,5,1,0,4.50,2
S2-E4,1,287,11,23,6,4,1,1,2.50,2
S2-E4,1,288,12,0,5,6,0,0,2.50,2
S2-E4,1,289,12,1,5,4,1,0,3.75,2
S2-E4,1,290,12,2,3,3,0,0,2.50,2
S2-E4,1,291,12,3,10,9,0,1,4.17,2
S2-E4,1,292,12,4,5,6,0,0,5.00,2
S2-E4,1,293,12,5,8,7,0,1,2.50,2
S2-E4,1,294,12,6,12,13,0,0,6.35,2
S2-E4,1,295,12,7,17,11,2,4,12.05,2
S2-E4,1,296,12,8,25,26,0,3,3.46,5
S2-E4,1,297,12,9,36,28,4,7,7.68,5
S2-E4,1,298,12,10,47,35,7,12,12.93,5
S2-E4,1,299,12,11,55,36,14,17,14.72,5
S2-E4,1,300,12,12,40,32,13,12,13.91,5
S2-E4,1,301,12,13,42,36,10,8,12.22,5
S2-E4,1,302,12,14,40,29,8,11,12.16,5
S2-E4,1,303,12,15,29,31,7,2,7.02,5
S2-E4,1,304,12,16,34,29,3,4,3.36,5
S2-E4,1,305,12,17,24,23,1,4,4.02,5
S2-E4,1,306,12,18,26,25,2,3,3.90,5
S2-E4,1,307,12,19,17,17,2,1,2.50,5
S2-E4,1,308,12,20,7,7,0,1,3.93,2
S2-E4,1,309,12,21,10,9,1,1,3.06,2
S2-E4,1,310,12,22,2,2,0,1,2.50,2
S2-E4,1,311,12,23,7,7,0,1,4.64,2
S2-E4,1,312,13,0,5,5,0,1,2.50,2
S2-E4,1,313,13,1,4,4,0,1,2.50,2
S2-E4,1,314,13,2,3,3,0,1,2.50,2
S2-E4,1,315,13,3,3,4,0,0,2.50,2
S2-E4,1,316,13,4,2,2,0,0,2.50,2
S2-E4,1,317,13,5,1,1,0,0,2.50,2
S2-E4,1,318,13,6,5,5,0,0,2.50,2
S2-E4,1,319,13,7,8,5,1,2,2.50,2
S2-E4,1,320,13,8,16,18,0,0,2.50,5
S2-E4,1,321,13,9,30,26,1,3,3.65,5
S2-E4,1,322,13,10,20,19,1,3,2.76,5
S2-E4,1,323,13,11,30,30,1,2,3.50,5
S2-E4,1,324,13,12,28,28,0,2,3.93,5
S2-E4,1,325,13,13,27,28,0,1,3.57,5
S2-E4,1,326,13,14,21,19,2,1,2.50,5
S2-E4,1,327,13,15,27,25,1,2,3.50,5
S2-E4,1,328,13,16,19,20,0,1,2.75,5
S2-E4,1,329,13,17,17,16,0,2,2.81,5
S2-E4,1,330,13,18,17,17,2,0,3.09,5
S2-E4,1,331,13,19,11,11,0,0,2.50,5
S2-E4,1,332,13,20,4,4,0,0,2.50,2
S2-E4,1,333,13,21,13,11,1,1,7.05,2
S2-E4,1,334,13,22,3,4,0,0,2.50,2
S2-E4,1,335,13,23,0,0,0,0,0.00,2
S2-E4,2,0,0,0,9,8,0,1,3.12,2
S2-E4,2,1,0,1,2,3,0,0,2.50,2
S2-E4,2,2,0,2,4,4,0,0,2.50,2
S2-E4,2,3,0,3,5,5,0,0,5.50,2
S2-E4,2,4,0,4,4,3,0,1,2.50,2
S2-E4,2,5,0,5,3,4,0,0,8.75,2
S2-E4,2,6,0,6,7,6,1,0,4.17,2
S2-E4,2,7,0,7,15,8,0,7,6.88,2
S2-E4,2,8,0,8,29,31,1,4,4.44,7
S2-E4,2,9,0,9,62,50,3,13,4.90,7
S2-E4,2,10,0,10,74,53,13,21,13.82,7
S2-E4,2,11,0,11,73,52,25,17,13.37,7
S2-E4,2,12,0,12,54,49,11,11,13.52,7
S2-E4,2,13,0,13,67,52,10,16,10.67,7
S2-E4,2,14,0,14,78,60,8,26,13.50,7
S2-E4,2,15,0,15,71,55,23,19,17.95,7
S2-E4,2,16,0,16,51,57,7,6,9.61,7
S2-E4,2,17,0,17,35,38,1,2,3.95,7
S2-E4,2,18,0,18,36,37,0,1,3.04,7
S2-E4,2,19,0,19,25,25,0,1,2.50,7
S2-E4,2,20,0,20,17,10,7,1,10.00,2
S2-E4,2,21,0,21,9,6,1,3,2.50,2
S2-E4,2,22,0,22,14,11,6,0,10.23,2
S2-E4,2,23,0,23,12,9,1,2,4.17,2
S2-E4,2,24,1,0,8,8,0,2,2.50,2
S2-E4,2,25,1,1,7,9,0,0,5.28,2
S2-E4,2,26,1,2,10,9,1,0,3.06,2
S2-E4,2,27,1,3,5,5,0,0,2.50,2
S2-E4,2,28,1,4,10,9,1,0,3.06,2
S2-E4,2,29,1,5,12,9,1,2,7.50,2
S2-E4,2,30,1,6,11,12,0,1,2.92,2
S2-E4,2,31,1,7,13,12,0,2,6.25,2
S2-E4,2,32,1,8,33,29,1,5,2.84,8
S2-E4,2,33,1,9,64,50,4,15,4.60,8
S2-E4,2,34,1,10,74,64,12,13,7.81,8
S2-E4,2,35,1,11,70,60,5,18,7.08,8
S2-E4,2,36,1,12,55,60,6,7,7.67,8
S2-E4,2,37,1,13,55,44,6,12,8.64,8
S2-E4,2,38,1,14,49,49,5,7,7.70,8
S2-E4,2,39,1,15,51,50,3,5,4.60,8
S2-E4,2,40,1,16,45,45,0,5,2.72,8
S2-E4,2,41,1,17,31,34,0,2,2.50,8
S2-E4,2,42,1,18,25,25,1,1,2.50,8
S2-E4,2,43,1,19,24,23,1,1,2.50,8
S2-E4,2,44,1,20,22,10,5,8,10.00,2
S2-E4,2,45,1,21,17,14,7,4,18.21,2
S2-E4,2,46,1,22,8,9,2,1,8.06,2
S2-E4,2,47,1,23,11,11,1,0,3.86,2
S2-E4,2,48,2,0,13,10,2,1,5.00,2
S2-E4,2,49,2,1,5,6,0,0,4.17,2
S2-E4,2,50,2,2,7,5,1,1,3.50,2
S2-E4,2,51,2,3,4,5,0,0,2.50,2
S2-E4,2,52,2,4,6,4,2,0,3.75,2
S2-E4,2,53,2,5,5,5,0,0,2.50,2
S2-E4,2,54,2,6,7,6,0,1,2.50,2
S2-E4,2,55,2,7,18,7,4,8,17.50,2
S2-E4,2,56,2,8,31,35,0,4,4.64,8
S2-E4,2,57,2,9,67,54,5,12,7.22,8
S2-E4,2,58,2,10,74,47,16,23,15.90,8
S2-E4,2,59,2,11,53,54,13,9,11.02,8
S2-E4,2,60,2,12,50,51,4,4,3.28,8
S2-E4,2,61,2,13,66,55,7,8,9.05,8
S2-E4,2,62,2,14,52,49,4,7,4.03,8
S2-E4,2,63,2,15,38,39,4,2,3.78,8
S2-E4,2,64,2,16,52,47,1,6,3.03,8
S2-E4,2,65,2,17,34,35,1,4,2.50,8
S2-E4,2,66,2,18,26,27,0,3,2.69,8
S2-E4,2,67,2,19,27,25,2,3,2.50,8
S2-E4,2,68,2,20,15,11,4,3,12.05,2
S2-E4,2,69,2,21,13,9,3,4,6.94,2
S2-E4,2,70,2,22,10,14,0,0,7.86,2
S2-E4,2,71,2,23,9,8,1,0,2.50,2
S2-E4,2,72,3,0,10,9,1,0,3.61,2
S2-E4,2,73,3,1,3,3,0,0,2.50,2
S2-E4,2,74,3,2,5,4,0,1,2.50,2
S2-E4,2,75,3,3,12,10,1,2,3.50,2
S2-E4,2,76,3,4,10,10,0,2,7.00,2
S2-E4,2,77,3,5,3,5,0,0,7.50,2
S2-E4,2,78,3,6,11,10,1,0,3.00,2
S2-E4,2,79,3,7,25,13,1,11,10.58,2
S2-E4,2,80,3,8,41,48,1,3,4.79,8
S2-E4,2,81,3,9,90,54,7,32,8.52,8
S2-E4,2,82,3,10,101,79,29,25,14.08,8
S2-E4,2,83,3,11,80,83,8,14,10.45,8
S2-E4,2,84,3,12,78,81,2,9,9.04,8
S2-E4,2,85,3,13,81,68,7,15,8.31,8
S2-E4,2,86,3,14,85,79,6,15,5.92,8
S2-E4,2,87,3,15,69,78,2,4,4.42,8
S2-E4,2,88,3,16,61,42,8,15,7.74,8
S2-E4,2,89,3,17,42,48,6,3,8.85,8
S2-E4,2,90,3,18,35,31,2,5,2.50,8
S2-E4,2,91,3,19,23,24,2,2,2.50,8
S2-E4,2,92,3,20,14,12,3,1,7.50,2
S2-E4,2,93,3,21,11,9,0,3,3.06,2
S2-E4,2,94,3,22,14,11,4,2,9.77,2
S2-E4,2,95,3,23,15,13,0,4,5.58,2
S2-E4,2,96,4,0,7,9,2,0,11.94,2
S2-E4,2,97,4,1,10,10,0,0,2.50,2
S2-E4,2,98,4,2,8,7,0,1,2.50,2
S2-E4,2,99,4,3,8,6,1,2,4.17,2
S2-E4,2,100,4,4,3,4,0,1,2.50,2
S2-E4,2,101,4,5,5,5,0,1,3.50,2
S2-E4,2,102,4,6,11,9,3,0,2.50,2
S2-E4,2,103,4,7,23,11,4,8,9.77,2
S2-E4,2,104,4,8,40,41,1,6,4.09,8
S2-E4,2,105,4,9,60,52,5,9,6.54,8
S2-E4,2,106,4,10,67,52,10,14,9.62,8
S2-E4,2,107,4,11,64,57,8,13,9.78,8
S2-E4,2,108,4,12,48,49,8,4,7.81,8
S2-E4,2,109,4,13,60,51,6,7,6.81,8
S2-E4,2,110,4,14,50,45,5,7,3.28,8
S2-E4,2,111,4,15,60,49,6,12,9.44,8
S2-E4,2,112,4,16,61,47,8,18,5.37,8
S2-E4,2,113,4,17,35,44,5,4,6.14,8
S2-E4,2,114,4,18,32,31,1,4,2.50,8
S2-E4,2,115,4,19,42,43,1,2,3.20,8
S2-E4,2,116,4,20,25,14,4,9,16.07,2
S2-E4,2,117,4,21,19,13,9,6,21.73,2
S2-E4,2,118,4,22,14,13,3,4,16.35,2
S2-E4,2,119,4,23,15,15,2,2,7.50,2
S2-E4,2,120,5,0,7,8,0,1,5.00,2
S2-E4,2,121,5,1,5,5,0,1,2.50,2
S2-E4,2,122,5,2,1,2,0,0,2.50,2
S2-E4,2,123,5,3,0,0,0,0,0.00,2
S2-E4,2,124,5,4,1,1,0,0,2.50,2
S2-E4,2,125,5,5,3,3,0,0,2.50,2
S2-E4,2,126,5,6,5,4,0,1,2.50,2
S2-E4,2,127,5,7,5,6,0,0,2.50,2
S2-E4,2,128,5,8,23,21,0,2,3.45,5
S2-E4,2,129,5,9,30,24,1,7,5.42,5
S2-E4,2,130,5,10,44,31,7,13,13.31,5
S2-E4,2,131,5,11,41,36,10,8,12.78,5
S2-E4,2,132,5,12,25,27,4,2,5.46,5
S2-E4,2,133,5,13,30,30,1,1,5.67,5
S2-E4,2,134,5,14,35,27,4,5,5.46,5
S2-E4,2,135,5,15,24,29,0,0,4.57,5
S2-E4,2,136,5,16,34,26,4,4,6.15,5
S2-E4,2,137,5,17,24,24,2,2,3.12,5
S2-E4,2,138,5,18,23,20,3,2,2.50,5
S2-E4,2,139,5,19,6,7,1,0,2.50,5
S2-E4,2,140,5,20,7,6,0,1,2.50,2
S2-E4,2,141,5,21,8,9,0,0,2.50,2
S2-E4,2,142,5,22,6,5,0,1,2.50,2
S2-E4,2,143,5,23,4,5,0,0,4.50,2
S2-E4,2,144,6,0,2,2,0,0,2.50,2
S2-E4,2,145,6,1,3,2,0,1,2.50,2
S2-E4,2,146,6,2,5,6,0,0,2.50,2
S2-E4,2,147,6,3,2,2,0,0,2.50,2
S2-E4,2,148,6,4,1,1,0,0,2.50,2
S2-E4,2,149,6,5,0,0,0,0,0.00,2
S2-E4,2,150,6,6,2,2,0,0,2.50,2
S2-E4,2,151,6,7,4,1,1,2,2.50,2
S2-E4,2,152,6,8,12,13,0,1,2.50,5
S2-E4,2,153,6,9,15,14,1,1,2.50,5
S2-E4,2,154,6,10,19,14,4,2,2.50,5
S2-E4,2,155,6,11,23,23,0,2,3.15,5
S2-E4,2,156,6,12,12,11,1,2,2.50,5
S2-E4,2,157,6,13,19,18,1,2,2.50,5
S2-E4,2,158,6,14,16,15,1,2,2.50,5
S2-E4,2,159,6,15,27,26,0,3,3.85,5
S2-E4,2,160,6,16,12,15,0,0,3.17,5
S2-E4,2,161,6,17,12,11,0,1,2.50,5
S2-E4,2,162,6,18,7,8,0,0,2.50,5
S2-E4,2,163,6,19,8,7,1,0,2.50,5
S2-E4,2,164,6,20,9,9,0,0,3.06,2
S2-E4,2,165,6,21,0,0,0,0,0.00,2
S2-E4,2,166,6,22,2,2,0,0,2.50,2
S2-E4,2,167,6,23,2,2,0,0,2.50,2
S2-E4,2,168,7,0,2,2,0,0,2.50,2
S2-E4,2,169,7,1,0,0,0,0,0.00,2
S2-E4,2,170,7,2,2,1,0,1,2.50,2
S2-E4,2,171,7,3,3,2,0,2,2.50,2
S2-E4,2,172,7,4,2,3,0,1,4.17,2
S2-E4,2,173,7,5,2,3,0,0,2.50,2
S2-E4,2,174,7,6,3,2,0,1,2.50,2
S2-E4,2,175,7,7,13,11,0,3,4.32,2
S2-E4,2,176,7,8,31,33,0,1,2.80,8
S2-E4,2,177,7,9,45,38,2,6,2.50,8
S2-E4,2,178,7,10,50,46,2,8,2.72,8
S2-E4,2,179,7,11,52,46,8,6,4.78,8
S2-E4,2,180,7,12,51,43,3,11,3.78,8
S2-E4,2,181,7,13,41,45,3,4,4.17,8
S2-E4,2,182,7,14,40,40,0,4,2.62,8
S2-E4,2,183,7,15,50,49,4,1,2.91,8
S2-E4,2,184,7,16,48,41,3,5,4.09,8
S2-E4,2,185,7,17,37,38,0,4,3.55,8
S2-E4,2,186,7,18,21,22,0,3,2.50,8
S2-E4,2,187,7,19,16,18,1,0,2.50,8
S2-E4,2,188,7,20,11,7,3,1,16.07,2
S2-E4,2,189,7,21,7,7,0,1,8.21,2
S2-E4,2,190,7,22,8,9,0,0,3.06,2
S2-E4,2,191,7,23,6,6,0,0,2.50,2
S2-E4,2,192,8,0,5,4,0,1,2.50,2
S2-E4,2,193,8,1,7,7,0,1,2.50,2
S2-E4,2,194,8,2,3,4,0,0,2.50,2
S2-E4,2,195,8,3,6,5,0,1,2.50,2
S2-E4,2,196,8,4,0,1,0,0,7.50,2
S2-E4,2,197,8,5,8,6,0,2,3.33,2
S2-E4,2,198,8,6,7,8,0,1,5.00,2
S2-E4,2,199,8,7,15,12,2,2,3.75,2
S2-E4,2,200,8,8,40,37,2,3,3.31,8
S2-E4,2,201,8,9,166,72,26,71,13.75,8
S2-E4,2,202,8,10,151,86,84,52,24.13,8
S2-E4,2,203,8,11,144,93,45,58,19.76,8
S2-E4,2,204,8,12,95,85,48,20,16.56,8
S2-E4,2,205,8,13,109,97,13,19,9.05,8
S2-E4,2,206,8,14,110,88,21,20,9.89,8
S2-E4,2,207,8,15,78,76,9,13,7.04,8
S2-E4,2,208,8,16,61,60,5,9,5.58,8
S2-E4,2,209,8,17,54,52,4,7,8.08,8
S2-E4,2,210,8,18,26,32,0,1,3.59,8
S2-E4,2,211,8,19,40,35,2,4,2.64,8
S2-E4,2,212,8,20,18,12,6,4,16.67,2
S2-E4,2,213,8,21,13,11,4,2,9.77,2
S2-E4,2,214,8,22,9,8,2,1,4.38,2
S2-E4,2,215,8,23,11,10,1,1,4.50,2
S2-E4,2,216,9,0,8,8,0,1,3.12,2
S2-E4,2,217,9,1,7,6,0,2,5.83,2
S2-E4,2,218,9,2,12,14,0,0,3.57,2
S2-E4,2,219,9,3,14,9,1,4,6.39,2
S2-E4,2,220,9,4,10,12,1,1,5.00,2
S2-E4,2,221,9,5,11,10,2,0,8.00,2
S2-E4,2,222,9,6,8,7,0,1,3.21,2
S2-E4,2,223,9,7,26,16,8,3,10.31,2
S2-E4,2,224,9,8,65,54,4,10,6.67,8
S2-E4,2,225,9,9,95,63,16,26,10.44,8
S2-E4,2,226,9,10,96,62,33,27,15.08,8
S2-E4,2,227,9,11,106,86,25,22,14.13,8
S2-E4,2,228,9,12,137,85,25,49,13.97,8
S2-E4,2,229,9,13,123,94,36,42,16.86,8
S2-E4,2,230,9,14,131,85,46,42,15.85,8
S2-E4,2,231,9,15,129,93,49,29,18.15,8
S2-E4,2,232,9,16,89,88,17,13,10.17,8
S2-E4,2,233,9,17,56,58,1,10,3.19,8
S2-E4,2,234,9,18,62,54,8,10,9.17,8
S2-E4,2,235,9,19,32,39,1,2,4.42,8
S2-E4,2,236,9,20,25,13,3,11,8.65,2
S2-E4,2,237,9,21,14,9,11,5,19.17,2
S2-E4,2,238,9,22,13,11,5,2,9.77,2
S2-E4,2,239,9,23,9,8,1,2,5.00,2
S2-E4,2,240,10,0,12,7,2,5,7.50,2
S2-E4,2,241,10,1,14,17,1,1,11.32,2
S2-E4,2,242,10,2,19,11,5,4,9.77,2
S2-E4,2,243,10,3,9,9,2,2,20.83,2
S2-E4,2,244,10,4,16,12,1,5,6.25,2
S2-E4,2,245,10,5,14,13,5,1,14.42,2
S2-E4,2,246,10,6,21,14,3,5,9.29,2
S2-E4,2,247,10,7,23,15,7,6,21.17,2
S2-E4,2,248,10,8,55,50,1,10,5.80,8
S2-E4,2,249,10,9,75,57,9,19,10.39,8
S2-E4,2,250,10,10,83,74,7,21,9.05,8
S2-E4,2,251,10,11,77,77,14,7,8.93,8
S2-E4,2,252,10,12,75,62,9,11,7.74,8
S2-E4,2,253,10,13,79,63,6,21,11.23,8
S2-E4,2,254,10,14,96,59,19,39,13.69,8
S2-E4,2,255,10,15,89,81,24,23,16.33,8
S2-E4,2,256,10,16,71,78,13,3,6.28,8
S2-E4,2,257,10,17,77,66,5,9,5.23,8
S2-E4,2,258,10,18,43,48,1,3,4.38,8
S2-E4,2,259,10,19,35,31,3,4,2.66,8
S2-E4,2,260,10,20,21,10,8,7,20.00,2
S2-E4,2,261,10,21,17,15,5,4,18.17,2
S2-E4,2,262,10,22,18,13,2,7,10.19,2
S2-E4,2,263,10,23,23,16,8,6,19.69,2
S2-E4,2,264,11,0,17,10,8,5,17.00,2
S2-E4,2,265,11,1,15,10,3,7,14.50,2
S2-E4,2,266,11,2,13,12,8,0,17.50,2
S2-E4,2,267,11,3,14,11,0,3,6.59,2
S2-E4,2,268,11,4,10,11,0,2,7.05,2
S2-E4,2,269,11,5,10,12,0,0,6.67,2
S2-E4,2,270,11,6,10,8,1,1,5.00,2
S2-E4,2,271,11,7,23,12,4,8,8.75,2
S2-E4,2,272,11,8,38,42,3,1,3.10,8
S2-E4,2,273,11,9,51,47,1,4,3.78,8
S2-E4,2,274,11,10,69,51,8,14,9.75,8
S2-E4,2,275,11,11,63,57,8,12,9.78,8
S2-E4,2,276,11,12,52,50,4,10,5.50,8
S2-E4,2,277,11,13,53,53,6,4,7.97,8
S2-E4,2,278,11,14,64,53,9,6,5.71,8
S2-E4,2,279,11,15,47,41,2,10,3.72,8
S2-E4,2,280,11,16,47,52,2,3,3.94,8
S2-E4,2,281,11,17,40,35,0,8,3.07,8
S2-E4,2,282,11,18,32,37,2,1,3.58,8
S2-E4,2,283,11,19,15,13,1,2,2.50,8
S2-E4,2,284,11,20,12,13,0,1,4.42,2
S2-E4,2,285,11,21,8,7,0,2,2.50,2
S2-E4,2,286,11,22,11,9,0,4,4.17,2
S2-E4,2,287,11,23,9,6,3,4,5.00,2
S2-E4,2,288,12,0,3,6,0,1,6.67,2
S2-E4,2,289,12,1,7,5,0,3,3.50,2
S2-E4,2,290,12,2,3,6,0,0,3.33,2
S2-E4,2,291,12,3,3,3,0,0,2.50,2
S2-E4,2,292,12,4,2,2,0,0,2.50,2
S2-E4,2,293,12,5,7,7,0,0,2.50,2
S2-E4,2,294,12,6,5,3,2,0,2.50,2
S2-E4,2,295,12,7,9,8,0,1,2.50,2
S2-E4,2,296,12,8,21,20,0,2,2.75,5
S2-E4,2,297,12,9,38,28,3,9,3.75,5
S2-E4,2,298,12,10,33,25,7,10,10.50,5
S2-E4,2,299,12,11,34,38,4,2,7.89,5
S2-E4,2,300,12,12,42,31,8,5,9.76,5
S2-E4,2,301,12,13,27,24,2,6,4.38,5
S2-E4,2,302,12,14,28,25,4,5,7.10,5
S2-E4,2,303,12,15,37,31,2,9,11.05,5
S2-E4,2,304,12,16,20,25,2,2,5.90,5
S2-E4,2,305,12,17,15,17,0,0,2.50,5
S2-E4,2,306,12,18,13,13,0,0,2.50,5
S2-E4,2,307,12,19,11,10,1,0,2.50,5
S2-E4,2,308,12,20,7,7,0,0,2.50,2
S2-E4,2,309,12,21,5,5,0,0,2.50,2
S2-E4,2,310,12,22,8,7,1,0,4.64,2
S2-E4,2,311,12,23,4,4,0,0,2.50,2
S2-E4,2,312,13,0,2,2,0,0,2.50,2
S2-E4,2,313,13,1,3,2,0,1,2.50,2
S2-E4,2,314,13,2,1,1,0,1,2.50,2
S2-E4,2,315,13,3,2,3,0,0,2.50,2
S2-E4,2,316,13,4,2,2,0,0,2.50,2
S2-E4,2,317,13,5,7,7,0,0,2.50,2
S2-E4,2,318,13,6,2,1,0,1,2.50,2
S2-E4,2,319,13,7,11,11,1,0,3.86,2
S2-E4,2,320,13,8,25,21,2,2,2.50,5
S2-E4,2,321,13,9,35,27,5,5,3.98,5
S2-E4,2,322,13,10,45,33,8,9,9.32,5
S2-E4,2,323,13,11,44,33,10,10,13.56,5
S2-E4,2,324,13,12,40,33,6,11,9.02,5
S2-E4,2,325,13,13,52,37,9,17,13.72,5
S2-E4,2,326,13,14,43,38,11,11,16.05,5
S2-E4,2,327,13,15,48,32,13,14,12.81,5
S2-E4,2,328,13,16,42,34,15,7,14.71,5
S2-E4,2,329,13,17,27,25,3,6,12.50,5
S2-E4,2,330,13,18,17,22,1,0,5.91,5
S2-E4,2,331,13,19,13,11,0,2,2.50,5
S2-E4,2,332,13,20,14,11,2,3,5.23,2
S2-E4,2,333,13,21,2,4,0,1,6.25,2
S2-E4,2,334,13,22,8,9,0,0,3.61,2
S2-E4,2,335,13,23,3,3,0,0,2.50,2
S2-E5,0,0,0,0,5,5,0,0,3.50,2
S2-E5,0,1,0,1,4,2,0,2,2.50,2
S2-E5,0,2,0,2,4,5,1,0,2.50,2
S2-E5,0,3,0,3,1,1,0,0,2.50,2
S2-E5,0,4,0,4,2,2,0,0,2.50,2
S2-E5,0,5,0,5,3,3,0,0,2.50,2
S2-E5,0,6,0,6,7,7,0,0,2.50,2
S2-E5,0,7,0,7,7,6,1,0,2.50,2
S2-E5,0,8,0,8,29,23,0,6,2.72,7
S2-E5,0,9,0,9,48,45,4,5,4.28,7
S2-E5,0,10,0,10,60,41,10,14,9.45,7
S2-E5,0,11,0,11,61,53,14,8,10.99,7
S2-E5,0,12,0,12,58,46,3,17,7.61,7
S2-E5,0,13,0,13,54,44,11,16,9.77,7
S2-E5,0,14,0,14,48,42,14,8,13.69,7
S2-E5,0,15,0,15,47,45,3,7,6.39,7
S2-E5,0,16,0,16,63,55,3,12,5.23,7
S2-E5,0,17,0,17,34,39,5,2,5.45,7
S2-E5,0,18,0,18,24,25,0,1,2.90,7
S2-E5,0,19,0,19,14,13,0,2,2.50,7
S2-E5,0,20,0,20,8,8,1,1,3.75,2
S2-E5,0,21,0,21,10,9,1,1,3.06,2
S2-E5,0,22,0,22,4,4,0,1,2.50,2
S2-E5,0,23,0,23,3,3,0,1,2.50,2
S2-E5,0,24,1,0,6,6,0,1,2.50,2
S2-E5,0,25,1,1,3,4,0,0,2.50,2
S2-E5,0,26,1,2,4,4,0,0,2.50,2
S2-E5,0,27,1,3,8,7,0,1,2.50,2
S2-E5,0,28,1,4,0,1,0,0,2.50,2
S2-E5,0,29,1,5,4,3,0,1,2.50,2
S2-E5,0,30,1,6,5,5,0,1,4.50,2
S2-E5,0,31,1,7,11,9,1,2,4.72,2
S2-E5,0,32,1,8,33,32,3,0,2.97,7
S2-E5,0,33,1,9,53,41,1,11,4.21,7
S2-E5,0,34,1,10,61,53,8,11,10.80,7
S2-E5,0,35,1,11,42,43,4,6,6.92,7
S2-E5,0,36,1,12,64,50,9,11,8.90,7
S2-E5,0,37,1,13,52,47,6,10,10.48,7
S2-E5,0,38,1,14,58,47,10,11,7.93,7
S2-E5,0,39,1,15,54,54,5,6,5.93,7
S2-E5,0,40,1,16,55,47,1,13,6.65,7
S2-E5,0,41,1,17,29,36,4,2,8.19,7
S2-E5,0,42,1,18,39,32,1,8,2.50,7
S2-E5,0,43,1,19,15,22,0,1,2.73,7
S2-E5,0,44,1,20,6,7,0,0,8.93,2
S2-E5,0,45,1,21,11,10,1,0,4.00,2
S2-E5,0,46,1,22,9,7,1,1,2.50,2
S2-E5,0,47,1,23,8,8,0,1,2.50,2
S2-E5,0,48,2,0,1,2,0,0,2.50,2
S2-E5,0,49,2,1,2,0,2,0,0.00,2
S2-E5,0,50,2,2,2,2,0,0,2.50,2
S2-E5,0,51,2,3,6,5,0,1,3.50,2
S2-E5,0,52,2,4,3,4,0,0,2.50,2
S2-E5,0,53,2,5,8,7,1,0,8.93,2
S2-E5,0,54,2,6,7,7,0,0,3.21,2
S2-E5,0,55,2,7,16,11,0,5,4.77,2
S2-E5,0,56,2,8,30,30,2,3,3.17,7
S2-E5,0,57,2,9,45,42,0,6,3.21,7
S2-E5,0,58,2,10,43,42,3,4,5.60,7
S2-E5,0,59,2,11,50,47,2,5,5.48,7
S2-E5,0,60,2,12,47,43,3,6,2.97,7
S2-E5,0,61,2,13,51,43,4,10,7.03,7
S2-E5,0,62,2,14,56,53,5,8,9.39,7
S2-E5,0,63,2,15,56,47,11,6,12.07,7
S2-E5,0,64,2,16,34,37,1,2,3.72,7
S2-E5,0,65,2,17,28,28,0,2,2.50,7
S2-E5,0,66,2,18,32,31,0,3,3.15,7
S2-E5,0,67,2,19,12,14,0,1,2.50,7
S2-E5,0,68,2,20,13,11,0,3,3.41,2
S2-E5,0,69,2,21,12,14,1,0,4.64,2
S2-E5,0,70,2,22,7,6,1,0,3.33,2
S2-E5,0,71,2,23,5,5,0,0,2.50,2
S2-E5,0,72,3,0,0,0,0,0,0.00,2
S2-E5,0,73,3,1,3,3,0,0,2.50,2
S2-E5,0,74,3,2,2,2,0,0,2.50,2
S2-E5,0,75,3,3,6,6,0,0,2.50,2
S2-E5,0,76,3,4,3,2,0,1,2.50,2
S2-E5,0,77,3,5,4,5,0,0,2.50,2
S2-E5,0,78,3,6,4,3,0,1,2.50,2
S2-E5,0,79,3,7,23,13,5,6,15.58,2
S2-E5,0,80,3,8,31,35,1,1,4.07,7
S2-E5,0,81,3,9,54,46,1,8,5.54,7
S2-E5,0,82,3,10,62,0,36,34,0.00,7
S2-E5,0,83,3,11,64,71,25,2,14.89,7
S2-E5,0,84,3,12,54,51,1,4,2.70,7
S2-E5,0,85,3,13,72,50,6,20,4.90,7
S2-E5,0,86,3,14,56,56,10,10,10.54,7
S2-E5,0,87,3,15,68,55,9,14,12.23,7
S2-E5,0,88,3,16,34,39,6,3,5.96,7
S2-E5,0,89,3,17,32,33,0,2,2.65,7
S2-E5,0,90,3,18,35,32,2,3,3.75,7
S2-E5,0,91,3,19,18,20,0,1,2.50,7
S2-E5,0,92,3,20,6,6,1,0,3.33,2
S2-E5,0,93,3,21,9,7,1,1,2.50,2
S2-E5,0,94,3,22,6,5,0,2,2.50,2
S2-E5,0,95,3,23,8,8,1,1,3.12,2
S2-E5,0,96,4,0,4,5,0,0,2.50,2
S2-E5,0,97,4,1,5,4,0,1,2.50,2
S2-E5,0,98,4,2,5,5,0,1,2.50,2
S2-E5,0,99,4,3,3,4,0,0,2.50,2
S2-E5,0,100,4,4,4,3,0,1,2.50,2
S2-E5,0,101,4,5,9,7,1,2,2.50,2
S2-E5,0,102,4,6,9,10,1,0,3.50,2
S2-E5,0,103,4,7,24,12,3,9,9.17,2
S2-E5,0,104,4,8,33,36,3,3,6.81,7
S2-E5,0,105,4,9,73,44,5,27,9.55,7
S2-E5,0,106,4,10,77,57,24,23,15.31,7
S2-E5,0,107,4,11,68,61,20,10,12.83,7
S2-E5,0,108,4,12,58,49,11,8,10.15,7
S2-E5,0,109,4,13,78,61,12,13,9.96,7
S2-E5,0,110,4,14,78,50,14,27,11.20,7
S2-E5,0,111,4,15,51,54,13,11,15.28,7
S2-E5,0,112,4,16,59,45,10,15,11.06,7
S2-E5,0,113,4,17,45,46,2,12,7.50,7
S2-E5,0,114,4,18,31,38,3,2,5.39,7
S2-E5,0,115,4,19,26,25,1,2,2.50,7
S2-E5,0,116,4,20,12,11,2,1,7.50,2
S2-E5,0,117,4,21,9,9,0,1,2.50,2
S2-E5,0,118,4,22,9,9,0,1,3.06,2
S2-E5,0,119,4,23,4,4,0,1,2.50,2
S2-E5,0,120,5,0,7,7,1,0,7.50,2
S2-E5,0,121,5,1,7,6,0,1,4.17,2
S2-E5,0,122,5,2,2,3,0,0,2.50,2
S2-E5,0,123,5,3,3,3,0,0,2.50,2
S2-E5,0,124,5,4,7,7,0,0,3.21,2
S2-E5,0,125,5,5,6,5,0,1,2.50,2
S2-E5,0,126,5,6,7,7,0,1,2.50,2
S2-E5,0,127,5,7,8,8,1,0,6.25,2
S2-E5,0,128,5,8,18,16,0,2,2.50,4
S2-E5,0,129,5,9,25,23,0,4,7.93,4
S2-E5,0,130,5,10,27,23,2,6,4.89,4
S2-E5,0,131,5,11,33,27,4,8,4.17,4
S2-E5,0,132,5,12,30,27,5,6,12.50,4
S2-E5,0,133,5,13,32,28,5,5,8.21,4
S2-E5,0,134,5,14,31,22,8,6,13.86,4
S2-E5,0,135,5,15,33,21,5,13,14.40,4
S2-E5,0,136,5,16,25,22,12,4,16.14,4
S2-E5,0,137,5,17,26,24,3,3,8.54,4
S2-E5,0,138,5,18,23,20,1,5,10.50,4
S2-E5,0,139,5,19,18,19,4,0,4.08,4
S2-E5,0,140,5,20,7,5,1,1,4.50,2
S2-E5,0,141,5,21,9,9,1,0,10.83,2
S2-E5,0,142,5,22,9,9,0,0,3.06,2
S2-E5,0,143,5,23,4,3,1,0,2.50,2
S2-E5,0,144,6,0,2,1,1,0,2.50,2
S2-E5,0,145,6,1,6,4,0,2,2.50,2
S2-E5,0,146,6,2,2,4,0,0,2.50,2
S2-E5,0,147,6,3,1,1,0,0,2.50,2
S2-E5,0,148,6,4,2,2,0,0,2.50,2
S2-E5,0,149,6,5,2,2,0,0,2.50,2
S2-E5,0,150,6,6,2,2,0,0,2.50,2
S2-E5,0,151,6,7,4,4,0,0,2.50,2
S2-E5,0,152,6,8,7,4,2,1,2.50,4
S2-E5,0,153,6,9,20,18,2,1,4.17,4
S2-E5,0,154,6,10,28,22,0,7,3.64,4
S2-E5,0,155,6,11,17,20,2,2,7.00,4
S2-E5,0,156,6,12,20,17,1,4,2.50,4
S2-E5,0,157,6,13,27,20,0,11,4.25,4
S2-E5,0,158,6,14,21,24,4,4,7.71,4
S2-E5,0,159,6,15,18,16,4,2,9.38,4
S2-E5,0,160,6,16,17,17,1,1,3.38,4
S2-E5,0,161,6,17,11,9,1,2,2.50,4
S2-E5,0,162,6,18,4,6,0,0,3.33,4
S2-E5,0,163,6,19,8,8,0,0,2.50,4
S2-E5,0,164,6,20,3,3,0,0,7.50,2
S2-E5,0,165,6,21,1,0,1,0,0.00,2
S2-E5,0,166,6,22,3,3,0,0,2.50,2
S2-E5,0,167,6,23,3,3,0,0,2.50,2
S2-E5,0,168,7,0,5,4,0,1,5.00,2
S2-E5,0,169,7,1,3,3,1,0,2.50,2
S2-E5,0,170,7,2,1,1,0,0,2.50,2
S2-E5,0,171,7,3,3,2,0,1,2.50,2
S2-E5,0,172,7,4,2,3,0,0,2.50,2
S2-E5,0,173,7,5,3,3,0,0,2.50,2
S2-E5,0,174,7,6,6,6,0,0,3.33,2
S2-E5,0,175,7,7,12,9,0,3,3.61,2
S2-E5,0,176,7,8,35,36,2,0,2.50,7
S2-E5,0,177,7,9,63,48,2,13,7.19,7
S2-E5,0,178,7,10,42,40,8,7,11.75,7
S2-E5,0,179,7,11,57,44,5,15,7.61,7
S2-E5,0,180,7,12,52,49,10,8,9.64,7
S2-E5,0,181,7,13,53,42,8,11,9.17,7
S2-E5,0,182,7,14,78,51,14,24,15.15,7
S2-E5,0,183,7,15,47,53,14,4,10.14,7
S2-E5,0,184,7,16,57,45,4,12,6.72,7
S2-E5,0,185,7,17,37,36,9,4,10.14,7
S2-E5,0,186,7,18,41,38,5,2,3.95,7
S2-E5,0,187,7,19,25,26,1,0,2.50,7
S2-E5,0,188,7,20,12,9,1,2,14.17,2
S2-E5,0,189,7,21,9,10,0,1,9.50,2
S2-E5,0,190,7,22,4,4,1,0,2.50,2
S2-E5,0,191,7,23,2,2,0,0,2.50,2
S2-E5,0,192,8,0,5,3,0,2,2.50,2
S2-E5,0,193,8,1,2,4,0,0,2.50,2
S2-E5,0,194,8,2,3,3,0,0,2.50,2
S2-E5,0,195,8,3,3,2,0,1,2.50,2
S2-E5,0,196,8,4,2,2,0,1,2.50,2
S2-E5,0,197,8,5,5,6,0,0,2.50,2
S2-E5,0,198,8,6,6,5,0,1,2.50,2
S2-E5,0,199,8,7,15,10,3,3,9.50,2
S2-E5,0,200,8,8,27,25,1,4,2.90,7
S2-E5,0,201,8,9,47,42,1,8,2.98,7
S2-E5,0,202,8,10,56,52,5,7,8.17,7
S2-E5,0,203,8,11,46,40,4,9,8.25,7
S2-E5,0,204,8,12,47,40,6,10,15.00,7
S2-E5,0,205,8,13,65,54,6,15,9.54,7
S2-E5,0,206,8,14,61,55,13,8,8.14,7
S2-E5,0,207,8,15,52,44,4,12,8.64,7
S2-E5,0,208,8,16,39,40,6,5,8.62,7
S2-E5,0,209,8,17,29,30,1,3,2.50,7
S2-E5,0,210,8,18,32,34,0,1,2.94,7
S2-E5,0,211,8,19,20,20,1,0,2.50,7
S2-E5,0,212,8,20,8,7,0,1,3.21,2
S2-E5,0,213,8,21,10,9,0,2,3.06,2
S2-E5,0,214,8,22,8,8,1,1,3.75,2
S2-E5,0,215,8,23,7,5,1,2,2.50,2
S2-E5,0,216,9,0,3,4,1,0,2.50,2
S2-E5,0,217,9,1,4,3,0,1,2.50,2
S2-E5,0,218,9,2,5,6,0,0,2.50,2
S2-E5,0,219,9,3,9,9,0,0,4.17,2
S2-E5,0,220,9,4,4,4,0,0,2.50,2
S2-E5,0,221,9,5,3,3,0,0,2.50,2
S2-E5,0,222,9,6,3,3,0,0,4.17,2
S2-E5,0,223,9,7,20,12,1,7,6.67,2
S2-E5,0,224,9,8,27,30,1,3,4.83,7
S2-E5,0,225,9,9,45,36,0,12,2.92,7
S2-E5,0,226,9,10,61,44,12,17,10.34,7
S2-E5,0,227,9,11,55,45,15,12,10.94,7
S2-E5,0,228,9,12,52,49,11,4,10.15,7
S2-E5,0,229,9,13,50,40,2,12,5.12,7
S2-E5,0,230,9,14,58,56,7,7,10.27,7
S2-E5,0,231,9,15,52,50,3,6,5.00,7
S2-E5,0,232,9,16,41,39,4,4,3.65,7
S2-E5,0,233,9,17,34,35,2,1,3.21,7
S2-E5,0,234,9,18,17,16,2,0,2.50,7
S2-E5,0,235,9,19,15,15,0,0,2.50,7
S2-E5,0,236,9,20,11,8,1,2,2.50,2
S2-E5,0,237,9,21,11,9,3,1,10.28,2
S2-E5,0,238,9,22,10,10,1,0,10.00,2
S2-E5,0,239,9,23,3,3,0,0,2.50,2
S2-E5,0,240,10,0,5,4,0,1,2.50,2
S2-E5,0,241,10,1,3,3,0,1,2.50,2
S2-E5,0,242,10,2,6,7,0,0,2.50,2
S2-E5,0,243,10,3,2,2,0,0,2.50,2
S2-E5,0,244,10,4,3,3,0,0,2.50,2
S2-E5,0,245,10,5,5,4,1,0,2.50,2
S2-E5,0,246,10,6,10,9,0,1,2.50,2
S2-E5,0,247,10,7,10,4,4,3,6.25,2
S2-E5,0,248,10,8,25,26,1,1,4.62,7
S2-E5,0,249,10,9,39,32,3,5,2.81,7
S2-E5,0,250,10,10,54,45,5,9,8.06,7
S2-E5,0,251,10,11,43,43,4,5,8.55,7
S2-E5,0,252,10,12,31,34,1,1,3.24,7
S2-E5,0,253,10,13,41,39,0,3,3.78,7
S2-E5,0,254,10,14,43,39,2,5,3.14,7
S2-E5,0,255,10,15,54,50,6,3,6.20,7
S2-E5,0,256,10,16,37,37,1,2,2.64,7
S2-E5,0,257,10,17,25,22,0,5,2.50,7
S2-E5,0,258,10,18,27,27,1,4,2.50,7
S2-E5,0,259,10,19,17,20,0,1,2.75,7
S2-E5,0,260,10,20,8,9,0,0,4.72,2
S2-E5,0,261,10,21,11,8,1,2,13.75,2
S2-E5,0,262,10,22,3,4,0,1,15.00,2
S2-E5,0,263,10,23,7,8,0,0,2.50,2
S2-E5,0,264,11,0,8,7,1,0,2.50,2
S2-E5,0,265,11,1,5,5,0,0,4.50,2
S2-E5,0,266,11,2,3,3,0,0,2.50,2
S2-E5,0,267,11,3,3,2,0,1,2.50,2
S2-E5,0,268,11,4,4,5,0,0,2.50,2
S2-E5,0,269,11,5,3,3,0,0,2.50,2
S2-E5,0,270,11,6,8,4,0,4,2.50,2
S2-E5,0,271,11,7,22,10,5,11,12.50,2
S2-E5,0,272,11,8,48,45,6,8,8.83,7
S2-E5,0,273,11,9,84,52,17,23,13.56,7
S2-E5,0,274,11,10,97,49,27,44,16.99,7
S2-E5,0,275,11,11,103,81,36,30,19.23,7
S2-E5,0,276,11,12,79,73,20,16,11.40,7
S2-E5,0,277,11,13,99,83,13,19,9.31,7
S2-E5,0,278,11,14,106,88,15,22,10.28,7
S2-E5,0,279,11,15,86,76,19,13,12.43,7
S2-E5,0,280,11,16,78,69,13,9,8.37,7
S2-E5,0,281,11,17,48,46,1,10,5.65,7
S2-E5,0,282,11,18,37,37,6,4,6.01,7
S2-E5,0,283,11,19,35,36,2,1,2.50,7
S2-E5,0,284,11,20,28,8,6,15,11.25,2
S2-E5,0,285,11,21,12,11,12,4,30.68,2
S2-E5,0,286,11,22,13,10,4,3,6.00,2
S2-E5,0,287,11,23,13,7,7,2,8.21,2
S2-E5,0,288,12,0,7,9,0,0,10.83,2
S2-E5,0,289,12,1,12,11,0,1,2.95,2
S2-E5,0,290,12,2,12,13,0,0,6.35,2
S2-E5,0,291,12,3,5,4,0,1,2.50,2
S2-E5,0,292,12,4,8,7,0,2,2.50,2
S2-E5,0,293,12,5,7,8,1,0,4.38,2
S2-E5,0,294,12,6,8,7,0,1,2.50,2
S2-E5,0,295,12,7,18,13,0,6,4.42,2
S2-E5,0,296,12,8,69,33,14,28,12.20,4
S2-E5,0,297,12,9,70,28,40,30,24.64,4
S2-E5,0,298,12,10,69,44,31,24,23.30,4
S2-E5,0,299,12,11,63,54,15,18,13.70,4
S2-E5,0,300,12,12,42,37,12,11,13.72,4
S2-E5,0,301,12,13,49,27,15,18,15.65,4
S2-E5,0,302,12,14,37,31,12,12,14.92,4
S2-E5,0,303,12,15,38,26,12,12,14.23,4
S2-E5,0,304,12,16,34,26,13,7,17.88,4
S2-E5,0,305,12,17,27,25,3,6,7.50,4
S2-E5,0,306,12,18,23,24,1,4,5.83,4
S2-E5,0,307,12,19,7,10,1,0,10.00,4
S2-E5,0,308,12,20,15,12,0,3,10.42,2
S2-E5,0,309,12,21,15,12,2,4,7.50,2
S2-E5,0,310,12,22,10,10,1,3,5.50,2
S2-E5,0,311,12,23,10,9,2,2,11.39,2
S2-E5,0,312,13,0,17,14,3,2,4.64,2
S2-E5,0,313,13,1,10,10,0,2,3.00,2
S2-E5,0,314,13,2,4,6,0,0,5.83,2
S2-E5,0,315,13,3,4,4,0,0,2.50,2
S2-E5,0,316,13,4,3,3,0,0,2.50,2
S2-E5,0,317,13,5,7,5,1,1,3.50,2
S2-E5,0,318,13,6,6,6,1,0,2.50,2
S2-E5,0,319,13,7,10,7,3,0,5.36,2
S2-E5,0,320,13,8,33,24,4,5,6.67,4
S2-E5,0,321,13,9,47,29,10,13,15.43,4
S2-E5,0,322,13,10,43,25,12,19,20.50,4
S2-E5,0,323,13,11,56,34,23,18,20.59,4
S2-E5,0,324,13,12,52,34,19,17,21.18,4
S2-E5,0,325,13,13,41,31,17,10,18.79,4
S2-E5,0,326,13,14,65,32,15,28,19.53,4
S2-E5,0,327,13,15,51,28,27,24,29.11,4
S2-E5,0,328,13,16,41,30,21,14,19.17,4
S2-E5,0,329,13,17,32,29,10,7,16.12,4
S2-E5,0,330,13,18,30,27,5,5,9.54,4
S2-E5,0,331,13,19,18,21,2,0,2.98,4
S2-E5,0,332,13,20,9,8,1,0,3.75,2
S2-E5,0,333,13,21,6,5,0,1,3.50,2
S2-E5,0,334,13,22,6,7,0,0,3.21,2
S2-E5,0,335,13,23,9,8,1,0,3.12,2
S2-E5,1,0,0,0,5,6,0,0,2.50,2
S2-E5,1,1,0,1,5,4,0,1,2.50,2
S2-E5,1,2,0,2,5,3,2,1,2.50,2
S2-E5,1,3,0,3,1,2,0,0,2.50,2
S2-E5,1,4,0,4,4,3,1,0,2.50,2
S2-E5,1,5,0,5,4,4,0,0,3.75,2
S2-E5,1,6,0,6,9,8,0,1,3.12,2
S2-E5,1,7,0,7,16,9,2,6,7.50,2
S2-E5,1,8,0,8,28,29,0,5,3.71,7
S2-E5,1,9,0,9,50,43,7,5,2.85,7
S2-E5,1,10,0,10,50,38,4,13,6.45,7
S2-E5,1,11,0,11,63,56,10,10,9.73,7
S2-E5,1,12,0,12,56,47,5,14,8.56,7
S2-E5,1,13,0,13,56,46,8,16,10.54,7
S2-E5,1,14,0,14,60,54,15,7,9.54,7
S2-E5,1,15,0,15,53,48,5,7,6.67,7
S2-E5,1,16,0,16,46,41,3,9,3.48,7
S2-E5,1,17,0,17,47,42,5,9,11.19,7
S2-E5,1,18,0,18,26,32,2,1,6.41,7
S2-E5,1,19,0,19,21,20,0,2,2.50,7
S2-E5,1,20,0,20,12,12,0,2,5.42,2
S2-E5,1,21,0,21,4,6,0,0,3.33,2
S2-E5,1,22,0,22,10,9,0,1,3.61,2
S2-E5,1,23,0,23,7,8,0,0,5.62,2
S2-E5,1,24,1,0,3,3,0,0,2.50,2
S2-E5,1,25,1,1,3,3,0,0,2.50,2
S2-E5,1,26,1,2,6,6,0,0,4.17,2
S2-E5,1,27,1,3,3,3,0,0,2.50,2
S2-E5,1,28,1,4,3,2,1,0,2.50,2
S2-E5,1,29,1,5,11,9,2,0,5.28,2
S2-E5,1,30,1,6,7,6,0,1,2.50,2
S2-E5,1,31,1,7,23,16,5,3,8.75,2
S2-E5,1,32,1,8,36,32,3,4,4.69,7
S2-E5,1,33,1,9,63,48,2,17,5.83,7
S2-E5,1,34,1,10,72,54,18,17,12.59,7
S2-E5,1,35,1,11,75,56,14,22,13.21,7
S2-E5,1,36,1,12,59,55,13,13,12.68,7
S2-E5,1,37,1,13,68,57,7,17,12.50,7
S2-E5,1,38,1,14,76,63,7,23,9.72,7
S2-E5,1,39,1,15,57,55,14,11,10.05,7
S2-E5,1,40,1,16,51,46,9,7,11.30,7
S2-E5,1,41,1,17,45,38,6,8,7.37,7
S2-E5,1,42,1,18,24,28,2,2,4.11,7
S2-E5,1,43,1,19,27,27,0,2,2.50,7
S2-E5,1,44,1,20,12,8,3,3,11.25,2
S2-E5,1,45,1,21,15,8,6,4,11.88,2
S2-E5,1,46,1,22,10,11,2,1,10.68,2
S2-E5,1,47,1,23,12,13,0,0,7.88,2
S2-E5,1,48,2,0,4,4,0,0,2.50,2
S2-E5,1,49,2,1,7,6,0,1,2.50,2
S2-E5,1,50,2,2,10,9,1,1,4.17,2
S2-E5,1,51,2,3,9,7,2,1,2.50,2
S2-E5,1,52,2,4,7,6,0,2,2.50,2
S2-E5,1,53,2,5,11,10,2,1,6.00,2
S2-E5,1,54,2,6,7,6,1,1,2.50,2
S2-E5,1,55,2,7,22,14,4,5,13.21,2
S2-E5,1,56,2,8,48,43,4,6,6.22,7
S2-E5,1,57,2,9,66,54,7,11,8.89,7
S2-E5,1,58,2,10,76,55,11,21,10.68,7
S2-E5,1,59,2,11,73,55,18,21,16.77,7
S2-E5,1,60,2,12,52,57,10,6,12.06,7
S2-E5,1,61,2,13,71,52,10,15,9.04,7
S2-E5,1,62,2,14,51,50,4,12,10.10,7
S2-E5,1,63,2,15,56,45,7,16,9.17,7
S2-E5,1,64,2,16,49,51,8,6,9.66,7
S2-E5,1,65,2,17,58,44,4,16,5.91,7
S2-E5,1,66,2,18,35,42,4,5,6.07,7
S2-E5,1,67,2,19,30,28,2,5,2.50,7
S2-E5,1,68,2,20,23,15,6,7,15.83,2
S2-E5,1,69,2,21,12,11,3,5,12.95,2
S2-E5,1,70,2,22,12,13,1,3,5.96,2
S2-E5,1,71,2,23,16,15,1,3,8.17,2
S2-E5,1,72,3,0,8,9,2,0,2.50,2
S2-E5,1,73,3,1,7,3,0,4,2.50,2
S2-E5,1,74,3,2,7,10,0,1,9.00,2
S2-E5,1,75,3,3,4,4,1,0,3.75,2
S2-E5,1,76,3,4,11,8,0,3,6.88,2
S2-E5,1,77,3,5,9,10,2,0,7.50,2
S2-E5,1,78,3,6,13,12,0,1,2.92,2
S2-E5,1,79,3,7,15,14,0,2,4.64,2
S2-E5,1,80,3,8,35,32,1,4,2.97,7
S2-E5,1,81,3,9,59,45,12,6,7.61,7
S2-E5,1,82,3,10,81,0,43,44,0.00,7
S2-E5,1,83,3,11,85,78,35,16,17.50,7
S2-E5,1,84,3,12,70,72,9,5,6.46,7
S2-E5,1,85,3,13,57,50,4,8,5.30,7
S2-E5,1,86,3,14,62,54,4,12,8.61,7
S2-E5,1,87,3,15,59,46,11,14,11.52,7
S2-E5,1,88,3,16,59,46,15,12,12.07,7
S2-E5,1,89,3,17,50,43,14,5,9.01,7
S2-E5,1,90,3,18,35,34,2,4,6.18,7
S2-E5,1,91,3,19,28,29,1,2,2.50,7
S2-E5,1,92,3,20,17,9,1,9,9.17,2
S2-E5,1,93,3,21,12,14,4,3,15.36,2
S2-E5,1,94,3,22,12,15,0,0,6.83,2
S2-E5,1,95,3,23,7,6,0,1,2.50,2
S2-E5,1,96,4,0,9,7,1,2,4.64,2
S2-E5,1,97,4,1,5,5,2,0,3.50,2
S2-E5,1,98,4,2,4,4,0,0,2.50,2
S2-E5,1,99,4,3,7,6,0,1,2.50,2
S2-E5,1,100,4,4,5,5,0,1,2.50,2
S2-E5,1,101,4,5,4,4,1,0,2.50,2
S2-E5,1,102,4,6,8,6,0,2,4.17,2
S2-E5,1,103,4,7,17,13,3,3,10.58,2
S2-E5,1,104,4,8,33,33,1,2,3.26,7
S2-E5,1,105,4,9,54,42,3,11,3.45,7
S2-E5,1,106,4,10,50,44,7,10,11.25,7
S2-E5,1,107,4,11,45,44,7,4,5.00,7
S2-E5,1,108,4,12,48,36,5,11,10.14,7
S2-E5,1,109,4,13,38,39,3,7,8.65,7
S2-E5,1,110,4,14,36,38,3,2,5.00,7
S2-E5,1,111,4,15,58,45,4,11,6.72,7
S2-E5,1,112,4,16,35,40,3,3,6.12,7
S2-E5,1,113,4,17,29,25,3,4,2.50,7
S2-E5,1,114,4,18,19,19,3,1,2.50,7
S2-E5,1,115,4,19,17,18,0,0,2.50,7
S2-E5,1,116,4,20,10,10,0,0,6.50,2
S2-E5,1,117,4,21,8,8,0,0,2.50,2
S2-E5,1,118,4,22,9,6,1,2,4.17,2
S2-E5,1,119,4,23,2,4,0,0,6.25,2
S2-E5,1,120,5,0,2,2,0,0,2.50,2
S2-E5,1,121,5,1,3,3,0,0,2.50,2
S2-E5,1,122,5,2,2,2,0,0,2.50,2
S2-E5,1,123,5,3,2,2,0,0,2.50,2
S2-E5,1,124,5,4,0,0,0,0,0.00,2
S2-E5,1,125,5,5,4,3,1,0,2.50,2
S2-E5,1,126,5,6,3,2,0,1,2.50,2
S2-E5,1,127,5,7,11,12,0,0,4.58,2
S2-E5,1,128,5,8,12,11,0,1,2.50,4
S2-E5,1,129,5,9,13,12,1,1,2.50,4
S2-E5,1,130,5,10,23,19,1,4,2.50,4
S2-E5,1,131,5,11,26,24,0,6,3.33,4
S2-E5,1,132,5,12,24,23,5,2,7.07,4
S2-E5,1,133,5,13,26,24,1,3,5.62,4
S2-E5,1,134,5,14,26,19,2,8,3.82,4
S2-E5,1,135,5,15,20,26,1,1,7.31,4
S2-E5,1,136,5,16,15,15,0,1,2.83,4
S2-E5,1,137,5,17,14,15,0,0,2.50,4
S2-E5,1,138,5,18,12,11,1,0,2.50,4
S2-E5,1,139,5,19,13,13,0,0,2.50,4
S2-E5,1,140,5,20,4,4,0,0,2.50,2
S2-E5,1,141,5,21,6,5,0,1,2.50,2
S2-E5,1,142,5,22,3,4,0,0,2.50,2
S2-E5,1,143,5,23,2,1,0,1,2.50,2
S2-E5,1,144,6,0,1,1,0,1,2.50,2
S2-E5,1,145,6,1,1,1,0,1,2.50,2
S2-E5,1,146,6,2,2,3,0,0,2.50,2
S2-E5,1,147,6,3,2,2,0,0,2.50,2
S2-E5,1,148,6,4,2,1,1,0,2.50,2
S2-E5,1,149,6,5,2,2,0,0,2.50,2
S2-E5,1,150,6,6,3,3,0,0,2.50,2
S2-E5,1,151,6,7,13,7,5,1,5.36,2
S2-E5,1,152,6,8,32,20,1,12,7.75,4
S2-E5,1,153,6,9,28,24,10,6,18.96,4
S2-E5,1,154,6,10,39,29,3,13,8.88,4
S2-E5,1,155,6,11,45,29,16,13,14.91,4
S2-E5,1,156,6,12,35,29,9,10,12.84,4
S2-E5,1,157,6,13,41,22,12,17,13.64,4
S2-E5,1,158,6,14,33,29,16,5,22.16,4
S2-E5,1,159,6,15,37,25,8,9,11.90,4
S2-E5,1,160,6,16,26,23,3,9,9.02,4
S2-E5,1,161,6,17,28,25,7,5,14.10,4
S2-E5,1,162,6,18,15,18,1,1,4.72,4
S2-E5,1,163,6,19,12,13,0,0,2.50,4
S2-E5,1,164,6,20,4,2,0,2,2.50,2
S2-E5,1,165,6,21,8,9,0,1,4.72,2
S2-E5,1,166,6,22,3,4,0,0,3.75,2
S2-E5,1,167,6,23,4,4,0,0,2.50,2
S2-E5,1,168,7,0,6,5,0,1,2.50,2
S2-E5,1,169,7,1,2,3,0,0,4.17,2
S2-E5,1,170,7,2,3,2,1,0,2.50,2
S2-E5,1,171,7,3,3,3,0,0,2.50,2
S2-E5,1,172,7,4,3,3,0,0,2.50,2
S2-E5,1,173,7,5,2,2,0,0,2.50,2
S2-E5,1,174,7,6,3,3,0,0,2.50,2
S2-E5,1,175,7,7,19,10,4,5,9.50,2
S2-E5,1,176,7,8,26,28,1,2,3.21,7
S2-E5,1,177,7,9,48,43,0,7,3.55,7
S2-E5,1,178,7,10,54,47,5,9,4.20,7
S2-E5,1,179,7,11,64,46,9,18,8.70,7
S2-E5,1,180,7,12,43,49,7,5,9.13,7
S2-E5,1,181,7,13,59,51,3,10,7.50,7
S2-E5,1,182,7,14,63,53,8,12,9.86,7
S2-E5,1,183,7,15,56,52,8,8,9.71,7
S2-E5,1,184,7,16,46,46,1,7,7.07,7
S2-E5,1,185,7,17,35,39,1,2,3.91,7
S2-E5,1,186,7,18,27,23,2,4,2.50,7
S2-E5,1,187,7,19,14,17,0,1,2.50,7
S2-E5,1,188,7,20,18,13,2,4,7.88,2
S2-E5,1,189,7,21,6,7,3,0,3.93,2
S2-E5,1,190,7,22,8,4,1,3,3.75,2
S2-E5,1,191,7,23,7,7,1,2,6.07,2
S2-E5,1,192,8,0,4,4,0,2,5.00,2
S2-E5,1,193,8,1,6,6,1,1,3.33,2
S2-E5,1,194,8,2,4,3,1,1,2.50,2
S2-E5,1,195,8,3,3,4,0,0,2.50,2
S2-E5,1,196,8,4,4,4,0,0,2.50,2
S2-E5,1,197,8,5,3,3,0,0,2.50,2
S2-E5,1,198,8,6,6,6,0,0,5.83,2
S2-E5,1,199,8,7,16,13,0,3,4.04,2
S2-E5,1,200,8,8,36,34,1,4,2.94,7
S2-E5,1,201,8,9,46,41,2,7,3.35,7
S2-E5,1,202,8,10,57,48,5,11,6.25,7
S2-E5,1,203,8,11,61,50,9,13,7.20,7
S2-E5,1,204,8,12,51,47,6,11,10.59,7
S2-E5,1,205,8,13,65,51,7,18,10.54,7
S2-E5,1,206,8,14,55,51,9,13,14.07,7
S2-E5,1,207,8,15,49,49,5,8,8.21,7
S2-E5,1,208,8,16,35,34,3,6,3.82,7
S2-E5,1,209,8,17,34,33,2,5,3.11,7
S2-E5,1,210,8,18,25,27,0,3,2.50,7
S2-E5,1,211,8,19,14,15,1,1,2.50,7
S2-E5,1,212,8,20,9,10,0,0,2.50,2
S2-E5,1,213,8,21,10,8,1,1,2.50,2
S2-E5,1,214,8,22,7,8,0,0,4.38,2
S2-E5,1,215,8,23,4,2,1,1,2.50,2
S2-E5,1,216,9,0,5,6,0,0,2.50,2
S2-E5,1,217,9,1,7,6,0,1,3.33,2
S2-E5,1,218,9,2,5,6,0,0,3.33,2
S2-E5,1,219,9,3,4,3,0,1,2.50,2
S2-E5,1,220,9,4,4,5,0,0,2.50,2
S2-E5,1,221,9,5,6,6,0,0,3.33,2
S2-E5,1,222,9,6,4,4,0,0,2.50,2
S2-E5,1,223,9,7,15,11,1,3,5.23,2
S2-E5,1,224,9,8,43,42,0,4,4.05,7
S2-E5,1,225,9,9,62,47,2,17,5.37,7
S2-E5,1,226,9,10,61,48,12,18,13.44,7
S2-E5,1,227,9,11,76,54,25,15,10.74,7
S2-E5,1,228,9,12,49,52,9,3,10.48,7
S2-E5,1,229,9,13,70,41,10,22,7.50,7
S2-E5,1,230,9,14,65,55,12,20,14.59,7
S2-E5,1,231,9,15,70,56,11,23,13.21,7
S2-E5,1,232,9,16,36,47,7,5,9.20,7
S2-E5,1,233,9,17,47,46,4,2,2.83,7
S2-E5,1,234,9,18,24,21,0,5,2.74,7
S2-E5,1,235,9,19,21,23,1,2,2.50,7
S2-E5,1,236,9,20,11,10,3,0,3.50,2
S2-E5,1,237,9,21,13,10,0,3,6.00,2
S2-E5,1,238,9,22,9,9,1,2,7.50,2
S2-E5,1,239,9,23,11,11,1,1,7.05,2
S2-E5,1,240,10,0,7,8,0,0,3.12,2
S2-E5,1,241,10,1,9,9,0,0,3.06,2
S2-E5,1,242,10,2,5,4,0,1,2.50,2
S2-E5,1,243,10,3,3,3,0,1,2.50,2
S2-E5,1,244,10,4,4,5,0,0,2.50,2
S2-E5,1,245,10,5,2,1,0,1,2.50,2
S2-E5,1,246,10,6,8,8,0,1,4.38,2
S2-E5,1,247,10,7,11,9,1,2,3.61,2
S2-E5,1,248,10,8,16,17,1,0,2.79,7
S2-E5,1,249,10,9,40,37,1,2,3.72,7
S2-E5,1,250,10,10,43,40,3,2,3.88,7
S2-E5,1,251,10,11,47,40,2,7,4.38,7
S2-E5,1,252,10,12,28,32,0,3,4.84,7
S2-E5,1,253,10,13,43,39,3,4,4.04,7
S2-E5,1,254,10,14,45,42,3,4,3.10,7
S2-E5,1,255,10,15,38,37,0,5,3.99,7
S2-E5,1,256,10,16,35,34,1,5,2.50,7
S2-E5,1,257,10,17,37,32,4,6,3.75,7
S2-E5,1,258,10,18,20,23,1,2,2.93,7
S2-E5,1,259,10,19,13,14,0,1,2.50,7
S2-E5,1,260,10,20,16,9,5,3,11.39,2
S2-E5,1,261,10,21,5,8,0,0,15.00,2
S2-E5,1,262,10,22,8,8,0,0,6.88,2
S2-E5,1,263,10,23,7,4,0,3,2.50,2
S2-E5,1,264,11,0,2,4,0,1,6.25,2
S2-E5,1,265,11,1,2,2,0,1,2.50,2
S2-E5,1,266,11,2,4,5,0,0,2.50,2
S2-E5,1,267,11,3,8,7,1,0,3.93,2
S2-E5,1,268,11,4,2,2,0,0,2.50,2
S2-E5,1,269,11,5,4,4,0,0,5.00,2
S2-E5,1,270,11,6,4,3,0,1,2.50,2
S2-E5,1,271,11,7,4,3,1,1,2.50,2
S2-E5,1,272,11,8,18,18,0,1,2.78,7
S2-E5,1,273,11,9,29,26,1,3,2.50,7
S2-E5,1,274,11,10,41,37,2,5,2.77,7
S2-E5,1,275,11,11,40,40,3,2,3.38,7
S2-E5,1,276,11,12,38,37,1,2,4.26,7
S2-E5,1,277,11,13,30,30,0,2,2.67,7
S2-E5,1,278,11,14,35,32,1,4,2.50,7
S2-E5,1,279,11,15,25,28,0,1,2.50,7
S2-E5,1,280,11,16,33,28,3,3,2.50,7
S2-E5,1,281,11,17,22,22,0,3,2.50,7
S2-E5,1,282,11,18,17,18,0,2,2.50,7
S2-E5,1,283,11,19,4,6,0,0,2.50,7
S2-E5,1,284,11,20,7,5,1,1,2.50,2
S2-E5,1,285,11,21,7,5,3,0,14.50,2
S2-E5,1,286,11,22,2,1,0,1,2.50,2
S2-E5,1,287,11,23,4,4,0,1,2.50,2
S2-E5,1,288,12,0,2,1,1,1,2.50,2
S2-E5,1,289,12,1,0,1,0,0,2.50,2
S2-E5,1,290,12,2,0,0,0,0,0.00,2
S2-E5,1,291,12,3,1,1,0,0,2.50,2
S2-E5,1,292,12,4,3,3,0,0,2.50,2
S2-E5,1,293,12,5,1,1,0,0,2.50,2
S2-E5,1,294,12,6,2,2,0,0,2.50,2
S2-E5,1,295,12,7,4,3,0,1,2.50,2
S2-E5,1,296,12,8,18,16,2,1,3.44,4
S2-E5,1,297,12,9,24,20,1,4,3.25,4
S2-E5,1,298,12,10,30,21,3,10,10.83,4
S2-E5,1,299,12,11,32,26,6,10,9.42,4
S2-E5,1,300,12,12,26,21,8,7,14.17,4
S2-E5,1,301,12,13,33,26,7,7,12.69,4
S2-E5,1,302,12,14,39,29,5,12,8.19,4
S2-E5,1,303,12,15,23,24,5,6,11.88,4
S2-E5,1,304,12,16,25,28,1,2,5.18,4
S2-E5,1,305,12,17,22,17,4,3,5.74,4
S2-E5,1,306,12,18,14,13,0,4,4.04,4
S2-E5,1,307,12,19,9,12,1,0,4.17,4
S2-E5,1,308,12,20,6,4,1,1,2.50,2
S2-E5,1,309,12,21,5,4,1,1,3.75,2
S2-E5,1,310,12,22,2,3,0,0,2.50,2
S2-E5,1,311,12,23,1,1,0,0,2.50,2
S2-E5,1,312,13,0,3,3,0,0,2.50,2
S2-E5,1,313,13,1,1,1,0,0,2.50,2
S2-E5,1,314,13,2,2,2,0,0,2.50,2
S2-E5,1,315,13,3,4,4,0,0,2.50,2
S2-E5,1,316,13,4,1,1,0,0,2.50,2
S2-E5,1,317,13,5,2,2,0,0,2.50,2
S2-E5,1,318,13,6,4,4,0,0,2.50,2
S2-E5,1,319,13,7,7,6,0,1,4.17,2
S2-E5,1,320,13,8,21,19,1,2,4.08,4
S2-E5,1,321,13,9,40,25,5,12,11.30,4
S2-E5,1,322,13,10,39,28,12,11,18.93,4
S2-E5,1,323,13,11,25,26,6,4,5.19,4
S2-E5,1,324,13,12,36,23,6,11,15.33,4
S2-E5,1,325,13,13,25,23,7,6,12.28,4
S2-E5,1,326,13,14,38,25,8,11,14.50,4
S2-E5,1,327,13,15,30,26,10,5,17.50,4
S2-E5,1,328,13,16,27,26,4,2,8.46,4
S2-E5,1,329,13,17,21,19,2,2,5.39,4
S2-E5,1,330,13,18,20,19,1,2,2.50,4
S2-E5,1,331,13,19,15,16,0,1,2.81,4
S2-E5,1,332,13,20,14,11,2,2,6.14,2
S2-E5,1,333,13,21,3,5,0,0,2.50,2
S2-E5,1,334,13,22,9,7,2,0,4.64,2
S2-E5,1,335,13,23,1,1,0,0,2.50,2
S2-E5,2,0,0,0,4,4,0,0,2.50,2
S2-E5,2,1,0,1,2,2,0,0,2.50,2
S2-E5,2,2,0,2,2,2,0,0,2.50,2
S2-E5,2,3,0,3,6,5,0,1,2.50,2
S2-E5,2,4,0,4,4,5,0,0,2.50,2
S2-E5,2,5,0,5,4,4,0,0,2.50,2
S2-E5,2,6,0,6,5,5,0,0,2.50,2
S2-E5,2,7,0,7,15,11,2,2,12.50,2
S2-E5,2,8,0,8,41,39,2,2,4.29,7
S2-E5,2,9,0,9,64,43,6,17,7.15,7
S2-E5,2,10,0,10,76,61,15,17,13.40,7
S2-E5,2,11,0,11,82,62,14,23,10.89,7
S2-E5,2,12,0,12,57,53,15,12,17.12,7
S2-E5,2,13,0,13,73,51,17,17,15.05,7
S2-E5,2,14,0,14,75,51,26,15,14.56,7
S2-E5,2,15,0,15,68,58,14,11,14.22,7
S2-E5,2,16,0,16,62,53,10,10,7.78,7
S2-E5,2,17,0,17,47,45,5,7,9.28,7
S2-E5,2,18,0,18,37,39,0,5,3.14,7
S2-E5,2,19,0,19,37,36,1,5,6.94,7
S2-E5,2,20,0,20,14,10,4,5,14.50,2
S2-E5,2,21,0,21,13,12,3,3,8.75,2
S2-E5,2,22,0,22,8,8,1,2,9.38,2
S2-E5,2,23,0,23,14,14,2,0,3.93,2
S2-E5,2,24,1,0,9,7,0,2,2.50,2
S2-E5,2,25,1,1,8,9,0,1,4.72,2
S2-E5,2,26,1,2,12,10,1,2,13.50,2
S2-E5,2,27,1,3,7,7,1,1,3.93,2
S2-E5,2,28,1,4,10,9,0,2,3.61,2
S2-E5,2,29,1,5,11,12,0,1,5.42,2
S2-E5,2,30,1,6,9,8,1,1,4.38,2
S2-E5,2,31,1,7,27,12,5,11,11.25,2
S2-E5,2,32,1,8,34,39,3,3,3.53,7
S2-E5,2,33,1,9,81,54,10,20,8.61,7
S2-E5,2,34,1,10,73,54,19,20,13.80,7
S2-E5,2,35,1,11,78,60,16,22,13.17,7
S2-E5,2,36,1,12,66,54,12,22,12.96,7
S2-E5,2,37,1,13,68,56,21,13,15.89,7
S2-E5,2,38,1,14,86,54,14,31,13.43,7
S2-E5,2,39,1,15,67,66,24,8,13.41,7
S2-E5,2,40,1,16,54,53,4,5,3.35,7
S2-E5,2,41,1,17,35,37,1,2,2.50,7
S2-E5,2,42,1,18,37,35,3,1,3.36,7
S2-E5,2,43,1,19,27,26,0,2,2.50,7
S2-E5,2,44,1,20,14,11,3,2,12.95,2
S2-E5,2,45,1,21,20,15,3,4,14.50,2
S2-E5,2,46,1,22,7,9,2,0,7.50,2
S2-E5,2,47,1,23,12,11,0,1,3.86,2
S2-E5,2,48,2,0,7,7,0,1,3.21,2
S2-E5,2,49,2,1,5,4,0,2,2.50,2
S2-E5,2,50,2,2,8,8,2,0,3.12,2
S2-E5,2,51,2,3,9,6,3,0,4.17,2
S2-E5,2,52,2,4,7,6,0,1,2.50,2
S2-E5,2,53,2,5,4,4,1,0,2.50,2
S2-E5,2,54,2,6,13,11,0,2,5.23,2
S2-E5,2,55,2,7,18,12,2,6,7.92,2
S2-E5,2,56,2,8,29,30,2,3,3.00,7
S2-E5,2,57,2,9,55,42,4,12,9.05,7
S2-E5,2,58,2,10,66,56,10,12,9.73,7
S2-E5,2,59,2,11,58,44,6,20,11.14,7
S2-E5,2,60,2,12,55,53,11,11,13.07,7
S2-E5,2,61,2,13,49,46,9,5,10.54,7
S2-E5,2,62,2,14,60,51,8,6,6.32,7
S2-E5,2,63,2,15,42,38,4,6,4.34,7
S2-E5,2,64,2,16,38,38,3,3,3.55,7
S2-E5,2,65,2,17,42,38,3,4,2.89,7
S2-E5,2,66,2,18,29,31,1,1,2.98,7
S2-E5,2,67,2,19,21,16,2,4,2.50,7
S2-E5,2,68,2,20,14,10,6,2,16.00,2
S2-E5,2,69,2,21,23,14,3,8,9.29,2
S2-E5,2,70,2,22,9,14,3,0,8.93,2
S2-E5,2,71,2,23,12,8,1,3,3.12,2
S2-E5,2,72,3,0,9,7,1,4,4.64,2
S2-E5,2,73,3,1,7,11,0,0,13.86,2
S2-E5,2,74,3,2,6,6,0,0,3.33,2
S2-E5,2,75,3,3,5,5,0,0,2.50,2
S2-E5,2,76,3,4,4,4,0,0,3.75,2
S2-E5,2,77,3,5,10,7,2,1,3.93,2
S2-E5,2,78,3,6,8,8,0,1,5.00,2
S2-E5,2,79,3,7,20,9,1,11,13.61,2
S2-E5,2,80,3,8,58,53,7,9,8.25,7
S2-E5,2,81,3,9,80,54,13,22,13.52,7
S2-E5,2,82,3,10,96,0,54,64,0.00,7
S2-E5,2,83,3,11,85,87,43,19,21.52,7
S2-E5,2,84,3,12,71,68,6,16,7.94,7
S2-E5,2,85,3,13,101,81,10,26,10.09,7
S2-E5,2,86,3,14,93,78,16,25,13.97,7
S2-E5,2,87,3,15,91,78,19,19,12.95,7
S2-E5,2,88,3,16,84,83,5,15,5.93,7
S2-E5,2,89,3,17,41,49,2,5,6.28,7
S2-E5,2,90,3,18,35,35,1,4,2.64,7
S2-E5,2,91,3,19,23,22,2,3,2.95,7
S2-E5,2,92,3,20,20,11,5,7,17.50,2
S2-E5,2,93,3,21,22,13,9,7,19.81,2
S2-E5,2,94,3,22,10,11,4,2,18.86,2
S2-E5,2,95,3,23,17,13,3,3,12.12,2
S2-E5,2,96,4,0,14,9,3,5,8.06,2
S2-E5,2,97,4,1,15,15,3,2,7.83,2
S2-E5,2,98,4,2,4,4,1,1,5.00,2
S2-E5,2,99,4,3,6,6,0,1,2.50,2
S2-E5,2,100,4,4,12,10,1,2,7.00,2
S2-E5,2,101,4,5,14,11,2,3,6.59,2
S2-E5,2,102,4,6,13,14,1,1,9.29,2
S2-E5,2,103,4,7,27,13,10,5,17.50,2
S2-E5,2,104,4,8,46,41,2,8,7.99,7
S2-E5,2,105,4,9,73,55,12,14,8.59,7
S2-E5,2,106,4,10,83,51,18,28,14.75,7
S2-E5,2,107,4,11,70,54,24,20,18.98,7
S2-E5,2,108,4,12,76,61,20,15,14.39,7
S2-E5,2,109,4,13,78,50,20,23,16.30,7
S2-E5,2,110,4,14,94,59,23,35,17.84,7
S2-E5,2,111,4,15,82,73,31,13,13.18,7
S2-E5,2,112,4,16,90,78,8,17,6.54,7
S2-E5,2,113,4,17,61,62,6,10,7.66,7
S2-E5,2,114,4,18,41,42,2,7,6.19,7
S2-E5,2,115,4,19,37,40,1,3,3.25,7
S2-E5,2,116,4,20,24,13,4,10,15.58,2
S2-E5,2,117,4,21,26,19,5,12,18.82,2
S2-E5,2,118,4,22,20,12,13,7,18.75,2
S2-E5,2,119,4,23,7,11,3,0,16.59,2
S2-E5,2,120,5,0,8,7,1,0,2.50,2
S2-E5,2,121,5,1,17,8,4,5,9.38,2
S2-E5,2,122,5,2,9,9,3,2,23.61,2
S2-E5,2,123,5,3,9,11,0,0,2.50,2
S2-E5,2,124,5,4,5,5,0,0,2.50,2
S2-E5,2,125,5,5,13,11,1,1,10.23,2
S2-E5,2,126,5,6,17,14,3,1,5.00,2
S2-E5,2,127,5,7,15,13,0,3,3.65,2
S2-E5,2,128,5,8,21,19,1,4,3.29,4
S2-E5,2,129,5,9,30,24,2,8,4.17,4
S2-E5,2,130,5,10,46,28,15,11,13.93,4
S2-E5,2,131,5,11,54,28,18,19,17.14,4
S2-E5,2,132,5,12,43,30,22,10,21.50,4
S2-E5,2,133,5,13,41,26,12,13,16.92,4
S2-E5,2,134,5,14,48,29,15,17,17.50,4
S2-E5,2,135,5,15,54,31,20,20,21.37,4
S2-E5,2,136,5,16,52,32,21,19,19.69,4
S2-E5,2,137,5,17,45,31,23,10,19.44,4
S2-E5,2,138,5,18,27,23,6,8,10.76,4
S2-E5,2,139,5,19,19,19,5,3,9.87,4
S2-E5,2,140,5,20,18,17,1,3,4.85,2
S2-E5,2,141,5,21,17,15,1,4,7.50,2
S2-E5,2,142,5,22,15,13,5,1,15.58,2
S2-E5,2,143,5,23,12,11,0,2,2.95,2
S2-E5,2,144,6,0,5,7,0,0,2.50,2
S2-E5,2,145,6,1,5,5,0,0,4.50,2
S2-E5,2,146,6,2,8,7,0,1,2.50,2
S2-E5,2,147,6,3,6,4,0,3,5.00,2
S2-E5,2,148,6,4,4,5,2,0,7.50,2
S2-E5,2,149,6,5,9,6,0,3,2.50,2
S2-E5,2,150,6,6,9,9,2,1,10.83,2
S2-E5,2,151,6,7,13,10,1,3,4.00,2
S2-E5,2,152,6,8,24,25,1,1,4.70,4
S2-E5,2,153,6,9,19,13,3,4,2.50,4
S2-E5,2,154,6,10,42,27,8,11,8.80,4
S2-E5,2,155,6,11,33,25,8,11,13.50,4
S2-E5,2,156,6,12,33,25,11,8,13.90,4
S2-E5,2,157,6,13,26,26,2,6,6.54,4
S2-E5,2,158,6,14,32,21,4,13,11.79,4
S2-E5,2,159,6,15,32,31,10,4,12.50,4
S2-E5,2,160,6,16,30,23,3,8,7.50,4
S2-E5,2,161,6,17,22,23,6,1,10.76,4
S2-E5,2,162,6,18,15,14,1,1,2.50,4
S2-E5,2,163,6,19,13,12,1,1,3.33,4
S2-E5,2,164,6,20,9,10,0,0,7.50,2
S2-E5,2,165,6,21,6,6,0,0,2.50,2
S2-E5,2,166,6,22,8,6,1,1,3.33,2
S2-E5,2,167,6,23,5,6,0,0,2.50,2
S2-E5,2,168,7,0,5,4,0,1,2.50,2
S2-E5,2,169,7,1,5,6,0,0,2.50,2
S2-E5,2,170,7,2,3,3,0,0,2.50,2
S2-E5,2,171,7,3,7,7,0,0,2.50,2
S2-E5,2,172,7,4,4,3,0,1,2.50,2
S2-E5,2,173,7,5,9,9,0,1,4.72,2
S2-E5,2,174,7,6,11,10,2,0,8.00,2
S2-E5,2,175,7,7,21,14,3,4,16.79,2
S2-E5,2,176,7,8,52,45,4,7,7.06,7
S2-E5,2,177,7,9,69,49,8,19,8.42,7
S2-E5,2,178,7,10,75,64,14,16,11.95,7
S2-E5,2,179,7,11,92,54,18,36,15.74,7
S2-E5,2,180,7,12,77,74,25,14,14.32,7
S2-E5,2,181,7,13,70,64,2,18,7.73,7
S2-E5,2,182,7,14,78,77,4,15,12.76,7
S2-E5,2,183,7,15,80,74,5,16,7.16,7
S2-E5,2,184,7,16,55,63,2,6,5.91,7
S2-E5,2,185,7,17,59,46,8,11,7.61,7
S2-E5,2,186,7,18,42,40,5,8,9.00,7
S2-E5,2,187,7,19,28,31,3,2,7.34,7
S2-E5,2,188,7,20,24,13,4,9,16.35,2
S2-E5,2,189,7,21,18,10,11,6,20.50,2
S2-E5,2,190,7,22,13,14,5,0,13.93,2
S2-E5,2,191,7,23,11,10,1,0,7.00,2
S2-E5,2,192,8,0,4,4,0,0,2.50,2
S2-E5,2,193,8,1,6,6,0,0,8.33,2
S2-E5,2,194,8,2,13,8,2,3,3.12,2
S2-E5,2,195,8,3,11,9,2,3,6.39,2
S2-E5,2,196,8,4,5,7,0,1,8.21,2
S2-E5,2,197,8,5,7,6,0,2,2.50,2
S2-E5,2,198,8,6,9,9,0,2,3.61,2
S2-E5,2,199,8,7,16,11,2,5,8.86,2
S2-E5,2,200,8,8,34,35,1,3,4.21,7
S2-E5,2,201,8,9,68,47,3,21,7.29,7
S2-E5,2,202,8,10,67,52,22,14,14.33,7
S2-E5,2,203,8,11,63,55,8,14,8.68,7
S2-E5,2,204,8,12,64,51,12,15,13.38,7
S2-E5,2,205,8,13,70,56,11,18,11.07,7
S2-E5,2,206,8,14,72,55,11,24,12.95,7
S2-E5,2,207,8,15,66,61,13,16,14.80,7
S2-E5,2,208,8,16,68,56,11,17,11.25,7
S2-E5,2,209,8,17,56,51,7,15,10.44,7
S2-E5,2,210,8,18,34,40,4,5,5.62,7
S2-E5,2,211,8,19,30,30,1,4,2.83,7
S2-E5,2,212,8,20,14,10,5,3,14.50,2
S2-E5,2,213,8,21,21,12,3,9,12.92,2
S2-E5,2,214,8,22,7,10,5,1,19.00,2
S2-E5,2,215,8,23,9,8,1,1,4.38,2
S2-E5,2,216,9,0,10,11,0,0,3.41,2
S2-E5,2,217,9,1,12,10,0,2,3.00,2
S2-E5,2,218,9,2,8,7,0,3,3.21,2
S2-E5,2,219,9,3,11,11,0,3,5.68,2
S2-E5,2,220,9,4,6,7,1,1,9.64,2
S2-E5,2,221,9,5,9,8,1,1,2.50,2
S2-E5,2,222,9,6,9,8,1,1,3.12,2
S2-E5,2,223,9,7,30,16,8,7,14.06,2
S2-E5,2,224,9,8,34,35,4,2,4.07,7
S2-E5,2,225,9,9,63,44,4,17,5.80,7
S2-E5,2,226,9,10,63,50,19,11,12.90,7
S2-E5,2,227,9,11,58,47,10,12,9.63,7
S2-E5,2,228,9,12,70,62,3,17,10.00,7
S2-E5,2,229,9,13,62,48,15,16,10.10,7
S2-E5,2,230,9,14,68,58,12,14,9.91,7
S2-E5,2,231,9,15,56,49,10,11,10.77,7
S2-E5,2,232,9,16,55,51,10,5,9.85,7
S2-E5,2,233,9,17,42,34,6,7,11.18,7
S2-E5,2,234,9,18,30,33,2,2,4.47,7
S2-E5,2,235,9,19,28,22,1,7,2.50,7
S2-E5,2,236,9,20,17,14,8,2,14.64,2
S2-E5,2,237,9,21,12,9,4,1,14.72,2
S2-E5,2,238,9,22,11,10,0,2,3.00,2
S2-E5,2,239,9,23,14,12,0,4,5.42,2
S2-E5,2,240,10,0,11,10,2,3,18.00,2
S2-E5,2,241,10,1,14,11,5,1,10.68,2
S2-E5,2,242,10,2,5,6,0,0,4.17,2
S2-E5,2,243,10,3,14,10,1,3,5.50,2
S2-E5,2,244,10,4,5,6,1,1,4.17,2
S2-E5,2,245,10,5,8,9,0,0,5.28,2
S2-E5,2,246,10,6,13,9,1,3,6.39,2
S2-E5,2,247,10,7,27,16,2,12,9.69,2
S2-E5,2,248,10,8,52,48,4,12,11.15,7
S2-E5,2,249,10,9,77,46,16,27,10.98,7
S2-E5,2,250,10,10,93,65,28,27,21.42,7
S2-E5,2,251,10,11,77,77,14,13,12.05,7
S2-E5,2,252,10,12,76,72,7,10,5.97,7
S2-E5,2,253,10,13,81,54,13,24,12.78,7
S2-E5,2,254,10,14,74,60,19,19,10.67,7
S2-E5,2,255,10,15,93,61,20,31,16.76,7
S2-E5,2,256,10,16,70,75,20,6,13.30,7
S2-E5,2,257,10,17,37,34,4,5,2.65,7
S2-E5,2,258,10,18,29,32,1,1,2.50,7
S2-E5,2,259,10,19,24,24,0,1,2.50,7
S2-E5,2,260,10,20,21,11,4,7,15.23,2
S2-E5,2,261,10,21,19,16,3,7,10.62,2
S2-E5,2,262,10,22,22,15,8,6,15.83,2
S2-E5,2,263,10,23,19,10,5,10,21.00,2
S2-E5,2,264,11,0,18,18,5,5,13.06,2
S2-E5,2,265,11,1,13,14,2,2,10.36,2
S2-E5,2,266,11,2,12,10,2,2,6.50,2
S2-E5,2,267,11,3,9,10,1,0,4.00,2
S2-E5,2,268,11,4,9,7,1,1,2.50,2
S2-E5,2,269,11,5,11,8,0,4,3.75,2
S2-E5,2,270,11,6,22,14,8,4,16.79,2
S2-E5,2,271,11,7,29,13,8,12,15.19,2
S2-E5,2,272,11,8,59,45,22,4,12.72,7
S2-E5,2,273,11,9,78,54,11,17,8.24,7
S2-E5,2,274,11,10,91,60,25,23,15.67,7
S2-E5,2,275,11,11,102,79,17,29,13.01,7
S2-E5,2,276,11,12,89,83,17,18,11.30,7
S2-E5,2,277,11,13,70,76,8,4,6.18,7
S2-E5,2,278,11,14,84,51,11,26,10.54,7
S2-E5,2,279,11,15,100,74,28,24,12.91,7
S2-E5,2,280,11,16,91,82,12,21,10.61,7
S2-E5,2,281,11,17,49,54,8,8,8.43,7
S2-E5,2,282,11,18,45,43,1,9,3.78,7
S2-E5,2,283,11,19,37,41,3,2,7.26,7
S2-E5,2,284,11,20,24,15,5,6,17.83,2
S2-E5,2,285,11,21,19,15,6,4,15.50,2
S2-E5,2,286,11,22,19,13,4,6,21.35,2
S2-E5,2,287,11,23,21,16,4,7,13.75,2
S2-E5,2,288,12,0,11,8,4,6,10.62,2
S2-E5,2,289,12,1,13,11,6,2,13.86,2
S2-E5,2,290,12,2,9,7,2,2,5.36,2
S2-E5,2,291,12,3,14,14,0,2,7.50,2
S2-E5,2,292,12,4,16,14,1,3,6.43,2
S2-E5,2,293,12,5,13,12,1,3,3.33,2
S2-E5,2,294,12,6,9,10,1,1,6.00,2
S2-E5,2,295,12,7,21,15,4,3,7.50,2
S2-E5,2,296,12,8,24,22,1,4,4.32,4
S2-E5,2,297,12,9,41,27,7,11,13.80,4
S2-E5,2,298,12,10,27,27,9,2,12.69,4
S2-E5,2,299,12,11,49,32,9,10,11.41,4
S2-E5,2,300,12,12,85,34,42,19,23.09,4
S2-E5,2,301,12,13,91,53,17,40,13.07,4
S2-E5,2,302,12,14,60,55,30,15,19.23,4
S2-E5,2,303,12,15,61,54,9,13,9.63,4
S2-E5,2,304,12,16,46,41,5,13,7.87,4
S2-E5,2,305,12,17,38,29,12,10,15.09,4
S2-E5,2,306,12,18,37,28,11,8,13.75,4
S2-E5,2,307,12,19,21,27,1,1,6.94,4
S2-E5,2,308,12,20,14,10,2,3,11.50,2
S2-E5,2,309,12,21,16,16,0,3,11.56,2
S2-E5,2,310,12,22,6,5,3,1,19.50,2
S2-E5,2,311,12,23,8,8,1,0,5.00,2
S2-E5,2,312,13,0,6,6,0,0,2.50,2
S2-E5,2,313,13,1,8,6,0,2,2.50,2
S2-E5,2,314,13,2,4,4,2,0,3.75,2
S2-E5,2,315,13,3,10,8,0,2,6.25,2
S2-E5,2,316,13,4,9,8,0,3,5.00,2
S2-E5,2,317,13,5,6,9,0,0,3.06,2
S2-E5,2,318,13,6,8,7,0,1,5.36,2
S2-E5,2,319,13,7,7,8,0,0,5.62,2
S2-E5,2,320,13,8,20,18,2,0,2.50,4
S2-E5,2,321,13,9,28,23,2,3,5.11,4
S2-E5,2,322,13,10,47,29,4,17,8.71,4
S2-E5,2,323,13,11,29,26,12,8,20.77,4
S2-E5,2,324,13,12,32,27,5,8,11.76,4
S2-E5,2,325,13,13,36,28,7,9,9.46,4
S2-E5,2,326,13,14,45,26,12,16,15.00,4
S2-E5,2,327,13,15,34,34,7,9,9.41,4
S2-E5,2,328,13,16,37,27,10,9,13.80,4
S2-E5,2,329,13,17,21,24,4,2,13.12,4
S2-E5,2,330,13,18,23,17,1,7,3.97,4
S2-E5,2,331,13,19,12,17,1,1,3.68,4
S2-E5,2,332,13,20,13,13,1,0,2.88,2
S2-E5,2,333,13,21,5,4,1,0,2.50,2
S2-E5,2,334,13,22,6,4,1,1,2.50,2
S2-E5,2,335,13,23,7,6,1,1,2.50,2
S2-E6,0,0,0,0,8,7,0,2,3.21,2
S2-E6,0,1,0,1,6,8,0,0,2.50,2
S2-E6,0,2,0,2,7,7,0,0,7.50,2
S2-E6,0,3,0,3,2,1,1,0,2.50,2
S2-E6,0,4,0,4,3,3,0,0,2.50,2
S2-E6,0,5,0,5,6,5,1,0,3.50,2
S2-E6,0,6,0,6,7,5,0,2,3.50,2
S2-E6,0,7,0,7,13,12,3,0,6.25,2
S2-E6,0,8,0,8,25,20,0,5,2.50,7
S2-E6,0,9,0,9,52,43,7,7,2.97,7
S2-E6,0,10,0,10,56,46,9,8,10.00,7
S2-E6,0,11,0,11,59,51,11,5,6.23,7
S2-E6,0,12,0,12,42,44,1,2,2.73,7
S2-E6,0,13,0,13,46,40,3,5,4.25,7
S2-E6,0,14,0,14,62,47,6,14,6.01,7
S2-E6,0,15,0,15,51,46,9,10,11.20,7
S2-E6,0,16,0,16,43,45,5,3,5.72,7
S2-E6,0,17,0,17,42,41,2,2,3.96,7
S2-E6,0,18,0,18,35,33,0,4,2.65,7
S2-E6,0,19,0,19,19,20,1,2,2.50,7
S2-E6,0,20,0,20,17,14,0,5,5.00,2
S2-E6,0,21,0,21,8,8,3,2,13.12,2
S2-E6,0,22,0,22,8,8,0,2,4.38,2
S2-E6,0,23,0,23,6,7,0,1,3.93,2
S2-E6,0,24,1,0,4,5,0,0,2.50,2
S2-E6,0,25,1,1,2,2,0,0,2.50,2
S2-E6,0,26,1,2,10,7,1,2,5.36,2
S2-E6,0,27,1,3,4,6,0,0,5.00,2
S2-E6,0,28,1,4,4,4,0,0,2.50,2
S2-E6,0,29,1,5,1,1,0,0,2.50,2
S2-E6,0,30,1,6,11,6,3,2,11.67,2
S2-E6,0,31,1,7,28,14,5,11,9.64,2
S2-E6,0,32,1,8,53,42,5,17,12.26,7
S2-E6,0,33,1,9,76,55,23,15,13.95,7
S2-E6,0,34,1,10,95,55,26,29,17.23,7
S2-E6,0,35,1,11,88,78,21,18,9.74,7
S2-E6,0,36,1,12,82,70,11,19,7.36,7
S2-E6,0,37,1,13,80,81,9,9,10.46,7
S2-E6,0,38,1,14,85,72,6,16,5.00,7
S2-E6,0,39,1,15,76,76,6,10,7.11,7
S2-E6,0,40,1,16,57,50,7,10,6.10,7
S2-E6,0,41,1,17,51,49,6,6,8.93,7
S2-E6,0,42,1,18,40,37,4,5,4.12,7
S2-E6,0,43,1,19,19,22,2,0,3.18,7
S2-E6,0,44,1,20,15,8,1,6,11.88,2
S2-E6,0,45,1,21,11,14,2,1,10.71,2
S2-E6,0,46,1,22,10,8,1,2,4.38,2
S2-E6,0,47,1,23,5,6,1,0,7.50,2
S2-E6,0,48,2,0,8,7,0,1,2.50,2
S2-E6,0,49,2,1,4,3,1,1,2.50,2
S2-E6,0,50,2,2,7,6,1,1,2.50,2
S2-E6,0,51,2,3,9,9,0,1,3.61,2
S2-E6,0,52,2,4,10,8,2,1,8.12,2
S2-E6,0,53,2,5,13,9,2,3,8.61,2
S2-E6,0,54,2,6,10,12,1,0,7.08,2
S2-E6,0,55,2,7,30,11,9,10,18.86,2
S2-E6,0,56,2,8,56,45,7,14,8.94,7
S2-E6,0,57,2,9,67,59,13,9,9.19,7
S2-E6,0,58,2,10,98,48,25,34,13.75,7
S2-E6,0,59,2,11,86,78,27,15,15.06,7
S2-E6,0,60,2,12,67,71,4,7,6.44,7
S2-E6,0,61,2,13,83,69,8,13,6.27,7
S2-E6,0,62,2,14,75,67,14,7,9.44,7
S2-E6,0,63,2,15,74,60,3,18,6.58,7
S2-E6,0,64,2,16,56,49,9,16,11.58,7
S2-E6,0,65,2,17,51,54,6,7,8.15,7
S2-E6,0,66,2,18,31,34,0,4,3.38,7
S2-E6,0,67,2,19,25,21,2,6,2.74,7
S2-E6,0,68,2,20,21,9,8,10,16.94,2
S2-E6,0,69,2,21,12,17,5,0,14.26,2
S2-E6,0,70,2,22,15,10,2,3,3.50,2
S2-E6,0,71,2,23,12,12,1,2,6.25,2
S2-E6,0,72,3,0,9,9,0,2,5.28,2
S2-E6,0,73,3,1,7,9,0,0,4.72,2
S2-E6,0,74,3,2,8,8,0,0,2.50,2
S2-E6,0,75,3,3,8,7,0,1,3.21,2
S2-E6,0,76,3,4,5,6,0,0,2.50,2
S2-E6,0,77,3,5,8,6,0,2,3.33,2
S2-E6,0,78,3,6,16,12,2,4,5.83,2
S2-E6,0,79,3,7,18,13,2,7,13.27,2
S2-E6,0,80,3,8,36,38,1,4,4.34,7
S2-E6,0,81,3,9,49,40,5,8,2.62,7
S2-E6,0,82,3,10,58,46,6,14,7.17,7
S2-E6,0,83,3,11,67,50,11,20,11.60,7
S2-E6,0,84,3,12,83,56,20,27,12.86,7
S2-E6,0,85,3,13,75,59,19,24,13.94,7
S2-E6,0,86,3,14,57,53,17,11,12.88,7
S2-E6,0,87,3,15,67,53,10,15,9.48,7
S2-E6,0,88,3,16,58,49,9,15,12.91,7
S2-E6,0,89,3,17,39,44,7,3,9.89,7
S2-E6,0,90,3,18,41,37,1,6,2.64,7
S2-E6,0,91,3,19,22,25,0,3,3.30,7
S2-E6,0,92,3,20,15,16,0,2,6.56,2
S2-E6,0,93,3,21,17,15,0,4,7.50,2
S2-E6,0,94,3,22,8,7,4,1,12.50,2
S2-E6,0,95,3,23,11,7,1,4,10.36,2
S2-E6,0,96,4,0,12,10,3,3,11.00,2
S2-E6,0,97,4,1,6,7,0,2,3.93,2
S2-E6,0,98,4,2,5,4,1,2,2.50,2
S2-E6,0,99,4,3,5,7,0,0,2.50,2
S2-E6,0,100,4,4,8,7,0,1,2.50,2
S2-E6,0,101,4,5,3,4,0,0,2.50,2
S2-E6,0,102,4,6,6,5,1,0,2.50,2
S2-E6,0,103,4,7,21,12,4,5,11.25,2
S2-E6,0,104,4,8,32,34,0,3,2.79,7
S2-E6,0,105,4,9,43,39,4,3,5.71,7
S2-E6,0,106,4,10,67,47,7,16,8.14,7
S2-E6,0,107,4,11,56,57,8,7,8.55,7
S2-E6,0,108,4,12,55,42,4,16,6.19,7
S2-E6,0,109,4,13,67,57,6,20,11.54,7
S2-E6,0,110,4,14,68,56,21,11,11.79,7
S2-E6,0,111,4,15,71,50,13,19,10.50,7
S2-E6,0,112,4,16,54,53,6,14,10.99,7
S2-E6,0,113,4,17,38,41,6,5,5.06,7
S2-E6,0,114,4,18,29,31,2,1,2.98,7
S2-E6,0,115,4,19,27,25,0,3,2.50,7
S2-E6,0,116,4,20,15,13,2,3,5.58,2
S2-E6,0,117,4,21,14,13,0,4,5.96,2
S2-E6,0,118,4,22,9,8,4,1,15.00,2
S2-E6,0,119,4,23,11,9,2,1,2.50,2
S2-E6,0,120,5,0,8,8,0,1,3.75,2
S2-E6,0,121,5,1,8,8,0,1,5.62,2
S2-E6,0,122,5,2,6,7,0,0,3.93,2
S2-E6,0,123,5,3,2,1,1,0,2.50,2
S2-E6,0,124,5,4,7,4,0,3,2.50,2
S2-E6,0,125,5,5,7,9,0,1,11.39,2
S2-E6,0,126,5,6,4,5,0,0,2.50,2
S2-E6,0,127,5,7,3,3,0,0,2.50,2
S2-E6,0,128,5,8,18,17,0,1,2.50,4
S2-E6,0,129,5,9,28,23,0,6,6.20,4
S2-E6,0,130,5,10,26,22,4,6,10.00,4
S2-E6,0,131,5,11,31,21,5,11,16.55,4
S2-E6,0,132,5,12,23,24,6,4,9.17,4
S2-E6,0,133,5,13,30,29,0,5,3.53,4
S2-E6,0,134,5,14,24,22,4,3,8.41,4
S2-E6,0,135,5,15,22,23,0,2,4.02,4
S2-E6,0,136,5,16,24,22,3,1,2.95,4
S2-E6,0,137,5,17,17,17,0,1,2.79,4
S2-E6,0,138,5,18,10,9,0,2,2.50,4
S2-E6,0,139,5,19,6,7,0,1,2.50,4
S2-E6,0,140,5,20,12,11,1,1,7.95,2
S2-E6,0,141,5,21,12,11,0,2,5.23,2
S2-E6,0,142,5,22,3,5,0,0,2.50,2
S2-E6,0,143,5,23,4,4,0,0,2.50,2
S2-E6,0,144,6,0,5,3,1,1,2.50,2
S2-E6,0,145,6,1,3,4,0,0,2.50,2
S2-E6,0,146,6,2,6,6,0,0,2.50,2
S2-E6,0,147,6,3,4,3,0,1,2.50,2
S2-E6,0,148,6,4,3,4,0,0,2.50,2
S2-E6,0,149,6,5,3,2,1,0,2.50,2
S2-E6,0,150,6,6,5,5,0,0,3.50,2
S2-E6,0,151,6,7,14,12,0,2,2.50,2
S2-E6,0,152,6,8,24,23,0,3,3.37,4
S2-E6,0,153,6,9,38,30,4,7,9.67,4
S2-E6,0,154,6,10,42,28,9,12,15.89,4
S2-E6,0,155,6,11,40,29,12,11,20.95,4
S2-E6,0,156,6,12,47,28,15,15,17.68,4
S2-E6,0,157,6,13,45,29,17,14,14.22,4
S2-E6,0,158,6,14,46,28,10,22,20.18,4
S2-E6,0,159,6,15,47,25,29,15,24.70,4
S2-E6,0,160,6,16,49,27,15,22,16.20,4
S2-E6,0,161,6,17,26,26,13,9,19.81,4
S2-E6,0,162,6,18,14,19,2,2,8.03,4
S2-E6,0,163,6,19,16,16,0,2,2.50,4
S2-E6,0,164,6,20,12,10,1,3,2.50,2
S2-E6,0,165,6,21,17,8,5,7,20.62,2
S2-E6,0,166,6,22,10,9,7,1,30.28,2
S2-E6,0,167,6,23,4,3,0,2,2.50,2
S2-E6,0,168,7,0,4,6,0,0,2.50,2
S2-E6,0,169,7,1,3,2,0,1,2.50,2
S2-E6,0,170,7,2,5,5,1,0,2.50,2
S2-E6,0,171,7,3,4,3,0,1,2.50,2
S2-E6,0,172,7,4,7,6,0,2,5.00,2
S2-E6,0,173,7,5,7,7,0,2,2.50,2
S2-E6,0,174,7,6,14,13,0,3,4.04,2
S2-E6,0,175,7,7,35,11,8,19,15.68,2
S2-E6,0,176,7,8,57,50,19,7,13.80,7
S2-E6,0,177,7,9,90,56,20,21,13.30,7
S2-E6,0,178,7,10,118,56,41,42,20.27,7
S2-E6,0,179,7,11,95,81,37,19,15.71,7
S2-E6,0,180,7,12,96,81,15,19,10.03,7
S2-E6,0,181,7,13,127,81,27,38,14.10,7
S2-E6,0,182,7,14,105,75,32,36,16.63,7
S2-E6,0,183,7,15,87,74,26,23,16.22,7
S2-E6,0,184,7,16,81,77,14,13,9.32,7
S2-E6,0,185,7,17,62,58,8,9,7.93,7
S2-E6,0,186,7,18,45,41,5,8,5.55,7
S2-E6,0,187,7,19,22,29,0,1,4.22,7
S2-E6,0,188,7,20,26,10,8,9,17.50,2
S2-E6,0,189,7,21,23,13,14,5,24.04,2
S2-E6,0,190,7,22,13,12,3,3,10.00,2
S2-E6,0,191,7,23,13,14,0,2,6.79,2
S2-E6,0,192,8,0,15,12,0,5,7.50,2
S2-E6,0,193,8,1,12,12,2,3,12.08,2
S2-E6,0,194,8,2,8,10,1,0,6.50,2
S2-E6,0,195,8,3,7,6,0,1,2.50,2
S2-E6,0,196,8,4,8,6,0,3,2.50,2
S2-E6,0,197,8,5,9,9,0,3,4.17,2
S2-E6,0,198,8,6,19,13,7,2,11.73,2
S2-E6,0,199,8,7,19,11,3,7,14.77,2
S2-E6,0,200,8,8,43,35,4,11,10.21,7
S2-E6,0,201,8,9,74,56,15,14,15.45,7
S2-E6,0,202,8,10,68,47,11,24,10.80,7
S2-E6,0,203,8,11,76,54,24,22,15.74,7
S2-E6,0,204,8,12,66,53,24,11,13.82,7
S2-E6,0,205,8,13,66,59,10,8,11.23,7
S2-E6,0,206,8,14,79,0,38,49,0.00,7
S2-E6,0,207,8,15,81,0,74,56,0.00,7
S2-E6,0,208,8,16,72,82,28,18,20.79,7
S2-E6,0,209,8,17,67,71,4,10,6.80,7
S2-E6,0,210,8,18,41,43,6,2,3.43,7
S2-E6,0,211,8,19,36,30,2,6,2.50,7
S2-E6,0,212,8,20,11,10,6,1,9.00,2
S2-E6,0,213,8,21,16,8,2,7,4.38,2
S2-E6,0,214,8,22,13,12,4,4,21.25,2
S2-E6,0,215,8,23,19,16,6,1,10.62,2
S2-E6,0,216,9,0,13,11,2,1,10.23,2
S2-E6,0,217,9,1,8,8,0,1,3.12,2
S2-E6,0,218,9,2,12,11,0,2,5.23,2
S2-E6,0,219,9,3,9,8,2,1,4.38,2
S2-E6,0,220,9,4,13,11,1,2,7.95,2
S2-E6,0,221,9,5,8,9,1,0,4.72,2
S2-E6,0,222,9,6,17,12,1,4,3.75,2
S2-E6,0,223,9,7,23,18,5,4,10.56,2
S2-E6,0,224,9,8,53,40,7,10,9.38,7
S2-E6,0,225,9,9,59,51,11,7,10.15,7
S2-E6,0,226,9,10,81,50,15,23,12.50,7
S2-E6,0,227,9,11,74,58,22,17,16.64,7
S2-E6,0,228,9,12,66,59,11,13,14.36,7
S2-E6,0,229,9,13,69,53,12,17,13.63,7
S2-E6,0,230,9,14,70,58,15,14,12.24,7
S2-E6,0,231,9,15,65,53,11,15,13.07,7
S2-E6,0,232,9,16,67,52,12,18,12.31,7
S2-E6,0,233,9,17,41,46,9,4,8.59,7
S2-E6,0,234,9,18,39,32,6,5,6.41,7
S2-E6,0,235,9,19,29,31,1,2,2.82,7
S2-E6,0,236,9,20,23,9,7,9,18.06,2
S2-E6,0,237,9,21,16,12,7,6,21.67,2
S2-E6,0,238,9,22,10,12,3,1,13.75,2
S2-E6,0,239,9,23,9,8,1,1,5.00,2
S2-E6,0,240,10,0,11,9,1,2,3.61,2
S2-E6,0,241,10,1,15,10,2,5,12.00,2
S2-E6,0,242,10,2,12,10,4,3,9.50,2
S2-E6,0,243,10,3,10,10,1,2,7.00,2
S2-E6,0,244,10,4,10,11,0,1,5.23,2
S2-E6,0,245,10,5,7,8,0,0,2.50,2
S2-E6,0,246,10,6,13,9,2,2,4.72,2
S2-E6,0,247,10,7,22,13,3,8,7.88,2
S2-E6,0,248,10,8,43,44,4,3,5.57,7
S2-E6,0,249,10,9,79,59,4,19,8.18,7
S2-E6,0,250,10,10,61,52,13,15,13.94,7
S2-E6,0,251,10,11,75,55,17,18,12.86,7
S2-E6,0,252,10,12,69,51,16,20,14.75,7
S2-E6,0,253,10,13,68,65,11,12,12.58,7
S2-E6,0,254,10,14,72,49,12,23,11.07,7
S2-E6,0,255,10,15,57,51,18,11,12.40,7
S2-E6,0,256,10,16,59,53,7,10,9.48,7
S2-E6,0,257,10,17,49,44,8,7,10.00,7
S2-E6,0,258,10,18,24,27,1,3,4.54,7
S2-E6,0,259,10,19,29,30,0,2,2.50,7
S2-E6,0,260,10,20,9,9,2,0,15.28,2
S2-E6,0,261,10,21,10,8,1,1,4.38,2
S2-E6,0,262,10,22,10,9,1,1,3.06,2
S2-E6,0,263,10,23,16,12,2,3,4.58,2
S2-E6,0,264,11,0,13,14,0,2,6.07,2
S2-E6,0,265,11,1,8,6,3,1,4.17,2
S2-E6,0,266,11,2,10,10,0,1,4.00,2
S2-E6,0,267,11,3,4,4,0,1,2.50,2
S2-E6,0,268,11,4,5,6,0,0,2.50,2
S2-E6,0,269,11,5,5,4,1,0,6.25,2
S2-E6,0,270,11,6,10,6,1,3,3.33,2
S2-E6,0,271,11,7,18,17,0,4,3.68,2
S2-E6,0,272,11,8,36,34,3,3,3.24,7
S2-E6,0,273,11,9,54,44,3,10,5.91,7
S2-E6,0,274,11,10,58,45,8,15,10.39,7
S2-E6,0,275,11,11,71,47,18,21,13.99,7
S2-E6,0,276,11,12,54,52,14,9,11.06,7
S2-E6,0,277,11,13,56,42,6,17,8.69,7
S2-E6,0,278,11,14,71,63,15,10,13.06,7
S2-E6,0,279,11,15,51,45,5,11,6.94,7
S2-E6,0,280,11,16,52,45,7,11,11.06,7
S2-E6,0,281,11,17,35,41,4,1,6.04,7
S2-E6,0,282,11,18,29,25,1,4,2.50,7
S2-E6,0,283,11,19,31,31,3,1,2.50,7
S2-E6,0,284,11,20,10,8,1,2,3.75,2
S2-E6,0,285,11,21,10,12,0,0,4.17,2
S2-E6,0,286,11,22,9,9,0,0,3.61,2
S2-E6,0,287,11,23,5,4,1,0,2.50,2
S2-E6,0,288,12,0,3,2,0,1,2.50,2
S2-E6,0,289,12,1,8,6,0,3,5.00,2
S2-E6,0,290,12,2,5,7,1,0,5.36,2
S2-E6,0,291,12,3,8,7,0,1,4.64,2
S2-E6,0,292,12,4,5,5,1,0,3.50,2
S2-E6,0,293,12,5,6,6,0,0,3.33,2
S2-E6,0,294,12,6,6,6,0,0,4.17,2
S2-E6,0,295,12,7,8,7,0,1,3.21,2
S2-E6,0,296,12,8,30,23,1,7,4.24,4
S2-E6,0,297,12,9,36,25,4,14,11.10,4
S2-E6,0,298,12,10,50,33,15,16,18.71,4
S2-E6,0,299,12,11,41,34,13,10,17.06,4
S2-E6,0,300,12,12,34,25,9,10,17.10,4
S2-E6,0,301,12,13,47,31,12,14,17.02,4
S2-E6,0,302,12,14,43,30,19,8,20.83,4
S2-E6,0,303,12,15,45,28,13,12,17.14,4
S2-E6,0,304,12,16,46,27,12,19,15.28,4
S2-E6,0,305,12,17,32,27,13,11,18.61,4
S2-E6,0,306,12,18,38,28,7,14,13.57,4
S2-E6,0,307,12,19,12,21,5,0,12.98,4
S2-E6,0,308,12,20,9,9,0,0,4.72,2
S2-E6,0,309,12,21,8,7,1,0,2.50,2
S2-E6,0,310,12,22,6,6,0,0,2.50,2
S2-E6,0,311,12,23,11,10,1,0,4.00,2
S2-E6,0,312,13,0,6,4,0,2,2.50,2
S2-E6,0,313,13,1,5,6,0,1,2.50,2
S2-E6,0,314,13,2,4,5,0,0,2.50,2
S2-E6,0,315,13,3,6,6,0,0,3.33,2
S2-E6,0,316,13,4,2,2,0,0,2.50,2
S2-E6,0,317,13,5,6,5,0,1,3.50,2
S2-E6,0,318,13,6,6,6,1,0,2.50,2
S2-E6,0,319,13,7,11,9,0,2,2.50,2
S2-E6,0,320,13,8,26,24,1,3,3.54,4
S2-E6,0,321,13,9,40,25,6,12,10.30,4
S2-E6,0,322,13,10,48,30,20,10,14.17,4
S2-E6,0,323,13,11,48,28,16,14,15.71,4
S2-E6,0,324,13,12,37,33,13,5,16.74,4
S2-E6,0,325,13,13,30,31,2,2,4.27,4
S2-E6,0,326,13,14,33,23,4,8,9.24,4
S2-E6,0,327,13,15,33,27,6,8,12.87,4
S2-E6,0,328,13,16,33,24,6,11,15.42,4
S2-E6,0,329,13,17,19,24,4,2,9.17,4
S2-E6,0,330,13,18,16,16,0,2,4.06,4
S2-E6,0,331,13,19,14,14,0,2,4.29,4
S2-E6,0,332,13,20,6,7,1,0,7.50,2
S2-E6,0,333,13,21,8,4,1,3,2.50,2
S2-E6,0,334,13,22,7,9,1,0,3.06,2
S2-E6,0,335,13,23,3,3,0,0,2.50,2
S2-E6,1,0,0,0,4,3,0,1,2.50,2
S2-E6,1,1,0,1,2,3,0,0,2.50,2
S2-E6,1,2,0,2,4,3,1,0,2.50,2
S2-E6,1,3,0,3,6,4,1,1,2.50,2
S2-E6,1,4,0,4,7,8,0,0,4.38,2
S2-E6,1,5,0,5,2,2,0,0,2.50,2
S2-E6,1,6,0,6,6,4,2,0,3.75,2
S2-E6,1,7,0,7,28,16,1,11,14.06,2
S2-E6,1,8,0,8,33,37,3,4,5.34,7
S2-E6,1,9,0,9,77,55,13,13,8.59,7
S2-E6,1,10,0,10,83,61,16,19,13.98,7
S2-E6,1,11,0,11,90,83,10,16,9.19,7
S2-E6,1,12,0,12,70,73,7,6,5.51,7
S2-E6,1,13,0,13,65,49,3,19,4.13,7
S2-E6,1,14,0,14,71,58,15,17,12.67,7
S2-E6,1,15,0,15,78,60,11,24,11.67,7
S2-E6,1,16,0,16,66,54,15,21,16.57,7
S2-E6,1,17,0,17,52,53,12,8,13.25,7
S2-E6,1,18,0,18,34,37,1,4,4.12,7
S2-E6,1,19,0,19,32,31,2,3,2.66,7
S2-E6,1,20,0,20,22,8,6,11,13.12,2
S2-E6,1,21,0,21,21,12,12,8,24.58,2
S2-E6,1,22,0,22,15,12,6,5,12.92,2
S2-E6,1,23,0,23,12,12,3,2,10.00,2
S2-E6,1,24,1,0,12,11,0,3,4.77,2
S2-E6,1,25,1,1,7,8,0,2,5.00,2
S2-E6,1,26,1,2,8,9,1,0,2.50,2
S2-E6,1,27,1,3,9,9,0,0,3.06,2
S2-E6,1,28,1,4,10,10,0,0,3.50,2
S2-E6,1,29,1,5,5,5,0,0,2.50,2
S2-E6,1,30,1,6,13,10,2,1,3.00,2
S2-E6,1,31,1,7,18,14,0,5,4.29,2
S2-E6,1,32,1,8,32,30,4,3,3.50,7
S2-E6,1,33,1,9,62,49,5,11,5.56,7
S2-E6,1,34,1,10,77,55,10,23,11.41,7
S2-E6,1,35,1,11,67,60,12,18,11.33,7
S2-E6,1,36,1,12,63,57,14,10,14.25,7
S2-E6,1,37,1,13,63,46,6,21,7.28,7
S2-E6,1,38,1,14,54,51,15,9,11.91,7
S2-E6,1,39,1,15,70,43,18,18,12.62,7
S2-E6,1,40,1,16,56,53,12,9,11.56,7
S2-E6,1,41,1,17,37,41,2,3,8.23,7
S2-E6,1,42,1,18,40,37,2,4,3.85,7
S2-E6,1,43,1,19,24,23,1,4,2.72,7
S2-E6,1,44,1,20,16,13,2,5,6.73,2
S2-E6,1,45,1,21,20,12,7,6,16.25,2
S2-E6,1,46,1,22,20,15,5,6,15.50,2
S2-E6,1,47,1,23,17,17,3,3,15.74,2
S2-E6,1,48,2,0,7,8,2,0,5.62,2
S2-E6,1,49,2,1,10,9,0,1,3.06,2
S2-E6,1,50,2,2,10,9,0,2,2.50,2
S2-E6,1,51,2,3,11,12,0,1,2.50,2
S2-E6,1,52,2,4,3,2,1,1,2.50,2
S2-E6,1,53,2,5,10,8,1,2,3.12,2
S2-E6,1,54,2,6,14,12,2,2,6.25,2
S2-E6,1,55,2,7,24,15,7,4,8.17,2
S2-E6,1,56,2,8,41,39,1,5,3.40,7
S2-E6,1,57,2,9,64,45,7,17,6.61,7
S2-E6,1,58,2,10,57,59,7,8,8.43,7
S2-E6,1,59,2,11,68,53,4,19,10.14,7
S2-E6,1,60,2,12,57,53,10,13,7.22,7
S2-E6,1,61,2,13,49,50,10,2,10.00,7
S2-E6,1,62,2,14,67,46,8,15,8.15,7
S2-E6,1,63,2,15,42,42,9,6,11.90,7
S2-E6,1,64,2,16,51,44,3,10,4.89,7
S2-E6,1,65,2,17,44,46,5,3,5.11,7
S2-E6,1,66,2,18,30,27,2,4,3.24,7
S2-E6,1,67,2,19,25,28,0,1,2.50,7
S2-E6,1,68,2,20,18,11,2,6,10.68,2
S2-E6,1,69,2,21,24,12,8,10,13.75,2
S2-E6,1,70,2,22,15,9,10,6,19.17,2
S2-E6,1,71,2,23,15,12,5,4,17.50,2
S2-E6,1,72,3,0,7,9,1,1,16.94,2
S2-E6,1,73,3,1,5,5,0,1,3.50,2
S2-E6,1,74,3,2,8,9,0,0,4.17,2
S2-E6,1,75,3,3,9,9,0,0,3.06,2
S2-E6,1,76,3,4,2,2,0,0,2.50,2
S2-E6,1,77,3,5,4,3,0,1,2.50,2
S2-E6,1,78,3,6,8,9,0,0,5.28,2
S2-E6,1,79,3,7,11,9,1,1,3.06,2
S2-E6,1,80,3,8,38,32,1,6,3.59,7
S2-E6,1,81,3,9,55,47,4,10,7.29,7
S2-E6,1,82,3,10,69,45,12,22,9.17,7
S2-E6,1,83,3,11,57,59,15,5,12.33,7
S2-E6,1,84,3,12,60,42,5,18,9.05,7
S2-E6,1,85,3,13,46,47,6,11,12.71,7
S2-E6,1,86,3,14,56,41,6,20,12.38,7
S2-E6,1,87,3,15,56,55,11,10,13.23,7
S2-E6,1,88,3,16,61,46,8,17,8.70,7
S2-E6,1,89,3,17,29,38,4,4,6.32,7
S2-E6,1,90,3,18,33,33,0,4,2.50,7
S2-E6,1,91,3,19,17,21,0,0,2.50,7
S2-E6,1,92,3,20,14,9,3,2,11.39,2
S2-E6,1,93,3,21,12,10,2,2,7.50,2
S2-E6,1,94,3,22,8,9,0,1,4.17,2
S2-E6,1,95,3,23,7,7,1,0,2.50,2
S2-E6,1,96,4,0,4,4,0,0,3.75,2
S2-E6,1,97,4,1,5,5,0,0,2.50,2
S2-E6,1,98,4,2,9,6,0,3,6.67,2
S2-E6,1,99,4,3,6,8,0,1,10.62,2
S2-E6,1,100,4,4,4,5,0,0,2.50,2
S2-E6,1,101,4,5,5,5,0,0,2.50,2
S2-E6,1,102,4,6,14,11,0,3,7.05,2
S2-E6,1,103,4,7,16,9,3,7,12.50,2
S2-E6,1,104,4,8,34,36,2,3,4.86,7
S2-E6,1,105,4,9,44,42,1,4,3.10,7
S2-E6,1,106,4,10,67,46,8,17,7.39,7
S2-E6,1,107,4,11,57,53,7,14,9.76,7
S2-E6,1,108,4,12,42,46,5,5,8.48,7
S2-E6,1,109,4,13,58,46,5,12,7.93,7
S2-E6,1,110,4,14,55,46,11,10,9.13,7
S2-E6,1,111,4,15,73,54,9,20,8.70,7
S2-E6,1,112,4,16,49,50,10,9,12.10,7
S2-E6,1,113,4,17,41,37,5,8,9.53,7
S2-E6,1,114,4,18,38,43,2,1,3.66,7
S2-E6,1,115,4,19,27,27,0,1,2.50,7
S2-E6,1,116,4,20,19,7,4,9,23.93,2
S2-E6,1,117,4,21,17,14,9,3,25.00,2
S2-E6,1,118,4,22,8,10,1,0,10.50,2
S2-E6,1,119,4,23,7,7,0,0,2.50,2
S2-E6,1,120,5,0,6,6,0,0,2.50,2
S2-E6,1,121,5,1,4,4,0,0,2.50,2
S2-E6,1,122,5,2,3,3,0,0,2.50,2
S2-E6,1,123,5,3,1,1,0,0,2.50,2
S2-E6,1,124,5,4,5,5,0,0,2.50,2
S2-E6,1,125,5,5,3,2,0,1,2.50,2
S2-E6,1,126,5,6,8,9,0,0,3.06,2
S2-E6,1,127,5,7,5,5,0,0,2.50,2
S2-E6,1,128,5,8,23,20,3,0,3.75,4
S2-E6,1,129,5,9,20,18,0,2,2.78,4
S2-E6,1,130,5,10,31,27,3,3,6.20,4
S2-E6,1,131,5,11,20,21,1,1,3.93,4
S2-E6,1,132,5,12,25,22,0,4,4.77,4
S2-E6,1,133,5,13,21,20,0,5,2.75,4
S2-E6,1,134,5,14,29,23,6,5,12.72,4
S2-E6,1,135,5,15,18,19,2,2,3.82,4
S2-E6,1,136,5,16,19,19,0,2,3.03,4
S2-E6,1,137,5,17,20,18,1,3,3.06,4
S2-E6,1,138,5,18,13,13,1,2,3.65,4
S2-E6,1,139,5,19,9,10,0,1,2.50,4
S2-E6,1,140,5,20,9,8,2,0,5.00,2
S2-E6,1,141,5,21,7,7,0,0,3.21,2
S2-E6,1,142,5,22,8,7,0,1,7.50,2
S2-E6,1,143,5,23,1,2,0,0,2.50,2
S2-E6,1,144,6,0,4,2,0,2,2.50,2
S2-E6,1,145,6,1,3,4,1,0,2.50,2
S2-E6,1,146,6,2,0,0,0,0,0.00,2
S2-E6,1,147,6,3,1,1,0,0,2.50,2
S2-E6,1,148,6,4,3,2,0,1,2.50,2
S2-E6,1,149,6,5,4,4,0,1,2.50,2
S2-E6,1,150,6,6,3,4,0,0,2.50,2
S2-E6,1,151,6,7,8,6,0,2,2.50,2
S2-E6,1,152,6,8,18,17,1,2,3.38,4
S2-E6,1,153,6,9,35,20,4,13,7.75,4
S2-E6,1,154,6,10,39,23,13,16,18.37,4
S2-E6,1,155,6,11,40,27,17,12,21.39,4
S2-E6,1,156,6,12,39,30,8,13,13.50,4
S2-E6,1,157,6,13,70,29,25,29,22.16,4
S2-E6,1,158,6,14,61,43,33,14,24.59,4
S2-E6,1,159,6,15,52,46,12,8,8.26,4
S2-E6,1,160,6,16,45,40,2,11,8.38,4
S2-E6,1,161,6,17,34,38,4,3,5.39,4
S2-E6,1,162,6,18,21,22,2,0,4.55,4
S2-E6,1,163,6,19,36,26,0,10,4.23,4
S2-E6,1,164,6,20,12,8,9,5,24.38,2
S2-E6,1,165,6,21,12,10,5,2,21.00,2
S2-E6,1,166,6,22,12,8,2,4,3.75,2
S2-E6,1,167,6,23,7,8,3,0,16.88,2
S2-E6,1,168,7,0,9,9,0,0,4.17,2
S2-E6,1,169,7,1,7,6,0,1,3.33,2
S2-E6,1,170,7,2,4,5,0,0,2.50,2
S2-E6,1,171,7,3,9,7,0,2,3.21,2
S2-E6,1,172,7,4,2,4,0,0,2.50,2
S2-E6,1,173,7,5,8,7,0,1,3.93,2
S2-E6,1,174,7,6,7,7,0,1,3.93,2
S2-E6,1,175,7,7,14,14,1,0,6.07,2
S2-E6,1,176,7,8,46,33,2,11,6.74,7
S2-E6,1,177,7,9,67,52,13,13,15.38,7
S2-E6,1,178,7,10,61,55,15,4,7.77,7
S2-E6,1,179,7,11,78,51,10,21,7.11,7
S2-E6,1,180,7,12,69,61,16,13,14.39,7
S2-E6,1,181,7,13,63,54,8,14,10.37,7
S2-E6,1,182,7,14,74,50,8,30,12.30,7
S2-E6,1,183,7,15,71,63,15,23,15.44,7
S2-E6,1,184,7,16,57,66,10,4,8.18,7
S2-E6,1,185,7,17,49,45,2,6,2.83,7
S2-E6,1,186,7,18,22,25,3,0,3.50,7
S2-E6,1,187,7,19,16,16,0,0,2.50,7
S2-E6,1,188,7,20,11,10,0,1,4.00,2
S2-E6,1,189,7,21,17,12,1,5,7.08,2
S2-E6,1,190,7,22,8,10,3,0,13.00,2
S2-E6,1,191,7,23,9,9,0,0,2.50,2
S2-E6,1,192,8,0,11,11,0,0,4.77,2
S2-E6,1,193,8,1,7,5,0,2,4.50,2
S2-E6,1,194,8,2,3,5,0,0,3.50,2
S2-E6,1,195,8,3,10,4,1,5,2.50,2
S2-E6,1,196,8,4,11,12,3,1,8.75,2
S2-E6,1,197,8,5,12,10,1,2,11.50,2
S2-E6,1,198,8,6,17,12,3,4,11.67,2
S2-E6,1,199,8,7,17,17,2,2,5.44,2
S2-E6,1,200,8,8,42,38,0,6,3.29,7
S2-E6,1,201,8,9,74,46,16,18,12.39,7
S2-E6,1,202,8,10,79,52,22,23,16.63,7
S2-E6,1,203,8,11,75,56,19,23,13.57,7
S2-E6,1,204,8,12,69,55,17,20,14.32,7
S2-E6,1,205,8,13,72,52,23,17,15.87,7
S2-E6,1,206,8,14,81,0,52,46,0.00,7
S2-E6,1,207,8,15,78,0,73,51,0.00,7
S2-E6,1,208,8,16,85,83,31,22,19.43,7
S2-E6,1,209,8,17,74,75,9,12,10.37,7
S2-E6,1,210,8,18,42,46,2,6,8.37,7
S2-E6,1,211,8,19,25,26,1,4,2.50,7
S2-E6,1,212,8,20,26,14,10,6,17.14,2
S2-E6,1,213,8,21,9,9,5,1,7.50,2
S2-E6,1,214,8,22,13,9,0,5,3.61,2
S2-E6,1,215,8,23,9,10,4,0,14.00,2
S2-E6,1,216,9,0,16,10,1,5,13.00,2
S2-E6,1,217,9,1,11,15,0,1,8.17,2
S2-E6,1,218,9,2,6,6,0,1,2.50,2
S2-E6,1,219,9,3,11,11,0,1,7.05,2
S2-E6,1,220,9,4,5,6,0,0,2.50,2
S2-E6,1,221,9,5,8,8,0,0,3.12,2
S2-E6,1,222,9,6,12,9,2,1,6.94,2
S2-E6,1,223,9,7,20,13,1,7,5.96,2
S2-E6,1,224,9,8,37,35,2,7,4.93,7
S2-E6,1,225,9,9,54,47,5,9,8.78,7
S2-E6,1,226,9,10,64,42,14,17,10.36,7
S2-E6,1,227,9,11,71,57,15,16,11.27,7
S2-E6,1,228,9,12,53,45,13,11,11.83,7
S2-E6,1,229,9,13,67,53,9,16,9.67,7
S2-E6,1,230,9,14,53,54,9,6,10.28,7
S2-E6,1,231,9,15,52,48,4,6,3.54,7
S2-E6,1,232,9,16,54,46,5,9,8.48,7
S2-E6,1,233,9,17,39,41,0,7,7.50,7
S2-E6,1,234,9,18,31,28,3,7,4.29,7
S2-E6,1,235,9,19,30,35,2,0,3.36,7
S2-E6,1,236,9,20,10,8,1,1,6.25,2
S2-E6,1,237,9,21,10,8,1,2,2.50,2
S2-E6,1,238,9,22,8,7,1,2,3.21,2
S2-E6,1,239,9,23,8,9,1,0,4.17,2
S2-E6,1,240,10,0,16,11,1,4,2.95,2
S2-E6,1,241,10,1,9,10,2,1,5.00,2
S2-E6,1,242,10,2,7,5,0,3,2.50,2
S2-E6,1,243,10,3,5,7,1,0,5.36,2
S2-E6,1,244,10,4,3,2,0,1,2.50,2
S2-E6,1,245,10,5,4,4,0,1,3.75,2
S2-E6,1,246,10,6,8,7,0,2,2.50,2
S2-E6,1,247,10,7,19,15,2,4,8.17,2
S2-E6,1,248,10,8,22,22,2,2,4.32,7
S2-E6,1,249,10,9,42,37,0,7,3.85,7
S2-E6,1,250,10,10,61,37,18,13,10.74,7
S2-E6,1,251,10,11,45,48,2,8,4.58,7
S2-E6,1,252,10,12,62,59,7,4,7.75,7
S2-E6,1,253,10,13,53,46,4,7,5.22,7
S2-E6,1,254,10,14,55,45,3,14,3.28,7
S2-E6,1,255,10,15,51,51,10,4,8.09,7
S2-E6,1,256,10,16,57,44,3,14,3.64,7
S2-E6,1,257,10,17,30,37,4,3,6.42,7
S2-E6,1,258,10,18,28,30,0,1,3.67,7
S2-E6,1,259,10,19,19,18,0,2,2.50,7
S2-E6,1,260,10,20,14,10,3,3,15.00,2
S2-E6,1,261,10,21,13,10,2,4,5.00,2
S2-E6,1,262,10,22,6,9,1,0,6.39,2
S2-E6,1,263,10,23,10,7,0,3,2.50,2
S2-E6,1,264,11,0,12,14,0,1,6.43,2
S2-E6,1,265,11,1,4,3,1,1,2.50,2
S2-E6,1,266,11,2,2,3,0,0,2.50,2
S2-E6,1,267,11,3,5,5,0,0,2.50,2
S2-E6,1,268,11,4,3,2,0,1,2.50,2
S2-E6,1,269,11,5,8,6,2,1,4.17,2
S2-E6,1,270,11,6,6,7,0,0,2.50,2
S2-E6,1,271,11,7,9,8,1,0,2.50,2
S2-E6,1,272,11,8,39,35,1,3,3.21,7
S2-E6,1,273,11,9,51,42,3,9,3.21,7
S2-E6,1,274,11,10,72,46,14,21,11.41,7
S2-E6,1,275,11,11,64,49,16,20,15.05,7
S2-E6,1,276,11,12,60,53,16,11,13.25,7
S2-E6,1,277,11,13,65,47,12,17,11.76,7
S2-E6,1,278,11,14,76,62,13,18,11.61,7
S2-E6,1,279,11,15,53,52,9,10,12.31,7
S2-E6,1,280,11,16,52,47,6,9,6.22,7
S2-E6,1,281,11,17,44,41,4,8,6.40,7
S2-E6,1,282,11,18,21,24,1,4,5.62,7
S2-E6,1,283,11,19,25,27,0,2,3.43,7
S2-E6,1,284,11,20,9,9,1,1,7.50,2
S2-E6,1,285,11,21,8,8,1,0,2.50,2
S2-E6,1,286,11,22,3,2,1,0,2.50,2
S2-E6,1,287,11,23,3,3,0,0,2.50,2
S2-E6,1,288,12,0,5,5,0,0,3.50,2
S2-E6,1,289,12,1,6,5,0,1,2.50,2
S2-E6,1,290,12,2,6,7,0,0,3.21,2
S2-E6,1,291,12,3,4,4,0,0,3.75,2
S2-E6,1,292,12,4,4,4,0,0,2.50,2
S2-E6,1,293,12,5,2,2,0,0,2.50,2
S2-E6,1,294,12,6,2,2,0,0,2.50,2
S2-E6,1,295,12,7,15,11,0,4,3.41,2
S2-E6,1,296,12,8,13,12,2,3,3.75,4
S2-E6,1,297,12,9,39,26,4,12,4.42,4
S2-E6,1,298,12,10,41,29,9,15,16.64,4
S2-E6,1,299,12,11,32,25,13,9,16.70,4
S2-E6,1,300,12,12,28,27,2,8,10.46,4
S2-E6,1,301,12,13,32,26,10,4,11.73,4
S2-E6,1,302,12,14,34,25,6,7,6.10,4
S2-E6,1,303,12,15,30,27,2,8,5.09,4
S2-E6,1,304,12,16,27,26,5,4,9.42,4
S2-E6,1,305,12,17,25,25,2,2,5.30,4
S2-E6,1,306,12,18,12,12,1,1,2.92,4
S2-E6,1,307,12,19,14,15,0,0,2.50,4
S2-E6,1,308,12,20,11,10,0,1,3.50,2
S2-E6,1,309,12,21,6,6,0,1,4.17,2
S2-E6,1,310,12,22,6,7,0,0,3.21,2
S2-E6,1,311,12,23,8,6,0,2,2.50,2
S2-E6,1,312,13,0,3,5,0,0,3.50,2
S2-E6,1,313,13,1,3,3,0,0,2.50,2
S2-E6,1,314,13,2,1,1,0,0,2.50,2
S2-E6,1,315,13,3,2,1,1,0,2.50,2
S2-E6,1,316,13,4,5,3,1,1,2.50,2
S2-E6,1,317,13,5,2,3,0,0,2.50,2
S2-E6,1,318,13,6,8,8,0,0,3.75,2
S2-E6,1,319,13,7,12,10,1,1,4.00,2
S2-E6,1,320,13,8,18,17,0,2,2.50,4
S2-E6,1,321,13,9,30,28,2,2,7.50,4
S2-E6,1,322,13,10,39,22,8,11,11.59,4
S2-E6,1,323,13,11,28,24,12,3,12.92,4
S2-E6,1,324,13,12,33,26,1,9,8.27,4
S2-E6,1,325,13,13,35,23,7,14,16.63,4
S2-E6,1,326,13,14,33,23,13,11,16.85,4
S2-E6,1,327,13,15,40,28,13,10,21.61,4
S2-E6,1,328,13,16,32,26,14,2,10.58,4
S2-E6,1,329,13,17,26,20,0,8,7.25,4
S2-E6,1,330,13,18,18,21,4,1,11.79,4
S2-E6,1,331,13,19,17,16,0,2,2.50,4
S2-E6,1,332,13,20,9,11,0,0,3.41,2
S2-E6,1,333,13,21,4,3,1,0,2.50,2
S2-E6,1,334,13,22,2,2,0,0,2.50,2
S2-E6,1,335,13,23,1,1,0,0,2.50,2
S2-E6,2,0,0,0,4,3,0,1,2.50,2
S2-E6,2,1,0,1,4,5,0,0,2.50,2
S2-E6,2,2,0,2,2,2,0,0,2.50,2
S2-E6,2,3,0,3,0,0,0,0,0.00,2
S2-E6,2,4,0,4,5,5,0,0,2.50,2
S2-E6,2,5,0,5,6,5,0,1,2.50,2
S2-E6,2,6,0,6,4,4,0,1,2.50,2
S2-E6,2,7,0,7,19,10,5,5,14.00,2
S2-E6,2,8,0,8,40,36,3,6,5.69,7
S2-E6,2,9,0,9,57,45,6,12,5.72,7
S2-E6,2,10,0,10,90,55,21,26,12.77,7
S2-E6,2,11,0,11,74,56,23,21,16.07,7
S2-E6,2,12,0,12,56,53,15,9,12.12,7
S2-E6,2,13,0,13,59,49,8,11,8.93,7
S2-E6,2,14,0,14,73,46,13,25,14.35,7
S2-E6,2,15,0,15,47,53,16,3,13.54,7
S2-E6,2,16,0,16,51,45,1,8,3.17,7
S2-E6,2,17,0,17,42,43,3,4,3.55,7
S2-E6,2,18,0,18,26,27,0,3,2.50,7
S2-E6,2,19,0,19,27,26,1,3,2.50,7
S2-E6,2,20,0,20,22,7,9,9,20.36,2
S2-E6,2,21,0,21,14,12,8,3,12.92,2
S2-E6,2,22,0,22,16,12,4,3,3.33,2
S2-E6,2,23,0,23,9,10,1,1,7.50,2
S2-E6,2,24,1,0,8,7,1,1,3.21,2
S2-E6,2,25,1,1,9,8,1,1,2.50,2
S2-E6,2,26,1,2,8,8,0,1,3.12,2
S2-E6,2,27,1,3,6,5,0,2,2.50,2
S2-E6,2,28,1,4,7,8,0,1,4.38,2
S2-E6,2,29,1,5,2,3,0,0,2.50,2
S2-E6,2,30,1,6,8,5,0,3,2.50,2
S2-E6,2,31,1,7,12,14,1,0,4.64,2
S2-E6,2,32,1,8,36,35,0,1,3.93,7
S2-E6,2,33,1,9,50,46,1,4,4.78,7
S2-E6,2,34,1,10,43,43,1,3,4.36,7
S2-E6,2,35,1,11,63,48,5,13,4.79,7
S2-E6,2,36,1,12,56,50,10,9,10.30,7
S2-E6,2,37,1,13,55,42,11,11,9.17,7
S2-E6,2,38,1,14,50,44,5,12,9.89,7
S2-E6,2,39,1,15,44,41,9,6,5.55,7
S2-E6,2,40,1,16,51,45,6,6,9.17,7
S2-E6,2,41,1,17,37,39,1,3,4.04,7
S2-E6,2,42,1,18,22,23,2,0,2.72,7
S2-E6,2,43,1,19,20,18,0,2,2.50,7
S2-E6,2,44,1,20,12,10,4,0,11.50,2
S2-E6,2,45,1,21,10,8,1,1,2.50,2
S2-E6,2,46,1,22,10,7,1,3,3.21,2
S2-E6,2,47,1,23,7,8,1,1,2.50,2
S2-E6,2,48,2,0,5,6,0,0,2.50,2
S2-E6,2,49,2,1,5,4,0,1,2.50,2
S2-E6,2,50,2,2,9,10,0,0,5.00,2
S2-E6,2,51,2,3,9,8,1,0,2.50,2
S2-E6,2,52,2,4,4,3,0,1,2.50,2
S2-E6,2,53,2,5,14,10,1,4,5.00,2
S2-E6,2,54,2,6,6,10,0,0,8.50,2
S2-E6,2,55,2,7,19,15,1,3,6.17,2
S2-E6,2,56,2,8,39,38,0,4,3.29,7
S2-E6,2,57,2,9,65,49,6,14,9.03,7
S2-E6,2,58,2,10,94,55,31,22,17.14,7
S2-E6,2,59,2,11,96,83,15,20,9.79,7
S2-E6,2,60,2,12,73,78,10,5,7.69,7
S2-E6,2,61,2,13,83,67,3,18,6.46,7
S2-E6,2,62,2,14,67,71,10,4,6.16,7
S2-E6,2,63,2,15,73,49,8,20,6.28,7
S2-E6,2,64,2,16,56,55,12,9,11.05,7
S2-E6,2,65,2,17,52,48,5,8,7.92,7
S2-E6,2,66,2,18,39,41,2,4,3.96,7
S2-E6,2,67,2,19,24,22,2,4,2.50,7
S2-E6,2,68,2,20,16,12,3,5,11.67,2
S2-E6,2,69,2,21,13,14,2,2,16.79,2
S2-E6,2,70,2,22,18,11,2,7,3.41,2
S2-E6,2,71,2,23,14,15,4,2,9.83,2
S2-E6,2,72,3,0,6,7,0,1,3.21,2
S2-E6,2,73,3,1,10,9,1,1,4.17,2
S2-E6,2,74,3,2,5,6,0,0,3.33,2
S2-E6,2,75,3,3,7,7,0,0,2.50,2
S2-E6,2,76,3,4,10,10,0,0,5.50,2
S2-E6,2,77,3,5,10,7,1,2,2.50,2
S2-E6,2,78,3,6,14,10,0,6,4.00,2
S2-E6,2,79,3,7,28,14,9,11,16.43,2
S2-E6,2,80,3,8,63,55,10,9,9.32,7
S2-E6,2,81,3,9,78,51,13,23,11.23,7
S2-E6,2,82,3,10,81,66,28,10,17.12,7
S2-E6,2,83,3,11,73,72,5,6,5.21,7
S2-E6,2,84,3,12,65,53,4,14,4.67,7
S2-E6,2,85,3,13,78,60,11,21,11.50,7
S2-E6,2,86,3,14,70,53,19,19,15.99,7
S2-E6,2,87,3,15,75,62,11,21,10.00,7
S2-E6,2,88,3,16,68,58,16,15,14.31,7
S2-E6,2,89,3,17,57,54,8,10,10.37,7
S2-E6,2,90,3,18,54,42,13,9,10.71,7
S2-E6,2,91,3,19,35,39,3,2,4.42,7
S2-E6,2,92,3,20,28,8,13,9,6.88,2
S2-E6,2,93,3,21,25,15,14,5,15.83,2
S2-E6,2,94,3,22,18,13,4,6,8.27,2
S2-E6,2,95,3,23,13,13,1,5,10.58,2
S2-E6,2,96,4,0,6,8,0,3,11.25,2
S2-E6,2,97,4,1,6,7,1,1,13.21,2
S2-E6,2,98,4,2,6,7,0,0,3.21,2
S2-E6,2,99,4,3,6,6,0,0,2.50,2
S2-E6,2,100,4,4,7,7,0,0,3.21,2
S2-E6,2,101,4,5,13,10,1,2,4.00,2
S2-E6,2,102,4,6,13,11,1,3,6.14,2
S2-E6,2,103,4,7,18,13,2,6,6.35,2
S2-E6,2,104,4,8,43,41,4,4,7.26,7
S2-E6,2,105,4,9,60,49,3,12,8.42,7
S2-E6,2,106,4,10,77,58,11,20,10.95,7
S2-E6,2,107,4,11,78,51,17,30,14.17,7
S2-E6,2,108,4,12,58,59,13,16,15.21,7
S2-E6,2,109,4,13,71,55,14,18,14.14,7
S2-E6,2,110,4,14,70,65,8,15,10.35,7
S2-E6,2,111,4,15,71,51,11,24,10.44,7
S2-E6,2,112,4,16,62,58,16,12,15.95,7
S2-E6,2,113,4,17,47,44,0,15,11.93,7
S2-E6,2,114,4,18,38,35,8,10,9.21,7
S2-E6,2,115,4,19,31,35,3,3,4.79,7
S2-E6,2,116,4,20,19,15,5,2,7.17,2
S2-E6,2,117,4,21,17,14,1,4,4.29,2
S2-E6,2,118,4,22,12,13,2,1,4.81,2
S2-E6,2,119,4,23,13,11,1,2,3.86,2
S2-E6,2,120,5,0,7,8,0,1,5.00,2
S2-E6,2,121,5,1,7,7,0,1,3.21,2
S2-E6,2,122,5,2,10,9,2,0,4.17,2
S2-E6,2,123,5,3,3,2,0,1,2.50,2
S2-E6,2,124,5,4,9,8,2,0,9.38,2
S2-E6,2,125,5,5,11,11,0,0,2.95,2
S2-E6,2,126,5,6,8,5,0,3,2.50,2
S2-E6,2,127,5,7,15,16,1,1,6.25,2
S2-E6,2,128,5,8,29,22,4,4,10.00,4
S2-E6,2,129,5,9,44,25,8,15,14.90,4
S2-E6,2,130,5,10,61,31,26,19,19.11,4
S2-E6,2,131,5,11,60,31,27,21,17.50,4
S2-E6,2,132,5,12,52,28,31,14,22.86,4
S2-E6,2,133,5,13,50,32,18,14,15.47,4
S2-E6,2,134,5,14,51,28,18,19,19.29,4
S2-E6,2,135,5,15,55,33,24,17,19.47,4
S2-E6,2,136,5,16,52,33,22,14,25.23,4
S2-E6,2,137,5,17,50,32,16,16,19.06,4
S2-E6,2,138,5,18,38,28,11,15,16.25,4
S2-E6,2,139,5,19,26,24,13,4,13.75,4
S2-E6,2,140,5,20,23,12,8,7,18.75,2
S2-E6,2,141,5,21,16,11,6,6,17.50,2
S2-E6,2,142,5,22,13,9,7,3,15.28,2
S2-E6,2,143,5,23,17,13,4,3,17.50,2
S2-E6,2,144,6,0,10,12,1,0,7.50,2
S2-E6,2,145,6,1,8,6,1,1,2.50,2
S2-E6,2,146,6,2,3,4,0,0,2.50,2
S2-E6,2,147,6,3,2,2,0,0,2.50,2
S2-E6,2,148,6,4,3,3,0,0,2.50,2
S2-E6,2,149,6,5,3,2,1,0,2.50,2
S2-E6,2,150,6,6,5,3,2,0,2.50,2
S2-E6,2,151,6,7,11,10,0,1,4.50,2
S2-E6,2,152,6,8,28,23,2,4,3.59,4
S2-E6,2,153,6,9,31,22,8,5,12.50,4
S2-E6,2,154,6,10,43,35,8,5,11.64,4
S2-E6,2,155,6,11,40,23,8,14,11.85,4
S2-E6,2,156,6,12,44,27,22,9,16.76,4
S2-E6,2,157,6,13,42,30,6,15,13.50,4
S2-E6,2,158,6,14,42,29,14,14,16.64,4
S2-E6,2,159,6,15,40,28,13,13,15.54,4
S2-E6,2,160,6,16,42,32,12,11,12.66,4
S2-E6,2,161,6,17,40,27,16,8,15.83,4
S2-E6,2,162,6,18,22,23,5,2,6.63,4
S2-E6,2,163,6,19,20,15,2,5,4.83,4
S2-E6,2,164,6,20,16,13,4,4,5.58,2
S2-E6,2,165,6,21,7,10,0,1,11.00,2
S2-E6,2,166,6,22,16,14,1,2,3.93,2
S2-E6,2,167,6,23,7,7,0,2,6.07,2
S2-E6,2,168,7,0,3,4,0,1,7.50,2
S2-E6,2,169,7,1,6,7,0,0,3.21,2
S2-E6,2,170,7,2,2,2,0,0,2.50,2
S2-E6,2,171,7,3,4,4,0,0,2.50,2
S2-E6,2,172,7,4,6,5,0,1,2.50,2
S2-E6,2,173,7,5,5,5,0,1,2.50,2
S2-E6,2,174,7,6,6,5,0,2,5.50,2
S2-E6,2,175,7,7,14,13,1,2,11.35,2
S2-E6,2,176,7,8,29,28,1,2,2.50,7
S2-E6,2,177,7,9,41,38,0,5,3.55,7
S2-E6,2,178,7,10,49,39,9,6,8.27,7
S2-E6,2,179,7,11,45,32,6,13,10.78,7
S2-E6,2,180,7,12,47,44,9,7,9.20,7
S2-E6,2,181,7,13,51,54,2,2,7.41,7
S2-E6,2,182,7,14,40,41,0,1,3.23,7
S2-E6,2,183,7,15,48,35,3,11,5.50,7
S2-E6,2,184,7,16,34,40,2,3,9.00,7
S2-E6,2,185,7,17,30,29,2,2,2.50,7
S2-E6,2,186,7,18,18,19,1,0,2.50,7
S2-E6,2,187,7,19,14,12,1,1,2.50,7
S2-E6,2,188,7,20,14,11,2,2,8.41,2
S2-E6,2,189,7,21,13,10,1,4,3.50,2
S2-E6,2,190,7,22,7,6,1,4,8.33,2
S2-E6,2,191,7,23,3,5,1,1,3.50,2
S2-E6,2,192,8,0,5,5,0,1,2.50,2
S2-E6,2,193,8,1,7,8,0,0,5.00,2
S2-E6,2,194,8,2,4,4,0,0,2.50,2
S2-E6,2,195,8,3,2,2,0,0,2.50,2
S2-E6,2,196,8,4,4,4,0,0,2.50,2
S2-E6,2,197,8,5,6,5,1,0,6.50,2
S2-E6,2,198,8,6,4,4,0,0,2.50,2
S2-E6,2,199,8,7,27,14,4,9,14.64,2
S2-E6,2,200,8,8,42,40,10,1,6.75,7
S2-E6,2,201,8,9,61,47,6,9,9.41,7
S2-E6,2,202,8,10,100,56,16,37,12.41,7
S2-E6,2,203,8,11,75,76,23,13,13.16,7
S2-E6,2,204,8,12,59,61,8,3,7.34,7
S2-E6,2,205,8,13,74,45,15,17,13.50,7
S2-E6,2,206,8,14,84,0,51,50,0.00,7
S2-E6,2,207,8,15,76,0,75,51,0.00,7
S2-E6,2,208,8,16,88,89,30,20,19.92,7
S2-E6,2,209,8,17,72,74,6,12,7.09,7
S2-E6,2,210,8,18,42,43,4,7,6.80,7
S2-E6,2,211,8,19,33,35,0,5,2.64,7
S2-E6,2,212,8,20,26,8,13,10,20.00,2
S2-E6,2,213,8,21,22,14,11,7,23.93,2
S2-E6,2,214,8,22,16,16,6,1,18.12,2
S2-E6,2,215,8,23,11,7,3,2,4.64,2
S2-E6,2,216,9,0,11,8,0,5,6.25,2
S2-E6,2,217,9,1,8,6,7,0,6.67,2
S2-E6,2,218,9,2,8,7,1,0,3.21,2
S2-E6,2,219,9,3,7,7,0,0,3.21,2
S2-E6,2,220,9,4,8,7,1,0,2.50,2
S2-E6,2,221,9,5,13,12,0,1,5.42,2
S2-E6,2,222,9,6,9,10,0,0,6.50,2
S2-E6,2,223,9,7,22,6,4,12,24.17,2
S2-E6,2,224,9,8,37,40,7,2,7.50,7
S2-E6,2,225,9,9,69,52,6,13,7.40,7
S2-E6,2,226,9,10,56,51,11,7,11.62,7
S2-E6,2,227,9,11,63,49,9,12,10.56,7
S2-E6,2,228,9,12,52,45,6,13,11.06,7
S2-E6,2,229,9,13,57,47,12,11,11.86,7
S2-E6,2,230,9,14,66,46,11,20,12.28,7
S2-E6,2,231,9,15,56,58,15,3,10.60,7
S2-E6,2,232,9,16,63,45,7,14,7.83,7
S2-E6,2,233,9,17,47,46,6,9,10.65,7
S2-E6,2,234,9,18,37,34,6,6,4.71,7
S2-E6,2,235,9,19,30,31,1,4,3.15,7
S2-E6,2,236,9,20,16,11,3,6,5.68,2
S2-E6,2,237,9,21,23,16,7,6,13.12,2
S2-E6,2,238,9,22,14,12,5,3,8.33,2
S2-E6,2,239,9,23,7,8,2,0,6.25,2
S2-E6,2,240,10,0,5,3,0,2,2.50,2
S2-E6,2,241,10,1,12,12,0,2,2.92,2
S2-E6,2,242,10,2,6,7,1,0,8.21,2
S2-E6,2,243,10,3,9,7,1,1,3.21,2
S2-E6,2,244,10,4,5,6,0,0,2.50,2
S2-E6,2,245,10,5,4,3,0,1,2.50,2
S2-E6,2,246,10,6,8,7,0,2,2.50,2
S2-E6,2,247,10,7,26,13,2,13,9.42,2
S2-E6,2,248,10,8,47,48,7,5,10.42,7
S2-E6,2,249,10,9,74,52,9,18,8.94,7
S2-E6,2,250,10,10,69,53,17,17,14.29,7
S2-E6,2,251,10,11,74,54,13,24,14.07,7
S2-E6,2,252,10,12,83,52,25,30,17.88,7
S2-E6,2,253,10,13,77,70,20,17,14.50,7
S2-E6,2,254,10,14,78,73,7,15,10.58,7
S2-E6,2,255,10,15,75,67,6,17,6.60,7
S2-E6,2,256,10,16,67,60,7,17,7.25,7
S2-E6,2,257,10,17,47,51,5,8,11.52,7
S2-E6,2,258,10,18,26,29,1,4,5.26,7
S2-E6,2,259,10,19,32,32,1,3,2.81,7
S2-E6,2,260,10,20,24,16,3,8,10.31,2
S2-E6,2,261,10,21,14,16,5,1,11.25,2
S2-E6,2,262,10,22,12,12,1,0,5.00,2
S2-E6,2,263,10,23,12,8,0,4,5.00,2
S2-E6,2,264,11,0,10,11,1,2,8.41,2
S2-E6,2,265,11,1,4,5,0,1,5.50,2
S2-E6,2,266,11,2,10,9,1,1,5.28,2
S2-E6,2,267,11,3,8,8,1,0,2.50,2
S2-E6,2,268,11,4,9,7,1,1,3.21,2
S2-E6,2,269,11,5,11,9,2,1,2.50,2
S2-E6,2,270,11,6,14,12,3,0,5.42,2
S2-E6,2,271,11,7,21,7,2,12,12.50,2
S2-E6,2,272,11,8,38,39,5,6,6.99,7
S2-E6,2,273,11,9,64,43,7,20,10.76,7
S2-E6,2,274,11,10,78,59,18,21,12.25,7
S2-E6,2,275,11,11,63,56,15,13,14.82,7
S2-E6,2,276,11,12,68,55,13,13,9.95,7
S2-E6,2,277,11,13,69,52,14,16,10.29,7
S2-E6,2,278,11,14,68,58,16,10,11.90,7
S2-E6,2,279,11,15,55,42,6,17,10.95,7
S2-E6,2,280,11,16,46,42,12,9,11.43,7
S2-E6,2,281,11,17,54,51,6,6,7.30,7
S2-E6,2,282,11,18,26,30,1,1,3.83,7
S2-E6,2,283,11,19,20,21,0,0,2.50,7
S2-E6,2,284,11,20,15,9,4,2,4.17,2
S2-E6,2,285,11,21,10,9,1,2,3.06,2
S2-E6,2,286,11,22,16,11,2,5,11.59,2
S2-E6,2,287,11,23,6,5,6,0,5.50,2
S2-E6,2,288,12,0,4,4,0,0,5.00,2
S2-E6,2,289,12,1,8,7,1,0,5.36,2
S2-E6,2,290,12,2,8,7,0,1,3.21,2
S2-E6,2,291,12,3,6,5,1,1,2.50,2
S2-E6,2,292,12,4,6,6,0,1,3.33,2
S2-E6,2,293,12,5,5,4,0,2,2.50,2
S2-E6,2,294,12,6,10,9,0,3,4.17,2
S2-E6,2,295,12,7,10,11,1,1,4.32,2
S2-E6,2,296,12,8,23,21,0,3,3.93,4
S2-E6,2,297,12,9,29,23,7,2,10.76,4
S2-E6,2,298,12,10,31,24,4,5,8.33,4
S2-E6,2,299,12,11,46,26,12,13,12.50,4
S2-E6,2,300,12,12,31,26,12,6,11.35,4
S2-E6,2,301,12,13,42,25,9,14,16.70,4
S2-E6,2,302,12,14,35,26,12,11,14.81,4
S2-E6,2,303,12,15,36,30,9,8,10.50,4
S2-E6,2,304,12,16,27,25,6,4,11.70,4
S2-E6,2,305,12,17,29,24,4,5,6.25,4
S2-E6,2,306,12,18,15,17,2,1,3.68,4
S2-E6,2,307,12,19,11,12,0,0,2.50,4
S2-E6,2,308,12,20,11,8,3,0,10.00,2
S2-E6,2,309,12,21,8,5,2,1,2.50,2
S2-E6,2,310,12,22,6,4,0,3,3.75,2
S2-E6,2,311,12,23,7,9,1,0,5.28,2
S2-E6,2,312,13,0,9,8,0,1,5.62,2
S2-E6,2,313,13,1,4,5,0,0,3.50,2
S2-E6,2,314,13,2,2,1,1,0,2.50,2
S2-E6,2,315,13,3,3,2,0,1,2.50,2
S2-E6,2,316,13,4,4,4,1,0,2.50,2
S2-E6,2,317,13,5,0,0,0,0,0.00,2
S2-E6,2,318,13,6,9,6,0,3,2.50,2
S2-E6,2,319,13,7,5,8,0,0,4.38,2
S2-E6,2,320,13,8,15,15,0,0,2.50,4
S2-E6,2,321,13,9,29,24,0,5,6.67,4
S2-E6,2,322,13,10,37,25,4,13,10.70,4
S2-E6,2,323,13,11,24,23,10,4,19.02,4
S2-E6,2,324,13,12,21,24,1,0,5.21,4
S2-E6,2,325,13,13,24,20,0,4,2.50,4
S2-E6,2,326,13,14,22,21,3,2,4.88,4
S2-E6,2,327,13,15,27,21,3,5,5.60,4
S2-E6,2,328,13,16,25,19,1,10,9.87,4
S2-E6,2,329,13,17,16,16,7,3,7.81,4
S2-E6,2,330,13,18,11,14,0,0,2.50,4
S2-E6,2,331,13,19,8,7,0,1,2.50,4
S2-E6,2,332,13,20,6,6,0,1,2.50,2
S2-E6,2,333,13,21,2,3,0,0,2.50,2
S2-E6,2,334,13,22,3,3,0,0,2.50,2
S2-E6,2,335,13,23,3,3,0,0,2.50,2
