episode,hour,day,hour_of_day,offered,answered,abandoned,queue_end,avg_wait_min,scheduled_agents
0,0,0,0,2,2,0,0,2.50,2
0,1,0,1,4,3,1,0,2.50,2
0,2,0,2,6,4,1,1,2.50,2
0,3,0,3,2,1,2,0,2.50,2
0,4,0,4,5,5,0,0,2.50,2
0,5,0,5,6,5,0,1,2.50,2
0,6,0,6,7,6,1,1,2.50,2
0,7,0,7,21,16,0,6,5.94,2
0,8,0,8,29,30,2,3,3.33,7
0,9,0,9,56,42,2,15,8.57,7
0,10,0,10,58,51,12,10,9.36,7
0,11,0,11,61,51,11,9,9.26,7
0,12,0,12,50,45,8,6,8.72,7
0,13,0,13,50,47,1,8,5.59,7
0,14,0,14,55,45,5,13,10.17,7
0,15,0,15,56,49,8,12,11.28,7
0,16,0,16,49,45,5,11,8.83,7
0,17,0,17,44,41,6,8,7.99,7
0,18,0,18,24,28,2,2,3.93,7
0,19,0,19,26,24,1,3,2.50,7
0,20,0,20,15,14,1,3,7.50,2
0,21,0,21,11,8,3,3,5.62,2
0,22,0,22,3,6,0,0,12.50,2
0,23,0,23,6,4,1,1,3.75,2
0,24,1,0,2,3,0,0,2.50,2
0,25,1,1,2,2,0,0,2.50,2
0,26,1,2,6,4,0,2,2.50,2
0,27,1,3,5,6,1,0,5.83,2
0,28,1,4,1,1,0,0,2.50,2
0,29,1,5,3,3,0,0,2.50,2
0,30,1,6,5,5,0,0,2.50,2
0,31,1,7,11,9,1,1,5.28,2
0,32,1,8,34,34,0,1,2.79,7
0,33,1,9,32,29,1,3,3.88,7
0,34,1,10,44,41,3,3,3.23,7
0,35,1,11,46,41,0,8,3.35,7
0,36,1,12,40,42,1,5,5.48,7
0,37,1,13,36,38,2,1,3.82,7
0,38,1,14,43,35,1,8,4.07,7
0,39,1,15,24,29,3,0,5.26,7
0,40,1,16,38,36,0,2,2.64,7
0,41,1,17,36,33,3,2,3.26,7
0,42,1,18,16,15,0,3,2.50,7
0,43,1,19,18,19,0,2,2.50,7
0,44,1,20,9,10,1,0,9.00,2
0,45,1,21,4,3,0,1,2.50,2
0,46,1,22,3,3,0,1,2.50,2
0,47,1,23,4,5,0,0,2.50,2
0,48,2,0,6,6,0,0,5.00,2
0,49,2,1,4,4,0,0,2.50,2
0,50,2,2,7,6,1,0,2.50,2
0,51,2,3,2,2,0,0,2.50,2
0,52,2,4,6,4,1,1,2.50,2
0,53,2,5,5,5,0,1,3.50,2
0,54,2,6,5,6,0,0,4.17,2
0,55,2,7,14,12,0,2,4.17,2
0,56,2,8,33,29,2,4,6.12,7
0,57,2,9,64,45,13,10,11.28,7
0,58,2,10,87,49,20,28,11.17,7
0,59,2,11,79,70,26,11,13.93,7
0,60,2,12,66,66,4,7,3.86,7
0,61,2,13,66,68,3,2,4.49,7
0,62,2,14,70,47,7,18,10.37,7
0,63,2,15,74,54,21,17,13.80,7
0,64,2,16,53,50,10,10,10.10,7
0,65,2,17,61,57,5,9,8.03,7
0,66,2,18,29,26,6,6,4.42,7
0,67,2,19,20,25,1,0,3.50,7
0,68,2,20,11,8,1,2,7.50,2
0,69,2,21,14,13,2,1,11.73,2
0,70,2,22,5,5,1,0,2.50,2
0,71,2,23,5,4,1,0,3.75,2
0,72,3,0,5,5,0,0,2.50,2
0,73,3,1,2,2,0,0,2.50,2
0,74,3,2,9,8,0,1,4.38,2
0,75,3,3,3,4,0,0,3.75,2
0,76,3,4,8,8,0,0,5.62,2
0,77,3,5,9,7,1,1,3.21,2
0,78,3,6,9,10,0,0,2.50,2
0,79,3,7,23,14,4,5,8.57,2
0,80,3,8,42,37,2,8,3.99,7
0,81,3,9,63,49,5,17,9.85,7
0,82,3,10,90,52,21,34,14.81,7
0,83,3,11,88,67,32,23,18.10,7
0,84,3,12,86,74,13,22,9.93,7
0,85,3,13,74,68,14,14,8.97,7
0,86,3,14,88,77,14,11,8.08,7
0,87,3,15,74,70,4,11,4.93,7
0,88,3,16,73,70,7,7,7.00,7
0,89,3,17,42,38,4,7,3.55,7
0,90,3,18,37,41,0,3,3.48,7
0,91,3,19,22,18,2,5,2.50,7
0,92,3,20,28,15,6,12,14.83,2
0,93,3,21,28,16,9,15,27.19,2
0,94,3,22,10,14,10,1,22.14,2
0,95,3,23,9,10,0,0,3.00,2
0,96,4,0,8,8,0,0,4.38,2
0,97,4,1,14,8,1,5,8.12,2
0,98,4,2,10,11,4,0,11.14,2
0,99,4,3,10,9,0,1,3.61,2
0,100,4,4,10,11,0,0,2.50,2
0,101,4,5,6,5,1,0,3.50,2
0,102,4,6,8,7,0,1,2.50,2
0,103,4,7,26,15,3,9,7.83,2
0,104,4,8,43,40,2,10,7.25,7
0,105,4,9,52,43,4,15,9.94,7
0,106,4,10,81,60,15,21,11.08,7
0,107,4,11,66,67,15,5,13.69,7
0,108,4,12,58,56,1,6,2.59,7
0,109,4,13,63,53,6,10,4.76,7
0,110,4,14,64,68,3,3,4.49,7
0,111,4,15,62,44,10,11,9.77,7
0,112,4,16,61,53,12,7,7.69,7
0,113,4,17,36,36,5,2,3.61,7
0,114,4,18,28,26,0,4,2.88,7
0,115,4,19,20,23,0,1,2.50,7
0,116,4,20,19,12,2,6,3.75,2
0,117,4,21,14,9,10,1,21.94,2
0,118,4,22,13,10,3,1,10.50,2
0,119,4,23,10,8,1,2,4.38,2
0,120,5,0,4,6,0,0,6.67,2
0,121,5,1,3,3,0,0,2.50,2
0,122,5,2,4,3,1,0,2.50,2
0,123,5,3,3,3,0,0,2.50,2
0,124,5,4,2,2,0,0,2.50,2
0,125,5,5,5,5,0,0,3.50,2
0,126,5,6,6,5,0,1,2.50,2
0,127,5,7,11,11,1,0,3.41,2
0,128,5,8,28,20,2,6,8.50,4
0,129,5,9,21,20,5,2,11.25,4
0,130,5,10,31,27,0,6,4.17,4
0,131,5,11,38,31,7,6,7.82,4
0,132,5,12,21,19,4,4,5.92,4
0,133,5,13,35,28,5,6,8.75,4
0,134,5,14,33,24,13,2,9.58,4
0,135,5,15,31,24,2,7,10.00,4
0,136,5,16,26,22,7,4,14.55,4
0,137,5,17,27,23,3,5,6.20,4
0,138,5,18,13,16,1,1,5.31,4
0,139,5,19,10,7,0,4,2.50,4
0,140,5,20,9,11,0,2,4.77,2
0,141,5,21,5,7,0,0,3.21,2
0,142,5,22,5,4,0,1,2.50,2
0,143,5,23,0,1,0,0,2.50,2
0,144,6,0,4,3,1,0,2.50,2
0,145,6,1,1,1,0,0,2.50,2
0,146,6,2,3,1,1,1,2.50,2
0,147,6,3,3,4,0,0,2.50,2
0,148,6,4,0,0,0,0,0.00,2
0,149,6,5,1,1,0,0,2.50,2
0,150,6,6,3,3,0,0,2.50,2
0,151,6,7,6,4,1,1,2.50,2
0,152,6,8,30,22,2,7,4.32,4
0,153,6,9,35,34,6,2,6.32,4
0,154,6,10,34,24,3,9,7.71,4
0,155,6,11,31,25,6,9,8.50,4
0,156,6,12,42,19,17,15,16.18,4
0,157,6,13,42,32,17,8,20.47,4
0,158,6,14,33,23,8,10,12.28,4
0,159,6,15,31,26,8,7,12.69,4
0,160,6,16,26,21,3,9,12.98,4
0,161,6,17,21,19,7,4,13.55,4
0,162,6,18,12,14,1,1,3.21,4
0,163,6,19,10,10,1,0,2.50,4
0,164,6,20,10,10,0,0,4.00,2
0,165,6,21,4,4,0,0,2.50,2
0,166,6,22,3,3,0,0,2.50,2
0,167,6,23,4,4,0,0,2.50,2
0,168,7,0,7,7,0,0,3.21,2
0,169,7,1,4,4,0,0,3.75,2
0,170,7,2,3,3,0,0,2.50,2
0,171,7,3,1,1,0,0,2.50,2
0,172,7,4,1,1,0,0,2.50,2
0,173,7,5,4,4,0,0,2.50,2
0,174,7,6,8,8,0,0,2.50,2
0,175,7,7,15,14,0,1,4.29,2
0,176,7,8,39,35,2,3,2.93,7
0,177,7,9,57,41,10,9,6.28,7
0,178,7,10,63,45,17,10,12.06,7
0,179,7,11,60,55,5,10,9.05,7
0,180,7,12,39,40,5,4,8.00,7
0,181,7,13,58,42,11,9,9.88,7
0,182,7,14,68,51,10,16,10.05,7
0,183,7,15,51,43,11,13,12.27,7
0,184,7,16,59,46,14,12,11.85,7
0,185,7,17,38,40,4,6,7.00,7
0,186,7,18,46,43,1,8,4.01,7
0,187,7,19,13,18,2,1,3.33,7
0,188,7,20,16,11,4,2,4.32,2
0,189,7,21,13,12,1,2,4.58,2
0,190,7,22,12,12,2,0,5.00,2
0,191,7,23,4,4,0,0,5.00,2
0,192,8,0,6,4,1,1,3.75,2
0,193,8,1,0,1,0,0,2.50,2
0,194,8,2,5,5,0,0,2.50,2
0,195,8,3,5,5,0,0,2.50,2
0,196,8,4,1,1,0,0,2.50,2
0,197,8,5,9,7,0,2,2.50,2
0,198,8,6,8,7,3,0,3.93,2
0,199,8,7,7,6,1,0,2.50,2
0,200,8,8,28,23,0,5,2.50,7
0,201,8,9,44,42,0,7,2.98,7
0,202,8,10,48,48,2,5,5.42,7
0,203,8,11,46,39,2,10,4.17,7
0,204,8,12,29,32,3,4,3.75,7
0,205,8,13,47,43,3,5,6.10,7
0,206,8,14,32,36,1,0,4.03,7
0,207,8,15,50,40,4,6,6.38,7
0,208,8,16,29,29,2,4,2.84,7
0,209,8,17,22,22,0,4,2.50,7
0,210,8,18,22,24,0,2,2.50,7
0,211,8,19,15,16,0,1,2.50,7
0,212,8,20,10,9,1,1,4.17,2
0,213,8,21,6,6,1,0,3.33,2
0,214,8,22,6,6,0,0,2.50,2
0,215,8,23,5,4,0,1,2.50,2
0,216,9,0,2,3,0,0,5.83,2
0,217,9,1,4,4,0,0,2.50,2
0,218,9,2,9,9,0,0,3.61,2
0,219,9,3,2,2,0,0,2.50,2
0,220,9,4,2,2,0,0,2.50,2
0,221,9,5,1,1,0,0,2.50,2
0,222,9,6,6,2,0,4,2.50,2
0,223,9,7,11,8,4,3,11.25,2
0,224,9,8,39,37,3,2,3.04,7
0,225,9,9,54,42,4,10,6.79,7
0,226,9,10,48,42,4,12,10.60,7
0,227,9,11,53,46,4,15,11.09,7
0,228,9,12,59,51,14,9,13.58,7
0,229,9,13,41,41,5,4,7.26,7
0,230,9,14,42,36,8,2,4.31,7
0,231,9,15,53,38,4,13,8.95,7
0,232,9,16,45,41,9,8,11.28,7
0,233,9,17,27,33,1,1,5.53,7
0,234,9,18,22,21,0,2,2.50,7
0,235,9,19,17,18,0,1,2.50,7
0,236,9,20,6,7,0,0,5.36,2
0,237,9,21,6,6,0,0,3.33,2
0,238,9,22,9,7,1,1,2.50,2
0,239,9,23,3,2,2,0,2.50,2
0,240,10,0,0,0,0,0,0.00,2
0,241,10,1,2,2,0,0,2.50,2
0,242,10,2,0,0,0,0,0.00,2
0,243,10,3,4,4,0,0,2.50,2
0,244,10,4,5,5,0,0,2.50,2
0,245,10,5,5,4,1,0,2.50,2
0,246,10,6,6,5,0,1,2.50,2
0,247,10,7,11,11,1,0,2.95,2
0,248,10,8,28,23,0,5,2.50,7
0,249,10,9,54,46,4,9,5.54,7
0,250,10,10,58,46,6,15,9.67,7
0,251,10,11,47,43,12,7,10.64,7
0,252,10,12,44,43,3,5,6.80,7
0,253,10,13,76,50,9,22,11.20,7
0,254,10,14,63,59,18,8,11.65,7
0,255,10,15,45,48,5,0,5.10,7
0,256,10,16,37,32,1,4,2.66,7
0,257,10,17,37,37,2,2,3.31,7
0,258,10,18,16,16,0,2,2.50,7
0,259,10,19,12,13,0,1,2.50,7
0,260,10,20,13,14,0,0,5.36,2
0,261,10,21,7,6,0,1,2.50,2
0,262,10,22,6,6,0,1,3.33,2
0,263,10,23,2,3,0,0,5.83,2
0,264,11,0,5,5,0,0,2.50,2
0,265,11,1,2,2,0,0,2.50,2
0,266,11,2,5,4,1,0,2.50,2
0,267,11,3,8,4,2,2,2.50,2
0,268,11,4,10,10,1,1,7.50,2
0,269,11,5,2,3,0,0,2.50,2
0,270,11,6,8,6,1,1,3.33,2
0,271,11,7,13,14,0,0,4.29,2
0,272,11,8,41,37,1,3,2.91,7
0,273,11,9,45,42,1,5,3.21,7
0,274,11,10,56,46,3,12,5.76,7
0,275,11,11,45,48,4,5,8.33,7
0,276,11,12,49,49,2,3,8.11,7
0,277,11,13,50,42,4,7,5.00,7
0,278,11,14,46,44,3,6,5.23,7
0,279,11,15,37,41,1,1,3.84,7
0,280,11,16,49,39,1,10,6.47,7
0,281,11,17,24,29,2,3,7.67,7
0,282,11,18,30,28,2,3,2.86,7
0,283,11,19,26,26,2,1,2.50,7
0,284,11,20,9,9,0,1,3.61,2
0,285,11,21,7,7,0,1,4.64,2
0,286,11,22,6,5,1,1,4.50,2
0,287,11,23,7,7,0,1,2.50,2
0,288,12,0,6,7,0,0,2.50,2
0,289,12,1,2,2,0,0,2.50,2
0,290,12,2,3,1,1,1,2.50,2
0,291,12,3,4,5,0,0,2.50,2
0,292,12,4,2,2,0,0,2.50,2
0,293,12,5,2,2,0,0,2.50,2
0,294,12,6,0,0,0,0,0.00,2
0,295,12,7,14,9,3,2,11.39,2
0,296,12,8,18,18,0,2,3.33,4
0,297,12,9,21,21,0,2,5.12,4
0,298,12,10,28,25,0,5,3.70,4
0,299,12,11,25,20,3,7,9.00,4
0,300,12,12,21,24,3,1,9.17,4
0,301,12,13,30,26,4,1,4.42,4
0,302,12,14,34,23,4,8,8.80,4
0,303,12,15,28,28,3,5,11.07,4
0,304,12,16,32,26,5,6,13.27,4
0,305,12,17,23,21,6,2,9.88,4
0,306,12,18,14,14,1,1,2.86,4
0,307,12,19,12,12,0,1,2.50,4
0,308,12,20,2,3,0,0,2.50,2
0,309,12,21,4,3,0,1,2.50,2
0,310,12,22,1,2,0,0,2.50,2
0,311,12,23,6,4,0,2,3.75,2
0,312,13,0,1,3,0,0,2.50,2
0,313,13,1,1,1,0,0,2.50,2
0,314,13,2,2,2,0,0,2.50,2
0,315,13,3,1,1,0,0,2.50,2
0,316,13,4,2,2,0,0,2.50,2
0,317,13,5,2,1,0,1,2.50,2
0,318,13,6,2,1,1,1,2.50,2
0,319,13,7,20,15,1,5,5.50,2
0,320,13,8,21,23,2,1,5.33,4
0,321,13,9,26,23,4,0,6.41,4
0,322,13,10,39,22,7,10,11.59,4
0,323,13,11,28,25,7,6,6.30,4
0,324,13,12,32,29,8,1,9.57,4
0,325,13,13,43,25,5,14,10.10,4
0,326,13,14,45,34,12,13,15.88,4
0,327,13,15,38,29,12,10,14.40,4
0,328,13,16,27,23,7,7,14.02,4
0,329,13,17,17,18,4,2,8.89,4
0,330,13,18,17,17,1,1,2.79,4
0,331,13,19,13,12,0,2,2.92,4
0,332,13,20,7,7,1,1,6.07,2
0,333,13,21,3,2,1,1,2.50,2
0,334,13,22,3,4,0,0,2.50,2
0,335,13,23,3,2,0,1,2.50,2
1,0,0,0,3,3,0,0,2.50,2
1,1,0,1,4,4,0,0,2.50,2
1,2,0,2,5,5,0,0,3.50,2
1,3,0,3,3,3,0,0,2.50,2
1,4,0,4,5,5,0,0,2.50,2
1,5,0,5,6,6,0,0,2.50,2
1,6,0,6,6,5,0,1,2.50,2
1,7,0,7,15,8,3,5,8.75,2
1,8,0,8,45,43,2,5,4.24,7
1,9,0,9,55,40,9,11,6.38,7
1,10,0,10,72,54,13,16,12.41,7
1,11,0,11,61,55,11,11,11.32,7
1,12,0,12,63,49,13,12,10.15,7
1,13,0,13,74,52,18,16,13.17,7
1,14,0,14,66,52,13,17,13.46,7
1,15,0,15,73,52,20,18,13.27,7
1,16,0,16,71,56,17,16,14.64,7
1,17,0,17,34,40,6,4,5.25,7
1,18,0,18,27,26,3,2,2.88,7
1,19,0,19,24,24,0,2,2.50,7
1,20,0,20,19,10,3,8,10.00,2
1,21,0,21,15,12,8,3,20.83,2
1,22,0,22,15,9,0,9,7.50,2
1,23,0,23,14,13,6,4,20.96,2
1,24,1,0,4,7,1,0,11.79,2
1,25,1,1,12,10,0,2,4.50,2
1,26,1,2,12,9,1,4,9.17,2
1,27,1,3,2,4,2,0,7.50,2
1,28,1,4,7,6,0,1,6.67,2
1,29,1,5,9,5,2,3,2.50,2
1,30,1,6,7,9,0,1,4.17,2
1,31,1,7,12,9,2,2,6.94,2
1,32,1,8,39,35,1,5,2.79,7
1,33,1,9,52,44,5,8,6.48,7
1,34,1,10,65,50,6,17,10.80,7
1,35,1,11,54,49,12,10,11.28,7
1,36,1,12,37,39,2,6,3.65,7
1,37,1,13,56,48,5,9,5.83,7
1,38,1,14,57,49,8,9,5.46,7
1,39,1,15,53,46,5,11,9.24,7
1,40,1,16,59,54,4,12,4.81,7
1,41,1,17,43,47,2,6,7.93,7
1,42,1,18,28,30,2,2,4.17,7
1,43,1,19,18,19,0,1,2.50,7
1,44,1,20,15,13,1,2,6.73,2
1,45,1,21,12,10,0,4,5.50,2
1,46,1,22,7,8,3,0,17.50,2
1,47,1,23,8,7,1,0,3.21,2
1,48,2,0,7,4,1,2,2.50,2
1,49,2,1,8,9,0,1,2.50,2
1,50,2,2,3,2,2,0,2.50,2
1,51,2,3,7,3,0,4,2.50,2
1,52,2,4,2,4,2,0,13.75,2
1,53,2,5,7,6,0,1,3.33,2
1,54,2,6,8,8,0,1,4.38,2
1,55,2,7,18,7,4,8,13.93,2
1,56,2,8,42,48,0,2,5.00,7
1,57,2,9,50,37,4,11,4.93,7
1,58,2,10,56,46,11,10,9.24,7
1,59,2,11,58,50,8,10,13.00,7
1,60,2,12,55,49,9,7,8.01,7
1,61,2,13,64,45,8,18,8.83,7
1,62,2,14,57,48,9,18,11.67,7
1,63,2,15,71,50,19,20,14.60,7
1,64,2,16,52,48,15,9,9.38,7
1,65,2,17,45,39,5,10,8.27,7
1,66,2,18,39,41,4,4,7.87,7
1,67,2,19,27,26,2,3,2.69,7
1,68,2,20,19,9,7,6,11.94,2
1,69,2,21,11,13,3,1,15.19,2
1,70,2,22,13,12,0,2,5.42,2
1,71,2,23,5,7,0,0,5.36,2
1,72,3,0,3,3,0,0,2.50,2
1,73,3,1,8,7,1,0,3.93,2
1,74,3,2,5,5,0,0,2.50,2
1,75,3,3,5,3,0,2,2.50,2
1,76,3,4,6,8,0,0,3.12,2
1,77,3,5,8,8,0,0,4.38,2
1,78,3,6,10,8,1,1,2.50,2
1,79,3,7,15,8,5,3,13.75,2
1,80,3,8,34,35,0,2,3.93,7
1,81,3,9,50,44,3,5,3.52,7
1,82,3,10,79,47,13,24,11.76,7
1,83,3,11,57,58,11,12,13.36,7
1,84,3,12,63,57,6,12,11.01,7
1,85,3,13,58,51,3,16,7.40,7
1,86,3,14,54,49,11,10,13.72,7
1,87,3,15,72,51,6,25,7.21,7
1,88,3,16,48,55,14,4,13.32,7
1,89,3,17,46,41,5,4,7.13,7
1,90,3,18,15,17,1,1,2.79,7
1,91,3,19,24,22,0,3,2.50,7
1,92,3,20,15,11,3,4,10.68,2
1,93,3,21,12,9,3,4,18.61,2
1,94,3,22,10,10,4,0,14.00,2
1,95,3,23,10,8,1,1,3.12,2
1,96,4,0,13,11,0,3,2.95,2
1,97,4,1,5,8,0,0,6.25,2
1,98,4,2,9,6,2,1,11.67,2
1,99,4,3,9,9,0,1,4.72,2
1,100,4,4,11,9,3,0,8.06,2
1,101,4,5,6,6,0,0,3.33,2
1,102,4,6,10,9,1,0,9.17,2
1,103,4,7,13,8,2,3,5.62,2
1,104,4,8,33,33,2,1,4.02,7
1,105,4,9,67,45,8,15,7.17,7
1,106,4,10,59,49,9,16,8.72,7
1,107,4,11,55,57,7,7,8.46,7
1,108,4,12,34,34,3,4,3.24,7
1,109,4,13,57,42,4,15,9.05,7
1,110,4,14,62,51,7,19,7.79,7
1,111,4,15,52,51,7,13,10.44,7
1,112,4,16,49,47,2,13,7.50,7
1,113,4,17,42,40,10,5,10.25,7
1,114,4,18,30,30,1,4,3.50,7
1,115,4,19,17,15,2,4,2.50,7
1,116,4,20,13,13,1,3,9.04,2
1,117,4,21,12,12,1,2,5.83,2
1,118,4,22,9,10,0,1,6.50,2
1,119,4,23,8,7,0,2,2.50,2
1,120,5,0,7,9,0,0,4.72,2
1,121,5,1,11,8,1,2,3.12,2
1,122,5,2,4,5,0,1,4.50,2
1,123,5,3,7,6,1,1,2.50,2
1,124,5,4,0,1,0,0,2.50,2
1,125,5,5,3,3,0,0,2.50,2
1,126,5,6,8,7,0,1,4.64,2
1,127,5,7,13,11,3,0,7.50,2
1,128,5,8,27,20,4,3,7.50,4
1,129,5,9,41,26,11,7,10.00,4
1,130,5,10,50,28,20,9,15.71,4
1,131,5,11,44,32,13,8,13.28,4
1,132,5,12,50,30,10,18,15.83,4
1,133,5,13,55,28,27,18,23.21,4
1,134,5,14,60,33,25,20,22.35,4
1,135,5,15,44,30,21,13,23.50,4
1,136,5,16,43,29,17,10,18.19,4
1,137,5,17,42,33,8,11,10.98,4
1,138,5,18,26,22,8,7,9.32,4
1,139,5,19,22,24,4,1,7.71,4
1,140,5,20,14,11,2,2,5.23,2
1,141,5,21,13,10,2,3,7.00,2
1,142,5,22,5,6,1,1,3.33,2
1,143,5,23,11,10,2,0,2.50,2
1,144,6,0,3,2,0,1,2.50,2
1,145,6,1,5,4,1,1,2.50,2
1,146,6,2,7,7,0,1,2.50,2
1,147,6,3,4,4,1,0,2.50,2
1,148,6,4,7,6,1,0,4.17,2
1,149,6,5,3,2,0,1,2.50,2
1,150,6,6,6,7,0,0,2.50,2
1,151,6,7,10,9,1,0,2.50,2
1,152,6,8,26,20,0,6,6.75,4
1,153,6,9,22,24,3,1,4.17,4
1,154,6,10,30,24,4,3,6.67,4
1,155,6,11,31,24,5,5,4.79,4
1,156,6,12,33,25,8,5,13.30,4
1,157,6,13,23,23,2,3,7.72,4
1,158,6,14,24,23,1,3,6.63,4
1,159,6,15,24,25,1,1,7.50,4
1,160,6,16,17,12,3,3,2.50,4
1,161,6,17,13,14,0,2,3.57,4
1,162,6,18,13,15,0,0,3.17,4
1,163,6,19,8,8,0,0,2.50,4
1,164,6,20,7,6,1,0,2.50,2
1,165,6,21,5,5,0,0,3.50,2
1,166,6,22,2,1,0,1,2.50,2
1,167,6,23,6,6,1,0,2.50,2
1,168,7,0,7,6,0,1,2.50,2
1,169,7,1,5,3,0,3,2.50,2
1,170,7,2,2,5,0,0,3.50,2
1,171,7,3,5,4,0,1,2.50,2
1,172,7,4,2,3,0,0,2.50,2
1,173,7,5,3,3,0,0,2.50,2
1,174,7,6,5,5,0,0,2.50,2
1,175,7,7,15,12,1,2,4.58,2
1,176,7,8,21,20,0,3,3.00,7
1,177,7,9,38,35,0,6,2.64,7
1,178,7,10,46,44,3,5,4.77,7
1,179,7,11,35,36,3,1,2.78,7
1,180,7,12,33,29,2,3,3.02,7
1,181,7,13,38,36,0,5,2.78,7
1,182,7,14,48,42,1,10,3.57,7
1,183,7,15,29,34,3,2,4.71,7
1,184,7,16,31,28,1,4,2.86,7
1,185,7,17,28,31,1,0,2.50,7
1,186,7,18,17,15,0,2,2.50,7
1,187,7,19,12,13,0,1,2.50,7
1,188,7,20,9,8,0,2,5.00,2
1,189,7,21,4,6,0,0,2.50,2
1,190,7,22,3,2,1,0,2.50,2
1,191,7,23,2,2,0,0,2.50,2
1,192,8,0,7,7,0,0,3.21,2
1,193,8,1,2,2,0,0,2.50,2
1,194,8,2,6,6,0,0,2.50,2
1,195,8,3,0,0,0,0,0.00,2
1,196,8,4,0,0,0,0,0.00,2
1,197,8,5,6,5,0,1,2.50,2
1,198,8,6,3,4,0,0,2.50,2
1,199,8,7,16,13,1,2,4.04,2
1,200,8,8,31,30,1,2,2.83,7
1,201,8,9,66,52,4,12,7.98,7
1,202,8,10,62,53,11,10,10.80,7
1,203,8,11,59,52,9,8,9.42,7
1,204,8,12,62,54,8,8,9.26,7
1,205,8,13,54,46,1,15,10.98,7
1,206,8,14,57,50,9,13,12.40,7
1,207,8,15,52,44,5,16,7.27,7
1,208,8,16,37,45,7,1,5.39,7
1,209,8,17,30,27,0,4,2.50,7
1,210,8,18,24,25,1,2,2.50,7
1,211,8,19,13,14,1,0,2.50,7
1,212,8,20,16,12,2,2,2.50,2
1,213,8,21,13,11,1,3,6.59,2
1,214,8,22,5,7,1,0,7.50,2
1,215,8,23,3,2,1,0,2.50,2
1,216,9,0,3,3,0,0,2.50,2
1,217,9,1,4,3,0,1,2.50,2
1,218,9,2,2,3,0,0,2.50,2
1,219,9,3,4,3,0,1,2.50,2
1,220,9,4,9,7,1,2,7.50,2
1,221,9,5,2,4,0,0,2.50,2
1,222,9,6,6,5,0,1,5.50,2
1,223,9,7,13,14,0,0,6.07,2
1,224,9,8,33,32,0,1,2.50,7
1,225,9,9,52,43,5,5,3.43,7
1,226,9,10,59,48,9,7,8.02,7
1,227,9,11,50,41,6,10,6.04,7
1,228,9,12,38,44,2,2,6.82,7
1,229,9,13,48,44,3,3,3.52,7
1,230,9,14,56,43,3,13,8.08,7
1,231,9,15,50,41,11,11,10.06,7
1,232,9,16,47,48,6,4,11.35,7
1,233,9,17,38,36,3,3,2.92,7
1,234,9,18,31,30,0,4,2.50,7
1,235,9,19,18,17,1,4,3.09,7
1,236,9,20,10,11,1,2,8.86,2
1,237,9,21,6,7,1,0,6.07,2
1,238,9,22,8,7,0,1,3.21,2
1,239,9,23,8,8,1,0,2.50,2
1,240,10,0,1,1,0,0,2.50,2
1,241,10,1,2,1,0,1,2.50,2
1,242,10,2,5,5,0,1,2.50,2
1,243,10,3,6,7,0,0,2.50,2
1,244,10,4,5,5,0,0,2.50,2
1,245,10,5,2,2,0,0,2.50,2
1,246,10,6,4,3,0,1,2.50,2
1,247,10,7,11,10,2,0,5.50,2
1,248,10,8,40,38,0,2,3.16,7
1,249,10,9,46,39,2,7,3.01,7
1,250,10,10,50,41,10,6,9.09,7
1,251,10,11,61,49,8,10,5.66,7
1,252,10,12,44,44,3,7,6.59,7
1,253,10,13,51,39,6,13,9.42,7
1,254,10,14,47,44,7,9,9.43,7
1,255,10,15,45,43,6,5,7.03,7
1,256,10,16,42,42,2,3,5.60,7
1,257,10,17,38,37,0,4,3.04,7
1,258,10,18,25,27,0,2,2.87,7
1,259,10,19,13,14,0,1,2.50,7
1,260,10,20,11,9,2,1,3.61,2
1,261,10,21,16,10,5,2,9.50,2
1,262,10,22,1,2,1,0,2.50,2
1,263,10,23,6,4,0,2,2.50,2
1,264,11,0,14,12,2,2,10.42,2
1,265,11,1,5,6,0,1,7.50,2
1,266,11,2,4,5,0,0,2.50,2
1,267,11,3,3,2,0,1,2.50,2
1,268,11,4,2,3,0,0,2.50,2
1,269,11,5,5,4,1,0,2.50,2
1,270,11,6,9,8,0,1,6.25,2
1,271,11,7,14,14,0,1,4.64,2
1,272,11,8,51,42,2,8,3.93,7
1,273,11,9,74,58,8,16,7.16,7
1,274,11,10,67,55,15,13,12.68,7
1,275,11,11,89,53,25,24,15.14,7
1,276,11,12,68,57,22,13,13.64,7
1,277,11,13,71,54,8,22,9.07,7
1,278,11,14,74,57,22,17,17.76,7
1,279,11,15,119,90,19,27,10.50,7
1,280,11,16,98,75,25,25,13.83,7
1,281,11,17,75,80,11,9,9.06,7
1,282,11,18,48,53,1,3,3.63,7
1,283,11,19,38,36,3,2,3.19,7
1,284,11,20,21,14,4,5,6.43,2
1,285,11,21,19,12,3,9,17.50,2
1,286,11,22,11,12,7,1,10.42,2
1,287,11,23,14,11,4,0,11.59,2
1,288,12,0,10,6,0,4,2.50,2
1,289,12,1,8,10,1,1,4.00,2
1,290,12,2,3,4,0,0,2.50,2
1,291,12,3,9,7,0,2,3.21,2
1,292,12,4,8,9,1,0,4.72,2
1,293,12,5,7,4,0,3,2.50,2
1,294,12,6,9,11,1,0,4.77,2
1,295,12,7,17,13,2,2,5.19,2
1,296,12,8,30,24,1,7,7.92,4
1,297,12,9,49,26,15,15,14.04,4
1,298,12,10,49,29,21,14,18.53,4
1,299,12,11,47,34,11,16,16.03,4
1,300,12,12,51,33,20,14,17.95,4
1,301,12,13,42,32,16,8,17.19,4
1,302,12,14,54,31,17,14,16.05,4
1,303,12,15,52,28,26,12,21.43,4
1,304,12,16,46,30,19,9,16.67,4
1,305,12,17,41,33,4,13,11.44,4
1,306,12,18,26,19,10,10,20.39,4
1,307,12,19,34,29,5,10,9.40,4
1,308,12,20,16,9,11,6,24.72,2
1,309,12,21,14,12,3,5,16.25,2
1,310,12,22,15,16,2,2,11.56,2
1,311,12,23,10,9,1,2,9.17,2
1,312,13,0,10,11,0,1,3.41,2
1,313,13,1,7,6,0,2,3.33,2
1,314,13,2,9,11,0,0,3.86,2
1,315,13,3,7,7,0,0,2.50,2
1,316,13,4,2,2,0,0,2.50,2
1,317,13,5,3,3,0,0,2.50,2
1,318,13,6,4,3,0,1,2.50,2
1,319,13,7,9,7,2,1,4.64,2
1,320,13,8,16,15,1,1,3.50,4
1,321,13,9,18,17,0,2,3.09,4
1,322,13,10,32,22,5,7,14.09,4
1,323,13,11,28,20,7,8,15.75,4
1,324,13,12,27,25,7,3,11.70,4
1,325,13,13,23,21,0,5,3.93,4
1,326,13,14,25,21,0,9,5.36,4
1,327,13,15,16,19,4,2,7.76,4
1,328,13,16,17,16,1,2,2.50,4
1,329,13,17,19,14,4,3,3.57,4
1,330,13,18,16,19,0,0,3.29,4
1,331,13,19,8,8,0,0,2.50,4
1,332,13,20,4,4,0,0,5.00,2
1,333,13,21,4,4,0,0,5.00,2
1,334,13,22,4,4,0,0,2.50,2
1,335,13,23,4,3,0,1,2.50,2
2,0,0,0,5,5,0,0,2.50,2
2,1,0,1,3,3,0,0,2.50,2
2,2,0,2,5,5,0,0,2.50,2
2,3,0,3,7,7,0,0,3.21,2
2,4,0,4,7,6,0,1,2.50,2
2,5,0,5,8,8,0,1,2.50,2
2,6,0,6,9,7,1,2,5.36,2
2,7,0,7,21,11,2,10,14.77,2
2,8,0,8,38,44,2,2,6.36,7
2,9,0,9,61,45,2,16,6.94,7
2,10,0,10,75,52,25,14,14.90,7
2,11,0,11,68,60,9,13,9.17,7
2,12,0,12,58,53,7,11,11.18,7
2,13,0,13,64,50,10,15,11.50,7
2,14,0,14,86,53,23,25,14.39,7
2,15,0,15,61,50,23,13,16.30,7
2,16,0,16,77,59,13,18,8.86,7
2,17,0,17,55,51,10,12,9.75,7
2,18,0,18,38,44,3,3,5.34,7
2,19,0,19,35,35,1,2,2.93,7
2,20,0,20,20,15,2,5,10.50,2
2,21,0,21,22,14,4,9,11.79,2
2,22,0,22,8,10,6,1,18.00,2
2,23,0,23,4,5,0,0,2.50,2
2,24,1,0,9,7,1,1,2.50,2
2,25,1,1,3,4,0,0,3.75,2
2,26,1,2,9,6,0,3,4.17,2
2,27,1,3,3,6,0,0,9.17,2
2,28,1,4,9,8,0,1,2.50,2
2,29,1,5,9,7,1,2,2.50,2
2,30,1,6,6,7,1,0,2.50,2
2,31,1,7,31,10,11,10,13.00,2
2,32,1,8,49,40,5,14,9.00,7
2,33,1,9,74,55,16,17,11.86,7
2,34,1,10,69,60,12,14,9.08,7
2,35,1,11,76,55,10,25,10.86,7
2,36,1,12,59,57,15,12,15.04,7
2,37,1,13,81,52,14,27,13.27,7
2,38,1,14,88,70,25,20,13.21,7
2,39,1,15,66,69,4,13,8.01,7
2,40,1,16,75,69,7,12,5.62,7
2,41,1,17,61,61,4,8,5.37,7
2,42,1,18,37,38,2,5,5.92,7
2,43,1,19,22,23,1,3,2.93,7
2,44,1,20,34,13,11,13,17.12,2
2,45,1,21,19,12,13,7,25.00,2
2,46,1,22,20,12,7,8,20.42,2
2,47,1,23,12,11,7,2,16.14,2
2,48,2,0,19,11,3,7,7.05,2
2,49,2,1,11,12,6,0,12.92,2
2,50,2,2,8,8,0,0,5.00,2
2,51,2,3,9,8,0,1,2.50,2
2,52,2,4,10,9,1,1,10.83,2
2,53,2,5,10,10,0,1,3.00,2
2,54,2,6,8,8,1,0,3.12,2
2,55,2,7,14,7,2,5,3.21,2
2,56,2,8,35,35,1,4,3.64,7
2,57,2,9,54,46,6,6,8.26,7
2,58,2,10,62,45,10,13,10.61,7
2,59,2,11,56,55,6,8,5.23,7
2,60,2,12,55,53,3,7,5.33,7
2,61,2,13,68,52,8,15,7.50,7
2,62,2,14,58,58,6,9,8.28,7
2,63,2,15,52,44,6,11,11.25,7
2,64,2,16,45,43,9,4,8.55,7
2,65,2,17,33,31,2,4,3.31,7
2,66,2,18,40,35,2,7,2.93,7
2,67,2,19,14,19,1,1,4.87,7
2,68,2,20,18,11,2,6,13.41,2
2,69,2,21,11,12,4,1,14.58,2
2,70,2,22,13,12,1,1,3.75,2
2,71,2,23,9,9,0,1,3.61,2
2,72,3,0,6,6,1,0,2.50,2
2,73,3,1,7,6,0,1,2.50,2
2,74,3,2,3,4,0,0,2.50,2
2,75,3,3,6,6,0,0,2.50,2
2,76,3,4,2,2,0,0,2.50,2
2,77,3,5,5,5,0,0,2.50,2
2,78,3,6,4,4,0,0,2.50,2
2,79,3,7,21,10,3,8,8.00,2
2,80,3,8,39,40,4,3,6.25,7
2,81,3,9,43,41,2,3,3.48,7
2,82,3,10,47,40,3,7,3.12,7
2,83,3,11,62,44,6,19,8.41,7
2,84,3,12,62,52,15,14,10.77,7
2,85,3,13,49,47,9,7,6.65,7
2,86,3,14,71,54,9,15,9.44,7
2,87,3,15,44,46,6,7,9.35,7
2,88,3,16,63,45,14,11,11.50,7
2,89,3,17,40,37,8,6,6.15,7
2,90,3,18,22,24,1,3,2.50,7
2,91,3,19,17,18,0,2,2.50,7
2,92,3,20,15,12,1,4,12.08,2
2,93,3,21,2,3,2,1,17.50,2
2,94,3,22,7,7,0,1,4.64,2
2,95,3,23,5,5,0,1,2.50,2
2,96,4,0,5,4,0,2,2.50,2
2,97,4,1,4,6,0,0,2.50,2
2,98,4,2,4,2,1,1,2.50,2
2,99,4,3,4,5,0,0,3.50,2
2,100,4,4,6,5,1,0,2.50,2
2,101,4,5,5,3,0,2,2.50,2
2,102,4,6,7,8,1,0,6.25,2
2,103,4,7,19,14,2,3,6.79,2
2,104,4,8,49,43,5,4,2.97,7
2,105,4,9,52,47,2,7,7.61,7
2,106,4,10,66,42,3,28,8.10,7
2,107,4,11,59,57,15,15,15.13,7
2,108,4,12,64,44,12,23,13.41,7
2,109,4,13,59,51,16,15,14.85,7
2,110,4,14,67,59,9,14,11.23,7
2,111,4,15,71,59,12,14,12.16,7
2,112,4,16,45,38,17,4,15.00,7
2,113,4,17,45,42,0,7,2.86,7
2,114,4,18,28,32,1,2,6.72,7
2,115,4,19,26,28,0,0,2.50,7
2,116,4,20,11,7,0,4,3.21,2
2,117,4,21,6,9,1,0,6.94,2
2,118,4,22,6,5,0,1,2.50,2
2,119,4,23,6,7,0,0,3.21,2
2,120,5,0,3,1,0,2,2.50,2
2,121,5,1,5,6,1,0,2.50,2
2,122,5,2,7,7,0,0,3.93,2
2,123,5,3,2,1,1,0,2.50,2
2,124,5,4,8,7,0,1,2.50,2
2,125,5,5,7,7,0,1,3.21,2
2,126,5,6,6,6,0,1,4.17,2
2,127,5,7,15,14,0,2,3.57,2
2,128,5,8,31,25,1,7,5.10,4
2,129,5,9,45,29,12,11,16.12,4
2,130,5,10,54,27,19,19,18.80,4
2,131,5,11,55,32,20,22,18.59,4
2,132,5,12,43,37,15,13,17.09,4
2,133,5,13,62,38,23,14,15.66,4
2,134,5,14,53,29,20,18,17.84,4
2,135,5,15,60,27,34,17,18.80,4
2,136,5,16,44,33,17,11,17.05,4
2,137,5,17,37,26,11,11,15.58,4
2,138,5,18,31,24,11,7,14.58,4
2,139,5,19,29,28,2,6,7.86,4
2,140,5,20,15,12,3,6,10.83,2
2,141,5,21,15,16,2,3,15.94,2
2,142,5,22,10,8,2,3,10.00,2
2,143,5,23,6,9,0,0,9.17,2
2,144,6,0,5,4,0,1,2.50,2
2,145,6,1,5,6,0,0,3.33,2
2,146,6,2,5,5,0,0,2.50,2
2,147,6,3,3,3,0,0,2.50,2
2,148,6,4,1,1,0,0,2.50,2
2,149,6,5,6,6,0,0,2.50,2
2,150,6,6,6,5,0,1,3.50,2
2,151,6,7,8,8,0,1,5.00,2
2,152,6,8,18,18,0,1,3.61,4
2,153,6,9,40,27,2,12,10.09,4
2,154,6,10,36,31,9,8,12.98,4
2,155,6,11,34,29,8,5,11.98,4
2,156,6,12,33,27,3,8,12.50,4
2,157,6,13,39,25,11,11,15.30,4
2,158,6,14,30,28,10,3,13.04,4
2,159,6,15,36,29,2,8,5.60,4
2,160,6,16,31,28,6,5,10.18,4
2,161,6,17,34,28,7,4,9.82,4
2,162,6,18,24,24,0,4,4.17,4
2,163,6,19,15,18,0,1,5.83,4
2,164,6,20,12,11,2,0,11.59,2
2,165,6,21,7,6,0,1,5.00,2
2,166,6,22,2,3,0,0,2.50,2
2,167,6,23,3,3,0,0,2.50,2
2,168,7,0,9,7,1,1,3.93,2
2,169,7,1,3,4,0,0,3.75,2
2,170,7,2,3,3,0,0,2.50,2
2,171,7,3,1,1,0,0,2.50,2
2,172,7,4,7,5,0,2,2.50,2
2,173,7,5,3,5,0,0,2.50,2
2,174,7,6,9,7,0,2,2.50,2
2,175,7,7,8,8,0,2,5.00,2
2,176,7,8,33,29,3,3,4.05,7
2,177,7,9,48,42,2,7,4.64,7
2,178,7,10,60,48,9,10,7.08,7
2,179,7,11,61,48,9,14,9.27,7
2,180,7,12,61,51,13,11,8.77,7
2,181,7,13,50,50,2,9,6.60,7
2,182,7,14,48,51,2,4,8.19,7
2,183,7,15,49,40,4,9,3.75,7
2,184,7,16,53,51,6,5,9.95,7
2,185,7,17,42,41,3,3,2.74,7
2,186,7,18,30,29,0,4,2.67,7
2,187,7,19,20,24,0,0,2.50,7
2,188,7,20,12,10,0,2,3.00,2
2,189,7,21,8,9,1,0,2.50,2
2,190,7,22,3,2,0,1,2.50,2
2,191,7,23,5,5,0,1,2.50,2
2,192,8,0,5,5,1,0,9.50,2
2,193,8,1,3,3,0,0,2.50,2
2,194,8,2,1,1,0,0,2.50,2
2,195,8,3,2,2,0,0,2.50,2
2,196,8,4,2,2,0,0,2.50,2
2,197,8,5,5,4,0,1,2.50,2
2,198,8,6,5,5,0,1,2.50,2
2,199,8,7,13,10,2,2,4.00,2
2,200,8,8,24,25,1,0,2.70,7
2,201,8,9,52,33,2,17,5.38,7
2,202,8,10,61,47,11,20,13.88,7
2,203,8,11,55,55,13,7,10.68,7
2,204,8,12,52,46,5,8,7.83,7
2,205,8,13,64,47,8,17,11.12,7
2,206,8,14,56,49,15,9,11.38,7
2,207,8,15,55,51,4,9,7.21,7
2,208,8,16,36,40,2,3,4.25,7
2,209,8,17,27,27,0,3,2.87,7
2,210,8,18,19,21,1,0,2.74,7
2,211,8,19,15,13,0,2,2.50,7
2,212,8,20,16,15,2,1,7.17,2
2,213,8,21,13,10,1,3,10.00,2
2,214,8,22,11,9,1,4,9.72,2
2,215,8,23,6,9,1,0,11.94,2
2,216,9,0,13,10,1,2,10.50,2
2,217,9,1,6,8,0,0,4.38,2
2,218,9,2,5,3,0,2,4.17,2
2,219,9,3,8,7,0,3,2.50,2
2,220,9,4,5,8,0,0,5.62,2
2,221,9,5,5,5,0,0,3.50,2
2,222,9,6,4,2,1,1,2.50,2
2,223,9,7,17,12,0,6,4.58,2
2,224,9,8,42,35,4,9,5.93,7
2,225,9,9,80,57,8,24,11.36,7
2,226,9,10,68,50,21,21,15.00,7
2,227,9,11,87,52,25,31,17.60,7
2,228,9,12,76,69,19,19,17.36,7
2,229,9,13,76,67,11,17,8.69,7
2,230,9,14,70,72,9,6,8.82,7
2,231,9,15,51,44,3,10,7.95,7
2,232,9,16,76,60,14,12,9.00,7
2,233,9,17,55,48,10,9,10.94,7
2,234,9,18,35,30,5,9,4.67,7
2,235,9,19,31,36,4,0,4.17,7
2,236,9,20,20,9,6,5,21.94,2
2,237,9,21,11,9,6,1,12.50,2
2,238,9,22,14,10,2,3,6.00,2
2,239,9,23,13,10,4,2,7.00,2
2,240,10,0,11,11,0,2,4.77,2
2,241,10,1,14,13,0,3,5.58,2
2,242,10,2,9,10,2,0,6.50,2
2,243,10,3,8,6,1,1,2.50,2
2,244,10,4,9,8,1,1,5.62,2
2,245,10,5,9,9,0,1,4.17,2
2,246,10,6,6,6,1,0,2.50,2
2,247,10,7,22,12,3,7,8.75,2
2,248,10,8,29,31,2,3,3.95,7
2,249,10,9,68,46,10,15,5.00,7
2,250,10,10,66,56,9,16,9.82,7
2,251,10,11,84,55,22,23,15.86,7
2,252,10,12,79,54,27,21,15.83,7
2,253,10,13,86,52,33,22,18.37,7
2,254,10,14,79,84,8,9,7.68,7
2,255,10,15,75,65,7,12,7.81,7
2,256,10,16,50,49,7,6,7.09,7
2,257,10,17,57,49,4,10,4.95,7
2,258,10,18,44,45,5,4,8.61,7
2,259,10,19,34,36,1,1,2.78,7
2,260,10,20,24,12,5,8,12.92,2
2,261,10,21,7,9,6,0,17.50,2
2,262,10,22,21,10,4,7,10.00,2
2,263,10,23,7,9,3,2,13.61,2
2,264,11,0,11,8,1,4,3.12,2
2,265,11,1,6,8,1,1,7.50,2
2,266,11,2,7,7,0,1,3.21,2
2,267,11,3,6,6,1,0,2.50,2
2,268,11,4,7,7,0,0,2.50,2
2,269,11,5,4,4,0,0,2.50,2
2,270,11,6,8,6,2,0,7.50,2
2,271,11,7,2,2,0,0,2.50,2
2,272,11,8,22,19,2,1,2.50,7
2,273,11,9,38,33,1,5,3.56,7
2,274,11,10,36,31,1,9,2.66,7
2,275,11,11,38,41,3,3,4.09,7
2,276,11,12,23,23,2,1,2.50,7
2,277,11,13,35,29,0,7,2.67,7
2,278,11,14,25,27,1,4,3.06,7
2,279,11,15,34,34,1,3,2.94,7
2,280,11,16,28,28,0,3,2.50,7
2,281,11,17,17,18,0,2,2.78,7
2,282,11,18,17,17,0,2,2.50,7
2,283,11,19,11,13,0,0,2.50,7
2,284,11,20,7,6,1,0,2.50,2
2,285,11,21,13,10,2,1,8.50,2
2,286,11,22,3,3,0,1,7.50,2
2,287,11,23,9,9,0,1,6.39,2
2,288,12,0,3,4,0,0,10.00,2
2,289,12,1,2,2,0,0,2.50,2
2,290,12,2,1,1,0,0,2.50,2
2,291,12,3,2,1,0,1,2.50,2
2,292,12,4,1,0,2,0,0.00,2
2,293,12,5,4,3,0,1,2.50,2
2,294,12,6,5,6,0,0,2.50,2
2,295,12,7,10,9,0,1,3.06,2
2,296,12,8,21,19,0,3,4.34,4
2,297,12,9,29,24,3,5,2.92,4
2,298,12,10,23,28,0,0,4.64,4
2,299,12,11,27,19,1,7,5.66,4
2,300,12,12,28,24,5,6,5.42,4
2,301,12,13,32,23,5,10,12.28,4
2,302,12,14,31,25,8,8,13.10,4
2,303,12,15,24,24,7,1,7.92,4
2,304,12,16,25,20,1,5,4.25,4
2,305,12,17,22,21,4,2,8.93,4
2,306,12,18,10,12,0,0,3.75,4
2,307,12,19,4,3,0,1,2.50,4
2,308,12,20,7,8,0,0,2.50,2
2,309,12,21,3,3,0,0,2.50,2
2,310,12,22,1,1,0,0,2.50,2
2,311,12,23,1,1,0,0,2.50,2
2,312,13,0,1,1,0,0,2.50,2
2,313,13,1,1,1,0,0,2.50,2
2,314,13,2,2,1,0,1,2.50,2
2,315,13,3,0,1,0,0,2.50,2
2,316,13,4,4,4,0,0,2.50,2
2,317,13,5,1,1,0,0,2.50,2
2,318,13,6,8,6,1,1,3.33,2
2,319,13,7,6,7,0,0,3.21,2
2,320,13,8,20,15,3,2,2.50,4
2,321,13,9,30,26,2,4,4.62,4
2,322,13,10,36,26,3,11,8.85,4
2,323,13,11,40,38,5,8,11.84,4
2,324,13,12,26,21,4,9,10.60,4
2,325,13,13,30,25,11,3,12.70,4
2,326,13,14,29,23,4,5,6.85,4
2,327,13,15,24,24,1,4,6.67,4
2,328,13,16,27,26,1,4,5.77,4
2,329,13,17,25,24,3,2,5.42,4
2,330,13,18,16,14,0,4,2.50,4
2,331,13,19,13,16,0,1,2.81,4
2,332,13,20,9,7,1,2,3.93,2
2,333,13,21,15,12,2,3,13.75,2
2,334,13,22,2,4,1,0,10.00,2
2,335,13,23,2,2,0,0,2.50,2
3,0,0,0,12,12,2,0,6.67,2
3,1,0,1,5,5,0,0,2.50,2
3,2,0,2,10,8,0,2,6.88,2
3,3,0,3,3,5,0,0,2.50,2
3,4,0,4,3,3,0,0,2.50,2
3,5,0,5,6,4,0,2,2.50,2
3,6,0,6,3,4,0,1,5.00,2
3,7,0,7,20,8,8,5,8.12,2
3,8,0,8,36,38,0,3,3.95,7
3,9,0,9,41,38,2,4,2.50,7
3,10,0,10,61,47,6,12,7.18,7
3,11,0,11,47,48,5,6,8.02,7
3,12,0,12,39,39,1,5,3.14,7
3,13,0,13,45,44,3,3,4.09,7
3,14,0,14,39,34,3,5,2.79,7
3,15,0,15,30,33,1,1,3.86,7
3,16,0,16,51,40,4,8,7.38,7
3,17,0,17,35,39,2,2,4.55,7
3,18,0,18,23,24,0,1,2.71,7
3,19,0,19,23,22,0,2,2.50,7
3,20,0,20,6,7,0,1,2.50,2
3,21,0,21,7,7,0,1,3.21,2
3,22,0,22,6,7,0,0,2.50,2
3,23,0,23,4,4,0,0,2.50,2
3,24,1,0,2,2,0,0,2.50,2
3,25,1,1,4,4,0,0,2.50,2
3,26,1,2,4,3,0,1,2.50,2
3,27,1,3,1,2,0,0,2.50,2
3,28,1,4,3,3,0,0,2.50,2
3,29,1,5,3,3,0,0,2.50,2
3,30,1,6,6,4,0,2,2.50,2
3,31,1,7,8,10,0,0,12.50,2
3,32,1,8,18,15,0,3,2.50,7
3,33,1,9,31,34,0,0,2.79,7
3,34,1,10,41,29,2,10,3.53,7
3,35,1,11,38,38,5,5,6.71,7
3,36,1,12,34,36,1,2,2.92,7
3,37,1,13,46,39,1,8,3.78,7
3,38,1,14,40,43,3,2,5.87,7
3,39,1,15,41,34,3,6,3.97,7
3,40,1,16,30,33,2,1,4.47,7
3,41,1,17,20,18,2,1,2.50,7
3,42,1,18,13,12,0,2,2.50,7
3,43,1,19,14,13,1,2,2.50,7
3,44,1,20,7,9,0,0,3.61,2
3,45,1,21,10,7,0,3,3.93,2
3,46,1,22,3,4,1,1,7.50,2
3,47,1,23,2,2,0,1,2.50,2
3,48,2,0,5,6,0,0,2.50,2
3,49,2,1,2,1,0,1,2.50,2
3,50,2,2,1,2,0,0,2.50,2
3,51,2,3,3,3,0,0,2.50,2
3,52,2,4,4,3,0,1,2.50,2
3,53,2,5,7,7,1,0,3.21,2
3,54,2,6,7,6,0,1,2.50,2
3,55,2,7,16,13,0,4,4.04,2
3,56,2,8,42,40,3,3,2.75,7
3,57,2,9,64,52,4,11,7.21,7
3,58,2,10,70,49,10,22,8.32,7
3,59,2,11,63,52,20,13,13.94,7
3,60,2,12,65,53,9,16,6.65,7
3,61,2,13,74,55,13,22,9.59,7
3,62,2,14,77,62,20,17,10.65,7
3,63,2,15,69,59,14,13,11.74,7
3,64,2,16,46,47,5,7,5.69,7
3,65,2,17,43,35,4,11,3.21,7
3,66,2,18,26,33,2,2,4.02,7
3,67,2,19,27,26,2,1,2.50,7
3,68,2,20,10,10,1,0,7.50,2
3,69,2,21,8,7,1,0,3.93,2
3,70,2,22,10,8,1,1,4.38,2
3,71,2,23,11,8,1,3,4.38,2
3,72,3,0,5,6,1,1,5.00,2
3,73,3,1,5,5,0,1,2.50,2
3,74,3,2,6,6,0,1,4.17,2
3,75,3,3,0,1,0,0,2.50,2
3,76,3,4,7,7,0,0,2.50,2
3,77,3,5,7,6,0,1,5.00,2
3,78,3,6,15,11,0,5,5.23,2
3,79,3,7,15,13,3,4,8.27,2
3,80,3,8,27,27,1,3,3.61,7
3,81,3,9,48,43,2,6,4.94,7
3,82,3,10,56,46,2,14,5.65,7
3,83,3,11,61,51,10,14,11.52,7
3,84,3,12,49,50,5,8,8.60,7
3,85,3,13,56,46,10,8,6.85,7
3,86,3,14,58,51,8,7,7.40,7
3,87,3,15,58,44,3,18,8.18,7
3,88,3,16,43,39,10,12,14.42,7
3,89,3,17,37,47,1,1,6.01,7
3,90,3,18,22,22,0,1,2.50,7
3,91,3,19,17,17,0,1,2.50,7
3,92,3,20,11,10,0,2,7.00,2
3,93,3,21,12,12,0,2,5.83,2
3,94,3,22,6,8,0,0,5.62,2
3,95,3,23,12,12,0,0,4.58,2
3,96,4,0,6,6,0,0,2.50,2
3,97,4,1,2,2,0,0,2.50,2
3,98,4,2,6,5,0,1,4.50,2
3,99,4,3,6,6,1,0,4.17,2
3,100,4,4,9,7,1,1,2.50,2
3,101,4,5,5,6,0,0,2.50,2
3,102,4,6,5,5,0,0,2.50,2
3,103,4,7,23,13,3,7,7.50,2
3,104,4,8,34,36,4,1,6.67,7
3,105,4,9,57,44,4,10,4.66,7
3,106,4,10,81,56,14,21,12.68,7
3,107,4,11,72,63,16,14,11.15,7
3,108,4,12,60,53,15,6,12.59,7
3,109,4,13,39,37,4,4,5.07,7
3,110,4,14,65,48,4,17,5.21,7
3,111,4,15,61,52,11,15,10.38,7
3,112,4,16,69,53,15,16,12.03,7
3,113,4,17,60,48,9,19,9.69,7
3,114,4,18,34,45,7,1,8.72,7
3,115,4,19,32,28,1,4,2.50,7
3,116,4,20,11,11,4,0,12.50,2
3,117,4,21,9,8,1,0,4.38,2
3,118,4,22,9,6,2,1,3.33,2
3,119,4,23,6,7,0,0,3.21,2
3,120,5,0,2,1,0,1,2.50,2
3,121,5,1,8,8,1,0,2.50,2
3,122,5,2,5,5,0,0,2.50,2
3,123,5,3,2,2,0,0,2.50,2
3,124,5,4,8,8,0,0,3.75,2
3,125,5,5,6,5,1,0,2.50,2
3,126,5,6,4,3,1,0,2.50,2
3,127,5,7,8,8,0,0,2.50,2
3,128,5,8,18,17,0,1,2.79,4
3,129,5,9,36,24,5,8,6.04,4
3,130,5,10,44,22,18,12,16.59,4
3,131,5,11,49,25,16,20,23.30,4
3,132,5,12,61,33,27,21,21.44,4
3,133,5,13,44,34,15,16,20.15,4
3,134,5,14,47,33,20,10,19.17,4
3,135,5,15,31,25,7,9,18.10,4
3,136,5,16,41,22,13,15,17.50,4
3,137,5,17,29,23,11,10,16.85,4
3,138,5,18,22,25,6,1,11.30,4
3,139,5,19,11,11,0,1,2.95,4
3,140,5,20,8,7,1,1,6.79,2
3,141,5,21,9,10,0,0,5.00,2
3,142,5,22,8,8,0,0,2.50,2
3,143,5,23,10,8,1,1,4.38,2
3,144,6,0,3,4,0,0,2.50,2
3,145,6,1,4,4,0,0,3.75,2
3,146,6,2,9,8,0,1,4.38,2
3,147,6,3,3,4,0,0,5.00,2
3,148,6,4,4,4,0,0,2.50,2
3,149,6,5,1,1,0,0,2.50,2
3,150,6,6,7,6,0,1,3.33,2
3,151,6,7,13,14,0,0,10.00,2
3,152,6,8,19,13,0,6,2.50,4
3,153,6,9,24,23,3,4,6.20,4
3,154,6,10,30,26,1,7,5.96,4
3,155,6,11,26,24,5,4,7.50,4
3,156,6,12,44,23,10,15,14.46,4
3,157,6,13,30,29,8,8,15.09,4
3,158,6,14,35,24,11,8,13.75,4
3,159,6,15,38,22,11,13,17.05,4
3,160,6,16,29,27,8,7,13.61,4
3,161,6,17,21,24,2,2,9.17,4
3,162,6,18,23,19,2,4,4.34,4
3,163,6,19,2,6,0,0,4.17,4
3,164,6,20,7,6,0,1,5.83,2
3,165,6,21,4,3,1,1,2.50,2
3,166,6,22,6,6,0,1,2.50,2
3,167,6,23,7,6,0,2,4.17,2
3,168,7,0,5,7,0,0,2.50,2
3,169,7,1,6,6,0,0,4.17,2
3,170,7,2,5,4,0,1,2.50,2
3,171,7,3,2,3,0,0,2.50,2
3,172,7,4,3,2,0,1,2.50,2
3,173,7,5,6,7,0,0,4.64,2
3,174,7,6,5,5,0,0,2.50,2
3,175,7,7,13,9,1,3,3.61,2
3,176,7,8,28,28,0,3,3.21,7
3,177,7,9,41,35,5,4,3.21,7
3,178,7,10,41,41,4,0,3.11,7
3,179,7,11,44,38,3,3,3.29,7
3,180,7,12,39,35,1,6,2.64,7
3,181,7,13,56,47,1,14,5.69,7
3,182,7,14,50,44,10,10,11.25,7
3,183,7,15,62,46,14,12,9.46,7
3,184,7,16,40,39,6,7,7.24,7
3,185,7,17,33,30,6,4,5.33,7
3,186,7,18,21,23,1,1,2.50,7
3,187,7,19,16,14,1,2,2.50,7
3,188,7,20,20,12,2,8,8.33,2
3,189,7,21,7,11,3,1,17.95,2
3,190,7,22,10,10,1,0,2.50,2
3,191,7,23,8,7,0,1,2.50,2
3,192,8,0,3,4,0,0,2.50,2
3,193,8,1,2,2,0,0,2.50,2
3,194,8,2,1,1,0,0,2.50,2
3,195,8,3,2,2,0,0,2.50,2
3,196,8,4,3,2,0,1,2.50,2
3,197,8,5,5,5,0,1,2.50,2
3,198,8,6,5,5,1,0,3.50,2
3,199,8,7,14,9,1,4,8.61,2
3,200,8,8,25,26,1,2,2.88,7
3,201,8,9,41,37,0,6,3.72,7
3,202,8,10,44,40,1,9,4.00,7
3,203,8,11,55,49,7,8,5.36,7
3,204,8,12,50,43,7,8,10.87,7
3,205,8,13,55,44,9,10,10.23,7
3,206,8,14,47,35,8,14,12.64,7
3,207,8,15,39,42,7,4,7.02,7
3,208,8,16,41,37,1,7,3.31,7
3,209,8,17,33,32,5,3,4.84,7
3,210,8,18,17,20,0,0,2.50,7
3,211,8,19,14,13,1,0,2.50,7
3,212,8,20,9,7,1,1,3.21,2
3,213,8,21,6,5,0,2,3.50,2
3,214,8,22,5,7,0,0,2.50,2
3,215,8,23,5,5,0,0,2.50,2
3,216,9,0,6,6,0,0,10.00,2
3,217,9,1,4,3,1,0,2.50,2
3,218,9,2,2,1,1,0,2.50,2
3,219,9,3,5,5,0,0,2.50,2
3,220,9,4,10,8,1,1,6.25,2
3,221,9,5,5,5,0,1,2.50,2
3,222,9,6,9,8,1,1,3.12,2
3,223,9,7,14,15,0,0,7.83,2
3,224,9,8,39,31,4,4,2.50,7
3,225,9,9,52,48,2,6,4.17,7
3,226,9,10,90,51,17,28,13.58,7
3,227,9,11,63,47,20,24,17.71,7
3,228,9,12,65,55,14,20,16.41,7
3,229,9,13,81,56,19,26,14.55,7
3,230,9,14,84,57,25,28,16.71,7
3,231,9,15,77,73,22,10,13.39,7
3,232,9,16,67,68,2,7,8.09,7
3,233,9,17,59,57,0,9,4.78,7
3,234,9,18,33,36,1,5,3.89,7
3,235,9,19,25,25,1,4,4.90,7
3,236,9,20,10,12,2,0,6.67,2
3,237,9,21,11,10,0,1,4.00,2
3,238,9,22,17,12,1,5,7.08,2
3,239,9,23,15,13,5,2,17.12,2
3,240,10,0,6,8,0,0,5.62,2
3,241,10,1,7,7,0,0,3.21,2
3,242,10,2,5,5,0,0,3.50,2
3,243,10,3,7,5,0,2,2.50,2
3,244,10,4,6,8,0,0,2.50,2
3,245,10,5,5,5,0,0,4.50,2
3,246,10,6,9,8,0,1,2.50,2
3,247,10,7,16,9,3,5,9.17,2
3,248,10,8,52,48,4,5,6.35,7
3,249,10,9,62,47,12,8,9.10,7
3,250,10,10,73,58,8,15,8.71,7
3,251,10,11,68,51,16,16,14.46,7
3,252,10,12,63,54,14,11,10.83,7
3,253,10,13,71,53,10,19,10.99,7
3,254,10,14,54,54,12,7,11.67,7
3,255,10,15,39,39,2,5,7.37,7
3,256,10,16,40,37,4,4,7.64,7
3,257,10,17,57,47,2,12,5.48,7
3,258,10,18,27,27,6,6,7.69,7
3,259,10,19,31,32,1,4,2.50,7
3,260,10,20,11,12,3,0,14.17,2
3,261,10,21,12,9,1,2,2.50,2
3,262,10,22,6,7,1,0,3.21,2
3,263,10,23,14,12,1,1,5.42,2
3,264,11,0,10,7,2,2,11.79,2
3,265,11,1,11,11,1,1,7.05,2
3,266,11,2,7,8,0,0,7.50,2
3,267,11,3,10,8,1,1,6.25,2
3,268,11,4,11,9,1,2,4.72,2
3,269,11,5,5,7,0,0,3.93,2
3,270,11,6,8,6,1,1,3.33,2
3,271,11,7,14,10,1,4,8.50,2
3,272,11,8,28,28,2,2,3.93,7
3,273,11,9,44,39,1,6,3.01,7
3,274,11,10,56,38,7,17,5.39,7
3,275,11,11,48,45,8,12,11.72,7
3,276,11,12,46,45,6,7,10.17,7
3,277,11,13,40,45,1,1,3.94,7
3,278,11,14,50,43,2,6,6.57,7
3,279,11,15,33,35,1,3,3.50,7
3,280,11,16,40,40,0,3,2.62,7
3,281,11,17,41,37,2,5,3.99,7
3,282,11,18,24,27,0,2,4.54,7
3,283,11,19,17,18,0,1,2.50,7
3,284,11,20,14,11,2,2,9.32,2
3,285,11,21,9,9,1,1,3.61,2
3,286,11,22,6,7,0,0,4.64,2
3,287,11,23,2,2,0,0,2.50,2
3,288,12,0,6,5,0,1,2.50,2
3,289,12,1,0,1,0,0,2.50,2
3,290,12,2,2,2,0,0,2.50,2
3,291,12,3,3,3,0,0,2.50,2
3,292,12,4,6,6,0,0,2.50,2
3,293,12,5,2,2,0,0,2.50,2
3,294,12,6,6,5,0,1,2.50,2
3,295,12,7,16,13,2,2,8.65,2
3,296,12,8,28,25,2,3,3.90,4
3,297,12,9,44,35,4,8,9.36,4
3,298,12,10,35,32,8,3,8.59,4
3,299,12,11,37,31,2,7,6.05,4
3,300,12,12,35,26,6,10,9.81,4
3,301,12,13,49,26,15,18,19.04,4
3,302,12,14,45,27,19,17,18.43,4
3,303,12,15,40,28,14,15,16.79,4
3,304,12,16,24,29,5,5,16.81,4
3,305,12,17,34,27,1,11,6.76,4
3,306,12,18,19,25,4,1,14.50,4
3,307,12,19,15,12,2,2,4.17,4
3,308,12,20,4,6,0,0,3.33,2
3,309,12,21,12,11,0,1,7.50,2
3,310,12,22,5,4,0,2,2.50,2
3,311,12,23,10,11,0,1,6.14,2
3,312,13,0,3,4,0,0,3.75,2
3,313,13,1,1,1,0,0,2.50,2
3,314,13,2,2,2,0,0,2.50,2
3,315,13,3,1,0,0,1,0.00,2
3,316,13,4,1,2,0,0,2.50,2
3,317,13,5,7,6,0,1,2.50,2
3,318,13,6,3,3,0,1,2.50,2
3,319,13,7,14,9,2,4,3.61,2
3,320,13,8,18,20,0,2,6.00,4
3,321,13,9,21,21,1,1,7.98,4
3,322,13,10,29,25,1,4,4.10,4
3,323,13,11,27,23,3,5,8.37,4
3,324,13,12,16,16,1,4,4.06,4
3,325,13,13,31,23,3,9,5.54,4
3,326,13,14,35,20,9,15,14.50,4
3,327,13,15,35,27,14,9,15.09,4
3,328,13,16,20,24,3,2,11.67,4
3,329,13,17,24,23,2,1,4.02,4
3,330,13,18,13,14,0,0,2.50,4
3,331,13,19,13,13,0,0,2.50,4
3,332,13,20,8,8,0,0,4.38,2
3,333,13,21,3,3,0,0,2.50,2
3,334,13,22,7,5,0,2,2.50,2
3,335,13,23,6,8,0,0,3.75,2
4,0,0,0,9,9,1,0,6.94,2
4,1,0,1,3,2,0,1,2.50,2
4,2,0,2,6,7,0,0,2.50,2
4,3,0,3,2,2,0,0,2.50,2
4,4,0,4,3,3,0,0,2.50,2
4,5,0,5,5,4,0,1,2.50,2
4,6,0,6,11,12,0,0,8.33,2
4,7,0,7,13,8,2,3,7.50,2
4,8,0,8,60,42,10,11,8.21,7
4,9,0,9,72,53,13,17,8.07,7
4,10,0,10,78,50,22,23,16.60,7
4,11,0,11,84,75,19,13,12.97,7
4,12,0,12,76,60,10,19,4.75,7
4,13,0,13,74,71,16,6,8.77,7
4,14,0,14,91,54,8,35,8.43,7
4,15,0,15,63,58,28,12,16.12,7
4,16,0,16,54,61,4,1,4.63,7
4,17,0,17,55,40,4,12,4.62,7
4,18,0,18,35,44,2,1,8.41,7
4,19,0,19,25,24,0,2,2.71,7
4,20,0,20,24,7,5,14,14.64,2
4,21,0,21,12,11,12,3,24.77,2
4,22,0,22,17,15,3,2,7.17,2
4,23,0,23,11,12,1,0,2.50,2
4,24,1,0,7,5,1,1,2.50,2
4,25,1,1,9,10,0,0,2.50,2
4,26,1,2,3,3,0,0,2.50,2
4,27,1,3,4,2,0,2,2.50,2
4,28,1,4,7,7,1,1,3.93,2
4,29,1,5,9,10,0,0,3.50,2
4,30,1,6,6,6,0,0,2.50,2
4,31,1,7,15,7,2,6,4.64,2
4,32,1,8,28,30,3,1,3.50,7
4,33,1,9,49,41,4,5,7.87,7
4,34,1,10,68,45,10,18,9.50,7
4,35,1,11,86,62,25,17,13.39,7
4,36,1,12,35,48,3,1,6.25,7
4,37,1,13,65,58,4,4,3.88,7
4,38,1,14,72,54,10,12,8.89,7
4,39,1,15,48,45,3,12,7.17,7
4,40,1,16,51,46,7,10,10.00,7
4,41,1,17,49,45,3,11,8.17,7
4,42,1,18,27,31,3,4,8.63,7
4,43,1,19,20,23,1,0,2.72,7
4,44,1,20,17,10,1,6,7.00,2
4,45,1,21,7,10,2,1,11.50,2
4,46,1,22,6,7,0,0,2.50,2
4,47,1,23,9,5,0,4,2.50,2
4,48,2,0,7,9,1,1,4.72,2
4,49,2,1,7,7,0,1,3.93,2
4,50,2,2,7,6,0,2,2.50,2
4,51,2,3,5,5,1,1,3.50,2
4,52,2,4,5,6,0,0,2.50,2
4,53,2,5,11,8,2,1,3.12,2
4,54,2,6,14,12,3,0,4.58,2
4,55,2,7,15,10,1,4,7.50,2
4,56,2,8,56,49,8,3,6.17,7
4,57,2,9,82,50,7,28,6.50,7
4,58,2,10,91,70,32,17,15.79,7
4,59,2,11,85,78,6,18,6.28,7
4,60,2,12,91,80,10,19,6.94,7
4,61,2,13,90,84,9,16,7.26,7
4,62,2,14,84,78,8,14,8.21,7
4,63,2,15,251,82,79,104,18.84,7
4,64,2,16,191,88,133,74,28.92,7
4,65,2,17,158,81,79,72,28.43,7
4,66,2,18,151,78,69,76,26.47,7
4,67,2,19,118,68,79,47,28.75,7
4,68,2,20,102,34,67,48,31.76,2
4,69,2,21,69,38,49,30,30.26,2
4,70,2,22,64,18,38,38,36.39,2
4,71,2,23,42,20,39,21,37.00,2
4,72,3,0,34,13,22,20,35.19,2
4,73,3,1,18,18,16,4,20.00,2
4,74,3,2,17,10,5,6,18.50,2
4,75,3,3,14,14,5,1,9.64,2
4,76,3,4,17,13,2,3,5.58,2
4,77,3,5,18,9,5,7,11.39,2
4,78,3,6,13,14,1,5,9.29,2
4,79,3,7,25,10,12,8,17.50,2
4,80,3,8,49,46,1,10,6.41,7
4,81,3,9,44,45,3,6,6.94,7
4,82,3,10,46,40,4,8,6.00,7
4,83,3,11,44,43,3,6,5.52,7
4,84,3,12,39,39,3,3,5.71,7
4,85,3,13,39,36,4,2,4.58,7
4,86,3,14,47,45,2,2,7.50,7
4,87,3,15,56,43,4,11,5.52,7
4,88,3,16,33,35,7,2,5.21,7
4,89,3,17,33,27,4,4,2.50,7
4,90,3,18,26,27,0,3,2.50,7
4,91,3,19,32,34,0,1,2.94,7
4,92,3,20,23,11,3,10,14.77,2
4,93,3,21,22,12,13,7,20.83,2
4,94,3,22,15,13,5,4,13.27,2
4,95,3,23,18,10,6,6,18.00,2
4,96,4,0,19,14,9,2,17.50,2
4,97,4,1,12,12,1,1,8.75,2
4,98,4,2,15,11,4,1,11.14,2
4,99,4,3,16,11,1,5,15.23,2
4,100,4,4,10,9,3,3,11.39,2
4,101,4,5,7,9,1,0,5.83,2
4,102,4,6,7,6,1,0,3.33,2
4,103,4,7,4,3,0,1,2.50,2
4,104,4,8,29,26,2,2,2.69,7
4,105,4,9,45,43,0,4,3.08,7
4,106,4,10,47,43,3,5,8.08,7
4,107,4,11,56,50,1,10,3.60,7
4,108,4,12,38,44,3,1,6.59,7
4,109,4,13,41,33,5,4,4.17,7
4,110,4,14,42,40,1,5,4.88,7
4,111,4,15,50,43,2,10,4.36,7
4,112,4,16,38,39,5,4,8.27,7
4,113,4,17,18,22,0,0,2.50,7
4,114,4,18,22,19,1,2,2.50,7
4,115,4,19,8,9,0,1,2.50,7
4,116,4,20,11,9,1,2,5.28,2
4,117,4,21,8,10,0,0,5.50,2
4,118,4,22,3,3,0,0,2.50,2
4,119,4,23,6,4,0,2,6.25,2
4,120,5,0,1,3,0,0,5.83,2
4,121,5,1,1,1,0,0,2.50,2
4,122,5,2,3,2,0,1,2.50,2
4,123,5,3,0,1,0,0,2.50,2
4,124,5,4,3,3,0,0,2.50,2
4,125,5,5,1,1,0,0,2.50,2
4,126,5,6,4,3,0,1,2.50,2
4,127,5,7,14,11,2,2,2.95,2
4,128,5,8,24,19,2,5,5.66,4
4,129,5,9,26,23,3,5,7.28,4
4,130,5,10,41,32,6,8,12.03,4
4,131,5,11,35,23,9,11,14.46,4
4,132,5,12,31,35,6,1,10.50,4
4,133,5,13,36,19,10,8,11.18,4
4,134,5,14,39,26,13,8,18.65,4
4,135,5,15,32,25,3,12,12.50,4
4,136,5,16,30,24,10,8,16.88,4
4,137,5,17,25,25,6,2,11.70,4
4,138,5,18,30,25,2,5,9.30,4
4,139,5,19,15,17,2,1,3.68,4
4,140,5,20,6,6,0,1,6.67,2
4,141,5,21,4,4,0,1,2.50,2
4,142,5,22,5,4,1,1,2.50,2
4,143,5,23,1,2,0,0,2.50,2
4,144,6,0,3,3,0,0,2.50,2
4,145,6,1,1,1,0,0,2.50,2
4,146,6,2,2,1,0,1,2.50,2
4,147,6,3,1,2,0,0,2.50,2
4,148,6,4,2,2,0,0,2.50,2
4,149,6,5,5,5,0,0,2.50,2
4,150,6,6,2,2,0,0,2.50,2
4,151,6,7,8,8,0,0,3.12,2
4,152,6,8,23,19,1,3,4.34,4
4,153,6,9,37,29,4,7,10.60,4
4,154,6,10,42,28,11,10,14.82,4
4,155,6,11,32,26,8,8,11.54,4
4,156,6,12,32,25,5,10,7.90,4
4,157,6,13,29,29,7,3,10.26,4
4,158,6,14,45,29,9,10,10.43,4
4,159,6,15,35,22,11,12,12.05,4
4,160,6,16,30,26,4,12,7.31,4
4,161,6,17,26,29,7,2,11.81,4
4,162,6,18,15,15,1,1,3.83,4
4,163,6,19,11,12,0,0,2.92,4
4,164,6,20,12,7,0,5,6.79,2
4,165,6,21,4,6,3,0,6.67,2
4,166,6,22,1,1,0,0,2.50,2
4,167,6,23,4,3,0,1,2.50,2
4,168,7,0,6,6,0,1,2.50,2
4,169,7,1,3,3,0,1,2.50,2
4,170,7,2,4,5,0,0,2.50,2
4,171,7,3,5,4,0,1,3.75,2
4,172,7,4,4,5,0,0,2.50,2
4,173,7,5,2,2,0,0,2.50,2
4,174,7,6,2,2,0,0,2.50,2
4,175,7,7,7,5,0,2,4.50,2
4,176,7,8,34,34,1,1,2.50,7
4,177,7,9,54,42,8,5,5.71,7
4,178,7,10,72,47,8,22,7.29,7
4,179,7,11,85,55,24,28,15.05,7
4,180,7,12,58,53,19,14,14.20,7
4,181,7,13,68,58,6,18,9.66,7
4,182,7,14,70,58,13,17,10.60,7
4,183,7,15,56,58,10,5,10.69,7
4,184,7,16,43,38,5,5,3.42,7
4,185,7,17,36,34,0,7,2.50,7
4,186,7,18,43,41,2,7,3.23,7
4,187,7,19,14,17,2,2,4.26,7
4,188,7,20,18,13,2,5,11.73,2
4,189,7,21,10,10,3,2,14.50,2
4,190,7,22,7,8,0,1,4.38,2
4,191,7,23,10,10,0,1,3.00,2
4,192,8,0,7,7,1,0,3.21,2
4,193,8,1,9,8,0,1,3.12,2
4,194,8,2,9,7,1,2,4.64,2
4,195,8,3,3,4,0,1,5.00,2
4,196,8,4,9,5,1,4,3.50,2
4,197,8,5,4,6,2,0,5.83,2
4,198,8,6,10,9,1,0,2.50,2
4,199,8,7,16,14,0,2,4.64,2
4,200,8,8,36,35,0,3,2.64,7
4,201,8,9,60,41,2,20,5.30,7
4,202,8,10,64,53,16,15,12.88,7
4,203,8,11,70,55,14,16,12.41,7
4,204,8,12,61,55,9,13,9.68,7
4,205,8,13,67,50,15,15,11.80,7
4,206,8,14,72,57,13,17,12.59,7
4,207,8,15,55,51,7,14,10.34,7
4,208,8,16,62,58,7,11,9.91,7
4,209,8,17,38,41,2,6,4.94,7
4,210,8,18,29,29,4,2,2.67,7
4,211,8,19,27,28,0,1,2.68,7
4,212,8,20,19,11,4,5,12.95,2
4,213,8,21,16,13,5,3,14.04,2
4,214,8,22,16,12,1,6,7.92,2
4,215,8,23,11,12,4,1,7.08,2
4,216,9,0,5,5,1,0,3.50,2
4,217,9,1,7,7,0,0,2.50,2
4,218,9,2,11,8,1,2,3.12,2
4,219,9,3,6,7,1,0,3.93,2
4,220,9,4,8,8,0,0,5.00,2
4,221,9,5,8,8,0,0,2.50,2
4,222,9,6,11,10,0,1,3.50,2
4,223,9,7,22,12,4,7,9.58,2
4,224,9,8,45,44,1,7,4.89,7
4,225,9,9,71,51,13,14,11.52,7
4,226,9,10,78,49,18,25,14.74,7
4,227,9,11,58,58,15,10,14.22,7
4,228,9,12,57,47,11,9,10.69,7
4,229,9,13,63,52,3,17,5.77,7
4,230,9,14,71,54,16,18,12.87,7
4,231,9,15,65,54,15,14,11.76,7
4,232,9,16,52,48,9,9,10.31,7
4,233,9,17,45,47,2,5,6.22,7
4,234,9,18,39,41,0,3,2.87,7
4,235,9,19,20,22,0,1,2.50,7
4,236,9,20,14,9,5,1,15.83,2
4,237,9,21,11,10,1,1,3.00,2
4,238,9,22,11,10,0,2,3.50,2
4,239,9,23,11,11,2,0,8.86,2
4,240,10,0,11,9,1,1,3.61,2
4,241,10,1,5,6,0,0,3.33,2
4,242,10,2,8,6,0,2,2.50,2
4,243,10,3,9,9,1,1,3.06,2
4,244,10,4,5,6,0,0,2.50,2
4,245,10,5,10,5,1,4,6.50,2
4,246,10,6,11,10,2,3,14.50,2
4,247,10,7,15,13,1,4,9.04,2
4,248,10,8,40,34,2,8,5.44,7
4,249,10,9,43,45,4,2,7.06,7
4,250,10,10,68,41,15,14,10.06,7
4,251,10,11,52,44,7,15,12.50,7
4,252,10,12,48,49,9,5,13.21,7
4,253,10,13,49,44,3,7,7.95,7
4,254,10,14,63,51,5,14,4.26,7
4,255,10,15,59,53,6,14,5.99,7
4,256,10,16,51,54,5,6,6.57,7
4,257,10,17,44,40,5,5,7.75,7
4,258,10,18,32,35,2,0,3.50,7
4,259,10,19,17,15,0,2,2.50,7
4,260,10,20,21,13,4,6,9.42,2
4,261,10,21,15,14,4,3,14.29,2
4,262,10,22,15,11,5,2,12.50,2
4,263,10,23,6,6,1,1,5.00,2
4,264,11,0,5,4,0,2,2.50,2
4,265,11,1,5,7,0,0,3.21,2
4,266,11,2,5,5,0,0,2.50,2
4,267,11,3,0,0,0,0,0.00,2
4,268,11,4,2,2,0,0,2.50,2
4,269,11,5,2,2,0,0,2.50,2
4,270,11,6,4,4,0,0,3.75,2
4,271,11,7,18,13,0,5,6.73,2
4,272,11,8,20,23,0,2,3.80,7
4,273,11,9,54,39,5,12,4.55,7
4,274,11,10,69,58,8,15,11.29,7
4,275,11,11,52,45,10,12,12.17,7
4,276,11,12,38,43,2,5,8.55,7
4,277,11,13,49,42,1,11,5.95,7
4,278,11,14,43,45,5,4,7.39,7
4,279,11,15,40,35,3,6,2.93,7
4,280,11,16,37,40,1,2,4.38,7
4,281,11,17,21,20,0,3,2.50,7
4,282,11,18,24,24,1,2,2.71,7
4,283,11,19,12,12,0,2,2.50,7
4,284,11,20,10,11,0,1,5.23,2
4,285,11,21,8,7,0,2,3.21,2
4,286,11,22,6,7,1,0,2.50,2
4,287,11,23,7,7,0,0,3.21,2
4,288,12,0,4,3,0,1,2.50,2
4,289,12,1,2,3,0,0,2.50,2
4,290,12,2,4,3,1,0,2.50,2
4,291,12,3,5,5,0,0,2.50,2
4,292,12,4,6,5,0,1,3.50,2
4,293,12,5,2,3,0,0,2.50,2
4,294,12,6,3,2,0,1,2.50,2
4,295,12,7,7,7,0,1,2.50,2
4,296,12,8,9,10,0,0,2.50,4
4,297,12,9,30,21,2,7,8.45,4
4,298,12,10,25,13,8,11,16.35,4
4,299,12,11,31,25,9,8,16.10,4
4,300,12,12,35,30,6,7,9.67,4
4,301,12,13,28,23,8,4,14.46,4
4,302,12,14,44,30,9,9,14.67,4
4,303,12,15,37,28,8,10,16.61,4
4,304,12,16,28,27,6,5,7.69,4
4,305,12,17,19,21,1,2,7.50,4
4,306,12,18,18,16,2,2,3.75,4
4,307,12,19,15,13,0,4,2.88,4
4,308,12,20,5,8,1,0,8.75,2
4,309,12,21,4,3,0,1,2.50,2
4,310,12,22,2,3,0,0,2.50,2
4,311,12,23,3,2,0,1,2.50,2
4,312,13,0,3,4,0,0,2.50,2
4,313,13,1,0,0,0,0,0.00,2
4,314,13,2,1,1,0,0,2.50,2
4,315,13,3,1,1,0,0,2.50,2
4,316,13,4,0,0,0,0,0.00,2
4,317,13,5,1,1,0,0,2.50,2
4,318,13,6,2,2,0,0,2.50,2
4,319,13,7,6,4,0,2,2.50,2
4,320,13,8,16,18,0,0,2.50,4
4,321,13,9,29,22,1,6,3.64,4
4,322,13,10,32,31,2,5,7.50,4
4,323,13,11,27,18,2,12,8.61,4
4,324,13,12,22,26,6,2,7.88,4
4,325,13,13,28,25,2,3,4.70,4
4,326,13,14,35,24,2,12,7.08,4
4,327,13,15,33,30,11,4,15.67,4
4,328,13,16,14,16,0,2,5.31,4
4,329,13,17,18,19,1,0,4.08,4
4,330,13,18,13,10,0,3,3.00,4
4,331,13,19,10,10,2,1,2.50,4
4,332,13,20,12,12,0,1,2.92,2
4,333,13,21,5,5,0,1,7.50,2
4,334,13,22,7,7,0,1,2.50,2
4,335,13,23,4,5,0,0,2.50,2
5,0,0,0,9,10,0,0,3.00,2
5,1,0,1,1,1,0,0,2.50,2
5,2,0,2,5,5,0,0,2.50,2
5,3,0,3,8,7,1,0,3.21,2
5,4,0,4,2,1,1,0,2.50,2
5,5,0,5,3,3,0,0,2.50,2
5,6,0,6,12,10,0,2,4.50,2
5,7,0,7,22,14,2,8,7.86,2
5,8,0,8,46,46,2,6,8.70,7
5,9,0,9,80,55,7,24,12.05,7
5,10,0,10,80,52,25,27,15.58,7
5,11,0,11,86,74,21,18,17.70,7
5,12,0,12,73,67,10,14,9.59,7
5,13,0,13,71,67,5,13,6.53,7
5,14,0,14,59,54,5,13,11.39,7
5,15,0,15,70,56,12,15,10.09,7
5,16,0,16,63,54,17,7,11.20,7
5,17,0,17,45,41,6,5,6.04,7
5,18,0,18,37,35,3,4,2.64,7
5,19,0,19,39,40,2,1,3.38,7
5,20,0,20,18,13,3,3,5.96,2
5,21,0,21,16,13,2,4,13.65,2
5,22,0,22,7,7,2,2,6.07,2
5,23,0,23,9,8,3,0,4.38,2
5,24,1,0,2,2,0,0,2.50,2
5,25,1,1,9,7,0,2,3.21,2
5,26,1,2,12,12,2,0,8.33,2
5,27,1,3,7,7,0,0,5.36,2
5,28,1,4,9,7,0,2,2.50,2
5,29,1,5,6,7,1,0,4.64,2
5,30,1,6,7,6,1,0,4.17,2
5,31,1,7,18,9,1,8,7.50,2
5,32,1,8,35,38,0,5,5.39,7
5,33,1,9,41,40,2,4,3.88,7
5,34,1,10,60,40,9,15,7.88,7
5,35,1,11,57,53,9,10,11.08,7
5,36,1,12,53,47,4,12,8.35,7
5,37,1,13,54,44,9,13,7.95,7
5,38,1,14,57,46,9,15,9.46,7
5,39,1,15,60,52,6,17,9.13,7
5,40,1,16,53,54,6,10,12.69,7
5,41,1,17,27,28,4,5,5.18,7
5,42,1,18,25,25,2,3,2.50,7
5,43,1,19,20,22,1,0,2.50,7
5,44,1,20,12,7,1,4,2.50,2
5,45,1,21,11,12,1,2,6.67,2
5,46,1,22,7,8,0,1,4.38,2
5,47,1,23,10,9,1,1,3.06,2
5,48,2,0,9,10,0,0,3.50,2
5,49,2,1,5,5,0,0,2.50,2
5,50,2,2,6,4,1,1,2.50,2
5,51,2,3,3,3,1,0,2.50,2
5,52,2,4,5,3,1,1,2.50,2
5,53,2,5,12,10,1,2,10.50,2
5,54,2,6,7,6,2,1,7.50,2
5,55,2,7,17,10,4,4,6.00,2
5,56,2,8,49,41,4,8,2.99,7
5,57,2,9,70,55,10,13,9.50,7
5,58,2,10,57,51,11,8,11.13,7
5,59,2,11,73,54,7,20,9.07,7
5,60,2,12,69,47,17,25,17.07,7
5,61,2,13,73,53,24,21,17.59,7
5,62,2,14,90,58,35,18,17.76,7
5,63,2,15,83,81,9,11,6.94,7
5,64,2,16,58,52,9,8,5.48,7
5,65,2,17,40,43,3,2,4.24,7
5,66,2,18,35,33,1,3,2.65,7
5,67,2,19,14,16,0,1,2.50,7
5,68,2,20,19,12,6,2,9.58,2
5,69,2,21,11,10,2,1,8.00,2
5,70,2,22,14,10,2,3,6.00,2
5,71,2,23,7,7,3,0,9.64,2
5,72,3,0,9,8,0,1,2.50,2
5,73,3,1,4,5,0,0,4.50,2
5,74,3,2,6,5,0,1,2.50,2
5,75,3,3,8,7,1,1,2.50,2
5,76,3,4,5,5,1,0,2.50,2
5,77,3,5,8,4,0,4,5.00,2
5,78,3,6,6,8,1,1,7.50,2
5,79,3,7,14,12,1,2,6.25,2
5,80,3,8,32,31,1,2,2.98,7
5,81,3,9,54,37,5,14,8.31,7
5,82,3,10,56,48,9,13,10.52,7
5,83,3,11,43,41,6,9,6.16,7
5,84,3,12,45,41,6,7,5.55,7
5,85,3,13,53,41,5,14,6.16,7
5,86,3,14,48,50,2,10,7.40,7
5,87,3,15,54,43,6,15,9.36,7
5,88,3,16,44,53,2,4,7.78,7
5,89,3,17,47,43,2,6,5.64,7
5,90,3,18,28,32,1,1,5.78,7
5,91,3,19,25,23,0,3,2.50,7
5,92,3,20,16,17,2,0,9.56,2
5,93,3,21,15,14,1,0,5.36,2
5,94,3,22,11,7,0,4,8.21,2
5,95,3,23,7,8,2,1,8.75,2
5,96,4,0,9,9,0,1,2.50,2
5,97,4,1,9,6,0,4,3.33,2
5,98,4,2,6,6,3,1,8.33,2
5,99,4,3,6,6,0,1,2.50,2
5,100,4,4,5,5,0,1,2.50,2
5,101,4,5,7,7,0,1,3.21,2
5,102,4,6,10,9,0,2,3.61,2
5,103,4,7,16,16,2,0,4.06,2
5,104,4,8,46,39,1,6,2.63,7
5,105,4,9,64,45,7,18,9.72,7
5,106,4,10,93,61,23,27,13.16,7
5,107,4,11,92,59,35,25,17.08,7
5,108,4,12,95,86,19,15,11.10,7
5,109,4,13,82,69,8,20,7.93,7
5,110,4,14,84,79,15,10,10.60,7
5,111,4,15,80,73,5,12,6.88,7
5,112,4,16,67,61,7,11,8.89,7
5,113,4,17,52,44,9,10,8.18,7
5,114,4,18,32,40,0,2,6.62,7
5,115,4,19,24,25,1,0,2.50,7
5,116,4,20,18,14,1,3,8.21,2
5,117,4,21,11,12,2,0,6.67,2
5,118,4,22,10,8,0,2,2.50,2
5,119,4,23,15,15,0,2,5.17,2
5,120,5,0,6,7,0,1,2.50,2
5,121,5,1,7,7,0,1,2.50,2
5,122,5,2,5,6,0,0,2.50,2
5,123,5,3,8,6,0,2,5.83,2
5,124,5,4,11,9,1,3,5.28,2
5,125,5,5,6,8,1,0,6.25,2
5,126,5,6,5,5,0,0,2.50,2
5,127,5,7,9,7,0,2,2.50,2
5,128,5,8,20,17,0,5,6.03,4
5,129,5,9,26,24,2,5,3.96,4
5,130,5,10,32,24,5,8,10.62,4
5,131,5,11,19,23,4,0,9.89,4
5,132,5,12,30,24,2,4,7.50,4
5,133,5,13,33,22,3,12,9.55,4
5,134,5,14,25,24,10,3,16.88,4
5,135,5,15,17,15,1,4,3.17,4
5,136,5,16,24,26,1,1,3.85,4
5,137,5,17,14,14,1,0,2.50,4
5,138,5,18,11,8,1,2,2.50,4
5,139,5,19,12,13,0,1,2.50,4
5,140,5,20,11,9,2,1,18.61,2
5,141,5,21,11,6,4,2,9.17,2
5,142,5,22,5,4,1,2,2.50,2
5,143,5,23,7,9,0,0,4.72,2
5,144,6,0,9,9,0,0,2.50,2
5,145,6,1,6,5,0,1,2.50,2
5,146,6,2,4,5,0,0,2.50,2
5,147,6,3,6,6,0,0,2.50,2
5,148,6,4,3,2,0,1,2.50,2
5,149,6,5,1,1,1,0,2.50,2
5,150,6,6,4,3,0,1,2.50,2
5,151,6,7,13,7,4,3,7.50,2
5,152,6,8,26,21,2,6,4.17,4
5,153,6,9,36,25,1,16,9.10,4
5,154,6,10,40,27,18,11,16.39,4
5,155,6,11,42,28,9,16,16.79,4
5,156,6,12,45,35,9,17,16.64,4
5,157,6,13,54,35,19,17,15.64,4
5,158,6,14,50,35,20,12,20.93,4
5,159,6,15,38,30,8,12,16.83,4
5,160,6,16,31,25,7,11,17.30,4
5,161,6,17,15,23,3,0,9.24,4
5,162,6,18,18,13,1,4,2.88,4
5,163,6,19,8,11,0,1,2.95,4
5,164,6,20,5,6,0,0,2.50,2
5,165,6,21,9,9,0,0,5.28,2
5,166,6,22,8,7,0,1,2.50,2
5,167,6,23,3,3,0,1,5.83,2
5,168,7,0,3,4,0,0,2.50,2
5,169,7,1,6,6,0,0,4.17,2
5,170,7,2,5,3,0,2,2.50,2
5,171,7,3,8,10,0,0,3.50,2
5,172,7,4,3,3,0,0,2.50,2
5,173,7,5,4,3,1,0,2.50,2
5,174,7,6,8,8,0,0,6.25,2
5,175,7,7,14,10,2,2,5.00,2
5,176,7,8,36,34,3,1,3.97,7
5,177,7,9,40,37,1,3,2.64,7
5,178,7,10,41,39,0,5,2.50,7
5,179,7,11,50,37,8,10,8.58,7
5,180,7,12,52,38,12,12,11.32,7
5,181,7,13,59,52,9,10,10.38,7
5,182,7,14,48,38,4,16,10.66,7
5,183,7,15,55,50,12,9,11.60,7
5,184,7,16,47,42,7,7,6.43,7
5,185,7,17,39,40,2,4,8.50,7
5,186,7,18,27,27,2,2,3.43,7
5,187,7,19,23,21,1,3,2.50,7
5,188,7,20,13,15,0,1,4.83,2
5,189,7,21,14,11,0,4,2.95,2
5,190,7,22,7,8,2,1,12.50,2
5,191,7,23,10,7,0,4,4.64,2
5,192,8,0,6,9,1,0,8.61,2
5,193,8,1,4,4,0,0,2.50,2
5,194,8,2,3,3,0,0,2.50,2
5,195,8,3,7,7,0,0,2.50,2
5,196,8,4,8,7,0,1,3.21,2
5,197,8,5,6,5,1,1,2.50,2
5,198,8,6,10,7,1,3,3.21,2
5,199,8,7,20,13,5,5,9.81,2
5,200,8,8,40,35,0,10,4.36,7
5,201,8,9,54,53,7,4,7.88,7
5,202,8,10,98,50,23,29,13.60,7
5,203,8,11,79,72,16,20,13.61,7
5,204,8,12,66,69,8,9,5.04,7
5,205,8,13,61,47,2,21,7.07,7
5,206,8,14,115,60,32,44,17.67,7
5,207,8,15,97,82,38,21,15.91,7
5,208,8,16,97,80,18,20,11.06,7
5,209,8,17,50,55,8,7,7.41,7
5,210,8,18,45,44,2,6,6.14,7
5,211,8,19,29,30,4,1,2.67,7
5,212,8,20,26,10,6,11,11.50,2
5,213,8,21,10,9,8,4,21.39,2
5,214,8,22,15,17,0,2,6.32,2
5,215,8,23,13,12,0,3,3.75,2
5,216,9,0,12,12,0,3,7.50,2
5,217,9,1,7,7,1,2,4.64,2
5,218,9,2,5,6,0,1,3.33,2
5,219,9,3,8,8,1,0,6.25,2
5,220,9,4,9,8,0,1,2.50,2
5,221,9,5,7,6,1,1,2.50,2
5,222,9,6,6,6,0,1,2.50,2
5,223,9,7,24,13,4,8,14.04,2
5,224,9,8,39,39,2,6,3.78,7
5,225,9,9,59,45,4,16,9.28,7
5,226,9,10,70,57,13,16,9.43,7
5,227,9,11,65,49,13,19,11.48,7
5,228,9,12,48,49,12,6,6.48,7
5,229,9,13,55,44,7,10,7.95,7
5,230,9,14,62,45,9,18,11.39,7
5,231,9,15,76,61,19,14,13.65,7
5,232,9,16,56,46,10,14,10.00,7
5,233,9,17,45,50,8,1,9.10,7
5,234,9,18,37,32,2,4,2.50,7
5,235,9,19,26,27,1,2,2.50,7
5,236,9,20,25,12,7,8,15.83,2
5,237,9,21,15,12,7,4,16.67,2
5,238,9,22,18,14,4,4,15.71,2
5,239,9,23,11,13,2,0,5.58,2
5,240,10,0,10,8,0,2,2.50,2
5,241,10,1,5,6,1,0,3.33,2
5,242,10,2,12,8,0,4,5.00,2
5,243,10,3,13,16,0,1,6.88,2
5,244,10,4,12,11,0,2,3.41,2
5,245,10,5,11,7,1,5,4.64,2
5,246,10,6,12,14,1,2,7.86,2
5,247,10,7,20,10,7,5,15.00,2
5,248,10,8,41,39,1,6,4.04,7
5,249,10,9,40,37,1,8,2.91,7
5,250,10,10,59,45,8,14,10.94,7
5,251,10,11,43,46,2,9,6.52,7
5,252,10,12,51,44,4,12,6.25,7
5,253,10,13,55,42,9,16,10.95,7
5,254,10,14,66,57,13,12,12.59,7
5,255,10,15,39,44,3,4,6.59,7
5,256,10,16,42,39,3,4,3.53,7
5,257,10,17,23,24,0,3,2.50,7
5,258,10,18,26,28,0,1,2.50,7
5,259,10,19,9,9,0,1,2.50,7
5,260,10,20,10,10,0,1,3.00,2
5,261,10,21,9,8,0,2,3.12,2
5,262,10,22,4,5,0,1,2.50,2
5,263,10,23,9,8,0,2,5.62,2
5,264,11,0,1,2,1,0,15.00,2
5,265,11,1,4,4,0,0,2.50,2
5,266,11,2,3,2,1,0,2.50,2
5,267,11,3,5,4,0,1,3.75,2
5,268,11,4,4,4,0,1,2.50,2
5,269,11,5,5,4,1,1,3.75,2
5,270,11,6,11,10,0,2,3.50,2
5,271,11,7,22,16,2,6,7.19,2
5,272,11,8,39,43,1,1,4.24,7
5,273,11,9,50,43,5,3,4.59,7
5,274,11,10,58,44,5,12,6.70,7
5,275,11,11,60,52,7,13,6.44,7
5,276,11,12,41,41,4,9,10.67,7
5,277,11,13,45,40,5,9,5.12,7
5,278,11,14,53,47,5,10,11.76,7
5,279,11,15,60,44,11,15,13.41,7
5,280,11,16,37,44,2,6,6.02,7
5,281,11,17,44,46,1,3,3.48,7
5,282,11,18,29,27,2,3,3.24,7
5,283,11,19,24,24,0,3,2.50,7
5,284,11,20,14,14,3,0,7.86,2
5,285,11,21,11,10,1,0,3.50,2
5,286,11,22,9,5,0,4,3.50,2
5,287,11,23,6,9,1,0,8.06,2
5,288,12,0,7,6,0,1,2.50,2
5,289,12,1,4,4,0,1,3.75,2
5,290,12,2,7,8,0,0,2.50,2
5,291,12,3,1,1,0,0,2.50,2
5,292,12,4,4,3,0,1,2.50,2
5,293,12,5,5,4,0,2,2.50,2
5,294,12,6,9,8,0,3,10.00,2
5,295,12,7,10,10,1,2,7.50,2
5,296,12,8,21,21,0,2,4.40,4
5,297,12,9,42,28,6,10,10.00,4
5,298,12,10,55,32,16,17,16.41,4
5,299,12,11,38,28,17,10,17.50,4
5,300,12,12,44,27,13,14,16.39,4
5,301,12,13,55,30,19,20,17.33,4
5,302,12,14,55,25,32,18,22.10,4
5,303,12,15,53,33,21,17,17.35,4
5,304,12,16,46,27,18,18,17.31,4
5,305,12,17,40,31,17,10,17.98,4
5,306,12,18,27,31,4,2,9.27,4
5,307,12,19,19,20,0,1,4.25,4
5,308,12,20,7,7,0,1,4.64,2
5,309,12,21,10,9,0,2,4.72,2
5,310,12,22,3,5,0,0,4.50,2
5,311,12,23,8,7,1,0,2.50,2
5,312,13,0,2,2,0,0,2.50,2
5,313,13,1,3,3,0,0,2.50,2
5,314,13,2,7,5,1,1,2.50,2
5,315,13,3,5,6,0,0,3.33,2
5,316,13,4,4,4,0,0,2.50,2
5,317,13,5,2,2,0,0,2.50,2
5,318,13,6,1,1,0,0,2.50,2
5,319,13,7,11,10,0,1,4.50,2
5,320,13,8,21,20,2,0,3.50,4
5,321,13,9,28,23,1,4,3.59,4
5,322,13,10,28,21,2,9,4.88,4
5,323,13,11,35,28,5,11,14.64,4
5,324,13,12,42,26,12,15,18.46,4
5,325,13,13,33,31,12,5,15.73,4
5,326,13,14,31,21,5,10,10.12,4
5,327,13,15,34,29,8,7,10.26,4
5,328,13,16,27,28,3,3,8.93,4
5,329,13,17,23,20,2,4,4.50,4
5,330,13,18,16,19,0,1,6.45,4
5,331,13,19,16,15,0,2,2.50,4
5,332,13,20,11,11,0,2,5.68,2
5,333,13,21,5,5,0,2,6.50,2
5,334,13,22,7,9,0,0,2.50,2
5,335,13,23,10,8,1,1,8.12,2
6,0,0,0,4,2,0,2,2.50,2
6,1,0,1,3,5,0,0,2.50,2
6,2,0,2,2,2,0,0,2.50,2
6,3,0,3,2,1,1,0,2.50,2
6,4,0,4,9,8,0,1,3.12,2
6,5,0,5,4,4,0,1,2.50,2
6,6,0,6,10,7,0,4,3.21,2
6,7,0,7,12,11,5,0,11.59,2
6,8,0,8,36,31,3,2,2.50,7
6,9,0,9,59,48,2,11,5.42,7
6,10,0,10,61,56,7,9,9.29,7
6,11,0,11,58,47,9,11,5.80,7
6,12,0,12,40,40,10,1,8.25,7
6,13,0,13,60,43,4,14,7.15,7
6,14,0,14,66,59,3,18,11.06,7
6,15,0,15,47,41,13,11,9.94,7
6,16,0,16,46,45,8,4,10.72,7
6,17,0,17,29,28,1,4,2.50,7
6,18,0,18,26,25,1,4,3.30,7
6,19,0,19,11,13,1,1,3.27,7
6,20,0,20,8,7,0,2,3.93,2
6,21,0,21,7,7,1,1,3.21,2
6,22,0,22,8,7,1,1,2.50,2
6,23,0,23,7,7,0,1,2.50,2
6,24,1,0,5,6,0,0,2.50,2
6,25,1,1,4,4,0,0,2.50,2
6,26,1,2,6,6,0,0,2.50,2
6,27,1,3,10,7,2,1,10.36,2
6,28,1,4,4,4,0,1,2.50,2
6,29,1,5,8,7,2,0,7.50,2
6,30,1,6,12,10,0,2,5.50,2
6,31,1,7,18,14,2,4,4.64,2
6,32,1,8,32,32,1,3,2.81,7
6,33,1,9,61,51,4,9,4.75,7
6,34,1,10,57,51,6,9,6.52,7
6,35,1,11,68,54,6,17,11.02,7
6,36,1,12,49,51,9,6,8.77,7
6,37,1,13,74,57,12,11,10.57,7
6,38,1,14,69,54,13,13,10.37,7
6,39,1,15,56,51,9,9,9.56,7
6,40,1,16,46,45,5,5,11.17,7
6,41,1,17,50,41,5,9,7.50,7
6,42,1,18,34,35,2,6,4.36,7
6,43,1,19,20,25,0,1,3.10,7
6,44,1,20,10,9,0,2,3.06,2
6,45,1,21,9,10,0,1,3.00,2
6,46,1,22,9,9,0,1,2.50,2
6,47,1,23,2,3,0,0,2.50,2
6,48,2,0,9,7,0,2,3.21,2
6,49,2,1,8,8,1,1,6.25,2
6,50,2,2,3,4,0,0,3.75,2
6,51,2,3,3,3,0,0,2.50,2
6,52,2,4,5,4,0,1,2.50,2
6,53,2,5,10,10,1,0,6.50,2
6,54,2,6,11,10,0,1,2.50,2
6,55,2,7,18,14,3,2,2.86,2
6,56,2,8,40,36,0,6,4.17,7
6,57,2,9,43,38,1,10,5.92,7
6,58,2,10,53,42,8,13,11.55,7
6,59,2,11,47,48,3,9,7.71,7
6,60,2,12,48,45,3,9,9.50,7
6,61,2,13,40,40,2,7,5.62,7
6,62,2,14,55,50,3,9,4.60,7
6,63,2,15,49,43,6,9,7.03,7
6,64,2,16,29,34,0,4,6.03,7
6,65,2,17,25,28,1,0,2.50,7
6,66,2,18,21,20,0,1,2.50,7
6,67,2,19,24,23,0,2,2.50,7
6,68,2,20,16,12,2,4,9.17,2
6,69,2,21,10,12,2,0,15.42,2
6,70,2,22,4,4,0,0,5.00,2
6,71,2,23,4,4,0,0,2.50,2
6,72,3,0,11,9,2,0,4.17,2
6,73,3,1,4,3,0,1,2.50,2
6,74,3,2,4,4,0,1,3.75,2
6,75,3,3,4,4,0,1,2.50,2
6,76,3,4,4,5,0,0,2.50,2
6,77,3,5,7,5,0,2,2.50,2
6,78,3,6,6,8,0,0,3.12,2
6,79,3,7,13,9,1,3,3.06,2
6,80,3,8,42,39,2,4,2.88,7
6,81,3,9,58,51,6,5,7.01,7
6,82,3,10,79,53,12,19,10.24,7
6,83,3,11,66,54,18,13,12.50,7
6,84,3,12,50,45,12,6,8.61,7
6,85,3,13,73,51,6,22,5.93,7
6,86,3,14,72,60,11,23,11.50,7
6,87,3,15,55,54,13,11,13.06,7
6,88,3,16,61,58,6,8,9.40,7
6,89,3,17,52,52,4,4,4.42,7
6,90,3,18,25,27,1,1,2.69,7
6,91,3,19,21,19,0,3,2.50,7
6,92,3,20,14,13,1,3,6.73,2
6,93,3,21,12,11,1,3,3.86,2
6,94,3,22,12,13,2,0,3.65,2
6,95,3,23,9,7,0,2,3.21,2
6,96,4,0,5,7,0,0,2.50,2
6,97,4,1,6,5,1,0,2.50,2
6,98,4,2,5,4,0,1,2.50,2
6,99,4,3,5,5,0,1,3.50,2
6,100,4,4,3,3,0,1,4.17,2
6,101,4,5,7,7,1,0,2.50,2
6,102,4,6,9,7,2,0,6.79,2
6,103,4,7,8,7,0,1,6.07,2
6,104,4,8,38,36,0,3,2.78,7
6,105,4,9,42,35,1,9,3.07,7
6,106,4,10,52,48,5,8,8.54,7
6,107,4,11,37,39,2,4,7.12,7
6,108,4,12,40,40,2,2,4.00,7
6,109,4,13,61,42,13,8,9.76,7
6,110,4,14,52,44,7,9,8.07,7
6,111,4,15,45,40,8,6,9.12,7
6,112,4,16,44,41,2,7,5.79,7
6,113,4,17,34,37,2,2,4.53,7
6,114,4,18,20,19,1,2,3.29,7
6,115,4,19,21,20,2,1,2.50,7
6,116,4,20,9,7,2,1,6.07,2
6,117,4,21,15,13,3,0,5.96,2
6,118,4,22,8,8,0,0,5.62,2
6,119,4,23,15,10,3,2,10.50,2
6,120,5,0,3,3,0,2,2.50,2
6,121,5,1,3,5,0,0,2.50,2
6,122,5,2,1,1,0,0,2.50,2
6,123,5,3,3,3,0,0,2.50,2
6,124,5,4,1,1,0,0,2.50,2
6,125,5,5,2,2,0,0,2.50,2
6,126,5,6,4,3,0,1,2.50,2
6,127,5,7,9,10,0,0,5.00,2
6,128,5,8,25,20,3,2,3.25,4
6,129,5,9,35,22,7,8,14.32,4
6,130,5,10,38,27,10,9,13.06,4
6,131,5,11,43,28,8,16,15.36,4
6,132,5,12,48,31,18,15,18.63,4
6,133,5,13,41,26,15,15,16.92,4
6,134,5,14,52,33,20,14,17.50,4
6,135,5,15,48,31,13,18,19.27,4
6,136,5,16,40,27,16,15,16.02,4
6,137,5,17,31,28,11,7,13.75,4
6,138,5,18,24,26,1,4,8.46,4
6,139,5,19,15,19,0,0,4.34,4
6,140,5,20,10,8,2,0,6.88,2
6,141,5,21,6,6,0,0,5.00,2
6,142,5,22,4,4,0,0,2.50,2
6,143,5,23,3,3,0,0,2.50,2
6,144,6,0,5,4,0,1,2.50,2
6,145,6,1,6,7,0,0,3.21,2
6,146,6,2,1,1,0,0,2.50,2
6,147,6,3,5,5,0,0,2.50,2
6,148,6,4,3,3,0,0,4.17,2
6,149,6,5,9,8,1,0,3.12,2
6,150,6,6,7,7,0,0,2.50,2
6,151,6,7,12,9,1,2,7.50,2
6,152,6,8,26,23,2,3,3.15,4
6,153,6,9,34,24,6,7,10.00,4
6,154,6,10,36,29,6,8,14.05,4
6,155,6,11,35,21,10,12,16.55,4
6,156,6,12,32,30,7,7,13.50,4
6,157,6,13,39,26,12,8,14.81,4
6,158,6,14,38,24,9,13,15.83,4
6,159,6,15,39,28,15,9,19.64,4
6,160,6,16,33,25,11,6,11.90,4
6,161,6,17,28,26,1,7,4.62,4
6,162,6,18,18,20,2,3,4.50,4
6,163,6,19,7,10,0,0,5.00,4
6,164,6,20,13,11,2,0,3.86,2
6,165,6,21,7,7,0,0,3.21,2
6,166,6,22,2,2,0,0,2.50,2
6,167,6,23,3,3,0,0,2.50,2
6,168,7,0,6,5,0,1,2.50,2
6,169,7,1,4,5,0,0,2.50,2
6,170,7,2,1,1,0,0,2.50,2
6,171,7,3,7,7,0,0,3.21,2
6,172,7,4,5,5,0,0,3.50,2
6,173,7,5,4,4,0,0,2.50,2
6,174,7,6,4,4,0,0,2.50,2
6,175,7,7,13,10,2,1,8.00,2
6,176,7,8,30,30,0,1,2.83,7
6,177,7,9,39,36,3,1,4.03,7
6,178,7,10,49,45,1,4,2.61,7
6,179,7,11,51,37,7,11,8.72,7
6,180,7,12,41,44,4,4,5.80,7
6,181,7,13,42,43,0,3,3.08,7
6,182,7,14,63,42,5,19,6.79,7
6,183,7,15,46,45,10,10,15.06,7
6,184,7,16,28,33,3,2,6.59,7
6,185,7,17,19,21,0,0,2.74,7
6,186,7,18,19,18,0,1,3.33,7
6,187,7,19,17,13,1,4,2.50,7
6,188,7,20,6,10,0,0,6.50,2
6,189,7,21,8,6,0,2,3.33,2
6,190,7,22,3,5,0,0,3.50,2
6,191,7,23,4,4,0,0,2.50,2
6,192,8,0,3,3,0,0,2.50,2
6,193,8,1,1,1,0,0,2.50,2
6,194,8,2,2,2,0,0,2.50,2
6,195,8,3,2,2,0,0,2.50,2
6,196,8,4,2,2,0,0,2.50,2
6,197,8,5,5,5,0,0,3.50,2
6,198,8,6,6,3,0,3,2.50,2
6,199,8,7,12,13,2,0,6.73,2
6,200,8,8,25,19,3,3,2.50,7
6,201,8,9,40,38,2,3,3.55,7
6,202,8,10,46,36,7,6,5.00,7
6,203,8,11,48,42,2,10,4.88,7
6,204,8,12,51,50,5,6,8.20,7
6,205,8,13,52,52,2,4,4.52,7
6,206,8,14,34,35,0,3,2.93,7
6,207,8,15,46,38,1,10,2.76,7
6,208,8,16,34,41,3,0,4.33,7
6,209,8,17,39,36,1,2,2.92,7
6,210,8,18,22,24,0,0,2.50,7
6,211,8,19,12,10,0,2,2.50,7
6,212,8,20,13,15,0,0,4.83,2
6,213,8,21,4,4,0,0,2.50,2
6,214,8,22,8,7,1,0,8.93,2
6,215,8,23,7,5,1,1,2.50,2
6,216,9,0,3,4,0,0,2.50,2
6,217,9,1,6,4,2,0,2.50,2
6,218,9,2,3,3,0,0,2.50,2
6,219,9,3,5,3,0,2,2.50,2
6,220,9,4,2,4,0,0,2.50,2
6,221,9,5,8,7,1,0,3.21,2
6,222,9,6,5,4,1,0,2.50,2
6,223,9,7,10,7,0,3,6.07,2
6,224,9,8,23,23,1,2,2.50,7
6,225,9,9,41,37,2,4,3.31,7
6,226,9,10,41,39,3,3,3.27,7
6,227,9,11,58,37,10,14,10.61,7
6,228,9,12,45,48,6,5,7.19,7
6,229,9,13,36,39,1,1,3.01,7
6,230,9,14,51,38,5,9,7.63,7
6,231,9,15,33,36,4,2,5.28,7
6,232,9,16,32,29,1,4,2.50,7
6,233,9,17,23,24,0,3,2.50,7
6,234,9,18,26,27,0,2,2.50,7
6,235,9,19,13,15,0,0,2.50,7
6,236,9,20,5,5,0,0,4.50,2
6,237,9,21,9,8,0,1,5.62,2
6,238,9,22,4,5,0,0,2.50,2
6,239,9,23,3,3,0,0,2.50,2
6,240,10,0,5,5,0,0,2.50,2
6,241,10,1,4,3,0,1,2.50,2
6,242,10,2,5,6,0,0,4.17,2
6,243,10,3,6,5,1,0,2.50,2
6,244,10,4,6,5,0,1,2.50,2
6,245,10,5,3,4,0,0,2.50,2
6,246,10,6,8,8,0,0,3.12,2
6,247,10,7,15,8,0,7,8.12,2
6,248,10,8,32,35,0,4,5.93,7
6,249,10,9,51,39,2,14,6.73,7
6,250,10,10,44,46,9,3,9.57,7
6,251,10,11,74,55,4,18,8.59,7
6,252,10,12,46,48,10,6,7.29,7
6,253,10,13,51,51,0,6,3.28,7
6,254,10,14,55,49,3,9,5.15,7
6,255,10,15,50,47,2,10,5.80,7
6,256,10,16,47,43,6,8,6.22,7
6,257,10,17,33,37,1,3,5.88,7
6,258,10,18,26,25,2,2,3.70,7
6,259,10,19,12,13,0,1,2.50,7
6,260,10,20,12,6,1,6,5.83,2
6,261,10,21,9,13,1,1,7.88,2
6,262,10,22,3,3,1,0,7.50,2
6,263,10,23,4,2,0,2,2.50,2
6,264,11,0,5,7,0,0,6.07,2
6,265,11,1,5,4,0,1,2.50,2
6,266,11,2,7,6,2,0,3.33,2
6,267,11,3,4,4,0,0,2.50,2
6,268,11,4,3,2,0,1,2.50,2
6,269,11,5,3,4,0,0,3.75,2
6,270,11,6,6,6,0,0,2.50,2
6,271,11,7,10,8,2,0,5.00,2
6,272,11,8,29,23,2,4,2.50,7
6,273,11,9,42,39,2,5,4.55,7
6,274,11,10,49,45,5,4,6.39,7
6,275,11,11,43,44,2,1,2.95,7
6,276,11,12,39,36,1,3,3.33,7
6,277,11,13,42,39,3,3,3.65,7
6,278,11,14,67,46,6,18,7.17,7
6,279,11,15,30,39,6,3,8.78,7
6,280,11,16,47,44,3,3,4.32,7
6,281,11,17,22,23,0,2,2.50,7
6,282,11,18,21,20,1,2,2.50,7
6,283,11,19,16,15,2,1,2.50,7
6,284,11,20,11,6,0,6,2.50,2
6,285,11,21,8,12,1,1,6.25,2
6,286,11,22,4,5,0,0,2.50,2
6,287,11,23,3,3,0,0,2.50,2
6,288,12,0,2,2,0,0,2.50,2
6,289,12,1,0,0,0,0,0.00,2
6,290,12,2,1,1,0,0,2.50,2
6,291,12,3,1,1,0,0,2.50,2
6,292,12,4,0,0,0,0,0.00,2
6,293,12,5,1,1,0,0,2.50,2
6,294,12,6,1,1,0,0,2.50,2
6,295,12,7,3,3,0,0,2.50,2
6,296,12,8,9,9,0,0,2.50,4
6,297,12,9,22,18,2,2,5.00,4
6,298,12,10,27,20,3,6,3.50,4
6,299,12,11,23,25,2,2,4.70,4
6,300,12,12,15,15,0,2,2.83,4
6,301,12,13,21,17,0,6,2.79,4
6,302,12,14,18,21,1,2,6.31,4
6,303,12,15,17,17,0,2,2.50,4
6,304,12,16,21,21,2,0,6.07,4
6,305,12,17,12,11,0,1,3.41,4
6,306,12,18,7,8,0,0,2.50,4
6,307,12,19,6,5,1,0,2.50,4
6,308,12,20,7,4,1,2,2.50,2
6,309,12,21,4,5,1,0,2.50,2
6,310,12,22,3,3,0,0,2.50,2
6,311,12,23,4,4,0,0,2.50,2
6,312,13,0,2,2,0,0,2.50,2
6,313,13,1,0,0,0,0,0.00,2
6,314,13,2,3,3,0,0,2.50,2
6,315,13,3,1,1,0,0,2.50,2
6,316,13,4,1,1,0,0,2.50,2
6,317,13,5,3,2,0,1,2.50,2
6,318,13,6,3,3,0,1,2.50,2
6,319,13,7,6,7,0,0,2.50,2
6,320,13,8,18,15,0,3,2.50,4
6,321,13,9,23,17,7,2,8.09,4
6,322,13,10,47,30,1,18,8.17,4
6,323,13,11,39,29,16,12,19.74,4
6,324,13,12,35,31,7,9,18.95,4
6,325,13,13,46,32,6,17,16.41,4
6,326,13,14,37,28,18,8,19.64,4
6,327,13,15,32,24,8,8,10.21,4
6,328,13,16,32,21,8,11,15.12,4
6,329,13,17,25,27,6,3,12.87,4
6,330,13,18,10,11,2,0,2.95,4
6,331,13,19,13,10,0,3,2.50,4
6,332,13,20,8,10,0,1,4.00,2
6,333,13,21,9,9,0,1,4.17,2
6,334,13,22,1,2,0,0,2.50,2
6,335,13,23,1,1,0,0,2.50,2
7,0,0,0,3,3,0,0,2.50,2
7,1,0,1,3,3,0,0,2.50,2
7,2,0,2,2,2,0,0,2.50,2
7,3,0,3,4,4,0,0,2.50,2
7,4,0,4,0,0,0,0,0.00,2
7,5,0,5,3,2,0,1,2.50,2
7,6,0,6,3,4,0,0,2.50,2
7,7,0,7,17,13,2,2,4.04,2
7,8,0,8,35,33,2,2,2.65,7
7,9,0,9,56,47,3,8,5.90,7
7,10,0,10,60,48,9,11,7.71,7
7,11,0,11,40,43,5,3,5.41,7
7,12,0,12,55,46,2,10,4.67,7
7,13,0,13,49,44,5,10,5.11,7
7,14,0,14,61,47,13,11,9.95,7
7,15,0,15,53,46,7,11,5.33,7
7,16,0,16,41,42,5,5,6.90,7
7,17,0,17,40,38,2,5,3.82,7
7,18,0,18,14,16,1,2,2.50,7
7,19,0,19,22,19,0,5,2.50,7
7,20,0,20,12,11,5,1,12.05,2
7,21,0,21,6,7,0,0,2.50,2
7,22,0,22,4,3,0,1,2.50,2
7,23,0,23,6,7,0,0,2.50,2
7,24,1,0,1,0,0,1,0.00,2
7,25,1,1,6,5,0,2,3.50,2
7,26,1,2,8,7,1,2,2.50,2
7,27,1,3,5,7,0,0,2.50,2
7,28,1,4,2,1,1,0,2.50,2
7,29,1,5,5,5,0,0,2.50,2
7,30,1,6,12,10,1,1,5.00,2
7,31,1,7,24,9,5,11,12.50,2
7,32,1,8,45,49,4,3,6.89,7
7,33,1,9,75,45,11,22,12.06,7
7,34,1,10,81,56,27,20,16.07,7
7,35,1,11,93,64,28,21,16.72,7
7,36,1,12,77,81,11,6,9.41,7
7,37,1,13,78,66,6,12,5.45,7
7,38,1,14,84,76,11,9,10.20,7
7,39,1,15,88,73,8,16,9.49,7
7,40,1,16,76,68,12,12,8.75,7
7,41,1,17,53,58,3,4,4.31,7
7,42,1,18,40,39,2,3,3.65,7
7,43,1,19,29,29,0,3,2.50,7
7,44,1,20,16,12,5,2,14.17,2
7,45,1,21,19,9,4,8,6.39,2
7,46,1,22,20,15,8,5,13.17,2
7,47,1,23,13,12,4,2,12.08,2
7,48,2,0,15,15,1,1,7.83,2
7,49,2,1,8,7,1,1,3.93,2
7,50,2,2,9,9,0,1,2.50,2
7,51,2,3,7,7,0,1,3.93,2
7,52,2,4,15,12,2,2,9.58,2
7,53,2,5,9,10,0,1,8.00,2
7,54,2,6,7,6,0,2,2.50,2
7,55,2,7,24,14,5,7,10.36,2
7,56,2,8,37,40,0,4,4.00,7
7,57,2,9,74,49,14,15,9.95,7
7,58,2,10,71,57,12,17,13.20,7
7,59,2,11,68,59,11,15,11.06,7
7,60,2,12,65,54,14,12,10.74,7
7,61,2,13,82,52,21,21,15.29,7
7,62,2,14,80,55,18,28,14.05,7
7,63,2,15,75,60,26,17,15.00,7
7,64,2,16,83,60,20,20,17.75,7
7,65,2,17,50,59,4,7,8.86,7
7,66,2,18,48,44,2,9,3.75,7
7,67,2,19,26,32,1,2,4.38,7
7,68,2,20,19,13,0,8,9.81,2
7,69,2,21,17,10,12,3,26.50,2
7,70,2,22,16,8,4,7,20.62,2
7,71,2,23,12,10,5,4,14.00,2
7,72,3,0,10,8,2,4,7.50,2
7,73,3,1,17,13,5,3,11.35,2
7,74,3,2,5,7,1,0,4.64,2
7,75,3,3,8,7,0,1,3.93,2
7,76,3,4,14,12,0,3,3.33,2
7,77,3,5,13,10,6,0,6.50,2
7,78,3,6,16,13,0,3,4.81,2
7,79,3,7,22,13,3,9,13.65,2
7,80,3,8,49,43,5,10,7.03,7
7,81,3,9,75,58,6,21,10.60,7
7,82,3,10,83,53,20,31,14.86,7
7,83,3,11,90,78,24,19,13.08,7
7,84,3,12,78,75,5,17,8.97,7
7,85,3,13,73,69,9,12,6.63,7
7,86,3,14,82,54,15,25,14.91,7
7,87,3,15,65,53,20,17,15.99,7
7,88,3,16,65,53,13,16,14.20,7
7,89,3,17,51,47,9,11,7.61,7
7,90,3,18,35,36,4,6,5.00,7
7,91,3,19,31,36,0,1,3.19,7
7,92,3,20,21,13,1,8,10.96,2
7,93,3,21,20,16,9,3,15.31,2
7,94,3,22,18,13,4,4,9.04,2
7,95,3,23,18,11,5,6,17.05,2
7,96,4,0,9,12,2,1,8.33,2
7,97,4,1,15,8,3,5,7.50,2
7,98,4,2,13,11,3,4,16.14,2
7,99,4,3,12,12,3,1,9.17,2
7,100,4,4,8,9,0,0,4.72,2
7,101,4,5,5,4,0,1,2.50,2
7,102,4,6,17,9,2,7,9.17,2
7,103,4,7,33,21,10,9,17.26,2
7,104,4,8,46,48,3,4,6.46,7
7,105,4,9,73,56,6,15,8.04,7
7,106,4,10,75,57,15,18,11.18,7
7,107,4,11,94,59,23,30,13.94,7
7,108,4,12,68,55,30,13,15.14,7
7,109,4,13,75,59,10,19,12.75,7
7,110,4,14,91,56,18,36,15.71,7
7,111,4,15,72,86,15,7,10.35,7
7,112,4,16,60,60,3,4,4.33,7
7,113,4,17,45,42,3,4,6.31,7
7,114,4,18,38,37,0,5,3.99,7
7,115,4,19,26,30,0,1,2.83,7
7,116,4,20,19,13,2,5,6.73,2
7,117,4,21,23,11,10,7,16.59,2
7,118,4,22,16,15,8,0,19.50,2
7,119,4,23,17,9,4,4,7.50,2
7,120,5,0,12,14,1,1,6.07,2
7,121,5,1,7,5,2,1,2.50,2
7,122,5,2,5,6,0,0,2.50,2
7,123,5,3,5,4,1,0,2.50,2
7,124,5,4,10,9,0,1,2.50,2
7,125,5,5,3,4,0,0,2.50,2
7,126,5,6,3,2,0,1,2.50,2
7,127,5,7,15,7,1,8,3.21,2
7,128,5,8,23,26,2,3,5.77,4
7,129,5,9,37,22,8,10,9.32,4
7,130,5,10,43,32,11,10,17.81,4
7,131,5,11,49,28,14,17,17.68,4
7,132,5,12,39,31,10,15,15.73,4
7,133,5,13,40,31,10,14,17.66,4
7,134,5,14,36,27,10,13,11.94,4
7,135,5,15,44,33,11,13,15.53,4
7,136,5,16,29,31,5,6,16.53,4
7,137,5,17,48,32,9,13,9.38,4
7,138,5,18,18,24,6,1,12.92,4
7,139,5,19,20,16,4,1,3.44,4
7,140,5,20,12,12,0,1,5.00,2
7,141,5,21,16,12,4,1,12.50,2
7,142,5,22,10,8,2,1,9.38,2
7,143,5,23,4,5,0,0,3.50,2
7,144,6,0,7,7,0,0,3.93,2
7,145,6,1,3,2,0,1,2.50,2
7,146,6,2,6,7,0,0,2.50,2
7,147,6,3,5,5,0,0,2.50,2
7,148,6,4,7,6,0,1,2.50,2
7,149,6,5,4,3,0,2,2.50,2
7,150,6,6,5,6,1,0,2.50,2
7,151,6,7,5,2,3,0,2.50,2
7,152,6,8,23,18,3,2,4.72,4
7,153,6,9,41,24,7,12,9.17,4
7,154,6,10,23,25,6,4,17.70,4
7,155,6,11,25,20,3,6,4.75,4
7,156,6,12,15,18,1,2,3.06,4
7,157,6,13,26,24,2,2,6.46,4
7,158,6,14,30,24,3,5,9.58,4
7,159,6,15,27,26,2,4,5.00,4
7,160,6,16,25,21,2,6,4.88,4
7,161,6,17,18,19,2,3,7.24,4
7,162,6,18,15,13,0,5,2.50,4
7,163,6,19,18,21,0,2,2.98,4
7,164,6,20,5,7,0,0,3.21,2
7,165,6,21,8,7,0,1,3.93,2
7,166,6,22,6,6,0,1,5.00,2
7,167,6,23,3,3,0,1,2.50,2
7,168,7,0,4,5,0,0,2.50,2
7,169,7,1,5,4,0,1,2.50,2
7,170,7,2,2,3,0,0,2.50,2
7,171,7,3,5,5,0,0,2.50,2
7,172,7,4,3,3,0,0,2.50,2
7,173,7,5,4,3,0,1,2.50,2
7,174,7,6,4,5,0,0,3.50,2
7,175,7,7,20,10,3,7,9.00,2
7,176,7,8,34,34,2,5,6.03,7
7,177,7,9,48,43,4,6,3.55,7
7,178,7,10,61,48,8,11,6.15,7
7,179,7,11,55,50,9,7,10.90,7
7,180,7,12,106,59,25,29,14.19,7
7,181,7,13,107,78,26,32,13.65,7
7,182,7,14,92,81,24,19,14.10,7
7,183,7,15,82,79,7,15,7.63,7
7,184,7,16,66,64,6,11,8.52,7
7,185,7,17,44,47,3,5,4.41,7
7,186,7,18,46,43,4,4,4.13,7
7,187,7,19,25,27,1,1,3.24,7
7,188,7,20,17,12,1,5,16.67,2
7,189,7,21,20,11,6,8,12.95,2
7,190,7,22,11,14,4,1,7.86,2
7,191,7,23,8,9,0,0,3.61,2
7,192,8,0,9,9,0,0,8.61,2
7,193,8,1,7,7,0,0,3.21,2
7,194,8,2,5,5,0,0,2.50,2
7,195,8,3,7,7,0,0,2.50,2
7,196,8,4,7,6,1,0,5.00,2
7,197,8,5,13,11,2,0,2.95,2
7,198,8,6,3,3,0,0,2.50,2
7,199,8,7,14,10,1,3,8.00,2
7,200,8,8,32,31,1,3,2.98,7
7,201,8,9,47,43,2,5,4.48,7
7,202,8,10,55,51,3,6,5.64,7
7,203,8,11,77,52,13,18,7.12,7
7,204,8,12,55,55,11,7,12.86,7
7,205,8,13,63,46,7,17,9.46,7
7,206,8,14,79,55,19,22,12.05,7
7,207,8,15,83,77,14,14,12.69,7
7,208,8,16,51,58,3,4,6.38,7
7,209,8,17,44,40,3,5,2.62,7
7,210,8,18,34,34,0,5,3.38,7
7,211,8,19,26,29,0,2,2.50,7
7,212,8,20,12,12,1,1,8.33,2
7,213,8,21,16,12,1,4,9.58,2
7,214,8,22,8,10,1,1,8.00,2
7,215,8,23,12,8,3,2,11.25,2
7,216,9,0,11,11,0,2,2.95,2
7,217,9,1,7,8,0,1,5.62,2
7,218,9,2,6,7,0,0,2.50,2
7,219,9,3,5,5,0,0,3.50,2
7,220,9,4,2,2,0,0,2.50,2
7,221,9,5,7,4,1,2,2.50,2
7,222,9,6,6,7,0,1,3.21,2
7,223,9,7,14,9,2,4,3.61,2
7,224,9,8,18,20,1,1,3.25,7
7,225,9,9,49,42,4,4,4.76,7
7,226,9,10,52,41,8,7,5.55,7
7,227,9,11,42,39,3,7,4.42,7
7,228,9,12,45,44,5,3,5.23,7
7,229,9,13,42,38,3,4,3.42,7
7,230,9,14,42,40,2,4,3.75,7
7,231,9,15,45,44,1,4,4.32,7
7,232,9,16,50,37,2,15,4.39,7
7,233,9,17,24,32,5,2,8.28,7
7,234,9,18,23,25,0,0,2.50,7
7,235,9,19,14,11,1,2,2.50,7
7,236,9,20,15,12,3,2,9.58,2
7,237,9,21,6,7,0,1,6.79,2
7,238,9,22,6,6,0,1,3.33,2
7,239,9,23,4,4,1,0,3.75,2
7,240,10,0,7,5,1,1,2.50,2
7,241,10,1,7,7,0,1,3.93,2
7,242,10,2,4,4,0,1,2.50,2
7,243,10,3,3,4,0,0,2.50,2
7,244,10,4,2,2,0,0,2.50,2
7,245,10,5,6,6,0,0,2.50,2
7,246,10,6,6,6,0,0,4.17,2
7,247,10,7,9,8,0,1,5.62,2
7,248,10,8,46,41,5,1,2.62,7
7,249,10,9,54,38,2,15,4.47,7
7,250,10,10,60,49,11,15,9.13,7
7,251,10,11,59,56,5,13,9.46,7
7,252,10,12,68,52,9,20,9.13,7
7,253,10,13,66,59,9,18,13.18,7
7,254,10,14,74,57,11,24,12.76,7
7,255,10,15,59,56,13,14,15.00,7
7,256,10,16,50,44,8,12,11.70,7
7,257,10,17,44,46,7,3,9.35,7
7,258,10,18,34,37,0,0,3.72,7
7,259,10,19,23,20,1,2,2.75,7
7,260,10,20,9,9,1,1,4.17,2
7,261,10,21,9,8,1,1,5.62,2
7,262,10,22,12,10,1,2,4.00,2
7,263,10,23,10,11,0,1,2.50,2
7,264,11,0,4,4,0,1,3.75,2
7,265,11,1,8,9,0,0,2.50,2
7,266,11,2,6,5,0,1,2.50,2
7,267,11,3,11,8,3,1,8.75,2
7,268,11,4,11,9,1,2,3.06,2
7,269,11,5,7,8,0,1,3.75,2
7,270,11,6,13,11,2,1,2.50,2
7,271,11,7,20,13,1,7,7.50,2
7,272,11,8,53,41,2,17,4.33,7
7,273,11,9,86,55,22,26,12.68,7
7,274,11,10,98,56,39,29,19.20,7
7,275,11,11,166,73,68,54,19.42,7
7,276,11,12,153,87,72,48,23.42,7
7,277,11,13,132,82,47,51,18.29,7
7,278,11,14,126,79,54,44,20.66,7
7,279,11,15,134,86,55,37,16.92,7
7,280,11,16,105,80,27,35,17.00,7
7,281,11,17,74,74,26,9,15.07,7
7,282,11,18,64,51,7,15,8.19,7
7,283,11,19,41,45,5,6,6.61,7
7,284,11,20,35,11,17,13,18.86,2
7,285,11,21,30,12,19,12,29.17,2
7,286,11,22,25,16,11,10,28.12,2
7,287,11,23,22,11,13,8,19.32,2
7,288,12,0,10,13,4,1,17.12,2
7,289,12,1,13,13,0,1,4.81,2
7,290,12,2,7,4,1,3,2.50,2
7,291,12,3,10,10,1,2,4.50,2
7,292,12,4,8,7,2,1,6.07,2
7,293,12,5,8,6,0,3,5.83,2
7,294,12,6,12,13,0,2,9.04,2
7,295,12,7,11,9,0,4,6.39,2
7,296,12,8,25,26,1,2,4.04,4
7,297,12,9,43,26,5,14,11.54,4
7,298,12,10,47,34,16,11,14.71,4
7,299,12,11,37,27,11,10,10.65,4
7,300,12,12,39,20,13,16,13.75,4
7,301,12,13,52,34,15,19,18.09,4
7,302,12,14,36,34,13,8,16.32,4
7,303,12,15,53,31,19,11,14.76,4
7,304,12,16,38,28,6,15,15.89,4
7,305,12,17,22,25,10,2,15.30,4
7,306,12,18,27,28,0,1,5.36,4
7,307,12,19,28,18,3,8,6.39,4
7,308,12,20,14,12,6,4,12.50,2
7,309,12,21,14,12,4,2,10.83,2
7,310,12,22,9,10,0,1,5.00,2
7,311,12,23,15,10,1,5,5.50,2
7,312,13,0,7,10,2,0,6.50,2
7,313,13,1,5,5,0,0,2.50,2
7,314,13,2,12,11,1,0,7.95,2
7,315,13,3,3,3,0,0,2.50,2
7,316,13,4,9,8,0,1,3.12,2
7,317,13,5,9,8,2,0,8.75,2
7,318,13,6,2,2,0,0,2.50,2
7,319,13,7,8,7,0,1,2.50,2
7,320,13,8,15,15,0,1,3.50,4
7,321,13,9,29,19,4,7,5.66,4
7,322,13,10,27,29,1,4,4.40,4
7,323,13,11,20,18,2,4,5.00,4
7,324,13,12,15,17,2,0,2.79,4
7,325,13,13,23,17,3,3,6.62,4
7,326,13,14,20,20,2,1,3.25,4
7,327,13,15,22,20,2,1,4.25,4
7,328,13,16,16,13,2,2,2.50,4
7,329,13,17,14,16,0,0,3.12,4
7,330,13,18,6,6,0,0,2.50,4
7,331,13,19,3,3,0,0,2.50,4
7,332,13,20,2,1,1,0,2.50,2
7,333,13,21,5,5,0,0,4.50,2
7,334,13,22,3,2,0,1,2.50,2
7,335,13,23,1,2,0,0,2.50,2
8,0,0,0,3,3,0,0,2.50,2
8,1,0,1,6,5,0,1,2.50,2
8,2,0,2,4,4,0,1,2.50,2
8,3,0,3,0,0,1,0,0.00,2
8,4,0,4,5,5,0,0,2.50,2
8,5,0,5,3,3,0,0,2.50,2
8,6,0,6,4,4,0,0,2.50,2
8,7,0,7,17,10,2,5,4.00,2
8,8,0,8,32,34,1,2,2.50,7
8,9,0,9,72,55,6,13,9.32,7
8,10,0,10,56,54,7,8,6.76,7
8,11,0,11,69,47,12,18,9.84,7
8,12,0,12,66,52,10,22,14.23,7
8,13,0,13,80,57,28,17,15.92,7
8,14,0,14,92,54,27,28,15.09,7
8,15,0,15,65,71,14,8,9.19,7
8,16,0,16,62,60,2,8,4.75,7
8,17,0,17,44,48,0,4,3.65,7
8,18,0,18,36,35,0,5,2.50,7
8,19,0,19,15,18,1,1,2.50,7
8,20,0,20,15,11,3,2,5.68,2
8,21,0,21,10,10,0,2,6.50,2
8,22,0,22,9,10,1,0,3.50,2
8,23,0,23,1,1,0,0,2.50,2
8,24,1,0,11,9,0,2,3.61,2
8,25,1,1,3,5,0,0,4.50,2
8,26,1,2,8,6,0,2,5.00,2
8,27,1,3,6,6,1,1,5.00,2
8,28,1,4,8,7,0,2,3.21,2
8,29,1,5,5,7,0,0,6.79,2
8,30,1,6,11,7,0,4,5.36,2
8,31,1,7,19,15,4,4,11.50,2
8,32,1,8,47,45,4,2,5.72,7
8,33,1,9,69,45,7,19,9.50,7
8,34,1,10,100,60,28,31,13.58,7
8,35,1,11,97,69,35,24,20.04,7
8,36,1,12,86,86,7,17,10.76,7
8,37,1,13,89,75,7,24,6.97,7
8,38,1,14,82,53,26,27,16.08,7
8,39,1,15,77,50,31,23,18.50,7
8,40,1,16,71,62,14,18,13.31,7
8,41,1,17,72,60,21,9,16.75,7
8,42,1,18,37,41,1,4,3.96,7
8,43,1,19,36,37,1,2,2.50,7
8,44,1,20,25,15,3,9,7.50,2
8,45,1,21,24,12,13,8,26.25,2
8,46,1,22,21,13,8,8,14.81,2
8,47,1,23,22,9,14,7,18.06,2
8,48,2,0,11,11,5,2,15.23,2
8,49,2,1,7,8,0,1,2.50,2
8,50,2,2,8,9,0,0,2.50,2
8,51,2,3,12,11,0,1,3.86,2
8,52,2,4,7,6,0,2,5.00,2
8,53,2,5,8,9,0,1,4.17,2
8,54,2,6,10,10,1,0,4.00,2
8,55,2,7,20,13,2,5,6.35,2
8,56,2,8,39,44,0,0,3.30,7
8,57,2,9,63,47,8,8,7.82,7
8,58,2,10,72,48,9,23,10.21,7
8,59,2,11,77,58,20,22,13.02,7
8,60,2,12,58,47,16,17,13.56,7
8,61,2,13,73,58,15,17,10.86,7
8,62,2,14,69,59,12,15,10.55,7
8,63,2,15,75,59,14,17,10.04,7
8,64,2,16,62,51,15,13,12.40,7
8,65,2,17,57,48,9,13,12.08,7
8,66,2,18,36,42,5,2,7.26,7
8,67,2,19,24,24,1,1,2.50,7
8,68,2,20,20,11,7,3,12.95,2
8,69,2,21,22,13,8,4,16.35,2
8,70,2,22,13,10,3,4,7.50,2
8,71,2,23,19,17,3,3,11.62,2
8,72,3,0,11,12,1,1,5.83,2
8,73,3,1,14,14,1,0,6.43,2
8,74,3,2,6,5,1,0,2.50,2
8,75,3,3,8,3,1,4,2.50,2
8,76,3,4,7,7,1,3,3.21,2
8,77,3,5,6,8,1,0,5.00,2
8,78,3,6,6,6,0,0,4.17,2
8,79,3,7,13,12,0,1,4.58,2
8,80,3,8,32,27,2,4,2.69,7
8,81,3,9,45,43,3,3,7.03,7
8,82,3,10,53,43,2,11,6.10,7
8,83,3,11,46,42,4,11,7.14,7
8,84,3,12,43,44,3,7,7.05,7
8,85,3,13,41,41,3,4,3.72,7
8,86,3,14,49,48,2,3,3.33,7
8,87,3,15,34,35,0,2,4.07,7
8,88,3,16,28,25,0,5,2.50,7
8,89,3,17,26,29,1,1,4.40,7
8,90,3,18,23,22,1,1,2.50,7
8,91,3,19,21,19,2,1,2.50,7
8,92,3,20,15,12,0,4,5.83,2
8,93,3,21,12,12,3,1,6.25,2
8,94,3,22,10,7,2,2,2.50,2
8,95,3,23,2,4,0,0,2.50,2
8,96,4,0,8,7,0,1,2.50,2
8,97,4,1,3,3,0,1,4.17,2
8,98,4,2,4,5,0,0,2.50,2
8,99,4,3,3,3,0,0,2.50,2
8,100,4,4,1,1,0,0,2.50,2
8,101,4,5,2,2,0,0,2.50,2
8,102,4,6,6,5,0,1,2.50,2
8,103,4,7,20,12,3,6,14.17,2
8,104,4,8,28,32,0,2,4.22,7
8,105,4,9,47,39,3,7,3.91,7
8,106,4,10,57,42,7,15,9.05,7
8,107,4,11,44,45,7,7,7.94,7
8,108,4,12,46,39,6,8,6.86,7
8,109,4,13,43,45,2,4,6.61,7
8,110,4,14,53,40,3,14,3.75,7
8,111,4,15,43,46,4,7,7.72,7
8,112,4,16,48,41,3,11,4.94,7
8,113,4,17,28,32,5,2,8.75,7
8,114,4,18,24,21,1,4,2.50,7
8,115,4,19,16,17,2,1,2.50,7
8,116,4,20,12,10,0,3,2.50,2
8,117,4,21,13,11,3,2,11.59,2
8,118,4,22,10,9,0,3,2.50,2
8,119,4,23,4,7,0,0,3.21,2
8,120,5,0,2,2,0,0,2.50,2
8,121,5,1,2,2,0,0,2.50,2
8,122,5,2,1,1,0,0,2.50,2
8,123,5,3,0,0,0,0,0.00,2
8,124,5,4,0,0,0,0,0.00,2
8,125,5,5,2,2,0,0,2.50,2
8,126,5,6,5,2,0,3,2.50,2
8,127,5,7,5,7,1,0,6.07,2
8,128,5,8,25,15,0,10,3.50,4
8,129,5,9,34,29,7,8,14.22,4
8,130,5,10,27,26,5,4,10.38,4
8,131,5,11,37,24,5,12,7.92,4
8,132,5,12,40,29,10,13,11.47,4
8,133,5,13,29,28,9,5,15.00,4
8,134,5,14,32,25,5,7,9.70,4
8,135,5,15,36,28,6,9,11.43,4
8,136,5,16,31,20,11,9,14.00,4
8,137,5,17,19,21,5,2,6.07,4
8,138,5,18,20,17,2,3,3.09,4
8,139,5,19,13,16,0,0,2.81,4
8,140,5,20,11,9,1,1,3.06,2
8,141,5,21,3,3,1,0,4.17,2
8,142,5,22,3,3,0,0,2.50,2
8,143,5,23,2,2,0,0,2.50,2
8,144,6,0,3,3,0,0,2.50,2
8,145,6,1,1,1,0,0,2.50,2
8,146,6,2,0,0,0,0,0.00,2
8,147,6,3,1,0,1,0,0.00,2
8,148,6,4,5,5,0,0,2.50,2
8,149,6,5,2,1,0,1,2.50,2
8,150,6,6,4,4,0,1,2.50,2
8,151,6,7,6,6,0,1,2.50,2
8,152,6,8,17,15,1,2,2.83,4
8,153,6,9,30,27,2,3,3.98,4
8,154,6,10,45,24,11,13,11.04,4
8,155,6,11,48,34,15,12,16.62,4
8,156,6,12,38,29,8,13,13.53,4
8,157,6,13,39,27,13,12,14.91,4
8,158,6,14,44,30,16,10,17.67,4
8,159,6,15,41,30,14,7,18.67,4
8,160,6,16,33,26,4,10,9.23,4
8,161,6,17,30,26,7,7,9.42,4
8,162,6,18,26,25,1,7,10.50,4
8,163,6,19,17,22,1,1,6.36,4
8,164,6,20,11,12,0,0,5.00,2
8,165,6,21,2,2,0,0,2.50,2
8,166,6,22,6,6,0,0,2.50,2
8,167,6,23,8,8,0,0,3.12,2
8,168,7,0,8,6,0,2,3.33,2
8,169,7,1,6,7,1,0,5.36,2
8,170,7,2,2,2,0,0,2.50,2
8,171,7,3,5,5,0,0,2.50,2
8,172,7,4,6,6,0,0,3.33,2
8,173,7,5,3,3,0,0,2.50,2
8,174,7,6,13,12,1,0,3.33,2
8,175,7,7,20,14,1,5,5.36,2
8,176,7,8,44,42,3,4,5.24,7
8,177,7,9,74,54,6,18,8.80,7
8,178,7,10,71,59,19,11,13.60,7
8,179,7,11,85,55,16,25,12.59,7
8,180,7,12,84,58,29,22,16.72,7
8,181,7,13,94,65,25,26,16.12,7
8,182,7,14,102,78,21,29,15.71,7
8,183,7,15,88,84,15,18,12.68,7
8,184,7,16,62,59,8,13,8.60,7
8,185,7,17,54,53,9,5,6.37,7
8,186,7,18,53,46,2,10,4.13,7
8,187,7,19,32,33,6,3,7.50,7
8,188,7,20,26,12,8,9,17.50,2
8,189,7,21,14,12,5,6,14.58,2
8,190,7,22,11,10,6,1,20.00,2
8,191,7,23,14,11,1,3,6.14,2
8,192,8,0,9,9,1,2,4.72,2
8,193,8,1,12,11,1,2,3.86,2
8,194,8,2,9,7,3,1,11.79,2
8,195,8,3,9,8,0,2,6.88,2
8,196,8,4,12,13,0,1,6.73,2
8,197,8,5,12,11,0,2,3.86,2
8,198,8,6,5,7,0,0,4.64,2
8,199,8,7,23,11,5,7,10.23,2
8,200,8,8,29,35,1,0,3.36,7
8,201,8,9,41,37,2,2,2.50,7
8,202,8,10,50,40,3,9,4.38,7
8,203,8,11,59,48,7,13,12.08,7
8,204,8,12,60,59,4,10,8.94,7
8,205,8,13,60,46,10,14,11.96,7
8,206,8,14,51,48,9,8,10.94,7
8,207,8,15,46,45,2,7,6.50,7
8,208,8,16,33,35,1,4,5.79,7
8,209,8,17,25,26,2,1,2.88,7
8,210,8,18,22,22,0,1,2.50,7
8,211,8,19,20,19,0,2,2.50,7
8,212,8,20,15,9,3,5,13.61,2
8,213,8,21,15,11,3,6,19.32,2
8,214,8,22,12,15,2,1,11.50,2
8,215,8,23,16,10,4,3,7.00,2
8,216,9,0,13,14,2,0,12.14,2
8,217,9,1,13,10,0,3,5.00,2
8,218,9,2,9,11,1,0,8.41,2
8,219,9,3,6,5,0,1,3.50,2
8,220,9,4,7,7,0,1,3.21,2
8,221,9,5,7,6,0,2,2.50,2
8,222,9,6,3,5,0,0,3.50,2
8,223,9,7,17,7,3,7,16.07,2
8,224,9,8,49,49,1,6,6.48,7
8,225,9,9,68,58,7,9,9.05,7
8,226,9,10,71,48,18,14,11.35,7
8,227,9,11,89,47,26,30,11.76,7
8,228,9,12,84,73,22,19,10.24,7
8,229,9,13,69,63,6,19,7.74,7
8,230,9,14,64,59,6,18,8.35,7
8,231,9,15,87,56,21,28,13.39,7
8,232,9,16,64,58,19,15,14.14,7
8,233,9,17,58,51,4,18,8.48,7
8,234,9,18,31,39,6,4,8.27,7
8,235,9,19,24,26,1,1,2.50,7
8,236,9,20,11,9,1,2,6.94,2
8,237,9,21,13,9,4,2,9.72,2
8,238,9,22,15,14,1,2,5.36,2
8,239,9,23,8,8,0,2,3.75,2
8,240,10,0,6,7,1,0,6.07,2
8,241,10,1,12,12,0,0,5.83,2
8,242,10,2,5,5,0,0,2.50,2
8,243,10,3,3,2,0,1,2.50,2
8,244,10,4,10,10,1,0,4.00,2
8,245,10,5,9,7,1,1,3.93,2
8,246,10,6,4,3,1,1,4.17,2
8,247,10,7,17,12,3,3,5.00,2
8,248,10,8,36,35,1,3,4.07,7
8,249,10,9,56,47,8,4,7.50,7
8,250,10,10,63,48,4,15,5.31,7
8,251,10,11,59,48,9,17,12.92,7
8,252,10,12,56,54,15,4,10.19,7
8,253,10,13,67,49,4,18,7.70,7
8,254,10,14,60,46,19,13,10.87,7
8,255,10,15,67,54,13,13,10.46,7
8,256,10,16,60,53,9,11,12.31,7
8,257,10,17,56,52,9,6,10.19,7
8,258,10,18,38,41,1,2,2.74,7
8,259,10,19,27,25,3,1,2.70,7
8,260,10,20,17,11,5,2,7.05,2
8,261,10,21,20,13,3,6,9.42,2
8,262,10,22,6,9,2,1,8.61,2
8,263,10,23,13,7,0,7,3.21,2
8,264,11,0,13,15,4,1,11.17,2
8,265,11,1,12,11,1,1,2.50,2
8,266,11,2,10,8,0,3,2.50,2
8,267,11,3,13,13,1,2,7.50,2
8,268,11,4,6,7,0,1,4.64,2
8,269,11,5,8,8,1,0,3.75,2
8,270,11,6,10,7,2,1,2.50,2
8,271,11,7,21,9,8,5,12.50,2
8,272,11,8,51,47,3,6,3.67,7
8,273,11,9,69,44,15,16,7.50,7
8,274,11,10,88,58,20,26,12.24,7
8,275,11,11,89,69,23,23,18.15,7
8,276,11,12,79,68,15,19,9.78,7
8,277,11,13,87,76,11,19,8.36,7
8,278,11,14,78,77,10,10,7.69,7
8,279,11,15,76,74,2,10,5.47,7
8,280,11,16,61,53,4,14,6.27,7
8,281,11,17,53,43,14,10,10.87,7
8,282,11,18,31,36,2,3,4.58,7
8,283,11,19,37,37,1,2,2.77,7
8,284,11,20,13,12,2,1,5.83,2
8,285,11,21,13,8,1,5,3.75,2
8,286,11,22,16,14,5,2,16.79,2
8,287,11,23,12,11,1,2,9.77,2
8,288,12,0,6,7,0,1,5.36,2
8,289,12,1,12,10,1,2,6.00,2
8,290,12,2,7,8,1,0,4.38,2
8,291,12,3,11,10,1,0,5.50,2
8,292,12,4,5,4,1,0,2.50,2
8,293,12,5,5,3,0,2,2.50,2
8,294,12,6,10,12,0,0,3.33,2
8,295,12,7,13,11,1,1,5.23,2
8,296,12,8,18,16,0,3,3.12,4
8,297,12,9,32,24,1,10,6.46,4
8,298,12,10,30,25,8,7,13.50,4
8,299,12,11,44,33,7,11,10.23,4
8,300,12,12,34,27,10,8,12.13,4
8,301,12,13,43,26,6,19,15.58,4
8,302,12,14,49,33,17,18,21.29,4
8,303,12,15,41,36,15,8,16.53,4
8,304,12,16,33,31,6,4,7.82,4
8,305,12,17,22,23,0,3,2.93,4
8,306,12,18,27,26,2,2,4.42,4
8,307,12,19,18,16,1,3,2.81,4
8,308,12,20,6,7,1,1,3.21,2
8,309,12,21,13,12,0,2,4.58,2
8,310,12,22,6,8,0,0,4.38,2
8,311,12,23,8,8,0,0,4.38,2
8,312,13,0,2,2,0,0,2.50,2
8,313,13,1,4,3,0,1,2.50,2
8,314,13,2,7,7,1,0,4.64,2
8,315,13,3,6,6,0,0,2.50,2
8,316,13,4,2,2,0,0,2.50,2
8,317,13,5,4,3,1,0,2.50,2
8,318,13,6,6,6,0,0,2.50,2
8,319,13,7,4,4,0,0,5.00,2
8,320,13,8,20,17,2,1,3.97,4
8,321,13,9,35,21,6,9,15.12,4
8,322,13,10,35,26,6,12,13.46,4
8,323,13,11,31,28,7,8,15.36,4
8,324,13,12,40,31,3,14,10.40,4
8,325,13,13,39,33,14,6,16.14,4
8,326,13,14,30,25,6,5,10.30,4
8,327,13,15,32,24,1,12,8.54,4
8,328,13,16,25,26,8,3,11.15,4
8,329,13,17,21,20,3,1,8.50,4
8,330,13,18,32,29,0,4,3.53,4
8,331,13,19,16,17,1,2,3.97,4
8,332,13,20,10,11,0,1,4.32,2
8,333,13,21,5,4,2,0,2.50,2
8,334,13,22,6,6,0,0,2.50,2
8,335,13,23,4,4,0,0,5.00,2
9,0,0,0,5,5,0,0,2.50,2
9,1,0,1,6,5,1,0,2.50,2
9,2,0,2,3,2,1,0,2.50,2
9,3,0,3,7,7,0,0,3.21,2
9,4,0,4,6,5,0,1,5.50,2
9,5,0,5,4,5,0,0,4.50,2
9,6,0,6,6,5,1,0,2.50,2
9,7,0,7,20,10,6,4,13.50,2
9,8,0,8,43,43,1,3,6.10,7
9,9,0,9,47,43,1,6,2.73,7
9,10,0,10,60,50,9,7,6.80,7
9,11,0,11,56,50,5,8,5.50,7
9,12,0,12,49,48,3,6,4.69,7
9,13,0,13,49,44,1,10,7.61,7
9,14,0,14,58,45,7,16,9.72,7
9,15,0,15,58,47,12,15,12.82,7
9,16,0,16,56,53,6,12,7.97,7
9,17,0,17,32,39,4,1,7.63,7
9,18,0,18,18,16,1,2,2.50,7
9,19,0,19,25,24,0,3,2.50,7
9,20,0,20,14,8,4,5,10.62,2
9,21,0,21,7,9,2,1,6.39,2
9,22,0,22,5,6,0,0,2.50,2
9,23,0,23,5,4,1,0,2.50,2
9,24,1,0,4,3,1,0,2.50,2
9,25,1,1,5,3,1,1,2.50,2
9,26,1,2,4,3,1,1,2.50,2
9,27,1,3,3,4,0,0,2.50,2
9,28,1,4,2,2,0,0,2.50,2
9,29,1,5,4,3,1,0,2.50,2
9,30,1,6,5,4,0,1,2.50,2
9,31,1,7,16,11,0,6,12.50,2
9,32,1,8,35,36,1,4,4.03,7
9,33,1,9,57,45,3,13,6.94,7
9,34,1,10,61,55,4,15,9.68,7
9,35,1,11,63,54,9,15,9.91,7
9,36,1,12,53,53,5,10,9.76,7
9,37,1,13,59,45,6,18,11.83,7
9,38,1,14,68,49,15,22,14.44,7
9,39,1,15,43,51,12,2,10.74,7
9,40,1,16,56,43,3,12,4.01,7
9,41,1,17,46,41,6,11,8.84,7
9,42,1,18,30,35,1,5,5.36,7
9,43,1,19,20,24,0,1,3.54,7
9,44,1,20,13,11,1,2,3.86,2
9,45,1,21,12,10,2,2,11.00,2
9,46,1,22,4,6,0,0,4.17,2
9,47,1,23,8,8,0,0,3.75,2
9,48,2,0,4,4,0,0,2.50,2
9,49,2,1,7,7,0,0,3.93,2
9,50,2,2,4,4,0,0,2.50,2
9,51,2,3,7,5,0,2,2.50,2
9,52,2,4,5,7,0,0,8.21,2
9,53,2,5,9,8,0,1,3.12,2
9,54,2,6,11,11,0,1,7.95,2
9,55,2,7,18,15,1,3,5.17,2
9,56,2,8,21,20,2,2,2.75,7
9,57,2,9,60,48,4,10,7.71,7
9,58,2,10,80,50,20,20,15.20,7
9,59,2,11,89,58,27,24,17.24,7
9,60,2,12,82,83,11,12,9.79,7
9,61,2,13,73,71,4,10,7.15,7
9,62,2,14,84,70,10,14,7.71,7
9,63,2,15,65,59,14,6,9.03,7
9,64,2,16,54,44,6,10,7.27,7
9,65,2,17,66,48,11,17,10.31,7
9,66,2,18,42,45,9,5,9.28,7
9,67,2,19,32,30,3,4,2.67,7
9,68,2,20,21,10,4,11,16.50,2
9,69,2,21,14,13,6,6,20.96,2
9,70,2,22,17,13,5,5,7.88,2
9,71,2,23,9,13,1,0,10.58,2
9,72,3,0,9,7,1,1,11.79,2
9,73,3,1,5,6,0,0,2.50,2
9,74,3,2,6,5,0,1,3.50,2
9,75,3,3,3,3,0,1,2.50,2
9,76,3,4,2,2,0,1,2.50,2
9,77,3,5,12,9,2,2,3.61,2
9,78,3,6,11,12,1,0,5.00,2
9,79,3,7,14,11,1,2,7.95,2
9,80,3,8,44,35,0,11,3.21,7
9,81,3,9,48,49,7,3,9.34,7
9,82,3,10,57,47,2,11,8.67,7
9,83,3,11,65,50,6,20,11.00,7
9,84,3,12,49,49,13,7,10.56,7
9,85,3,13,48,42,7,6,4.52,7
9,86,3,14,55,47,3,11,5.05,7
9,87,3,15,54,54,6,5,9.81,7
9,88,3,16,35,34,4,2,6.18,7
9,89,3,17,36,30,3,5,3.50,7
9,90,3,18,28,28,2,3,2.50,7
9,91,3,19,17,16,1,3,2.50,7
9,92,3,20,10,10,1,2,8.00,2
9,93,3,21,13,14,0,1,5.00,2
9,94,3,22,7,7,0,1,2.50,2
9,95,3,23,8,9,0,0,5.28,2
9,96,4,0,7,6,0,1,2.50,2
9,97,4,1,5,5,0,1,2.50,2
9,98,4,2,6,6,0,1,2.50,2
9,99,4,3,4,5,0,0,2.50,2
9,100,4,4,4,3,0,1,2.50,2
9,101,4,5,3,3,0,1,2.50,2
9,102,4,6,7,8,0,0,2.50,2
9,103,4,7,10,6,0,4,2.50,2
9,104,4,8,25,29,0,0,2.50,7
9,105,4,9,31,28,0,3,3.93,7
9,106,4,10,45,37,3,8,3.85,7
9,107,4,11,39,42,3,2,6.43,7
9,108,4,12,31,28,1,4,2.68,7
9,109,4,13,30,26,3,5,3.08,7
9,110,4,14,39,39,1,4,5.58,7
9,111,4,15,38,36,3,3,2.92,7
9,112,4,16,25,25,0,3,2.50,7
9,113,4,17,17,15,1,4,2.50,7
9,114,4,18,17,21,0,0,2.50,7
9,115,4,19,10,10,0,0,2.50,7
9,116,4,20,16,9,3,4,5.28,2
9,117,4,21,7,8,0,3,10.00,2
9,118,4,22,6,8,0,1,7.50,2
9,119,4,23,1,2,0,0,2.50,2
9,120,5,0,4,3,0,1,2.50,2
9,121,5,1,2,3,0,0,2.50,2
9,122,5,2,4,3,1,0,4.17,2
9,123,5,3,2,2,0,0,2.50,2
9,124,5,4,1,1,0,0,2.50,2
9,125,5,5,3,3,0,0,2.50,2
9,126,5,6,4,4,0,0,2.50,2
9,127,5,7,10,9,0,1,3.61,2
9,128,5,8,17,13,1,4,4.04,4
9,129,5,9,34,26,5,7,10.58,4
9,130,5,10,38,29,9,7,12.16,4
9,131,5,11,48,29,11,15,16.64,4
9,132,5,12,38,27,10,16,19.54,4
9,133,5,13,40,30,12,14,18.67,4
9,134,5,14,50,32,15,17,17.97,4
9,135,5,15,35,33,13,6,20.08,4
9,136,5,16,26,25,3,4,10.70,4
9,137,5,17,20,18,2,4,6.11,4
9,138,5,18,14,15,1,2,5.17,4
9,139,5,19,14,15,1,0,2.83,4
9,140,5,20,8,7,0,1,2.50,2
9,141,5,21,7,7,0,1,3.21,2
9,142,5,22,4,4,0,1,3.75,2
9,143,5,23,0,1,0,0,2.50,2
9,144,6,0,3,3,0,0,2.50,2
9,145,6,1,4,4,0,0,2.50,2
9,146,6,2,4,4,0,0,3.75,2
9,147,6,3,2,1,0,1,2.50,2
9,148,6,4,3,4,0,0,2.50,2
9,149,6,5,4,4,0,0,2.50,2
9,150,6,6,5,5,0,0,3.50,2
9,151,6,7,14,9,2,3,4.72,2
9,152,6,8,26,21,0,8,3.93,4
9,153,6,9,26,23,8,3,11.63,4
9,154,6,10,51,32,8,14,9.06,4
9,155,6,11,36,32,10,8,14.84,4
9,156,6,12,44,29,9,14,12.67,4
9,157,6,13,54,39,11,18,14.68,4
9,158,6,14,37,28,15,12,14.29,4
9,159,6,15,45,31,10,16,11.85,4
9,160,6,16,27,26,13,4,13.27,4
9,161,6,17,25,27,0,2,3.43,4
9,162,6,18,28,25,2,3,4.70,4
9,163,6,19,13,14,0,2,2.50,4
9,164,6,20,10,12,0,0,3.33,2
9,165,6,21,8,6,0,2,2.50,2
9,166,6,22,7,9,0,0,3.61,2
9,167,6,23,8,8,0,0,3.12,2
9,168,7,0,8,8,0,0,5.00,2
9,169,7,1,5,4,0,1,2.50,2
9,170,7,2,6,7,0,0,2.50,2
9,171,7,3,6,5,1,0,2.50,2
9,172,7,4,7,7,0,0,3.93,2
9,173,7,5,8,6,1,1,3.33,2
9,174,7,6,6,5,1,1,5.50,2
9,175,7,7,16,9,2,6,14.17,2
9,176,7,8,37,39,2,2,3.65,7
9,177,7,9,52,46,3,5,3.91,7
9,178,7,10,59,45,4,15,4.28,7
9,179,7,11,62,50,9,18,8.80,7
9,180,7,12,43,47,12,2,9.73,7
9,181,7,13,62,48,8,8,5.83,7
9,182,7,14,68,52,5,19,9.81,7
9,183,7,15,50,54,10,5,11.11,7
9,184,7,16,58,48,4,11,6.25,7
9,185,7,17,54,47,11,7,8.14,7
9,186,7,18,22,27,2,0,2.87,7
9,187,7,19,21,20,0,1,2.50,7
9,188,7,20,14,9,3,3,12.50,2
9,189,7,21,14,9,0,8,9.17,2
9,190,7,22,5,8,5,0,11.88,2
9,191,7,23,6,6,0,0,2.50,2
9,192,8,0,2,2,0,0,2.50,2
9,193,8,1,6,4,0,2,3.75,2
9,194,8,2,4,5,0,1,2.50,2
9,195,8,3,5,6,0,0,2.50,2
9,196,8,4,5,4,1,0,2.50,2
9,197,8,5,12,10,0,2,4.50,2
9,198,8,6,7,8,0,1,5.00,2
9,199,8,7,19,12,3,5,9.17,2
9,200,8,8,35,36,1,3,4.03,7
9,201,8,9,61,45,7,12,7.17,7
9,202,8,10,58,43,11,16,12.38,7
9,203,8,11,80,60,15,21,10.92,7
9,204,8,12,52,52,12,9,12.31,7
9,205,8,13,66,52,7,16,9.90,7
9,206,8,14,66,52,15,15,13.17,7
9,207,8,15,51,49,10,7,9.13,7
9,208,8,16,42,39,3,7,5.58,7
9,209,8,17,38,40,1,4,3.50,7
9,210,8,18,24,25,3,0,4.10,7
9,211,8,19,15,14,0,1,2.50,7
9,212,8,20,15,11,1,4,7.05,2
9,213,8,21,6,8,2,0,4.38,2
9,214,8,22,10,7,1,2,8.21,2
9,215,8,23,8,9,1,0,6.39,2
9,216,9,0,7,7,0,0,4.64,2
9,217,9,1,5,4,1,0,2.50,2
9,218,9,2,8,7,1,0,6.79,2
9,219,9,3,5,5,0,0,2.50,2
9,220,9,4,7,7,0,0,3.21,2
9,221,9,5,2,2,0,0,2.50,2
9,222,9,6,7,7,0,0,3.21,2
9,223,9,7,22,15,2,5,12.50,2
9,224,9,8,37,36,1,5,2.78,7
9,225,9,9,66,51,6,14,5.34,7
9,226,9,10,72,55,11,20,12.41,7
9,227,9,11,72,56,18,18,14.55,7
9,228,9,12,45,48,8,7,10.42,7
9,229,9,13,46,42,3,8,4.29,7
9,230,9,14,66,52,8,14,8.56,7
9,231,9,15,76,60,8,22,13.17,7
9,232,9,16,53,49,12,14,13.01,7
9,233,9,17,51,51,4,10,8.97,7
9,234,9,18,31,38,2,1,3.95,7
9,235,9,19,18,18,0,1,2.50,7
9,236,9,20,16,10,3,4,6.50,2
9,237,9,21,16,15,3,2,10.50,2
9,238,9,22,6,5,1,2,9.50,2
9,239,9,23,8,8,1,1,3.12,2
9,240,10,0,8,8,0,1,3.12,2
9,241,10,1,10,8,1,2,3.12,2
9,242,10,2,5,5,0,2,2.50,2
9,243,10,3,5,6,1,0,3.33,2
9,244,10,4,7,5,1,1,5.50,2
9,245,10,5,6,7,0,0,3.21,2
9,246,10,6,11,8,0,3,2.50,2
9,247,10,7,19,14,4,4,7.50,2
9,248,10,8,37,36,1,4,3.19,7
9,249,10,9,107,60,22,29,10.17,7
9,250,10,10,119,64,42,42,16.80,7
9,251,10,11,98,80,41,19,16.69,7
9,252,10,12,86,86,11,8,10.93,7
9,253,10,13,81,81,3,5,6.39,7
9,254,10,14,79,59,4,21,5.30,7
9,255,10,15,74,59,19,17,12.42,7
9,256,10,16,72,64,7,18,11.56,7
9,257,10,17,40,45,8,5,8.17,7
9,258,10,18,39,37,1,6,3.45,7
9,259,10,19,25,27,1,3,3.61,7
9,260,10,20,12,5,8,2,10.50,2
9,261,10,21,20,14,5,3,10.00,2
9,262,10,22,15,10,2,6,6.50,2
9,263,10,23,11,13,2,2,19.81,2
9,264,11,0,7,5,2,2,6.50,2
9,265,11,1,6,6,1,1,3.33,2
9,266,11,2,10,9,2,0,3.06,2
9,267,11,3,10,9,1,0,5.28,2
9,268,11,4,9,8,1,0,5.62,2
9,269,11,5,9,7,0,2,2.50,2
9,270,11,6,14,15,0,1,4.50,2
9,271,11,7,24,14,3,8,10.36,2
9,272,11,8,50,42,3,13,7.26,7
9,273,11,9,62,53,8,14,9.20,7
9,274,11,10,67,49,11,21,9.54,7
9,275,11,11,104,59,27,39,15.81,7
9,276,11,12,82,79,22,20,13.89,7
9,277,11,13,86,81,5,20,8.24,7
9,278,11,14,96,73,20,23,10.17,7
9,279,11,15,77,73,14,13,7.84,7
9,280,11,16,69,71,4,7,7.57,7
9,281,11,17,50,45,6,6,5.94,7
9,282,11,18,39,40,1,4,3.88,7
9,283,11,19,19,22,0,1,2.95,7
9,284,11,20,17,14,1,3,6.79,2
9,285,11,21,11,10,1,3,8.00,2
9,286,11,22,15,16,0,2,7.81,2
9,287,11,23,11,9,1,3,5.83,2
9,288,12,0,8,10,0,1,7.50,2
9,289,12,1,5,5,0,1,2.50,2
9,290,12,2,5,6,0,0,2.50,2
9,291,12,3,9,9,0,0,5.28,2
9,292,12,4,11,9,1,1,2.50,2
9,293,12,5,5,6,0,0,2.50,2
9,294,12,6,5,4,1,0,2.50,2
9,295,12,7,10,10,0,0,6.50,2
9,296,12,8,13,12,0,1,2.50,4
9,297,12,9,23,20,3,1,5.25,4
9,298,12,10,43,25,3,16,10.50,4
9,299,12,11,35,28,12,11,15.36,4
9,300,12,12,29,27,7,6,7.31,4
9,301,12,13,42,30,8,10,14.33,4
9,302,12,14,40,28,14,8,13.93,4
9,303,12,15,47,27,12,16,13.43,4
9,304,12,16,28,23,9,12,15.11,4
9,305,12,17,31,26,9,8,18.85,4
9,306,12,18,25,24,6,3,5.83,4
9,307,12,19,19,22,0,0,3.86,4
9,308,12,20,16,10,3,3,10.00,2
9,309,12,21,10,11,1,1,9.77,2
9,310,12,22,4,5,0,0,4.50,2
9,311,12,23,15,13,0,2,5.19,2
9,312,13,0,7,7,1,1,4.64,2
9,313,13,1,5,4,0,2,2.50,2
9,314,13,2,3,5,0,0,8.50,2
9,315,13,3,4,3,0,1,2.50,2
9,316,13,4,2,3,0,0,2.50,2
9,317,13,5,2,2,0,0,2.50,2
9,318,13,6,1,1,0,0,2.50,2
9,319,13,7,5,4,0,1,2.50,2
9,320,13,8,22,17,0,6,2.79,4
9,321,13,9,38,27,5,12,10.46,4
9,322,13,10,35,28,14,5,16.79,4
9,323,13,11,39,24,7,13,10.62,4
9,324,13,12,36,27,13,9,13.80,4
9,325,13,13,30,27,3,9,10.46,4
9,326,13,14,34,23,9,11,16.41,4
9,327,13,15,29,26,8,6,12.50,4
9,328,13,16,30,20,9,7,12.00,4
9,329,13,17,27,23,6,5,10.54,4
9,330,13,18,24,21,3,5,5.60,4
9,331,13,19,9,12,2,0,7.08,4
9,332,13,20,6,5,1,0,2.50,2
9,333,13,21,10,9,1,0,3.06,2
9,334,13,22,3,3,0,0,2.50,2
9,335,13,23,9,7,1,1,3.93,2
10,0,0,0,4,5,0,0,2.50,2
10,1,0,1,3,2,0,1,2.50,2
10,2,0,2,1,2,0,0,2.50,2
10,3,0,3,1,0,0,1,0.00,2
10,4,0,4,2,3,0,0,2.50,2
10,5,0,5,1,1,0,0,2.50,2
10,6,0,6,6,6,0,0,3.33,2
10,7,0,7,7,7,0,0,2.50,2
10,8,0,8,33,28,0,5,2.50,7
10,9,0,9,58,45,6,12,4.72,7
10,10,0,10,58,54,8,8,11.39,7
10,11,0,11,41,44,0,5,4.32,7
10,12,0,12,44,45,1,3,3.61,7
10,13,0,13,46,42,2,5,3.21,7
10,14,0,14,57,41,7,14,8.60,7
10,15,0,15,55,58,6,5,7.24,7
10,16,0,16,43,39,2,7,3.40,7
10,17,0,17,40,37,1,9,4.39,7
10,18,0,18,37,39,2,5,5.58,7
10,19,0,19,19,22,0,2,3.18,7
10,20,0,20,9,10,0,1,4.50,2
10,21,0,21,8,8,0,1,10.00,2
10,22,0,22,4,4,1,0,3.75,2
10,23,0,23,9,7,1,1,3.93,2
10,24,1,0,1,2,0,0,2.50,2
10,25,1,1,5,4,1,0,2.50,2
10,26,1,2,4,4,0,0,2.50,2
10,27,1,3,8,6,0,2,6.67,2
10,28,1,4,2,4,0,0,10.00,2
10,29,1,5,4,3,1,0,2.50,2
10,30,1,6,15,12,2,1,7.08,2
10,31,1,7,16,13,0,4,4.04,2
10,32,1,8,43,39,0,8,4.17,7
10,33,1,9,64,52,10,10,11.35,7
10,34,1,10,59,42,12,15,9.88,7
10,35,1,11,83,57,18,23,13.73,7
10,36,1,12,66,57,17,15,13.55,7
10,37,1,13,86,62,19,20,12.58,7
10,38,1,14,93,54,24,35,16.57,7
10,39,1,15,90,85,26,14,12.74,7
10,40,1,16,70,70,4,10,6.64,7
10,41,1,17,47,46,4,7,7.39,7
10,42,1,18,29,31,2,3,5.24,7
10,43,1,19,28,31,0,0,2.50,7
10,44,1,20,20,11,0,9,10.68,2
10,45,1,21,11,8,8,4,23.12,2
10,46,1,22,13,12,2,3,7.92,2
10,47,1,23,14,10,0,7,9.00,2
10,48,2,0,7,9,3,2,11.94,2
10,49,2,1,9,8,1,2,3.12,2
10,50,2,2,5,7,0,0,4.64,2
10,51,2,3,6,5,1,0,2.50,2
10,52,2,4,11,10,0,1,3.50,2
10,53,2,5,12,10,2,1,4.00,2
10,54,2,6,7,6,2,0,2.50,2
10,55,2,7,17,9,2,6,8.06,2
10,56,2,8,39,42,0,3,3.69,7
10,57,2,9,44,40,2,5,3.88,7
10,58,2,10,55,46,1,13,2.93,7
10,59,2,11,55,42,14,12,11.67,7
10,60,2,12,52,44,7,13,12.27,7
10,61,2,13,48,48,3,10,9.17,7
10,62,2,14,49,48,5,6,11.15,7
10,63,2,15,55,44,11,6,11.82,7
10,64,2,16,46,40,3,9,4.62,7
10,65,2,17,49,40,13,5,11.75,7
10,66,2,18,30,29,0,6,3.36,7
10,67,2,19,19,25,0,0,2.50,7
10,68,2,20,14,11,0,3,7.05,2
10,69,2,21,17,13,3,4,10.96,2
10,70,2,22,12,12,2,2,7.50,2
10,71,2,23,13,11,2,2,3.41,2
10,72,3,0,14,11,4,1,10.68,2
10,73,3,1,5,5,1,0,3.50,2
10,74,3,2,5,5,0,0,2.50,2
10,75,3,3,9,8,1,0,10.62,2
10,76,3,4,5,5,0,0,2.50,2
10,77,3,5,3,2,0,1,2.50,2
10,78,3,6,10,9,1,1,3.06,2
10,79,3,7,17,12,3,3,5.42,2
10,80,3,8,41,38,3,3,2.89,7
10,81,3,9,51,36,3,15,4.44,7
10,82,3,10,47,47,4,11,7.07,7
10,83,3,11,46,45,9,3,10.06,7
10,84,3,12,34,29,2,6,2.84,7
10,85,3,13,41,39,0,8,3.53,7
10,86,3,14,50,45,8,5,8.17,7
10,87,3,15,48,47,1,5,5.48,7
10,88,3,16,42,40,4,3,3.62,7
10,89,3,17,29,29,0,3,2.67,7
10,90,3,18,26,27,1,1,2.69,7
10,91,3,19,17,16,0,2,4.38,7
10,92,3,20,7,5,3,1,4.50,2
10,93,3,21,7,7,0,1,5.36,2
10,94,3,22,9,10,0,0,6.00,2
10,95,3,23,3,3,0,0,2.50,2
10,96,4,0,4,2,0,2,2.50,2
10,97,4,1,5,5,0,2,2.50,2
10,98,4,2,5,5,0,2,3.50,2
10,99,4,3,4,6,0,0,5.00,2
10,100,4,4,4,4,0,0,3.75,2
10,101,4,5,2,1,0,1,2.50,2
10,102,4,6,6,7,0,0,2.50,2
10,103,4,7,19,13,1,5,3.65,2
10,104,4,8,29,29,1,4,3.02,7
10,105,4,9,53,44,5,8,6.82,7
10,106,4,10,66,50,8,16,11.90,7
10,107,4,11,59,54,8,13,11.02,7
10,108,4,12,56,47,6,16,11.86,7
10,109,4,13,60,46,19,11,10.22,7
10,110,4,14,63,52,10,12,11.54,7
10,111,4,15,57,51,8,10,12.21,7
10,112,4,16,44,47,4,3,4.95,7
10,113,4,17,32,29,1,5,3.19,7
10,114,4,18,21,26,0,0,2.69,7
10,115,4,19,28,27,0,1,2.50,7
10,116,4,20,14,10,2,3,7.00,2
10,117,4,21,8,7,2,2,7.50,2
10,118,4,22,8,9,0,1,9.17,2
10,119,4,23,8,9,0,0,5.28,2
10,120,5,0,7,6,0,1,2.50,2
10,121,5,1,2,3,0,0,2.50,2
10,122,5,2,3,3,0,0,2.50,2
10,123,5,3,8,7,0,1,3.21,2
10,124,5,4,4,5,0,0,5.50,2
10,125,5,5,3,3,0,0,2.50,2
10,126,5,6,9,8,0,1,3.12,2
10,127,5,7,19,14,3,3,6.07,2
10,128,5,8,26,19,3,7,7.24,4
10,129,5,9,36,19,15,9,17.50,4
10,130,5,10,39,31,7,10,16.05,4
10,131,5,11,45,29,11,15,14.05,4
10,132,5,12,32,29,14,4,14.91,4
10,133,5,13,42,27,9,10,11.76,4
10,134,5,14,38,27,8,13,14.72,4
10,135,5,15,41,27,15,12,17.50,4
10,136,5,16,26,25,6,7,9.70,4
10,137,5,17,23,25,3,2,8.10,4
10,138,5,18,22,21,1,2,2.98,4
10,139,5,19,16,13,2,3,2.88,4
10,140,5,20,13,12,1,3,5.00,2
10,141,5,21,9,12,0,0,3.75,2
10,142,5,22,12,9,1,2,5.83,2
10,143,5,23,2,4,0,0,2.50,2
10,144,6,0,1,1,0,0,2.50,2
10,145,6,1,3,2,1,0,2.50,2
10,146,6,2,5,5,0,0,2.50,2
10,147,6,3,1,1,0,0,2.50,2
10,148,6,4,1,0,0,1,0.00,2
10,149,6,5,0,1,0,0,2.50,2
10,150,6,6,5,3,0,2,2.50,2
10,151,6,7,7,9,0,0,2.50,2
10,152,6,8,23,20,0,3,2.50,4
10,153,6,9,29,24,3,5,7.50,4
10,154,6,10,24,22,0,7,8.86,4
10,155,6,11,16,18,3,2,9.17,4
10,156,6,12,34,24,3,9,5.00,4
10,157,6,13,29,24,9,5,16.25,4
10,158,6,14,31,21,6,9,7.50,4
10,159,6,15,27,22,7,7,14.77,4
10,160,6,16,24,21,2,8,10.12,4
10,161,6,17,16,22,1,1,9.32,4
10,162,6,18,15,14,0,2,2.50,4
10,163,6,19,11,11,2,0,2.50,4
10,164,6,20,6,5,0,1,2.50,2
10,165,6,21,4,5,0,0,2.50,2
10,166,6,22,7,7,0,0,3.21,2
10,167,6,23,4,4,0,0,2.50,2
10,168,7,0,4,4,0,0,2.50,2
10,169,7,1,4,4,0,0,2.50,2
10,170,7,2,1,1,0,0,2.50,2
10,171,7,3,4,4,0,0,2.50,2
10,172,7,4,3,3,0,0,2.50,2
10,173,7,5,5,5,0,0,2.50,2
10,174,7,6,4,4,0,0,2.50,2
10,175,7,7,10,8,0,2,9.38,2
10,176,7,8,23,20,0,5,2.50,7
10,177,7,9,35,36,1,3,3.89,7
10,178,7,10,48,39,3,9,3.53,7
10,179,7,11,36,39,1,5,3.78,7
10,180,7,12,30,32,2,1,2.50,7
10,181,7,13,40,36,2,3,2.78,7
10,182,7,14,42,34,1,10,5.15,7
10,183,7,15,43,43,3,7,11.10,7
10,184,7,16,34,33,6,2,5.23,7
10,185,7,17,33,31,0,4,3.95,7
10,186,7,18,14,16,1,1,2.50,7
10,187,7,19,11,10,1,1,2.50,7
10,188,7,20,3,4,0,0,2.50,2
10,189,7,21,2,2,0,0,2.50,2
10,190,7,22,3,3,0,0,2.50,2
10,191,7,23,1,1,0,0,2.50,2
10,192,8,0,4,2,0,2,2.50,2
10,193,8,1,2,3,0,1,4.17,2
10,194,8,2,2,3,0,0,2.50,2
10,195,8,3,3,3,0,0,2.50,2
10,196,8,4,3,2,1,0,2.50,2
10,197,8,5,6,6,0,0,2.50,2
10,198,8,6,7,5,1,1,2.50,2
10,199,8,7,27,12,7,9,15.83,2
10,200,8,8,52,50,5,6,5.70,7
10,201,8,9,69,53,8,14,8.73,7
10,202,8,10,78,56,12,24,13.39,7
10,203,8,11,77,66,25,10,16.52,7
10,204,8,12,72,66,5,11,4.32,7
10,205,8,13,70,65,9,7,4.50,7
10,206,8,14,81,75,7,6,7.10,7
10,207,8,15,59,52,3,10,8.56,7
10,208,8,16,51,41,7,13,10.43,7
10,209,8,17,50,47,6,10,10.59,7
10,210,8,18,27,34,2,1,8.09,7
10,211,8,19,18,16,1,2,2.50,7
10,212,8,20,15,11,4,2,9.77,2
10,213,8,21,8,9,1,0,7.50,2
10,214,8,22,6,6,0,0,2.50,2
10,215,8,23,7,6,1,0,2.50,2
10,216,9,0,8,8,0,0,6.88,2
10,217,9,1,8,6,0,2,2.50,2
10,218,9,2,4,5,1,0,7.50,2
10,219,9,3,5,4,0,1,3.75,2
10,220,9,4,5,6,0,0,4.17,2
10,221,9,5,6,6,0,0,3.33,2
10,222,9,6,10,8,1,1,3.75,2
10,223,9,7,15,11,4,1,8.86,2
10,224,9,8,36,33,0,4,2.95,7
10,225,9,9,62,51,4,11,5.25,7
10,226,9,10,72,50,18,15,15.40,7
10,227,9,11,74,58,13,18,10.69,7
10,228,9,12,67,58,13,14,13.79,7
10,229,9,13,72,56,13,17,10.71,7
10,230,9,14,71,53,17,18,14.67,7
10,231,9,15,61,60,10,9,10.25,7
10,232,9,16,46,41,5,9,5.43,7
10,233,9,17,50,45,4,10,8.83,7
10,234,9,18,40,35,5,10,9.07,7
10,235,9,19,28,32,1,5,4.53,7
10,236,9,20,13,10,5,3,11.00,2
10,237,9,21,22,12,9,4,18.75,2
10,238,9,22,10,9,3,2,6.94,2
10,239,9,23,11,9,2,2,4.72,2
10,240,10,0,8,7,1,2,15.36,2
10,241,10,1,7,8,0,1,3.12,2
10,242,10,2,11,11,0,1,5.23,2
10,243,10,3,4,5,0,0,4.50,2
10,244,10,4,6,5,0,1,2.50,2
10,245,10,5,7,6,2,0,6.67,2
10,246,10,6,8,7,0,1,3.21,2
10,247,10,7,11,8,2,2,2.50,2
10,248,10,8,25,23,0,4,2.50,7
10,249,10,9,39,39,0,4,2.63,7
10,250,10,10,61,48,6,11,6.67,7
10,251,10,11,50,43,10,8,13.55,7
10,252,10,12,40,42,3,3,4.76,7
10,253,10,13,47,44,2,4,6.70,7
10,254,10,14,47,42,2,7,4.17,7
10,255,10,15,58,45,3,17,5.61,7
10,256,10,16,48,45,6,14,7.17,7
10,257,10,17,27,34,3,4,8.82,7
10,258,10,18,22,22,2,2,2.73,7
10,259,10,19,19,18,1,2,2.50,7
10,260,10,20,14,11,2,3,7.05,2
10,261,10,21,14,11,4,2,14.32,2
10,262,10,22,14,13,0,3,4.81,2
10,263,10,23,13,10,5,1,11.50,2
10,264,11,0,13,8,2,4,4.38,2
10,265,11,1,7,7,3,1,6.07,2
10,266,11,2,5,6,0,0,2.50,2
10,267,11,3,8,8,0,0,3.75,2
10,268,11,4,5,5,0,0,2.50,2
10,269,11,5,8,7,0,1,3.21,2
10,270,11,6,11,8,2,2,15.62,2
10,271,11,7,16,11,4,3,16.14,2
10,272,11,8,41,37,1,6,2.91,7
10,273,11,9,74,49,10,21,11.07,7
10,274,11,10,85,53,28,25,15.61,7
10,275,11,11,90,61,30,24,19.63,7
10,276,11,12,88,85,13,14,10.03,7
10,277,11,13,81,74,12,9,6.49,7
10,278,11,14,95,79,12,13,9.91,7
10,279,11,15,82,75,3,17,7.57,7
10,280,11,16,63,59,4,17,6.40,7
10,281,11,17,54,51,4,16,8.58,7
10,282,11,18,32,42,3,3,5.36,7
10,283,11,19,24,24,0,3,2.50,7
10,284,11,20,23,11,8,7,19.32,2
10,285,11,21,21,13,6,9,14.81,2
10,286,11,22,8,11,5,1,21.59,2
10,287,11,23,12,12,0,1,4.17,2
10,288,12,0,7,7,0,1,3.93,2
10,289,12,1,0,1,0,0,2.50,2
10,290,12,2,8,6,0,2,2.50,2
10,291,12,3,8,7,2,1,3.93,2
10,292,12,4,6,5,2,0,2.50,2
10,293,12,5,12,8,0,4,3.12,2
10,294,12,6,5,8,0,1,5.00,2
10,295,12,7,27,10,3,15,10.00,2
10,296,12,8,23,27,8,3,11.57,4
10,297,12,9,51,25,12,17,11.90,4
10,298,12,10,57,29,25,20,23.02,4
10,299,12,11,40,30,18,12,22.50,4
10,300,12,12,43,30,16,9,18.50,4
10,301,12,13,47,30,12,14,14.50,4
10,302,12,14,36,20,16,14,20.50,4
10,303,12,15,29,31,9,3,13.79,4
10,304,12,16,37,28,3,9,9.82,4
10,305,12,17,26,24,7,4,9.58,4
10,306,12,18,19,21,2,0,6.55,4
10,307,12,19,19,17,1,1,3.38,4
10,308,12,20,14,12,1,2,5.83,2
10,309,12,21,13,12,2,1,8.33,2
10,310,12,22,15,15,0,1,3.83,2
10,311,12,23,10,6,2,3,14.17,2
10,312,13,0,11,13,1,0,7.12,2
10,313,13,1,4,4,0,0,2.50,2
10,314,13,2,6,4,1,1,2.50,2
10,315,13,3,7,7,0,1,2.50,2
10,316,13,4,5,6,0,0,5.00,2
10,317,13,5,5,4,0,1,2.50,2
10,318,13,6,4,4,1,0,2.50,2
10,319,13,7,13,6,2,5,9.17,2
10,320,13,8,26,27,2,2,7.69,4
10,321,13,9,41,24,10,9,15.00,4
10,322,13,10,42,29,11,11,12.33,4
10,323,13,11,32,22,12,9,20.00,4
10,324,13,12,21,24,2,4,7.71,4
10,325,13,13,50,28,7,19,12.50,4
10,326,13,14,46,28,25,12,18.57,4
10,327,13,15,38,27,9,14,18.24,4
10,328,13,16,32,27,8,11,17.69,4
10,329,13,17,26,22,7,8,15.68,4
10,330,13,18,15,18,4,1,12.50,4
10,331,13,19,18,17,0,2,3.38,4
10,332,13,20,7,8,1,0,4.38,2
10,333,13,21,8,6,0,2,2.50,2
10,334,13,22,1,2,1,0,5.00,2
10,335,13,23,3,3,0,0,2.50,2
11,0,0,0,8,7,0,1,3.93,2
11,1,0,1,9,8,1,1,3.75,2
11,2,0,2,8,9,0,0,3.06,2
11,3,0,3,5,5,0,0,2.50,2
11,4,0,4,6,6,0,0,3.33,2
11,5,0,5,7,6,1,0,2.50,2
11,6,0,6,11,11,0,0,3.86,2
11,7,0,7,30,13,4,13,13.27,2
11,8,0,8,58,51,6,14,9.75,7
11,9,0,9,143,65,41,51,16.12,7
11,10,0,10,145,76,65,55,19.21,7
11,11,0,11,149,76,76,52,23.68,7
11,12,0,12,137,81,60,48,20.28,7
11,13,0,13,123,75,45,51,18.97,7
11,14,0,14,122,86,46,41,19.01,7
11,15,0,15,117,85,34,39,16.97,7
11,16,0,16,94,77,33,23,19.45,7
11,17,0,17,78,74,10,17,8.04,7
11,18,0,18,52,51,9,9,8.09,7
11,19,0,19,32,34,6,1,7.94,7
11,20,0,20,33,15,8,11,20.17,2
11,21,0,21,15,14,7,5,16.07,2
11,22,0,22,15,12,7,1,19.17,2
11,23,0,23,12,10,2,1,7.50,2
11,24,1,0,5,5,0,1,3.50,2
11,25,1,1,13,11,2,1,2.95,2
11,26,1,2,16,15,1,1,3.50,2
11,27,1,3,9,8,0,2,8.75,2
11,28,1,4,12,12,0,2,5.42,2
11,29,1,5,12,12,1,1,4.17,2
11,30,1,6,17,15,0,3,3.17,2
11,31,1,7,22,12,5,8,15.00,2
11,32,1,8,37,39,1,5,5.06,7
11,33,1,9,46,44,3,4,5.34,7
11,34,1,10,56,49,2,9,5.26,7
11,35,1,11,69,51,12,15,7.89,7
11,36,1,12,49,51,9,4,11.23,7
11,37,1,13,59,41,6,16,10.91,7
11,38,1,14,86,58,14,30,12.24,7
11,39,1,15,59,58,19,12,14.66,7
11,40,1,16,49,48,7,6,6.67,7
11,41,1,17,49,41,4,10,6.04,7
11,42,1,18,35,41,3,1,7.62,7
11,43,1,19,33,30,1,3,2.50,7
11,44,1,20,25,14,1,13,7.14,2
11,45,1,21,20,11,12,10,32.05,2
11,46,1,22,16,6,15,5,37.50,2
11,47,1,23,17,15,3,4,19.17,2
11,48,2,0,14,12,2,4,9.17,2
11,49,2,1,15,14,2,3,10.36,2
11,50,2,2,8,6,3,2,20.00,2
11,51,2,3,14,13,0,3,4.04,2
11,52,2,4,11,11,0,3,6.59,2
11,53,2,5,5,7,1,0,9.64,2
11,54,2,6,13,13,0,0,6.73,2
11,55,2,7,13,9,0,4,3.61,2
11,56,2,8,37,39,1,1,3.40,7
11,57,2,9,52,40,2,11,4.25,7
11,58,2,10,59,50,9,11,10.40,7
11,59,2,11,56,51,7,9,10.44,7
11,60,2,12,54,52,3,8,8.46,7
11,61,2,13,58,53,9,4,8.07,7
11,62,2,14,61,52,2,11,3.65,7
11,63,2,15,67,55,15,8,11.41,7
11,64,2,16,54,48,10,4,8.02,7
11,65,2,17,49,45,2,6,3.17,7
11,66,2,18,35,36,2,3,3.75,7
11,67,2,19,28,25,2,4,2.90,7
11,68,2,20,21,12,7,6,21.25,2
11,69,2,21,10,12,2,2,10.83,2
11,70,2,22,9,9,0,2,4.17,2
11,71,2,23,13,11,2,2,3.86,2
11,72,3,0,10,9,2,1,3.61,2
11,73,3,1,8,9,0,0,4.17,2
11,74,3,2,6,5,1,0,3.50,2
11,75,3,3,5,4,0,1,2.50,2
11,76,3,4,7,7,0,1,3.21,2
11,77,3,5,3,4,0,0,2.50,2
11,78,3,6,5,5,0,0,3.50,2
11,79,3,7,8,8,0,0,2.50,2
11,80,3,8,29,24,0,5,2.50,7
11,81,3,9,45,43,2,5,4.94,7
11,82,3,10,42,42,1,4,2.74,7
11,83,3,11,48,41,2,9,8.11,7
11,84,3,12,30,32,2,5,5.94,7
11,85,3,13,42,38,4,5,3.68,7
11,86,3,14,36,38,2,1,6.45,7
11,87,3,15,57,43,4,11,6.80,7
11,88,3,16,35,42,3,1,6.19,7
11,89,3,17,22,20,1,2,2.50,7
11,90,3,18,24,23,0,3,2.50,7
11,91,3,19,16,18,0,1,2.50,7
11,92,3,20,10,7,3,1,7.50,2
11,93,3,21,8,9,0,0,2.50,2
11,94,3,22,4,3,0,1,2.50,2
11,95,3,23,3,3,0,1,2.50,2
11,96,4,0,3,4,0,0,2.50,2
11,97,4,1,6,6,0,0,2.50,2
11,98,4,2,2,2,0,0,2.50,2
11,99,4,3,1,0,0,1,0.00,2
11,100,4,4,5,6,0,0,2.50,2
11,101,4,5,5,5,0,0,2.50,2
11,102,4,6,15,9,0,6,3.61,2
11,103,4,7,17,14,5,4,20.00,2
11,104,4,8,39,41,1,1,2.99,7
11,105,4,9,73,55,7,12,7.95,7
11,106,4,10,60,49,9,14,11.48,7
11,107,4,11,62,56,10,10,8.04,7
11,108,4,12,48,50,4,4,8.00,7
11,109,4,13,68,51,6,15,6.13,7
11,110,4,14,57,47,13,12,11.65,7
11,111,4,15,44,47,4,5,7.18,7
11,112,4,16,47,47,3,2,3.14,7
11,113,4,17,34,31,0,5,2.50,7
11,114,4,18,29,30,2,2,5.50,7
11,115,4,19,21,22,0,1,2.50,7
11,116,4,20,18,13,3,3,7.88,2
11,117,4,21,12,11,4,0,9.32,2
11,118,4,22,9,9,0,0,4.72,2
11,119,4,23,4,4,0,0,2.50,2
11,120,5,0,4,4,0,0,2.50,2
11,121,5,1,2,2,0,0,2.50,2
11,122,5,2,3,3,0,0,2.50,2
11,123,5,3,3,3,0,0,2.50,2
11,124,5,4,2,2,0,0,2.50,2
11,125,5,5,2,2,0,0,2.50,2
11,126,5,6,4,3,1,0,2.50,2
11,127,5,7,10,6,0,4,7.50,2
11,128,5,8,18,19,2,1,5.39,4
11,129,5,9,28,18,4,7,6.11,4
11,130,5,10,37,32,5,7,8.59,4
11,131,5,11,47,23,15,16,15.98,4
11,132,5,12,37,29,15,9,14.91,4
11,133,5,13,30,28,3,8,7.86,4
11,134,5,14,36,28,7,9,12.68,4
11,135,5,15,18,20,2,5,13.75,4
11,136,5,16,26,26,3,2,4.42,4
11,137,5,17,17,17,0,2,5.15,4
11,138,5,18,21,18,1,4,7.50,4
11,139,5,19,8,9,3,0,4.72,4
11,140,5,20,10,7,0,3,3.93,2
11,141,5,21,5,8,0,0,4.38,2
11,142,5,22,1,1,0,0,2.50,2
11,143,5,23,3,2,1,0,2.50,2
11,144,6,0,8,7,0,1,2.50,2
11,145,6,1,4,4,0,1,2.50,2
11,146,6,2,3,4,0,0,2.50,2
11,147,6,3,2,1,0,1,2.50,2
11,148,6,4,2,2,0,1,2.50,2
11,149,6,5,4,3,0,2,2.50,2
11,150,6,6,5,7,0,0,5.36,2
11,151,6,7,19,12,3,4,6.25,2
11,152,6,8,25,24,3,2,3.12,4
11,153,6,9,35,27,3,7,7.13,4
11,154,6,10,43,29,10,11,12.84,4
11,155,6,11,41,25,14,13,18.50,4
11,156,6,12,32,27,14,4,17.50,4
11,157,6,13,46,32,9,9,12.66,4
11,158,6,14,50,33,15,11,16.44,4
11,159,6,15,43,30,11,13,16.00,4
11,160,6,16,29,30,9,3,10.83,4
11,161,6,17,21,19,3,2,4.08,4
11,162,6,18,22,22,0,2,4.32,4
11,163,6,19,21,19,0,4,6.71,4
11,164,6,20,14,9,6,3,20.28,2
11,165,6,21,10,10,2,1,5.50,2
11,166,6,22,5,6,0,0,4.17,2
11,167,6,23,8,6,0,2,3.33,2
11,168,7,0,9,8,2,1,4.38,2
11,169,7,1,5,6,0,0,2.50,2
11,170,7,2,3,3,0,0,2.50,2
11,171,7,3,3,3,0,0,2.50,2
11,172,7,4,3,3,0,0,2.50,2
11,173,7,5,3,3,0,0,2.50,2
11,174,7,6,6,5,0,1,3.50,2
11,175,7,7,11,11,0,1,6.59,2
11,176,7,8,42,36,3,4,6.67,7
11,177,7,9,56,47,7,6,7.71,7
11,178,7,10,51,41,7,9,7.74,7
11,179,7,11,46,45,5,5,5.28,7
11,180,7,12,36,36,1,4,4.31,7
11,181,7,13,41,39,1,5,3.65,7
11,182,7,14,48,45,1,7,3.17,7
11,183,7,15,42,41,3,5,4.70,7
11,184,7,16,27,30,0,2,2.50,7
11,185,7,17,23,23,0,2,2.50,7
11,186,7,18,21,21,1,1,2.50,7
11,187,7,19,18,13,0,6,2.50,7
11,188,7,20,7,12,1,0,6.25,2
11,189,7,21,11,10,1,0,7.50,2
11,190,7,22,6,6,0,0,2.50,2
11,191,7,23,8,6,0,2,3.33,2
11,192,8,0,4,6,0,0,5.00,2
11,193,8,1,2,2,0,0,2.50,2
11,194,8,2,3,2,0,1,2.50,2
11,195,8,3,5,5,0,1,2.50,2
11,196,8,4,2,2,1,0,2.50,2
11,197,8,5,1,1,0,0,2.50,2
11,198,8,6,3,3,0,0,2.50,2
11,199,8,7,13,12,0,1,8.75,2
11,200,8,8,34,27,3,5,2.50,7
11,201,8,9,64,50,7,12,7.70,7
11,202,8,10,67,51,11,17,11.03,7
11,203,8,11,60,56,8,13,11.52,7
11,204,8,12,50,47,7,9,10.80,7
11,205,8,13,48,45,2,10,3.94,7
11,206,8,14,60,47,12,11,9.84,7
11,207,8,15,54,45,12,8,9.72,7
11,208,8,16,46,40,8,6,7.38,7
11,209,8,17,44,43,1,6,6.34,7
11,210,8,18,38,37,4,3,3.99,7
11,211,8,19,24,26,1,0,2.50,7
11,212,8,20,20,12,2,6,11.67,2
11,213,8,21,15,12,1,8,11.67,2
11,214,8,22,7,11,3,1,17.50,2
11,215,8,23,3,4,0,0,2.50,2
11,216,9,0,4,4,0,0,2.50,2
11,217,9,1,3,3,0,0,2.50,2
11,218,9,2,2,2,0,0,2.50,2
11,219,9,3,6,3,0,3,2.50,2
11,220,9,4,5,6,1,1,5.83,2
11,221,9,5,10,11,0,0,4.77,2
11,222,9,6,12,10,1,1,3.00,2
11,223,9,7,18,17,1,1,8.68,2
11,224,9,8,37,29,3,6,3.88,7
11,225,9,9,49,49,3,3,3.62,7
11,226,9,10,48,46,2,3,3.59,7
11,227,9,11,60,41,6,16,6.16,7
11,228,9,12,34,36,9,5,8.61,7
11,229,9,13,56,48,4,9,3.96,7
11,230,9,14,52,51,4,6,6.72,7
11,231,9,15,42,42,4,2,6.19,7
11,232,9,16,30,26,2,4,2.69,7
11,233,9,17,31,29,5,1,4.05,7
11,234,9,18,26,25,2,0,2.50,7
11,235,9,19,24,21,0,3,2.50,7
11,236,9,20,16,8,7,4,23.12,2
11,237,9,21,11,11,3,1,17.05,2
11,238,9,22,3,4,0,0,2.50,2
11,239,9,23,9,8,1,0,2.50,2
11,240,10,0,6,6,0,0,6.67,2
11,241,10,1,6,6,0,0,4.17,2
11,242,10,2,7,6,0,1,3.33,2
11,243,10,3,7,5,0,3,2.50,2
11,244,10,4,2,5,0,0,3.50,2
11,245,10,5,7,5,1,1,3.50,2
11,246,10,6,7,6,1,1,5.83,2
11,247,10,7,17,11,3,4,10.23,2
11,248,10,8,40,39,0,5,3.91,7
11,249,10,9,66,50,6,15,6.50,7
11,250,10,10,70,59,11,15,8.43,7
11,251,10,11,81,58,16,22,12.41,7
11,252,10,12,62,54,14,16,13.43,7
11,253,10,13,66,50,10,22,11.20,7
11,254,10,14,72,54,19,21,16.20,7
11,255,10,15,75,49,25,22,14.34,7
11,256,10,16,58,54,16,10,13.33,7
11,257,10,17,63,51,10,12,12.70,7
11,258,10,18,39,42,4,5,7.14,7
11,259,10,19,22,24,2,1,2.50,7
11,260,10,20,9,6,0,4,5.83,2
11,261,10,21,11,8,3,4,7.50,2
11,262,10,22,4,7,1,0,11.79,2
11,263,10,23,7,6,0,1,2.50,2
11,264,11,0,4,5,0,0,4.50,2
11,265,11,1,6,5,0,1,2.50,2
11,266,11,2,4,3,0,2,2.50,2
11,267,11,3,8,10,0,0,3.00,2
11,268,11,4,8,7,0,1,2.50,2
11,269,11,5,7,7,0,1,3.93,2
11,270,11,6,13,10,1,3,9.00,2
11,271,11,7,14,12,2,3,8.33,2
11,272,11,8,40,42,1,0,3.81,7
11,273,11,9,55,41,1,13,3.11,7
11,274,11,10,57,56,6,8,9.46,7
11,275,11,11,66,55,9,10,9.77,7
11,276,11,12,47,45,5,7,9.17,7
11,277,11,13,62,54,4,11,6.76,7
11,278,11,14,68,55,13,11,11.32,7
11,279,11,15,69,58,8,14,8.97,7
11,280,11,16,56,47,9,14,12.18,7
11,281,11,17,36,39,10,1,8.14,7
11,282,11,18,31,25,1,6,2.50,7
11,283,11,19,22,26,1,1,2.88,7
11,284,11,20,16,9,3,5,11.39,2
11,285,11,21,12,8,5,4,20.62,2
11,286,11,22,12,11,2,3,10.23,2
11,287,11,23,10,9,3,1,14.72,2
11,288,12,0,8,9,0,0,2.50,2
11,289,12,1,9,6,2,1,2.50,2
11,290,12,2,13,11,1,2,2.50,2
11,291,12,3,4,5,0,1,4.50,2
11,292,12,4,7,8,0,0,3.12,2
11,293,12,5,5,5,0,0,3.50,2
11,294,12,6,4,4,0,0,2.50,2
11,295,12,7,7,6,1,0,2.50,2
11,296,12,8,25,23,0,2,3.15,4
11,297,12,9,39,30,0,11,10.00,4
11,298,12,10,50,29,15,17,13.53,4
11,299,12,11,38,30,19,6,14.67,4
11,300,12,12,31,24,6,7,10.00,4
11,301,12,13,33,28,3,9,6.25,4
11,302,12,14,44,28,11,14,14.29,4
11,303,12,15,39,25,16,12,18.50,4
11,304,12,16,40,22,17,13,20.00,4
11,305,12,17,26,22,11,6,17.05,4
11,306,12,18,26,24,5,3,6.25,4
11,307,12,19,35,21,7,10,11.07,4
11,308,12,20,12,11,5,6,29.77,2
11,309,12,21,9,13,2,0,12.50,2
11,310,12,22,10,9,0,1,3.61,2
11,311,12,23,5,6,0,0,8.33,2
11,312,13,0,7,3,1,3,2.50,2
11,313,13,1,2,5,0,0,3.50,2
11,314,13,2,7,6,0,1,2.50,2
11,315,13,3,4,5,0,0,2.50,2
11,316,13,4,4,3,1,0,2.50,2
11,317,13,5,3,2,0,1,2.50,2
11,318,13,6,5,4,1,1,2.50,2
11,319,13,7,9,8,2,0,3.12,2
11,320,13,8,22,15,2,5,5.17,4
11,321,13,9,31,24,4,8,8.96,4
11,322,13,10,42,25,18,7,15.30,4
11,323,13,11,41,23,11,14,13.59,4
11,324,13,12,37,30,11,10,21.33,4
11,325,13,13,34,16,18,10,24.69,4
11,326,13,14,51,28,13,20,13.21,4
11,327,13,15,44,30,18,16,27.17,4
11,328,13,16,24,25,11,4,15.30,4
11,329,13,17,21,22,2,1,6.59,4
11,330,13,18,25,23,2,1,4.24,4
11,331,13,19,13,13,0,1,2.88,4
11,332,13,20,11,10,1,1,6.50,2
11,333,13,21,9,9,0,1,3.61,2
11,334,13,22,4,5,0,0,2.50,2
11,335,13,23,5,5,0,0,2.50,2
12,0,0,0,3,3,0,0,2.50,2
12,1,0,1,6,4,1,1,2.50,2
12,2,0,2,3,4,0,0,2.50,2
12,3,0,3,7,6,0,1,3.33,2
12,4,0,4,4,4,0,1,3.75,2
12,5,0,5,4,5,0,0,2.50,2
12,6,0,6,8,5,0,3,2.50,2
12,7,0,7,12,9,2,4,8.06,2
12,8,0,8,45,43,0,6,3.78,7
12,9,0,9,65,54,2,15,6.48,7
12,10,0,10,90,55,18,32,12.32,7
12,11,0,11,60,64,24,4,12.89,7
12,12,0,12,74,64,3,11,5.47,7
12,13,0,13,82,73,9,11,7.98,7
12,14,0,14,81,73,9,10,7.02,7
12,15,0,15,69,62,5,12,4.84,7
12,16,0,16,55,44,7,16,8.18,7
12,17,0,17,45,45,6,10,7.83,7
12,18,0,18,30,39,1,0,5.83,7
12,19,0,19,21,20,0,1,2.50,7
12,20,0,20,15,11,1,4,13.86,2
12,21,0,21,13,13,2,2,12.12,2
12,22,0,22,5,5,0,2,10.50,2
12,23,0,23,5,6,1,0,2.50,2
12,24,1,0,6,5,0,1,2.50,2
12,25,1,1,8,7,1,1,3.93,2
12,26,1,2,5,5,0,1,2.50,2
12,27,1,3,9,8,1,1,2.50,2
12,28,1,4,7,8,0,0,3.12,2
12,29,1,5,6,4,2,0,2.50,2
12,30,1,6,10,9,0,1,4.17,2
12,31,1,7,17,14,1,3,5.71,2
12,32,1,8,36,36,1,2,4.44,7
12,33,1,9,52,42,1,11,5.48,7
12,34,1,10,59,47,10,13,14.41,7
12,35,1,11,50,48,8,7,8.12,7
12,36,1,12,44,40,3,8,7.00,7
12,37,1,13,48,48,1,7,5.42,7
12,38,1,14,53,45,6,9,7.72,7
12,39,1,15,35,34,3,7,5.00,7
12,40,1,16,42,45,3,1,7.06,7
12,41,1,17,26,25,0,2,2.50,7
12,42,1,18,27,26,1,2,2.50,7
12,43,1,19,20,20,0,2,2.50,7
12,44,1,20,20,12,1,9,10.83,2
12,45,1,21,11,10,10,0,21.50,2
12,46,1,22,10,9,1,0,3.06,2
12,47,1,23,8,7,1,0,3.21,2
12,48,2,0,14,12,1,1,2.50,2
12,49,2,1,6,7,0,0,2.50,2
12,50,2,2,6,5,0,1,2.50,2
12,51,2,3,5,6,0,0,5.00,2
12,52,2,4,2,2,0,0,2.50,2
12,53,2,5,8,6,1,1,2.50,2
12,54,2,6,8,9,0,0,4.72,2
12,55,2,7,23,15,1,7,8.17,2
12,56,2,8,37,37,3,4,3.85,7
12,57,2,9,58,43,4,15,7.62,7
12,58,2,10,69,58,9,17,11.55,7
12,59,2,11,60,51,11,15,11.13,7
12,60,2,12,50,46,7,12,13.48,7
12,61,2,13,57,51,7,11,10.34,7
12,62,2,14,71,47,12,23,11.86,7
12,63,2,15,61,49,22,13,15.26,7
12,64,2,16,55,49,7,12,11.28,7
12,65,2,17,59,48,9,14,13.02,7
12,66,2,18,28,39,1,2,8.27,7
12,67,2,19,20,20,0,2,2.50,7
12,68,2,20,11,11,0,2,5.23,2
12,69,2,21,7,8,1,0,8.12,2
12,70,2,22,11,10,0,1,3.00,2
12,71,2,23,9,10,0,0,5.50,2
12,72,3,0,2,1,0,1,2.50,2
12,73,3,1,4,4,0,1,2.50,2
12,74,3,2,8,6,0,3,2.50,2
12,75,3,3,4,7,0,0,8.21,2
12,76,3,4,1,1,0,0,2.50,2
12,77,3,5,7,5,0,2,3.50,2
12,78,3,6,8,9,1,0,5.28,2
12,79,3,7,14,11,0,3,4.32,2
12,80,3,8,37,34,1,5,5.29,7
12,81,3,9,35,32,2,6,2.66,7
12,82,3,10,62,49,6,13,5.87,7
12,83,3,11,53,56,3,7,9.46,7
12,84,3,12,42,43,2,4,3.31,7
12,85,3,13,58,46,8,8,5.43,7
12,86,3,14,53,46,10,5,7.17,7
12,87,3,15,40,37,1,7,2.77,7
12,88,3,16,34,33,1,7,5.53,7
12,89,3,17,32,36,1,2,3.19,7
12,90,3,18,23,24,1,0,2.50,7
12,91,3,19,15,15,0,0,2.50,7
12,92,3,20,16,11,0,5,3.41,2
12,93,3,21,9,9,2,3,15.83,2
12,94,3,22,7,10,0,0,6.50,2
12,95,3,23,9,8,0,1,5.62,2
12,96,4,0,6,6,1,0,3.33,2
12,97,4,1,5,5,0,0,2.50,2
12,98,4,2,6,5,0,1,2.50,2
12,99,4,3,7,7,0,1,2.50,2
12,100,4,4,6,7,0,0,3.93,2
12,101,4,5,5,4,0,1,2.50,2
12,102,4,6,9,9,0,1,5.28,2
12,103,4,7,25,12,2,12,7.50,2
12,104,4,8,47,40,8,11,10.50,7
12,105,4,9,70,59,8,14,10.81,7
12,106,4,10,82,54,14,28,13.06,7
12,107,4,11,78,58,24,24,19.22,7
12,108,4,12,71,74,13,8,9.59,7
12,109,4,13,85,75,6,12,6.30,7
12,110,4,14,82,60,10,24,7.42,7
12,111,4,15,82,59,31,16,15.55,7
12,112,4,16,72,69,6,13,7.72,7
12,113,4,17,58,63,3,5,4.33,7
12,114,4,18,42,41,2,4,5.43,7
12,115,4,19,39,40,2,1,4.00,7
12,116,4,20,19,10,5,5,11.00,2
12,117,4,21,15,12,4,4,9.17,2
12,118,4,22,9,12,0,1,4.58,2
12,119,4,23,14,9,4,2,8.06,2
12,120,5,0,8,6,0,4,2.50,2
12,121,5,1,8,9,3,0,13.06,2
12,122,5,2,3,2,0,1,2.50,2
12,123,5,3,5,4,0,2,2.50,2
12,124,5,4,9,8,0,3,6.88,2
12,125,5,5,8,9,1,1,5.28,2
12,126,5,6,4,5,0,0,2.50,2
12,127,5,7,12,9,2,1,4.72,2
12,128,5,8,15,13,0,3,2.88,4
12,129,5,9,21,20,3,1,4.25,4
12,130,5,10,29,18,6,6,7.22,4
12,131,5,11,27,27,2,4,7.87,4
12,132,5,12,25,26,0,3,3.65,4
12,133,5,13,33,24,7,5,8.96,4
12,134,5,14,30,22,5,8,5.45,4
12,135,5,15,32,29,7,4,6.81,4
12,136,5,16,33,25,3,9,7.70,4
12,137,5,17,19,25,0,3,6.90,4
12,138,5,18,17,17,0,3,6.32,4
12,139,5,19,8,9,0,2,3.61,4
12,140,5,20,7,8,1,0,3.12,2
12,141,5,21,8,7,0,1,2.50,2
12,142,5,22,6,7,0,0,4.64,2
12,143,5,23,3,2,0,1,2.50,2
12,144,6,0,3,4,0,0,2.50,2
12,145,6,1,4,3,0,1,2.50,2
12,146,6,2,4,5,0,0,2.50,2
12,147,6,3,1,1,0,0,2.50,2
12,148,6,4,1,1,0,0,2.50,2
12,149,6,5,5,5,0,0,2.50,2
12,150,6,6,4,4,0,0,2.50,2
12,151,6,7,9,9,0,0,4.17,2
12,152,6,8,15,11,0,4,2.50,4
12,153,6,9,25,23,1,5,6.41,4
12,154,6,10,26,25,3,3,5.70,4
12,155,6,11,36,22,8,9,10.68,4
12,156,6,12,39,28,11,9,11.96,4
12,157,6,13,26,28,5,2,11.96,4
12,158,6,14,39,26,3,12,5.19,4
12,159,6,15,29,27,7,7,12.13,4
12,160,6,16,22,24,5,0,7.29,4
12,161,6,17,19,17,1,1,3.38,4
12,162,6,18,15,16,0,0,2.50,4
12,163,6,19,14,11,0,3,2.50,4
12,164,6,20,10,12,0,1,8.75,2
12,165,6,21,4,4,1,0,6.25,2
12,166,6,22,4,4,0,0,3.75,2
12,167,6,23,2,2,0,0,2.50,2
12,168,7,0,7,5,0,2,2.50,2
12,169,7,1,2,4,0,0,3.75,2
12,170,7,2,3,3,0,0,2.50,2
12,171,7,3,4,4,0,0,2.50,2
12,172,7,4,3,3,0,0,2.50,2
12,173,7,5,6,6,0,0,2.50,2
12,174,7,6,3,3,0,0,2.50,2
12,175,7,7,9,7,0,2,3.93,2
12,176,7,8,40,35,3,4,3.21,7
12,177,7,9,48,47,1,4,4.20,7
12,178,7,10,47,40,1,10,4.38,7
12,179,7,11,80,46,18,26,13.70,7
12,180,7,12,50,54,15,7,13.24,7
12,181,7,13,50,41,6,10,9.33,7
12,182,7,14,57,49,7,11,6.07,7
12,183,7,15,54,51,9,5,10.15,7
12,184,7,16,68,42,9,22,10.71,7
12,185,7,17,37,44,12,3,11.02,7
12,186,7,18,35,35,1,2,3.79,7
12,187,7,19,24,25,1,0,2.50,7
12,188,7,20,10,6,1,3,7.50,2
12,189,7,21,9,11,1,0,7.50,2
12,190,7,22,6,5,1,0,6.50,2
12,191,7,23,6,5,0,1,2.50,2
12,192,8,0,3,4,0,0,2.50,2
12,193,8,1,8,7,0,1,2.50,2
12,194,8,2,4,4,0,1,2.50,2
12,195,8,3,3,4,0,0,2.50,2
12,196,8,4,9,7,0,2,4.64,2
12,197,8,5,5,7,0,0,6.79,2
12,198,8,6,7,6,1,0,2.50,2
12,199,8,7,19,9,3,7,8.61,2
12,200,8,8,44,44,4,3,5.00,7
12,201,8,9,67,47,5,18,5.59,7
12,202,8,10,70,57,14,17,12.06,7
12,203,8,11,65,59,11,12,11.99,7
12,204,8,12,58,52,4,14,11.15,7
12,205,8,13,55,44,11,14,14.43,7
12,206,8,14,54,50,8,10,10.60,7
12,207,8,15,51,49,1,11,6.07,7
12,208,8,16,40,45,2,4,7.06,7
12,209,8,17,32,29,3,4,2.84,7
12,210,8,18,25,24,1,4,2.92,7
12,211,8,19,20,21,1,2,2.50,7
12,212,8,20,15,11,4,2,14.32,2
12,213,8,21,8,7,2,1,6.79,2
12,214,8,22,11,9,0,3,5.28,2
12,215,8,23,11,12,1,1,5.00,2
12,216,9,0,8,7,1,1,3.93,2
12,217,9,1,8,7,0,2,6.07,2
12,218,9,2,7,9,0,0,3.06,2
12,219,9,3,8,7,0,1,3.21,2
12,220,9,4,7,8,0,0,3.75,2
12,221,9,5,8,7,0,1,2.50,2
12,222,9,6,7,6,1,1,2.50,2
12,223,9,7,18,11,1,7,4.32,2
12,224,9,8,42,41,1,7,4.70,7
12,225,9,9,68,51,8,16,7.70,7
12,226,9,10,74,56,16,18,15.45,7
12,227,9,11,73,59,17,15,12.08,7
12,228,9,12,80,61,17,17,11.93,7
12,229,9,13,82,55,21,23,13.68,7
12,230,9,14,73,48,27,21,17.71,7
12,231,9,15,65,52,18,16,12.88,7
12,232,9,16,63,52,11,16,11.92,7
12,233,9,17,37,39,6,8,7.37,7
12,234,9,18,38,35,2,9,3.93,7
12,235,9,19,29,35,1,2,4.50,7
12,236,9,20,13,13,1,1,3.65,2
12,237,9,21,12,8,2,3,5.00,2
12,238,9,22,12,14,1,0,5.36,2
12,239,9,23,9,8,0,1,3.12,2
12,240,10,0,8,8,0,1,2.50,2
12,241,10,1,4,5,0,0,4.50,2
12,242,10,2,3,3,0,0,2.50,2
12,243,10,3,4,4,0,0,2.50,2
12,244,10,4,5,4,0,1,2.50,2
12,245,10,5,8,7,0,2,3.21,2
12,246,10,6,13,10,3,2,8.50,2
12,247,10,7,22,12,6,6,11.25,2
12,248,10,8,47,42,4,7,4.05,7
12,249,10,9,69,50,6,20,10.50,7
12,250,10,10,67,59,7,21,13.35,7
12,251,10,11,71,56,25,11,14.73,7
12,252,10,12,54,50,5,10,8.70,7
12,253,10,13,77,57,9,21,10.31,7
12,254,10,14,75,64,19,13,16.33,7
12,255,10,15,63,64,7,5,5.62,7
12,256,10,16,61,54,3,9,3.06,7
12,257,10,17,49,51,4,3,4.66,7
12,258,10,18,29,27,3,2,2.69,7
12,259,10,19,26,25,1,2,2.90,7
12,260,10,20,20,14,1,7,9.64,2
12,261,10,21,22,11,12,6,17.95,2
12,262,10,22,18,13,5,6,12.88,2
12,263,10,23,13,15,2,2,10.50,2
12,264,11,0,11,10,2,1,5.00,2
12,265,11,1,8,9,0,0,3.61,2
12,266,11,2,10,9,0,1,4.17,2
12,267,11,3,10,10,1,0,4.50,2
12,268,11,4,5,5,0,0,4.50,2
12,269,11,5,10,6,1,3,5.83,2
12,270,11,6,7,10,0,0,5.50,2
12,271,11,7,19,12,6,1,6.67,2
12,272,11,8,22,22,0,1,2.73,7
12,273,11,9,46,40,3,4,7.38,7
12,274,11,10,48,32,4,16,6.72,7
12,275,11,11,45,52,4,5,6.83,7
12,276,11,12,50,41,2,12,5.79,7
12,277,11,13,49,53,7,1,9.58,7
12,278,11,14,55,45,3,8,2.94,7
12,279,11,15,39,33,3,11,10.23,7
12,280,11,16,46,45,2,10,5.50,7
12,281,11,17,34,34,8,2,10.00,7
12,282,11,18,12,14,0,0,3.21,7
12,283,11,19,17,15,0,2,2.50,7
12,284,11,20,12,10,3,1,4.00,2
12,285,11,21,10,11,0,0,6.14,2
12,286,11,22,4,3,0,1,2.50,2
12,287,11,23,4,5,0,0,2.50,2
12,288,12,0,3,1,2,0,2.50,2
12,289,12,1,2,1,1,0,2.50,2
12,290,12,2,4,1,1,2,2.50,2
12,291,12,3,3,4,1,0,5.00,2
12,292,12,4,1,1,0,0,2.50,2
12,293,12,5,6,6,0,0,2.50,2
12,294,12,6,7,6,0,1,2.50,2
12,295,12,7,12,12,0,1,4.58,2
12,296,12,8,25,21,1,4,3.21,4
12,297,12,9,38,29,2,11,8.71,4
12,298,12,10,46,23,22,12,17.93,4
12,299,12,11,52,30,13,21,19.50,4
12,300,12,12,25,33,9,4,13.56,4
12,301,12,13,46,19,13,18,16.97,4
12,302,12,14,58,38,20,18,19.08,4
12,303,12,15,39,30,17,10,16.50,4
12,304,12,16,34,26,7,11,10.00,4
12,305,12,17,34,28,9,8,15.54,4
12,306,12,18,21,23,4,2,9.46,4
12,307,12,19,13,11,1,3,2.50,4
12,308,12,20,11,12,0,2,6.25,2
12,309,12,21,6,5,1,2,7.50,2
12,310,12,22,3,5,0,0,3.50,2
12,311,12,23,3,3,0,0,2.50,2
12,312,13,0,1,1,0,0,2.50,2
12,313,13,1,4,2,1,1,2.50,2
12,314,13,2,1,2,0,0,2.50,2
12,315,13,3,2,2,0,0,2.50,2
12,316,13,4,4,3,0,1,2.50,2
12,317,13,5,5,5,0,1,2.50,2
12,318,13,6,6,6,0,1,2.50,2
12,319,13,7,14,11,2,2,7.95,2
12,320,13,8,33,27,4,4,4.91,4
12,321,13,9,46,28,8,14,12.50,4
12,322,13,10,48,27,20,15,23.06,4
12,323,13,11,48,30,15,18,16.83,4
12,324,13,12,35,27,15,11,17.31,4
12,325,13,13,40,29,7,15,18.71,4
12,326,13,14,39,30,11,13,18.67,4
12,327,13,15,38,26,17,8,12.31,4
12,328,13,16,42,25,14,11,11.90,4
12,329,13,17,29,27,10,3,13.98,4
12,330,13,18,13,15,1,0,4.83,4
12,331,13,19,15,15,0,0,2.50,4
12,332,13,20,12,8,1,3,5.62,2
12,333,13,21,5,6,1,1,7.50,2
12,334,13,22,11,11,1,0,4.32,2
12,335,13,23,3,3,0,0,2.50,2
13,0,0,0,6,7,0,0,2.50,2
13,1,0,1,5,5,0,0,2.50,2
13,2,0,2,4,3,0,1,2.50,2
13,3,0,3,4,5,0,0,2.50,2
13,4,0,4,4,4,0,0,2.50,2
13,5,0,5,4,4,0,0,2.50,2
13,6,0,6,5,5,0,0,2.50,2
13,7,0,7,14,10,0,4,3.50,2
13,8,0,8,36,32,4,4,2.97,7
13,9,0,9,76,50,11,19,11.30,7
13,10,0,10,71,56,14,20,11.88,7
13,11,0,11,82,56,20,26,12.95,7
13,12,0,12,55,52,18,11,14.04,7
13,13,0,13,57,47,8,13,10.37,7
13,14,0,14,70,59,10,14,10.30,7
13,15,0,15,55,49,11,9,11.07,7
13,16,0,16,61,52,5,13,9.62,7
13,17,0,17,48,51,7,3,6.42,7
13,18,0,18,26,24,2,3,2.50,7
13,19,0,19,23,24,0,2,3.12,7
13,20,0,20,19,13,5,3,9.04,2
13,21,0,21,11,11,3,0,4.77,2
13,22,0,22,7,4,0,3,2.50,2
13,23,0,23,6,8,1,0,4.38,2
13,24,1,0,10,9,0,1,3.06,2
13,25,1,1,7,8,0,0,5.00,2
13,26,1,2,9,9,0,0,2.50,2
13,27,1,3,8,8,0,0,2.50,2
13,28,1,4,9,8,0,1,6.88,2
13,29,1,5,12,11,0,2,8.41,2
13,30,1,6,11,9,0,4,3.06,2
13,31,1,7,23,12,7,8,15.00,2
13,32,1,8,56,48,7,9,7.71,7
13,33,1,9,70,58,8,13,9.22,7
13,34,1,10,73,57,8,21,10.31,7
13,35,1,11,98,63,20,36,12.98,7
13,36,1,12,81,71,32,14,14.47,7
13,37,1,13,86,80,7,13,8.06,7
13,38,1,14,81,75,9,10,5.63,7
13,39,1,15,76,77,3,6,6.40,7
13,40,1,16,57,50,3,10,4.60,7
13,41,1,17,50,43,4,13,7.50,7
13,42,1,18,42,44,4,7,6.36,7
13,43,1,19,27,29,1,4,4.40,7
13,44,1,20,20,16,3,5,5.31,2
13,45,1,21,13,13,3,2,8.27,2
13,46,1,22,18,12,1,7,9.17,2
13,47,1,23,18,14,8,3,20.71,2
13,48,2,0,14,13,3,1,13.65,2
13,49,2,1,9,9,1,0,5.28,2
13,50,2,2,12,7,2,3,3.93,2
13,51,2,3,7,10,0,0,7.00,2
13,52,2,4,5,4,0,1,3.75,2
13,53,2,5,11,10,1,1,7.50,2
13,54,2,6,6,7,0,0,5.36,2
13,55,2,7,17,10,1,6,5.50,2
13,56,2,8,40,37,3,6,3.99,7
13,57,2,9,55,42,8,11,9.52,7
13,58,2,10,63,56,10,8,7.41,7
13,59,2,11,53,46,7,8,8.70,7
13,60,2,12,52,46,7,7,6.85,7
13,61,2,13,69,56,13,7,11.61,7
13,62,2,14,49,47,2,7,3.99,7
13,63,2,15,47,46,3,5,4.02,7
13,64,2,16,43,40,2,6,2.75,7
13,65,2,17,20,25,0,1,2.90,7
13,66,2,18,27,24,2,2,2.71,7
13,67,2,19,18,20,0,0,2.50,7
13,68,2,20,17,9,4,4,11.39,2
13,69,2,21,11,12,2,1,6.67,2
13,70,2,22,7,6,0,2,4.17,2
13,71,2,23,1,3,0,0,2.50,2
13,72,3,0,5,4,0,1,2.50,2
13,73,3,1,9,7,2,1,6.79,2
13,74,3,2,7,8,0,0,3.12,2
13,75,3,3,7,6,0,1,2.50,2
13,76,3,4,8,9,0,0,5.28,2
13,77,3,5,8,7,0,1,2.50,2
13,78,3,6,4,4,0,1,2.50,2
13,79,3,7,25,12,6,8,13.75,2
13,80,3,8,45,48,2,3,6.56,7
13,81,3,9,60,46,6,11,6.63,7
13,82,3,10,96,55,20,32,13.50,7
13,83,3,11,87,72,26,21,16.53,7
13,84,3,12,62,72,5,6,5.35,7
13,85,3,13,77,68,3,12,5.00,7
13,86,3,14,79,58,19,14,10.34,7
13,87,3,15,58,52,10,10,8.56,7
13,88,3,16,61,52,4,15,6.35,7
13,89,3,17,46,47,7,7,10.37,7
13,90,3,18,30,34,1,2,3.68,7
13,91,3,19,23,18,0,7,2.50,7
13,92,3,20,21,9,8,11,23.06,2
13,93,3,21,10,11,7,3,29.77,2
13,94,3,22,13,12,1,3,4.58,2
13,95,3,23,7,9,0,1,5.28,2
13,96,4,0,5,6,0,0,2.50,2
13,97,4,1,8,5,0,3,2.50,2
13,98,4,2,7,9,1,0,8.06,2
13,99,4,3,6,5,1,0,3.50,2
13,100,4,4,5,4,1,0,3.75,2
13,101,4,5,8,5,0,3,3.50,2
13,102,4,6,9,11,0,1,4.77,2
13,103,4,7,24,14,4,7,8.93,2
13,104,4,8,43,42,4,4,3.81,7
13,105,4,9,62,49,3,14,5.87,7
13,106,4,10,74,56,7,25,14.11,7
13,107,4,11,73,55,20,23,17.32,7
13,108,4,12,65,54,19,15,15.28,7
13,109,4,13,75,56,13,21,12.95,7
13,110,4,14,57,53,11,14,12.69,7
13,111,4,15,128,63,34,45,13.93,7
13,112,4,16,106,82,43,26,15.12,7
13,113,4,17,82,85,6,17,10.79,7
13,114,4,18,59,63,7,6,7.58,7
13,115,4,19,40,35,3,8,4.21,7
13,116,4,20,32,16,12,12,19.38,2
13,117,4,21,21,12,14,7,25.42,2
13,118,4,22,16,16,4,3,10.94,2
13,119,4,23,18,16,2,3,6.88,2
13,120,5,0,13,11,4,1,9.77,2
13,121,5,1,3,4,0,0,2.50,2
13,122,5,2,7,6,0,1,2.50,2
13,123,5,3,4,5,0,0,2.50,2
13,124,5,4,3,3,0,0,2.50,2
13,125,5,5,12,11,1,0,6.59,2
13,126,5,6,12,10,1,1,6.00,2
13,127,5,7,16,9,1,7,9.72,2
13,128,5,8,22,25,3,1,8.10,4
13,129,5,9,33,26,2,6,4.04,4
13,130,5,10,38,30,6,8,14.17,4
13,131,5,11,29,27,6,4,9.72,4
13,132,5,12,30,28,2,4,4.46,4
13,133,5,13,29,26,3,4,4.23,4
13,134,5,14,40,25,7,12,12.10,4
13,135,5,15,34,22,16,8,19.32,4
13,136,5,16,38,24,11,11,11.25,4
13,137,5,17,35,26,12,8,15.58,4
13,138,5,18,18,21,3,2,5.83,4
13,139,5,19,24,16,4,6,11.88,4
13,140,5,20,19,12,6,7,19.58,2
13,141,5,21,21,17,5,6,13.09,2
13,142,5,22,11,12,2,3,11.25,2
13,143,5,23,12,9,1,5,5.83,2
13,144,6,0,4,8,1,0,11.25,2
13,145,6,1,7,6,0,1,2.50,2
13,146,6,2,5,5,0,1,6.50,2
13,147,6,3,7,6,1,1,5.00,2
13,148,6,4,4,4,0,1,2.50,2
13,149,6,5,2,1,1,1,2.50,2
13,150,6,6,4,4,1,0,2.50,2
13,151,6,7,7,4,2,1,2.50,2
13,152,6,8,20,20,1,0,2.50,4
13,153,6,9,18,16,0,2,3.12,4
13,154,6,10,28,21,4,5,4.88,4
13,155,6,11,28,24,3,6,3.96,4
13,156,6,12,31,24,9,4,13.75,4
13,157,6,13,31,24,3,8,6.88,4
13,158,6,14,29,21,9,7,14.17,4
13,159,6,15,24,19,7,5,15.92,4
13,160,6,16,30,27,2,6,4.35,4
13,161,6,17,19,21,1,3,5.36,4
13,162,6,18,15,16,0,2,3.12,4
13,163,6,19,12,12,1,1,2.50,4
13,164,6,20,12,11,1,1,4.77,2
13,165,6,21,8,7,1,1,3.21,2
13,166,6,22,7,7,1,0,3.21,2
13,167,6,23,1,1,0,0,2.50,2
13,168,7,0,4,4,0,0,2.50,2
13,169,7,1,4,2,0,2,2.50,2
13,170,7,2,3,5,0,0,2.50,2
13,171,7,3,4,4,0,0,2.50,2
13,172,7,4,3,3,0,0,2.50,2
13,173,7,5,5,5,0,0,3.50,2
13,174,7,6,10,7,0,3,9.64,2
13,175,7,7,11,9,5,0,10.83,2
13,176,7,8,45,39,3,3,4.29,7
13,177,7,9,62,46,5,14,7.83,7
13,178,7,10,45,50,2,7,7.30,7
13,179,7,11,56,51,3,9,8.28,7
13,180,7,12,41,42,2,6,5.60,7
13,181,7,13,66,49,9,14,6.58,7
13,182,7,14,59,55,8,10,7.59,7
13,183,7,15,41,45,3,3,5.06,7
13,184,7,16,47,37,7,6,8.58,7
13,185,7,17,38,40,1,3,4.38,7
13,186,7,18,27,26,1,3,2.50,7
13,187,7,19,29,27,3,2,2.50,7
13,188,7,20,10,12,0,0,6.25,2
13,189,7,21,4,3,0,1,2.50,2
13,190,7,22,3,4,0,0,2.50,2
13,191,7,23,7,5,0,2,2.50,2
13,192,8,0,1,3,0,0,2.50,2
13,193,8,1,2,2,0,0,2.50,2
13,194,8,2,5,5,0,0,2.50,2
13,195,8,3,7,6,0,1,3.33,2
13,196,8,4,3,4,0,0,2.50,2
13,197,8,5,8,7,0,1,3.21,2
13,198,8,6,5,6,0,0,2.50,2
13,199,8,7,23,10,5,8,9.00,2
13,200,8,8,41,36,5,8,4.03,7
13,201,8,9,52,48,7,5,5.83,7
13,202,8,10,60,44,5,16,7.61,7
13,203,8,11,65,57,14,10,11.01,7
13,204,8,12,56,49,5,12,9.13,7
13,205,8,13,55,47,7,13,9.84,7
13,206,8,14,79,48,12,32,15.00,7
13,207,8,15,58,67,17,6,12.05,7
13,208,8,16,62,57,3,8,4.43,7
13,209,8,17,46,42,7,5,6.31,7
13,210,8,18,39,39,2,3,4.17,7
13,211,8,19,23,24,1,1,2.50,7
13,212,8,20,10,9,0,2,3.61,2
13,213,8,21,12,8,3,3,6.25,2
13,214,8,22,6,8,1,0,6.88,2
13,215,8,23,6,6,0,0,2.50,2
13,216,9,0,10,8,0,2,2.50,2
13,217,9,1,4,4,1,1,2.50,2
13,218,9,2,5,4,0,2,3.75,2
13,219,9,3,9,9,0,2,6.39,2
13,220,9,4,6,7,1,0,2.50,2
13,221,9,5,10,8,1,1,4.38,2
13,222,9,6,19,13,1,6,5.96,2
13,223,9,7,20,13,5,8,14.42,2
13,224,9,8,45,38,9,6,8.16,7
13,225,9,9,49,46,2,7,4.02,7
13,226,9,10,85,59,12,21,9.19,7
13,227,9,11,79,57,18,25,13.55,7
13,228,9,12,71,58,19,19,12.24,7
13,229,9,13,76,59,22,14,13.26,7
13,230,9,14,79,49,14,30,11.68,7
13,231,9,15,77,65,26,16,15.12,7
13,232,9,16,76,73,10,9,8.80,7
13,233,9,17,56,56,2,7,4.55,7
13,234,9,18,44,39,6,6,7.88,7
13,235,9,19,30,31,0,5,4.92,7
13,236,9,20,18,8,5,10,16.25,2
13,237,9,21,7,10,7,0,12.50,2
13,238,9,22,10,8,0,2,4.38,2
13,239,9,23,13,11,0,4,4.77,2
13,240,10,0,6,7,3,0,11.79,2
13,241,10,1,9,7,0,2,2.50,2
13,242,10,2,10,10,1,1,6.00,2
13,243,10,3,13,10,1,3,4.50,2
13,244,10,4,4,6,0,1,5.00,2
13,245,10,5,5,6,0,0,4.17,2
13,246,10,6,8,7,0,1,2.50,2
13,247,10,7,15,14,1,1,3.93,2
13,248,10,8,27,25,0,3,2.50,7
13,249,10,9,45,39,3,6,6.47,7
13,250,10,10,36,40,1,1,4.25,7
13,251,10,11,34,27,2,6,2.87,7
13,252,10,12,37,38,1,4,2.50,7
13,253,10,13,45,36,2,11,5.28,7
13,254,10,14,42,41,3,9,5.43,7
13,255,10,15,46,41,6,8,4.94,7
13,256,10,16,48,39,8,9,9.42,7
13,257,10,17,33,39,1,2,4.17,7
13,258,10,18,28,26,2,2,4.04,7
13,259,10,19,23,22,0,3,2.50,7
13,260,10,20,15,14,2,2,10.36,2
13,261,10,21,12,12,0,2,3.75,2
13,262,10,22,10,12,0,0,6.67,2
13,263,10,23,7,6,1,0,3.33,2
13,264,11,0,9,7,1,1,2.50,2
13,265,11,1,9,8,0,2,2.50,2
13,266,11,2,5,6,0,1,3.33,2
13,267,11,3,3,3,0,1,2.50,2
13,268,11,4,4,4,0,1,2.50,2
13,269,11,5,7,8,0,0,3.75,2
13,270,11,6,12,7,0,5,6.07,2
13,271,11,7,16,16,3,2,13.44,2
13,272,11,8,37,30,3,6,3.33,7
13,273,11,9,74,49,14,17,10.46,7
13,274,11,10,97,57,29,28,18.73,7
13,275,11,11,77,71,26,8,12.71,7
13,276,11,12,68,60,9,7,8.00,7
13,277,11,13,77,67,10,7,7.50,7
13,278,11,14,76,70,9,4,5.29,7
13,279,11,15,73,49,11,17,11.68,7
13,280,11,16,61,51,11,16,7.21,7
13,281,11,17,54,47,9,14,13.88,7
13,282,11,18,40,44,4,6,5.91,7
13,283,11,19,26,29,1,2,2.67,7
13,284,11,20,19,7,6,8,20.36,2
13,285,11,21,14,10,9,3,16.50,2
13,286,11,22,15,13,2,3,7.88,2
13,287,11,23,12,11,2,2,10.23,2
13,288,12,0,11,11,1,1,7.95,2
13,289,12,1,10,9,1,1,3.61,2
13,290,12,2,8,9,0,0,6.94,2
13,291,12,3,9,7,1,1,5.36,2
13,292,12,4,2,2,0,1,2.50,2
13,293,12,5,4,5,0,0,2.50,2
13,294,12,6,6,5,0,1,3.50,2
13,295,12,7,13,8,0,6,5.62,2
13,296,12,8,26,27,4,1,8.24,4
13,297,12,9,33,24,3,7,7.08,4
13,298,12,10,34,28,4,9,10.18,4
13,299,12,11,47,27,13,16,18.61,4
13,300,12,12,34,28,10,12,15.89,4
13,301,12,13,50,31,19,12,20.08,4
13,302,12,14,38,30,6,14,15.00,4
13,303,12,15,36,26,13,11,18.85,4
13,304,12,16,37,32,9,7,12.19,4
13,305,12,17,27,23,8,3,9.24,4
13,306,12,18,22,21,1,3,3.69,4
13,307,12,19,11,13,0,1,2.50,4
13,308,12,20,12,11,0,2,5.23,2
13,309,12,21,7,7,0,2,3.21,2
13,310,12,22,6,7,1,0,8.93,2
13,311,12,23,8,8,0,0,5.62,2
13,312,13,0,4,4,0,0,2.50,2
13,313,13,1,0,0,0,0,0.00,2
13,314,13,2,7,7,0,0,3.21,2
13,315,13,3,4,4,0,0,2.50,2
13,316,13,4,4,4,0,0,2.50,2
13,317,13,5,4,4,0,0,2.50,2
13,318,13,6,3,2,0,1,2.50,2
13,319,13,7,9,7,1,2,2.50,2
13,320,13,8,17,19,0,0,2.50,4
13,321,13,9,38,25,3,10,10.30,4
13,322,13,10,35,27,7,11,15.65,4
13,323,13,11,35,24,13,9,13.75,4
13,324,13,12,38,23,15,9,14.02,4
13,325,13,13,34,23,7,13,15.98,4
13,326,13,14,32,24,12,9,16.46,4
13,327,13,15,37,28,8,10,15.00,4
13,328,13,16,39,27,11,11,20.46,4
13,329,13,17,28,31,4,4,10.56,4
13,330,13,18,21,20,3,2,10.50,4
13,331,13,19,14,15,0,1,3.17,4
13,332,13,20,9,9,1,0,2.50,2
13,333,13,21,6,6,0,0,3.33,2
13,334,13,22,5,5,0,0,2.50,2
13,335,13,23,4,4,0,0,2.50,2
14,0,0,0,4,3,0,1,2.50,2
14,1,0,1,4,5,0,0,3.50,2
14,2,0,2,0,0,0,0,0.00,2
14,3,0,3,4,4,0,0,2.50,2
14,4,0,4,5,4,0,1,2.50,2
14,5,0,5,7,7,1,0,3.21,2
14,6,0,6,7,7,0,0,2.50,2
14,7,0,7,14,8,2,4,6.25,2
14,8,0,8,36,35,2,3,2.93,7
14,9,0,9,66,43,8,18,8.31,7
14,10,0,10,82,53,16,31,16.27,7
14,11,0,11,69,69,18,13,13.22,7
14,12,0,12,56,64,1,4,3.20,7
14,13,0,13,70,62,5,7,3.95,7
14,14,0,14,70,44,12,21,9.20,7
14,15,0,15,68,57,17,15,15.04,7
14,16,0,16,57,52,5,15,11.06,7
14,17,0,17,46,47,4,10,8.67,7
14,18,0,18,51,45,7,9,9.61,7
14,19,0,19,34,39,0,4,3.53,7
14,20,0,20,15,8,5,6,20.00,2
14,21,0,21,7,9,3,1,10.28,2
14,22,0,22,10,7,1,3,2.50,2
14,23,0,23,5,8,0,0,3.12,2
14,24,1,0,10,10,0,0,4.50,2
14,25,1,1,3,2,0,1,2.50,2
14,26,1,2,3,3,1,0,2.50,2
14,27,1,3,10,9,0,1,3.61,2
14,28,1,4,8,7,0,2,6.07,2
14,29,1,5,5,5,0,2,2.50,2
14,30,1,6,6,8,0,0,3.12,2
14,31,1,7,20,11,3,6,8.41,2
14,32,1,8,32,34,0,4,3.97,7
14,33,1,9,58,47,5,10,6.97,7
14,34,1,10,63,47,8,18,9.10,7
14,35,1,11,74,59,13,20,11.14,7
14,36,1,12,61,64,9,8,7.03,7
14,37,1,13,64,60,3,9,5.83,7
14,38,1,14,58,42,4,21,9.17,7
14,39,1,15,57,52,16,10,14.33,7
14,40,1,16,55,43,6,16,9.94,7
14,41,1,17,46,47,7,8,7.71,7
14,42,1,18,29,35,0,2,4.93,7
14,43,1,19,30,30,0,2,3.33,7
14,44,1,20,15,13,1,3,6.73,2
14,45,1,21,6,8,1,0,4.38,2
14,46,1,22,13,5,2,6,12.50,2
14,47,1,23,9,10,5,0,17.00,2
14,48,2,0,10,7,1,2,4.64,2
14,49,2,1,11,10,2,1,10.50,2
14,50,2,2,7,8,0,0,2.50,2
14,51,2,3,5,4,1,0,2.50,2
14,52,2,4,6,4,0,2,2.50,2
14,53,2,5,7,8,0,1,3.12,2
14,54,2,6,5,6,0,0,3.33,2
14,55,2,7,17,10,1,6,5.00,2
14,56,2,8,46,41,4,7,5.18,7
14,57,2,9,67,47,8,19,8.67,7
14,58,2,10,64,59,10,14,11.91,7
14,59,2,11,63,54,7,16,10.83,7
14,60,2,12,62,50,18,10,11.40,7
14,61,2,13,51,43,4,14,8.43,7
14,62,2,14,61,57,12,6,11.36,7
14,63,2,15,55,48,6,7,4.79,7
14,64,2,16,41,43,1,4,3.55,7
14,65,2,17,32,33,0,3,2.80,7
14,66,2,18,29,28,1,3,2.68,7
14,67,2,19,28,28,1,2,2.68,7
14,68,2,20,13,10,0,5,10.50,2
14,69,2,21,13,12,4,2,11.25,2
14,70,2,22,16,12,4,2,8.75,2
14,71,2,23,10,11,0,1,5.23,2
14,72,3,0,6,7,0,0,2.50,2
14,73,3,1,7,7,0,0,2.50,2
14,74,3,2,9,9,0,0,2.50,2
14,75,3,3,6,3,0,3,2.50,2
14,76,3,4,5,6,1,1,8.33,2
14,77,3,5,6,7,0,0,3.21,2
14,78,3,6,9,7,1,1,2.50,2
14,79,3,7,24,13,5,7,10.58,2
14,80,3,8,51,42,8,8,8.81,7
14,81,3,9,69,58,5,14,9.05,7
14,82,3,10,78,54,15,23,12.96,7
14,83,3,11,75,57,18,23,14.96,7
14,84,3,12,72,64,13,18,12.19,7
14,85,3,13,72,61,13,16,10.12,7
14,86,3,14,59,54,10,11,10.56,7
14,87,3,15,77,56,13,19,11.96,7
14,88,3,16,65,51,14,19,11.42,7
14,89,3,17,41,48,9,3,8.85,7
14,90,3,18,35,35,1,2,2.50,7
14,91,3,19,24,23,0,3,2.72,7
14,92,3,20,22,10,4,11,20.00,2
14,93,3,21,15,16,10,0,20.00,2
14,94,3,22,10,9,0,1,7.50,2
14,95,3,23,17,10,5,3,11.50,2
14,96,4,0,5,6,1,1,5.83,2
14,97,4,1,12,9,1,3,11.94,2
14,98,4,2,8,9,1,1,10.28,2
14,99,4,3,5,6,0,0,2.50,2
14,100,4,4,12,11,1,0,7.95,2
14,101,4,5,5,5,0,0,2.50,2
14,102,4,6,10,7,0,3,2.50,2
14,103,4,7,24,11,8,8,16.14,2
14,104,4,8,47,43,3,9,8.20,7
14,105,4,9,56,45,4,16,9.50,7
14,106,4,10,82,55,19,24,16.95,7
14,107,4,11,69,51,21,21,13.68,7
14,108,4,12,63,56,12,16,11.79,7
14,109,4,13,75,49,16,26,10.77,7
14,110,4,14,66,52,31,9,20.10,7
14,111,4,15,75,64,5,15,6.72,7
14,112,4,16,58,61,6,6,8.73,7
14,113,4,17,44,43,2,5,3.43,7
14,114,4,18,45,37,3,10,9.12,7
14,115,4,19,27,35,0,2,5.64,7
14,116,4,20,24,13,4,9,12.12,2
14,117,4,21,15,10,9,5,17.50,2
14,118,4,22,12,14,2,1,7.50,2
14,119,4,23,4,5,0,0,2.50,2
14,120,5,0,6,6,0,0,2.50,2
14,121,5,1,5,4,0,1,2.50,2
14,122,5,2,8,6,0,3,3.33,2
14,123,5,3,5,6,0,2,3.33,2
14,124,5,4,2,4,0,0,2.50,2
14,125,5,5,7,6,0,1,3.33,2
14,126,5,6,7,6,1,1,8.33,2
14,127,5,7,13,10,2,2,6.50,2
14,128,5,8,31,28,0,5,5.71,4
14,129,5,9,29,30,1,3,3.67,4
14,130,5,10,34,22,5,10,9.09,4
14,131,5,11,34,25,12,7,12.90,4
14,132,5,12,38,28,3,14,10.71,4
14,133,5,13,32,28,9,9,10.71,4
14,134,5,14,34,26,10,7,12.88,4
14,135,5,15,37,20,10,14,11.00,4
14,136,5,16,31,29,12,4,12.50,4
14,137,5,17,26,25,2,3,12.10,4
14,138,5,18,19,19,1,2,5.39,4
14,139,5,19,11,10,1,2,2.50,4
14,140,5,20,9,10,0,1,3.50,2
14,141,5,21,10,9,0,2,10.28,2
14,142,5,22,6,7,1,0,5.36,2
14,143,5,23,8,5,0,3,3.50,2
14,144,6,0,2,3,1,1,5.83,2
14,145,6,1,5,6,0,0,2.50,2
14,146,6,2,3,2,0,1,2.50,2
14,147,6,3,3,2,0,2,2.50,2
14,148,6,4,3,5,0,0,2.50,2
14,149,6,5,3,2,1,0,2.50,2
14,150,6,6,3,3,0,0,2.50,2
14,151,6,7,13,9,2,2,6.94,2
14,152,6,8,15,15,1,1,3.17,4
14,153,6,9,31,20,0,12,3.75,4
14,154,6,10,24,29,4,3,12.33,4
14,155,6,11,29,28,0,4,3.93,4
14,156,6,12,29,23,4,6,7.93,4
14,157,6,13,27,23,3,7,3.59,4
14,158,6,14,34,25,5,11,11.90,4
14,159,6,15,27,27,7,4,10.65,4
14,160,6,16,29,24,2,7,9.17,4
14,161,6,17,14,19,2,0,6.45,4
14,162,6,18,13,12,0,1,2.50,4
14,163,6,19,17,14,1,3,2.50,4
14,164,6,20,4,7,0,0,10.36,2
14,165,6,21,3,2,0,1,2.50,2
14,166,6,22,2,3,0,0,2.50,2
14,167,6,23,1,1,0,0,2.50,2
14,168,7,0,13,13,0,0,4.42,2
14,169,7,1,9,9,0,0,2.50,2
14,170,7,2,3,3,0,0,2.50,2
14,171,7,3,7,6,0,1,3.33,2
14,172,7,4,2,3,0,0,2.50,2
14,173,7,5,4,4,0,0,2.50,2
14,174,7,6,5,4,1,0,2.50,2
14,175,7,7,19,12,2,5,8.33,2
14,176,7,8,38,38,0,5,4.34,7
14,177,7,9,66,55,6,10,6.95,7
14,178,7,10,85,58,15,22,11.64,7
14,179,7,11,73,52,20,23,16.92,7
14,180,7,12,67,53,17,20,13.25,7
14,181,7,13,73,53,19,21,13.63,7
14,182,7,14,106,63,38,26,17.82,7
14,183,7,15,73,79,14,6,9.02,7
14,184,7,16,72,63,3,12,4.48,7
14,185,7,17,61,55,4,14,6.05,7
14,186,7,18,47,48,5,8,9.06,7
14,187,7,19,30,36,1,1,5.28,7
14,188,7,20,18,12,4,3,10.00,2
14,189,7,21,12,11,4,0,10.23,2
14,190,7,22,11,9,0,2,3.61,2
14,191,7,23,8,8,1,1,3.75,2
14,192,8,0,8,6,0,3,2.50,2
14,193,8,1,6,9,0,0,9.72,2
14,194,8,2,7,5,1,1,3.50,2
14,195,8,3,8,7,1,1,4.64,2
14,196,8,4,4,5,0,0,5.50,2
14,197,8,5,9,6,0,3,2.50,2
14,198,8,6,9,10,0,2,3.50,2
14,199,8,7,19,13,0,8,10.96,2
14,200,8,8,40,41,4,3,6.89,7
14,201,8,9,54,48,4,5,7.92,7
14,202,8,10,76,48,9,24,9.69,7
14,203,8,11,72,59,23,14,13.26,7
14,204,8,12,54,52,7,9,9.90,7
14,205,8,13,66,49,11,15,10.15,7
14,206,8,14,64,57,8,14,9.87,7
14,207,8,15,59,54,9,10,6.02,7
14,208,8,16,53,44,7,12,8.07,7
14,209,8,17,45,42,6,9,6.43,7
14,210,8,18,32,36,4,1,4.03,7
14,211,8,19,27,26,0,2,2.50,7
14,212,8,20,19,15,2,4,6.50,2
14,213,8,21,11,12,1,2,7.50,2
14,214,8,22,11,10,2,1,5.00,2
14,215,8,23,15,13,3,0,10.96,2
14,216,9,0,13,10,1,2,4.00,2
14,217,9,1,6,8,0,0,4.38,2
14,218,9,2,4,4,0,0,2.50,2
14,219,9,3,12,8,1,3,11.25,2
14,220,9,4,5,5,3,0,3.50,2
14,221,9,5,7,6,1,0,2.50,2
14,222,9,6,18,12,3,3,10.83,2
14,223,9,7,20,15,5,3,13.50,2
14,224,9,8,39,37,2,3,3.31,7
14,225,9,9,70,50,4,19,6.30,7
14,226,9,10,62,54,18,9,13.52,7
14,227,9,11,75,54,10,20,10.09,7
14,228,9,12,54,49,18,7,12.70,7
14,229,9,13,82,51,13,25,11.62,7
14,230,9,14,71,55,26,15,14.59,7
14,231,9,15,74,57,13,19,11.01,7
14,232,9,16,69,51,14,23,16.81,7
14,233,9,17,50,50,15,8,12.80,7
14,234,9,18,40,39,6,3,6.60,7
14,235,9,19,29,29,0,3,2.84,7
14,236,9,20,11,9,3,2,7.50,2
14,237,9,21,21,13,3,7,14.04,2
14,238,9,22,8,8,4,3,20.00,2
14,239,9,23,5,7,0,1,11.07,2
14,240,10,0,10,9,1,1,5.83,2
14,241,10,1,8,7,0,2,3.93,2
14,242,10,2,10,10,0,2,3.50,2
14,243,10,3,9,7,4,0,9.64,2
14,244,10,4,4,3,1,0,2.50,2
14,245,10,5,13,9,2,2,3.61,2
14,246,10,6,10,8,2,2,12.50,2
14,247,10,7,20,14,2,6,13.57,2
14,248,10,8,41,41,3,3,5.43,7
14,249,10,9,64,45,9,13,7.83,7
14,250,10,10,77,55,26,9,11.32,7
14,251,10,11,76,61,5,19,7.17,7
14,252,10,12,64,50,14,19,13.30,7
14,253,10,13,70,54,15,20,11.20,7
14,254,10,14,84,53,28,23,15.99,7
14,255,10,15,75,80,11,7,8.88,7
14,256,10,16,61,63,0,5,3.85,7
14,257,10,17,31,33,0,3,2.65,7
14,258,10,18,26,26,0,3,2.50,7
14,259,10,19,19,20,0,2,2.50,7
14,260,10,20,16,7,7,4,16.07,2
14,261,10,21,15,12,5,2,15.00,2
14,262,10,22,13,13,1,1,3.65,2
14,263,10,23,14,13,0,2,5.19,2
14,264,11,0,11,11,0,2,6.14,2
14,265,11,1,5,7,0,0,3.21,2
14,266,11,2,8,7,0,1,3.93,2
14,267,11,3,8,8,0,1,4.38,2
14,268,11,4,4,5,0,0,2.50,2
14,269,11,5,4,4,0,0,2.50,2
14,270,11,6,9,9,0,0,5.28,2
14,271,11,7,15,11,0,4,4.32,2
14,272,11,8,34,35,2,1,2.93,7
14,273,11,9,54,46,3,6,6.30,7
14,274,11,10,60,46,7,13,8.04,7
14,275,11,11,54,44,7,16,10.11,7
14,276,11,12,44,43,11,6,8.55,7
14,277,11,13,46,43,3,6,4.36,7
14,278,11,14,54,46,4,10,9.46,7
14,279,11,15,53,45,6,12,14.06,7
14,280,11,16,56,48,11,9,11.25,7
14,281,11,17,37,36,8,2,5.28,7
14,282,11,18,33,30,2,3,2.50,7
14,283,11,19,20,18,1,4,2.50,7
14,284,11,20,16,13,3,4,10.96,2
14,285,11,21,14,8,7,3,18.75,2
14,286,11,22,9,9,2,1,6.39,2
14,287,11,23,10,10,0,1,3.00,2
14,288,12,0,4,3,1,1,2.50,2
14,289,12,1,7,8,0,0,5.00,2
14,290,12,2,6,4,0,2,2.50,2
14,291,12,3,8,7,3,0,5.36,2
14,292,12,4,5,3,1,1,2.50,2
14,293,12,5,4,5,0,0,2.50,2
14,294,12,6,6,5,0,1,2.50,2
14,295,12,7,14,8,0,7,7.50,2
14,296,12,8,31,25,4,9,8.70,4
14,297,12,9,44,28,7,18,15.54,4
14,298,12,10,55,31,20,22,20.89,4
14,299,12,11,51,33,26,14,20.23,4
14,300,12,12,55,31,23,15,19.92,4
14,301,12,13,65,36,21,23,19.72,4
14,302,12,14,57,35,24,21,21.21,4
14,303,12,15,61,35,27,20,25.07,4
14,304,12,16,60,33,30,17,19.17,4
14,305,12,17,44,29,17,15,19.91,4
14,306,12,18,35,28,11,11,14.11,4
14,307,12,19,23,28,3,3,8.39,4
14,308,12,20,15,12,3,3,9.17,2
14,309,12,21,14,8,3,6,9.38,2
14,310,12,22,7,10,2,1,13.50,2
14,311,12,23,4,4,0,1,6.25,2
14,312,13,0,2,3,0,0,4.17,2
14,313,13,1,5,5,0,0,2.50,2
14,314,13,2,2,2,0,0,2.50,2
14,315,13,3,1,1,0,0,2.50,2
14,316,13,4,1,1,0,0,2.50,2
14,317,13,5,8,5,0,3,3.50,2
14,318,13,6,5,7,1,0,4.64,2
14,319,13,7,13,10,2,1,5.00,2
14,320,13,8,21,20,1,1,2.75,4
14,321,13,9,32,20,5,8,7.50,4
14,322,13,10,39,28,10,9,18.75,4
14,323,13,11,35,29,7,8,11.98,4
14,324,13,12,38,20,12,14,19.50,4
14,325,13,13,38,26,15,11,13.85,4
14,326,13,14,83,34,28,32,20.15,4
14,327,13,15,72,59,25,20,17.16,4
14,328,13,16,59,51,12,16,14.85,4
14,329,13,17,41,47,3,7,10.90,4
14,330,13,18,42,23,12,14,13.59,4
14,331,13,19,28,28,9,5,9.46,4
14,332,13,20,27,9,12,11,22.50,2
14,333,13,21,11,12,7,3,21.67,2
14,334,13,22,16,16,2,1,8.75,2
14,335,13,23,11,8,0,4,6.25,2
15,0,0,0,4,3,0,1,2.50,2
15,1,0,1,8,7,1,1,2.50,2
15,2,0,2,2,3,0,0,2.50,2
15,3,0,3,3,2,0,1,2.50,2
15,4,0,4,2,3,0,0,2.50,2
15,5,0,5,12,11,1,0,4.77,2
15,6,0,6,9,8,0,1,3.75,2
15,7,0,7,16,12,4,1,8.75,2
15,8,0,8,41,33,8,1,7.05,7
15,9,0,9,72,50,7,16,7.80,7
15,10,0,10,79,58,13,24,11.55,7
15,11,0,11,58,53,15,14,12.59,7
15,12,0,12,59,47,13,13,9.73,7
15,13,0,13,71,56,4,24,8.84,7
15,14,0,14,70,58,21,15,11.47,7
15,15,0,15,70,51,13,21,13.77,7
15,16,0,16,56,49,15,13,14.85,7
15,17,0,17,47,41,9,10,7.74,7
15,18,0,18,37,39,4,4,5.06,7
15,19,0,19,27,28,1,2,2.50,7
15,20,0,20,19,16,2,3,5.62,2
15,21,0,21,13,13,1,2,7.12,2
15,22,0,22,13,13,0,2,6.73,2
15,23,0,23,7,8,0,1,3.75,2
15,24,1,0,7,6,0,2,3.33,2
15,25,1,1,7,8,1,0,6.25,2
15,26,1,2,8,7,1,0,2.50,2
15,27,1,3,10,8,2,0,6.88,2
15,28,1,4,8,7,1,0,3.93,2
15,29,1,5,6,5,0,1,2.50,2
15,30,1,6,9,8,1,1,3.75,2
15,31,1,7,20,15,5,1,8.50,2
15,32,1,8,44,43,0,2,3.43,7
15,33,1,9,54,44,3,9,6.82,7
15,34,1,10,59,53,3,12,6.46,7
15,35,1,11,63,54,8,13,10.93,7
15,36,1,12,45,50,4,4,9.50,7
15,37,1,13,43,39,1,7,3.40,7
15,38,1,14,62,47,8,14,11.33,7
15,39,1,15,51,50,10,5,11.00,7
15,40,1,16,36,37,2,2,3.99,7
15,41,1,17,38,36,1,3,2.78,7
15,42,1,18,28,29,1,1,2.50,7
15,43,1,19,25,23,0,3,2.50,7
15,44,1,20,15,14,3,1,7.14,2
15,45,1,21,17,13,0,5,5.19,2
15,46,1,22,7,6,6,0,10.83,2
15,47,1,23,6,3,2,1,2.50,2
15,48,2,0,7,7,1,0,2.50,2
15,49,2,1,5,5,0,0,3.50,2
15,50,2,2,4,4,0,0,3.75,2
15,51,2,3,4,4,0,0,2.50,2
15,52,2,4,3,3,0,0,2.50,2
15,53,2,5,3,3,0,0,2.50,2
15,54,2,6,10,10,0,0,7.00,2
15,55,2,7,12,9,1,2,2.50,2
15,56,2,8,30,27,1,4,3.24,7
15,57,2,9,55,48,3,8,4.06,7
15,58,2,10,51,53,2,4,4.86,7
15,59,2,11,47,44,2,5,3.41,7
15,60,2,12,44,37,2,10,3.58,7
15,61,2,13,44,43,6,5,7.50,7
15,62,2,14,54,47,6,6,5.16,7
15,63,2,15,45,43,2,6,2.73,7
15,64,2,16,54,45,6,9,6.50,7
15,65,2,17,37,36,5,5,4.58,7
15,66,2,18,22,23,2,2,2.72,7
15,67,2,19,23,19,0,6,2.50,7
15,68,2,20,11,11,3,3,10.23,2
15,69,2,21,8,7,3,1,12.50,2
15,70,2,22,12,11,0,2,5.23,2
15,71,2,23,6,7,0,1,4.64,2
15,72,3,0,7,8,0,0,2.50,2
15,73,3,1,2,2,0,0,2.50,2
15,74,3,2,2,2,0,0,2.50,2
15,75,3,3,3,3,0,0,2.50,2
15,76,3,4,3,2,1,0,2.50,2
15,77,3,5,2,2,0,0,2.50,2
15,78,3,6,5,4,1,0,2.50,2
15,79,3,7,12,12,0,0,7.08,2
15,80,3,8,35,32,1,2,2.50,7
15,81,3,9,46,41,1,6,2.99,7
15,82,3,10,46,41,2,9,3.48,7
15,83,3,11,42,41,4,6,5.43,7
15,84,3,12,38,38,4,2,4.74,7
15,85,3,13,36,33,3,2,7.95,7
15,86,3,14,44,40,3,3,3.75,7
15,87,3,15,47,43,2,5,4.24,7
15,88,3,16,28,31,0,2,2.50,7
15,89,3,17,30,31,0,1,2.98,7
15,90,3,18,15,16,0,0,2.50,7
15,91,3,19,13,12,0,1,2.50,7
15,92,3,20,8,8,1,0,3.75,2
15,93,3,21,8,7,1,0,2.50,2
15,94,3,22,5,5,0,0,2.50,2
15,95,3,23,5,4,0,1,2.50,2
15,96,4,0,5,6,0,0,2.50,2
15,97,4,1,3,3,0,0,2.50,2
15,98,4,2,1,1,0,0,2.50,2
15,99,4,3,2,2,0,0,2.50,2
15,100,4,4,3,3,0,0,2.50,2
15,101,4,5,1,1,0,0,2.50,2
15,102,4,6,8,8,0,0,4.38,2
15,103,4,7,6,5,0,1,2.50,2
15,104,4,8,39,33,2,5,2.65,7
15,105,4,9,57,55,0,7,4.14,7
15,106,4,10,63,53,8,9,9.67,7
15,107,4,11,66,53,7,15,10.61,7
15,108,4,12,51,49,5,12,9.03,7
15,109,4,13,51,53,5,5,6.65,7
15,110,4,14,62,52,3,12,6.54,7
15,111,4,15,53,48,5,12,9.38,7
15,112,4,16,46,42,5,11,6.90,7
15,113,4,17,48,45,4,10,8.83,7
15,114,4,18,26,32,2,2,5.62,7
15,115,4,19,17,18,1,0,2.50,7
15,116,4,20,11,9,1,1,12.50,2
15,117,4,21,8,9,0,0,6.39,2
15,118,4,22,7,7,0,0,2.50,2
15,119,4,23,8,7,0,1,2.50,2
15,120,5,0,0,1,0,0,2.50,2
15,121,5,1,2,2,0,0,2.50,2
15,122,5,2,2,2,0,0,2.50,2
15,123,5,3,2,2,0,0,2.50,2
15,124,5,4,1,1,0,0,2.50,2
15,125,5,5,6,5,1,0,2.50,2
15,126,5,6,4,4,0,0,2.50,2
15,127,5,7,9,8,1,0,5.00,2
15,128,5,8,20,16,1,3,2.81,4
15,129,5,9,43,22,11,13,17.27,4
15,130,5,10,47,31,13,16,14.27,4
15,131,5,11,45,34,18,9,14.85,4
15,132,5,12,41,28,10,12,13.21,4
15,133,5,13,48,28,11,21,13.93,4
15,134,5,14,47,36,19,13,14.58,4
15,135,5,15,46,31,14,14,20.40,4
15,136,5,16,40,33,12,9,13.11,4
15,137,5,17,29,28,6,4,10.54,4
15,138,5,18,22,24,1,1,3.54,4
15,139,5,19,13,13,0,1,2.88,4
15,140,5,20,15,12,2,2,10.00,2
15,141,5,21,3,3,2,0,2.50,2
15,142,5,22,6,6,0,0,2.50,2
15,143,5,23,7,5,0,2,2.50,2
15,144,6,0,2,4,0,0,2.50,2
15,145,6,1,1,1,0,0,2.50,2
15,146,6,2,5,4,0,1,2.50,2
15,147,6,3,2,3,0,0,2.50,2
15,148,6,4,1,1,0,0,2.50,2
15,149,6,5,4,3,0,1,2.50,2
15,150,6,6,4,4,1,0,2.50,2
15,151,6,7,12,9,3,0,7.50,2
15,152,6,8,19,19,0,0,2.50,4
15,153,6,9,31,27,3,1,4.72,4
15,154,6,10,27,21,1,6,6.07,4
15,155,6,11,39,25,6,14,12.70,4
15,156,6,12,33,26,16,5,14.42,4
15,157,6,13,29,30,3,1,9.83,4
15,158,6,14,37,27,8,3,11.57,4
15,159,6,15,38,29,4,8,8.19,4
15,160,6,16,33,26,6,9,6.92,4
15,161,6,17,20,26,1,2,8.65,4
15,162,6,18,24,22,2,2,6.59,4
15,163,6,19,9,10,0,1,3.00,4
15,164,6,20,18,13,2,4,6.73,2
15,165,6,21,9,9,4,0,7.50,2
15,166,6,22,4,4,0,0,2.50,2
15,167,6,23,8,8,0,0,5.00,2
15,168,7,0,2,2,0,0,2.50,2
15,169,7,1,2,2,0,0,2.50,2
15,170,7,2,0,0,0,0,0.00,2
15,171,7,3,7,7,0,0,2.50,2
15,172,7,4,3,3,0,0,2.50,2
15,173,7,5,5,4,1,0,2.50,2
15,174,7,6,6,3,1,2,2.50,2
15,175,7,7,10,11,0,1,5.68,2
15,176,7,8,35,30,1,5,3.33,7
15,177,7,9,56,49,5,7,6.89,7
15,178,7,10,78,54,13,18,12.22,7
15,179,7,11,50,49,8,11,9.03,7
15,180,7,12,43,44,3,7,9.32,7
15,181,7,13,49,50,1,5,5.00,7
15,182,7,14,40,36,6,3,2.64,7
15,183,7,15,39,32,2,8,3.28,7
15,184,7,16,34,33,3,6,5.98,7
15,185,7,17,38,43,0,1,3.20,7
15,186,7,18,26,26,1,0,2.69,7
15,187,7,19,11,7,1,3,2.50,7
15,188,7,20,7,10,0,0,8.00,2
15,189,7,21,3,3,0,0,2.50,2
15,190,7,22,4,4,0,0,2.50,2
15,191,7,23,3,3,0,0,2.50,2
15,192,8,0,10,8,1,1,3.12,2
15,193,8,1,4,5,0,0,2.50,2
15,194,8,2,5,5,0,0,2.50,2
15,195,8,3,3,3,0,0,2.50,2
15,196,8,4,6,6,0,0,2.50,2
15,197,8,5,3,3,0,0,2.50,2
15,198,8,6,4,4,0,0,2.50,2
15,199,8,7,14,8,0,6,6.25,2
15,200,8,8,38,36,5,3,3.89,7
15,201,8,9,58,48,3,10,10.83,7
15,202,8,10,54,49,7,8,7.70,7
15,203,8,11,57,47,6,12,8.35,7
15,204,8,12,42,43,2,9,9.01,7
15,205,8,13,55,54,5,5,4.91,7
15,206,8,14,57,52,0,10,4.81,7
15,207,8,15,37,41,3,3,5.79,7
15,208,8,16,36,34,0,5,2.79,7
15,209,8,17,32,31,2,4,2.66,7
15,210,8,18,24,27,1,0,2.50,7
15,211,8,19,14,13,0,1,2.50,7
15,212,8,20,10,10,1,0,6.50,2
15,213,8,21,14,8,2,4,6.88,2
15,214,8,22,7,9,2,0,9.72,2
15,215,8,23,6,4,0,2,2.50,2
15,216,9,0,3,5,0,0,2.50,2
15,217,9,1,1,1,0,0,2.50,2
15,218,9,2,3,3,0,0,2.50,2
15,219,9,3,1,1,0,0,2.50,2
15,220,9,4,1,1,0,0,2.50,2
15,221,9,5,4,4,0,0,2.50,2
15,222,9,6,6,5,1,0,2.50,2
15,223,9,7,11,6,1,4,2.50,2
15,224,9,8,30,27,3,4,2.87,7
15,225,9,9,39,39,0,4,6.22,7
15,226,9,10,53,40,3,14,3.25,7
15,227,9,11,65,48,17,14,13.33,7
15,228,9,12,38,39,4,9,7.12,7
15,229,9,13,44,41,5,7,4.94,7
15,230,9,14,54,50,5,6,6.40,7
15,231,9,15,41,41,2,4,3.72,7
15,232,9,16,42,41,1,4,2.74,7
15,233,9,17,27,24,1,6,2.71,7
15,234,9,18,23,28,1,0,2.50,7
15,235,9,19,16,13,1,2,2.50,7
15,236,9,20,10,9,1,2,5.28,2
15,237,9,21,4,4,0,2,17.50,2
15,238,9,22,6,7,0,1,3.93,2
15,239,9,23,5,6,0,0,2.50,2
15,240,10,0,4,4,0,0,2.50,2
15,241,10,1,5,4,0,1,2.50,2
15,242,10,2,3,3,0,1,2.50,2
15,243,10,3,4,4,1,0,2.50,2
15,244,10,4,3,3,0,0,2.50,2
15,245,10,5,5,4,1,0,2.50,2
15,246,10,6,3,3,0,0,2.50,2
15,247,10,7,16,10,1,5,6.00,2
15,248,10,8,24,25,2,2,3.70,7
15,249,10,9,31,31,0,2,3.15,7
15,250,10,10,31,29,1,3,2.50,7
15,251,10,11,37,36,0,4,3.19,7
15,252,10,12,28,26,2,4,2.50,7
15,253,10,13,31,33,0,2,2.50,7
15,254,10,14,35,31,1,5,3.79,7
15,255,10,15,37,34,1,7,3.82,7
15,256,10,16,22,27,0,2,4.35,7
15,257,10,17,22,21,1,2,2.74,7
15,258,10,18,14,13,2,1,2.50,7
15,259,10,19,14,14,0,1,2.50,7
15,260,10,20,8,6,1,2,5.83,2
15,261,10,21,7,9,0,0,4.72,2
15,262,10,22,4,4,0,0,2.50,2
15,263,10,23,4,4,0,0,3.75,2
15,264,11,0,3,3,0,0,2.50,2
15,265,11,1,3,2,1,0,2.50,2
15,266,11,2,2,1,0,1,2.50,2
15,267,11,3,7,8,0,0,4.38,2
15,268,11,4,2,2,0,0,2.50,2
15,269,11,5,6,5,0,1,3.50,2
15,270,11,6,3,3,0,1,2.50,2
15,271,11,7,16,9,2,6,8.61,2
15,272,11,8,38,30,3,11,3.00,7
15,273,11,9,49,44,9,7,10.57,7
15,274,11,10,68,50,7,18,11.40,7
15,275,11,11,65,52,17,14,11.63,7
15,276,11,12,55,45,7,17,9.06,7
15,277,11,13,62,53,13,13,11.37,7
15,278,11,14,63,46,7,23,8.59,7
15,279,11,15,58,53,13,15,11.46,7
15,280,11,16,42,50,6,1,5.10,7
15,281,11,17,33,32,1,1,3.91,7
15,282,11,18,32,26,1,6,2.50,7
15,283,11,19,24,27,1,2,3.06,7
15,284,11,20,11,11,0,2,3.86,2
15,285,11,21,6,7,1,0,4.64,2
15,286,11,22,8,7,1,0,3.93,2
15,287,11,23,7,6,0,1,2.50,2
15,288,12,0,4,5,0,0,3.50,2
15,289,12,1,4,4,0,0,2.50,2
15,290,12,2,1,1,0,0,2.50,2
15,291,12,3,3,3,0,0,2.50,2
15,292,12,4,2,2,0,0,2.50,2
15,293,12,5,4,4,0,0,2.50,2
15,294,12,6,3,2,0,1,2.50,2
15,295,12,7,7,4,0,4,3.75,2
15,296,12,8,18,19,0,3,3.82,4
15,297,12,9,29,27,3,2,6.94,4
15,298,12,10,48,29,9,12,10.60,4
15,299,12,11,35,28,10,9,16.43,4
15,300,12,12,41,29,9,12,15.60,4
15,301,12,13,37,22,17,10,18.64,4
15,302,12,14,42,29,10,13,12.33,4
15,303,12,15,37,22,12,16,18.64,4
15,304,12,16,29,26,13,6,17.12,4
15,305,12,17,27,23,7,3,8.15,4
15,306,12,18,16,17,1,1,2.79,4
15,307,12,19,23,20,1,3,2.50,4
15,308,12,20,8,9,1,1,6.94,2
15,309,12,21,8,9,0,0,3.61,2
15,310,12,22,11,9,0,2,2.50,2
15,311,12,23,10,10,0,2,5.00,2
15,312,13,0,4,6,0,0,5.00,2
15,313,13,1,2,2,0,0,2.50,2
15,314,13,2,7,6,0,1,6.67,2
15,315,13,3,3,4,0,0,2.50,2
15,316,13,4,1,0,1,0,0.00,2
15,317,13,5,2,1,0,1,2.50,2
15,318,13,6,2,3,0,0,2.50,2
15,319,13,7,10,8,0,2,3.12,2
15,320,13,8,18,17,1,2,2.79,4
15,321,13,9,29,17,2,12,6.62,4
15,322,13,10,37,27,14,8,16.20,4
15,323,13,11,39,26,8,13,14.81,4
15,324,13,12,33,27,11,8,16.57,4
15,325,13,13,35,24,9,10,14.79,4
15,326,13,14,35,28,10,7,14.11,4
15,327,13,15,32,26,7,6,11.92,4
15,328,13,16,32,21,5,12,15.60,4
15,329,13,17,21,22,9,2,12.05,4
15,330,13,18,17,18,0,1,2.78,4
15,331,13,19,13,13,0,1,2.50,4
15,332,13,20,8,9,0,0,3.61,2
15,333,13,21,10,7,0,3,3.21,2
15,334,13,22,4,6,0,1,3.33,2
15,335,13,23,4,5,0,0,2.50,2
16,0,0,0,10,10,1,0,2.50,2
16,1,0,1,4,4,0,0,2.50,2
16,2,0,2,3,2,0,1,2.50,2
16,3,0,3,6,6,0,1,2.50,2
16,4,0,4,3,4,0,0,2.50,2
16,5,0,5,2,2,0,0,2.50,2
16,6,0,6,6,5,0,1,4.50,2
16,7,0,7,15,14,0,2,5.71,2
16,8,0,8,21,21,1,1,2.74,7
16,9,0,9,40,35,3,3,4.93,7
16,10,0,10,53,43,6,7,5.99,7
16,11,0,11,50,39,7,11,4.55,7
16,12,0,12,63,52,11,11,13.17,7
16,13,0,13,59,55,5,10,8.23,7
16,14,0,14,49,48,3,8,9.17,7
16,15,0,15,40,36,2,10,5.97,7
16,16,0,16,37,35,6,6,6.36,7
16,17,0,17,31,32,0,5,2.50,7
16,18,0,18,23,23,0,5,3.15,7
16,19,0,19,16,20,1,0,2.50,7
16,20,0,20,8,7,0,1,2.50,2
16,21,0,21,1,1,1,0,2.50,2
16,22,0,22,4,3,0,1,2.50,2
16,23,0,23,5,5,1,0,3.50,2
16,24,1,0,4,4,0,0,2.50,2
16,25,1,1,1,1,0,0,2.50,2
16,26,1,2,4,4,0,0,2.50,2
16,27,1,3,7,6,0,1,2.50,2
16,28,1,4,2,2,1,0,2.50,2
16,29,1,5,3,2,0,1,2.50,2
16,30,1,6,5,6,0,0,3.33,2
16,31,1,7,13,11,0,2,6.14,2
16,32,1,8,33,32,1,2,2.66,7
16,33,1,9,51,41,2,10,3.23,7
16,34,1,10,56,45,7,14,8.28,7
16,35,1,11,64,49,14,15,11.07,7
16,36,1,12,56,50,11,10,11.10,7
16,37,1,13,56,44,11,11,8.64,7
16,38,1,14,72,50,17,16,12.40,7
16,39,1,15,67,53,13,17,10.61,7
16,40,1,16,51,48,7,13,11.35,7
16,41,1,17,39,44,4,4,5.91,7
16,42,1,18,32,36,0,0,3.47,7
16,43,1,19,19,14,1,4,2.50,7
16,44,1,20,13,15,2,0,5.50,2
16,45,1,21,4,4,0,0,2.50,2
16,46,1,22,16,12,2,2,3.75,2
16,47,1,23,6,6,0,2,3.33,2
16,48,2,0,5,7,0,0,2.50,2
16,49,2,1,6,4,1,1,2.50,2
16,50,2,2,8,7,0,2,2.50,2
16,51,2,3,7,9,0,0,4.17,2
16,52,2,4,3,3,0,0,2.50,2
16,53,2,5,6,6,0,0,2.50,2
16,54,2,6,12,9,0,3,4.17,2
16,55,2,7,29,17,3,12,11.91,2
16,56,2,8,49,49,6,6,9.44,7
16,57,2,9,60,43,11,12,9.71,7
16,58,2,10,60,53,12,7,12.12,7
16,59,2,11,69,51,3,22,6.13,7
16,60,2,12,46,54,12,2,12.04,7
16,61,2,13,71,46,14,13,9.89,7
16,62,2,14,75,57,12,19,8.90,7
16,63,2,15,76,60,17,18,14.75,7
16,64,2,16,53,47,10,14,11.12,7
16,65,2,17,44,47,7,4,10.16,7
16,66,2,18,35,33,0,6,2.95,7
16,67,2,19,32,37,1,0,4.93,7
16,68,2,20,21,12,1,8,8.75,2
16,69,2,21,18,12,7,7,17.50,2
16,70,2,22,16,12,7,4,11.25,2
16,71,2,23,11,12,1,2,13.33,2
16,72,3,0,6,6,1,1,3.33,2
16,73,3,1,9,9,0,1,3.06,2
16,74,3,2,5,5,0,1,2.50,2
16,75,3,3,7,8,0,0,2.50,2
16,76,3,4,8,6,2,0,5.00,2
16,77,3,5,7,6,0,1,2.50,2
16,78,3,6,13,11,1,2,7.05,2
16,79,3,7,24,17,4,5,9.26,2
16,80,3,8,48,45,4,4,8.28,7
16,81,3,9,53,45,2,10,6.28,7
16,82,3,10,65,54,11,10,7.04,7
16,83,3,11,69,50,12,17,10.10,7
16,84,3,12,61,59,7,12,11.74,7
16,85,3,13,69,44,12,25,12.50,7
16,86,3,14,61,54,21,11,12.78,7
16,87,3,15,50,46,3,12,7.72,7
16,88,3,16,44,46,6,4,6.30,7
16,89,3,17,41,37,5,3,6.15,7
16,90,3,18,31,30,0,4,2.50,7
16,91,3,19,18,21,1,0,2.50,7
16,92,3,20,20,11,3,6,7.95,2
16,93,3,21,14,9,5,6,9.72,2
16,94,3,22,18,13,8,3,14.81,2
16,95,3,23,6,5,3,1,7.50,2
16,96,4,0,7,7,1,0,2.50,2
16,97,4,1,8,8,0,0,3.75,2
16,98,4,2,8,7,0,1,2.50,2
16,99,4,3,5,6,0,0,2.50,2
16,100,4,4,5,3,1,1,2.50,2
16,101,4,5,4,5,0,0,2.50,2
16,102,4,6,11,8,1,2,2.50,2
16,103,4,7,16,12,2,4,8.75,2
16,104,4,8,30,28,2,4,3.93,7
16,105,4,9,52,45,3,8,3.94,7
16,106,4,10,55,48,3,12,4.17,7
16,107,4,11,44,40,5,11,11.62,7
16,108,4,12,56,46,6,15,12.17,7
16,109,4,13,53,42,15,11,10.95,7
16,110,4,14,43,48,5,1,6.15,7
16,111,4,15,45,37,3,6,6.55,7
16,112,4,16,40,37,5,4,4.53,7
16,113,4,17,29,30,1,2,2.67,7
16,114,4,18,24,26,0,0,2.50,7
16,115,4,19,14,11,1,2,2.50,7
16,116,4,20,21,9,8,6,13.06,2
16,117,4,21,6,10,2,0,15.00,2
16,118,4,22,8,7,0,1,4.64,2
16,119,4,23,4,5,0,0,8.50,2
16,120,5,0,1,1,0,0,2.50,2
16,121,5,1,3,3,0,0,2.50,2
16,122,5,2,6,5,0,1,2.50,2
16,123,5,3,2,3,0,0,2.50,2
16,124,5,4,1,1,0,0,2.50,2
16,125,5,5,3,3,0,0,2.50,2
16,126,5,6,3,3,0,0,2.50,2
16,127,5,7,5,5,0,0,3.50,2
16,128,5,8,16,14,1,1,2.50,4
16,129,5,9,21,19,1,2,3.29,4
16,130,5,10,24,22,1,3,4.32,4
16,131,5,11,26,21,1,7,2.98,4
16,132,5,12,20,20,4,3,7.25,4
16,133,5,13,32,24,1,10,4.79,4
16,134,5,14,23,29,4,0,11.29,4
16,135,5,15,19,17,1,1,5.74,4
16,136,5,16,22,19,2,2,3.82,4
16,137,5,17,12,13,0,1,4.81,4
16,138,5,18,8,7,1,1,2.50,4
16,139,5,19,9,10,0,0,2.50,4
16,140,5,20,6,6,0,0,2.50,2
16,141,5,21,3,3,0,0,2.50,2
16,142,5,22,6,5,0,1,2.50,2
16,143,5,23,3,4,0,0,2.50,2
16,144,6,0,5,4,0,1,2.50,2
16,145,6,1,2,3,0,0,2.50,2
16,146,6,2,3,3,0,0,2.50,2
16,147,6,3,2,2,0,0,2.50,2
16,148,6,4,0,0,0,0,0.00,2
16,149,6,5,2,2,0,0,2.50,2
16,150,6,6,2,2,0,0,2.50,2
16,151,6,7,6,5,1,0,3.50,2
16,152,6,8,19,15,0,4,2.50,4
16,153,6,9,26,23,4,3,8.37,4
16,154,6,10,30,22,2,9,6.82,4
16,155,6,11,29,28,7,3,8.57,4
16,156,6,12,23,20,3,3,3.75,4
16,157,6,13,24,23,1,3,2.93,4
16,158,6,14,34,26,2,9,3.85,4
16,159,6,15,19,21,4,3,7.74,4
16,160,6,16,21,19,1,4,2.50,4
16,161,6,17,19,19,3,1,2.50,4
16,162,6,18,7,7,0,1,2.50,4
16,163,6,19,7,7,0,1,2.50,4
16,164,6,20,6,7,0,0,2.50,2
16,165,6,21,6,4,1,1,2.50,2
16,166,6,22,6,7,0,0,2.50,2
16,167,6,23,2,2,0,0,2.50,2
16,168,7,0,1,1,0,0,2.50,2
16,169,7,1,2,2,0,0,2.50,2
16,170,7,2,0,0,0,0,0.00,2
16,171,7,3,4,4,0,0,2.50,2
16,172,7,4,2,2,0,0,2.50,2
16,173,7,5,4,4,0,0,2.50,2
16,174,7,6,4,2,1,1,2.50,2
16,175,7,7,14,12,0,3,6.67,2
16,176,7,8,31,30,2,2,4.17,7
16,177,7,9,67,49,7,13,4.85,7
16,178,7,10,78,59,16,16,10.64,7
16,179,7,11,52,48,11,9,12.71,7
16,180,7,12,57,45,5,16,8.72,7
16,181,7,13,68,58,11,15,11.47,7
16,182,7,14,64,55,8,16,13.59,7
16,183,7,15,61,53,12,12,13.92,7
16,184,7,16,50,48,3,11,11.35,7
16,185,7,17,40,43,3,5,4.83,7
16,186,7,18,30,31,2,2,2.82,7
16,187,7,19,19,20,0,1,2.50,7
16,188,7,20,23,13,5,6,11.73,2
16,189,7,21,13,15,3,1,13.83,2
16,190,7,22,6,5,0,2,2.50,2
16,191,7,23,10,9,1,2,5.28,2
16,192,8,0,9,10,0,1,3.00,2
16,193,8,1,5,5,1,0,3.50,2
16,194,8,2,7,5,1,1,2.50,2
16,195,8,3,11,9,1,2,4.17,2
16,196,8,4,12,11,2,1,5.23,2
16,197,8,5,11,9,2,1,4.17,2
16,198,8,6,11,11,0,1,3.41,2
16,199,8,7,11,7,1,4,2.50,2
16,200,8,8,44,42,1,5,3.10,7
16,201,8,9,68,52,7,14,8.85,7
16,202,8,10,50,46,9,9,12.72,7
16,203,8,11,64,48,9,16,10.94,7
16,204,8,12,51,54,7,6,10.28,7
16,205,8,13,51,44,9,4,9.20,7
16,206,8,14,58,44,5,13,8.30,7
16,207,8,15,57,56,9,5,9.11,7
16,208,8,16,59,44,7,13,9.32,7
16,209,8,17,36,42,3,4,7.14,7
16,210,8,18,24,28,0,0,3.21,7
16,211,8,19,20,18,0,2,2.50,7
16,212,8,20,17,10,6,3,6.50,2
16,213,8,21,16,13,4,2,11.35,2
16,214,8,22,10,9,0,3,9.72,2
16,215,8,23,11,13,1,0,6.73,2
16,216,9,0,11,10,1,0,7.00,2
16,217,9,1,5,5,0,0,4.50,2
16,218,9,2,7,6,1,0,5.00,2
16,219,9,3,5,5,0,0,3.50,2
16,220,9,4,6,4,0,2,2.50,2
16,221,9,5,4,6,0,0,7.50,2
16,222,9,6,8,7,0,1,5.36,2
16,223,9,7,22,11,3,9,10.23,2
16,224,9,8,38,43,2,2,8.43,7
16,225,9,9,46,40,3,5,4.12,7
16,226,9,10,51,46,6,4,5.33,7
16,227,9,11,57,46,5,10,4.89,7
16,228,9,12,58,49,9,10,11.07,7
16,229,9,13,59,56,8,5,8.21,7
16,230,9,14,76,47,14,20,12.50,7
16,231,9,15,60,56,12,12,11.70,7
16,232,9,16,56,49,7,12,9.23,7
16,233,9,17,37,41,4,4,5.91,7
16,234,9,18,27,25,4,2,2.50,7
16,235,9,19,29,29,2,0,3.19,7
16,236,9,20,19,9,3,7,12.50,2
16,237,9,21,18,13,5,7,16.35,2
16,238,9,22,12,9,8,2,13.06,2
16,239,9,23,9,10,1,0,4.00,2
16,240,10,0,6,5,0,1,2.50,2
16,241,10,1,9,6,2,2,3.33,2
16,242,10,2,5,7,0,0,2.50,2
16,243,10,3,4,4,0,0,2.50,2
16,244,10,4,1,1,0,0,2.50,2
16,245,10,5,10,6,1,3,5.83,2
16,246,10,6,4,6,0,1,5.83,2
16,247,10,7,19,10,3,7,9.00,2
16,248,10,8,28,32,1,2,5.78,7
16,249,10,9,65,44,8,15,6.59,7
16,250,10,10,77,62,14,16,9.60,7
16,251,10,11,56,54,8,10,8.80,7
16,252,10,12,56,48,7,11,9.58,7
16,253,10,13,58,48,9,12,12.29,7
16,254,10,14,61,51,5,17,7.70,7
16,255,10,15,50,51,6,10,10.93,7
16,256,10,16,51,49,7,5,8.11,7
16,257,10,17,34,36,3,0,2.78,7
16,258,10,18,30,28,1,1,2.68,7
16,259,10,19,23,24,0,0,2.71,7
16,260,10,20,16,9,2,5,3.06,2
16,261,10,21,17,15,6,1,13.17,2
16,262,10,22,9,10,0,0,2.50,2
16,263,10,23,9,6,2,1,2.50,2
16,264,11,0,8,7,0,2,3.21,2
16,265,11,1,5,6,1,0,3.33,2
16,266,11,2,12,10,0,2,3.50,2
16,267,11,3,6,6,0,2,5.00,2
16,268,11,4,2,3,0,1,2.50,2
16,269,11,5,6,7,0,0,2.50,2
16,270,11,6,10,9,0,1,3.06,2
16,271,11,7,22,14,4,5,14.29,2
16,272,11,8,46,42,6,3,6.43,7
16,273,11,9,71,53,7,14,11.08,7
16,274,11,10,77,55,19,17,11.23,7
16,275,11,11,71,53,20,15,13.35,7
16,276,11,12,60,48,14,13,11.56,7
16,277,11,13,78,57,18,16,13.03,7
16,278,11,14,70,54,13,19,12.50,7
16,279,11,15,88,59,21,27,13.18,7
16,280,11,16,72,64,24,11,15.23,7
16,281,11,17,50,53,4,4,4.76,7
16,282,11,18,21,23,0,2,2.50,7
16,283,11,19,27,25,1,3,2.50,7
16,284,11,20,17,13,3,4,8.65,2
16,285,11,21,12,12,3,1,7.50,2
16,286,11,22,18,11,4,4,10.68,2
16,287,11,23,13,14,3,0,11.43,2
16,288,12,0,5,5,0,0,4.50,2
16,289,12,1,6,5,0,1,2.50,2
16,290,12,2,5,5,0,1,2.50,2
16,291,12,3,5,6,0,0,2.50,2
16,292,12,4,6,6,0,0,2.50,2
16,293,12,5,8,8,0,0,6.88,2
16,294,12,6,5,4,0,1,2.50,2
16,295,12,7,26,9,7,11,13.06,2
16,296,12,8,35,23,9,14,19.67,4
16,297,12,9,51,37,8,20,15.74,4
16,298,12,10,46,33,22,11,19.02,4
16,299,12,11,58,32,16,21,19.22,4
16,300,12,12,38,27,23,9,19.17,4
16,301,12,13,48,26,15,16,24.04,4
16,302,12,14,45,24,24,13,20.00,4
16,303,12,15,45,31,16,11,14.44,4
16,304,12,16,45,26,14,16,14.81,4
16,305,12,17,32,26,8,14,18.65,4
16,306,12,18,27,25,10,6,20.70,4
16,307,12,19,32,29,4,5,7.84,4
16,308,12,20,19,13,6,5,12.50,2
16,309,12,21,15,8,7,5,15.62,2
16,310,12,22,9,8,5,1,8.75,2
16,311,12,23,9,9,0,1,3.06,2
16,312,13,0,11,11,1,0,3.41,2
16,313,13,1,5,4,1,0,5.00,2
16,314,13,2,8,6,1,1,2.50,2
16,315,13,3,0,1,0,0,2.50,2
16,316,13,4,4,4,0,0,2.50,2
16,317,13,5,10,7,1,2,6.79,2
16,318,13,6,4,4,1,1,2.50,2
16,319,13,7,11,8,0,4,4.38,2
16,320,13,8,17,19,0,2,3.29,4
16,321,13,9,22,23,0,1,3.15,4
16,322,13,10,34,25,5,5,7.70,4
16,323,13,11,39,25,6,13,14.50,4
16,324,13,12,33,30,8,8,12.33,4
16,325,13,13,21,23,1,5,9.02,4
16,326,13,14,29,24,5,5,6.88,4
16,327,13,15,33,24,7,7,10.42,4
16,328,13,16,30,25,5,7,12.10,4
16,329,13,17,21,22,2,4,12.50,4
16,330,13,18,20,23,0,1,3.80,4
16,331,13,19,14,15,0,0,2.50,4
16,332,13,20,6,6,0,0,2.50,2
16,333,13,21,4,4,0,0,2.50,2
16,334,13,22,4,4,0,0,2.50,2
16,335,13,23,5,5,0,0,2.50,2
17,0,0,0,3,4,0,0,2.50,2
17,1,0,1,4,4,0,0,3.75,2
17,2,0,2,7,6,0,1,4.17,2
17,3,0,3,3,4,0,0,2.50,2
17,4,0,4,8,7,1,0,5.36,2
17,5,0,5,6,6,0,0,2.50,2
17,6,0,6,7,5,2,0,3.50,2
17,7,0,7,18,10,4,4,8.50,2
17,8,0,8,35,34,0,5,3.24,7
17,9,0,9,70,49,10,16,10.77,7
17,10,0,10,69,56,9,20,11.16,7
17,11,0,11,59,53,12,14,12.50,7
17,12,0,12,64,50,8,20,10.90,7
17,13,0,13,65,58,15,12,11.64,7
17,14,0,14,48,46,9,5,7.50,7
17,15,0,15,63,54,6,8,7.96,7
17,16,0,16,59,43,9,15,12.27,7
17,17,0,17,36,41,4,6,7.13,7
17,18,0,18,33,37,1,1,4.26,7
17,19,0,19,25,20,1,5,2.50,7
17,20,0,20,18,13,3,7,16.73,2
17,21,0,21,13,13,5,2,17.50,2
17,22,0,22,9,9,0,2,5.83,2
17,23,0,23,12,12,0,2,10.83,2
17,24,1,0,8,8,2,0,3.12,2
17,25,1,1,3,2,0,1,2.50,2
17,26,1,2,5,5,0,1,2.50,2
17,27,1,3,4,5,0,0,2.50,2
17,28,1,4,5,3,1,1,2.50,2
17,29,1,5,5,5,0,1,2.50,2
17,30,1,6,8,7,1,1,4.64,2
17,31,1,7,16,12,1,4,3.75,2
17,32,1,8,39,39,2,2,3.53,7
17,33,1,9,64,43,6,17,7.03,7
17,34,1,10,61,56,11,11,10.71,7
17,35,1,11,59,56,6,8,7.41,7
17,36,1,12,57,55,5,5,10.59,7
17,37,1,13,59,42,4,18,5.36,7
17,38,1,14,59,49,12,16,12.09,7
17,39,1,15,52,58,6,4,5.78,7
17,40,1,16,43,42,0,5,3.10,7
17,41,1,17,32,32,2,3,2.97,7
17,42,1,18,28,29,0,2,2.50,7
17,43,1,19,24,26,0,0,2.50,7
17,44,1,20,11,8,1,2,3.12,2
17,45,1,21,10,10,2,0,3.50,2
17,46,1,22,11,8,0,3,4.38,2
17,47,1,23,8,10,1,0,6.50,2
17,48,2,0,9,6,0,3,4.17,2
17,49,2,1,4,7,0,0,7.50,2
17,50,2,2,4,4,0,0,2.50,2
17,51,2,3,3,2,1,0,2.50,2
17,52,2,4,7,7,0,0,2.50,2
17,53,2,5,3,2,1,0,5.00,2
17,54,2,6,2,1,0,1,2.50,2
17,55,2,7,14,10,1,4,7.00,2
17,56,2,8,31,31,1,3,4.27,7
17,57,2,9,62,51,5,9,6.52,7
17,58,2,10,37,38,2,6,3.68,7
17,59,2,11,48,39,8,7,9.29,7
17,60,2,12,43,43,3,4,8.08,7
17,61,2,13,37,35,2,4,2.64,7
17,62,2,14,48,45,1,6,7.39,7
17,63,2,15,40,39,3,4,5.45,7
17,64,2,16,38,35,4,3,3.93,7
17,65,2,17,30,31,1,1,2.66,7
17,66,2,18,18,15,1,3,2.50,7
17,67,2,19,26,25,1,3,2.50,7
17,68,2,20,12,13,2,0,7.50,2
17,69,2,21,11,9,1,1,3.06,2
17,70,2,22,9,9,0,1,3.06,2
17,71,2,23,7,7,1,0,2.50,2
17,72,3,0,4,3,0,1,2.50,2
17,73,3,1,5,5,0,1,4.50,2
17,74,3,2,2,3,0,0,2.50,2
17,75,3,3,4,3,0,1,2.50,2
17,76,3,4,1,2,0,0,2.50,2
17,77,3,5,6,4,1,1,2.50,2
17,78,3,6,7,7,0,1,2.50,2
17,79,3,7,18,14,2,3,10.00,2
17,80,3,8,44,41,3,3,4.09,7
17,81,3,9,54,41,3,13,5.55,7
17,82,3,10,56,51,8,10,11.23,7
17,83,3,11,71,54,13,14,10.37,7
17,84,3,12,54,50,12,6,9.40,7
17,85,3,13,74,56,2,22,8.30,7
17,86,3,14,70,54,21,17,16.67,7
17,87,3,15,66,47,18,18,14.95,7
17,88,3,16,50,52,9,7,6.83,7
17,89,3,17,53,41,5,14,5.67,7
17,90,3,18,26,33,5,2,6.89,7
17,91,3,19,26,26,0,2,2.69,7
17,92,3,20,8,10,0,0,4.50,2
17,93,3,21,13,10,0,3,8.50,2
17,94,3,22,8,7,1,3,3.93,2
17,95,3,23,13,13,0,3,9.04,2
17,96,4,0,8,9,2,0,11.39,2
17,97,4,1,6,5,0,1,3.50,2
17,98,4,2,3,2,1,1,2.50,2
17,99,4,3,7,7,0,1,2.50,2
17,100,4,4,5,5,0,1,2.50,2
17,101,4,5,6,6,0,1,2.50,2
17,102,4,6,7,7,0,1,3.93,2
17,103,4,7,17,11,2,5,12.05,2
17,104,4,8,24,25,2,2,4.70,7
17,105,4,9,64,44,8,14,9.66,7
17,106,4,10,58,57,6,9,7.32,7
17,107,4,11,60,49,7,13,8.01,7
17,108,4,12,46,41,4,14,6.65,7
17,109,4,13,59,51,11,11,8.97,7
17,110,4,14,69,51,9,20,10.83,7
17,111,4,15,55,54,14,7,10.65,7
17,112,4,16,65,48,4,20,9.48,7
17,113,4,17,32,38,11,3,11.58,7
17,114,4,18,33,31,2,3,2.66,7
17,115,4,19,27,25,2,3,2.50,7
17,116,4,20,10,12,0,1,5.00,2
17,117,4,21,14,12,1,2,6.25,2
17,118,4,22,7,9,0,0,5.83,2
17,119,4,23,9,7,1,1,3.21,2
17,120,5,0,10,11,0,0,3.86,2
17,121,5,1,3,3,0,0,2.50,2
17,122,5,2,2,2,0,0,2.50,2
17,123,5,3,4,3,0,1,2.50,2
17,124,5,4,1,1,1,0,2.50,2
17,125,5,5,6,4,1,1,2.50,2
17,126,5,6,9,9,1,0,8.61,2
17,127,5,7,22,11,2,9,11.14,2
17,128,5,8,27,26,7,3,13.85,4
17,129,5,9,30,23,3,7,9.46,4
17,130,5,10,38,29,14,2,12.16,4
17,131,5,11,50,32,7,13,9.84,4
17,132,5,12,31,25,11,8,14.30,4
17,133,5,13,51,30,14,15,17.67,4
17,134,5,14,58,34,22,17,15.29,4
17,135,5,15,44,31,16,14,23.31,4
17,136,5,16,47,32,15,14,16.25,4
17,137,5,17,36,30,11,9,12.33,4
17,138,5,18,31,20,9,11,17.75,4
17,139,5,19,21,27,4,1,12.31,4
17,140,5,20,13,12,1,1,4.17,2
17,141,5,21,13,10,2,2,4.50,2
17,142,5,22,10,10,1,1,8.00,2
17,143,5,23,8,7,1,1,3.93,2
17,144,6,0,10,10,1,0,3.50,2
17,145,6,1,3,3,0,0,2.50,2
17,146,6,2,4,4,0,0,2.50,2
17,147,6,3,6,5,1,0,2.50,2
17,148,6,4,8,8,0,0,2.50,2
17,149,6,5,7,6,0,1,2.50,2
17,150,6,6,9,8,0,2,5.62,2
17,151,6,7,15,15,2,0,4.50,2
17,152,6,8,25,19,2,4,5.66,4
17,153,6,9,48,30,8,14,11.33,4
17,154,6,10,46,24,19,17,16.25,4
17,155,6,11,53,32,19,19,17.19,4
17,156,6,12,39,32,18,8,20.16,4
17,157,6,13,46,23,17,14,15.76,4
17,158,6,14,63,36,16,25,17.64,4
17,159,6,15,50,27,32,16,25.09,4
17,160,6,16,45,32,15,14,19.22,4
17,161,6,17,43,31,14,12,15.56,4
17,162,6,18,30,21,7,14,22.26,4
17,163,6,19,23,23,9,5,21.85,4
17,164,6,20,17,12,6,4,20.83,2
17,165,6,21,19,16,3,4,12.50,2
17,166,6,22,8,10,0,2,9.00,2
17,167,6,23,6,8,0,0,3.12,2
17,168,7,0,9,7,1,1,3.93,2
17,169,7,1,6,6,0,1,3.33,2
17,170,7,2,3,4,0,0,2.50,2
17,171,7,3,4,4,0,0,2.50,2
17,172,7,4,8,5,1,2,2.50,2
17,173,7,5,5,7,0,0,2.50,2
17,174,7,6,5,3,1,1,2.50,2
17,175,7,7,20,10,3,8,17.00,2
17,176,7,8,33,38,1,2,5.39,7
17,177,7,9,57,39,5,15,6.73,7
17,178,7,10,56,52,8,11,10.19,7
17,179,7,11,55,50,8,8,9.90,7
17,180,7,12,35,35,8,0,9.50,7
17,181,7,13,54,42,3,9,4.52,7
17,182,7,14,45,43,7,4,9.13,7
17,183,7,15,55,49,5,5,4.23,7
17,184,7,16,43,40,1,7,3.12,7
17,185,7,17,35,38,3,1,6.58,7
17,186,7,18,27,26,1,1,3.08,7
17,187,7,19,15,14,0,2,2.50,7
17,188,7,20,17,11,1,7,10.23,2
17,189,7,21,7,8,5,1,11.88,2
17,190,7,22,8,5,0,4,4.50,2
17,191,7,23,10,12,2,0,6.25,2
17,192,8,0,9,8,0,1,9.38,2
17,193,8,1,7,7,0,1,3.21,2
17,194,8,2,6,5,1,1,5.50,2
17,195,8,3,5,6,0,0,2.50,2
17,196,8,4,7,5,2,0,5.50,2
17,197,8,5,6,5,0,1,2.50,2
17,198,8,6,2,3,0,0,2.50,2
17,199,8,7,13,9,2,2,9.17,2
17,200,8,8,16,15,2,1,2.50,7
17,201,8,9,35,31,0,5,2.50,7
17,202,8,10,33,35,0,3,4.64,7
17,203,8,11,23,20,1,5,2.50,7
17,204,8,12,29,33,0,1,2.50,7
17,205,8,13,31,29,1,2,2.67,7
17,206,8,14,20,19,2,1,2.76,7
17,207,8,15,28,28,0,1,2.50,7
17,208,8,16,15,16,0,0,2.50,7
17,209,8,17,10,7,2,1,2.50,7
17,210,8,18,11,11,1,0,2.50,7
17,211,8,19,10,10,0,0,2.50,7
17,212,8,20,9,7,1,1,2.50,2
17,213,8,21,4,4,0,1,2.50,2
17,214,8,22,4,5,0,0,2.50,2
17,215,8,23,3,3,0,0,2.50,2
17,216,9,0,2,2,0,0,2.50,2
17,217,9,1,8,6,1,1,2.50,2
17,218,9,2,3,4,0,0,2.50,2
17,219,9,3,3,3,0,0,2.50,2
17,220,9,4,2,2,0,0,2.50,2
17,221,9,5,5,4,0,1,2.50,2
17,222,9,6,2,2,0,1,7.50,2
17,223,9,7,12,9,0,4,5.28,2
17,224,9,8,32,33,1,2,4.02,7
17,225,9,9,66,46,8,14,5.87,7
17,226,9,10,69,54,10,19,11.76,7
17,227,9,11,68,59,9,19,10.64,7
17,228,9,12,67,56,15,15,13.75,7
17,229,9,13,57,54,13,5,10.28,7
17,230,9,14,74,59,3,17,9.45,7
17,231,9,15,57,58,10,6,11.12,7
17,232,9,16,50,45,3,8,7.61,7
17,233,9,17,48,45,7,4,6.50,7
17,234,9,18,32,32,2,2,2.81,7
17,235,9,19,15,15,0,2,2.50,7
17,236,9,20,20,11,4,7,5.23,2
17,237,9,21,8,11,3,1,12.05,2
17,238,9,22,6,7,0,0,6.07,2
17,239,9,23,10,8,0,2,2.50,2
17,240,10,0,7,9,0,0,3.06,2
17,241,10,1,9,7,0,2,3.21,2
17,242,10,2,6,8,0,0,3.12,2
17,243,10,3,7,5,0,2,4.50,2
17,244,10,4,13,13,0,2,3.65,2
17,245,10,5,10,11,0,1,3.86,2
17,246,10,6,5,6,0,0,3.33,2
17,247,10,7,17,10,1,6,4.00,2
17,248,10,8,35,37,1,3,3.85,7
17,249,10,9,57,50,1,9,6.20,7
17,250,10,10,63,52,14,6,8.94,7
17,251,10,11,54,48,3,9,8.75,7
17,252,10,12,39,45,2,1,4.50,7
17,253,10,13,45,40,2,4,2.75,7
17,254,10,14,51,42,2,11,2.98,7
17,255,10,15,52,47,9,7,7.07,7
17,256,10,16,34,38,2,1,3.95,7
17,257,10,17,35,31,1,4,3.15,7
17,258,10,18,25,21,1,7,2.50,7
17,259,10,19,20,23,0,4,2.72,7
17,260,10,20,14,12,2,4,5.42,2
17,261,10,21,12,12,4,0,7.08,2
17,262,10,22,9,8,0,1,5.62,2
17,263,10,23,11,10,1,1,7.50,2
17,264,11,0,9,8,1,1,3.75,2
17,265,11,1,9,9,0,1,2.50,2
17,266,11,2,5,5,1,0,3.50,2
17,267,11,3,8,7,1,0,2.50,2
17,268,11,4,2,2,0,0,2.50,2
17,269,11,5,3,3,0,0,2.50,2
17,270,11,6,9,8,1,0,6.25,2
17,271,11,7,12,10,2,0,7.00,2
17,272,11,8,41,36,3,2,2.78,7
17,273,11,9,44,42,0,4,2.74,7
17,274,11,10,65,45,3,21,7.61,7
17,275,11,11,50,54,7,10,11.76,7
17,276,11,12,39,40,3,6,4.62,7
17,277,11,13,68,51,11,12,9.85,7
17,278,11,14,71,52,10,21,10.10,7
17,279,11,15,44,47,14,4,11.54,7
17,280,11,16,45,47,0,2,3.24,7
17,281,11,17,54,41,3,12,5.18,7
17,282,11,18,31,36,5,2,5.69,7
17,283,11,19,14,15,0,1,2.50,7
17,284,11,20,14,10,1,4,10.00,2
17,285,11,21,9,12,1,0,10.83,2
17,286,11,22,8,7,1,0,2.50,2
17,287,11,23,8,5,0,3,2.50,2
17,288,12,0,0,3,0,0,5.83,2
17,289,12,1,2,2,0,0,2.50,2
17,290,12,2,2,2,0,0,2.50,2
17,291,12,3,4,4,0,0,2.50,2
17,292,12,4,3,3,0,0,2.50,2
17,293,12,5,3,3,0,0,2.50,2
17,294,12,6,7,5,2,0,2.50,2
17,295,12,7,10,9,0,1,6.94,2
17,296,12,8,21,15,0,7,3.83,4
17,297,12,9,37,29,6,9,14.74,4
17,298,12,10,32,28,4,9,10.89,4
17,299,12,11,31,24,9,7,14.58,4
17,300,12,12,36,27,6,10,8.98,4
17,301,12,13,31,26,9,6,15.19,4
17,302,12,14,37,30,2,11,7.33,4
17,303,12,15,31,28,8,6,13.39,4
17,304,12,16,21,21,2,4,5.60,4
17,305,12,17,14,15,0,3,6.50,4
17,306,12,18,21,22,2,0,7.95,4
17,307,12,19,14,11,0,3,4.32,4
17,308,12,20,5,7,1,0,4.64,2
17,309,12,21,4,3,1,0,2.50,2
17,310,12,22,5,4,0,1,2.50,2
17,311,12,23,7,6,1,1,2.50,2
17,312,13,0,4,4,0,1,2.50,2
17,313,13,1,0,1,0,0,2.50,2
17,314,13,2,4,4,0,0,2.50,2
17,315,13,3,1,1,0,0,2.50,2
17,316,13,4,1,1,0,0,2.50,2
17,317,13,5,2,2,0,0,2.50,2
17,318,13,6,8,7,1,0,2.50,2
17,319,13,7,8,6,1,1,2.50,2
17,320,13,8,24,21,3,1,4.40,4
17,321,13,9,42,25,6,12,11.90,4
17,322,13,10,40,29,10,13,15.43,4
17,323,13,11,45,29,14,15,15.60,4
17,324,13,12,53,31,19,18,18.15,4
17,325,13,13,27,24,17,4,14.17,4
17,326,13,14,38,30,5,7,8.50,4
17,327,13,15,33,29,7,4,9.91,4
17,328,13,16,25,22,2,5,9.77,4
17,329,13,17,20,21,1,3,3.93,4
17,330,13,18,10,13,0,0,2.50,4
17,331,13,19,10,10,0,0,2.50,4
17,332,13,20,11,8,2,1,8.12,2
17,333,13,21,7,7,0,1,2.50,2
17,334,13,22,3,4,0,0,2.50,2
17,335,13,23,8,7,0,1,2.50,2
18,0,0,0,5,4,0,2,2.50,2
18,1,0,1,0,2,0,0,5.00,2
18,2,0,2,5,4,0,1,2.50,2
18,3,0,3,7,7,0,1,3.93,2
18,4,0,4,4,5,0,0,2.50,2
18,5,0,5,2,2,0,0,2.50,2
18,6,0,6,4,3,0,1,2.50,2
18,7,0,7,10,9,1,1,5.28,2
18,8,0,8,28,26,0,3,2.69,7
18,9,0,9,33,30,0,6,2.50,7
18,10,0,10,52,47,4,7,7.29,7
18,11,0,11,46,46,1,6,5.43,7
18,12,0,12,48,41,1,12,6.77,7
18,13,0,13,51,47,9,7,9.95,7
18,14,0,14,67,52,8,14,9.90,7
18,15,0,15,36,42,4,4,9.52,7
18,16,0,16,35,34,2,3,3.09,7
18,17,0,17,38,37,1,3,2.77,7
18,18,0,18,18,18,1,2,2.50,7
18,19,0,19,17,14,1,4,2.50,7
18,20,0,20,10,11,1,2,7.05,2
18,21,0,21,7,6,0,3,2.50,2
18,22,0,22,4,7,0,0,3.21,2
18,23,0,23,2,2,0,0,2.50,2
18,24,1,0,5,5,0,0,2.50,2
18,25,1,1,5,5,0,0,3.50,2
18,26,1,2,3,1,0,2,2.50,2
18,27,1,3,2,4,0,0,2.50,2
18,28,1,4,2,2,0,0,2.50,2
18,29,1,5,6,6,0,0,3.33,2
18,30,1,6,9,8,1,0,4.38,2
18,31,1,7,15,11,0,4,4.77,2
18,32,1,8,49,40,3,10,6.00,7
18,33,1,9,46,47,3,6,6.44,7
18,34,1,10,66,50,6,16,8.50,7
18,35,1,11,60,53,8,15,10.24,7
18,36,1,12,52,45,12,10,9.61,7
18,37,1,13,46,48,8,0,6.04,7
18,38,1,14,74,48,4,22,8.12,7
18,39,1,15,59,59,16,6,11.23,7
18,40,1,16,58,47,1,16,5.90,7
18,41,1,17,39,44,8,3,7.95,7
18,42,1,18,34,30,2,5,3.50,7
18,43,1,19,21,23,1,2,2.50,7
18,44,1,20,17,10,5,4,11.00,2
18,45,1,21,19,14,6,3,16.07,2
18,46,1,22,12,12,1,2,12.92,2
18,47,1,23,12,13,1,0,3.27,2
18,48,2,0,2,2,0,0,2.50,2
18,49,2,1,6,6,0,0,3.33,2
18,50,2,2,3,3,0,0,2.50,2
18,51,2,3,1,1,0,0,2.50,2
18,52,2,4,5,4,1,0,3.75,2
18,53,2,5,2,2,0,0,2.50,2
18,54,2,6,11,11,0,0,2.50,2
18,55,2,7,17,11,5,1,7.95,2
18,56,2,8,32,26,1,6,2.69,7
18,57,2,9,54,46,3,11,6.09,7
18,58,2,10,59,55,4,11,9.68,7
18,59,2,11,56,51,6,10,9.66,7
18,60,2,12,45,45,7,3,7.72,7
18,61,2,13,42,38,3,4,2.76,7
18,62,2,14,46,41,2,7,2.99,7
18,63,2,15,42,41,2,6,4.94,7
18,64,2,16,37,33,6,4,4.32,7
18,65,2,17,35,31,1,7,5.56,7
18,66,2,18,25,24,4,4,3.75,7
18,67,2,19,21,23,1,1,2.50,7
18,68,2,20,10,8,2,1,11.88,2
18,69,2,21,9,7,2,1,8.93,2
18,70,2,22,5,5,0,1,2.50,2
18,71,2,23,5,5,0,1,2.50,2
18,72,3,0,10,8,2,1,3.12,2
18,73,3,1,2,3,0,0,2.50,2
18,74,3,2,4,4,0,0,2.50,2
18,75,3,3,2,2,0,0,2.50,2
18,76,3,4,3,3,0,0,4.17,2
18,77,3,5,3,3,0,0,2.50,2
18,78,3,6,9,9,0,0,3.61,2
18,79,3,7,11,10,1,0,4.00,2
18,80,3,8,37,31,0,6,2.50,7
18,81,3,9,36,36,2,4,2.64,7
18,82,3,10,37,38,1,2,2.63,7
18,83,3,11,46,38,5,5,4.61,7
18,84,3,12,46,36,3,12,3.75,7
18,85,3,13,48,48,4,8,9.17,7
18,86,3,14,36,38,1,5,3.03,7
18,87,3,15,34,37,0,2,3.18,7
18,88,3,16,29,27,2,2,2.50,7
18,89,3,17,22,22,0,2,2.50,7
18,90,3,18,23,25,0,0,2.50,7
18,91,3,19,13,12,1,0,2.50,7
18,92,3,20,9,7,0,2,3.21,2
18,93,3,21,2,4,0,0,6.25,2
18,94,3,22,4,4,0,0,2.50,2
18,95,3,23,6,6,0,0,5.00,2
18,96,4,0,3,3,0,0,2.50,2
18,97,4,1,3,3,0,0,2.50,2
18,98,4,2,4,4,0,0,3.75,2
18,99,4,3,7,6,1,0,5.00,2
18,100,4,4,5,4,1,0,2.50,2
18,101,4,5,1,1,0,0,2.50,2
18,102,4,6,10,8,2,0,6.25,2
18,103,4,7,16,10,2,4,4.50,2
18,104,4,8,29,30,0,3,4.17,7
18,105,4,9,49,44,4,4,8.07,7
18,106,4,10,65,46,8,15,7.17,7
18,107,4,11,73,53,8,27,10.24,7
18,108,4,12,60,59,17,11,13.35,7
18,109,4,13,58,53,6,10,9.58,7
18,110,4,14,38,39,3,6,11.60,7
18,111,4,15,48,40,1,13,6.12,7
18,112,4,16,43,42,11,3,9.40,7
18,113,4,17,39,37,1,4,4.39,7
18,114,4,18,29,28,2,3,3.21,7
18,115,4,19,24,22,0,5,2.50,7
18,116,4,20,11,11,3,2,6.14,2
18,117,4,21,9,8,2,1,5.00,2
18,118,4,22,7,7,0,1,2.50,2
18,119,4,23,4,2,0,3,2.50,2
18,120,5,0,4,7,0,0,3.93,2
18,121,5,1,5,3,1,1,2.50,2
18,122,5,2,2,2,0,1,2.50,2
18,123,5,3,4,4,0,1,2.50,2
18,124,5,4,3,4,0,0,2.50,2
18,125,5,5,2,2,0,0,2.50,2
18,126,5,6,7,7,0,0,3.93,2
18,127,5,7,13,7,0,6,3.93,2
18,128,5,8,22,19,5,4,9.61,4
18,129,5,9,45,27,8,14,11.76,4
18,130,5,10,42,35,9,12,12.36,4
18,131,5,11,44,29,14,13,13.36,4
18,132,5,12,39,27,9,16,16.76,4
18,133,5,13,39,32,12,11,17.81,4
18,134,5,14,41,30,11,11,14.83,4
18,135,5,15,32,26,9,8,14.62,4
18,136,5,16,47,22,16,17,16.59,4
18,137,5,17,26,27,9,7,17.13,4
18,138,5,18,23,22,1,7,6.59,4
18,139,5,19,14,18,2,1,4.44,4
18,140,5,20,12,9,1,3,4.17,2
18,141,5,21,10,11,0,2,6.59,2
18,142,5,22,9,10,0,1,5.00,2
18,143,5,23,7,8,0,0,3.75,2
18,144,6,0,3,3,0,0,2.50,2
18,145,6,1,2,1,1,0,2.50,2
18,146,6,2,4,3,0,1,2.50,2
18,147,6,3,2,3,0,0,5.83,2
18,148,6,4,4,4,0,0,2.50,2
18,149,6,5,3,1,1,1,2.50,2
18,150,6,6,8,8,0,1,2.50,2
18,151,6,7,9,10,0,0,3.00,2
18,152,6,8,21,17,0,4,3.38,4
18,153,6,9,25,25,3,1,4.90,4
18,154,6,10,37,22,3,13,7.50,4
18,155,6,11,36,28,12,9,14.11,4
18,156,6,12,26,24,4,7,16.67,4
18,157,6,13,30,31,4,2,8.15,4
18,158,6,14,37,24,3,12,5.62,4
18,159,6,15,40,30,8,14,16.67,4
18,160,6,16,32,28,7,11,16.07,4
18,161,6,17,26,24,9,4,14.58,4
18,162,6,18,14,15,1,2,3.17,4
18,163,6,19,17,18,0,1,2.78,4
18,164,6,20,11,8,1,3,2.50,2
18,165,6,21,12,12,1,2,6.25,2
18,166,6,22,5,6,1,0,5.00,2
18,167,6,23,6,6,0,0,2.50,2
18,168,7,0,3,2,0,1,2.50,2
18,169,7,1,4,3,1,1,2.50,2
18,170,7,2,3,4,0,0,2.50,2
18,171,7,3,5,5,0,0,2.50,2
18,172,7,4,4,4,0,0,2.50,2
18,173,7,5,6,6,0,0,3.33,2
18,174,7,6,9,9,0,0,3.06,2
18,175,7,7,7,5,1,1,4.50,2
18,176,7,8,26,22,3,2,2.50,7
18,177,7,9,27,24,0,5,2.50,7
18,178,7,10,45,42,3,5,7.38,7
18,179,7,11,38,36,1,6,3.33,7
18,180,7,12,26,30,0,2,4.33,7
18,181,7,13,35,31,0,6,2.82,7
18,182,7,14,45,42,4,5,7.02,7
18,183,7,15,37,38,3,1,2.50,7
18,184,7,16,29,29,0,1,2.50,7
18,185,7,17,23,20,2,2,2.50,7
18,186,7,18,20,19,1,2,2.76,7
18,187,7,19,12,13,0,1,2.50,7
18,188,7,20,7,8,0,0,2.50,2
18,189,7,21,6,6,0,0,3.33,2
18,190,7,22,7,7,0,0,2.50,2
18,191,7,23,3,2,0,1,2.50,2
18,192,8,0,1,2,0,0,2.50,2
18,193,8,1,2,1,1,0,2.50,2
18,194,8,2,3,2,1,0,2.50,2
18,195,8,3,2,2,0,0,2.50,2
18,196,8,4,2,1,1,0,2.50,2
18,197,8,5,2,2,0,0,2.50,2
18,198,8,6,7,3,0,4,2.50,2
18,199,8,7,11,9,4,2,22.50,2
18,200,8,8,28,27,1,2,3.43,7
18,201,8,9,34,30,2,4,2.83,7
18,202,8,10,42,38,4,4,2.76,7
18,203,8,11,38,37,2,3,2.91,7
18,204,8,12,32,31,1,3,3.31,7
18,205,8,13,24,26,0,1,2.50,7
18,206,8,14,50,38,6,7,9.08,7
18,207,8,15,34,36,3,2,9.86,7
18,208,8,16,24,25,0,1,2.50,7
18,209,8,17,22,21,1,1,2.50,7
18,210,8,18,16,15,0,2,2.50,7
18,211,8,19,5,7,0,0,2.50,7
18,212,8,20,7,5,0,2,2.50,2
18,213,8,21,8,8,0,2,2.50,2
18,214,8,22,1,2,1,0,2.50,2
18,215,8,23,0,0,0,0,0.00,2
18,216,9,0,4,4,0,0,2.50,2
18,217,9,1,1,1,0,0,2.50,2
18,218,9,2,3,3,0,0,2.50,2
18,219,9,3,2,2,0,0,2.50,2
18,220,9,4,1,1,0,0,2.50,2
18,221,9,5,5,4,1,0,3.75,2
18,222,9,6,8,7,0,1,3.21,2
18,223,9,7,13,8,1,5,6.25,2
18,224,9,8,24,28,0,1,3.21,7
18,225,9,9,50,40,4,7,5.25,7
18,226,9,10,61,48,7,13,8.75,7
18,227,9,11,58,55,6,10,9.41,7
18,228,9,12,47,45,4,8,9.72,7
18,229,9,13,48,40,2,14,5.38,7
18,230,9,14,77,54,15,22,14.63,7
18,231,9,15,53,51,17,7,13.87,7
18,232,9,16,51,48,6,4,7.50,7
18,233,9,17,35,34,0,5,3.09,7
18,234,9,18,29,28,2,4,3.04,7
18,235,9,19,24,26,0,2,4.23,7
18,236,9,20,15,11,2,4,9.32,2
18,237,9,21,8,11,1,0,5.68,2
18,238,9,22,10,6,3,1,5.00,2
18,239,9,23,10,9,0,2,3.61,2
18,240,10,0,2,2,1,1,5.00,2
18,241,10,1,2,3,0,0,2.50,2
18,242,10,2,5,4,0,1,2.50,2
18,243,10,3,9,10,0,0,3.00,2
18,244,10,4,6,4,2,0,2.50,2
18,245,10,5,3,3,0,0,2.50,2
18,246,10,6,5,4,0,1,2.50,2
18,247,10,7,16,12,3,2,7.50,2
18,248,10,8,31,30,1,2,2.83,7
18,249,10,9,50,47,2,3,2.82,7
18,250,10,10,63,49,2,15,6.07,7
18,251,10,11,55,56,8,6,9.91,7
18,252,10,12,44,47,0,3,3.46,7
18,253,10,13,58,48,4,9,6.56,7
18,254,10,14,61,49,11,10,10.66,7
18,255,10,15,60,54,5,11,6.20,7
18,256,10,16,37,43,4,1,5.76,7
18,257,10,17,36,31,1,5,3.63,7
18,258,10,18,26,28,1,2,3.04,7
18,259,10,19,8,10,0,0,2.50,7
18,260,10,20,11,8,1,2,3.75,2
18,261,10,21,9,10,0,1,2.50,2
18,262,10,22,3,3,0,1,4.17,2
18,263,10,23,8,8,0,1,4.38,2
18,264,11,0,10,8,0,3,3.12,2
18,265,11,1,4,6,1,0,5.83,2
18,266,11,2,7,6,1,0,2.50,2
18,267,11,3,2,1,0,1,2.50,2
18,268,11,4,5,6,0,0,2.50,2
18,269,11,5,3,2,0,1,2.50,2
18,270,11,6,5,4,1,1,5.00,2
18,271,11,7,18,11,2,6,9.77,2
18,272,11,8,30,32,0,4,4.22,7
18,273,11,9,43,36,5,6,2.50,7
18,274,11,10,61,47,4,16,5.69,7
18,275,11,11,65,47,20,14,13.88,7
18,276,11,12,52,48,7,11,9.38,7
18,277,11,13,73,51,13,20,10.74,7
18,278,11,14,70,57,13,20,13.38,7
18,279,11,15,66,54,12,20,14.17,7
18,280,11,16,47,48,11,8,8.85,7
18,281,11,17,45,44,1,8,3.52,7
18,282,11,18,35,42,0,1,4.29,7
18,283,11,19,19,17,1,2,2.50,7
18,284,11,20,18,12,2,6,10.00,2
18,285,11,21,6,10,2,0,10.00,2
18,286,11,22,7,5,1,1,2.50,2
18,287,11,23,3,3,0,1,2.50,2
18,288,12,0,7,7,0,1,4.64,2
18,289,12,1,9,8,0,2,5.00,2
18,290,12,2,6,7,1,0,7.50,2
18,291,12,3,5,5,0,0,2.50,2
18,292,12,4,5,5,0,0,3.50,2
18,293,12,5,4,4,0,0,2.50,2
18,294,12,6,10,9,1,0,3.06,2
18,295,12,7,12,12,0,0,10.83,2
18,296,12,8,18,15,1,2,7.17,4
18,297,12,9,28,23,4,3,3.15,4
18,298,12,10,32,20,7,8,14.25,4
18,299,12,11,35,26,8,9,11.92,4
18,300,12,12,32,23,9,9,14.89,4
18,301,12,13,32,23,7,11,17.07,4
18,302,12,14,43,25,16,13,18.90,4
18,303,12,15,42,35,8,12,19.07,4
18,304,12,16,27,25,7,7,9.90,4
18,305,12,17,27,25,2,7,12.10,4
18,306,12,18,18,24,1,0,10.62,4
18,307,12,19,14,11,0,3,2.50,4
18,308,12,20,12,11,1,3,11.14,2
18,309,12,21,8,9,1,1,6.39,2
18,310,12,22,4,5,0,0,2.50,2
18,311,12,23,4,3,1,0,2.50,2
18,312,13,0,5,4,0,1,2.50,2
18,313,13,1,8,8,0,1,2.50,2
18,314,13,2,3,4,0,0,2.50,2
18,315,13,3,2,2,0,0,2.50,2
18,316,13,4,2,2,0,0,2.50,2
18,317,13,5,1,1,0,0,2.50,2
18,318,13,6,3,2,0,1,2.50,2
18,319,13,7,10,8,0,3,4.38,2
18,320,13,8,23,23,1,2,3.15,4
18,321,13,9,30,28,2,2,5.54,4
18,322,13,10,22,20,1,3,3.50,4
18,323,13,11,30,21,3,9,8.45,4
18,324,13,12,24,24,7,2,7.08,4
18,325,13,13,26,24,2,2,7.50,4
18,326,13,14,26,20,3,5,5.25,4
18,327,13,15,24,25,2,2,5.10,4
18,328,13,16,26,21,1,6,6.31,4
18,329,13,17,19,24,0,1,5.83,4
18,330,13,18,19,19,1,0,4.87,4
18,331,13,19,11,11,0,0,2.50,4
18,332,13,20,6,5,1,0,5.50,2
18,333,13,21,5,5,0,0,2.50,2
18,334,13,22,4,4,0,0,3.75,2
18,335,13,23,2,1,1,0,2.50,2
19,0,0,0,4,4,0,1,2.50,2
19,1,0,1,4,5,0,0,2.50,2
19,2,0,2,7,6,0,1,2.50,2
19,3,0,3,3,3,0,1,2.50,2
19,4,0,4,3,4,0,0,2.50,2
19,5,0,5,5,4,0,1,2.50,2
19,6,0,6,5,6,0,0,3.33,2
19,7,0,7,15,10,2,3,7.00,2
19,8,0,8,38,36,0,5,3.19,7
19,9,0,9,49,44,2,8,3.98,7
19,10,0,10,67,47,11,17,12.50,7
19,11,0,11,81,60,19,19,14.92,7
19,12,0,12,53,53,10,9,10.90,7
19,13,0,13,67,55,6,15,8.05,7
19,14,0,14,81,50,17,29,13.10,7
19,15,0,15,55,56,15,13,13.04,7
19,16,0,16,59,66,4,2,4.32,7
19,17,0,17,40,33,3,6,5.38,7
19,18,0,18,36,35,2,5,5.07,7
19,19,0,19,29,26,5,3,2.69,7
19,20,0,20,9,10,1,1,7.00,2
19,21,0,21,7,7,0,1,2.50,2
19,22,0,22,7,8,0,0,5.00,2
19,23,0,23,5,4,0,1,2.50,2
19,24,1,0,6,7,0,0,6.07,2
19,25,1,1,7,6,0,1,4.17,2
19,26,1,2,4,5,0,0,2.50,2
19,27,1,3,5,4,1,0,2.50,2
19,28,1,4,6,6,0,0,2.50,2
19,29,1,5,14,9,3,2,4.72,2
19,30,1,6,14,12,2,2,9.17,2
19,31,1,7,32,17,7,10,12.21,2
19,32,1,8,54,46,8,10,9.13,7
19,33,1,9,76,51,12,23,15.83,7
19,34,1,10,76,47,26,26,18.67,7
19,35,1,11,82,80,12,16,12.25,7
19,36,1,12,65,70,5,6,5.93,7
19,37,1,13,107,73,12,28,8.87,7
19,38,1,14,90,80,23,15,11.44,7
19,39,1,15,66,68,5,8,9.04,7
19,40,1,16,66,61,2,11,4.80,7
19,41,1,17,55,53,4,9,5.90,7
19,42,1,18,43,41,5,6,4.45,7
19,43,1,19,26,29,2,1,3.36,7
19,44,1,20,18,13,0,6,13.65,2
19,45,1,21,13,8,6,5,16.25,2
19,46,1,22,18,16,4,3,16.25,2
19,47,1,23,16,16,3,0,9.38,2
19,48,2,0,9,7,0,2,3.93,2
19,49,2,1,9,9,2,0,4.72,2
19,50,2,2,5,5,0,0,2.50,2
19,51,2,3,7,6,1,0,2.50,2
19,52,2,4,10,9,1,0,2.50,2
19,53,2,5,8,6,1,1,4.17,2
19,54,2,6,11,7,1,4,5.36,2
19,55,2,7,25,14,4,11,17.50,2
19,56,2,8,54,45,12,8,11.39,7
19,57,2,9,91,55,27,17,15.05,7
19,58,2,10,94,81,14,16,9.91,7
19,59,2,11,82,80,5,13,7.62,7
19,60,2,12,77,75,6,9,6.23,7
19,61,2,13,60,59,5,5,4.11,7
19,62,2,14,79,52,13,19,9.52,7
19,63,2,15,75,51,19,24,15.83,7
19,64,2,16,60,52,20,12,12.98,7
19,65,2,17,60,58,4,10,6.47,7
19,66,2,18,43,44,3,6,8.75,7
19,67,2,19,25,27,1,3,3.43,7
19,68,2,20,20,13,3,7,14.04,2
19,69,2,21,23,15,8,7,15.50,2
19,70,2,22,18,14,7,4,11.79,2
19,71,2,23,15,10,3,6,13.50,2
19,72,3,0,19,11,7,7,26.14,2
19,73,3,1,10,12,4,1,14.17,2
19,74,3,2,14,8,4,3,6.88,2
19,75,3,3,9,9,2,1,9.17,2
19,76,3,4,7,6,1,1,3.33,2
19,77,3,5,11,8,2,2,11.25,2
19,78,3,6,10,10,2,0,3.50,2
19,79,3,7,20,15,0,5,6.50,2
19,80,3,8,44,34,0,15,5.29,7
19,81,3,9,54,49,14,6,9.23,7
19,82,3,10,69,48,13,14,11.04,7
19,83,3,11,56,46,9,15,8.04,7
19,84,3,12,48,49,6,8,9.64,7
19,85,3,13,56,49,10,5,8.42,7
19,86,3,14,59,43,5,16,8.78,7
19,87,3,15,64,62,7,11,9.52,7
19,88,3,16,47,49,7,2,8.32,7
19,89,3,17,40,34,0,8,3.53,7
19,90,3,18,35,35,4,4,8.50,7
19,91,3,19,30,29,1,4,3.53,7
19,92,3,20,13,4,9,4,30.00,2
19,93,3,21,16,11,1,8,10.23,2
19,94,3,22,12,16,3,1,7.50,2
19,95,3,23,9,9,1,0,4.72,2
19,96,4,0,3,3,0,0,2.50,2
19,97,4,1,6,6,0,0,3.33,2
19,98,4,2,9,6,2,1,5.83,2
19,99,4,3,8,7,0,2,3.21,2
19,100,4,4,3,4,0,1,3.75,2
19,101,4,5,4,4,0,1,2.50,2
19,102,4,6,12,11,1,1,5.23,2
19,103,4,7,19,11,3,6,5.23,2
19,104,4,8,54,48,5,7,4.69,7
19,105,4,9,78,49,17,19,11.89,7
19,106,4,10,90,73,17,19,15.10,7
19,107,4,11,89,89,7,12,7.84,7
19,108,4,12,71,61,8,14,5.20,7
19,109,4,13,93,58,31,18,13.79,7
19,110,4,14,80,70,11,17,8.86,7
19,111,4,15,62,66,4,9,6.36,7
19,112,4,16,67,50,9,17,8.20,7
19,113,4,17,62,59,8,12,8.86,7
19,114,4,18,29,34,5,2,9.26,7
19,115,4,19,18,16,2,2,2.50,7
19,116,4,20,20,12,8,2,10.00,2
19,117,4,21,20,10,7,5,15.50,2
19,118,4,22,8,10,3,0,8.00,2
19,119,4,23,15,14,1,0,5.36,2
19,120,5,0,5,5,0,0,2.50,2
19,121,5,1,8,6,1,1,5.00,2
19,122,5,2,8,8,0,1,5.00,2
19,123,5,3,2,2,1,0,2.50,2
19,124,5,4,6,6,0,0,2.50,2
19,125,5,5,7,5,0,2,7.50,2
19,126,5,6,9,10,0,1,5.00,2
19,127,5,7,18,7,5,7,17.50,2
19,128,5,8,24,23,3,5,7.93,4
19,129,5,9,38,29,4,10,9.91,4
19,130,5,10,51,36,11,14,15.00,4
19,131,5,11,55,31,20,18,17.34,4
19,132,5,12,48,34,19,13,18.68,4
19,133,5,13,54,37,15,15,13.45,4
19,134,5,14,57,32,20,20,18.75,4
19,135,5,15,52,33,22,17,18.56,4
19,136,5,16,54,30,25,16,15.17,4
19,137,5,17,34,31,12,7,17.02,4
19,138,5,18,33,30,3,7,4.67,4
19,139,5,19,19,19,5,2,6.97,4
19,140,5,20,17,12,2,5,7.92,2
19,141,5,21,5,6,2,2,9.17,2
19,142,5,22,6,8,0,0,2.50,2
19,143,5,23,8,8,0,0,3.75,2
19,144,6,0,2,2,0,0,2.50,2
19,145,6,1,5,4,0,1,2.50,2
19,146,6,2,3,4,0,0,2.50,2
19,147,6,3,5,5,0,0,2.50,2
19,148,6,4,2,2,0,0,2.50,2
19,149,6,5,3,3,0,0,2.50,2
19,150,6,6,9,8,0,1,3.12,2
19,151,6,7,13,11,1,2,9.77,2
19,152,6,8,21,22,0,1,3.64,4
19,153,6,9,21,21,1,0,7.98,4
19,154,6,10,26,26,0,0,2.88,4
19,155,6,11,26,23,0,3,3.37,4
19,156,6,12,23,22,1,3,3.18,4
19,157,6,13,26,27,1,1,5.28,4
19,158,6,14,30,27,1,3,4.72,4
19,159,6,15,27,22,2,6,5.00,4
19,160,6,16,27,24,3,6,6.88,4
19,161,6,17,22,25,1,2,4.50,4
19,162,6,18,14,15,1,0,2.83,4
19,163,6,19,12,9,2,1,2.50,4
19,164,6,20,9,9,0,1,4.72,2
19,165,6,21,5,6,0,0,2.50,2
19,166,6,22,5,4,1,0,2.50,2
19,167,6,23,6,6,0,0,2.50,2
19,168,7,0,3,3,0,0,2.50,2
19,169,7,1,5,5,0,0,4.50,2
19,170,7,2,6,5,1,0,2.50,2
19,171,7,3,4,3,0,1,2.50,2
19,172,7,4,5,6,0,0,2.50,2
19,173,7,5,4,4,0,0,2.50,2
19,174,7,6,3,3,0,0,2.50,2
19,175,7,7,12,9,1,2,3.61,2
19,176,7,8,21,22,1,0,2.73,7
19,177,7,9,37,34,1,2,2.79,7
19,178,7,10,62,52,3,9,3.75,7
19,179,7,11,59,45,6,17,9.72,7
19,180,7,12,61,55,7,16,9.50,7
19,181,7,13,47,48,10,5,7.81,7
19,182,7,14,49,47,2,5,5.37,7
19,183,7,15,39,39,1,4,4.55,7
19,184,7,16,51,40,5,10,4.38,7
19,185,7,17,22,27,2,3,7.69,7
19,186,7,18,23,24,1,1,3.33,7
19,187,7,19,18,19,0,0,2.76,7
19,188,7,20,9,7,2,0,5.36,2
19,189,7,21,4,4,0,0,2.50,2
19,190,7,22,4,4,0,0,2.50,2
19,191,7,23,0,0,0,0,0.00,2
19,192,8,0,6,5,1,0,2.50,2
19,193,8,1,4,4,0,0,2.50,2
19,194,8,2,5,5,0,0,3.50,2
19,195,8,3,4,4,0,0,2.50,2
19,196,8,4,5,4,0,1,2.50,2
19,197,8,5,8,9,0,0,3.06,2
19,198,8,6,7,6,0,1,2.50,2
19,199,8,7,17,11,2,5,6.14,2
19,200,8,8,39,41,0,3,2.74,7
19,201,8,9,50,42,3,8,4.05,7
19,202,8,10,58,47,5,14,8.24,7
19,203,8,11,48,47,6,9,11.12,7
19,204,8,12,49,46,9,3,8.15,7
19,205,8,13,52,40,6,9,8.12,7
19,206,8,14,45,47,3,4,6.12,7
19,207,8,15,55,39,10,10,6.86,7
19,208,8,16,41,42,4,5,3.93,7
19,209,8,17,27,26,0,6,3.27,7
19,210,8,18,28,30,2,2,3.50,7
19,211,8,19,15,16,0,1,2.50,7
19,212,8,20,14,13,1,1,8.27,2
19,213,8,21,5,5,0,1,3.50,2
19,214,8,22,7,8,0,0,5.00,2
19,215,8,23,7,5,1,1,2.50,2
19,216,9,0,13,10,1,3,3.00,2
19,217,9,1,8,7,2,2,16.07,2
19,218,9,2,6,7,1,0,3.21,2
19,219,9,3,5,4,1,0,2.50,2
19,220,9,4,3,3,0,0,2.50,2
19,221,9,5,7,6,0,1,2.50,2
19,222,9,6,9,7,0,3,3.93,2
19,223,9,7,30,16,10,7,18.75,2
19,224,9,8,39,40,1,5,5.25,7
19,225,9,9,75,57,7,16,8.90,7
19,226,9,10,103,67,27,25,15.19,7
19,227,9,11,94,77,25,17,13.60,7
19,228,9,12,77,72,7,15,9.72,7
19,229,9,13,74,66,6,17,4.09,7
19,230,9,14,71,56,15,17,10.98,7
19,231,9,15,64,59,9,13,9.62,7
19,232,9,16,62,46,8,21,11.74,7
19,233,9,17,61,57,10,15,13.03,7
19,234,9,18,39,40,5,9,6.00,7
19,235,9,19,21,27,1,2,6.76,7
19,236,9,20,23,8,3,14,16.88,2
19,237,9,21,17,14,10,7,32.14,2
19,238,9,22,15,14,3,5,8.93,2
19,239,9,23,7,7,4,1,12.50,2
19,240,10,0,8,9,0,0,4.17,2
19,241,10,1,2,2,0,0,2.50,2
19,242,10,2,8,8,0,0,5.00,2
19,243,10,3,7,7,0,0,3.21,2
19,244,10,4,9,8,0,1,3.75,2
19,245,10,5,9,10,0,0,2.50,2
19,246,10,6,16,11,1,4,3.41,2
19,247,10,7,22,16,6,4,11.56,2
19,248,10,8,34,35,0,3,3.79,7
19,249,10,9,56,43,5,11,4.59,7
19,250,10,10,64,57,9,9,9.96,7
19,251,10,11,59,50,10,8,9.30,7
19,252,10,12,68,56,6,14,11.16,7
19,253,10,13,61,53,10,12,10.71,7
19,254,10,14,63,55,6,14,10.05,7
19,255,10,15,50,45,9,10,8.61,7
19,256,10,16,54,43,7,14,10.06,7
19,257,10,17,43,43,8,6,11.80,7
19,258,10,18,34,33,1,6,3.56,7
19,259,10,19,22,25,0,3,2.70,7
19,260,10,20,13,12,3,1,10.42,2
19,261,10,21,14,12,0,3,5.42,2
19,262,10,22,5,5,1,2,5.50,2
19,263,10,23,11,11,0,2,10.68,2
19,264,11,0,7,5,1,3,4.50,2
19,265,11,1,4,6,1,0,8.33,2
19,266,11,2,8,8,0,0,5.00,2
19,267,11,3,8,5,0,3,2.50,2
19,268,11,4,7,9,0,1,4.72,2
19,269,11,5,10,9,2,0,3.61,2
19,270,11,6,4,3,1,0,2.50,2
19,271,11,7,16,11,2,3,2.95,2
19,272,11,8,32,33,0,2,2.80,7
19,273,11,9,67,47,4,18,5.59,7
19,274,11,10,70,51,18,19,15.93,7
19,275,11,11,73,55,11,26,14.32,7
19,276,11,12,57,54,13,16,11.67,7
19,277,11,13,60,53,13,10,13.54,7
19,278,11,14,63,51,5,17,9.56,7
19,279,11,15,69,52,8,26,13.37,7
19,280,11,16,45,51,14,6,16.62,7
19,281,11,17,50,42,7,7,7.02,7
19,282,11,18,23,25,3,2,3.70,7
19,283,11,19,25,25,1,1,2.50,7
19,284,11,20,21,10,6,6,12.00,2
19,285,11,21,18,15,5,4,5.17,2
19,286,11,22,13,10,4,3,3.50,2
19,287,11,23,8,10,0,1,3.50,2
19,288,12,0,14,12,2,1,8.33,2
19,289,12,1,8,6,1,2,3.33,2
19,290,12,2,5,6,0,1,3.33,2
19,291,12,3,7,7,0,1,3.21,2
19,292,12,4,4,5,0,0,2.50,2
19,293,12,5,5,5,0,0,2.50,2
19,294,12,6,11,11,0,0,8.86,2
19,295,12,7,11,7,2,2,8.93,2
19,296,12,8,20,18,0,4,2.50,4
19,297,12,9,37,29,1,11,5.78,4
19,298,12,10,50,28,15,18,17.50,4
19,299,12,11,44,29,23,10,20.95,4
19,300,12,12,35,27,11,7,18.24,4
19,301,12,13,46,25,12,16,16.50,4
19,302,12,14,57,29,24,20,24.74,4
19,303,12,15,51,28,25,18,23.93,4
19,304,12,16,38,29,14,13,18.71,4
19,305,12,17,38,30,15,6,13.83,4
19,306,12,18,27,25,4,4,5.30,4
19,307,12,19,19,21,2,0,6.79,4
19,308,12,20,15,8,4,3,18.12,2
19,309,12,21,12,13,0,2,4.81,2
19,310,12,22,3,5,0,0,3.50,2
19,311,12,23,6,5,1,0,2.50,2
19,312,13,0,4,3,0,1,2.50,2
19,313,13,1,6,5,0,2,2.50,2
19,314,13,2,2,4,0,0,5.00,2
19,315,13,3,1,1,0,0,2.50,2
19,316,13,4,6,5,0,1,2.50,2
19,317,13,5,0,1,0,0,2.50,2
19,318,13,6,2,2,0,0,2.50,2
19,319,13,7,12,11,0,1,5.68,2
19,320,13,8,21,19,0,3,2.50,4
19,321,13,9,49,25,13,14,11.70,4
19,322,13,10,48,31,14,17,17.50,4
19,323,13,11,43,29,14,17,17.67,4
19,324,13,12,49,30,14,22,23.00,4
19,325,13,13,39,30,22,9,21.00,4
19,326,13,14,50,23,15,21,18.80,4
19,327,13,15,53,30,25,19,23.50,4
19,328,13,16,53,29,21,22,22.33,4
19,329,13,17,31,30,14,9,21.00,4
19,330,13,18,35,28,6,10,13.93,4
19,331,13,19,20,24,5,1,10.42,4
19,332,13,20,10,9,1,1,2.50,2
19,333,13,21,8,9,0,0,5.28,2
19,334,13,22,8,7,1,0,4.64,2
19,335,13,23,1,1,0,0,2.50,2
20,0,0,0,2,2,0,0,2.50,2
20,1,0,1,1,1,0,0,2.50,2
20,2,0,2,3,3,0,0,2.50,2
20,3,0,3,2,2,0,0,2.50,2
20,4,0,4,0,0,0,0,0.00,2
20,5,0,5,3,2,1,0,2.50,2
20,6,0,6,5,4,0,1,2.50,2
20,7,0,7,7,8,0,0,3.75,2
20,8,0,8,27,25,0,2,2.50,7
20,9,0,9,32,28,1,5,2.50,7
20,10,0,10,38,36,2,5,2.64,7
20,11,0,11,40,40,1,4,5.50,7
20,12,0,12,34,34,0,4,2.65,7
20,13,0,13,36,35,2,3,3.93,7
20,14,0,14,31,31,2,1,2.50,7
20,15,0,15,28,26,1,2,2.50,7
20,16,0,16,25,25,1,1,4.50,7
20,17,0,17,24,20,1,4,2.50,7
20,18,0,18,11,14,0,1,2.50,7
20,19,0,19,9,9,1,0,2.50,7
20,20,0,20,7,7,0,0,2.50,2
20,21,0,21,4,3,1,0,2.50,2
20,22,0,22,2,2,0,0,2.50,2
20,23,0,23,3,3,0,0,4.17,2
20,24,1,0,5,5,0,0,2.50,2
20,25,1,1,3,3,0,0,2.50,2
20,26,1,2,7,6,0,1,2.50,2
20,27,1,3,6,7,0,0,2.50,2
20,28,1,4,4,4,0,0,2.50,2
20,29,1,5,10,10,0,0,5.00,2
20,30,1,6,7,7,0,0,3.93,2
20,31,1,7,22,14,3,5,9.64,2
20,32,1,8,56,42,11,8,7.86,7
20,33,1,9,72,53,9,18,11.93,7
20,34,1,10,105,71,25,27,13.35,7
20,35,1,11,119,85,39,22,14.32,7
20,36,1,12,97,88,20,11,8.81,7
20,37,1,13,94,79,8,18,8.64,7
20,38,1,14,98,80,15,21,11.81,7
20,39,1,15,112,82,23,28,10.98,7
20,40,1,16,87,79,25,11,10.28,7
20,41,1,17,65,63,5,8,5.36,7
20,42,1,18,50,49,3,6,5.66,7
20,43,1,19,33,34,1,4,3.09,7
20,44,1,20,18,13,2,7,5.96,2
20,45,1,21,16,15,6,2,11.17,2
20,46,1,22,8,8,0,2,3.75,2
20,47,1,23,7,7,0,2,2.50,2
20,48,2,0,4,5,0,1,6.50,2
20,49,2,1,7,8,0,0,3.12,2
20,50,2,2,12,8,3,1,3.75,2
20,51,2,3,17,13,1,4,3.65,2
20,52,2,4,12,10,5,1,8.50,2
20,53,2,5,18,13,1,5,7.88,2
20,54,2,6,14,12,3,4,20.83,2
20,55,2,7,27,14,7,10,15.71,2
20,56,2,8,44,43,4,7,6.92,7
20,57,2,9,63,49,7,14,8.21,7
20,58,2,10,93,53,13,41,14.01,7
20,59,2,11,81,78,29,15,15.64,7
20,60,2,12,74,69,7,13,7.50,7
20,61,2,13,73,69,5,12,5.83,7
20,62,2,14,73,67,9,9,7.13,7
20,63,2,15,75,64,9,11,8.91,7
20,64,2,16,70,67,8,6,7.28,7
20,65,2,17,55,42,6,13,6.19,7
20,66,2,18,38,42,5,4,5.36,7
20,67,2,19,33,33,2,2,2.65,7
20,68,2,20,23,12,4,9,7.92,2
20,69,2,21,28,12,11,14,25.00,2
20,70,2,22,15,12,13,4,21.25,2
20,71,2,23,15,14,2,3,10.00,2
20,72,3,0,11,10,4,0,14.00,2
20,73,3,1,10,6,1,3,2.50,2
20,74,3,2,14,11,1,5,4.32,2
20,75,3,3,8,9,0,4,11.94,2
20,76,3,4,9,13,0,0,5.19,2
20,77,3,5,8,6,1,1,2.50,2
20,78,3,6,11,9,2,1,4.72,2
20,79,3,7,25,11,2,13,7.50,2
20,80,3,8,51,51,5,8,10.93,7
20,81,3,9,86,62,11,21,11.29,7
20,82,3,10,83,62,27,15,15.73,7
20,83,3,11,99,71,16,27,10.88,7
20,84,3,12,77,77,16,11,11.07,7
20,85,3,13,82,60,11,22,8.92,7
20,86,3,14,67,69,10,10,8.66,7
20,87,3,15,67,61,5,11,6.02,7
20,88,3,16,66,56,4,17,6.96,7
20,89,3,17,40,46,7,4,11.63,7
20,90,3,18,36,38,1,1,2.76,7
20,91,3,19,23,20,0,4,2.75,7
20,92,3,20,14,13,2,3,5.58,2
20,93,3,21,29,13,9,10,17.50,2
20,94,3,22,16,15,10,1,11.83,2
20,95,3,23,13,9,0,5,5.28,2
20,96,4,0,12,15,1,1,7.50,2
20,97,4,1,8,9,0,0,4.17,2
20,98,4,2,14,7,3,4,6.79,2
20,99,4,3,13,11,2,4,7.50,2
20,100,4,4,10,10,2,2,4.50,2
20,101,4,5,6,7,0,1,5.36,2
20,102,4,6,12,13,0,0,3.27,2
20,103,4,7,13,7,4,2,2.50,2
20,104,4,8,54,44,2,10,5.11,7
20,105,4,9,60,51,10,9,7.30,7
20,106,4,10,77,50,13,23,11.80,7
20,107,4,11,81,49,29,26,16.48,7
20,108,4,12,71,59,16,22,12.25,7
20,109,4,13,83,62,19,24,11.61,7
20,110,4,14,75,53,24,22,16.37,7
20,111,4,15,88,66,28,16,18.03,7
20,112,4,16,58,60,8,6,5.67,7
20,113,4,17,42,42,2,4,3.10,7
20,114,4,18,35,34,1,4,2.50,7
20,115,4,19,29,26,2,5,2.69,7
20,116,4,20,17,12,2,8,17.92,2
20,117,4,21,16,17,4,3,18.09,2
20,118,4,22,16,10,7,2,17.50,2
20,119,4,23,11,9,1,3,5.28,2
20,120,5,0,5,8,0,0,3.12,2
20,121,5,1,7,6,1,0,2.50,2
20,122,5,2,7,6,1,0,9.17,2
20,123,5,3,4,3,0,1,2.50,2
20,124,5,4,6,6,0,1,6.67,2
20,125,5,5,6,7,0,0,4.64,2
20,126,5,6,6,5,1,0,2.50,2
20,127,5,7,24,12,2,10,5.00,2
20,128,5,8,27,29,6,2,11.98,4
20,129,5,9,31,17,10,6,13.38,4
20,130,5,10,53,31,11,17,10.73,4
20,131,5,11,48,34,16,15,17.06,4
20,132,5,12,29,23,16,5,17.50,4
20,133,5,13,43,26,15,7,13.85,4
20,134,5,14,44,26,11,14,13.65,4
20,135,5,15,44,32,14,12,18.12,4
20,136,5,16,41,28,13,12,16.25,4
20,137,5,17,27,25,7,7,11.10,4
20,138,5,18,17,20,3,1,5.75,4
20,139,5,19,24,21,1,3,4.17,4
20,140,5,20,15,9,3,6,11.39,2
20,141,5,21,9,11,2,2,11.14,2
20,142,5,22,4,4,1,1,2.50,2
20,143,5,23,10,10,0,1,3.00,2
20,144,6,0,4,5,0,0,5.50,2
20,145,6,1,3,3,0,0,2.50,2
20,146,6,2,1,0,0,1,0.00,2
20,147,6,3,0,1,0,0,2.50,2
20,148,6,4,3,2,0,1,2.50,2
20,149,6,5,4,5,0,0,2.50,2
20,150,6,6,1,1,0,0,2.50,2
20,151,6,7,13,11,1,1,3.86,2
20,152,6,8,11,12,0,0,3.33,4
20,153,6,9,24,19,0,5,3.03,4
20,154,6,10,29,25,1,8,7.10,4
20,155,6,11,27,21,11,3,18.21,4
20,156,6,12,32,23,5,7,4.02,4
20,157,6,13,29,23,7,6,11.63,4
20,158,6,14,30,26,3,7,6.35,4
20,159,6,15,26,22,5,6,8.41,4
20,160,6,16,21,21,4,2,12.02,4
20,161,6,17,22,21,1,2,3.93,4
20,162,6,18,14,15,1,0,2.83,4
20,163,6,19,8,8,0,0,2.50,4
20,164,6,20,5,5,0,0,2.50,2
20,165,6,21,8,6,1,1,2.50,2
20,166,6,22,4,5,0,0,2.50,2
20,167,6,23,2,0,1,1,0.00,2
20,168,7,0,11,10,1,1,5.50,2
20,169,7,1,4,5,0,0,2.50,2
20,170,7,2,5,5,0,0,3.50,2
20,171,7,3,4,2,1,1,2.50,2
20,172,7,4,3,3,0,1,2.50,2
20,173,7,5,5,6,0,0,3.33,2
20,174,7,6,7,6,1,0,5.00,2
20,175,7,7,9,8,0,1,2.50,2
20,176,7,8,37,34,0,4,2.94,7
20,177,7,9,47,39,2,10,3.91,7
20,178,7,10,61,50,9,12,9.50,7
20,179,7,11,44,43,2,11,10.52,7
20,180,7,12,42,48,3,2,8.54,7
20,181,7,13,49,43,2,6,2.62,7
20,182,7,14,55,50,1,10,3.90,7
20,183,7,15,38,41,2,5,6.16,7
20,184,7,16,43,35,1,12,4.36,7
20,185,7,17,23,29,5,1,4.57,7
20,186,7,18,15,10,1,5,2.50,7
20,187,7,19,16,20,0,1,2.50,7
20,188,7,20,12,10,0,3,5.50,2
20,189,7,21,8,7,3,1,11.07,2
20,190,7,22,4,5,0,0,2.50,2
20,191,7,23,7,6,1,0,4.17,2
20,192,8,0,8,8,0,0,2.50,2
20,193,8,1,5,4,0,1,3.75,2
20,194,8,2,2,3,0,0,2.50,2
20,195,8,3,9,8,0,1,5.62,2
20,196,8,4,3,4,0,0,5.00,2
20,197,8,5,2,1,1,0,2.50,2
20,198,8,6,7,7,0,0,4.64,2
20,199,8,7,12,7,4,1,4.64,2
20,200,8,8,29,26,1,3,2.69,7
20,201,8,9,55,43,5,10,2.85,7
20,202,8,10,65,50,7,18,11.20,7
20,203,8,11,62,58,11,11,10.86,7
20,204,8,12,61,45,10,17,12.28,7
20,205,8,13,49,49,10,7,9.85,7
20,206,8,14,67,48,9,17,9.58,7
20,207,8,15,50,44,9,14,10.34,7
20,208,8,16,47,50,5,6,6.60,7
20,209,8,17,34,34,0,6,3.09,7
20,210,8,18,31,30,5,2,3.17,7
20,211,8,19,17,14,1,4,2.50,7
20,212,8,20,16,14,3,3,6.07,2
20,213,8,21,16,16,2,1,5.62,2
20,214,8,22,12,11,0,2,4.32,2
20,215,8,23,12,12,0,2,4.58,2
20,216,9,0,6,8,0,0,4.38,2
20,217,9,1,6,6,0,0,2.50,2
20,218,9,2,6,5,1,0,2.50,2
20,219,9,3,2,2,0,0,2.50,2
20,220,9,4,6,6,0,0,2.50,2
20,221,9,5,3,3,0,0,2.50,2
20,222,9,6,7,7,0,0,3.21,2
20,223,9,7,14,13,0,1,5.19,2
20,224,9,8,29,24,2,4,2.50,7
20,225,9,9,63,40,3,24,7.00,7
20,226,9,10,78,58,19,25,13.36,7
20,227,9,11,53,46,15,17,11.96,7
20,228,9,12,66,55,6,22,10.50,7
20,229,9,13,60,56,9,17,13.84,7
20,230,9,14,51,51,6,11,7.40,7
20,231,9,15,54,45,5,15,8.83,7
20,232,9,16,47,49,7,6,10.56,7
20,233,9,17,44,39,4,7,5.45,7
20,234,9,18,30,33,1,3,4.77,7
20,235,9,19,24,26,0,1,2.50,7
20,236,9,20,14,12,0,3,5.42,2
20,237,9,21,6,8,1,0,4.38,2
20,238,9,22,9,7,0,2,3.21,2
20,239,9,23,11,12,0,1,3.75,2
20,240,10,0,7,7,0,1,2.50,2
20,241,10,1,11,8,2,2,3.12,2
20,242,10,2,7,8,0,1,4.38,2
20,243,10,3,9,10,0,0,4.00,2
20,244,10,4,6,4,1,1,2.50,2
20,245,10,5,8,9,0,0,4.72,2
20,246,10,6,5,3,2,0,4.17,2
20,247,10,7,21,7,5,9,11.07,2
20,248,10,8,37,40,3,3,4.62,7
20,249,10,9,43,36,2,8,3.75,7
20,250,10,10,68,51,6,19,9.17,7
20,251,10,11,51,42,17,11,13.33,7
20,252,10,12,56,49,6,12,10.66,7
20,253,10,13,58,57,5,8,7.85,7
20,254,10,14,59,49,8,10,8.42,7
20,255,10,15,35,39,2,4,4.42,7
20,256,10,16,38,38,2,2,2.50,7
20,257,10,17,30,29,2,1,2.84,7
20,258,10,18,30,27,1,3,2.69,7
20,259,10,19,24,27,0,0,2.50,7
20,260,10,20,9,9,0,0,3.06,2
20,261,10,21,13,11,1,1,4.32,2
20,262,10,22,12,10,1,2,9.00,2
20,263,10,23,11,11,0,2,11.59,2
20,264,11,0,9,11,0,0,2.95,2
20,265,11,1,0,0,0,0,0.00,2
20,266,11,2,2,2,0,0,2.50,2
20,267,11,3,3,3,0,0,2.50,2
20,268,11,4,1,1,0,0,2.50,2
20,269,11,5,5,5,0,0,2.50,2
20,270,11,6,3,3,0,0,2.50,2
20,271,11,7,11,11,0,0,3.86,2
20,272,11,8,29,26,1,2,2.50,7
20,273,11,9,27,25,1,3,2.50,7
20,274,11,10,31,31,0,3,2.50,7
20,275,11,11,23,20,1,5,2.50,7
20,276,11,12,27,26,1,5,2.50,7
20,277,11,13,27,30,0,2,2.67,7
20,278,11,14,40,38,2,2,2.89,7
20,279,11,15,20,20,0,2,2.75,7
20,280,11,16,28,24,2,4,2.50,7
20,281,11,17,17,17,2,2,2.50,7
20,282,11,18,8,8,1,1,2.50,7
20,283,11,19,10,11,0,0,2.50,7
20,284,11,20,12,10,0,2,3.00,2
20,285,11,21,7,8,1,0,5.00,2
20,286,11,22,4,3,0,1,2.50,2
20,287,11,23,3,3,1,0,2.50,2
20,288,12,0,4,4,0,0,2.50,2
20,289,12,1,6,5,1,0,2.50,2
20,290,12,2,1,1,0,0,2.50,2
20,291,12,3,2,2,0,0,2.50,2
20,292,12,4,0,0,0,0,0.00,2
20,293,12,5,6,6,0,0,2.50,2
20,294,12,6,4,2,1,1,2.50,2
20,295,12,7,12,10,2,1,4.00,2
20,296,12,8,24,21,1,3,3.45,4
20,297,12,9,38,26,7,8,7.12,4
20,298,12,10,41,29,9,11,12.84,4
20,299,12,11,36,26,5,16,14.04,4
20,300,12,12,32,33,14,1,15.98,4
20,301,12,13,36,27,4,6,5.28,4
20,302,12,14,42,28,9,11,10.89,4
20,303,12,15,42,25,11,17,19.50,4
20,304,12,16,34,33,8,10,15.23,4
20,305,12,17,25,26,6,3,11.35,4
20,306,12,18,21,19,3,2,3.29,4
20,307,12,19,10,12,0,0,3.75,4
20,308,12,20,3,2,0,1,2.50,2
20,309,12,21,2,2,1,0,2.50,2
20,310,12,22,5,5,0,0,4.50,2
20,311,12,23,2,2,0,0,2.50,2
20,312,13,0,4,4,0,0,2.50,2
20,313,13,1,4,4,0,0,2.50,2
20,314,13,2,3,2,1,0,2.50,2
20,315,13,3,4,4,0,0,5.00,2
20,316,13,4,5,5,0,0,3.50,2
20,317,13,5,1,0,0,1,0.00,2
20,318,13,6,7,7,0,1,2.50,2
20,319,13,7,7,8,0,0,3.12,2
20,320,13,8,23,17,1,5,3.38,4
20,321,13,9,33,22,7,9,15.91,4
20,322,13,10,34,29,6,8,9.91,4
20,323,13,11,35,30,8,5,10.67,4
20,324,13,12,30,23,4,8,4.67,4
20,325,13,13,37,27,8,10,13.61,4
20,326,13,14,33,30,4,9,9.00,4
20,327,13,15,34,25,9,9,10.10,4
20,328,13,16,39,29,5,14,12.67,4
20,329,13,17,16,26,4,0,10.19,4
20,330,13,18,21,17,0,4,2.79,4
20,331,13,19,21,21,1,3,3.21,4
20,332,13,20,8,9,0,2,6.94,2
20,333,13,21,11,10,1,2,3.50,2
20,334,13,22,2,4,0,0,6.25,2
20,335,13,23,3,3,0,0,2.50,2
21,0,0,0,8,7,0,1,3.21,2
21,1,0,1,3,4,0,0,2.50,2
21,2,0,2,1,1,0,0,2.50,2
21,3,0,3,3,3,0,0,2.50,2
21,4,0,4,3,3,0,0,2.50,2
21,5,0,5,3,3,0,0,2.50,2
21,6,0,6,3,2,0,1,2.50,2
21,7,0,7,9,8,0,2,2.50,2
21,8,0,8,28,25,0,5,3.10,7
21,9,0,9,22,26,0,1,2.50,7
21,10,0,10,39,38,0,2,3.03,7
21,11,0,11,36,33,2,3,2.95,7
21,12,0,12,30,29,1,3,2.84,7
21,13,0,13,31,28,0,6,2.50,7
21,14,0,14,30,33,2,1,2.50,7
21,15,0,15,35,28,4,4,2.86,7
21,16,0,16,28,27,2,3,2.50,7
21,17,0,17,22,23,1,1,2.50,7
21,18,0,18,16,16,1,0,2.50,7
21,19,0,19,14,12,1,1,2.50,7
21,20,0,20,8,6,3,0,2.50,2
21,21,0,21,9,7,0,2,6.79,2
21,22,0,22,3,3,2,0,2.50,2
21,23,0,23,4,4,0,0,2.50,2
21,24,1,0,4,4,0,0,2.50,2
21,25,1,1,1,1,0,0,2.50,2
21,26,1,2,2,1,1,0,2.50,2
21,27,1,3,3,3,0,0,2.50,2
21,28,1,4,2,2,0,0,2.50,2
21,29,1,5,6,5,1,0,2.50,2
21,30,1,6,6,6,0,0,3.33,2
21,31,1,7,8,6,0,2,4.17,2
21,32,1,8,28,26,0,4,2.88,7
21,33,1,9,51,44,6,5,5.91,7
21,34,1,10,33,34,1,3,3.38,7
21,35,1,11,38,36,0,5,2.50,7
21,36,1,12,33,34,2,2,3.68,7
21,37,1,13,32,28,1,5,2.86,7
21,38,1,14,52,45,1,11,5.28,7
21,39,1,15,38,44,2,3,6.59,7
21,40,1,16,40,36,2,5,4.17,7
21,41,1,17,33,33,0,5,3.26,7
21,42,1,18,14,18,0,1,2.78,7
21,43,1,19,11,12,0,0,2.50,7
21,44,1,20,13,8,3,2,6.88,2
21,45,1,21,7,8,1,0,6.25,2
21,46,1,22,7,6,0,1,2.50,2
21,47,1,23,4,5,0,0,2.50,2
21,48,2,0,3,3,0,0,2.50,2
21,49,2,1,1,1,0,0,2.50,2
21,50,2,2,5,4,1,0,2.50,2
21,51,2,3,1,1,0,0,2.50,2
21,52,2,4,2,2,0,0,2.50,2
21,53,2,5,4,4,0,0,3.75,2
21,54,2,6,1,1,0,0,2.50,2
21,55,2,7,12,8,3,1,6.25,2
21,56,2,8,32,29,1,3,2.50,7
21,57,2,9,55,44,2,12,5.57,7
21,58,2,10,74,52,11,23,10.29,7
21,59,2,11,72,50,23,22,14.00,7
21,60,2,12,55,46,11,20,14.02,7
21,61,2,13,59,52,12,15,9.81,7
21,62,2,14,69,54,11,19,11.20,7
21,63,2,15,46,48,12,5,12.08,7
21,64,2,16,50,40,6,9,6.50,7
21,65,2,17,36,41,2,2,8.35,7
21,66,2,18,25,23,2,2,2.50,7
21,67,2,19,18,17,1,2,2.50,7
21,68,2,20,14,13,1,2,9.81,2
21,69,2,21,7,9,0,0,5.83,2
21,70,2,22,4,4,0,0,2.50,2
21,71,2,23,6,6,0,0,2.50,2
21,72,3,0,10,9,0,1,3.06,2
21,73,3,1,10,9,0,2,4.17,2
21,74,3,2,6,8,0,0,8.12,2
21,75,3,3,8,6,0,2,3.33,2
21,76,3,4,6,5,2,1,4.50,2
21,77,3,5,10,10,0,1,3.00,2
21,78,3,6,8,8,0,1,2.50,2
21,79,3,7,21,11,3,8,10.23,2
21,80,3,8,39,44,1,2,6.70,7
21,81,3,9,50,35,3,14,6.36,7
21,82,3,10,59,54,11,8,11.48,7
21,83,3,11,69,55,9,13,10.50,7
21,84,3,12,54,45,7,15,6.17,7
21,85,3,13,66,53,16,12,11.18,7
21,86,3,14,76,52,14,22,12.12,7
21,87,3,15,59,59,13,9,14.53,7
21,88,3,16,56,56,4,5,4.20,7
21,89,3,17,41,41,1,4,2.74,7
21,90,3,18,19,20,0,3,3.25,7
21,91,3,19,28,27,2,2,2.50,7
21,92,3,20,13,11,3,1,10.23,2
21,93,3,21,14,9,2,4,4.17,2
21,94,3,22,12,11,2,3,7.50,2
21,95,3,23,9,10,1,1,9.00,2
21,96,4,0,11,11,1,0,5.23,2
21,97,4,1,2,2,0,0,2.50,2
21,98,4,2,8,7,0,1,2.50,2
21,99,4,3,3,4,0,0,3.75,2
21,100,4,4,4,4,0,0,2.50,2
21,101,4,5,5,5,0,0,3.50,2
21,102,4,6,4,4,0,0,2.50,2
21,103,4,7,6,6,0,0,2.50,2
21,104,4,8,21,17,0,4,2.50,7
21,105,4,9,36,37,1,2,4.12,7
21,106,4,10,40,35,3,4,2.50,7
21,107,4,11,50,36,3,15,6.11,7
21,108,4,12,33,44,2,2,7.50,7
21,109,4,13,41,37,1,5,3.31,7
21,110,4,14,54,38,2,19,6.97,7
21,111,4,15,39,50,4,4,10.90,7
21,112,4,16,37,35,3,3,2.50,7
21,113,4,17,27,28,0,2,2.50,7
21,114,4,18,15,15,0,2,2.50,7
21,115,4,19,8,9,0,1,2.50,7
21,116,4,20,11,10,1,1,2.50,2
21,117,4,21,10,11,0,0,4.32,2
21,118,4,22,4,4,0,0,2.50,2
21,119,4,23,8,7,1,0,2.50,2
21,120,5,0,4,4,0,0,2.50,2
21,121,5,1,2,1,0,1,2.50,2
21,122,5,2,2,2,0,1,2.50,2
21,123,5,3,3,4,0,0,2.50,2
21,124,5,4,3,2,1,0,2.50,2
21,125,5,5,2,1,0,1,2.50,2
21,126,5,6,2,3,0,0,2.50,2
21,127,5,7,13,11,0,2,5.68,2
21,128,5,8,19,16,1,4,2.50,4
21,129,5,9,23,19,4,4,2.76,4
21,130,5,10,48,26,11,15,16.35,4
21,131,5,11,27,25,15,2,14.10,4
21,132,5,12,35,28,3,6,4.64,4
21,133,5,13,28,25,3,6,9.10,4
21,134,5,14,33,26,2,11,10.38,4
21,135,5,15,25,27,6,3,13.61,4
21,136,5,16,25,23,2,3,9.46,4
21,137,5,17,18,19,1,1,3.55,4
21,138,5,18,16,13,1,3,2.88,4
21,139,5,19,10,13,0,0,2.88,4
21,140,5,20,8,7,0,1,3.21,2
21,141,5,21,3,4,0,0,2.50,2
21,142,5,22,1,1,0,0,2.50,2
21,143,5,23,5,5,0,0,2.50,2
21,144,6,0,3,3,0,0,2.50,2
21,145,6,1,1,1,0,0,2.50,2
21,146,6,2,2,1,1,0,2.50,2
21,147,6,3,3,3,0,0,2.50,2
21,148,6,4,2,2,0,0,2.50,2
21,149,6,5,6,5,0,1,3.50,2
21,150,6,6,3,4,0,0,2.50,2
21,151,6,7,8,5,0,3,2.50,2
21,152,6,8,28,26,0,5,3.85,4
21,153,6,9,35,20,8,12,14.00,4
21,154,6,10,40,27,13,12,17.87,4
21,155,6,11,38,32,11,7,16.09,4
21,156,6,12,39,27,8,11,13.98,4
21,157,6,13,42,30,10,13,13.50,4
21,158,6,14,56,32,24,13,19.22,4
21,159,6,15,42,27,15,13,17.50,4
21,160,6,16,26,26,12,1,15.00,4
21,161,6,17,38,26,4,9,6.54,4
21,162,6,18,12,15,3,3,8.50,4
21,163,6,19,16,19,0,0,3.55,4
21,164,6,20,7,7,0,0,3.93,2
21,165,6,21,6,5,0,1,2.50,2
21,166,6,22,3,4,0,0,2.50,2
21,167,6,23,5,3,1,1,2.50,2
21,168,7,0,2,3,0,0,2.50,2
21,169,7,1,8,6,0,2,2.50,2
21,170,7,2,6,7,0,1,2.50,2
21,171,7,3,4,4,0,1,2.50,2
21,172,7,4,6,7,0,0,2.50,2
21,173,7,5,7,6,0,1,2.50,2
21,174,7,6,8,8,1,0,3.12,2
21,175,7,7,26,12,2,12,12.08,2
21,176,7,8,44,48,3,5,7.50,7
21,177,7,9,73,49,10,19,7.19,7
21,178,7,10,79,53,20,25,14.10,7
21,179,7,11,83,59,25,24,14.70,7
21,180,7,12,86,82,12,16,9.76,7
21,181,7,13,72,71,6,11,7.50,7
21,182,7,14,68,74,1,4,4.53,7
21,183,7,15,74,55,10,13,8.23,7
21,184,7,16,55,48,13,7,9.58,7
21,185,7,17,35,39,1,2,4.55,7
21,186,7,18,31,28,1,4,2.68,7
21,187,7,19,24,25,1,2,2.90,7
21,188,7,20,12,10,2,2,8.00,2
21,189,7,21,12,11,3,0,7.50,2
21,190,7,22,7,7,0,0,2.50,2
21,191,7,23,7,5,1,1,2.50,2
21,192,8,0,10,10,1,0,2.50,2
21,193,8,1,5,5,0,0,4.50,2
21,194,8,2,6,6,0,0,2.50,2
21,195,8,3,6,4,1,1,2.50,2
21,196,8,4,9,9,0,1,6.94,2
21,197,8,5,9,7,0,3,4.64,2
21,198,8,6,8,7,2,2,6.07,2
21,199,8,7,14,10,3,3,8.50,2
21,200,8,8,53,43,5,8,5.52,7
21,201,8,9,69,49,9,19,9.74,7
21,202,8,10,73,55,23,14,14.50,7
21,203,8,11,78,54,14,24,11.76,7
21,204,8,12,60,57,15,12,13.55,7
21,205,8,13,65,53,11,13,12.69,7
21,206,8,14,85,61,19,18,9.96,7
21,207,8,15,74,59,15,18,12.67,7
21,208,8,16,59,51,10,16,13.77,7
21,209,8,17,50,44,11,11,8.07,7
21,210,8,18,44,49,3,3,9.44,7
21,211,8,19,19,19,0,3,3.03,7
21,212,8,20,21,9,5,10,15.28,2
21,213,8,21,5,10,4,1,14.00,2
21,214,8,22,6,7,0,0,3.93,2
21,215,8,23,13,11,1,1,5.68,2
21,216,9,0,14,12,2,1,5.00,2
21,217,9,1,11,9,1,2,4.72,2
21,218,9,2,8,9,0,1,4.72,2
21,219,9,3,8,8,0,1,5.00,2
21,220,9,4,8,7,1,1,3.93,2
21,221,9,5,6,6,0,1,2.50,2
21,222,9,6,10,9,1,1,4.17,2
21,223,9,7,20,13,1,7,7.88,2
21,224,9,8,41,42,5,1,5.95,7
21,225,9,9,80,53,13,15,7.31,7
21,226,9,10,86,52,21,28,14.04,7
21,227,9,11,70,64,19,15,14.53,7
21,228,9,12,67,74,5,3,6.15,7
21,229,9,13,85,71,6,11,6.73,7
21,230,9,14,68,52,9,18,9.62,7
21,231,9,15,85,59,17,27,14.87,7
21,232,9,16,66,56,17,20,14.38,7
21,233,9,17,43,47,9,7,7.71,7
21,234,9,18,45,46,2,4,4.35,7
21,235,9,19,26,28,0,2,3.04,7
21,236,9,20,16,15,2,1,6.83,2
21,237,9,21,15,14,1,1,3.93,2
21,238,9,22,15,9,3,4,16.39,2
21,239,9,23,15,14,3,2,7.50,2
21,240,10,0,9,8,1,2,5.00,2
21,241,10,1,12,12,0,2,9.17,2
21,242,10,2,9,9,1,1,5.83,2
21,243,10,3,9,7,0,3,2.50,2
21,244,10,4,8,9,0,2,5.28,2
21,245,10,5,10,8,4,0,8.75,2
21,246,10,6,12,11,0,1,4.77,2
21,247,10,7,20,13,5,3,8.65,2
21,248,10,8,37,38,0,2,2.89,7
21,249,10,9,73,54,6,15,6.76,7
21,250,10,10,81,62,19,15,14.27,7
21,251,10,11,96,54,22,35,16.30,7
21,252,10,12,67,73,23,6,11.68,7
21,253,10,13,75,69,5,7,6.20,7
21,254,10,14,86,75,3,15,5.43,7
21,255,10,15,80,70,9,16,7.21,7
21,256,10,16,61,64,9,4,6.48,7
21,257,10,17,49,41,6,6,9.70,7
21,258,10,18,46,43,3,6,3.78,7
21,259,10,19,27,31,0,2,3.15,7
21,260,10,20,18,12,0,8,11.25,2
21,261,10,21,20,16,6,6,14.38,2
21,262,10,22,18,15,6,3,14.83,2
21,263,10,23,13,12,0,4,5.42,2
21,264,11,0,11,12,1,2,8.75,2
21,265,11,1,4,6,0,0,2.50,2
21,266,11,2,15,11,2,2,5.23,2
21,267,11,3,12,9,3,2,8.61,2
21,268,11,4,7,7,1,1,2.50,2
21,269,11,5,12,10,2,1,8.00,2
21,270,11,6,9,8,0,2,3.12,2
21,271,11,7,20,9,7,6,14.17,2
21,272,11,8,44,35,6,9,7.79,7
21,273,11,9,67,48,13,15,9.48,7
21,274,11,10,73,50,21,17,15.30,7
21,275,11,11,81,62,16,20,13.31,7
21,276,11,12,80,48,26,26,15.73,7
21,277,11,13,73,60,18,21,15.33,7
21,278,11,14,92,59,27,27,12.25,7
21,279,11,15,80,68,25,14,14.78,7
21,280,11,16,85,81,4,14,9.85,7
21,281,11,17,44,54,2,2,4.63,7
21,282,11,18,39,39,1,1,3.01,7
21,283,11,19,34,30,1,4,2.67,7
21,284,11,20,14,14,4,0,12.86,2
21,285,11,21,12,9,1,2,2.50,2
21,286,11,22,12,11,2,1,5.23,2
21,287,11,23,6,4,2,1,2.50,2
21,288,12,0,2,3,0,0,2.50,2
21,289,12,1,10,8,0,2,3.12,2
21,290,12,2,7,8,0,1,3.75,2
21,291,12,3,11,9,2,1,6.39,2
21,292,12,4,11,8,1,3,3.12,2
21,293,12,5,5,6,2,0,10.83,2
21,294,12,6,14,9,2,3,10.83,2
21,295,12,7,12,13,0,2,9.81,2
21,296,12,8,30,24,5,3,6.67,4
21,297,12,9,38,26,4,11,6.73,4
21,298,12,10,40,28,13,10,18.04,4
21,299,12,11,39,30,13,6,16.33,4
21,300,12,12,43,27,11,11,12.87,4
21,301,12,13,45,35,12,9,15.07,4
21,302,12,14,45,25,11,18,18.30,4
21,303,12,15,40,30,11,17,24.17,4
21,304,12,16,32,28,9,12,19.11,4
21,305,12,17,32,29,9,6,10.78,4
21,306,12,18,28,28,5,1,7.32,4
21,307,12,19,13,10,2,2,2.50,4
21,308,12,20,14,12,1,3,5.42,2
21,309,12,21,16,12,4,3,9.17,2
21,310,12,22,12,11,2,2,4.32,2
21,311,12,23,9,10,0,1,5.00,2
21,312,13,0,5,6,0,0,3.33,2
21,313,13,1,8,6,2,0,8.33,2
21,314,13,2,6,4,0,2,2.50,2
21,315,13,3,5,6,0,1,3.33,2
21,316,13,4,7,6,1,1,5.00,2
21,317,13,5,5,5,0,1,2.50,2
21,318,13,6,10,10,1,0,8.50,2
21,319,13,7,19,10,2,7,7.00,2
21,320,13,8,22,25,3,1,8.90,4
21,321,13,9,46,25,9,13,10.50,4
21,322,13,10,35,31,9,8,15.89,4
21,323,13,11,47,33,9,13,14.47,4
21,324,13,12,30,25,13,5,14.50,4
21,325,13,13,55,29,18,13,18.88,4
21,326,13,14,54,28,16,23,25.18,4
21,327,13,15,45,34,17,17,22.79,4
21,328,13,16,37,31,12,11,12.66,4
21,329,13,17,26,21,9,7,12.74,4
21,330,13,18,23,23,4,3,10.98,4
21,331,13,19,13,14,2,0,4.29,4
21,332,13,20,10,8,0,2,6.25,2
21,333,13,21,7,9,0,0,4.72,2
21,334,13,22,5,4,0,1,2.50,2
21,335,13,23,2,2,1,0,2.50,2
22,0,0,0,8,7,0,1,3.93,2
22,1,0,1,2,3,0,0,2.50,2
22,2,0,2,5,5,0,0,3.50,2
22,3,0,3,4,4,0,0,2.50,2
22,4,0,4,4,4,0,0,2.50,2
22,5,0,5,3,2,0,1,2.50,2
22,6,0,6,5,4,0,2,2.50,2
22,7,0,7,11,10,0,3,7.00,2
22,8,0,8,40,37,1,5,3.31,7
22,9,0,9,49,48,5,1,6.35,7
22,10,0,10,51,44,1,7,3.07,7
22,11,0,11,65,50,8,14,8.10,7
22,12,0,12,54,50,8,10,9.40,7
22,13,0,13,65,50,8,17,8.70,7
22,14,0,14,53,53,9,8,11.18,7
22,15,0,15,49,41,12,4,7.87,7
22,16,0,16,54,43,3,12,6.45,7
22,17,0,17,34,43,2,1,5.52,7
22,18,0,18,26,26,0,1,2.50,7
22,19,0,19,19,19,1,0,2.50,7
22,20,0,20,19,15,3,1,7.83,2
22,21,0,21,7,7,1,0,4.64,2
22,22,0,22,8,6,1,1,2.50,2
22,23,0,23,5,6,0,0,2.50,2
22,24,1,0,4,4,0,0,2.50,2
22,25,1,1,6,5,0,1,5.50,2
22,26,1,2,7,5,0,3,2.50,2
22,27,1,3,2,4,0,1,3.75,2
22,28,1,4,4,5,0,0,2.50,2
22,29,1,5,11,10,0,1,4.00,2
22,30,1,6,8,7,0,2,3.21,2
22,31,1,7,17,8,3,8,4.38,2
22,32,1,8,46,40,3,11,5.62,7
22,33,1,9,71,52,15,15,13.37,7
22,34,1,10,69,54,13,17,12.78,7
22,35,1,11,70,60,16,11,12.50,7
22,36,1,12,66,46,10,21,14.67,7
22,37,1,13,74,55,20,20,15.32,7
22,38,1,14,80,59,16,25,12.92,7
22,39,1,15,54,50,14,15,15.00,7
22,40,1,16,56,46,16,9,13.59,7
22,41,1,17,64,55,8,10,12.14,7
22,42,1,18,29,33,0,6,4.17,7
22,43,1,19,21,26,0,1,2.88,7
22,44,1,20,21,15,1,6,11.17,2
22,45,1,21,18,15,4,5,13.83,2
22,46,1,22,14,10,3,6,13.00,2
22,47,1,23,7,8,5,0,9.38,2
22,48,2,0,8,8,0,0,6.88,2
22,49,2,1,10,8,1,1,3.12,2
22,50,2,2,7,6,0,2,2.50,2
22,51,2,3,4,6,0,0,2.50,2
22,52,2,4,7,6,0,1,2.50,2
22,53,2,5,8,7,0,2,2.50,2
22,54,2,6,16,11,2,5,9.32,2
22,55,2,7,17,17,3,2,10.74,2
22,56,2,8,43,35,1,9,4.07,7
22,57,2,9,69,52,11,15,7.69,7
22,58,2,10,78,53,21,19,14.76,7
22,59,2,11,82,55,25,21,13.77,7
22,60,2,12,72,56,18,19,14.29,7
22,61,2,13,72,57,16,18,15.48,7
22,62,2,14,87,60,22,23,15.58,7
22,63,2,15,65,74,7,7,8.51,7
22,64,2,16,62,61,3,5,3.07,7
22,65,2,17,55,51,6,3,6.32,7
22,66,2,18,43,39,1,6,4.81,7
22,67,2,19,21,26,0,1,5.58,7
22,68,2,20,22,11,7,5,14.32,2
22,69,2,21,26,18,1,12,15.00,2
22,70,2,22,10,15,6,1,24.50,2
22,71,2,23,12,12,0,1,5.00,2
22,72,3,0,11,10,0,2,5.00,2
22,73,3,1,9,10,0,1,2.50,2
22,74,3,2,7,6,1,1,2.50,2
22,75,3,3,5,6,0,0,2.50,2
22,76,3,4,12,7,0,5,4.64,2
22,77,3,5,10,10,2,3,12.00,2
22,78,3,6,12,10,2,3,9.50,2
22,79,3,7,18,14,4,3,9.29,2
22,80,3,8,40,30,3,10,3.00,7
22,81,3,9,71,54,10,17,9.91,7
22,82,3,10,91,60,23,25,12.75,7
22,83,3,11,101,62,27,37,18.71,7
22,84,3,12,80,82,19,16,15.18,7
22,85,3,13,85,74,8,19,8.11,7
22,86,3,14,91,76,16,18,13.03,7
22,87,3,15,72,71,7,12,7.92,7
22,88,3,16,67,69,4,6,6.20,7
22,89,3,17,51,53,2,2,4.86,7
22,90,3,18,43,40,1,4,4.00,7
22,91,3,19,23,20,2,5,2.50,7
22,92,3,20,16,9,9,3,17.50,2
22,93,3,21,18,11,6,4,10.68,2
22,94,3,22,13,14,2,1,5.71,2
22,95,3,23,14,12,1,2,4.58,2
22,96,4,0,20,12,3,7,13.75,2
22,97,4,1,12,15,2,2,10.17,2
22,98,4,2,11,11,0,2,5.23,2
22,99,4,3,11,12,0,1,5.00,2
22,100,4,4,4,5,0,0,2.50,2
22,101,4,5,7,7,0,0,3.21,2
22,102,4,6,15,10,3,2,10.50,2
22,103,4,7,21,14,1,8,5.71,2
22,104,4,8,45,40,5,8,6.38,7
22,105,4,9,69,55,9,13,9.59,7
22,106,4,10,75,57,11,20,13.11,7
22,107,4,11,83,55,16,32,13.77,7
22,108,4,12,65,68,20,9,14.34,7
22,109,4,13,80,77,5,7,6.40,7
22,110,4,14,87,73,7,14,7.98,7
22,111,4,15,77,73,7,11,6.82,7
22,112,4,16,61,55,8,9,7.68,7
22,113,4,17,43,39,6,7,5.32,7
22,114,4,18,33,37,1,2,2.64,7
22,115,4,19,31,29,1,3,3.53,7
22,116,4,20,23,11,5,10,11.14,2
22,117,4,21,14,13,6,5,20.58,2
22,118,4,22,18,15,3,5,13.17,2
22,119,4,23,7,11,0,1,6.14,2
22,120,5,0,7,8,0,0,3.12,2
22,121,5,1,11,7,0,4,2.50,2
22,122,5,2,8,10,2,0,8.50,2
22,123,5,3,5,4,0,1,2.50,2
22,124,5,4,5,6,0,0,4.17,2
22,125,5,5,8,7,0,1,4.64,2
22,126,5,6,7,8,0,0,3.75,2
22,127,5,7,9,8,1,0,2.50,2
22,128,5,8,23,19,4,0,4.08,4
22,129,5,9,31,21,4,6,9.17,4
22,130,5,10,41,25,12,10,17.70,4
22,131,5,11,36,23,12,11,11.85,4
22,132,5,12,33,22,15,7,18.18,4
22,133,5,13,36,29,1,13,9.05,4
22,134,5,14,44,32,15,10,15.16,4
22,135,5,15,31,30,4,7,9.33,4
22,136,5,16,34,19,10,12,10.13,4
22,137,5,17,31,28,11,4,15.71,4
22,138,5,18,22,19,2,5,6.18,4
22,139,5,19,12,15,1,1,5.83,4
22,140,5,20,14,11,1,3,2.95,2
22,141,5,21,11,12,0,2,8.75,2
22,142,5,22,8,9,0,1,8.61,2
22,143,5,23,6,7,0,0,2.50,2
22,144,6,0,0,0,0,0,0.00,2
22,145,6,1,4,3,0,1,2.50,2
22,146,6,2,5,4,0,2,3.75,2
22,147,6,3,4,6,0,0,6.67,2
22,148,6,4,1,1,0,0,2.50,2
22,149,6,5,6,6,0,0,2.50,2
22,150,6,6,6,4,0,2,2.50,2
22,151,6,7,12,10,3,1,2.50,2
22,152,6,8,19,12,1,7,5.00,4
22,153,6,9,32,18,10,11,12.78,4
22,154,6,10,41,32,13,7,15.31,4
22,155,6,11,26,27,0,6,6.57,4
22,156,6,12,28,28,3,3,9.64,4
22,157,6,13,23,22,1,3,2.73,4
22,158,6,14,37,31,2,7,5.24,4
22,159,6,15,16,19,3,1,6.97,4
22,160,6,16,18,17,1,1,2.79,4
22,161,6,17,25,19,1,6,2.76,4
22,162,6,18,15,19,2,0,5.66,4
22,163,6,19,11,10,0,1,3.00,4
22,164,6,20,10,9,0,2,3.06,2
22,165,6,21,6,8,0,0,3.75,2
22,166,6,22,3,2,0,1,2.50,2
22,167,6,23,3,4,0,0,2.50,2
22,168,7,0,3,3,0,0,2.50,2
22,169,7,1,3,3,0,0,2.50,2
22,170,7,2,3,3,0,0,2.50,2
22,171,7,3,3,3,0,0,4.17,2
22,172,7,4,4,3,1,0,4.17,2
22,173,7,5,7,5,0,2,2.50,2
22,174,7,6,3,4,1,0,5.00,2
22,175,7,7,17,9,4,4,8.06,2
22,176,7,8,40,38,1,5,3.95,7
22,177,7,9,70,47,8,20,10.05,7
22,178,7,10,78,53,22,23,12.41,7
22,179,7,11,60,54,19,10,10.00,7
22,180,7,12,59,46,8,15,9.13,7
22,181,7,13,56,48,12,11,11.46,7
22,182,7,14,62,52,5,16,6.83,7
22,183,7,15,55,58,8,5,10.09,7
22,184,7,16,47,35,5,12,7.50,7
22,185,7,17,35,37,7,3,6.96,7
22,186,7,18,22,24,1,0,2.71,7
22,187,7,19,20,19,0,1,2.50,7
22,188,7,20,13,8,2,4,8.12,2
22,189,7,21,11,11,3,1,15.68,2
22,190,7,22,11,8,3,1,2.50,2
22,191,7,23,7,7,0,1,2.50,2
22,192,8,0,7,7,0,1,2.50,2
22,193,8,1,6,6,0,1,3.33,2
22,194,8,2,4,5,0,0,2.50,2
22,195,8,3,8,8,0,0,2.50,2
22,196,8,4,6,5,0,1,5.50,2
22,197,8,5,7,6,1,1,3.33,2
22,198,8,6,8,8,1,0,11.25,2
22,199,8,7,21,13,2,6,4.81,2
22,200,8,8,50,40,6,10,7.25,7
22,201,8,9,55,47,7,11,10.37,7
22,202,8,10,78,55,17,17,12.86,7
22,203,8,11,76,65,14,14,13.81,7
22,204,8,12,79,63,16,14,15.75,7
22,205,8,13,69,70,5,8,5.43,7
22,206,8,14,75,70,5,8,4.64,7
22,207,8,15,60,56,8,4,5.62,7
22,208,8,16,50,42,4,8,9.05,7
22,209,8,17,37,36,4,5,7.22,7
22,210,8,18,27,28,0,4,2.50,7
22,211,8,19,21,22,3,0,3.18,7
22,212,8,20,23,11,3,9,17.05,2
22,213,8,21,14,12,7,4,22.92,2
22,214,8,22,12,9,4,3,6.94,2
22,215,8,23,13,11,4,1,7.95,2
22,216,9,0,7,6,0,2,2.50,2
22,217,9,1,11,11,0,2,3.41,2
22,218,9,2,6,8,0,0,3.12,2
22,219,9,3,7,5,0,2,3.50,2
22,220,9,4,6,7,0,1,2.50,2
22,221,9,5,6,7,0,0,3.93,2
22,222,9,6,9,7,1,1,3.93,2
22,223,9,7,16,13,0,4,5.19,2
22,224,9,8,32,33,0,3,2.80,7
22,225,9,9,54,45,5,7,4.72,7
22,226,9,10,53,50,7,3,9.50,7
22,227,9,11,46,34,5,10,2.94,7
22,228,9,12,47,48,1,8,6.46,7
22,229,9,13,57,50,5,10,8.40,7
22,230,9,14,54,49,5,10,10.56,7
22,231,9,15,53,49,9,5,9.03,7
22,232,9,16,51,44,3,9,5.91,7
22,233,9,17,39,34,8,6,5.59,7
22,234,9,18,20,25,0,1,2.50,7
22,235,9,19,26,24,3,0,2.92,7
22,236,9,20,15,10,1,4,9.50,2
22,237,9,21,11,14,1,0,8.57,2
22,238,9,22,17,11,1,5,11.59,2
22,239,9,23,7,8,4,0,9.38,2
22,240,10,0,7,7,0,0,4.64,2
22,241,10,1,7,6,1,0,5.83,2
22,242,10,2,4,4,0,0,2.50,2
22,243,10,3,4,3,1,0,4.17,2
22,244,10,4,6,6,0,0,3.33,2
22,245,10,5,7,5,1,1,2.50,2
22,246,10,6,6,5,1,1,4.50,2
22,247,10,7,22,11,7,5,14.77,2
22,248,10,8,33,37,0,1,3.72,7
22,249,10,9,45,37,2,7,3.58,7
22,250,10,10,68,52,7,16,7.40,7
22,251,10,11,54,51,7,12,7.60,7
22,252,10,12,52,52,8,4,9.04,7
22,253,10,13,56,45,8,7,6.28,7
22,254,10,14,60,52,8,7,10.67,7
22,255,10,15,39,41,1,4,5.55,7
22,256,10,16,40,37,1,6,2.64,7
22,257,10,17,31,33,4,0,3.71,7
22,258,10,18,26,22,1,3,2.50,7
22,259,10,19,24,27,0,0,2.50,7
22,260,10,20,11,9,1,1,9.72,2
22,261,10,21,7,8,0,0,6.25,2
22,262,10,22,6,6,0,0,2.50,2
22,263,10,23,2,2,0,0,2.50,2
22,264,11,0,5,5,0,0,2.50,2
22,265,11,1,4,3,0,1,2.50,2
22,266,11,2,7,8,0,0,3.75,2
22,267,11,3,9,7,1,1,3.21,2
22,268,11,4,2,3,0,0,2.50,2
22,269,11,5,5,4,0,1,2.50,2
22,270,11,6,10,9,0,2,2.50,2
22,271,11,7,15,11,3,3,8.41,2
22,272,11,8,46,41,3,5,4.21,7
22,273,11,9,63,43,6,19,10.29,7
22,274,11,10,78,50,24,23,13.10,7
22,275,11,11,84,57,18,32,16.80,7
22,276,11,12,63,69,18,8,10.91,7
22,277,11,13,57,47,2,16,3.67,7
22,278,11,14,72,67,9,12,6.90,7
22,279,11,15,61,50,6,17,8.30,7
22,280,11,16,45,47,8,7,10.69,7
22,281,11,17,44,44,0,7,4.89,7
22,282,11,18,41,39,4,5,3.01,7
22,283,11,19,14,18,0,1,2.50,7
22,284,11,20,18,15,1,3,2.83,2
22,285,11,21,13,10,3,3,7.00,2
22,286,11,22,10,10,2,1,11.00,2
22,287,11,23,8,8,0,1,2.50,2
22,288,12,0,5,6,0,0,3.33,2
22,289,12,1,4,4,0,0,2.50,2
22,290,12,2,10,8,1,1,5.62,2
22,291,12,3,4,5,0,0,2.50,2
22,292,12,4,3,3,0,0,2.50,2
22,293,12,5,6,6,0,0,2.50,2
22,294,12,6,5,5,0,0,2.50,2
22,295,12,7,11,5,3,3,2.50,2
22,296,12,8,20,19,2,2,7.24,4
22,297,12,9,39,25,5,11,7.10,4
22,298,12,10,44,26,13,16,15.96,4
22,299,12,11,44,30,20,10,17.00,4
22,300,12,12,26,27,3,6,11.20,4
22,301,12,13,34,24,5,11,13.33,4
22,302,12,14,35,27,10,9,13.24,4
22,303,12,15,31,30,4,6,12.00,4
22,304,12,16,26,26,4,2,5.00,4
22,305,12,17,25,23,1,3,4.67,4
22,306,12,18,20,20,1,2,3.25,4
22,307,12,19,12,12,0,2,2.50,4
22,308,12,20,7,7,1,1,3.93,2
22,309,12,21,4,4,1,0,2.50,2
22,310,12,22,4,3,0,1,2.50,2
22,311,12,23,4,4,0,1,2.50,2
22,312,13,0,3,3,0,1,2.50,2
22,313,13,1,2,3,0,0,2.50,2
22,314,13,2,2,1,0,1,2.50,2
22,315,13,3,4,5,0,0,2.50,2
22,316,13,4,4,4,0,0,2.50,2
22,317,13,5,1,1,0,0,2.50,2
22,318,13,6,2,2,0,0,2.50,2
22,319,13,7,12,10,1,1,3.00,2
22,320,13,8,21,17,0,5,3.68,4
22,321,13,9,23,28,0,0,6.25,4
22,322,13,10,35,25,3,7,3.50,4
22,323,13,11,33,26,4,10,9.62,4
22,324,13,12,27,25,7,5,12.90,4
22,325,13,13,32,26,3,8,10.77,4
22,326,13,14,39,27,11,9,11.20,4
22,327,13,15,38,27,8,12,14.91,4
22,328,13,16,39,30,11,10,12.67,4
22,329,13,17,23,23,8,2,7.93,4
22,330,13,18,24,20,2,4,3.00,4
22,331,13,19,13,15,0,2,5.50,4
22,332,13,20,10,11,0,1,2.95,2
22,333,13,21,7,7,0,1,3.21,2
22,334,13,22,5,6,0,0,2.50,2
22,335,13,23,4,3,0,1,2.50,2
23,0,0,0,6,6,0,1,4.17,2
23,1,0,1,2,2,0,1,2.50,2
23,2,0,2,4,5,0,0,2.50,2
23,3,0,3,3,3,0,0,2.50,2
23,4,0,4,0,0,0,0,0.00,2
23,5,0,5,2,2,0,0,2.50,2
23,6,0,6,6,6,0,0,4.17,2
23,7,0,7,10,8,1,1,3.12,2
23,8,0,8,19,18,0,2,2.50,7
23,9,0,9,50,43,2,7,3.20,7
23,10,0,10,67,54,6,14,10.09,7
23,11,0,11,50,47,9,8,11.01,7
23,12,0,12,43,38,1,12,5.53,7
23,13,0,13,53,52,6,7,9.13,7
23,14,0,14,62,48,6,15,8.75,7
23,15,0,15,42,44,8,5,6.93,7
23,16,0,16,37,33,3,6,2.65,7
23,17,0,17,28,30,3,1,3.83,7
23,18,0,18,33,30,1,3,2.50,7
23,19,0,19,14,16,0,1,3.44,7
23,20,0,20,9,10,0,0,3.50,2
23,21,0,21,13,11,0,2,9.32,2
23,22,0,22,7,8,1,0,5.00,2
23,23,0,23,3,3,0,0,2.50,2
23,24,1,0,11,8,0,3,7.50,2
23,25,1,1,4,6,1,0,3.33,2
23,26,1,2,3,3,0,0,2.50,2
23,27,1,3,5,4,1,0,5.00,2
23,28,1,4,4,1,0,3,2.50,2
23,29,1,5,3,5,1,0,2.50,2
23,30,1,6,8,6,1,1,2.50,2
23,31,1,7,21,12,3,7,10.83,2
23,32,1,8,48,45,6,4,5.72,7
23,33,1,9,72,47,8,21,6.97,7
23,34,1,10,75,58,15,23,13.53,7
23,35,1,11,79,58,25,19,17.33,7
23,36,1,12,94,77,11,25,11.79,7
23,37,1,13,81,78,12,16,9.17,7
23,38,1,14,77,76,5,12,5.33,7
23,39,1,15,65,51,9,17,6.62,7
23,40,1,16,68,61,12,12,11.27,7
23,41,1,17,58,46,7,17,9.35,7
23,42,1,18,37,48,4,2,7.60,7
23,43,1,19,27,26,1,2,2.50,7
23,44,1,20,16,14,3,1,5.71,2
23,45,1,21,16,9,1,7,3.61,2
23,46,1,22,11,9,6,3,12.50,2
23,47,1,23,11,12,1,1,5.83,2
23,48,2,0,11,9,1,2,2.50,2
23,49,2,1,8,9,0,1,3.06,2
23,50,2,2,6,5,0,2,3.50,2
23,51,2,3,10,11,1,0,7.95,2
23,52,2,4,5,5,0,0,2.50,2
23,53,2,5,9,6,0,3,2.50,2
23,54,2,6,14,10,2,5,5.50,2
23,55,2,7,14,11,4,4,11.59,2
23,56,2,8,46,42,1,7,3.57,7
23,57,2,9,50,45,2,10,5.06,7
23,58,2,10,76,59,8,19,9.36,7
23,59,2,11,63,51,15,16,15.44,7
23,60,2,12,51,47,5,15,10.37,7
23,61,2,13,61,57,9,10,9.61,7
23,62,2,14,58,52,11,5,6.92,7
23,63,2,15,55,46,4,10,5.33,7
23,64,2,16,52,48,5,9,8.54,7
23,65,2,17,43,44,4,4,5.45,7
23,66,2,18,37,38,2,1,3.95,7
23,67,2,19,24,22,1,2,2.50,7
23,68,2,20,22,12,2,10,8.33,2
23,69,2,21,19,16,7,6,13.12,2
23,70,2,22,11,14,3,0,7.50,2
23,71,2,23,12,8,0,4,6.88,2
23,72,3,0,8,10,2,0,7.50,2
23,73,3,1,9,7,0,2,3.93,2
23,74,3,2,11,11,2,0,16.14,2
23,75,3,3,7,7,0,0,3.21,2
23,76,3,4,1,1,0,0,2.50,2
23,77,3,5,11,11,0,0,5.23,2
23,78,3,6,7,5,1,1,4.50,2
23,79,3,7,26,14,6,7,12.14,2
23,80,3,8,44,43,0,8,4.48,7
23,81,3,9,64,54,5,13,10.00,7
23,82,3,10,67,55,7,18,11.05,7
23,83,3,11,83,59,19,23,13.18,7
23,84,3,12,63,59,18,9,13.43,7
23,85,3,13,63,57,9,6,8.55,7
23,86,3,14,72,43,12,23,13.20,7
23,87,3,15,81,63,21,20,14.80,7
23,88,3,16,59,52,15,12,11.63,7
23,89,3,17,39,42,5,4,5.24,7
23,90,3,18,31,31,1,3,2.66,7
23,91,3,19,26,25,0,4,2.50,7
23,92,3,20,12,14,1,1,7.86,2
23,93,3,21,14,9,1,5,8.61,2
23,94,3,22,8,9,4,0,9.72,2
23,95,3,23,10,9,0,1,3.61,2
23,96,4,0,7,6,0,2,2.50,2
23,97,4,1,11,12,0,1,4.17,2
23,98,4,2,3,4,0,0,2.50,2
23,99,4,3,8,5,1,2,2.50,2
23,100,4,4,7,7,0,2,2.50,2
23,101,4,5,6,6,0,2,2.50,2
23,102,4,6,17,9,6,4,19.72,2
23,103,4,7,14,12,2,4,11.25,2
23,104,4,8,49,40,7,6,8.62,7
23,105,4,9,53,42,7,10,9.40,7
23,106,4,10,69,53,7,19,7.50,7
23,107,4,11,48,53,7,7,12.03,7
23,108,4,12,64,48,8,15,11.04,7
23,109,4,13,52,49,7,11,8.52,7
23,110,4,14,61,56,10,6,9.46,7
23,111,4,15,55,46,4,11,7.39,7
23,112,4,16,49,45,3,12,8.94,7
23,113,4,17,35,38,6,3,7.63,7
23,114,4,18,26,21,2,6,2.50,7
23,115,4,19,16,21,0,1,2.50,7
23,116,4,20,19,13,0,7,7.50,2
23,117,4,21,10,12,2,3,10.42,2
23,118,4,22,12,11,3,1,7.50,2
23,119,4,23,15,13,1,2,4.04,2
23,120,5,0,9,10,1,0,4.50,2
23,121,5,1,3,3,0,0,2.50,2
23,122,5,2,5,5,0,0,2.50,2
23,123,5,3,7,7,0,0,2.50,2
23,124,5,4,6,6,0,0,2.50,2
23,125,5,5,4,4,0,0,2.50,2
23,126,5,6,11,8,0,3,5.00,2
23,127,5,7,14,14,0,3,8.21,2
23,128,5,8,33,29,2,5,8.36,4
23,129,5,9,32,21,3,13,9.64,4
23,130,5,10,40,23,14,16,17.93,4
23,131,5,11,37,24,16,13,20.83,4
23,132,5,12,37,32,9,9,15.78,4
23,133,5,13,38,25,8,14,17.30,4
23,134,5,14,48,28,16,18,17.32,4
23,135,5,15,38,31,14,11,17.18,4
23,136,5,16,29,25,10,5,18.50,4
23,137,5,17,30,27,4,4,13.98,4
23,138,5,18,13,16,1,0,5.94,4
23,139,5,19,19,15,1,3,3.50,4
23,140,5,20,6,6,0,3,9.17,2
23,141,5,21,6,8,1,0,5.00,2
23,142,5,22,3,3,0,0,2.50,2
23,143,5,23,6,5,0,1,3.50,2
23,144,6,0,3,4,0,0,2.50,2
23,145,6,1,2,2,0,0,2.50,2
23,146,6,2,0,0,0,0,0.00,2
23,147,6,3,1,0,0,1,0.00,2
23,148,6,4,5,4,2,0,2.50,2
23,149,6,5,2,2,0,0,2.50,2
23,150,6,6,1,1,0,0,2.50,2
23,151,6,7,12,8,0,4,7.50,2
23,152,6,8,12,16,0,0,2.81,4
23,153,6,9,15,12,0,3,2.92,4
23,154,6,10,33,25,1,10,7.30,4
23,155,6,11,20,22,4,4,6.82,4
23,156,6,12,24,19,1,8,4.08,4
23,157,6,13,20,23,2,3,5.98,4
23,158,6,14,26,24,2,3,3.12,4
23,159,6,15,15,18,0,0,3.89,4
23,160,6,16,20,16,2,2,4.06,4
23,161,6,17,14,14,2,0,2.86,4
23,162,6,18,8,7,0,1,2.50,4
23,163,6,19,9,9,0,1,2.50,4
23,164,6,20,9,9,0,1,3.61,2
23,165,6,21,2,3,0,0,5.83,2
23,166,6,22,2,2,0,0,2.50,2
23,167,6,23,4,3,0,1,2.50,2
23,168,7,0,7,8,0,0,4.38,2
23,169,7,1,5,5,0,0,2.50,2
23,170,7,2,1,1,0,0,2.50,2
23,171,7,3,3,2,0,1,2.50,2
23,172,7,4,0,1,0,0,2.50,2
23,173,7,5,2,2,0,0,2.50,2
23,174,7,6,8,8,0,0,5.00,2
23,175,7,7,8,7,0,1,3.21,2
23,176,7,8,34,32,0,3,2.97,7
23,177,7,9,58,46,3,12,5.33,7
23,178,7,10,68,54,13,13,10.83,7
23,179,7,11,55,56,6,6,8.93,7
23,180,7,12,58,48,6,10,6.04,7
23,181,7,13,45,47,4,4,6.33,7
23,182,7,14,66,50,12,8,9.90,7
23,183,7,15,63,56,6,9,6.25,7
23,184,7,16,51,40,8,12,10.38,7
23,185,7,17,31,38,2,3,5.92,7
23,186,7,18,31,30,0,4,2.50,7
23,187,7,19,18,20,1,1,2.50,7
23,188,7,20,13,9,1,4,4.17,2
23,189,7,21,15,15,3,1,12.83,2
23,190,7,22,12,11,1,1,5.68,2
23,191,7,23,8,9,0,0,3.61,2
23,192,8,0,6,5,0,1,3.50,2
23,193,8,1,6,7,0,0,3.93,2
23,194,8,2,6,5,0,1,4.50,2
23,195,8,3,7,6,2,0,2.50,2
23,196,8,4,4,2,0,2,2.50,2
23,197,8,5,4,6,0,0,2.50,2
23,198,8,6,3,2,1,0,2.50,2
23,199,8,7,14,11,0,3,3.41,2
23,200,8,8,35,36,0,2,2.78,7
23,201,8,9,59,48,3,10,4.79,7
23,202,8,10,62,56,9,7,8.93,7
23,203,8,11,64,56,6,9,8.57,7
23,204,8,12,48,46,4,7,6.74,7
23,205,8,13,55,45,10,7,8.50,7
23,206,8,14,71,54,10,14,6.48,7
23,207,8,15,61,55,8,12,11.86,7
23,208,8,16,42,48,4,2,9.06,7
23,209,8,17,34,34,0,2,2.79,7
23,210,8,18,30,27,1,4,2.50,7
23,211,8,19,17,18,1,2,2.50,7
23,212,8,20,15,14,1,2,5.36,2
23,213,8,21,14,11,3,2,13.41,2
23,214,8,22,5,7,0,0,5.36,2
23,215,8,23,8,8,0,0,2.50,2
23,216,9,0,10,7,2,1,6.07,2
23,217,9,1,7,6,1,1,2.50,2
23,218,9,2,4,3,0,2,2.50,2
23,219,9,3,3,5,0,0,2.50,2
23,220,9,4,7,7,0,0,2.50,2
23,221,9,5,5,4,0,1,2.50,2
23,222,9,6,18,9,2,8,3.06,2
23,223,9,7,21,13,10,6,13.65,2
23,224,9,8,52,44,2,12,4.20,7
23,225,9,9,74,53,13,20,12.97,7
23,226,9,10,67,57,19,11,13.99,7
23,227,9,11,82,48,19,26,13.65,7
23,228,9,12,81,61,21,25,14.55,7
23,229,9,13,84,63,22,24,17.34,7
23,230,9,14,79,74,14,15,10.88,7
23,231,9,15,66,62,13,6,8.47,7
23,232,9,16,75,68,3,10,4.93,7
23,233,9,17,43,47,2,4,4.31,7
23,234,9,18,33,34,1,2,3.38,7
23,235,9,19,22,20,1,3,2.75,7
23,236,9,20,15,10,1,7,11.00,2
23,237,9,21,11,14,4,0,5.00,2
23,238,9,22,10,8,1,1,3.12,2
23,239,9,23,12,10,1,2,3.50,2
23,240,10,0,12,11,1,2,7.95,2
23,241,10,1,5,7,0,0,3.93,2
23,242,10,2,7,6,1,0,3.33,2
23,243,10,3,13,7,2,4,4.64,2
23,244,10,4,6,8,2,0,6.88,2
23,245,10,5,11,7,2,2,8.21,2
23,246,10,6,4,5,1,0,2.50,2
23,247,10,7,17,14,2,1,6.07,2
23,248,10,8,21,19,0,3,2.50,7
23,249,10,9,39,38,0,4,3.42,7
23,250,10,10,48,47,1,4,4.95,7
23,251,10,11,29,29,3,1,3.36,7
23,252,10,12,48,37,5,7,3.18,7
23,253,10,13,55,44,9,9,9.77,7
23,254,10,14,41,47,1,2,4.84,7
23,255,10,15,39,32,6,3,3.91,7
23,256,10,16,27,27,2,1,2.69,7
23,257,10,17,34,28,3,4,2.68,7
23,258,10,18,21,24,0,1,2.50,7
23,259,10,19,28,25,2,2,2.50,7
23,260,10,20,13,11,1,3,10.68,2
23,261,10,21,9,11,0,1,13.86,2
23,262,10,22,7,7,0,1,4.64,2
23,263,10,23,7,8,0,0,2.50,2
23,264,11,0,4,4,0,0,2.50,2
23,265,11,1,1,1,0,0,2.50,2
23,266,11,2,4,2,0,2,2.50,2
23,267,11,3,3,5,0,0,2.50,2
23,268,11,4,4,3,1,0,2.50,2
23,269,11,5,3,2,1,0,2.50,2
23,270,11,6,3,3,0,0,2.50,2
23,271,11,7,18,12,1,5,9.17,2
23,272,11,8,30,30,4,1,3.17,7
23,273,11,9,54,45,3,7,4.83,7
23,274,11,10,54,50,4,7,7.90,7
23,275,11,11,45,45,1,6,4.72,7
23,276,11,12,48,42,6,6,8.33,7
23,277,11,13,64,48,4,18,8.96,7
23,278,11,14,49,45,12,10,12.61,7
23,279,11,15,55,46,9,10,8.91,7
23,280,11,16,45,44,5,6,10.00,7
23,281,11,17,31,29,2,6,4.22,7
23,282,11,18,24,26,1,3,2.50,7
23,283,11,19,17,18,0,2,2.50,7
23,284,11,20,16,16,0,2,6.56,2
23,285,11,21,5,6,0,1,3.33,2
23,286,11,22,3,4,0,0,2.50,2
23,287,11,23,3,3,0,0,2.50,2
23,288,12,0,1,1,0,0,2.50,2
23,289,12,1,1,1,0,0,2.50,2
23,290,12,2,1,1,0,0,2.50,2
23,291,12,3,0,0,0,0,0.00,2
23,292,12,4,4,4,0,0,2.50,2
23,293,12,5,2,2,0,0,2.50,2
23,294,12,6,4,3,0,1,2.50,2
23,295,12,7,7,8,0,0,2.50,2
23,296,12,8,13,12,0,1,2.50,4
23,297,12,9,27,23,2,3,4.24,4
23,298,12,10,27,25,3,2,5.50,4
23,299,12,11,26,21,3,4,3.93,4
23,300,12,12,41,22,10,13,15.45,4
23,301,12,13,38,32,12,7,16.72,4
23,302,12,14,44,28,11,12,13.39,4
23,303,12,15,44,31,17,8,17.02,4
23,304,12,16,35,25,9,9,15.10,4
23,305,12,17,23,24,4,4,10.83,4
23,306,12,18,25,22,2,5,8.64,4
23,307,12,19,18,20,1,2,5.00,4
23,308,12,20,9,10,1,0,7.00,2
23,309,12,21,2,2,0,0,2.50,2
23,310,12,22,6,5,0,1,2.50,2
23,311,12,23,1,2,0,0,2.50,2
23,312,13,0,4,4,0,0,2.50,2
23,313,13,1,8,6,0,2,2.50,2
23,314,13,2,4,6,0,0,4.17,2
23,315,13,3,0,0,0,0,0.00,2
23,316,13,4,4,4,0,0,2.50,2
23,317,13,5,3,2,1,0,2.50,2
23,318,13,6,5,5,0,0,2.50,2
23,319,13,7,17,10,1,6,4.00,2
23,320,13,8,62,33,16,19,14.17,4
23,321,13,9,73,41,35,16,21.04,4
23,322,13,10,70,59,12,15,15.38,4
23,323,13,11,70,55,8,22,14.23,4
23,324,13,12,52,50,12,12,17.30,4
23,325,13,13,62,51,10,13,9.85,4
23,326,13,14,43,39,5,12,7.88,4
23,327,13,15,46,32,15,11,19.69,4
23,328,13,16,37,33,9,6,15.23,4
23,329,13,17,36,24,11,7,19.79,4
23,330,13,18,19,23,2,1,5.33,4
23,331,13,19,10,11,0,0,2.50,4
23,332,13,20,7,6,0,1,2.50,2
23,333,13,21,6,7,0,0,2.50,2
23,334,13,22,8,7,0,1,3.21,2
23,335,13,23,3,2,1,1,2.50,2
24,0,0,0,4,4,0,0,2.50,2
24,1,0,1,7,7,0,0,2.50,2
24,2,0,2,8,7,1,0,3.21,2
24,3,0,3,6,6,0,0,3.33,2
24,4,0,4,4,4,0,0,2.50,2
24,5,0,5,6,5,0,1,2.50,2
24,6,0,6,12,10,2,1,3.00,2
24,7,0,7,31,12,7,13,13.33,2
24,8,0,8,30,40,2,1,8.25,7
24,9,0,9,56,39,6,12,5.96,7
24,10,0,10,77,55,16,18,12.41,7
24,11,0,11,84,56,20,26,16.61,7
24,12,0,12,68,71,15,8,10.53,7
24,13,0,13,71,63,7,9,5.83,7
24,14,0,14,72,56,8,17,8.30,7
24,15,0,15,68,60,8,17,9.83,7
24,16,0,16,55,52,10,10,10.77,7
24,17,0,17,42,46,1,5,7.93,7
24,18,0,18,44,41,3,5,4.33,7
24,19,0,19,23,25,0,3,2.50,7
24,20,0,20,19,10,4,8,17.50,2
24,21,0,21,9,9,6,2,29.17,2
24,22,0,22,8,9,0,1,3.61,2
24,23,0,23,10,9,2,0,6.94,2
24,24,1,0,11,9,0,2,3.61,2
24,25,1,1,9,10,0,1,7.50,2
24,26,1,2,3,3,1,0,2.50,2
24,27,1,3,6,6,0,0,3.33,2
24,28,1,4,7,7,0,0,3.93,2
24,29,1,5,11,10,1,0,4.50,2
24,30,1,6,8,7,0,1,2.50,2
24,31,1,7,25,13,5,8,10.19,2
24,32,1,8,48,49,3,4,6.38,7
24,33,1,9,68,41,7,24,10.55,7
24,34,1,10,65,57,14,18,12.50,7
24,35,1,11,75,62,13,18,12.02,7
24,36,1,12,79,51,17,29,14.85,7
24,37,1,13,74,66,23,14,14.09,7
24,38,1,14,80,72,9,13,6.67,7
24,39,1,15,91,84,8,12,6.25,7
24,40,1,16,58,53,5,12,7.12,7
24,41,1,17,51,52,5,6,9.90,7
24,42,1,18,46,42,2,8,8.21,7
24,43,1,19,40,42,1,5,5.83,7
24,44,1,20,14,9,9,1,14.72,2
24,45,1,21,16,9,5,3,10.28,2
24,46,1,22,15,14,2,2,9.64,2
24,47,1,23,14,10,3,3,7.00,2
24,48,2,0,8,10,0,1,6.00,2
24,49,2,1,10,9,0,2,3.61,2
24,50,2,2,5,5,1,1,2.50,2
24,51,2,3,10,9,0,2,4.72,2
24,52,2,4,3,4,1,0,2.50,2
24,53,2,5,9,6,0,3,3.33,2
24,54,2,6,4,7,0,0,3.93,2
24,55,2,7,20,9,3,8,7.50,2
24,56,2,8,39,42,3,2,5.60,7
24,57,2,9,42,34,1,9,5.00,7
24,58,2,10,51,52,7,1,7.69,7
24,59,2,11,47,32,5,11,4.22,7
24,60,2,12,55,44,10,12,8.07,7
24,61,2,13,43,42,5,8,8.69,7
24,62,2,14,47,46,1,8,4.02,7
24,63,2,15,45,46,0,7,3.59,7
24,64,2,16,38,40,4,1,4.50,7
24,65,2,17,22,19,1,3,2.50,7
24,66,2,18,24,25,0,2,2.50,7
24,67,2,19,21,22,0,1,2.50,7
24,68,2,20,12,11,1,1,3.41,2
24,69,2,21,10,8,1,2,2.50,2
24,70,2,22,11,12,1,0,2.92,2
24,71,2,23,7,7,0,0,4.64,2
24,72,3,0,9,9,0,0,2.50,2
24,73,3,1,5,5,0,0,2.50,2
24,74,3,2,4,3,0,1,2.50,2
24,75,3,3,3,4,0,0,2.50,2
24,76,3,4,5,5,0,0,2.50,2
24,77,3,5,5,4,0,1,2.50,2
24,78,3,6,8,8,0,1,2.50,2
24,79,3,7,19,15,2,3,3.83,2
24,80,3,8,47,37,6,7,3.99,7
24,81,3,9,73,54,10,16,9.63,7
24,82,3,10,79,60,14,21,11.58,7
24,83,3,11,77,52,19,27,16.15,7
24,84,3,12,72,70,21,8,15.64,7
24,85,3,13,71,67,8,4,6.53,7
24,86,3,14,87,69,3,19,4.67,7
24,87,3,15,77,79,11,6,7.82,7
24,88,3,16,43,43,0,6,3.31,7
24,89,3,17,43,41,6,2,3.48,7
24,90,3,18,35,31,2,4,2.98,7
24,91,3,19,19,22,1,0,2.50,7
24,92,3,20,18,11,5,2,16.59,2
24,93,3,21,15,15,2,0,10.17,2
24,94,3,22,8,7,0,1,3.21,2
24,95,3,23,8,8,1,0,3.12,2
24,96,4,0,8,8,0,0,6.25,2
24,97,4,1,4,4,0,0,2.50,2
24,98,4,2,6,5,0,1,3.50,2
24,99,4,3,5,6,0,0,6.67,2
24,100,4,4,7,7,0,0,2.50,2
24,101,4,5,4,4,0,0,3.75,2
24,102,4,6,5,5,0,0,2.50,2
24,103,4,7,20,14,3,3,6.79,2
24,104,4,8,29,27,2,3,3.24,7
24,105,4,9,57,43,4,13,3.90,7
24,106,4,10,46,51,3,5,9.85,7
24,107,4,11,67,49,12,11,10.26,7
24,108,4,12,45,39,5,12,7.37,7
24,109,4,13,47,37,11,11,8.04,7
24,110,4,14,52,53,3,7,6.37,7
24,111,4,15,44,41,1,9,4.09,7
24,112,4,16,49,44,4,10,5.68,7
24,113,4,17,35,39,5,1,5.71,7
24,114,4,18,22,18,2,3,2.50,7
24,115,4,19,12,15,0,0,2.50,7
24,116,4,20,20,16,2,2,3.75,2
24,117,4,21,12,10,2,2,4.50,2
24,118,4,22,4,6,0,0,2.50,2
24,119,4,23,6,5,0,1,3.50,2
24,120,5,0,6,7,0,0,2.50,2
24,121,5,1,1,1,0,0,2.50,2
24,122,5,2,5,4,0,1,2.50,2
24,123,5,3,1,2,0,0,2.50,2
24,124,5,4,1,1,0,0,2.50,2
24,125,5,5,4,4,0,0,2.50,2
24,126,5,6,3,3,0,0,2.50,2
24,127,5,7,9,8,0,1,3.12,2
24,128,5,8,15,15,1,0,2.83,4
24,129,5,9,33,22,4,7,11.14,4
24,130,5,10,31,26,6,6,10.58,4
24,131,5,11,20,22,2,2,3.64,4
24,132,5,12,28,22,2,6,7.05,4
24,133,5,13,36,23,8,11,15.11,4
24,134,5,14,42,28,16,9,14.46,4
24,135,5,15,26,24,6,5,16.67,4
24,136,5,16,20,22,3,0,6.59,4
24,137,5,17,23,20,0,3,3.00,4
24,138,5,18,7,10,0,0,2.50,4
24,139,5,19,11,11,0,0,2.95,4
24,140,5,20,4,4,0,0,2.50,2
24,141,5,21,5,5,0,0,2.50,2
24,142,5,22,5,5,0,0,3.50,2
24,143,5,23,6,6,0,0,3.33,2
24,144,6,0,2,2,0,0,2.50,2
24,145,6,1,1,1,0,0,2.50,2
24,146,6,2,2,1,1,0,2.50,2
24,147,6,3,4,4,0,0,2.50,2
24,148,6,4,1,1,0,0,2.50,2
24,149,6,5,0,0,0,0,0.00,2
24,150,6,6,1,1,0,0,2.50,2
24,151,6,7,4,4,0,0,2.50,2
24,152,6,8,27,23,0,4,3.59,4
24,153,6,9,35,26,5,8,10.19,4
24,154,6,10,42,27,13,10,11.39,4
24,155,6,11,33,26,13,4,15.19,4
24,156,6,12,37,30,4,7,8.33,4
24,157,6,13,34,25,8,8,12.70,4
24,158,6,14,23,24,4,3,6.67,4
24,159,6,15,29,18,5,9,7.78,4
24,160,6,16,20,24,5,0,13.96,4
24,161,6,17,16,12,1,3,2.92,4
24,162,6,18,19,18,2,2,5.83,4
24,163,6,19,11,10,0,3,3.00,4
24,164,6,20,3,4,0,2,10.00,2
24,165,6,21,6,8,0,0,2.50,2
24,166,6,22,4,4,0,0,2.50,2
24,167,6,23,2,2,0,0,2.50,2
24,168,7,0,4,4,0,0,2.50,2
24,169,7,1,6,4,1,1,2.50,2
24,170,7,2,1,2,0,0,2.50,2
24,171,7,3,1,1,0,0,2.50,2
24,172,7,4,5,3,1,1,2.50,2
24,173,7,5,3,3,1,0,2.50,2
24,174,7,6,9,8,0,1,3.12,2
24,175,7,7,18,14,1,4,5.71,2
24,176,7,8,36,36,1,3,3.33,7
24,177,7,9,49,38,4,10,7.89,7
24,178,7,10,51,42,11,8,7.26,7
24,179,7,11,77,55,14,16,11.95,7
24,180,7,12,54,50,7,13,13.60,7
24,181,7,13,49,47,6,9,5.69,7
24,182,7,14,50,48,2,9,4.90,7
24,183,7,15,54,45,4,14,11.39,7
24,184,7,16,46,46,8,6,10.00,7
24,185,7,17,43,39,6,4,9.29,7
24,186,7,18,32,33,1,2,2.65,7
24,187,7,19,20,19,2,1,2.50,7
24,188,7,20,14,8,5,2,5.00,2
24,189,7,21,14,12,1,3,5.00,2
24,190,7,22,6,6,2,1,7.50,2
24,191,7,23,7,6,2,0,4.17,2
24,192,8,0,8,6,2,0,2.50,2
24,193,8,1,6,6,0,0,2.50,2
24,194,8,2,4,3,0,1,2.50,2
24,195,8,3,5,6,0,0,2.50,2
24,196,8,4,3,2,0,1,2.50,2
24,197,8,5,6,7,0,0,2.50,2
24,198,8,6,10,7,2,1,4.64,2
24,199,8,7,14,14,1,0,6.79,2
24,200,8,8,34,31,3,0,4.27,7
24,201,8,9,77,49,6,22,6.89,7
24,202,8,10,79,67,27,7,12.80,7
24,203,8,11,68,61,5,9,5.37,7
24,204,8,12,52,51,3,7,4.07,7
24,205,8,13,40,36,2,9,4.31,7
24,206,8,14,58,53,5,9,6.37,7
24,207,8,15,62,52,3,16,8.08,7
24,208,8,16,65,54,10,17,9.35,7
24,209,8,17,39,44,6,6,11.93,7
24,210,8,18,31,33,1,3,2.50,7
24,211,8,19,17,17,1,2,2.50,7
24,212,8,20,7,7,1,1,2.50,2
24,213,8,21,14,10,0,5,7.00,2
24,214,8,22,19,16,5,3,15.00,2
24,215,8,23,9,10,0,2,8.00,2
24,216,9,0,3,4,1,0,5.00,2
24,217,9,1,2,1,1,0,2.50,2
24,218,9,2,3,3,0,0,2.50,2
24,219,9,3,4,4,0,0,2.50,2
24,220,9,4,3,3,0,0,2.50,2
24,221,9,5,9,6,2,1,6.67,2
24,222,9,6,8,8,0,1,3.12,2
24,223,9,7,15,7,3,6,11.07,2
24,224,9,8,30,34,1,1,4.26,7
24,225,9,9,54,41,6,8,6.40,7
24,226,9,10,53,44,6,11,6.70,7
24,227,9,11,59,47,6,17,8.88,7
24,228,9,12,34,42,5,4,7.02,7
24,229,9,13,47,42,2,7,4.17,7
24,230,9,14,52,42,9,8,6.43,7
24,231,9,15,100,55,25,28,17.14,7
24,232,9,16,75,80,15,8,9.88,7
24,233,9,17,66,65,3,6,5.50,7
24,234,9,18,49,45,4,6,5.17,7
24,235,9,19,26,29,0,3,3.36,7
24,236,9,20,21,16,3,5,7.81,2
24,237,9,21,12,14,2,1,12.86,2
24,238,9,22,5,5,0,1,2.50,2
24,239,9,23,9,8,1,1,3.75,2
24,240,10,0,10,9,0,2,4.17,2
24,241,10,1,9,8,1,2,5.62,2
24,242,10,2,3,4,0,1,3.75,2
24,243,10,3,5,4,0,2,2.50,2
24,244,10,4,5,5,1,1,2.50,2
24,245,10,5,6,6,1,0,3.33,2
24,246,10,6,12,10,0,2,2.50,2
24,247,10,7,17,12,4,3,7.08,2
24,248,10,8,38,36,1,4,3.33,7
24,249,10,9,48,42,2,8,3.57,7
24,250,10,10,63,50,10,11,9.20,7
24,251,10,11,69,46,12,22,10.11,7
24,252,10,12,56,49,13,16,12.70,7
24,253,10,13,59,56,8,11,12.86,7
24,254,10,14,60,49,9,13,8.93,7
24,255,10,15,60,51,16,6,13.68,7
24,256,10,16,55,51,4,6,6.52,7
24,257,10,17,43,45,2,2,5.72,7
24,258,10,18,23,25,0,0,2.50,7
24,259,10,19,16,15,0,1,2.50,7
24,260,10,20,16,14,0,3,8.21,2
24,261,10,21,15,14,0,4,7.86,2
24,262,10,22,9,11,2,0,5.68,2
24,263,10,23,8,5,1,2,3.50,2
24,264,11,0,4,5,1,0,2.50,2
24,265,11,1,12,7,2,3,8.21,2
24,266,11,2,6,5,3,1,6.50,2
24,267,11,3,14,14,0,1,8.21,2
24,268,11,4,6,7,0,0,3.93,2
24,269,11,5,4,4,0,0,2.50,2
24,270,11,6,9,8,1,0,3.75,2
24,271,11,7,19,6,4,9,14.17,2
24,272,11,8,45,45,3,6,6.06,7
24,273,11,9,48,40,7,7,7.00,7
24,274,11,10,50,44,6,7,8.75,7
24,275,11,11,62,44,11,14,9.89,7
24,276,11,12,47,47,10,4,10.37,7
24,277,11,13,58,41,6,15,10.43,7
24,278,11,14,53,44,11,13,11.93,7
24,279,11,15,55,51,12,5,12.30,7
24,280,11,16,47,50,0,2,4.60,7
24,281,11,17,34,33,0,3,4.02,7
24,282,11,18,31,28,0,6,2.68,7
24,283,11,19,27,29,1,3,4.05,7
24,284,11,20,19,8,8,6,19.38,2
24,285,11,21,19,16,5,4,12.50,2
24,286,11,22,10,13,1,0,4.81,2
24,287,11,23,10,9,1,0,2.50,2
24,288,12,0,12,9,2,1,6.39,2
24,289,12,1,5,6,0,0,2.50,2
24,290,12,2,7,7,0,0,2.50,2
24,291,12,3,1,1,0,0,2.50,2
24,292,12,4,2,2,0,0,2.50,2
24,293,12,5,6,5,0,1,2.50,2
24,294,12,6,8,8,1,0,2.50,2
24,295,12,7,12,10,1,1,3.00,2
24,296,12,8,20,21,0,0,3.45,4
24,297,12,9,47,29,4,14,9.57,4
24,298,12,10,34,23,17,8,16.63,4
24,299,12,11,49,32,10,15,12.34,4
24,300,12,12,40,29,20,6,15.43,4
24,301,12,13,49,26,12,17,12.31,4
24,302,12,14,58,27,30,18,21.76,4
24,303,12,15,53,37,23,11,17.64,4
24,304,12,16,40,25,9,17,10.70,4
24,305,12,17,35,28,13,11,18.04,4
24,306,12,18,16,22,5,0,9.77,4
24,307,12,19,24,19,0,5,3.03,4
24,308,12,20,13,12,2,4,9.17,2
24,309,12,21,9,9,3,1,6.94,2
24,310,12,22,6,5,2,0,2.50,2
24,311,12,23,4,3,0,1,2.50,2
24,312,13,0,7,7,1,0,3.21,2
24,313,13,1,6,4,0,2,2.50,2
24,314,13,2,2,3,1,0,2.50,2
24,315,13,3,4,4,0,0,2.50,2
24,316,13,4,0,0,0,0,0.00,2
24,317,13,5,3,2,0,1,2.50,2
24,318,13,6,4,4,0,1,2.50,2
24,319,13,7,13,11,2,1,5.23,2
24,320,13,8,30,24,3,4,6.46,4
24,321,13,9,37,25,6,10,5.30,4
24,322,13,10,49,33,19,7,12.35,4
24,323,13,11,50,27,8,22,8.43,4
24,324,13,12,49,33,16,22,22.50,4
24,325,13,13,47,35,16,18,23.64,4
24,326,13,14,42,30,18,12,17.67,4
24,327,13,15,44,33,11,12,16.59,4
24,328,13,16,38,25,14,11,17.70,4
24,329,13,17,40,31,8,12,12.98,4
24,330,13,18,28,23,11,6,15.98,4
24,331,13,19,25,24,2,5,10.83,4
24,332,13,20,21,14,4,8,10.71,2
24,333,13,21,10,15,3,0,10.17,2
24,334,13,22,11,8,2,1,3.12,2
24,335,13,23,7,8,0,0,2.50,2
25,0,0,0,3,2,0,1,2.50,2
25,1,0,1,5,6,0,0,3.33,2
25,2,0,2,6,6,0,0,2.50,2
25,3,0,3,2,2,0,0,2.50,2
25,4,0,4,5,3,1,1,2.50,2
25,5,0,5,3,4,0,0,3.75,2
25,6,0,6,6,5,1,0,2.50,2
25,7,0,7,12,10,0,2,4.00,2
25,8,0,8,39,34,1,6,2.79,7
25,9,0,9,38,39,1,4,4.55,7
25,10,0,10,61,45,6,14,11.94,7
25,11,0,11,54,48,9,11,10.62,7
25,12,0,12,51,49,3,10,7.60,7
25,13,0,13,48,42,6,10,5.71,7
25,14,0,14,45,44,2,9,6.70,7
25,15,0,15,41,41,5,4,6.77,7
25,16,0,16,36,38,1,1,3.16,7
25,17,0,17,29,22,3,5,2.50,7
25,18,0,18,17,22,0,0,2.50,7
25,19,0,19,15,13,0,2,2.50,7
25,20,0,20,14,9,1,6,4.72,2
25,21,0,21,8,11,2,1,10.23,2
25,22,0,22,8,8,1,0,3.75,2
25,23,0,23,7,6,1,0,4.17,2
25,24,1,0,4,4,0,0,2.50,2
25,25,1,1,2,2,0,0,2.50,2
25,26,1,2,4,3,0,1,2.50,2
25,27,1,3,3,4,0,0,2.50,2
25,28,1,4,3,3,0,0,2.50,2
25,29,1,5,5,4,0,1,2.50,2
25,30,1,6,4,3,0,2,2.50,2
25,31,1,7,12,10,2,2,4.50,2
25,32,1,8,43,31,2,12,4.27,7
25,33,1,9,55,47,7,13,10.37,7
25,34,1,10,75,62,12,14,11.45,7
25,35,1,11,63,56,8,13,9.91,7
25,36,1,12,68,50,18,13,13.90,7
25,37,1,13,61,54,9,11,8.61,7
25,38,1,14,83,54,19,21,15.37,7
25,39,1,15,54,61,12,2,8.98,7
25,40,1,16,49,47,1,3,2.50,7
25,41,1,17,39,37,1,4,3.31,7
25,42,1,18,26,27,1,2,2.50,7
25,43,1,19,25,24,1,2,2.71,7
25,44,1,20,19,12,3,6,4.17,2
25,45,1,21,8,10,4,0,17.00,2
25,46,1,22,10,7,2,1,6.79,2
25,47,1,23,11,11,1,0,5.68,2
25,48,2,0,6,6,0,0,2.50,2
25,49,2,1,5,5,0,0,2.50,2
25,50,2,2,8,8,0,0,3.12,2
25,51,2,3,8,7,0,1,2.50,2
25,52,2,4,5,4,0,2,5.00,2
25,53,2,5,4,6,0,0,2.50,2
25,54,2,6,12,9,1,2,3.61,2
25,55,2,7,22,12,1,11,5.00,2
25,56,2,8,32,35,4,4,5.64,7
25,57,2,9,56,47,5,8,7.29,7
25,58,2,10,55,38,12,13,10.26,7
25,59,2,11,66,49,10,20,9.95,7
25,60,2,12,47,52,9,6,10.10,7
25,61,2,13,60,41,8,17,7.99,7
25,62,2,14,47,53,5,6,7.03,7
25,63,2,15,47,43,1,9,3.90,7
25,64,2,16,47,42,8,6,8.33,7
25,65,2,17,38,36,3,5,5.14,7
25,66,2,18,15,18,0,2,2.50,7
25,67,2,19,18,15,1,4,2.50,7
25,68,2,20,19,13,5,5,9.04,2
25,69,2,21,11,11,3,2,7.05,2
25,70,2,22,9,10,1,0,4.50,2
25,71,2,23,12,10,2,0,13.50,2
25,72,3,0,13,11,1,1,7.05,2
25,73,3,1,9,9,0,1,5.28,2
25,74,3,2,10,10,1,0,3.00,2
25,75,3,3,8,5,1,2,2.50,2
25,76,3,4,7,8,0,1,2.50,2
25,77,3,5,3,4,0,0,2.50,2
25,78,3,6,10,8,0,2,4.38,2
25,79,3,7,23,10,10,5,11.00,2
25,80,3,8,36,34,3,4,3.82,7
25,81,3,9,71,50,6,19,10.70,7
25,82,3,10,84,58,18,27,16.03,7
25,83,3,11,83,70,26,14,16.21,7
25,84,3,12,79,66,11,16,7.35,7
25,85,3,13,84,74,10,16,6.62,7
25,86,3,14,71,71,6,10,6.94,7
25,87,3,15,67,60,4,13,6.50,7
25,88,3,16,70,70,7,6,7.29,7
25,89,3,17,56,51,6,5,4.26,7
25,90,3,18,34,33,2,4,3.26,7
25,91,3,19,15,19,0,0,2.50,7
25,92,3,20,18,9,3,6,11.94,2
25,93,3,21,14,13,6,1,10.19,2
25,94,3,22,14,13,1,1,6.35,2
25,95,3,23,13,9,4,1,10.83,2
25,96,4,0,10,9,1,1,10.28,2
25,97,4,1,5,5,0,1,2.50,2
25,98,4,2,12,13,0,0,4.81,2
25,99,4,3,4,4,0,0,2.50,2
25,100,4,4,10,7,0,3,2.50,2
25,101,4,5,9,10,0,2,4.00,2
25,102,4,6,9,10,0,1,4.00,2
25,103,4,7,22,14,2,7,8.57,2
25,104,4,8,44,45,1,5,5.28,7
25,105,4,9,56,47,3,11,7.50,7
25,106,4,10,69,54,17,9,11.20,7
25,107,4,11,80,51,13,25,12.21,7
25,108,4,12,58,50,22,11,18.80,7
25,109,4,13,76,55,7,25,10.05,7
25,110,4,14,54,50,15,14,14.30,7
25,111,4,15,60,50,11,13,8.40,7
25,112,4,16,52,47,9,9,10.48,7
25,113,4,17,38,39,4,4,6.35,7
25,114,4,18,40,38,3,3,4.08,7
25,115,4,19,25,24,0,4,2.92,7
25,116,4,20,26,14,7,9,15.36,2
25,117,4,21,14,11,6,6,13.86,2
25,118,4,22,10,14,2,0,15.00,2
25,119,4,23,8,8,0,0,2.50,2
25,120,5,0,6,5,0,1,2.50,2
25,121,5,1,6,7,0,0,6.07,2
25,122,5,2,1,1,0,0,2.50,2
25,123,5,3,7,7,0,0,2.50,2
25,124,5,4,4,4,0,0,2.50,2
25,125,5,5,5,5,0,0,2.50,2
25,126,5,6,8,7,0,1,3.93,2
25,127,5,7,13,9,1,4,3.06,2
25,128,5,8,25,22,5,2,7.95,4
25,129,5,9,45,32,5,10,10.94,4
25,130,5,10,46,30,15,11,16.67,4
25,131,5,11,55,27,16,23,16.57,4
25,132,5,12,41,35,24,5,18.07,4
25,133,5,13,47,26,10,16,11.54,4
25,134,5,14,60,36,23,17,17.22,4
25,135,5,15,55,31,18,23,19.44,4
25,136,5,16,49,31,24,17,19.44,4
25,137,5,17,33,30,11,9,15.83,4
25,138,5,18,19,21,5,2,10.36,4
25,139,5,19,24,21,2,3,7.26,4
25,140,5,20,17,11,4,5,9.77,2
25,141,5,21,11,13,2,1,8.27,2
25,142,5,22,7,8,0,0,3.12,2
25,143,5,23,4,4,0,0,2.50,2
25,144,6,0,7,5,1,1,2.50,2
25,145,6,1,6,7,0,0,4.64,2
25,146,6,2,5,5,0,0,3.50,2
25,147,6,3,4,4,0,0,3.75,2
25,148,6,4,2,2,0,0,2.50,2
25,149,6,5,6,4,0,2,3.75,2
25,150,6,6,4,5,0,1,2.50,2
25,151,6,7,10,9,1,1,9.72,2
25,152,6,8,33,25,1,8,5.10,4
25,153,6,9,38,27,7,12,11.39,4
25,154,6,10,43,32,10,13,14.53,4
25,155,6,11,44,24,19,14,17.92,4
25,156,6,12,30,27,9,8,13.80,4
25,157,6,13,38,31,8,7,14.27,4
25,158,6,14,39,27,10,9,13.06,4
25,159,6,15,39,26,7,15,12.31,4
25,160,6,16,20,22,11,2,18.18,4
25,161,6,17,28,29,0,1,4.40,4
25,162,6,18,11,11,0,1,2.95,4
25,163,6,19,10,10,0,1,2.50,4
25,164,6,20,4,5,0,0,3.50,2
25,165,6,21,6,3,1,2,2.50,2
25,166,6,22,9,9,0,2,4.17,2
25,167,6,23,4,5,1,0,2.50,2
25,168,7,0,6,3,1,2,2.50,2
25,169,7,1,3,4,1,0,2.50,2
25,170,7,2,10,9,0,1,3.61,2
25,171,7,3,8,8,1,0,5.00,2
25,172,7,4,5,4,1,0,3.75,2
25,173,7,5,3,3,0,0,2.50,2
25,174,7,6,12,11,0,1,4.77,2
25,175,7,7,24,18,1,6,7.50,2
25,176,7,8,43,36,3,10,2.64,7
25,177,7,9,80,64,7,19,8.20,7
25,178,7,10,81,54,19,27,14.17,7
25,179,7,11,74,69,20,12,15.11,7
25,180,7,12,79,74,7,10,7.64,7
25,181,7,13,80,74,6,10,5.14,7
25,182,7,14,77,70,5,12,8.00,7
25,183,7,15,67,54,7,18,9.72,7
25,184,7,16,50,42,14,12,8.93,7
25,185,7,17,57,51,5,13,9.07,7
25,186,7,18,33,40,6,0,5.12,7
25,187,7,19,39,32,1,6,3.12,7
25,188,7,20,17,11,5,7,17.95,2
25,189,7,21,15,12,7,3,9.58,2
25,190,7,22,17,10,6,4,16.00,2
25,191,7,23,8,7,3,2,11.79,2
25,192,8,0,5,6,0,1,5.00,2
25,193,8,1,7,8,0,0,3.12,2
25,194,8,2,9,9,0,0,7.50,2
25,195,8,3,3,3,0,0,2.50,2
25,196,8,4,12,10,0,2,2.50,2
25,197,8,5,6,8,0,0,2.50,2
25,198,8,6,9,8,0,1,2.50,2
25,199,8,7,14,7,3,5,11.79,2
25,200,8,8,47,40,4,8,4.38,7
25,201,8,9,45,42,3,8,3.69,7
25,202,8,10,48,54,1,1,5.37,7
25,203,8,11,65,49,2,15,7.60,7
25,204,8,12,61,51,11,14,10.83,7
25,205,8,13,60,51,7,16,11.62,7
25,206,8,14,80,61,12,23,10.86,7
25,207,8,15,66,57,21,11,14.87,7
25,208,8,16,44,48,5,2,7.08,7
25,209,8,17,46,37,0,11,3.18,7
25,210,8,18,39,45,4,1,9.39,7
25,211,8,19,23,22,0,2,2.50,7
25,212,8,20,17,17,0,2,3.68,2
25,213,8,21,10,8,3,1,7.50,2
25,214,8,22,11,8,2,2,6.88,2
25,215,8,23,4,6,0,0,4.17,2
25,216,9,0,9,7,2,0,2.50,2
25,217,9,1,6,5,0,1,2.50,2
25,218,9,2,5,6,0,0,4.17,2
25,219,9,3,12,10,0,2,6.00,2
25,220,9,4,4,5,1,0,9.50,2
25,221,9,5,9,8,0,1,2.50,2
25,222,9,6,8,6,1,2,5.00,2
25,223,9,7,13,10,3,2,7.00,2
25,224,9,8,28,29,1,0,3.36,7
25,225,9,9,49,40,1,8,3.62,7
25,226,9,10,55,46,6,11,5.87,7
25,227,9,11,58,46,7,16,9.57,7
25,228,9,12,52,48,8,12,11.25,7
25,229,9,13,53,50,10,5,10.50,7
25,230,9,14,62,48,3,16,7.19,7
25,231,9,15,55,49,11,11,10.26,7
25,232,9,16,49,45,7,8,7.28,7
25,233,9,17,37,40,4,1,5.75,7
25,234,9,18,23,23,0,1,2.50,7
25,235,9,19,20,19,1,1,2.50,7
25,236,9,20,14,9,3,3,12.50,2
25,237,9,21,8,10,0,1,3.00,2
25,238,9,22,8,6,0,3,2.50,2
25,239,9,23,5,8,0,0,3.12,2
25,240,10,0,4,4,0,0,2.50,2
25,241,10,1,6,6,0,0,2.50,2
25,242,10,2,8,7,0,1,3.21,2
25,243,10,3,6,5,1,1,2.50,2
25,244,10,4,3,4,0,0,2.50,2
25,245,10,5,6,5,0,1,2.50,2
25,246,10,6,10,10,0,1,4.00,2
25,247,10,7,23,11,5,8,9.32,2
25,248,10,8,47,40,5,10,5.75,7
25,249,10,9,78,56,13,19,13.04,7
25,250,10,10,72,57,14,20,14.25,7
25,251,10,11,82,60,22,20,12.58,7
25,252,10,12,86,59,30,17,15.04,7
25,253,10,13,76,72,14,7,9.51,7
25,254,10,14,79,62,7,17,6.85,7
25,255,10,15,64,72,2,7,5.69,7
25,256,10,16,58,47,8,10,5.16,7
25,257,10,17,49,48,4,7,4.69,7
25,258,10,18,40,41,1,5,4.70,7
25,259,10,19,30,32,1,2,3.75,7
25,260,10,20,22,10,7,7,17.50,2
25,261,10,21,13,12,4,4,11.25,2
25,262,10,22,8,10,1,1,10.00,2
25,263,10,23,11,7,2,3,4.64,2
25,264,11,0,11,12,2,0,6.67,2
25,265,11,1,9,7,1,1,4.64,2
25,266,11,2,10,9,0,2,3.06,2
25,267,11,3,10,9,1,2,6.39,2
25,268,11,4,8,10,0,0,3.00,2
25,269,11,5,10,8,1,1,2.50,2
25,270,11,6,14,12,2,1,3.75,2
25,271,11,7,25,11,7,8,13.86,2
25,272,11,8,56,49,3,12,8.62,7
25,273,11,9,75,50,16,21,10.70,7
25,274,11,10,86,53,22,32,14.29,7
25,275,11,11,83,68,30,17,19.56,7
25,276,11,12,83,78,9,13,9.17,7
25,277,11,13,73,82,3,1,7.07,7
25,278,11,14,83,54,6,24,8.61,7
25,279,11,15,75,61,21,17,15.61,7
25,280,11,16,64,50,21,10,13.80,7
25,281,11,17,46,44,6,6,7.61,7
25,282,11,18,39,39,1,5,3.27,7
25,283,11,19,24,25,2,2,3.30,7
25,284,11,20,24,12,6,8,15.00,2
25,285,11,21,24,14,10,8,16.07,2
25,286,11,22,15,14,6,3,13.57,2
25,287,11,23,18,10,3,8,15.50,2
25,288,12,0,7,8,7,0,14.38,2
25,289,12,1,10,10,0,0,4.50,2
25,290,12,2,3,3,0,0,2.50,2
25,291,12,3,5,4,0,1,2.50,2
25,292,12,4,4,5,0,0,2.50,2
25,293,12,5,9,9,0,0,3.61,2
25,294,12,6,11,9,1,1,3.06,2
25,295,12,7,7,8,0,0,2.50,2
25,296,12,8,20,19,1,0,2.50,4
25,297,12,9,36,22,3,11,8.86,4
25,298,12,10,33,29,7,8,13.53,4
25,299,12,11,44,27,13,12,14.54,4
25,300,12,12,31,20,10,13,19.75,4
25,301,12,13,40,25,16,12,18.50,4
25,302,12,14,41,30,11,12,13.50,4
25,303,12,15,46,32,12,14,14.53,4
25,304,12,16,34,26,15,7,15.00,4
25,305,12,17,36,27,8,8,10.09,4
25,306,12,18,15,18,4,1,8.89,4
25,307,12,19,24,21,2,2,3.93,4
25,308,12,20,12,13,1,0,5.58,2
25,309,12,21,10,9,0,1,3.06,2
25,310,12,22,10,9,1,1,4.17,2
25,311,12,23,7,7,0,1,3.21,2
25,312,13,0,11,10,0,2,5.00,2
25,313,13,1,6,5,3,0,8.50,2
25,314,13,2,1,1,0,0,2.50,2
25,315,13,3,6,5,0,1,2.50,2
25,316,13,4,4,4,0,1,3.75,2
25,317,13,5,2,2,0,1,2.50,2
25,318,13,6,3,4,0,0,2.50,2
25,319,13,7,12,10,1,1,5.50,2
25,320,13,8,19,19,0,1,2.50,4
25,321,13,9,47,31,7,10,9.60,4
25,322,13,10,38,27,11,10,17.87,4
25,323,13,11,55,25,15,25,18.50,4
25,324,13,12,26,32,13,6,13.59,4
25,325,13,13,53,30,14,15,15.50,4
25,326,13,14,52,34,13,20,19.41,4
25,327,13,15,53,32,22,19,21.25,4
25,328,13,16,50,28,28,13,22.14,4
25,329,13,17,40,27,12,14,17.87,4
25,330,13,18,27,27,9,5,13.06,4
25,331,13,19,22,22,2,3,3.41,4
25,332,13,20,14,14,2,1,10.71,2
25,333,13,21,12,9,1,3,6.39,2
25,334,13,22,9,10,1,1,3.50,2
25,335,13,23,6,7,0,0,2.50,2
26,0,0,0,2,2,0,0,2.50,2
26,1,0,1,2,2,0,0,2.50,2
26,2,0,2,4,4,0,0,2.50,2
26,3,0,3,1,1,0,0,2.50,2
26,4,0,4,4,2,2,0,2.50,2
26,5,0,5,1,1,0,0,2.50,2
26,6,0,6,4,4,0,0,3.75,2
26,7,0,7,17,9,4,4,3.06,2
26,8,0,8,43,41,3,3,3.48,7
26,9,0,9,73,54,5,17,6.48,7
26,10,0,10,70,57,11,19,11.97,7
26,11,0,11,81,56,16,28,11.34,7
26,12,0,12,64,55,20,17,14.41,7
26,13,0,13,80,62,15,20,12.74,7
26,14,0,14,68,55,17,16,14.14,7
26,15,0,15,80,57,16,23,14.25,7
26,16,0,16,51,50,13,11,14.70,7
26,17,0,17,42,42,8,3,5.71,7
26,18,0,18,31,29,1,4,2.50,7
26,19,0,19,28,28,0,4,2.50,7
26,20,0,20,10,13,0,1,10.19,2
26,21,0,21,11,9,3,0,8.06,2
26,22,0,22,9,9,0,0,3.61,2
26,23,0,23,7,7,0,0,2.50,2
26,24,1,0,8,7,0,1,2.50,2
26,25,1,1,5,5,1,0,2.50,2
26,26,1,2,7,6,0,1,5.83,2
26,27,1,3,6,6,1,0,4.17,2
26,28,1,4,6,5,1,0,2.50,2
26,29,1,5,7,5,0,2,3.50,2
26,30,1,6,9,7,2,2,6.79,2
26,31,1,7,11,10,0,3,6.50,2
26,32,1,8,40,36,4,3,5.56,7
26,33,1,9,47,46,1,3,5.11,7
26,34,1,10,55,42,3,13,4.17,7
26,35,1,11,56,52,8,9,8.65,7
26,36,1,12,59,51,3,14,6.72,7
26,37,1,13,67,55,10,16,13.14,7
26,38,1,14,61,51,10,16,9.56,7
26,39,1,15,66,50,9,23,14.00,7
26,40,1,16,94,59,24,34,14.62,7
26,41,1,17,84,84,20,14,11.19,7
26,42,1,18,83,83,4,10,6.48,7
26,43,1,19,51,50,7,4,4.60,7
26,44,1,20,29,14,8,11,15.36,2
26,45,1,21,34,16,14,15,27.81,2
26,46,1,22,23,16,12,10,25.31,2
26,47,1,23,13,11,8,4,21.59,2
26,48,2,0,12,10,3,3,17.50,2
26,49,2,1,7,8,1,1,14.38,2
26,50,2,2,9,9,0,1,3.61,2
26,51,2,3,7,8,0,0,3.12,2
26,52,2,4,8,7,1,0,7.50,2
26,53,2,5,7,6,0,1,4.17,2
26,54,2,6,12,10,1,2,2.50,2
26,55,2,7,16,13,1,4,9.42,2
26,56,2,8,29,31,1,1,2.98,7
26,57,2,9,53,41,4,9,4.09,7
26,58,2,10,63,44,5,23,12.16,7
26,59,2,11,62,59,15,11,15.89,7
26,60,2,12,56,46,10,11,9.67,7
26,61,2,13,57,53,2,13,8.07,7
26,62,2,14,53,46,6,14,8.04,7
26,63,2,15,57,56,13,2,12.05,7
26,64,2,16,44,37,5,4,4.39,7
26,65,2,17,39,40,1,2,4.50,7
26,66,2,18,24,22,1,3,2.50,7
26,67,2,19,25,26,0,2,2.50,7
26,68,2,20,14,9,3,4,12.50,2
26,69,2,21,10,11,0,3,7.95,2
26,70,2,22,7,7,1,2,7.50,2
26,71,2,23,12,12,1,1,4.17,2
26,72,3,0,8,9,0,0,2.50,2
26,73,3,1,9,8,0,1,4.38,2
26,74,3,2,6,5,0,2,2.50,2
26,75,3,3,10,11,0,1,3.86,2
26,76,3,4,4,4,0,1,5.00,2
26,77,3,5,9,10,0,0,5.50,2
26,78,3,6,5,4,0,1,3.75,2
26,79,3,7,11,10,1,1,3.50,2
26,80,3,8,28,25,1,3,2.50,7
26,81,3,9,41,41,1,2,3.11,7
26,82,3,10,52,41,1,12,4.82,7
26,83,3,11,62,43,9,22,10.06,7
26,84,3,12,44,55,6,5,9.32,7
26,85,3,13,50,45,1,9,3.28,7
26,86,3,14,70,54,12,13,9.44,7
26,87,3,15,51,51,4,9,5.93,7
26,88,3,16,41,43,2,5,7.15,7
26,89,3,17,43,40,3,5,8.88,7
26,90,3,18,34,35,4,0,3.50,7
26,91,3,19,19,18,0,1,2.50,7
26,92,3,20,12,12,0,1,7.50,2
26,93,3,21,12,10,0,3,6.50,2
26,94,3,22,10,10,1,2,4.00,2
26,95,3,23,4,5,0,1,4.50,2
26,96,4,0,6,7,0,0,2.50,2
26,97,4,1,4,4,0,0,2.50,2
26,98,4,2,2,2,0,0,2.50,2
26,99,4,3,6,5,0,1,3.50,2
26,100,4,4,2,3,0,0,5.83,2
26,101,4,5,2,2,0,0,2.50,2
26,102,4,6,7,6,0,1,2.50,2
26,103,4,7,11,11,0,1,2.95,2
26,104,4,8,28,28,1,0,2.50,7
26,105,4,9,39,30,0,9,3.50,7
26,106,4,10,49,50,3,5,6.00,7
26,107,4,11,57,42,8,12,6.90,7
26,108,4,12,46,46,1,11,6.20,7
26,109,4,13,47,48,6,4,8.02,7
26,110,4,14,47,42,4,5,6.07,7
26,111,4,15,41,43,2,1,2.85,7
26,112,4,16,30,27,2,2,2.87,7
26,113,4,17,21,20,1,2,2.50,7
26,114,4,18,17,12,0,7,2.50,7
26,115,4,19,21,20,2,6,2.75,7
26,116,4,20,7,12,1,0,4.58,2
26,117,4,21,3,2,0,1,2.50,2
26,118,4,22,6,6,1,0,2.50,2
26,119,4,23,8,8,0,0,5.00,2
26,120,5,0,2,2,0,0,2.50,2
26,121,5,1,0,0,0,0,0.00,2
26,122,5,2,4,4,0,0,2.50,2
26,123,5,3,2,2,0,0,2.50,2
26,124,5,4,1,1,0,0,2.50,2
26,125,5,5,0,0,0,0,0.00,2
26,126,5,6,0,0,0,0,0.00,2
26,127,5,7,13,12,0,1,6.25,2
26,128,5,8,20,18,0,3,3.06,4
26,129,5,9,30,21,2,10,4.17,4
26,130,5,10,27,26,5,6,17.12,4
26,131,5,11,32,26,8,4,10.96,4
26,132,5,12,21,18,3,4,6.39,4
26,133,5,13,26,22,2,6,5.00,4
26,134,5,14,31,22,7,8,8.18,4
26,135,5,15,26,23,5,6,13.15,4
26,136,5,16,26,23,1,8,9.02,4
26,137,5,17,17,24,1,0,7.71,4
26,138,5,18,14,13,0,1,2.88,4
26,139,5,19,9,8,1,1,2.50,4
26,140,5,20,13,11,0,3,2.50,2
26,141,5,21,8,10,0,1,3.50,2
26,142,5,22,1,1,0,1,2.50,2
26,143,5,23,4,4,0,1,2.50,2
26,144,6,0,2,3,0,0,2.50,2
26,145,6,1,3,3,0,0,2.50,2
26,146,6,2,1,1,0,0,2.50,2
26,147,6,3,1,1,0,0,2.50,2
26,148,6,4,4,4,0,0,2.50,2
26,149,6,5,5,3,1,1,2.50,2
26,150,6,6,3,4,0,0,2.50,2
26,151,6,7,13,9,1,3,5.28,2
26,152,6,8,25,22,3,3,3.18,4
26,153,6,9,35,26,3,9,6.54,4
26,154,6,10,51,31,13,16,14.92,4
26,155,6,11,48,32,11,21,20.00,4
26,156,6,12,36,29,20,8,17.33,4
26,157,6,13,37,31,4,10,11.21,4
26,158,6,14,46,31,8,17,12.66,4
26,159,6,15,41,28,15,15,16.79,4
26,160,6,16,29,29,10,5,13.71,4
26,161,6,17,35,25,5,10,13.30,4
26,162,6,18,21,22,3,6,10.23,4
26,163,6,19,13,18,0,1,3.33,4
26,164,6,20,11,10,1,1,5.00,2
26,165,6,21,9,7,0,3,2.50,2
26,166,6,22,4,6,0,1,5.83,2
26,167,6,23,1,1,1,0,7.50,2
26,168,7,0,6,6,0,0,3.33,2
26,169,7,1,6,5,0,1,2.50,2
26,170,7,2,1,2,0,0,2.50,2
26,171,7,3,1,1,0,0,2.50,2
26,172,7,4,7,5,0,2,2.50,2
26,173,7,5,6,7,0,1,4.64,2
26,174,7,6,7,7,0,1,6.07,2
26,175,7,7,10,8,3,0,16.25,2
26,176,7,8,24,20,2,2,2.50,7
26,177,7,9,55,40,4,13,6.38,7
26,178,7,10,177,64,52,74,17.42,7
26,179,7,11,138,91,75,46,20.91,7
26,180,7,12,104,76,43,31,18.16,7
26,181,7,13,104,82,29,24,14.70,7
26,182,7,14,120,76,37,31,17.04,7
26,183,7,15,77,81,16,11,12.81,7
26,184,7,16,71,67,7,8,7.43,7
26,185,7,17,42,43,1,6,4.59,7
26,186,7,18,30,30,4,2,4.33,7
26,187,7,19,22,17,2,5,2.50,7
26,188,7,20,13,8,6,4,16.25,2
26,189,7,21,10,13,0,1,9.42,2
26,190,7,22,8,9,0,0,2.50,2
26,191,7,23,5,4,0,1,2.50,2
26,192,8,0,8,6,1,2,2.50,2
26,193,8,1,7,7,0,2,3.21,2
26,194,8,2,8,8,0,2,6.25,2
26,195,8,3,16,11,2,5,3.86,2
26,196,8,4,8,11,1,1,10.23,2
26,197,8,5,11,11,0,1,4.32,2
26,198,8,6,13,10,0,4,7.50,2
26,199,8,7,28,9,8,15,21.39,2
26,200,8,8,41,39,8,9,11.22,7
26,201,8,9,65,55,7,12,10.41,7
26,202,8,10,56,48,7,13,11.04,7
26,203,8,11,76,58,11,20,10.26,7
26,204,8,12,60,53,10,17,11.84,7
26,205,8,13,66,59,11,13,11.99,7
26,206,8,14,71,52,11,21,10.48,7
26,207,8,15,76,64,14,19,13.67,7
26,208,8,16,60,55,10,14,8.05,7
26,209,8,17,46,41,9,10,12.01,7
26,210,8,18,37,40,6,1,4.50,7
26,211,8,19,33,31,1,2,2.66,7
26,212,8,20,17,14,5,0,8.21,2
26,213,8,21,11,10,1,0,5.50,2
26,214,8,22,15,13,2,0,7.50,2
26,215,8,23,9,8,0,1,3.12,2
26,216,9,0,17,11,2,5,7.50,2
26,217,9,1,9,11,1,2,6.59,2
26,218,9,2,9,11,0,0,4.77,2
26,219,9,3,12,10,0,2,4.00,2
26,220,9,4,9,8,2,1,12.50,2
26,221,9,5,6,6,0,1,2.50,2
26,222,9,6,12,9,1,3,2.50,2
26,223,9,7,12,11,4,0,13.86,2
26,224,9,8,33,30,0,3,2.50,7
26,225,9,9,46,40,3,6,2.75,7
26,226,9,10,67,48,9,16,8.02,7
26,227,9,11,60,53,14,9,12.78,7
26,228,9,12,54,43,4,16,7.97,7
26,229,9,13,70,56,18,12,12.77,7
26,230,9,14,59,50,5,16,12.50,7
26,231,9,15,56,51,17,4,11.62,7
26,232,9,16,56,48,4,8,5.21,7
26,233,9,17,34,38,2,2,4.21,7
26,234,9,18,24,24,0,2,2.92,7
26,235,9,19,30,28,1,3,3.21,7
26,236,9,20,10,7,2,4,6.07,2
26,237,9,21,4,7,1,0,4.64,2
26,238,9,22,14,7,1,6,6.79,2
26,239,9,23,5,7,4,0,5.36,2
26,240,10,0,9,7,1,1,2.50,2
26,241,10,1,8,8,1,0,2.50,2
26,242,10,2,9,9,0,0,9.72,2
26,243,10,3,6,6,0,0,3.33,2
26,244,10,4,3,3,0,0,2.50,2
26,245,10,5,6,5,0,1,2.50,2
26,246,10,6,15,13,2,1,5.19,2
26,247,10,7,17,14,0,4,4.29,2
26,248,10,8,37,37,2,2,3.99,7
26,249,10,9,55,48,2,7,7.92,7
26,250,10,10,78,48,7,30,7.08,7
26,251,10,11,61,57,21,13,15.22,7
26,252,10,12,54,49,4,14,9.95,7
26,253,10,13,84,61,20,17,13.24,7
26,254,10,14,62,54,10,15,12.31,7
26,255,10,15,58,50,6,17,11.60,7
26,256,10,16,54,48,7,16,10.52,7
26,257,10,17,47,44,5,14,9.66,7
26,258,10,18,35,38,4,7,10.39,7
26,259,10,19,23,30,0,0,3.50,7
26,260,10,20,15,12,2,1,7.08,2
26,261,10,21,16,10,3,4,7.50,2
26,262,10,22,8,10,2,0,11.00,2
26,263,10,23,4,4,0,0,2.50,2
26,264,11,0,11,9,2,0,3.61,2
26,265,11,1,6,5,0,1,2.50,2
26,266,11,2,8,7,0,2,3.21,2
26,267,11,3,9,9,2,0,14.72,2
26,268,11,4,11,10,0,1,3.50,2
26,269,11,5,12,8,2,3,11.88,2
26,270,11,6,8,10,0,1,6.50,2
26,271,11,7,28,16,8,5,18.75,2
26,272,11,8,47,37,1,14,6.42,7
26,273,11,9,76,49,12,29,14.44,7
26,274,11,10,76,51,30,24,17.70,7
26,275,11,11,77,58,18,25,15.00,7
26,276,11,12,92,63,29,25,18.37,7
26,277,11,13,78,77,12,14,9.58,7
26,278,11,14,86,69,8,23,8.01,7
26,279,11,15,75,77,11,10,8.73,7
26,280,11,16,50,50,3,7,4.70,7
26,281,11,17,59,43,11,12,11.45,7
26,282,11,18,39,40,3,8,5.75,7
26,283,11,19,29,31,4,2,3.63,7
26,284,11,20,19,12,5,4,7.92,2
26,285,11,21,24,15,5,8,11.83,2
26,286,11,22,12,13,4,3,7.12,2
26,287,11,23,11,11,1,2,7.05,2
26,288,12,0,5,7,0,0,6.79,2
26,289,12,1,8,7,1,0,2.50,2
26,290,12,2,15,8,5,2,8.75,2
26,291,12,3,12,12,1,1,6.67,2
26,292,12,4,9,6,2,2,2.50,2
26,293,12,5,10,11,0,1,2.95,2
26,294,12,6,11,9,1,2,3.06,2
26,295,12,7,18,12,1,7,10.00,2
26,296,12,8,29,29,5,2,7.84,4
26,297,12,9,45,26,6,15,8.27,4
26,298,12,10,49,32,11,21,14.22,4
26,299,12,11,58,29,29,21,21.12,4
26,300,12,12,67,27,31,30,24.35,4
26,301,12,13,56,50,21,15,13.50,4
26,302,12,14,61,58,13,5,9.22,4
26,303,12,15,51,33,6,17,8.11,4
26,304,12,16,46,30,11,22,17.67,4
26,305,12,17,31,36,14,3,14.72,4
26,306,12,18,31,21,2,11,4.88,4
26,307,12,19,24,24,5,6,8.75,4
26,308,12,20,18,16,3,5,11.25,2
26,309,12,21,11,14,2,0,11.43,2
26,310,12,22,7,6,0,1,2.50,2
26,311,12,23,9,9,1,0,4.72,2
26,312,13,0,9,8,0,1,3.12,2
26,313,13,1,6,7,0,0,2.50,2
26,314,13,2,2,2,0,0,2.50,2
26,315,13,3,3,3,0,0,2.50,2
26,316,13,4,6,4,0,2,3.75,2
26,317,13,5,6,7,0,1,2.50,2
26,318,13,6,7,7,1,0,4.64,2
26,319,13,7,14,7,2,5,2.50,2
26,320,13,8,21,24,1,1,6.25,4
26,321,13,9,32,25,2,6,9.10,4
26,322,13,10,44,29,6,15,13.02,4
26,323,13,11,39,31,12,11,16.37,4
26,324,13,12,37,27,8,13,10.83,4
26,325,13,13,34,22,11,14,18.18,4
26,326,13,14,38,31,10,11,15.56,4
26,327,13,15,39,26,13,11,14.81,4
26,328,13,16,34,24,11,10,17.50,4
26,329,13,17,31,23,6,12,15.54,4
26,330,13,18,24,21,9,6,17.98,4
26,331,13,19,13,15,3,1,9.17,4
26,332,13,20,12,8,3,2,6.25,2
26,333,13,21,6,8,0,0,8.12,2
26,334,13,22,6,6,0,0,2.50,2
26,335,13,23,8,6,2,0,2.50,2
27,0,0,0,4,4,0,1,2.50,2
27,1,0,1,6,7,0,0,3.21,2
27,2,0,2,6,6,0,0,2.50,2
27,3,0,3,5,5,0,0,2.50,2
27,4,0,4,5,4,1,0,2.50,2
27,5,0,5,12,9,0,3,3.06,2
27,6,0,6,8,9,1,1,6.94,2
27,7,0,7,16,12,3,2,3.33,2
27,8,0,8,31,30,1,2,2.67,7
27,9,0,9,53,43,2,10,5.76,7
27,10,0,10,29,37,2,0,5.20,7
27,11,0,11,52,44,3,5,6.36,7
27,12,0,12,36,39,1,1,3.53,7
27,13,0,13,48,40,3,6,4.00,7
27,14,0,14,42,39,4,5,3.91,7
27,15,0,15,36,38,3,0,2.63,7
27,16,0,16,39,34,1,4,4.41,7
27,17,0,17,28,28,1,3,3.04,7
27,18,0,18,21,23,0,1,2.50,7
27,19,0,19,21,20,0,2,2.50,7
27,20,0,20,14,14,0,2,3.57,2
27,21,0,21,2,4,0,0,6.25,2
27,22,0,22,8,6,0,2,3.33,2
27,23,0,23,9,8,2,1,10.00,2
27,24,1,0,7,8,0,0,3.75,2
27,25,1,1,5,5,0,0,3.50,2
27,26,1,2,5,5,0,0,2.50,2
27,27,1,3,6,6,0,0,6.67,2
27,28,1,4,3,3,0,0,2.50,2
27,29,1,5,5,3,2,0,2.50,2
27,30,1,6,10,10,0,0,3.50,2
27,31,1,7,11,11,0,0,2.50,2
27,32,1,8,38,36,1,1,3.33,7
27,33,1,9,68,41,8,20,8.35,7
27,34,1,10,82,53,19,30,15.71,7
27,35,1,11,63,71,19,3,13.77,7
27,36,1,12,57,54,4,2,3.15,7
27,37,1,13,94,70,6,20,6.00,7
27,38,1,14,91,84,11,16,7.56,7
27,39,1,15,85,77,9,15,6.33,7
27,40,1,16,63,65,6,7,5.73,7
27,41,1,17,54,43,3,15,7.62,7
27,42,1,18,31,40,1,5,6.50,7
27,43,1,19,19,20,2,2,2.50,7
27,44,1,20,18,12,3,5,5.00,2
27,45,1,21,11,9,3,4,14.72,2
27,46,1,22,12,12,3,1,13.33,2
27,47,1,23,7,7,0,1,2.50,2
27,48,2,0,9,9,0,1,3.61,2
27,49,2,1,10,8,1,2,2.50,2
27,50,2,2,3,5,0,0,2.50,2
27,51,2,3,9,8,1,0,2.50,2
27,52,2,4,9,6,1,2,2.50,2
27,53,2,5,12,11,1,2,3.41,2
27,54,2,6,16,16,1,1,6.88,2
27,55,2,7,28,14,6,9,10.36,2
27,56,2,8,44,40,4,9,7.12,7
27,57,2,9,88,58,17,22,11.21,7
27,58,2,10,98,51,30,39,16.23,7
27,59,2,11,95,75,41,18,14.83,7
27,60,2,12,80,79,6,13,8.20,7
27,61,2,13,89,84,9,9,7.14,7
27,62,2,14,92,74,6,21,8.04,7
27,63,2,15,82,82,11,10,8.35,7
27,64,2,16,58,59,2,7,5.13,7
27,65,2,17,46,46,3,4,3.91,7
27,66,2,18,27,28,2,1,2.50,7
27,67,2,19,35,34,2,0,2.79,7
27,68,2,20,19,10,4,5,12.50,2
27,69,2,21,25,15,6,9,17.17,2
27,70,2,22,18,11,8,8,21.59,2
27,71,2,23,11,12,7,0,10.00,2
27,72,3,0,14,6,3,5,3.33,2
27,73,3,1,21,16,2,8,7.19,2
27,74,3,2,9,12,3,2,7.08,2
27,75,3,3,9,10,0,1,3.50,2
27,76,3,4,9,8,0,2,2.50,2
27,77,3,5,10,10,1,1,10.50,2
27,78,3,6,9,8,0,2,5.62,2
27,79,3,7,25,14,5,8,14.64,2
27,80,3,8,47,44,5,6,6.48,7
27,81,3,9,67,43,16,14,13.31,7
27,82,3,10,77,60,11,20,11.67,7
27,83,3,11,81,58,22,21,15.17,7
27,84,3,12,85,63,19,24,13.13,7
27,85,3,13,72,60,15,21,13.83,7
27,86,3,14,68,46,21,22,17.07,7
27,87,3,15,72,49,31,14,21.38,7
27,88,3,16,67,71,6,4,7.15,7
27,89,3,17,42,40,0,6,3.12,7
27,90,3,18,21,24,0,3,3.75,7
27,91,3,19,21,22,0,2,2.50,7
27,92,3,20,23,9,7,9,19.17,2
27,93,3,21,15,9,9,6,23.06,2
27,94,3,22,15,14,5,2,8.93,2
27,95,3,23,14,7,5,4,21.07,2
27,96,4,0,9,10,2,1,13.50,2
27,97,4,1,13,10,2,2,6.00,2
27,98,4,2,14,11,1,4,6.59,2
27,99,4,3,12,7,7,2,21.07,2
27,100,4,4,12,10,3,1,3.50,2
27,101,4,5,17,13,3,2,8.27,2
27,102,4,6,13,13,1,1,8.27,2
27,103,4,7,19,15,2,3,6.17,2
27,104,4,8,44,39,0,8,3.40,7
27,105,4,9,53,41,8,12,11.04,7
27,106,4,10,68,49,12,19,14.95,7
27,107,4,11,61,49,13,18,11.89,7
27,108,4,12,63,49,15,17,12.70,7
27,109,4,13,63,52,14,14,12.50,7
27,110,4,14,64,57,12,9,10.13,7
27,111,4,15,52,43,8,10,9.24,7
27,112,4,16,45,41,3,11,10.91,7
27,113,4,17,45,47,5,4,7.82,7
27,114,4,18,34,31,1,6,2.82,7
27,115,4,19,22,26,1,1,2.69,7
27,116,4,20,17,13,1,4,9.42,2
27,117,4,21,14,11,5,2,7.50,2
27,118,4,22,11,11,0,2,4.77,2
27,119,4,23,10,11,1,0,4.77,2
27,120,5,0,6,6,0,0,2.50,2
27,121,5,1,7,7,0,0,2.50,2
27,122,5,2,3,3,0,0,2.50,2
27,123,5,3,6,6,0,0,2.50,2
27,124,5,4,1,1,0,0,2.50,2
27,125,5,5,10,8,0,2,3.75,2
27,126,5,6,5,7,0,0,5.36,2
27,127,5,7,15,12,0,3,7.08,2
27,128,5,8,21,21,1,2,4.64,4
27,129,5,9,25,24,1,2,3.75,4
27,130,5,10,34,20,6,10,9.50,4
27,131,5,11,43,31,14,8,12.82,4
27,132,5,12,43,29,10,12,14.22,4
27,133,5,13,32,29,10,5,16.81,4
27,134,5,14,48,33,12,8,14.77,4
27,135,5,15,28,26,5,5,8.85,4
27,136,5,16,24,23,3,3,4.89,4
27,137,5,17,27,24,0,6,4.38,4
27,138,5,18,24,27,2,1,4.72,4
27,139,5,19,5,5,0,1,2.50,4
27,140,5,20,11,11,0,1,3.86,2
27,141,5,21,9,8,1,1,3.75,2
27,142,5,22,9,9,1,0,3.61,2
27,143,5,23,10,8,2,0,4.38,2
27,144,6,0,6,5,0,1,2.50,2
27,145,6,1,7,8,0,0,3.12,2
27,146,6,2,2,2,0,0,2.50,2
27,147,6,3,1,0,0,1,0.00,2
27,148,6,4,2,3,0,0,2.50,2
27,149,6,5,4,3,0,1,2.50,2
27,150,6,6,3,4,0,0,2.50,2
27,151,6,7,8,7,1,0,8.21,2
27,152,6,8,18,13,2,3,2.50,4
27,153,6,9,32,26,1,8,4.42,4
27,154,6,10,42,32,8,10,10.31,4
27,155,6,11,36,27,9,10,10.46,4
27,156,6,12,37,28,9,10,13.57,4
27,157,6,13,43,28,10,15,14.11,4
27,158,6,14,35,29,8,13,20.43,4
27,159,6,15,37,24,14,12,16.67,4
27,160,6,16,27,25,11,3,15.30,4
27,161,6,17,13,15,1,0,4.50,4
27,162,6,18,17,15,2,0,3.17,4
27,163,6,19,16,14,0,2,4.64,4
27,164,6,20,6,7,0,1,3.21,2
27,165,6,21,10,7,0,4,6.07,2
27,166,6,22,4,8,0,0,10.00,2
27,167,6,23,2,2,0,0,2.50,2
27,168,7,0,5,5,0,0,4.50,2
27,169,7,1,3,3,0,0,2.50,2
27,170,7,2,1,1,0,0,2.50,2
27,171,7,3,3,3,0,0,2.50,2
27,172,7,4,0,0,0,0,0.00,2
27,173,7,5,6,6,0,0,4.17,2
27,174,7,6,8,8,0,0,4.38,2
27,175,7,7,13,5,1,7,5.50,2
27,176,7,8,34,34,4,3,6.18,7
27,177,7,9,63,51,4,11,5.93,7
27,178,7,10,68,55,7,17,8.41,7
27,179,7,11,55,50,12,10,10.30,7
27,180,7,12,54,44,9,11,11.25,7
27,181,7,13,37,39,5,4,7.50,7
27,182,7,14,55,46,8,5,7.39,7
27,183,7,15,62,45,6,16,7.83,7
27,184,7,16,50,49,10,7,10.87,7
27,185,7,17,45,46,2,4,5.54,7
27,186,7,18,24,26,0,2,2.69,7
27,187,7,19,21,21,0,2,3.45,7
27,188,7,20,12,6,2,6,6.67,2
27,189,7,21,13,16,3,0,8.44,2
27,190,7,22,12,10,1,1,5.00,2
27,191,7,23,8,7,0,2,6.79,2
27,192,8,0,10,10,0,2,5.50,2
27,193,8,1,6,8,0,0,5.00,2
27,194,8,2,6,6,0,0,3.33,2
27,195,8,3,2,2,0,0,2.50,2
27,196,8,4,8,8,0,0,2.50,2
27,197,8,5,4,4,0,0,2.50,2
27,198,8,6,14,10,1,3,8.00,2
27,199,8,7,29,13,11,8,23.27,2
27,200,8,8,44,43,4,5,6.10,7
27,201,8,9,97,51,21,30,11.72,7
27,202,8,10,96,63,33,30,20.28,7
27,203,8,11,89,83,19,17,11.17,7
27,204,8,12,77,65,11,18,8.04,7
27,205,8,13,84,77,12,13,10.03,7
27,206,8,14,77,69,6,15,7.07,7
27,207,8,15,75,72,5,13,6.60,7
27,208,8,16,71,68,6,10,6.40,7
27,209,8,17,44,51,0,3,4.46,7
27,210,8,18,33,31,1,4,2.66,7
27,211,8,19,35,34,4,1,3.09,7
27,212,8,20,23,10,7,7,14.50,2
27,213,8,21,27,13,12,9,14.04,2
27,214,8,22,18,12,7,8,25.83,2
27,215,8,23,12,11,4,5,14.77,2
27,216,9,0,11,15,1,0,7.83,2
27,217,9,1,12,9,1,2,4.17,2
27,218,9,2,6,8,0,0,5.00,2
27,219,9,3,9,7,0,2,2.50,2
27,220,9,4,11,9,1,3,5.28,2
27,221,9,5,5,6,1,1,4.17,2
27,222,9,6,12,10,1,2,3.00,2
27,223,9,7,16,13,0,5,4.04,2
27,224,9,8,53,41,4,13,6.52,7
27,225,9,9,61,52,5,17,8.56,7
27,226,9,10,70,53,12,22,11.56,7
27,227,9,11,82,55,18,31,14.41,7
27,228,9,12,49,57,20,3,11.89,7
27,229,9,13,58,51,4,6,3.38,7
27,230,9,14,65,48,5,18,4.69,7
27,231,9,15,60,55,11,12,11.32,7
27,232,9,16,65,49,10,18,11.68,7
27,233,9,17,47,53,9,3,9.01,7
27,234,9,18,45,42,4,2,4.40,7
27,235,9,19,33,35,0,0,2.64,7
27,236,9,20,18,11,1,6,13.86,2
27,237,9,21,20,14,3,9,14.29,2
27,238,9,22,13,13,5,4,10.96,2
27,239,9,23,13,12,0,5,6.25,2
27,240,10,0,2,5,1,1,13.50,2
27,241,10,1,4,3,0,2,2.50,2
27,242,10,2,9,11,0,0,5.23,2
27,243,10,3,12,9,1,2,4.72,2
27,244,10,4,9,8,1,2,7.50,2
27,245,10,5,4,5,1,0,6.50,2
27,246,10,6,9,6,1,2,3.33,2
27,247,10,7,17,10,6,3,13.50,2
27,248,10,8,40,40,2,1,3.38,7
27,249,10,9,54,49,3,3,4.34,7
27,250,10,10,51,38,8,8,7.76,7
27,251,10,11,65,52,7,14,9.04,7
27,252,10,12,52,47,12,7,7.18,7
27,253,10,13,66,54,6,13,8.15,7
27,254,10,14,66,57,10,12,10.83,7
27,255,10,15,52,45,6,13,6.94,7
27,256,10,16,292,66,101,138,21.89,7
27,257,10,17,242,88,182,110,34.38,7
27,258,10,18,213,78,147,98,32.31,7
27,259,10,19,171,81,122,66,30.22,7
27,260,10,20,136,36,91,75,35.42,2
27,261,10,21,128,44,112,47,34.55,2
27,262,10,22,90,11,80,46,37.05,2
27,263,10,23,82,13,79,36,37.50,2
27,264,11,0,54,16,58,16,35.62,2
27,265,11,1,48,16,35,13,26.56,2
27,266,11,2,30,11,19,13,27.50,2
27,267,11,3,12,13,7,5,25.96,2
27,268,11,4,24,15,5,9,17.17,2
27,269,11,5,10,11,6,2,24.77,2
27,270,11,6,17,13,4,2,9.42,2
27,271,11,7,21,13,2,8,5.19,2
27,272,11,8,48,45,6,5,5.83,7
27,273,11,9,43,36,4,8,3.89,7
27,274,11,10,82,56,8,26,10.62,7
27,275,11,11,65,52,23,16,17.60,7
27,276,11,12,69,59,12,14,10.21,7
27,277,11,13,66,61,8,11,9.71,7
27,278,11,14,74,45,9,31,12.39,7
27,279,11,15,46,55,15,7,11.50,7
27,280,11,16,57,60,0,4,3.00,7
27,281,11,17,54,46,1,11,4.02,7
27,282,11,18,36,42,3,2,4.76,7
27,283,11,19,37,37,2,0,2.64,7
27,284,11,20,15,10,1,4,7.00,2
27,285,11,21,14,12,6,0,15.83,2
27,286,11,22,15,11,2,2,9.77,2
27,287,11,23,13,13,0,2,9.42,2
27,288,12,0,16,13,3,2,5.19,2
27,289,12,1,7,7,0,2,5.36,2
27,290,12,2,10,10,0,2,3.00,2
27,291,12,3,6,8,0,0,2.50,2
27,292,12,4,16,13,2,1,5.19,2
27,293,12,5,9,8,1,1,5.00,2
27,294,12,6,14,11,1,3,9.32,2
27,295,12,7,14,13,2,2,7.12,2
27,296,12,8,34,25,3,8,7.70,4
27,297,12,9,41,30,9,10,10.83,4
27,298,12,10,42,26,11,15,15.19,4
27,299,12,11,54,35,15,19,16.79,4
27,300,12,12,43,35,14,13,18.64,4
27,301,12,13,49,28,12,22,19.64,4
27,302,12,14,39,32,17,12,16.88,4
27,303,12,15,36,27,9,12,14.35,4
27,304,12,16,36,29,9,10,15.95,4
27,305,12,17,21,21,9,1,8.69,4
27,306,12,18,17,18,0,0,2.78,4
27,307,12,19,19,17,1,1,3.09,4
27,308,12,20,14,13,2,0,4.04,2
27,309,12,21,6,5,0,1,3.50,2
27,310,12,22,4,5,0,0,2.50,2
27,311,12,23,8,7,0,1,2.50,2
27,312,13,0,3,4,0,0,3.75,2
27,313,13,1,6,5,0,1,2.50,2
27,314,13,2,6,7,0,0,3.21,2
27,315,13,3,1,1,0,0,2.50,2
27,316,13,4,5,4,0,1,2.50,2
27,317,13,5,5,6,0,0,2.50,2
27,318,13,6,4,2,1,1,2.50,2
27,319,13,7,9,9,0,1,3.61,2
27,320,13,8,22,21,1,1,2.74,4
27,321,13,9,31,23,4,5,6.85,4
27,322,13,10,31,20,8,8,9.00,4
27,323,13,11,39,27,2,18,9.17,4
27,324,13,12,38,32,13,11,18.75,4
27,325,13,13,40,25,16,10,17.50,4
27,326,13,14,43,30,9,14,13.33,4
27,327,13,15,32,25,12,9,14.90,4
27,328,13,16,27,27,6,3,8.06,4
27,329,13,17,27,24,2,4,6.25,4
27,330,13,18,18,19,3,0,2.76,4
27,331,13,19,15,14,1,0,4.64,4
27,332,13,20,18,12,3,3,7.92,2
27,333,13,21,5,7,1,0,5.36,2
27,334,13,22,5,5,0,0,2.50,2
27,335,13,23,5,5,0,0,2.50,2
28,0,0,0,4,6,0,0,4.17,2
28,1,0,1,3,3,0,0,4.17,2
28,2,0,2,2,2,0,0,2.50,2
28,3,0,3,4,3,0,1,2.50,2
28,4,0,4,5,6,0,0,2.50,2
28,5,0,5,7,7,0,0,2.50,2
28,6,0,6,7,6,1,0,8.33,2
28,7,0,7,11,6,0,5,4.17,2
28,8,0,8,36,34,1,6,3.68,7
28,9,0,9,68,49,8,17,9.95,7
28,10,0,10,61,47,10,21,11.54,7
28,11,0,11,56,49,16,12,12.40,7
28,12,0,12,44,44,4,8,8.98,7
28,13,0,13,66,52,13,9,12.02,7
28,14,0,14,53,44,8,10,9.66,7
28,15,0,15,45,40,12,3,7.25,7
28,16,0,16,56,49,3,7,9.23,7
28,17,0,17,32,37,1,1,6.15,7
28,18,0,18,29,24,0,6,3.33,7
28,19,0,19,23,25,1,3,2.70,7
28,20,0,20,13,15,1,0,3.50,2
28,21,0,21,12,8,1,3,10.62,2
28,22,0,22,5,8,0,0,10.62,2
28,23,0,23,3,3,0,0,2.50,2
28,24,1,0,10,7,3,0,2.50,2
28,25,1,1,10,9,1,0,9.72,2
28,26,1,2,5,4,0,1,2.50,2
28,27,1,3,6,7,0,0,2.50,2
28,28,1,4,2,2,0,0,2.50,2
28,29,1,5,5,5,0,0,3.50,2
28,30,1,6,12,9,1,2,6.94,2
28,31,1,7,18,10,1,9,8.00,2
28,32,1,8,32,38,2,1,7.50,7
28,33,1,9,63,45,7,12,7.50,7
28,34,1,10,66,51,13,14,14.17,7
28,35,1,11,59,50,15,8,11.90,7
28,36,1,12,64,51,7,14,9.17,7
28,37,1,13,59,51,13,9,11.91,7
28,38,1,14,62,47,7,17,8.14,7
28,39,1,15,59,54,16,6,13.15,7
28,40,1,16,56,45,11,6,5.83,7
28,41,1,17,46,40,9,3,7.88,7
28,42,1,18,34,33,2,2,3.26,7
28,43,1,19,29,29,1,1,2.84,7
28,44,1,20,18,9,6,4,18.61,2
28,45,1,21,13,12,4,1,11.67,2
28,46,1,22,7,7,0,1,3.21,2
28,47,1,23,11,9,0,3,7.50,2
28,48,2,0,9,9,3,0,3.61,2
28,49,2,1,10,9,0,1,3.06,2
28,50,2,2,6,5,0,2,2.50,2
28,51,2,3,5,7,0,0,3.93,2
28,52,2,4,10,8,0,2,2.50,2
28,53,2,5,8,8,1,1,2.50,2
28,54,2,6,15,11,2,3,6.59,2
28,55,2,7,19,11,5,6,12.95,2
28,56,2,8,63,42,9,18,6.07,7
28,57,2,9,65,57,13,13,11.45,7
28,58,2,10,78,42,20,29,15.12,7
28,59,2,11,79,73,23,12,14.49,7
28,60,2,12,53,52,7,6,6.06,7
28,61,2,13,72,49,5,24,6.07,7
28,62,2,14,80,59,24,21,16.82,7
28,63,2,15,88,75,18,16,11.97,7
28,64,2,16,84,80,16,4,8.25,7
28,65,2,17,69,52,4,17,7.69,7
28,66,2,18,38,41,9,5,9.70,7
28,67,2,19,33,30,2,6,2.50,7
28,68,2,20,23,9,11,9,28.06,2
28,69,2,21,22,17,9,5,23.09,2
28,70,2,22,10,10,2,3,10.50,2
28,71,2,23,17,12,3,5,15.83,2
28,72,3,0,14,13,5,1,17.88,2
28,73,3,1,8,9,0,0,3.06,2
28,74,3,2,5,5,0,0,2.50,2
28,75,3,3,4,3,0,1,2.50,2
28,76,3,4,5,5,1,0,2.50,2
28,77,3,5,11,8,0,3,3.75,2
28,78,3,6,12,12,3,0,11.25,2
28,79,3,7,24,8,7,9,11.25,2
28,80,3,8,47,47,4,5,8.46,7
28,81,3,9,95,53,15,32,10.99,7
28,82,3,10,81,85,18,10,11.09,7
28,83,3,11,98,83,10,15,6.42,7
28,84,3,12,84,70,11,18,6.93,7
28,85,3,13,87,65,14,26,10.12,7
28,86,3,14,88,79,19,16,10.35,7
28,87,3,15,75,67,12,12,6.16,7
28,88,3,16,76,75,5,8,5.50,7
28,89,3,17,66,55,2,17,3.32,7
28,90,3,18,45,49,7,6,9.64,7
28,91,3,19,28,34,0,0,3.38,7
28,92,3,20,21,14,0,7,5.36,2
28,93,3,21,10,12,4,1,11.25,2
28,94,3,22,11,11,0,1,3.41,2
28,95,3,23,14,14,0,1,5.00,2
28,96,4,0,10,11,0,0,4.32,2
28,97,4,1,8,7,0,1,2.50,2
28,98,4,2,12,11,2,0,6.14,2
28,99,4,3,14,9,0,5,2.50,2
28,100,4,4,11,9,1,6,19.72,2
28,101,4,5,8,11,2,1,12.50,2
28,102,4,6,12,10,1,2,3.50,2
28,103,4,7,21,9,8,6,13.61,2
28,104,4,8,48,40,5,9,4.75,7
28,105,4,9,78,47,15,25,8.99,7
28,106,4,10,82,53,29,25,15.71,7
28,107,4,11,79,59,21,24,17.58,7
28,108,4,12,59,64,10,9,9.45,7
28,109,4,13,63,59,7,6,4.62,7
28,110,4,14,77,71,4,8,7.78,7
28,111,4,15,58,49,6,11,5.77,7
28,112,4,16,48,40,8,11,11.38,7
28,113,4,17,41,43,4,5,4.13,7
28,114,4,18,32,34,1,2,2.65,7
28,115,4,19,23,23,0,2,2.50,7
28,116,4,20,13,8,3,4,6.25,2
28,117,4,21,22,14,6,6,15.36,2
28,118,4,22,17,9,5,9,24.17,2
28,119,4,23,19,12,9,7,32.50,2
28,120,5,0,10,12,5,0,24.17,2
28,121,5,1,7,7,0,0,3.21,2
28,122,5,2,9,8,0,1,4.38,2
28,123,5,3,5,5,0,1,5.50,2
28,124,5,4,5,5,0,1,2.50,2
28,125,5,5,7,4,1,3,2.50,2
28,126,5,6,8,10,1,0,4.50,2
28,127,5,7,13,9,2,2,2.50,2
28,128,5,8,42,28,3,13,9.82,4
28,129,5,9,54,33,20,14,20.83,4
28,130,5,10,54,34,16,18,19.26,4
28,131,5,11,48,32,20,14,22.03,4
28,132,5,12,63,31,17,29,16.21,4
28,133,5,13,49,35,28,15,21.07,4
28,134,5,14,61,33,18,25,16.59,4
28,135,5,15,45,30,28,12,18.67,4
28,136,5,16,35,26,11,10,15.58,4
28,137,5,17,32,23,5,14,13.37,4
28,138,5,18,22,24,8,4,16.25,4
28,139,5,19,16,18,0,2,3.89,4
28,140,5,20,8,8,2,0,8.12,2
28,141,5,21,12,8,1,3,8.75,2
28,142,5,22,7,7,3,0,8.93,2
28,143,5,23,4,4,0,0,2.50,2
28,144,6,0,9,9,0,0,3.06,2
28,145,6,1,7,6,0,1,3.33,2
28,146,6,2,7,8,0,0,9.38,2
28,147,6,3,6,6,0,0,2.50,2
28,148,6,4,4,4,0,0,2.50,2
28,149,6,5,4,3,0,1,2.50,2
28,150,6,6,3,4,0,0,2.50,2
28,151,6,7,14,12,0,2,4.17,2
28,152,6,8,22,22,0,2,4.55,4
28,153,6,9,37,25,8,6,10.70,4
28,154,6,10,34,27,8,5,13.61,4
28,155,6,11,47,27,9,16,13.06,4
28,156,6,12,27,30,3,10,18.67,4
28,157,6,13,49,26,17,16,19.42,4
28,158,6,14,40,30,11,15,17.67,4
28,159,6,15,48,26,21,16,17.12,4
28,160,6,16,40,29,14,13,14.74,4
28,161,6,17,34,30,13,4,15.67,4
28,162,6,18,21,20,0,5,5.25,4
28,163,6,19,22,23,2,2,5.54,4
28,164,6,20,11,10,2,1,4.00,2
28,165,6,21,9,8,2,0,5.00,2
28,166,6,22,11,8,0,3,3.12,2
28,167,6,23,4,7,0,0,8.21,2
28,168,7,0,6,6,0,0,2.50,2
28,169,7,1,8,8,0,0,2.50,2
28,170,7,2,5,5,0,0,3.50,2
28,171,7,3,7,7,0,0,4.64,2
28,172,7,4,4,4,0,0,2.50,2
28,173,7,5,4,3,0,1,2.50,2
28,174,7,6,5,5,0,1,7.50,2
28,175,7,7,10,11,0,0,2.50,2
28,176,7,8,36,34,1,1,2.79,7
28,177,7,9,64,45,7,13,6.94,7
28,178,7,10,64,52,8,17,9.90,7
28,179,7,11,51,52,9,7,10.38,7
28,180,7,12,48,48,2,5,6.46,7
28,181,7,13,64,49,5,15,4.64,7
28,182,7,14,68,56,14,13,10.18,7
28,183,7,15,55,47,9,12,8.88,7
28,184,7,16,57,49,5,15,12.19,7
28,185,7,17,41,45,9,2,7.94,7
28,186,7,18,27,28,1,0,2.68,7
28,187,7,19,27,24,1,2,2.50,7
28,188,7,20,11,12,1,0,10.83,2
28,189,7,21,14,10,2,2,5.50,2
28,190,7,22,9,10,0,1,3.00,2
28,191,7,23,5,5,0,1,2.50,2
28,192,8,0,5,5,0,1,2.50,2
28,193,8,1,3,3,0,1,2.50,2
28,194,8,2,8,8,0,1,3.75,2
28,195,8,3,6,6,0,1,2.50,2
28,196,8,4,6,7,0,0,2.50,2
28,197,8,5,6,5,0,1,2.50,2
28,198,8,6,13,11,1,2,3.41,2
28,199,8,7,28,18,5,7,11.94,2
28,200,8,8,67,52,6,16,7.21,7
28,201,8,9,83,57,17,25,13.38,7
28,202,8,10,98,60,26,37,18.67,7
28,203,8,11,100,73,38,26,16.40,7
28,204,8,12,87,82,19,12,10.79,7
28,205,8,13,87,76,8,15,7.63,7
28,206,8,14,108,74,23,26,10.74,7
28,207,8,15,89,79,22,14,11.23,7
28,208,8,16,70,53,9,22,8.16,7
28,209,8,17,66,59,16,13,9.96,7
28,210,8,18,53,47,10,9,7.50,7
28,211,8,19,39,39,5,4,7.63,7
28,212,8,20,26,6,16,8,26.67,2
28,213,8,21,21,14,9,6,27.50,2
28,214,8,22,19,17,3,5,9.56,2
28,215,8,23,21,13,4,9,17.12,2
28,216,9,0,14,14,5,4,16.79,2
28,217,9,1,12,13,1,2,9.42,2
28,218,9,2,14,15,1,0,6.17,2
28,219,9,3,9,8,0,1,3.12,2
28,220,9,4,12,10,0,3,7.00,2
28,221,9,5,15,12,3,3,11.67,2
28,222,9,6,14,11,2,4,7.95,2
28,223,9,7,26,14,8,8,21.07,2
28,224,9,8,45,46,3,4,4.46,7
28,225,9,9,59,46,6,11,4.67,7
28,226,9,10,66,54,11,12,10.93,7
28,227,9,11,57,47,11,11,13.56,7
28,228,9,12,61,43,9,20,11.34,7
28,229,9,13,66,54,9,23,12.22,7
28,230,9,14,63,54,17,15,12.13,7
28,231,9,15,49,53,3,8,11.75,7
28,232,9,16,48,43,4,9,6.45,7
28,233,9,17,43,38,7,7,3.95,7
28,234,9,18,34,38,2,1,2.76,7
28,235,9,19,33,33,1,0,4.17,7
28,236,9,20,15,9,2,4,11.94,2
28,237,9,21,15,13,3,3,13.27,2
28,238,9,22,11,12,0,2,8.33,2
28,239,9,23,13,12,0,3,7.92,2
28,240,10,0,11,10,2,2,9.50,2
28,241,10,1,8,8,1,1,3.12,2
28,242,10,2,8,7,0,2,2.50,2
28,243,10,3,9,10,0,1,6.00,2
28,244,10,4,8,7,2,0,2.50,2
28,245,10,5,7,6,0,1,2.50,2
28,246,10,6,9,9,0,1,5.28,2
28,247,10,7,22,14,6,3,10.00,2
28,248,10,8,41,36,4,4,3.06,7
28,249,10,9,45,40,1,8,2.62,7
28,250,10,10,67,50,8,17,6.90,7
28,251,10,11,71,60,17,11,13.92,7
28,252,10,12,60,56,6,9,8.57,7
28,253,10,13,54,45,6,12,9.94,7
28,254,10,14,56,52,3,13,10.29,7
28,255,10,15,55,44,7,17,5.91,7
28,256,10,16,42,47,3,9,9.95,7
28,257,10,17,40,40,3,6,5.12,7
28,258,10,18,21,21,2,4,4.17,7
28,259,10,19,20,23,0,1,2.50,7
28,260,10,20,14,11,0,4,5.68,2
28,261,10,21,7,8,2,1,6.25,2
28,262,10,22,9,9,1,0,2.50,2
28,263,10,23,9,7,0,2,3.93,2
28,264,11,0,4,5,1,0,5.50,2
28,265,11,1,7,5,0,2,3.50,2
28,266,11,2,4,5,0,1,5.50,2
28,267,11,3,2,3,0,0,2.50,2
28,268,11,4,9,9,0,0,3.06,2
28,269,11,5,4,3,0,1,2.50,2
28,270,11,6,7,7,0,1,3.21,2
28,271,11,7,11,11,1,0,6.14,2
28,272,11,8,28,27,0,1,2.50,7
28,273,11,9,55,43,4,9,7.62,7
28,274,11,10,44,43,1,9,8.90,7
28,275,11,11,56,49,7,9,9.74,7
28,276,11,12,37,38,3,5,4.61,7
28,277,11,13,40,42,1,2,3.45,7
28,278,11,14,42,35,1,8,2.64,7
28,279,11,15,32,36,2,2,4.44,7
28,280,11,16,32,31,1,2,2.50,7
28,281,11,17,35,30,1,6,2.50,7
28,282,11,18,29,31,3,1,4.27,7
28,283,11,19,15,13,0,3,2.50,7
28,284,11,20,5,8,0,0,3.75,2
28,285,11,21,9,8,0,1,2.50,2
28,286,11,22,6,7,0,0,2.50,2
28,287,11,23,7,6,1,0,2.50,2
28,288,12,0,5,5,0,0,2.50,2
28,289,12,1,2,1,0,1,2.50,2
28,290,12,2,1,2,0,0,2.50,2
28,291,12,3,2,2,0,0,2.50,2
28,292,12,4,1,1,0,0,2.50,2
28,293,12,5,1,1,0,0,2.50,2
28,294,12,6,2,1,1,0,2.50,2
28,295,12,7,4,3,1,0,2.50,2
28,296,12,8,13,10,1,2,2.50,4
28,297,12,9,29,21,1,9,4.88,4
28,298,12,10,27,27,2,7,10.28,4
28,299,12,11,25,22,6,4,12.73,4
28,300,12,12,18,20,0,2,2.75,4
28,301,12,13,29,23,2,6,5.33,4
28,302,12,14,22,22,2,4,6.82,4
28,303,12,15,12,15,0,1,2.83,4
28,304,12,16,18,13,1,5,3.65,4
28,305,12,17,21,22,2,2,5.68,4
28,306,12,18,11,11,0,2,2.50,4
28,307,12,19,3,5,0,0,2.50,4
28,308,12,20,5,4,0,1,2.50,2
28,309,12,21,2,3,0,0,2.50,2
28,310,12,22,0,0,0,0,0.00,2
28,311,12,23,4,3,0,1,2.50,2
28,312,13,0,5,6,0,0,5.00,2
28,313,13,1,0,0,0,0,0.00,2
28,314,13,2,2,1,1,0,2.50,2
28,315,13,3,0,0,0,0,0.00,2
28,316,13,4,2,2,0,0,2.50,2
28,317,13,5,0,0,0,0,0.00,2
28,318,13,6,7,4,1,2,3.75,2
28,319,13,7,15,10,3,4,11.50,2
28,320,13,8,23,25,0,2,4.10,4
28,321,13,9,43,26,10,9,11.35,4
28,322,13,10,44,27,6,20,11.76,4
28,323,13,11,45,34,18,13,18.68,4
28,324,13,12,31,27,10,7,16.39,4
28,325,13,13,50,27,14,16,13.24,4
28,326,13,14,53,34,18,17,15.74,4
28,327,13,15,33,28,13,9,18.57,4
28,328,13,16,33,25,10,7,15.70,4
28,329,13,17,24,23,3,5,15.33,4
28,330,13,18,27,25,4,3,5.90,4
28,331,13,19,17,19,0,1,2.76,4
28,332,13,20,8,9,0,0,2.50,2
28,333,13,21,6,4,0,2,2.50,2
28,334,13,22,7,8,1,0,3.75,2
28,335,13,23,2,0,1,1,0.00,2
29,0,0,0,1,1,0,0,2.50,2
29,1,0,1,2,1,0,1,2.50,2
29,2,0,2,2,3,0,0,2.50,2
29,3,0,3,2,2,0,0,2.50,2
29,4,0,4,3,3,0,0,2.50,2
29,5,0,5,4,3,0,1,2.50,2
29,6,0,6,3,4,0,0,2.50,2
29,7,0,7,13,8,2,3,5.00,2
29,8,0,8,34,33,3,1,3.41,7
29,9,0,9,46,42,2,3,4.52,7
29,10,0,10,49,41,2,9,5.79,7
29,11,0,11,60,51,4,14,7.30,7
29,12,0,12,43,48,5,4,5.42,7
29,13,0,13,48,39,2,11,4.68,7
29,14,0,14,53,37,11,16,12.64,7
29,15,0,15,47,53,5,5,5.80,7
29,16,0,16,30,29,4,2,2.84,7
29,17,0,17,30,26,2,4,2.50,7
29,18,0,18,25,25,0,4,2.70,7
29,19,0,19,19,21,2,0,2.50,7
29,20,0,20,14,9,0,5,8.06,2
29,21,0,21,6,7,3,1,8.93,2
29,22,0,22,1,2,0,0,2.50,2
29,23,0,23,5,4,1,0,2.50,2
29,24,1,0,4,3,0,1,2.50,2
29,25,1,1,1,2,0,0,2.50,2
29,26,1,2,2,2,0,0,2.50,2
29,27,1,3,3,2,0,1,2.50,2
29,28,1,4,4,4,0,1,2.50,2
29,29,1,5,7,7,0,1,2.50,2
29,30,1,6,4,3,1,1,2.50,2
29,31,1,7,11,9,1,2,6.39,2
29,32,1,8,25,26,1,0,2.50,7
29,33,1,9,48,38,5,5,7.76,7
29,34,1,10,38,37,2,4,4.66,7
29,35,1,11,39,36,2,5,2.92,7
29,36,1,12,30,32,1,2,3.44,7
29,37,1,13,53,44,2,9,6.59,7
29,38,1,14,39,43,1,4,4.94,7
29,39,1,15,38,35,1,6,2.79,7
29,40,1,16,34,37,2,1,3.18,7
29,41,1,17,22,21,0,2,2.50,7
29,42,1,18,23,24,1,0,2.50,7
29,43,1,19,19,17,0,2,2.50,7
29,44,1,20,7,8,0,1,7.50,2
29,45,1,21,8,9,0,0,3.06,2
29,46,1,22,3,3,0,0,2.50,2
29,47,1,23,5,4,1,0,3.75,2
29,48,2,0,4,4,0,0,2.50,2
29,49,2,1,2,2,0,0,2.50,2
29,50,2,2,5,4,0,1,2.50,2
29,51,2,3,2,3,0,0,2.50,2
29,52,2,4,2,2,0,0,2.50,2
29,53,2,5,4,3,1,0,2.50,2
29,54,2,6,5,5,0,0,2.50,2
29,55,2,7,18,10,2,6,3.50,2
29,56,2,8,27,31,0,2,2.98,7
29,57,2,9,34,30,1,5,3.50,7
29,58,2,10,54,37,8,14,6.69,7
29,59,2,11,54,50,5,13,10.20,7
29,60,2,12,44,42,5,10,9.29,7
29,61,2,13,55,46,11,8,9.67,7
29,62,2,14,58,41,11,14,9.94,7
29,63,2,15,49,49,5,9,6.07,7
29,64,2,16,37,41,2,3,7.99,7
29,65,2,17,35,34,1,3,2.50,7
29,66,2,18,32,32,1,2,2.81,7
29,67,2,19,9,11,0,0,2.50,7
29,68,2,20,7,6,0,1,2.50,2
29,69,2,21,7,7,0,1,3.21,2
29,70,2,22,6,6,0,1,2.50,2
29,71,2,23,4,5,0,0,2.50,2
29,72,3,0,7,6,0,1,3.33,2
29,73,3,1,5,6,0,0,2.50,2
29,74,3,2,4,4,0,0,3.75,2
29,75,3,3,5,4,0,1,2.50,2
29,76,3,4,2,3,0,0,2.50,2
29,77,3,5,3,2,0,1,2.50,2
29,78,3,6,8,8,0,1,8.75,2
29,79,3,7,26,15,6,6,11.83,2
29,80,3,8,51,48,2,7,6.35,7
29,81,3,9,67,44,12,18,10.68,7
29,82,3,10,82,53,25,22,14.20,7
29,83,3,11,90,51,28,33,14.46,7
29,84,3,12,69,76,14,12,10.46,7
29,85,3,13,73,66,8,11,10.45,7
29,86,3,14,68,64,5,10,6.02,7
29,87,3,15,46,47,6,3,7.93,7
29,88,3,16,52,44,4,7,8.18,7
29,89,3,17,43,38,2,10,4.21,7
29,90,3,18,32,37,1,4,4.53,7
29,91,3,19,27,28,1,2,2.68,7
29,92,3,20,15,10,3,4,7.00,2
29,93,3,21,14,11,3,4,11.59,2
29,94,3,22,11,11,4,0,12.95,2
29,95,3,23,9,6,1,2,2.50,2
29,96,4,0,3,5,0,0,2.50,2
29,97,4,1,10,8,0,2,3.12,2
29,98,4,2,9,9,0,2,2.50,2
29,99,4,3,8,10,0,0,3.00,2
29,100,4,4,3,2,0,1,2.50,2
29,101,4,5,7,8,0,0,3.12,2
29,102,4,6,7,6,1,0,4.17,2
29,103,4,7,20,12,2,6,10.83,2
29,104,4,8,26,28,3,1,3.57,7
29,105,4,9,45,34,6,6,4.71,7
29,106,4,10,54,46,6,8,4.67,7
29,107,4,11,58,52,6,8,6.15,7
29,108,4,12,51,41,5,13,5.30,7
29,109,4,13,51,46,5,13,9.57,7
29,110,4,14,47,51,4,5,5.93,7
29,111,4,15,84,48,16,25,12.08,7
29,112,4,16,73,59,23,16,11.23,7
29,113,4,17,58,54,14,6,11.94,7
29,114,4,18,41,38,3,6,4.47,7
29,115,4,19,38,35,3,6,3.64,7
29,116,4,20,23,14,5,10,17.50,2
29,117,4,21,30,15,10,15,26.50,2
29,118,4,22,11,14,9,3,22.50,2
29,119,4,23,12,12,2,1,5.83,2
29,120,5,0,11,9,0,3,3.06,2
29,121,5,1,2,5,0,0,3.50,2
29,122,5,2,0,0,0,0,0.00,2
29,123,5,3,3,3,0,0,2.50,2
29,124,5,4,2,2,0,0,2.50,2
29,125,5,5,3,3,0,0,2.50,2
29,126,5,6,6,6,0,0,2.50,2
29,127,5,7,7,6,0,1,2.50,2
29,128,5,8,15,16,0,0,2.81,4
29,129,5,9,29,25,3,1,3.90,4
29,130,5,10,38,23,4,12,12.07,4
29,131,5,11,38,31,9,10,15.89,4
29,132,5,12,35,28,11,6,16.43,4
29,133,5,13,33,26,6,7,14.42,4
29,134,5,14,29,25,2,9,9.90,4
29,135,5,15,26,26,5,4,10.00,4
29,136,5,16,36,29,1,10,10.09,4
29,137,5,17,20,20,6,4,13.00,4
29,138,5,18,24,22,3,3,5.68,4
29,139,5,19,11,12,1,1,4.17,4
29,140,5,20,7,7,0,1,5.36,2
29,141,5,21,8,8,1,0,3.12,2
29,142,5,22,7,6,0,1,2.50,2
29,143,5,23,8,5,1,3,3.50,2
29,144,6,0,8,8,2,1,5.62,2
29,145,6,1,5,5,0,1,3.50,2
29,146,6,2,3,2,1,1,2.50,2
29,147,6,3,5,5,0,1,2.50,2
29,148,6,4,4,3,0,2,2.50,2
29,149,6,5,1,3,0,0,2.50,2
29,150,6,6,1,0,1,0,0.00,2
29,151,6,7,11,8,1,2,3.75,2
29,152,6,8,13,14,1,0,4.29,4
29,153,6,9,26,23,0,3,3.15,4
29,154,6,10,27,25,2,3,4.50,4
29,155,6,11,33,28,1,7,4.82,4
29,156,6,12,26,21,4,8,11.79,4
29,157,6,13,29,25,4,8,11.30,4
29,158,6,14,29,25,7,5,10.90,4
29,159,6,15,27,23,3,6,11.85,4
29,160,6,16,23,25,0,4,7.30,4
29,161,6,17,25,22,3,4,3.41,4
29,162,6,18,17,21,0,0,3.45,4
29,163,6,19,16,16,0,0,2.50,4
29,164,6,20,8,6,0,2,2.50,2
29,165,6,21,9,8,2,1,13.12,2
29,166,6,22,4,4,1,0,2.50,2
29,167,6,23,6,5,0,1,2.50,2
29,168,7,0,4,5,0,0,2.50,2
29,169,7,1,3,3,0,0,2.50,2
29,170,7,2,2,2,0,0,2.50,2
29,171,7,3,4,3,0,1,2.50,2
29,172,7,4,3,4,0,0,2.50,2
29,173,7,5,6,5,0,1,7.50,2
29,174,7,6,3,4,0,0,3.75,2
29,175,7,7,18,13,2,3,7.50,2
29,176,7,8,36,32,2,5,3.59,7
29,177,7,9,71,51,8,17,9.95,7
29,178,7,10,75,62,11,19,12.26,7
29,179,7,11,77,55,17,24,14.68,7
29,180,7,12,59,54,12,17,13.33,7
29,181,7,13,70,52,18,17,15.10,7
29,182,7,14,84,53,24,24,15.99,7
29,183,7,15,58,52,18,12,14.23,7
29,184,7,16,49,44,10,7,10.23,7
29,185,7,17,43,44,1,5,2.84,7
29,186,7,18,28,29,1,3,2.84,7
29,187,7,19,23,23,0,3,2.50,7
29,188,7,20,17,13,0,7,8.27,2
29,189,7,21,13,13,5,2,9.42,2
29,190,7,22,10,10,0,2,2.50,2
29,191,7,23,5,6,0,1,3.33,2
29,192,8,0,8,8,1,0,2.50,2
29,193,8,1,4,4,0,0,2.50,2
29,194,8,2,5,4,0,1,5.00,2
29,195,8,3,5,4,1,1,2.50,2
29,196,8,4,7,7,0,1,3.21,2
29,197,8,5,4,5,0,0,2.50,2
29,198,8,6,10,8,2,0,3.12,2
29,199,8,7,22,11,6,5,8.86,2
29,200,8,8,41,39,3,4,4.81,7
29,201,8,9,58,46,3,13,7.72,7
29,202,8,10,67,52,11,17,8.08,7
29,203,8,11,80,56,18,23,12.59,7
29,204,8,12,44,45,12,10,11.39,7
29,205,8,13,60,46,10,14,9.13,7
29,206,8,14,68,48,15,19,10.94,7
29,207,8,15,64,54,14,15,12.78,7
29,208,8,16,53,50,9,9,11.00,7
29,209,8,17,41,45,2,3,6.28,7
29,210,8,18,33,34,1,1,3.24,7
29,211,8,19,25,20,2,4,2.75,7
29,212,8,20,20,11,8,5,18.41,2
29,213,8,21,9,9,3,2,10.83,2
29,214,8,22,9,9,1,1,6.39,2
29,215,8,23,4,3,1,1,2.50,2
29,216,9,0,8,7,0,2,3.21,2
29,217,9,1,8,10,0,0,3.00,2
29,218,9,2,6,4,0,2,2.50,2
29,219,9,3,7,9,0,0,4.17,2
29,220,9,4,7,5,0,2,2.50,2
29,221,9,5,8,8,1,1,4.38,2
29,222,9,6,9,7,1,2,4.64,2
29,223,9,7,17,14,3,2,9.29,2
29,224,9,8,90,51,12,29,10.25,7
29,225,9,9,109,65,42,31,20.96,7
29,226,9,10,106,85,26,26,14.74,7
29,227,9,11,116,87,21,34,11.70,7
29,228,9,12,83,69,26,22,15.83,7
29,229,9,13,74,69,13,14,9.60,7
29,230,9,14,74,58,11,19,11.98,7
29,231,9,15,62,57,11,13,10.13,7
29,232,9,16,53,50,12,4,8.60,7
29,233,9,17,52,43,3,10,4.01,7
29,234,9,18,27,36,1,0,3.75,7
29,235,9,19,33,27,0,6,2.69,7
29,236,9,20,19,10,7,8,16.00,2
29,237,9,21,21,12,10,7,26.67,2
29,238,9,22,15,12,3,7,22.50,2
29,239,9,23,13,12,7,1,17.08,2
29,240,10,0,9,9,0,1,9.72,2
29,241,10,1,11,9,3,0,9.72,2
29,242,10,2,11,7,2,2,3.21,2
29,243,10,3,13,12,2,1,4.58,2
29,244,10,4,9,8,1,1,4.38,2
29,245,10,5,6,5,1,1,3.50,2
29,246,10,6,9,9,1,0,3.06,2
29,247,10,7,20,9,2,9,3.61,2
29,248,10,8,27,31,3,2,4.60,7
29,249,10,9,45,41,2,4,5.30,7
29,250,10,10,59,43,5,15,6.34,7
29,251,10,11,65,54,10,16,9.07,7
29,252,10,12,47,44,7,12,10.91,7
29,253,10,13,54,49,7,10,13.83,7
29,254,10,14,59,53,4,12,7.88,7
29,255,10,15,56,45,5,18,7.39,7
29,256,10,16,46,42,12,10,14.40,7
29,257,10,17,35,40,3,2,5.12,7
29,258,10,18,22,23,1,0,2.50,7
29,259,10,19,15,13,1,1,2.50,7
29,260,10,20,19,11,6,3,9.77,2
29,261,10,21,11,12,0,2,8.75,2
29,262,10,22,10,9,2,1,9.17,2
29,263,10,23,7,8,0,0,6.25,2
29,264,11,0,7,6,1,0,2.50,2
29,265,11,1,7,5,0,2,3.50,2
29,266,11,2,3,4,0,1,5.00,2
29,267,11,3,2,3,0,0,2.50,2
29,268,11,4,6,5,1,0,2.50,2
29,269,11,5,3,3,0,0,2.50,2
29,270,11,6,5,5,0,0,2.50,2
29,271,11,7,10,5,0,5,2.50,2
29,272,11,8,27,29,2,1,3.88,7
29,273,11,9,39,32,1,7,2.66,7
29,274,11,10,41,37,6,5,8.31,7
29,275,11,11,42,38,0,9,2.76,7
29,276,11,12,49,43,7,8,6.92,7
29,277,11,13,41,40,3,6,5.12,7
29,278,11,14,39,36,6,3,3.33,7
29,279,11,15,40,37,2,4,5.74,7
29,280,11,16,29,29,2,2,3.02,7
29,281,11,17,34,28,1,7,2.86,7
29,282,11,18,17,23,0,1,2.93,7
29,283,11,19,13,11,1,2,2.50,7
29,284,11,20,8,9,1,0,2.50,2
29,285,11,21,3,3,0,0,2.50,2
29,286,11,22,6,5,0,1,7.50,2
29,287,11,23,6,6,0,1,2.50,2
29,288,12,0,2,2,0,1,2.50,2
29,289,12,1,4,5,0,0,3.50,2
29,290,12,2,1,1,0,0,2.50,2
29,291,12,3,3,2,1,0,2.50,2
29,292,12,4,2,2,0,0,2.50,2
29,293,12,5,1,1,0,0,2.50,2
29,294,12,6,1,1,0,0,2.50,2
29,295,12,7,3,3,0,0,2.50,2
29,296,12,8,22,16,3,3,8.75,4
29,297,12,9,30,20,5,8,10.00,4
29,298,12,10,23,23,6,2,9.24,4
29,299,12,11,27,24,2,3,7.50,4
29,300,12,12,14,16,1,0,4.06,4
29,301,12,13,28,21,1,6,3.69,4
29,302,12,14,43,25,12,12,15.10,4
29,303,12,15,34,25,11,10,14.90,4
29,304,12,16,20,24,4,2,9.38,4
29,305,12,17,16,17,0,1,2.50,4
29,306,12,18,14,14,1,0,2.50,4
29,307,12,19,6,5,0,1,2.50,4
29,308,12,20,3,4,0,0,2.50,2
29,309,12,21,3,3,0,0,2.50,2
29,310,12,22,4,4,0,0,2.50,2
29,311,12,23,6,5,1,0,2.50,2
29,312,13,0,2,1,0,1,2.50,2
29,313,13,1,1,2,0,0,2.50,2
29,314,13,2,1,1,0,0,2.50,2
29,315,13,3,0,0,0,0,0.00,2
29,316,13,4,0,0,0,0,0.00,2
29,317,13,5,0,0,0,0,0.00,2
29,318,13,6,3,2,0,1,2.50,2
29,319,13,7,8,8,1,0,3.12,2
29,320,13,8,9,8,1,0,3.12,4
29,321,13,9,25,21,1,3,5.60,4
29,322,13,10,28,24,1,6,5.21,4
29,323,13,11,30,25,4,7,6.50,4
29,324,13,12,20,25,1,1,7.90,4
29,325,13,13,28,23,2,4,4.24,4
29,326,13,14,27,21,5,5,9.88,4
29,327,13,15,21,22,2,2,6.82,4
29,328,13,16,21,19,1,3,5.13,4
29,329,13,17,15,15,1,2,3.50,4
29,330,13,18,9,11,0,0,2.95,4
29,331,13,19,6,5,1,0,2.50,4
29,332,13,20,4,3,0,1,2.50,2
29,333,13,21,6,5,1,1,4.50,2
29,334,13,22,3,3,0,1,2.50,2
29,335,13,23,2,3,0,0,2.50,2
