experiment,replicate,hour,biomass,substrate,product,temperature,cooling_duty
S5-E1,0,0,6.7877,0.0812,16.1401,34.290,0.6501
S5-E1,0,1,7.0584,0.3345,16.4561,33.928,0.6417
S5-E1,0,2,7.4669,0.0474,17.2358,34.018,0.6403
S5-E1,0,3,7.7174,0.3129,17.2013,33.981,0.6439
S5-E1,0,4,7.4719,0.0091,17.2280,33.996,0.6463
S5-E1,0,5,7.9232,0.0296,17.7727,34.206,0.6453
S5-E1,0,6,7.5844,0.1365,17.5700,33.999,0.6426
S5-E1,0,7,7.0411,0.1369,17.8445,34.093,0.6413
S5-E1,0,8,7.6366,0.1707,17.4497,34.149,0.6418
S5-E1,0,9,7.4693,0.0457,18.1288,34.049,0.6428
S5-E1,0,10,7.6675,0.2156,17.7977,34.058,0.6424
S5-E1,0,11,7.5445,0.0000,18.9659,33.819,0.6423
S5-E1,0,12,7.9184,0.1530,18.2709,33.965,0.6426
S5-E1,0,13,7.3897,0.0000,17.8658,34.050,0.6426
S5-E1,0,14,8.4812,0.2275,17.9853,34.134,0.6431
S5-E1,0,15,7.6480,0.0997,18.9159,33.979,0.6428
S5-E1,0,16,7.6207,0.0000,17.9123,34.072,0.6433
S5-E1,0,17,8.0949,0.0000,18.6254,34.174,0.6453
S5-E1,0,18,8.2128,0.0014,19.5610,34.107,0.6458
S5-E1,0,19,7.8416,0.3919,19.3130,33.718,0.6448
S5-E1,0,20,8.1834,0.2904,16.9672,34.176,0.6433
S5-E1,0,21,7.5376,0.2948,19.3182,34.097,0.6427
S5-E1,0,22,8.3129,0.3068,19.3562,33.962,0.6429
S5-E1,0,23,7.6481,0.1442,19.7966,33.884,0.6431
S5-E1,0,24,7.9750,0.1170,19.3294,33.976,0.6434
S5-E1,0,25,8.6819,0.0000,20.3946,33.975,0.6434
S5-E1,0,26,8.6422,0.0000,19.2204,33.902,0.6440
S5-E1,0,27,8.2759,0.0426,20.0492,34.077,0.6443
S5-E1,0,28,8.0096,0.2153,19.5561,33.895,0.6439
S5-E1,0,29,8.7847,0.3331,19.6695,33.964,0.6450
S5-E1,0,30,8.5671,0.0000,19.5183,33.973,0.6466
S5-E1,0,31,8.3397,0.0000,19.6899,33.758,0.6462
S5-E1,0,32,8.6765,0.1085,19.3461,34.089,0.6447
S5-E1,0,33,8.4320,0.0724,19.3982,33.967,0.6441
S5-E1,0,34,8.7826,0.3348,19.3832,34.116,0.6439
S5-E1,0,35,9.1172,0.2416,19.0358,34.114,0.6439
S5-E1,0,36,8.4548,0.0921,18.7243,34.225,0.6445
S5-E1,0,37,8.6485,0.1213,19.6368,34.006,0.6445
S5-E1,0,38,7.6897,0.1120,18.8209,34.041,0.6438
S5-E1,0,39,7.9167,0.2859,19.8934,34.048,0.6429
S5-E1,0,40,8.5392,0.3434,19.8838,33.800,0.6431
S5-E1,0,41,8.5912,0.3480,20.0650,33.897,0.6446
S5-E1,0,42,8.3377,0.0000,20.2288,34.199,0.6454
S5-E1,0,43,7.8285,0.1512,20.4250,34.029,0.6445
S5-E1,0,44,7.6804,0.3359,19.5913,34.022,0.6430
S5-E1,0,45,8.4664,0.3312,18.8940,33.908,0.6427
S5-E1,0,46,8.2375,0.1390,19.7068,33.871,0.6434
S5-E1,0,47,7.6489,0.1418,18.4210,34.104,0.6439
S5-E1,0,48,8.1650,0.0000,19.8031,34.272,0.6444
S5-E1,0,49,8.0438,0.1733,19.7537,33.886,0.6447
S5-E1,0,50,8.0791,0.0578,19.4185,34.211,0.6434
S5-E1,0,51,8.2841,0.3825,19.1887,34.202,0.6429
S5-E1,0,52,8.5511,0.3252,19.1512,34.031,0.6438
S5-E1,0,53,8.3764,0.1986,18.9082,34.082,0.6438
S5-E1,0,54,7.7794,0.1781,19.6558,33.871,0.6433
S5-E1,0,55,8.5443,0.2716,19.0846,34.029,0.6426
S5-E1,0,56,8.7393,0.0000,20.5034,34.117,0.6427
S5-E1,0,57,7.5646,0.0000,19.1328,34.093,0.6443
S5-E1,0,58,7.9860,0.1977,18.7937,34.194,0.6450
S5-E1,0,59,7.7744,0.3048,19.4428,33.947,0.6436
S5-E1,0,60,8.1566,0.0405,20.2566,33.950,0.6443
S5-E1,0,61,7.7458,0.0114,19.3396,34.060,0.6474
S5-E1,0,62,7.6329,0.0491,20.3924,33.875,0.6491
S5-E1,0,63,7.6260,0.1142,19.6731,34.132,0.6479
S5-E1,0,64,8.0910,0.2810,19.5466,33.927,0.6470
S5-E1,0,65,7.9940,0.1107,19.7640,34.075,0.6478
S5-E1,0,66,8.4494,0.0096,20.0837,34.037,0.6486
S5-E1,0,67,7.8780,0.1133,19.5345,34.155,0.6486
S5-E1,0,68,7.7125,0.0000,19.0088,33.973,0.6476
S5-E1,0,69,7.8912,0.3993,18.8787,34.014,0.6466
S5-E1,0,70,7.6125,0.0959,18.9306,34.346,0.6459
S5-E1,0,71,7.9297,0.2065,19.3055,33.937,0.6452
S5-E1,0,72,8.0446,0.0000,19.8310,34.158,0.6461
S5-E1,0,73,7.5655,0.2028,19.8819,34.008,0.6474
S5-E1,0,74,7.9906,0.0539,18.8281,34.036,0.6476
S5-E1,0,75,8.0532,0.0510,18.8779,34.117,0.6469
S5-E1,0,76,8.0542,0.3297,19.1882,33.805,0.6464
S5-E1,0,77,7.9306,0.4036,18.9672,33.940,0.6464
S5-E1,0,78,7.8823,0.1926,19.4100,34.314,0.6470
S5-E1,0,79,8.2789,0.3050,19.2479,34.094,0.6477
S5-E1,0,80,7.8550,0.0831,19.5361,34.163,0.6475
S5-E1,0,81,7.9761,0.1835,20.0337,33.912,0.6468
S5-E1,0,82,8.0852,0.1701,19.1262,34.149,0.6462
S5-E1,0,83,7.5305,0.3667,20.2434,34.223,0.6467
S5-E1,0,84,7.9372,0.3420,19.3539,33.737,0.6469
S5-E1,0,85,7.8450,0.1707,19.0405,33.962,0.6472
S5-E1,0,86,7.5829,0.4584,19.3211,34.349,0.6481
S5-E1,0,87,8.1701,0.1774,20.1375,34.021,0.6481
S5-E1,0,88,8.1305,0.2297,20.0425,33.942,0.6471
S5-E1,0,89,8.6533,0.1534,19.6521,33.554,0.6463
S5-E1,0,90,8.4564,0.0810,20.6867,34.240,0.6468
S5-E1,0,91,8.2238,0.0055,19.3632,34.141,0.6489
S5-E1,0,92,8.4899,0.0000,20.4754,34.265,0.6502
S5-E1,0,93,8.6652,0.2494,19.5211,34.036,0.6498
S5-E1,0,94,8.9307,0.0280,19.5728,34.019,0.6484
S5-E1,0,95,8.4430,0.0000,18.1846,34.006,0.6467
S5-E1,0,96,8.3369,0.1113,20.3329,33.841,0.6462
S5-E1,0,97,8.7700,0.0000,19.4152,33.930,0.6470
S5-E1,0,98,8.4518,0.1035,20.0052,33.987,0.6479
S5-E1,0,99,8.4121,0.1487,20.1288,33.938,0.6472
S5-E1,0,100,8.8895,0.2774,19.9659,34.822,0.6758
S5-E1,0,101,8.5786,0.1681,20.7949,34.834,0.8314
S5-E1,0,102,8.4417,0.0133,20.8722,34.521,0.9610
S5-E1,0,103,8.5595,0.1899,21.7055,34.212,0.9710
S5-E1,0,104,8.5604,0.0000,22.8318,34.060,0.9105
S5-E1,0,105,9.2938,0.4135,22.5740,34.227,0.8627
S5-E1,0,106,9.3368,0.4326,21.5403,34.651,0.8589
S5-E1,0,107,8.8537,0.2602,22.0628,34.204,0.8777
S5-E1,0,108,9.4790,0.1965,24.3127,34.288,0.8904
S5-E1,0,109,9.6618,0.3341,23.6904,34.016,0.8883
S5-E1,0,110,10.6577,0.3407,22.9992,33.969,0.8795
S5-E1,0,111,9.9164,0.0161,21.6868,33.969,0.8751
S5-E1,0,112,10.1191,0.1177,23.6592,33.988,0.8763
S5-E1,0,113,10.1347,0.1413,24.2626,33.892,0.8774
S5-E1,0,114,10.2875,0.1066,24.2745,33.689,0.8762
S5-E1,0,115,9.3793,0.2504,24.4910,34.333,0.8763
S5-E1,0,116,10.4457,0.2258,23.6457,33.980,0.8769
S5-E1,0,117,11.0975,0.2146,26.8789,34.438,0.8779
S5-E1,0,118,10.1865,0.1968,24.9759,33.717,0.8790
S5-E1,0,119,10.5403,0.1025,25.4663,34.086,0.8783
S5-E1,0,120,10.1740,0.3047,24.5226,34.080,0.8764
S5-E1,0,121,11.1235,0.2604,24.3018,34.079,0.8754
S5-E1,0,122,10.1250,0.0485,24.9138,34.011,0.8768
S5-E1,0,123,10.8140,0.0434,24.8804,34.174,0.8782
S5-E1,0,124,11.0338,0.3878,24.7343,33.948,0.8774
S5-E1,0,125,10.7825,0.1714,25.2901,33.898,0.8770
S5-E1,0,126,11.3262,0.0862,26.8083,34.077,0.8770
S5-E1,0,127,11.1877,0.2978,25.4245,33.930,0.8770
S5-E1,0,128,10.4570,0.0000,23.2925,34.018,0.8788
S5-E1,0,129,10.6508,0.0000,24.6104,34.069,0.8795
S5-E1,0,130,10.3961,0.2741,26.1046,34.044,0.8774
S5-E1,0,131,9.7503,0.1113,25.7835,33.826,0.8760
S5-E1,0,132,10.9844,0.4080,24.5404,34.071,0.8776
S5-E1,0,133,10.0184,0.2197,26.1654,33.961,0.8785
S5-E1,0,134,10.9430,0.0000,25.9068,34.145,0.8774
S5-E1,0,135,10.7337,0.2115,25.8791,33.941,0.8759
S5-E1,0,136,10.0751,0.0000,25.9596,34.001,0.8754
S5-E1,0,137,10.4577,0.2878,24.5977,33.905,0.8767
S5-E1,0,138,11.0131,0.3382,24.8469,33.946,0.8783
S5-E1,0,139,10.5528,0.3351,27.4947,34.032,0.8793
S5-E1,0,140,11.3407,0.2789,26.0990,34.177,0.8792
S5-E1,0,141,10.2147,0.4540,25.0324,33.851,0.8770
S5-E1,0,142,10.2836,0.0000,24.7564,34.025,0.8749
S5-E1,0,143,11.0657,0.0581,25.5014,34.064,0.8754
S5-E1,0,144,11.3242,0.1972,25.0136,34.003,0.8766
S5-E1,0,145,10.3868,0.3354,26.4372,33.792,0.8777
S5-E1,0,146,10.1513,0.1844,26.9684,33.936,0.8773
S5-E1,0,147,11.4519,0.3335,24.9263,34.207,0.8754
S5-E1,0,148,9.5909,0.1926,26.4151,33.935,0.8756
S5-E1,0,149,11.5851,0.1914,24.7304,34.105,0.8774
S5-E1,0,150,10.5543,0.2255,26.7931,34.040,0.8792
S5-E1,0,151,10.5554,0.4244,24.5034,34.144,0.8775
S5-E1,0,152,9.6586,0.0950,26.0285,33.911,0.8745
S5-E1,0,153,10.1341,0.3204,26.1708,33.838,0.8749
S5-E1,0,154,10.2917,0.0621,26.2245,33.892,0.8766
S5-E1,0,155,10.6477,0.1251,24.1441,33.900,0.8780
S5-E1,0,156,10.6921,0.0000,25.1965,33.923,0.8783
S5-E1,0,157,10.0576,0.2358,25.8840,33.978,0.8765
S5-E1,0,158,10.4539,0.1211,25.8505,33.876,0.8749
S5-E1,0,159,10.1182,0.0834,26.5173,34.104,0.8743
S5-E1,0,160,10.2173,0.2081,25.5145,34.094,0.8747
S5-E1,0,161,10.0764,0.0654,26.2215,34.036,0.8753
S5-E1,0,162,11.2784,0.0842,25.7651,34.054,0.8763
S5-E1,0,163,10.9920,0.1479,24.5685,34.060,0.8762
S5-E1,0,164,10.2740,0.1029,26.1818,34.056,0.8761
S5-E1,0,165,9.2096,0.3012,26.1061,33.854,0.8760
S5-E1,0,166,9.7622,0.3136,26.5786,34.022,0.8747
S5-E1,0,167,10.3665,0.4989,26.0167,33.953,0.8750
S5-E1,0,168,9.8973,0.3415,25.0925,34.069,0.8761
S5-E1,0,169,10.4944,0.4396,24.7573,33.923,0.8763
S5-E1,0,170,9.6651,0.3323,24.7958,34.044,0.8756
S5-E1,0,171,10.0103,0.4881,25.1078,33.856,0.8754
S5-E1,0,172,11.1090,0.1938,25.8031,34.156,0.8774
S5-E1,0,173,10.7202,0.4228,24.4147,34.016,0.8796
S5-E1,0,174,10.4705,0.0759,25.0780,34.159,0.8790
S5-E1,0,175,11.0670,0.2930,26.3544,33.895,0.8773
S5-E1,0,176,10.7329,0.2812,25.7412,34.440,0.8761
S5-E1,0,177,10.7106,0.0000,24.7425,34.188,0.8769
S5-E1,0,178,10.2314,0.2016,24.8388,34.091,0.8783
S5-E1,0,179,10.2360,0.0642,25.9124,33.949,0.8785
S5-E1,0,180,10.4189,0.1959,24.9559,34.305,0.8782
S5-E1,0,181,10.3421,0.2529,26.6421,33.878,0.8774
S5-E1,0,182,10.1308,0.1768,25.1365,33.913,0.8764
S5-E1,0,183,10.2064,0.2384,26.1888,34.066,0.8747
S5-E1,0,184,10.9547,0.0000,26.4137,34.059,0.8740
S5-E1,0,185,10.0287,0.1261,25.0945,33.930,0.8755
S5-E1,0,186,10.8345,0.2913,26.4917,34.144,0.8784
S5-E1,0,187,11.3952,0.0000,25.8330,34.158,0.8807
S5-E1,0,188,11.0595,0.2994,25.3573,34.194,0.8813
S5-E1,0,189,11.5459,0.2536,24.1539,33.758,0.8801
S5-E1,0,190,11.0995,0.1008,27.6851,33.912,0.8773
S5-E1,0,191,10.6866,0.3523,24.9193,33.991,0.8758
S5-E1,0,192,10.4388,0.1934,25.0813,33.971,0.8758
S5-E1,0,193,10.4193,0.1406,26.1878,33.839,0.8758
S5-E1,0,194,11.0876,0.2133,27.1569,34.059,0.8771
S5-E1,0,195,10.7507,0.0000,25.6212,33.939,0.8786
S5-E1,0,196,10.8867,0.1817,25.0206,34.059,0.8787
S5-E1,0,197,9.9881,0.4074,24.4307,33.955,0.8788
S5-E1,0,198,10.9458,0.0770,24.3866,33.571,0.8788
S5-E1,0,199,10.5838,0.1841,25.7952,34.215,0.8797
S5-E1,0,200,11.2840,0.3414,25.9597,33.972,0.8809
S5-E1,0,201,11.5176,0.1114,26.5386,34.317,0.8810
S5-E1,0,202,11.1363,0.0807,24.8155,34.287,0.8798
S5-E1,0,203,11.9231,0.2513,25.5126,34.226,0.8775
S5-E1,0,204,11.3751,0.1390,26.8849,33.911,0.8754
S5-E1,0,205,11.0902,0.3202,25.1556,34.291,0.8771
S5-E1,0,206,11.1464,0.1280,24.6093,33.977,0.8789
S5-E1,0,207,10.6120,0.1298,25.5832,34.141,0.8777
S5-E1,0,208,10.5084,0.2644,23.8332,34.027,0.8774
S5-E1,0,209,10.2627,0.0000,25.0435,34.063,0.8779
S5-E1,0,210,10.5913,0.1781,25.8054,33.902,0.8778
S5-E1,0,211,10.5644,0.3251,25.4342,33.946,0.8785
S5-E1,0,212,10.4003,0.0411,25.0334,33.923,0.8792
S5-E1,0,213,11.4404,0.3216,25.8972,33.990,0.8785
S5-E1,0,214,10.3630,0.0834,25.4422,34.001,0.8776
S5-E1,0,215,10.8227,0.1921,26.7266,34.152,0.8765
S5-E1,0,216,10.7141,0.0771,24.8105,33.900,0.8767
S5-E1,0,217,10.8844,0.1185,26.8800,34.318,0.8781
S5-E1,0,218,10.4217,0.0616,25.6790,33.836,0.8785
S5-E1,0,219,10.3739,0.0000,25.8003,34.012,0.8781
S5-E1,0,220,11.0508,0.4618,26.4545,33.744,0.8771
S5-E1,0,221,10.7330,0.2719,26.7396,33.901,0.8765
S5-E1,0,222,10.0340,0.3147,25.6914,33.970,0.8768
S5-E1,0,223,10.0889,0.0630,25.2718,33.756,0.8770
S5-E1,0,224,10.9794,0.1374,24.9598,33.776,0.8775
S5-E1,0,225,10.8129,0.1550,23.7275,33.918,0.8776
S5-E1,0,226,11.2953,0.1340,25.8678,33.839,0.8769
S5-E1,0,227,10.0167,0.0815,24.5614,32.373,0.8062
S5-E1,0,228,8.6926,0.2479,23.1844,31.802,0.4626
S5-E1,0,229,8.8892,0.1688,22.6578,32.512,0.2042
S5-E1,0,230,8.6314,0.0522,21.9963,33.742,0.2133
S5-E1,0,231,8.0551,0.0000,20.1120,33.860,0.3435
S5-E1,0,232,7.6981,0.1488,20.0016,33.789,0.4255
S5-E1,0,233,7.7674,0.0000,20.3859,33.381,0.4210
S5-E1,0,234,7.5964,0.4425,18.2210,33.564,0.3841
S5-E1,0,235,7.0350,0.0000,17.2078,33.650,0.3655
S5-E1,0,236,7.0392,0.1426,17.8538,34.104,0.3724
S5-E1,0,237,6.9172,0.0000,18.0058,33.890,0.3871
S5-E1,0,238,6.7279,0.0000,17.8495,33.869,0.3948
S5-E1,0,239,6.6652,0.1820,16.6015,34.044,0.3937
S5-E1,0,240,6.3485,0.0324,15.9909,34.168,0.3898
S5-E1,0,241,6.3134,0.3743,15.2947,33.927,0.3879
S5-E1,0,242,6.5846,0.2505,15.9026,33.792,0.3883
S5-E1,0,243,5.7463,0.1134,15.0731,34.005,0.3891
S5-E1,0,244,6.1809,0.0018,15.9385,33.724,0.3897
S5-E1,0,245,6.0567,0.0716,15.4889,33.786,0.3903
S5-E1,0,246,5.4000,0.0000,14.9177,33.979,0.3905
S5-E1,0,247,5.5842,0.3052,15.4744,34.010,0.3906
S5-E1,0,248,6.1034,0.0000,14.7053,33.989,0.3914
S5-E1,0,249,6.0190,0.0000,14.6094,33.823,0.3916
S5-E1,0,250,5.1161,0.1691,14.2919,34.204,0.3902
S5-E1,0,251,5.5158,0.0000,13.8483,34.046,0.3892
S5-E1,0,252,5.4737,0.0000,14.1352,33.961,0.3894
S5-E1,0,253,5.6887,0.0000,13.3844,34.050,0.3897
S5-E1,0,254,5.9468,0.2266,12.8789,33.873,0.3898
S5-E1,0,255,5.6026,0.2271,14.1479,33.951,0.3899
S5-E1,0,256,5.1251,0.3854,13.8323,34.003,0.3899
S5-E1,0,257,4.9888,0.0982,13.3417,33.992,0.3895
S5-E1,0,258,5.4274,0.0853,13.5849,34.041,0.3891
S5-E1,0,259,5.0783,0.1240,13.5343,33.995,0.3893
S5-E1,0,260,5.4861,0.0000,13.8989,33.755,0.3893
S5-E1,0,261,5.2588,0.0000,13.3065,33.976,0.3892
S5-E1,0,262,5.3783,0.2144,13.5571,34.248,0.3899
S5-E1,0,263,5.6093,0.5129,13.3958,34.084,0.3904
S5-E1,0,264,5.4229,0.0000,13.5307,33.945,0.3901
S5-E1,0,265,5.1460,0.0000,13.3009,34.126,0.3899
S5-E1,0,266,5.6284,0.0380,13.4217,34.254,0.3909
S5-E1,0,267,5.1243,0.0000,13.5664,33.956,0.3914
S5-E1,0,268,5.5642,0.1641,12.5948,33.916,0.3906
S5-E1,0,269,5.3354,0.3183,12.8635,33.984,0.3898
S5-E1,0,270,5.3812,0.0000,12.9614,33.957,0.3892
S5-E1,0,271,4.9743,0.2443,12.7338,34.150,0.3893
S5-E1,0,272,5.5803,0.1480,13.5693,33.796,0.3891
S5-E1,0,273,5.0019,0.0173,13.7194,34.051,0.3892
S5-E1,0,274,5.2755,0.0577,13.0356,33.873,0.3897
S5-E1,0,275,5.3678,0.2759,13.0206,34.114,0.3902
S5-E1,0,276,5.2615,0.0971,13.2405,34.140,0.3908
S5-E1,0,277,5.4982,0.0000,13.1907,34.124,0.3904
S5-E1,0,278,5.3159,0.0756,13.2234,34.113,0.3894
S5-E1,0,279,5.2060,0.1882,13.0385,33.935,0.3890
S5-E1,0,280,5.0725,0.1500,13.1589,33.665,0.3898
S5-E1,0,281,5.4400,0.3642,13.3568,34.311,0.3904
S5-E1,0,282,5.2160,0.0000,13.7534,34.212,0.3901
S5-E1,0,283,5.2437,0.2291,13.2823,34.215,0.3899
S5-E1,0,284,5.4782,0.1146,13.9219,33.895,0.3903
S5-E1,0,285,5.1889,0.2549,12.7357,33.868,0.3910
S5-E1,0,286,5.5185,0.0000,13.2786,34.048,0.3908
S5-E1,0,287,5.3179,0.1284,12.1800,33.677,0.3899
S5-E1,0,288,5.6862,0.1828,12.4950,34.174,0.3898
S5-E1,0,289,5.1174,0.0787,12.1653,33.967,0.3900
S5-E1,0,290,5.1501,0.1820,12.9590,33.991,0.3901
S5-E1,0,291,5.3867,0.0963,13.0934,34.039,0.3905
S5-E1,0,292,5.4734,0.0778,13.1417,34.142,0.3907
S5-E1,0,293,5.4395,0.4273,13.8645,34.097,0.3909
S5-E1,0,294,5.7105,0.4625,13.9205,35.734,0.4395
S5-E1,0,295,5.8072,0.2635,14.1759,35.632,0.7014
S5-E1,0,296,6.5337,0.2091,15.9366,35.337,0.9230
S5-E1,0,297,6.8483,0.2004,16.2774,34.540,0.9482
S5-E1,0,298,7.2523,0.3275,16.9581,34.353,0.8566
S5-E1,0,299,7.3595,0.2007,16.6543,34.175,0.7777
S5-E1,0,300,7.6612,0.2214,17.6483,34.451,0.7630
S5-E1,0,301,7.9509,0.3651,18.5043,34.398,0.7863
S5-E1,0,302,8.6810,0.1470,18.7621,34.130,0.8064
S5-E1,0,303,8.7505,0.1505,19.5490,34.200,0.8070
S5-E1,0,304,8.4053,0.2058,18.9028,33.825,0.7966
S5-E1,0,305,8.4176,0.0287,21.1130,34.038,0.7883
S5-E1,0,306,9.1513,0.0918,20.2858,34.003,0.7877
S5-E1,0,307,9.3144,0.1028,20.5172,34.041,0.7914
S5-E1,0,308,8.8978,0.0000,19.1700,34.073,0.7934
S5-E1,0,309,8.9861,0.0912,20.5548,34.262,0.7919
S5-E1,0,310,9.4305,0.3038,20.8570,34.087,0.7884
S5-E1,0,311,9.2751,0.1531,21.7065,34.328,0.7855
S5-E1,0,312,8.5773,0.1689,21.6778,34.327,0.7864
S5-E1,0,313,9.8115,0.0000,22.0450,33.977,0.7894
S5-E1,0,314,9.3443,0.0789,21.9499,34.007,0.7907
S5-E1,0,315,9.4089,0.2871,21.9852,33.905,0.7899
S5-E1,0,316,9.3407,0.1439,22.2915,34.123,0.7893
S5-E1,0,317,9.3731,0.2253,21.9454,34.230,0.7887
S5-E1,0,318,9.1431,0.3479,21.1493,33.943,0.7879
S5-E1,0,319,9.1341,0.2818,22.6888,34.072,0.7874
S5-E1,0,320,9.1979,0.3932,22.3881,34.054,0.7875
S5-E1,0,321,9.9445,0.2199,22.2158,34.188,0.7889
S5-E1,0,322,8.7531,0.0000,22.3410,33.763,0.7895
S5-E1,0,323,9.1814,0.1547,23.0160,33.776,0.7882
S5-E1,0,324,9.6638,0.0000,22.2471,34.127,0.7876
S5-E1,0,325,9.5225,0.0000,23.1679,33.817,0.7883
S5-E1,0,326,9.7990,0.0000,22.4949,33.981,0.7893
S5-E1,0,327,10.0521,0.2629,23.2740,33.709,0.7910
S5-E1,0,328,9.5171,0.2101,23.0168,33.610,0.7916
S5-E1,0,329,10.0479,0.3613,23.8896,33.995,0.7901
S5-E1,0,330,9.6099,0.4299,23.1652,34.005,0.7881
S5-E1,0,331,9.3302,0.2841,22.7495,33.859,0.7874
S5-E1,0,332,9.8515,0.1124,22.7931,33.943,0.7878
S5-E1,0,333,9.6392,0.0447,23.1158,34.115,0.7881
S5-E1,0,334,9.9131,0.4461,23.1804,33.759,0.7879
S5-E1,0,335,8.9077,0.3221,22.5277,34.038,0.7871
S5-E1,0,336,9.5214,0.2822,22.6521,34.268,0.7862
S5-E1,0,337,9.4992,0.0000,23.4555,34.104,0.7864
S5-E1,0,338,9.3913,0.5802,22.1653,34.118,0.7872
S5-E1,0,339,9.4262,0.3159,23.2714,34.125,0.7881
S5-E1,0,340,9.5722,0.3011,24.0021,33.894,0.7909
S5-E1,0,341,9.3430,0.0708,22.4027,34.017,0.7926
S5-E1,0,342,9.2089,0.0000,23.8119,34.135,0.7907
S5-E1,0,343,9.6076,0.1230,23.8090,34.063,0.7889
S5-E1,0,344,9.5530,0.1014,23.4310,34.223,0.7897
S5-E1,0,345,9.5606,0.1469,22.5488,33.962,0.7906
S5-E1,0,346,9.1966,0.2252,23.0647,33.814,0.7895
S5-E1,0,347,9.3918,0.1869,22.5176,34.130,0.7873
S5-E1,0,348,8.6383,0.4610,23.1064,34.453,0.7869
S5-E1,0,349,9.2190,0.1932,24.2106,33.993,0.7891
S5-E1,0,350,10.7136,0.0602,22.9271,33.473,0.7891
S5-E1,0,351,9.0882,0.2406,23.1812,34.155,0.7881
S5-E1,0,352,9.6758,0.1457,22.9341,34.115,0.7880
S5-E1,0,353,9.4738,0.0492,23.6305,33.794,0.7889
S5-E1,0,354,10.5451,0.0316,22.7484,34.136,0.7898
S5-E1,0,355,9.3722,0.2679,22.4951,33.712,0.7894
S5-E1,0,356,9.8585,0.2738,24.6326,34.012,0.7900
S5-E1,0,357,9.6394,0.0770,23.8394,34.127,0.7904
S5-E1,0,358,9.7640,0.0725,23.2298,34.223,0.7899
S5-E1,0,359,9.2271,0.5927,23.3163,33.885,0.7902
S5-E1,0,360,9.3624,0.0556,22.6850,33.895,0.7902
S5-E1,0,361,9.2460,0.5248,24.4119,33.724,0.7886
S5-E1,0,362,9.5019,0.5070,23.1391,34.031,0.7877
S5-E1,0,363,9.4208,0.0000,23.0810,34.299,0.7876
S5-E1,0,364,10.0267,0.2466,22.2852,33.864,0.7889
S5-E1,0,365,9.7646,0.0416,23.5815,33.986,0.7909
S5-E1,0,366,9.8274,0.1640,23.4030,34.088,0.7900
S5-E1,0,367,9.2657,0.3307,22.8185,33.639,0.7872
S5-E1,0,368,9.3073,0.3740,23.6842,33.986,0.7882
S5-E1,0,369,9.6413,0.0000,23.3755,33.996,0.7902
S5-E1,0,370,8.9722,0.3334,23.0146,34.091,0.7896
S5-E1,0,371,9.2321,0.0788,22.8737,34.341,0.7889
S5-E1,0,372,10.0839,0.0453,23.4068,33.654,0.7888
S5-E1,0,373,9.8709,0.1379,22.5690,33.977,0.7880
S5-E1,0,374,9.8075,0.6071,22.7959,34.014,0.7877
S5-E1,0,375,9.7606,0.4974,22.8261,33.918,0.7888
S5-E1,0,376,9.6877,0.2485,23.6246,33.882,0.7896
S5-E1,0,377,9.5691,0.4711,23.1567,34.015,0.7900
S5-E1,0,378,9.2501,0.0000,22.6538,33.958,0.7887
S5-E1,0,379,9.8921,0.0756,22.7476,34.096,0.7876
S5-E1,0,380,9.3987,0.0789,23.0081,33.938,0.7887
S5-E1,0,381,9.9445,0.3975,23.5537,34.254,0.7903
S5-E1,0,382,9.0719,0.2586,24.0027,33.897,0.7904
S5-E1,0,383,9.9307,0.0404,22.1594,33.846,0.7883
S5-E1,0,384,10.0600,0.1550,22.9818,33.965,0.7875
S5-E1,0,385,9.4041,0.0840,23.0323,33.903,0.7884
S5-E1,0,386,10.0016,0.2059,23.5433,34.640,0.8108
S5-E1,0,387,9.6008,0.3646,23.9004,34.864,0.9271
S5-E1,0,388,10.6054,0.1927,23.1181,34.878,0.9995
S5-E1,0,389,9.8928,0.0118,24.7263,34.415,0.9996
S5-E1,0,390,10.0466,0.0286,24.4559,34.223,0.9920
S5-E1,0,391,10.5765,0.1146,25.1931,34.270,0.9758
S5-E1,0,392,9.6778,0.4306,26.1664,34.128,0.9641
S5-E1,0,393,11.2750,0.2388,25.3511,34.147,0.9605
S5-E1,0,394,10.4587,0.2158,25.3271,34.044,0.9622
S5-E1,0,395,10.2925,0.1649,26.3115,34.110,0.9633
S5-E1,0,396,10.4772,0.5380,25.4222,34.141,0.9600
S5-E1,0,397,11.2576,0.2059,25.7513,33.835,0.9546
S5-E1,0,398,11.1659,0.2178,25.2543,33.933,0.9527
S5-E1,0,399,10.8192,0.4079,26.5706,34.107,0.9548
S5-E1,1,0,8.4593,0.1050,20.0509,34.078,0.6614
S5-E1,1,1,7.9962,0.0556,20.4565,34.117,0.6628
S5-E1,1,2,8.2626,0.0888,21.3850,33.986,0.6624
S5-E1,1,3,8.5340,0.2576,19.5761,34.219,0.6618
S5-E1,1,4,8.6969,0.1990,19.3002,33.919,0.6626
S5-E1,1,5,8.2593,0.1150,20.0713,33.961,0.6636
S5-E1,1,6,8.7784,0.0000,19.5147,34.038,0.6634
S5-E1,1,7,8.7848,0.0000,21.0020,34.146,0.6623
S5-E1,1,8,8.3140,0.0000,19.1970,33.893,0.6623
S5-E1,1,9,8.2940,0.1234,19.4652,34.011,0.6625
S5-E1,1,10,8.9837,0.1749,19.5389,34.265,0.6624
S5-E1,1,11,8.9157,0.3366,19.9725,33.990,0.6631
S5-E1,1,12,8.1951,0.2700,19.0451,33.917,0.6640
S5-E1,1,13,8.6627,0.1755,21.2022,33.661,0.6639
S5-E1,1,14,9.4321,0.0000,20.6137,33.979,0.6635
S5-E1,1,15,9.1379,0.2905,20.6852,33.877,0.6647
S5-E1,1,16,9.2807,0.0000,19.6652,33.743,0.6656
S5-E1,1,17,8.2716,0.0000,20.4865,34.062,0.6644
S5-E1,1,18,8.4939,0.0000,19.8813,34.002,0.6627
S5-E1,1,19,8.3897,0.0000,20.1209,33.860,0.6615
S5-E1,1,20,8.0864,0.1646,20.2842,33.951,0.6613
S5-E1,1,21,7.7919,0.0493,18.8041,33.997,0.6621
S5-E1,1,22,8.4112,0.1574,19.8747,34.008,0.6620
S5-E1,1,23,8.9613,0.2261,19.7620,33.727,0.6615
S5-E1,1,24,8.1339,0.2071,19.4973,33.717,0.6614
S5-E1,1,25,8.7918,0.0772,19.8475,34.021,0.6608
S5-E1,1,26,7.5993,0.0404,20.2378,34.127,0.6609
S5-E1,1,27,8.5515,0.3600,20.8512,34.101,0.6614
S5-E1,1,28,7.5883,0.2950,20.3762,33.999,0.6615
S5-E1,1,29,8.2308,0.2519,19.7241,33.896,0.6611
S5-E1,1,30,7.8702,0.2408,20.3550,33.918,0.6614
S5-E1,1,31,8.1813,0.2334,20.1244,34.006,0.6622
S5-E1,1,32,8.5176,0.2108,19.9724,33.913,0.6620
S5-E1,1,33,7.2723,0.1417,19.9485,33.901,0.6622
S5-E1,1,34,8.1230,0.0597,20.2406,33.886,0.6619
S5-E1,1,35,8.6535,0.0602,18.8707,33.974,0.6615
S5-E1,1,36,8.1463,0.0503,20.4201,33.995,0.6625
S5-E1,1,37,8.1289,0.1983,19.7056,33.972,0.6638
S5-E1,1,38,7.9206,0.3866,19.2570,33.997,0.6637
S5-E1,1,39,8.5561,0.1396,19.3577,33.989,0.6618
S5-E1,1,40,8.8252,0.1548,20.5691,33.981,0.6616
S5-E1,1,41,8.4763,0.2647,19.3980,34.088,0.6632
S5-E1,1,42,8.8867,0.0624,20.1623,33.845,0.6627
S5-E1,1,43,8.1415,0.1107,20.6282,33.753,0.6624
S5-E1,1,44,8.6042,0.1410,20.1075,34.019,0.6636
S5-E1,1,45,8.2584,0.0000,19.5050,34.210,0.6643
S5-E1,1,46,8.4831,0.3363,20.7175,33.969,0.6636
S5-E1,1,47,8.2813,0.2490,20.7227,33.865,0.6623
S5-E1,1,48,8.5582,0.0316,19.5918,33.959,0.6611
S5-E1,1,49,7.9882,0.0000,20.0088,34.087,0.6612
S5-E1,1,50,8.3288,0.2363,20.4303,33.963,0.6622
S5-E1,1,51,8.2185,0.0000,19.7811,33.925,0.6620
S5-E1,1,52,8.2817,0.0725,20.1421,34.074,0.6621
S5-E1,1,53,8.2879,0.2721,18.8211,33.997,0.6624
S5-E1,1,54,8.2423,0.1778,20.3860,34.143,0.6617
S5-E1,1,55,8.0512,0.0000,20.5373,33.398,0.6434
S5-E1,1,56,8.4139,0.1053,19.6769,33.430,0.5573
S5-E1,1,57,8.0252,0.0000,19.3766,33.722,0.4923
S5-E1,1,58,8.5942,0.0380,19.3153,33.891,0.4937
S5-E1,1,59,8.0717,0.2630,18.4944,33.637,0.5261
S5-E1,1,60,7.5438,0.1122,18.0935,33.855,0.5476
S5-E1,1,61,7.4294,0.0349,17.6722,33.954,0.5472
S5-E1,1,62,8.2673,0.1021,17.3401,33.717,0.5381
S5-E1,1,63,7.3061,0.0876,18.1462,33.891,0.5331
S5-E1,1,64,7.6480,0.0097,17.9459,34.001,0.5339
S5-E1,1,65,7.8598,0.2907,18.2687,33.681,0.5373
S5-E1,1,66,7.2434,0.1127,16.9643,34.024,0.5400
S5-E1,1,67,8.0076,0.0000,18.5058,34.177,0.5401
S5-E1,1,68,7.0620,0.0334,17.5620,33.952,0.5392
S5-E1,1,69,7.5265,0.1904,17.1078,33.588,0.5394
S5-E1,1,70,7.2766,0.3067,16.9714,33.893,0.5383
S5-E1,1,71,6.8197,0.1625,17.0938,34.305,0.5373
S5-E1,1,72,7.5261,0.3920,17.2618,33.942,0.5382
S5-E1,1,73,7.3715,0.3485,17.5171,33.808,0.5395
S5-E1,1,74,7.7584,0.1977,18.2321,34.016,0.5400
S5-E1,1,75,7.4095,0.3152,17.9405,33.871,0.5401
S5-E1,1,76,7.3987,0.1120,17.2695,33.778,0.5398
S5-E1,1,77,7.2956,0.0000,17.6499,34.019,0.5389
S5-E1,1,78,7.3168,0.2956,16.8493,34.034,0.5379
S5-E1,1,79,7.2904,0.1639,17.8564,33.997,0.5379
S5-E1,1,80,7.6214,0.0000,17.4328,33.734,0.5390
S5-E1,1,81,6.9483,0.3556,16.7349,33.887,0.5396
S5-E1,1,82,7.4561,0.1004,16.9731,34.192,0.5384
S5-E1,1,83,7.1146,0.0726,17.4628,33.888,0.5379
S5-E1,1,84,7.2350,0.1862,16.1537,33.931,0.5383
S5-E1,1,85,7.0138,0.0000,16.6298,34.176,0.5392
S5-E1,1,86,7.2551,0.1221,16.8878,34.083,0.5402
S5-E1,1,87,7.4093,0.1119,17.1060,33.940,0.5401
S5-E1,1,88,7.0607,0.0000,17.2162,34.018,0.5397
S5-E1,1,89,7.2132,0.0274,16.0669,33.821,0.5387
S5-E1,1,90,6.4620,0.0370,15.8426,33.894,0.5380
S5-E1,1,91,6.8124,0.1656,16.8774,34.031,0.5377
S5-E1,1,92,6.9622,0.0839,16.6271,33.874,0.5384
S5-E1,1,93,7.3101,0.0373,16.8838,33.926,0.5390
S5-E1,1,94,7.0350,0.1747,17.0701,34.024,0.5388
S5-E1,1,95,6.8954,0.3308,17.7843,34.098,0.5383
S5-E1,1,96,6.9058,0.1868,17.0014,33.868,0.5379
S5-E1,1,97,7.2798,0.1639,16.7711,33.846,0.5373
S5-E1,1,98,6.9230,0.1862,16.9581,34.387,0.5455
S5-E1,1,99,6.8417,0.2424,16.7575,34.050,0.5900
S5-E1,1,100,7.1497,0.3061,17.8081,34.853,0.6517
S5-E1,1,101,7.5541,0.4280,18.6967,35.152,0.7980
S5-E1,1,102,8.5526,0.3518,19.6454,34.347,0.9050
S5-E1,1,103,7.9888,0.2802,19.7541,34.516,0.9039
S5-E1,1,104,8.7208,0.3645,19.8128,34.147,0.8479
S5-E1,1,105,8.7493,0.0000,19.7199,34.157,0.8077
S5-E1,1,106,8.6430,0.2690,20.9766,34.264,0.8049
S5-E1,1,107,8.3582,0.0156,21.0054,34.281,0.8207
S5-E1,1,108,8.9038,0.1539,21.4393,33.989,0.8306
S5-E1,1,109,9.7849,0.0367,20.9916,33.963,0.8278
S5-E1,1,110,9.2342,0.1892,21.4914,34.177,0.8221
S5-E1,1,111,9.8497,0.4092,21.6023,33.950,0.8190
S5-E1,1,112,9.0977,0.0000,22.2888,33.947,0.8192
S5-E1,1,113,9.7413,0.0635,22.5825,33.943,0.8205
S5-E1,1,114,10.0089,0.2107,22.9309,34.180,0.8212
S5-E1,1,115,10.4635,0.0694,22.0188,33.950,0.8200
S5-E1,1,116,9.9115,0.4156,23.2864,33.965,0.8176
S5-E1,1,117,9.3186,0.1858,21.4299,33.829,0.8175
S5-E1,1,118,10.0790,0.4575,24.9974,34.010,0.8190
S5-E1,1,119,8.9835,0.1537,22.7849,33.823,0.8191
S5-E1,1,120,9.8235,0.0483,23.3295,33.926,0.8173
S5-E1,1,121,9.4923,0.0708,23.4446,33.825,0.8164
S5-E1,1,122,9.1058,0.1144,22.1945,33.780,0.8166
S5-E1,1,123,9.4171,0.3016,23.2522,34.412,0.8166
S5-E1,1,124,10.2000,0.4761,24.0072,33.883,0.8157
S5-E1,1,125,10.3937,0.0757,22.2734,33.963,0.8169
S5-E1,1,126,9.7756,0.0000,22.1827,33.676,0.8202
S5-E1,1,127,9.8042,0.1031,23.4508,33.833,0.8216
S5-E1,1,128,9.9907,0.4629,23.2262,34.238,0.8198
S5-E1,1,129,10.0617,0.3345,23.7446,34.477,0.8335
S5-E1,1,130,10.3766,0.1337,23.4729,34.393,0.9196
S5-E1,1,131,10.7118,0.1768,25.3329,34.509,0.9905
S5-E1,1,132,11.0506,0.3030,24.9509,34.203,0.9925
S5-E1,1,133,10.2320,0.3014,25.1098,33.938,0.9639
S5-E1,1,134,11.2092,0.0946,25.5305,33.945,0.9388
S5-E1,1,135,11.1411,0.0884,25.0283,34.057,0.9354
S5-E1,1,136,10.4074,0.4441,26.8078,34.414,0.9435
S5-E1,1,137,10.3373,0.4014,26.0820,33.968,0.9501
S5-E1,1,138,11.1181,0.1471,24.6608,34.123,0.9497
S5-E1,1,139,10.9556,0.3668,25.6918,33.894,0.9450
S5-E1,1,140,11.2731,0.2940,24.9379,34.303,0.9429
S5-E1,1,141,11.8021,0.1797,27.4468,33.905,0.9423
S5-E1,1,142,10.9039,0.0450,25.0256,34.020,0.9425
S5-E1,1,143,11.2025,0.2596,26.4019,34.014,0.9441
S5-E1,1,144,10.8983,0.1136,25.6152,33.977,0.9446
S5-E1,1,145,11.6422,0.2172,27.0259,34.017,0.9432
S5-E1,1,146,11.1068,0.3199,28.0182,33.976,0.9407
S5-E1,1,147,11.7036,0.3621,25.7827,34.022,0.9403
S5-E1,1,148,11.6233,0.4249,27.7924,34.236,0.9426
S5-E1,1,149,11.3261,0.2502,27.9295,34.039,0.9439
S5-E1,1,150,11.1523,0.0173,25.6855,34.169,0.9444
S5-E1,1,151,10.5964,0.1287,27.2867,34.113,0.9425
S5-E1,1,152,11.2729,0.1467,27.4355,33.993,0.9402
S5-E1,1,153,11.9193,0.6619,26.7396,34.050,0.9401
S5-E1,1,154,10.2957,0.1640,26.1194,33.798,0.9395
S5-E1,1,155,10.8200,0.1367,27.9712,33.985,0.9400
S5-E1,1,156,11.3326,0.2506,26.8608,34.076,0.9425
S5-E1,1,157,11.6234,0.2633,26.5709,34.004,0.9427
S5-E1,1,158,10.5353,0.4549,25.4002,33.982,0.9414
S5-E1,1,159,10.9311,0.1447,27.9043,33.900,0.9429
S5-E1,1,160,11.6451,0.1025,28.1232,33.991,0.9448
S5-E1,1,161,11.0453,0.3707,26.5587,33.888,0.9453
S5-E1,1,162,11.9673,0.1562,27.4908,34.016,0.9447
S5-E1,1,163,11.4548,0.4233,28.2268,34.375,0.9459
S5-E1,1,164,11.4460,0.2214,27.2585,34.035,0.9468
S5-E1,1,165,12.0415,0.0517,27.4020,33.787,0.9438
S5-E1,1,166,10.6802,0.3190,26.6921,33.772,0.9405
S5-E1,1,167,11.0894,0.0456,26.3822,34.138,0.9400
S5-E1,1,168,11.0231,0.2155,28.1445,34.129,0.9403
S5-E1,1,169,10.8159,0.0959,26.8995,33.851,0.9398
S5-E1,1,170,11.5669,0.4501,26.1285,33.928,0.9399
S5-E1,1,171,10.5460,0.0450,28.2618,33.874,0.9395
S5-E1,1,172,11.3812,0.1848,27.1814,34.054,0.9399
S5-E1,1,173,11.1559,0.0948,27.9421,33.546,0.9428
S5-E1,1,174,10.8379,0.2348,27.8490,33.598,0.9450
S5-E1,1,175,12.0734,0.0120,27.1544,34.066,0.9438
S5-E1,1,176,11.3020,0.0420,28.3036,34.143,0.9411
S5-E1,1,177,11.4397,0.3319,27.5681,34.275,0.9404
S5-E1,1,178,10.9615,0.2091,26.8677,34.241,0.9421
S5-E1,1,179,11.9246,0.2283,28.1352,34.204,0.9441
S5-E1,1,180,11.9680,0.4340,26.8230,34.048,0.9438
S5-E1,1,181,11.1947,0.0158,25.8655,33.914,0.9427
S5-E1,1,182,11.6844,0.6526,27.0581,34.054,0.9429
S5-E1,1,183,11.3995,0.0000,26.6773,33.905,0.9436
S5-E1,1,184,11.7719,0.1687,26.1705,33.852,0.9431
S5-E1,1,185,10.9219,0.1443,27.4385,33.738,0.9416
S5-E1,1,186,12.0119,0.2985,26.5460,34.324,0.9405
S5-E1,1,187,11.7154,0.3234,26.2121,33.940,0.9410
S5-E1,1,188,11.4792,0.2742,27.9745,33.958,0.9427
S5-E1,1,189,10.9502,0.4739,27.4133,33.880,0.9420
S5-E1,1,190,10.6410,0.0000,26.4613,33.991,0.9405
S5-E1,1,191,11.3575,0.0000,26.5504,34.066,0.9398
S5-E1,1,192,11.2272,0.3507,28.7160,34.222,0.9386
S5-E1,1,193,10.9745,0.1921,27.2985,33.992,0.9384
S5-E1,1,194,10.9460,0.2183,27.2288,34.066,0.9380
S5-E1,1,195,11.3475,0.1739,26.1915,33.845,0.9378
S5-E1,1,196,11.0689,0.5309,26.3787,34.168,0.9409
S5-E1,1,197,10.2255,0.5105,25.2098,34.114,0.9431
S5-E1,1,198,10.5258,0.4743,26.9670,33.798,0.9428
S5-E1,1,199,11.0521,0.2644,24.8487,34.073,0.9411
S5-E1,1,200,11.6039,0.3319,25.6253,34.005,0.9394
S5-E1,1,201,11.3323,0.3032,26.7201,34.008,0.9419
S5-E1,1,202,11.2512,0.2045,27.2364,34.066,0.9455
S5-E1,1,203,10.7965,0.3033,26.5365,33.723,0.9448
S5-E1,1,204,11.5855,0.0000,26.9329,33.801,0.9427
S5-E1,1,205,10.8139,0.1911,27.5685,34.096,0.9416
S5-E1,1,206,11.4895,0.5590,25.8190,33.954,0.9412
S5-E1,1,207,11.3992,0.2803,26.8971,34.101,0.9418
S5-E1,1,208,10.7730,0.0000,27.1903,34.194,0.9445
S5-E1,1,209,11.1585,0.2611,28.2536,34.177,0.9438
S5-E1,1,210,11.2317,0.2217,27.2726,33.958,0.9403
S5-E1,1,211,11.1189,0.1220,27.5221,34.270,0.9400
S5-E1,1,212,11.8350,0.3839,27.0835,33.969,0.9419
S5-E1,1,213,11.9943,0.0701,26.6892,34.110,0.9449
S5-E1,1,214,11.8533,0.1452,27.5490,34.070,0.9470
S5-E1,1,215,11.5078,0.0000,26.2949,33.732,0.9464
S5-E1,1,216,11.3854,0.1017,27.1385,34.034,0.9426
S5-E1,1,217,12.2871,0.2231,27.4991,34.098,0.9399
S5-E1,1,218,11.9140,0.2754,26.3723,33.805,0.9432
S5-E1,1,219,12.5519,0.0390,26.4996,33.892,0.9472
S5-E1,1,220,11.9912,0.1626,25.9057,33.831,0.9475
S5-E1,1,221,11.6639,0.0194,26.9393,34.049,0.9452
S5-E1,1,222,11.5238,0.1632,26.1011,34.100,0.9425
S5-E1,1,223,11.8265,0.2921,27.4853,34.090,0.9416
S5-E1,1,224,11.5390,0.3599,25.6692,34.168,0.9426
S5-E1,1,225,11.3412,0.0331,27.6122,33.984,0.9436
S5-E1,1,226,11.1840,0.0000,27.3552,33.940,0.9434
S5-E1,1,227,11.5820,0.0000,28.4390,33.925,0.9433
S5-E1,1,228,11.1328,0.1698,28.7356,33.917,0.9425
S5-E1,1,229,11.0335,0.3927,26.6477,33.777,0.9399
S5-E1,1,230,11.4804,0.3588,27.8262,34.019,0.9379
S5-E1,1,231,12.2778,0.4902,27.0913,33.885,0.9407
S5-E1,1,232,12.6678,0.3050,28.3621,34.094,0.9470
S5-E1,1,233,11.2618,0.1514,27.6454,33.767,0.9493
S5-E1,1,234,11.3266,0.1130,27.2892,33.934,0.9466
S5-E1,1,235,12.0133,0.1855,25.6635,33.906,0.9429
S5-E1,1,236,12.2049,0.3449,27.0669,33.893,0.9409
S5-E1,1,237,12.2588,0.3675,26.5959,33.805,0.9418
S5-E1,1,238,11.2218,0.4188,25.8328,33.715,0.9439
S5-E1,1,239,12.0334,0.1649,28.3584,34.200,0.9423
S5-E1,1,240,11.3341,0.2372,26.2964,34.016,0.9399
S5-E1,1,241,11.3621,0.2717,26.8009,34.044,0.9413
S5-E1,1,242,10.8152,0.2085,26.7867,33.733,0.9410
S5-E1,1,243,10.7056,0.0000,27.3663,33.790,0.9387
S5-E1,1,244,10.7012,0.3274,26.4331,34.363,0.9388
S5-E1,1,245,11.1795,0.0374,26.2833,33.959,0.9416
S5-E1,1,246,10.5647,0.1839,26.9909,34.031,0.9430
S5-E1,1,247,12.2106,0.5184,27.8575,33.989,0.9423
S5-E1,1,248,11.2924,0.0359,26.2421,34.225,0.9425
S5-E1,1,249,10.9444,0.3843,28.2538,33.972,0.9416
S5-E1,1,250,10.9070,0.3402,26.4378,33.978,0.9390
S5-E1,1,251,10.6915,0.3816,26.8092,34.274,0.9392
S5-E1,1,252,11.5956,0.3182,27.7079,34.090,0.9414
S5-E1,1,253,11.0298,0.2855,26.4468,33.915,0.9446
S5-E1,1,254,12.0795,0.1434,27.3309,34.085,0.9461
S5-E1,1,255,11.6851,0.3755,27.4320,34.249,0.9447
S5-E1,1,256,11.4910,0.1702,26.8565,33.772,0.9432
S5-E1,1,257,11.3501,0.1394,28.1247,34.092,0.9423
S5-E1,1,258,11.2048,0.0836,29.4169,33.837,0.9413
S5-E1,1,259,10.5349,0.3272,26.9617,33.921,0.9405
S5-E1,1,260,11.7843,0.5031,27.0099,33.896,0.9400
S5-E1,1,261,11.8252,0.1083,27.5755,34.129,0.9388
S5-E1,1,262,10.2988,0.1231,28.1447,34.068,0.9405
S5-E1,1,263,11.7154,0.1725,27.6409,33.961,0.9436
S5-E1,1,264,10.8680,0.3718,26.8595,33.872,0.9445
S5-E1,1,265,11.3128,0.2226,27.2875,34.073,0.9449
S5-E1,1,266,11.9844,0.3792,26.8150,34.213,0.9462
S5-E1,1,267,11.6720,0.6870,25.6522,33.901,0.9459
S5-E1,1,268,12.4390,0.3590,27.2488,34.196,0.9436
S5-E1,1,269,12.1271,0.2473,25.5674,33.893,0.9428
S5-E1,1,270,11.7175,0.0000,27.7163,34.164,0.9438
S5-E1,1,271,11.6700,0.1856,26.5855,34.026,0.9451
S5-E1,1,272,12.2865,0.1441,27.7138,33.942,0.9452
S5-E1,1,273,11.8247,0.1299,26.6242,34.006,0.9439
S5-E1,1,274,12.4434,0.4209,25.3143,33.343,0.9267
S5-E1,1,275,11.0548,0.5278,27.3257,33.413,0.8440
S5-E1,1,276,11.4868,0.2411,27.2248,33.776,0.7771
S5-E1,1,277,11.0919,0.4242,26.2005,34.151,0.7753
S5-E1,1,278,10.8344,0.0000,24.9726,33.918,0.8090
S5-E1,1,279,10.1985,0.0000,25.2191,34.069,0.8341
S5-E1,1,280,11.0676,0.0000,24.9828,33.840,0.8340
S5-E1,1,281,11.4328,0.4975,24.3300,33.910,0.8222
S5-E1,1,282,10.5925,0.0000,25.8708,33.778,0.8159
S5-E1,1,283,10.4640,0.0000,23.7636,33.858,0.8179
S5-E1,1,284,10.1118,0.0352,24.1493,33.989,0.8217
S5-E1,1,285,10.7129,0.3084,23.9595,33.971,0.8227
S5-E1,1,286,10.5519,0.3284,24.6581,34.221,0.8229
S5-E1,1,287,10.7383,0.2981,24.6793,33.904,0.8250
S5-E1,1,288,10.0177,0.2211,25.4604,33.897,0.8266
S5-E1,1,289,10.4799,0.0962,25.5656,33.950,0.8240
S5-E1,1,290,9.5342,0.2837,26.1635,33.722,0.8205
S5-E1,1,291,9.9234,0.2855,24.0488,33.896,0.8224
S5-E1,1,292,9.6362,0.1900,22.9281,34.265,0.8407
S5-E1,1,293,10.1692,0.2066,25.0034,34.110,0.8576
S5-E1,1,294,9.5751,0.0357,24.6943,34.030,0.8598
S5-E1,1,295,9.9757,0.0766,25.8276,33.722,0.8531
S5-E1,1,296,10.8941,0.0000,24.4091,33.955,0.8479
S5-E1,1,297,9.9632,0.1795,25.4207,33.997,0.8474
S5-E1,1,298,9.8902,0.0089,25.2838,34.136,0.8501
S5-E1,1,299,10.2364,0.0723,24.3974,33.972,0.8510
S5-E1,1,300,10.4670,0.2204,25.0692,33.813,0.8504
S5-E1,1,301,9.8319,0.0958,24.9667,34.065,0.8501
S5-E1,1,302,9.6202,0.3583,24.8239,34.190,0.8478
S5-E1,1,303,10.0715,0.4283,26.1696,33.823,0.8466
S5-E1,1,304,10.4173,0.2329,23.4723,33.738,0.8484
S5-E1,1,305,10.7485,0.1527,25.5275,34.096,0.8493
S5-E1,1,306,9.5940,0.0000,25.4642,34.016,0.8484
S5-E1,1,307,10.4946,0.3034,25.1331,34.075,0.8478
S5-E1,1,308,10.4695,0.1394,24.4056,34.026,0.8471
S5-E1,1,309,10.8468,0.3963,25.3609,34.298,0.8463
S5-E1,1,310,10.3440,0.0000,25.0397,34.178,0.8476
S5-E1,1,311,9.7441,0.1323,24.6773,34.185,0.8497
S5-E1,1,312,10.6382,0.5947,24.6179,34.109,0.8503
S5-E1,1,313,9.7102,0.0000,25.3342,33.930,0.8498
S5-E1,1,314,10.3679,0.2493,24.4547,33.926,0.8486
S5-E1,1,315,10.2089,0.2316,24.2588,33.975,0.8474
S5-E1,1,316,9.3531,0.0321,25.0118,34.150,0.8469
S5-E1,1,317,10.6231,0.1820,25.4910,33.997,0.8476
S5-E1,1,318,10.2473,0.1223,23.3340,34.059,0.8464
S5-E1,1,319,10.3548,0.2432,25.8554,34.079,0.8455
S5-E1,1,320,9.1810,0.0000,25.1650,34.069,0.8474
S5-E1,1,321,10.2731,0.2616,24.3869,33.836,0.8485
S5-E1,1,322,10.1345,0.1600,24.8276,33.954,0.8450
S5-E1,1,323,9.3666,0.4686,23.6774,33.884,0.8381
S5-E1,1,324,9.2352,0.2866,24.3095,33.876,0.8353
S5-E1,1,325,9.6599,0.2219,24.7108,33.818,0.8371
S5-E1,1,326,9.5150,0.0280,25.4081,34.193,0.8398
S5-E1,1,327,10.5122,0.1811,25.3988,34.289,0.8408
S5-E1,1,328,9.8342,0.2954,23.1606,33.970,0.8411
S5-E1,1,329,9.6314,0.1644,24.8234,34.038,0.8411
S5-E1,1,330,10.1613,0.2086,24.0047,34.139,0.8395
S5-E1,1,331,9.8030,0.2083,24.6549,33.744,0.8378
S5-E1,1,332,9.9256,0.2867,25.0114,33.934,0.8386
S5-E1,1,333,9.6573,0.2746,23.8176,34.121,0.8408
S5-E1,1,334,9.7702,0.0809,25.0916,33.906,0.8415
S5-E1,1,335,10.4250,0.2660,23.6271,34.104,0.8414
S5-E1,1,336,9.8954,0.0131,23.8417,33.961,0.8418
S5-E1,1,337,10.0333,0.3571,24.8886,34.145,0.8413
S5-E1,1,338,10.8230,0.2099,25.2890,33.617,0.8412
S5-E1,1,339,10.6238,0.0000,23.4940,33.777,0.8417
S5-E1,1,340,11.1226,0.2281,25.0122,34.057,0.8417
S5-E1,1,341,10.5311,0.1783,24.2727,34.106,0.8409
S5-E1,1,342,11.1073,0.4415,24.5732,33.926,0.8408
S5-E1,1,343,10.6198,0.0693,24.4505,34.338,0.8418
S5-E1,1,344,10.3907,0.3266,25.5058,34.003,0.8420
S5-E1,1,345,10.3326,0.3960,24.6665,33.935,0.8411
S5-E1,1,346,10.4005,0.0921,24.0535,34.077,0.8414
S5-E1,1,347,10.0122,0.2495,23.5916,33.891,0.8420
S5-E1,1,348,9.8960,0.1497,24.5997,33.806,0.8401
S5-E1,1,349,10.0216,0.0000,25.5966,34.239,0.8386
S5-E1,1,350,10.5708,0.1096,24.9346,34.072,0.8393
S5-E1,1,351,10.4716,0.3509,24.2318,33.852,0.8412
S5-E1,1,352,10.8405,0.0000,24.4660,34.198,0.8421
S5-E1,1,353,9.1642,0.1082,24.2787,33.952,0.8412
S5-E1,1,354,9.9114,0.1353,24.6820,33.964,0.8385
S5-E1,1,355,9.5490,0.1871,23.5875,33.975,0.8373
S5-E1,1,356,9.4161,0.3726,25.9451,34.211,0.8396
S5-E1,1,357,10.7177,0.3012,25.2740,33.815,0.8411
S5-E1,1,358,9.7033,0.0799,24.2182,33.955,0.8404
S5-E1,1,359,9.6412,0.2201,25.6092,34.023,0.8388
S5-E1,1,360,10.4318,0.1966,23.3196,34.078,0.8384
S5-E1,1,361,9.7586,0.0306,24.2016,34.186,0.8396
S5-E1,1,362,9.8070,0.2993,23.5571,34.139,0.8405
S5-E1,1,363,9.9059,0.1894,24.0014,33.822,0.8411
S5-E1,1,364,10.2272,0.2019,22.8078,34.146,0.8401
S5-E1,1,365,9.7919,0.4376,24.0866,33.845,0.8388
S5-E1,1,366,10.3401,0.1715,24.6798,34.293,0.8402
S5-E1,1,367,10.4788,0.2960,25.4276,34.037,0.8424
S5-E1,1,368,9.6159,0.1556,25.0425,34.040,0.8434
S5-E1,1,369,10.4030,0.1300,23.7435,34.075,0.8432
S5-E1,1,370,9.8548,0.2528,23.9173,34.022,0.8412
S5-E1,1,371,10.0199,0.1730,23.8360,33.946,0.8397
S5-E1,1,372,9.9965,0.2385,25.3148,33.983,0.8395
S5-E1,1,373,10.1918,0.3986,24.9672,34.225,0.8385
S5-E1,1,374,9.4795,0.2445,24.7871,33.921,0.8377
S5-E1,1,375,9.7910,0.2072,23.9462,33.902,0.8397
S5-E1,1,376,10.2915,0.0000,24.4936,33.824,0.8419
S5-E1,1,377,10.9291,0.3670,23.9850,33.914,0.8418
S5-E1,1,378,10.7616,0.3264,25.0132,33.889,0.8407
S5-E1,1,379,9.3480,0.2994,25.3709,33.921,0.8419
S5-E1,1,380,10.5860,0.2599,24.5504,34.088,0.8443
S5-E1,1,381,11.1580,0.0000,24.9189,34.369,0.8432
S5-E1,1,382,10.8573,0.1046,24.2911,34.250,0.8406
S5-E1,1,383,10.3828,0.1345,24.5050,34.247,0.8402
S5-E1,1,384,10.2698,0.2961,24.7108,34.030,0.8416
S5-E1,1,385,10.3576,0.1307,26.4971,34.050,0.8430
S5-E1,1,386,10.0795,0.3271,24.3209,34.012,0.8436
S5-E1,1,387,10.9868,0.2162,24.9503,33.977,0.8435
S5-E1,1,388,10.4222,0.1672,25.9434,33.883,0.8431
S5-E1,1,389,10.2025,0.4614,23.8760,33.894,0.8421
S5-E1,1,390,10.9495,0.0000,23.7592,33.930,0.8411
S5-E1,1,391,9.8669,0.4297,24.5863,33.932,0.8407
S5-E1,1,392,10.7134,0.2749,24.9459,33.908,0.8405
S5-E1,1,393,10.3019,0.0220,24.8785,33.732,0.8402
S5-E1,1,394,10.3765,0.0741,23.2638,34.029,0.8404
S5-E1,1,395,9.4103,0.2747,24.2893,33.927,0.8407
S5-E1,1,396,9.9338,0.1529,25.2546,33.971,0.8401
S5-E1,1,397,10.7993,0.1721,24.2212,33.923,0.8393
S5-E1,1,398,10.1962,0.4116,24.2843,34.149,0.8397
S5-E1,1,399,9.7183,0.3956,24.7449,34.045,0.8406
S5-E1,2,0,7.7813,0.0000,18.9175,34.144,0.6161
S5-E1,2,1,7.5484,0.3249,18.5006,34.161,0.6155
S5-E1,2,2,8.2198,0.1293,18.7103,34.559,0.6161
S5-E1,2,3,8.0281,0.0379,19.0608,34.049,0.6166
S5-E1,2,4,7.9565,0.0357,18.1983,33.638,0.6167
S5-E1,2,5,8.1379,0.2430,19.2649,34.054,0.6175
S5-E1,2,6,8.2975,0.0000,19.3861,33.914,0.6172
S5-E1,2,7,7.5478,0.1882,18.7627,34.026,0.6162
S5-E1,2,8,7.9729,0.0000,18.9341,34.051,0.6159
S5-E1,2,9,7.5440,0.0991,18.8528,34.085,0.6155
S5-E1,2,10,8.0304,0.1533,19.1103,34.095,0.6152
S5-E1,2,11,8.0633,0.3210,18.4149,34.055,0.6156
S5-E1,2,12,8.0987,0.0000,18.8995,34.067,0.6171
S5-E1,2,13,8.0479,0.2647,18.8371,33.873,0.6176
S5-E1,2,14,7.3465,0.0000,18.5596,34.131,0.6169
S5-E1,2,15,7.3827,0.3734,18.1018,33.880,0.6159
S5-E1,2,16,7.9842,0.1051,18.9519,33.876,0.6156
S5-E1,2,17,7.7306,0.0000,18.0693,34.184,0.6161
S5-E1,2,18,7.3013,0.1422,19.2552,34.014,0.6166
S5-E1,2,19,7.8210,0.2272,17.5666,34.204,0.6165
S5-E1,2,20,7.6120,0.0000,18.7361,34.033,0.6168
S5-E1,2,21,8.0962,0.2039,18.3286,33.923,0.6175
S5-E1,2,22,7.6312,0.1389,18.3073,34.089,0.6179
S5-E1,2,23,8.2164,0.0813,17.5753,34.023,0.6176
S5-E1,2,24,8.0915,0.0010,18.9763,33.846,0.6073
S5-E1,2,25,7.9527,0.0000,18.6654,33.763,0.5597
S5-E1,2,26,7.2104,0.1479,18.1152,33.905,0.5241
S5-E1,2,27,7.7760,0.1033,17.8025,34.032,0.5247
S5-E1,2,28,7.2030,0.3296,18.1939,34.125,0.5419
S5-E1,2,29,7.9335,0.1307,17.8780,34.021,0.5529
S5-E1,2,30,7.5354,0.3847,17.6421,33.989,0.5531
S5-E1,2,31,7.5809,0.1147,17.9167,33.913,0.5494
S5-E1,2,32,7.4305,0.0370,17.6642,33.578,0.5470
S5-E1,2,33,7.5359,0.0000,18.1411,34.072,0.5474
S5-E1,2,34,7.5043,0.0297,17.0731,33.971,0.5486
S5-E1,2,35,7.3650,0.0534,18.0471,34.154,0.5493
S5-E1,2,36,7.3600,0.2570,17.9266,34.095,0.5498
S5-E1,2,37,7.6271,0.0000,18.3623,34.193,0.5500
S5-E1,2,38,7.4812,0.1388,18.7677,33.813,0.5501
S5-E1,2,39,7.4301,0.1995,17.9089,33.624,0.5504
S5-E1,2,40,7.0399,0.0000,17.1115,33.824,0.5503
S5-E1,2,41,7.6695,0.2229,16.2184,33.942,0.5497
S5-E1,2,42,7.1928,0.0000,18.0891,33.995,0.5498
S5-E1,2,43,7.3338,0.1629,17.5900,34.058,0.5500
S5-E1,2,44,7.6272,0.0191,17.0002,33.910,0.5493
S5-E1,2,45,6.9406,0.2168,17.1399,33.913,0.5488
S5-E1,2,46,6.9739,0.0750,16.9536,33.923,0.5487
S5-E1,2,47,7.2389,0.1378,17.9128,34.239,0.5479
S5-E1,2,48,6.9072,0.2240,17.5563,34.221,0.5485
S5-E1,2,49,7.5391,0.0661,17.0598,33.873,0.5495
S5-E1,2,50,7.4034,0.0000,16.4841,34.112,0.5485
S5-E1,2,51,6.5971,0.1831,16.4759,33.873,0.5478
S5-E1,2,52,7.3009,0.3090,17.4139,34.116,0.5475
S5-E1,2,53,6.9132,0.1482,16.4245,34.102,0.5469
S5-E1,2,54,6.9781,0.2959,16.8054,33.905,0.5477
S5-E1,2,55,7.1547,0.2243,16.6683,34.098,0.5491
S5-E1,2,56,7.0261,0.2533,16.3598,33.937,0.5490
S5-E1,2,57,6.3994,0.0998,16.6965,33.878,0.5482
S5-E1,2,58,6.8194,0.3557,17.0393,34.305,0.5481
S5-E1,2,59,6.4686,0.0000,17.4230,33.915,0.5489
S5-E1,2,60,7.2404,0.1212,17.2840,34.281,0.5497
S5-E1,2,61,6.7759,0.1586,16.8602,33.834,0.5496
S5-E1,2,62,7.7313,0.0285,16.6719,34.089,0.5494
S5-E1,2,63,6.5253,0.0173,17.3307,34.134,0.5490
S5-E1,2,64,6.6878,0.2239,17.7387,33.871,0.5485
S5-E1,2,65,7.1954,0.0000,15.8359,33.803,0.5484
S5-E1,2,66,7.0942,0.1086,17.3633,34.070,0.5485
S5-E1,2,67,7.0743,0.0524,18.5996,33.848,0.5491
S5-E1,2,68,7.1512,0.1600,17.5334,34.144,0.5498
S5-E1,2,69,7.1458,0.1835,17.7675,33.765,0.5495
S5-E1,2,70,7.2715,0.0281,17.1753,34.089,0.5487
S5-E1,2,71,6.7753,0.0790,17.3075,33.894,0.5483
S5-E1,2,72,7.5429,0.4295,17.6458,34.033,0.5486
S5-E1,2,73,6.8102,0.2638,17.8640,34.024,0.5485
S5-E1,2,74,7.1530,0.0000,16.7220,34.074,0.5483
S5-E1,2,75,6.9902,0.0000,17.1786,33.865,0.5490
S5-E1,2,76,6.8888,0.2968,17.6648,34.084,0.5492
S5-E1,2,77,6.9882,0.0529,16.2541,33.722,0.5487
S5-E1,2,78,6.8186,0.1496,18.0399,33.852,0.5489
S5-E1,2,79,7.8717,0.1091,16.5043,33.816,0.5487
S5-E1,2,80,7.1848,0.0572,16.3518,33.862,0.5487
S5-E1,2,81,7.3912,0.1726,16.9501,34.061,0.5495
S5-E1,2,82,6.8349,0.0920,17.2334,33.746,0.5496
S5-E1,2,83,7.0452,0.0000,17.0071,34.041,0.5497
S5-E1,2,84,6.9427,0.1482,17.9960,34.137,0.5499
S5-E1,2,85,6.7294,0.0000,17.1940,34.237,0.5494
S5-E1,2,86,6.9488,0.3787,16.9951,33.731,0.5489
S5-E1,2,87,6.8426,0.2392,17.2080,34.166,0.5482
S5-E1,2,88,7.4268,0.0000,17.0742,34.053,0.5471
S5-E1,2,89,6.7583,0.1195,15.8905,33.772,0.5471
S5-E1,2,90,7.2535,0.1182,16.5156,34.116,0.5478
S5-E1,2,91,6.6015,0.1062,16.9848,34.011,0.5483
S5-E1,2,92,6.9465,0.3401,17.1414,33.908,0.5489
S5-E1,2,93,7.3193,0.1099,17.1301,33.634,0.5487
S5-E1,2,94,6.8210,0.0000,17.4929,34.032,0.5485
S5-E1,2,95,6.9600,0.1993,17.9807,34.237,0.5490
S5-E1,2,96,6.9908,0.0000,15.9045,34.007,0.5496
S5-E1,2,97,7.1172,0.1267,17.7037,34.067,0.5493
S5-E1,2,98,6.7067,0.0454,16.4720,33.884,0.5491
S5-E1,2,99,7.0534,0.0000,17.3465,34.156,0.5490
S5-E1,2,100,6.9881,0.0283,17.5065,34.648,0.5750
S5-E1,2,101,7.1086,0.0739,17.6279,34.787,0.7123
S5-E1,2,102,7.8989,0.2187,18.6675,34.551,0.8238
S5-E1,2,103,7.8490,0.3162,18.5568,33.905,0.8284
S5-E1,2,104,8.7271,0.3587,18.6033,34.339,0.7754
S5-E1,2,105,8.1713,0.2456,18.4542,34.032,0.7366
S5-E1,2,106,7.8708,0.0492,19.0423,34.213,0.7348
S5-E1,2,107,7.9473,0.2456,19.7334,34.348,0.7511
S5-E1,2,108,8.3476,0.4360,19.0449,33.854,0.7612
S5-E1,2,109,8.2992,0.1236,19.4631,34.081,0.7592
S5-E1,2,110,8.6925,0.3398,20.8409,34.162,0.7523
S5-E1,2,111,8.7843,0.1007,20.5900,34.198,0.7487
S5-E1,2,112,9.2271,0.2620,20.7459,33.859,0.7492
S5-E1,2,113,8.3333,0.0684,20.8506,33.983,0.7495
S5-E1,2,114,8.5159,0.1115,20.4025,34.045,0.7502
S5-E1,2,115,8.9557,0.4356,21.0606,33.609,0.7513
S5-E1,2,116,9.1632,0.2539,21.8013,33.989,0.7512
S5-E1,2,117,9.5205,0.0000,20.2709,33.894,0.7501
S5-E1,2,118,9.5794,0.1383,22.6443,34.019,0.7493
S5-E1,2,119,9.3503,0.4021,22.3503,34.034,0.7495
S5-E1,2,120,9.3482,0.2684,21.7863,33.940,0.7495
S5-E1,2,121,9.4238,0.0906,21.0418,34.018,0.7493
S5-E1,2,122,9.7504,0.0372,20.7135,33.952,0.7496
S5-E1,2,123,9.3396,0.1183,20.4016,33.811,0.7494
S5-E1,2,124,8.7657,0.0371,22.9678,33.996,0.7571
S5-E1,2,125,9.2178,0.0057,21.5922,34.164,0.7951
S5-E1,2,126,8.5994,0.3429,21.1762,34.104,0.8246
S5-E1,2,127,9.7281,0.0775,21.5337,34.154,0.8241
S5-E1,2,128,8.7622,0.2345,21.7639,33.921,0.8094
S5-E1,2,129,9.2333,0.0420,21.3782,33.920,0.7998
S5-E1,2,130,9.5340,0.3373,22.7421,33.801,0.7997
S5-E1,2,131,9.6274,0.1540,23.1720,34.053,0.8031
S5-E1,2,132,9.2802,0.0314,23.3530,34.062,0.8044
S5-E1,2,133,9.4321,0.2575,22.7300,34.057,0.8041
S5-E1,2,134,9.5051,0.4038,22.9792,34.063,0.8025
S5-E1,2,135,8.9937,0.0837,22.3466,34.052,0.8023
S5-E1,2,136,10.0136,0.0484,24.4041,34.096,0.8043
S5-E1,2,137,9.4213,0.1034,22.7346,33.769,0.8049
S5-E1,2,138,10.3772,0.2942,24.0084,34.066,0.8048
S5-E1,2,139,9.6746,0.1519,22.7221,33.728,0.8046
S5-E1,2,140,9.8651,0.3097,24.1083,33.884,0.8044
S5-E1,2,141,10.1174,0.0000,23.1896,34.102,0.8046
S5-E1,2,142,9.3056,0.2137,22.8129,34.069,0.8048
S5-E1,2,143,10.0252,0.3544,23.1748,33.766,0.8049
S5-E1,2,144,10.4177,0.2528,23.5513,34.370,0.8044
S5-E1,2,145,10.6662,0.0362,22.4244,34.208,0.8045
S5-E1,2,146,10.0853,0.1632,23.4691,33.744,0.8055
S5-E1,2,147,9.9337,0.3157,22.8094,34.232,0.8056
S5-E1,2,148,9.3195,0.3424,24.2199,34.158,0.8037
S5-E1,2,149,9.3232,0.2363,23.5980,33.963,0.8017
S5-E1,2,150,9.9026,0.0911,23.6755,33.935,0.8023
S5-E1,2,151,10.3782,0.3438,23.9010,33.906,0.8042
S5-E1,2,152,9.7343,0.0414,22.8036,33.859,0.8054
S5-E1,2,153,9.7983,0.1093,24.5742,33.999,0.8059
S5-E1,2,154,10.0493,0.3302,23.9462,34.062,0.8053
S5-E1,2,155,9.9724,0.0000,24.1709,34.240,0.8047
S5-E1,2,156,10.1083,0.4360,23.5831,34.079,0.8035
S5-E1,2,157,9.9414,0.2930,23.6196,33.988,0.8019
S5-E1,2,158,10.3437,0.0154,24.8897,33.740,0.8024
S5-E1,2,159,9.8979,0.1242,23.5937,34.053,0.8036
S5-E1,2,160,9.8979,0.0000,22.9420,33.946,0.8039
S5-E1,2,161,9.4020,0.2771,23.1966,33.950,0.8036
S5-E1,2,162,9.1085,0.2208,22.5033,33.918,0.8026
S5-E1,2,163,9.5157,0.0638,23.9434,34.212,0.8021
S5-E1,2,164,10.0759,0.1371,21.9029,34.016,0.8034
S5-E1,2,165,9.8846,0.1926,23.2842,34.008,0.8054
S5-E1,2,166,9.6546,0.0345,23.4960,33.997,0.8050
S5-E1,2,167,9.6824,0.2520,22.9965,33.986,0.8031
S5-E1,2,168,9.9817,0.0000,24.8897,34.181,0.8039
S5-E1,2,169,10.1883,0.3254,23.6895,34.019,0.8055
S5-E1,2,170,9.8033,0.0540,23.8677,33.681,0.8043
S5-E1,2,171,10.4788,0.1472,23.0888,33.854,0.8037
S5-E1,2,172,10.0794,0.0611,23.6994,34.096,0.8059
S5-E1,2,173,10.2970,0.2390,23.4261,34.060,0.8072
S5-E1,2,174,9.8581,0.1030,24.4646,34.141,0.8055
S5-E1,2,175,10.7996,0.3061,23.7284,34.008,0.8025
S5-E1,2,176,10.1888,0.2511,22.8459,33.877,0.8014
S5-E1,2,177,10.8802,0.1762,23.3388,33.943,0.8034
S5-E1,2,178,10.8383,0.3833,23.6764,33.986,0.8061
S5-E1,2,179,10.1231,0.2597,23.6558,33.976,0.8063
S5-E1,2,180,10.1853,0.1203,25.2230,33.836,0.8041
S5-E1,2,181,9.6814,0.1031,23.0776,33.874,0.8032
S5-E1,2,182,11.2834,0.0343,23.8434,33.865,0.8039
S5-E1,2,183,9.8692,0.0000,23.8105,33.889,0.8043
S5-E1,2,184,9.6682,0.0310,23.0137,34.054,0.8048
S5-E1,2,185,10.2805,0.3161,22.7963,34.165,0.8052
S5-E1,2,186,9.9870,0.2602,23.1600,33.910,0.8046
S5-E1,2,187,9.3505,0.4740,25.0254,34.052,0.8026
S5-E1,2,188,9.2627,0.0511,22.2751,34.000,0.8009
S5-E1,2,189,9.4985,0.0277,21.9996,33.756,0.7998
S5-E1,2,190,9.1136,0.1792,24.0298,33.955,0.8004
S5-E1,2,191,9.6438,0.0731,23.2640,34.024,0.8019
S5-E1,2,192,9.7810,0.1118,23.1921,33.981,0.8027
S5-E1,2,193,9.3480,0.1445,22.8302,33.994,0.8030
S5-E1,2,194,9.4540,0.2679,22.9211,34.114,0.8025
S5-E1,2,195,9.1177,0.3083,23.3988,34.079,0.8029
S5-E1,2,196,9.8158,0.1578,24.0927,33.996,0.8030
S5-E1,2,197,9.3537,0.0000,25.7534,33.856,0.8016
S5-E1,2,198,10.0631,0.2121,22.6273,33.717,0.8017
S5-E1,2,199,8.7866,0.1680,23.7846,33.994,0.8024
S5-E1,2,200,9.2065,0.2092,23.5263,34.206,0.8062
S5-E1,2,201,9.4707,0.2765,23.0382,33.745,0.8299
S5-E1,2,202,8.9440,0.1749,23.9326,34.156,0.8507
S5-E1,2,203,10.5629,0.1879,22.8562,33.810,0.8534
S5-E1,2,204,9.8623,0.0000,23.5911,34.064,0.8449
S5-E1,2,205,9.4067,0.4172,24.3127,34.248,0.8373
S5-E1,2,206,9.1873,0.1180,23.2672,33.940,0.8351
S5-E1,2,207,10.2917,0.4107,24.1084,34.400,0.8369
S5-E1,2,208,9.9428,0.3871,24.3012,34.082,0.8388
S5-E1,2,209,10.0883,0.0000,24.1565,33.932,0.8375
S5-E1,2,210,9.7682,0.4523,23.3415,33.801,0.8367
S5-E1,2,211,9.5572,0.2254,22.2838,33.949,0.8377
S5-E1,2,212,9.9096,0.1924,24.6682,34.039,0.8386
S5-E1,2,213,9.8616,0.1970,24.2157,33.874,0.8382
S5-E1,2,214,9.4245,0.4904,23.8310,33.856,0.8370
S5-E1,2,215,10.1899,0.1912,24.3984,34.140,0.8371
S5-E1,2,216,10.5527,0.0000,23.5431,34.121,0.8385
S5-E1,2,217,9.7946,0.2364,24.1401,34.009,0.8402
S5-E1,2,218,10.9418,0.3110,25.0993,33.820,0.8392
S5-E1,2,219,9.7732,0.1036,25.3127,34.172,0.8369
S5-E1,2,220,10.1785,0.3550,24.8872,34.172,0.8375
S5-E1,2,221,10.6932,0.1394,23.7832,34.409,0.8392
S5-E1,2,222,10.0209,0.3491,25.3392,34.050,0.8393
S5-E1,2,223,10.2343,0.0417,23.7177,33.887,0.8382
S5-E1,2,224,9.5436,0.0000,24.6371,33.878,0.8375
S5-E1,2,225,9.9063,0.1522,24.1810,33.812,0.8368
S5-E1,2,226,10.4128,0.2648,23.3369,33.762,0.8353
S5-E1,2,227,10.5493,0.2095,23.4403,33.859,0.8357
S5-E1,2,228,10.4574,0.0000,24.3461,34.179,0.8383
S5-E1,2,229,10.3744,0.0075,24.2187,33.987,0.8398
S5-E1,2,230,9.6587,0.2118,24.5015,34.250,0.8395
S5-E1,2,231,10.0893,0.5618,23.5129,34.055,0.8391
S5-E1,2,232,10.2547,0.0000,24.3569,33.790,0.8381
S5-E1,2,233,9.8988,0.1855,25.2857,34.225,0.8369
S5-E1,2,234,10.0097,0.2972,23.8876,33.953,0.8366
S5-E1,2,235,10.3088,0.3549,23.7561,34.016,0.8355
S5-E1,2,236,10.6691,0.1592,24.0417,34.096,0.8359
S5-E1,2,237,10.0864,0.2897,25.1725,34.019,0.8399
S5-E1,2,238,9.5792,0.0000,24.5293,34.102,0.8429
S5-E1,2,239,9.9094,0.2053,24.7864,34.138,0.8418
S5-E1,2,240,10.4528,0.1930,23.9423,34.013,0.8388
S5-E1,2,241,10.4938,0.2546,24.5930,34.209,0.8370
S5-E1,2,242,10.7495,0.3029,24.7254,33.944,0.8366
S5-E1,2,243,11.3307,0.0000,23.8576,34.085,0.8375
S5-E1,2,244,10.8578,0.0836,24.6717,34.002,0.8398
S5-E1,2,245,10.3186,0.4057,24.7930,34.075,0.8404
S5-E1,2,246,10.0330,0.1417,24.8453,34.019,0.8394
S5-E1,2,247,10.7526,0.0679,23.2639,33.815,0.8385
S5-E1,2,248,9.8969,0.1634,23.9378,34.223,0.8384
S5-E1,2,249,10.7476,0.4225,24.1565,34.060,0.8397
S5-E1,2,250,11.0277,0.2610,24.5675,34.048,0.8404
S5-E1,2,251,10.3080,0.1003,23.5564,34.055,0.8391
S5-E1,2,252,10.4812,0.1544,24.2021,34.033,0.8386
S5-E1,2,253,10.3344,0.3623,24.5668,33.948,0.8393
S5-E1,2,254,10.6805,0.3742,25.7672,33.982,0.8402
S5-E1,2,255,9.5459,0.1358,24.2078,34.112,0.8401
S5-E1,2,256,10.6071,0.2549,25.2999,34.254,0.8383
S5-E1,2,257,10.4873,0.1237,24.3159,34.108,0.8374
S5-E1,2,258,9.8437,0.0543,24.0227,33.907,0.8375
S5-E1,2,259,10.6158,0.1635,24.7786,33.876,0.8384
S5-E1,2,260,9.5788,0.1098,23.7667,34.054,0.8388
S5-E1,2,261,9.8807,0.0303,23.4049,34.077,0.8381
S5-E1,2,262,10.2594,0.2142,24.2205,34.071,0.8385
S5-E1,2,263,9.9166,0.0565,24.9136,33.896,0.8307
S5-E1,2,264,10.8568,0.0762,24.7013,33.572,0.7918
S5-E1,2,265,10.4557,0.2994,23.2856,33.875,0.7624
S5-E1,2,266,10.0212,0.3084,24.0582,34.085,0.7631
S5-E1,2,267,9.9403,0.4167,25.0546,33.801,0.7776
S5-E1,2,268,10.9255,0.2523,25.0391,33.896,0.7877
S5-E1,2,269,9.8246,0.3959,24.9105,33.794,0.7878
S5-E1,2,270,10.2384,0.2924,22.7417,34.036,0.7838
S5-E1,2,271,9.3869,0.0750,23.2647,33.943,0.7816
S5-E1,2,272,9.7245,0.1688,24.2834,33.924,0.7824
S5-E1,2,273,9.9955,0.0781,22.6753,34.040,0.7846
S5-E1,2,274,8.9561,0.2574,22.6875,34.074,0.7847
S5-E1,2,275,9.2406,0.3579,22.4542,34.097,0.7832
S5-E1,2,276,10.3562,0.2004,23.4003,34.216,0.7833
S5-E1,2,277,10.1067,0.3697,23.7115,33.696,0.7856
S5-E1,2,278,10.0144,0.0037,23.3998,34.329,0.7875
S5-E1,2,279,10.2973,0.2739,22.2442,33.880,0.7866
S5-E1,2,280,10.0793,0.3155,23.2015,34.084,0.7848
S5-E1,2,281,8.8763,0.4561,22.2785,33.927,0.7831
S5-E1,2,282,9.5250,0.1793,23.4578,34.454,0.7824
S5-E1,2,283,9.2023,0.1366,22.4168,34.006,0.7831
S5-E1,2,284,10.1549,0.1221,23.8681,34.101,0.7842
S5-E1,2,285,9.9536,0.1247,23.1189,34.026,0.7856
S5-E1,2,286,10.3807,0.2124,24.7193,33.991,0.7862
S5-E1,2,287,9.0058,0.1988,23.3086,33.986,0.7840
S5-E1,2,288,9.1291,0.0000,23.1262,34.201,0.7827
S5-E1,2,289,9.6550,0.4193,22.9644,34.508,0.7993
S5-E1,2,290,9.5280,0.2662,22.9023,34.619,0.8839
S5-E1,2,291,10.0666,0.2567,23.9820,34.309,0.9538
S5-E1,2,292,10.1074,0.3585,25.1055,34.002,0.9565
S5-E1,2,293,9.6997,0.0009,23.4877,33.867,0.9220
S5-E1,2,294,9.8527,0.2721,24.5598,34.035,0.8959
S5-E1,2,295,10.2323,0.0724,25.5739,34.135,0.8946
S5-E1,2,296,10.0147,0.3155,23.3924,33.983,0.9053
S5-E1,2,297,10.1060,0.1503,24.1968,34.285,0.9120
S5-E1,2,298,10.1387,0.2492,24.4788,34.248,0.9108
S5-E1,2,299,9.0595,0.3205,25.0576,34.112,0.9043
S5-E1,2,300,11.3520,0.2965,23.7815,34.243,0.9014
S5-E1,2,301,10.8325,0.0767,24.8911,33.956,0.9046
S5-E1,2,302,10.5468,0.2476,25.7302,33.860,0.9063
S5-E1,2,303,10.5510,0.1893,24.8568,33.941,0.9050
S5-E1,2,304,9.9174,0.2213,25.8289,33.959,0.9032
S5-E1,2,305,10.1110,0.2857,25.8702,34.042,0.9026
S5-E1,2,306,11.2656,0.0717,26.0699,34.013,0.9024
S5-E1,2,307,11.0088,0.1922,25.0866,33.903,0.9026
S5-E1,2,308,10.6739,0.2049,26.1043,33.876,0.9057
S5-E1,2,309,10.9461,0.2050,24.9759,33.903,0.9092
S5-E1,2,310,10.5510,0.2658,26.2060,34.108,0.9066
S5-E1,2,311,10.9074,0.1073,25.8383,33.885,0.9016
S5-E1,2,312,10.8035,0.0000,25.6625,33.781,0.9021
S5-E1,2,313,11.3591,0.2297,26.1099,34.198,0.9042
S5-E1,2,314,11.1364,0.1690,25.4447,34.073,0.9046
S5-E1,2,315,10.6968,0.2974,27.1771,33.982,0.9052
S5-E1,2,316,10.4116,0.2419,24.7517,34.224,0.9053
S5-E1,2,317,10.7437,0.3126,26.4712,34.097,0.9056
S5-E1,2,318,10.4045,0.1022,25.4794,33.739,0.9057
S5-E1,2,319,10.7447,0.2249,25.1202,34.215,0.9051
S5-E1,2,320,10.9379,0.0000,25.8955,34.157,0.9057
S5-E1,2,321,11.3108,0.1723,26.2752,33.937,0.9071
S5-E1,2,322,11.7602,0.2863,26.7662,33.885,0.9079
S5-E1,2,323,11.5622,0.0203,25.2031,34.176,0.9062
S5-E1,2,324,11.3344,0.1936,24.9446,33.947,0.9030
S5-E1,2,325,9.8620,0.2101,27.3380,33.924,0.9030
S5-E1,2,326,11.7471,0.0899,26.8971,34.096,0.9036
S5-E1,2,327,11.1316,0.3771,25.4016,33.912,0.9051
S5-E1,2,328,11.3388,0.3224,25.2807,34.354,0.9068
S5-E1,2,329,10.9766,0.2865,25.7551,33.945,0.9045
S5-E1,2,330,11.3519,0.0400,25.6678,33.976,0.9031
S5-E1,2,331,11.1652,0.0578,26.3811,33.955,0.9038
S5-E1,2,332,11.5431,0.3289,27.4495,33.965,0.9039
S5-E1,2,333,10.6902,0.0000,25.3590,34.110,0.9041
S5-E1,2,334,10.5509,0.1531,26.2223,34.092,0.9052
S5-E1,2,335,10.8360,0.0000,26.1587,34.009,0.9057
S5-E1,2,336,10.0674,0.0577,25.9092,34.040,0.9060
S5-E1,2,337,10.5189,0.1659,25.8204,34.113,0.9054
S5-E1,2,338,11.5436,0.2709,26.7559,34.024,0.9034
S5-E1,2,339,10.9652,0.1606,27.0084,33.936,0.9038
S5-E1,2,340,11.2627,0.3558,25.6552,34.111,0.9060
S5-E1,2,341,10.9409,0.1060,26.0629,33.871,0.9066
S5-E1,2,342,10.9899,0.1229,26.0624,34.059,0.9049
S5-E1,2,343,11.1536,0.0662,25.6902,33.893,0.9040
S5-E1,2,344,10.5001,0.1841,26.4473,34.064,0.9045
S5-E1,2,345,11.0542,0.0625,26.5098,33.957,0.9039
S5-E1,2,346,11.5586,0.2676,25.7053,33.714,0.9045
S5-E1,2,347,11.4830,0.1829,27.4024,33.800,0.9056
S5-E1,2,348,10.1452,0.2859,27.3257,33.864,0.9062
S5-E1,2,349,11.3861,0.0000,26.9848,33.984,0.9064
S5-E1,2,350,10.9932,0.3231,26.5043,34.097,0.9064
S5-E1,2,351,11.9037,0.0000,27.1955,34.121,0.9068
S5-E1,2,352,12.1372,0.0000,24.3165,34.358,0.9061
S5-E1,2,353,11.8572,0.3423,26.3605,33.935,0.9070
S5-E1,2,354,11.5278,0.0432,24.8236,33.995,0.9083
S5-E1,2,355,11.3898,0.1004,25.8616,33.957,0.9058
S5-E1,2,356,11.1111,0.1663,26.9805,34.098,0.9026
S5-E1,2,357,10.4975,0.1241,25.9491,33.952,0.9029
S5-E1,2,358,12.7068,0.2274,26.0174,33.855,0.9061
S5-E1,2,359,11.1081,0.0386,26.1989,34.209,0.9098
S5-E1,2,360,11.3114,0.1523,26.8724,33.935,0.9098
S5-E1,2,361,11.1904,0.2849,26.2035,34.000,0.9056
S5-E1,2,362,10.9606,0.2865,25.7891,34.041,0.9020
S5-E1,2,363,11.4267,0.3423,28.0378,33.870,0.9032
S5-E1,2,364,11.2619,0.1813,26.7691,34.223,0.9067
S5-E1,2,365,11.0261,0.1942,26.9880,34.182,0.9086
S5-E1,2,366,11.2318,0.1461,26.5285,33.997,0.9064
S5-E1,2,367,11.1333,0.2909,24.8954,33.938,0.9037
S5-E1,2,368,10.5674,0.1238,24.6454,34.020,0.9036
S5-E1,2,369,10.4418,0.4341,25.3615,33.902,0.9051
S5-E1,2,370,10.4455,0.1704,28.3748,34.192,0.9066
S5-E1,2,371,10.4651,0.2334,26.9592,33.721,0.9060
S5-E1,2,372,10.3456,0.1804,26.3012,34.045,0.9032
S5-E1,2,373,10.3409,0.1434,26.6695,33.995,0.9019
S5-E1,2,374,10.4546,0.0946,26.4458,34.417,0.9036
S5-E1,2,375,9.9551,0.0516,26.9980,33.971,0.9056
S5-E1,2,376,10.8995,0.3968,26.3754,33.860,0.9065
S5-E1,2,377,11.1417,0.1628,26.8181,33.732,0.9056
S5-E1,2,378,10.2797,0.2897,25.3233,33.927,0.9032
S5-E1,2,379,11.1227,0.2651,25.6266,33.784,0.9033
S5-E1,2,380,10.3825,0.0761,25.8028,34.138,0.9048
S5-E1,2,381,11.4207,0.0259,26.7606,33.914,0.9015
S5-E1,2,382,10.8056,0.2782,25.6709,33.578,0.8764
S5-E1,2,383,11.2564,0.3507,26.0158,33.777,0.8541
S5-E1,2,384,10.3685,0.4018,24.8243,33.785,0.8530
S5-E1,2,385,10.3220,0.0000,25.0204,34.074,0.8641
S5-E1,2,386,11.3722,0.1727,26.3619,34.017,0.8722
S5-E1,2,387,10.9611,0.1296,25.3449,33.733,0.8734
S5-E1,2,388,11.4649,0.0970,27.0486,34.145,0.8719
S5-E1,2,389,11.2861,0.3057,25.4689,33.886,0.8700
S5-E1,2,390,10.5312,0.5167,24.5745,34.222,0.8680
S5-E1,2,391,10.9251,0.1559,25.1057,33.911,0.8673
S5-E1,2,392,10.3596,0.2118,25.2624,34.028,0.8689
S5-E1,2,393,10.8639,0.3832,23.9268,33.809,0.8691
S5-E1,2,394,10.4192,0.2420,25.1606,34.146,0.8673
S5-E1,2,395,10.9982,0.3196,24.5859,34.017,0.8668
S5-E1,2,396,10.4115,0.1867,25.7456,33.986,0.8668
S5-E1,2,397,9.5791,0.3909,25.7770,33.998,0.8680
S5-E1,2,398,10.8670,0.3709,26.5862,34.102,0.8679
S5-E1,2,399,10.8577,0.0664,26.3469,34.056,0.8669
S5-E1,3,0,8.6242,0.2271,19.4137,33.637,0.6124
S5-E1,3,1,8.4286,0.1116,20.1194,34.044,0.6050
S5-E1,3,2,8.1064,0.2055,19.9733,34.040,0.6071
S5-E1,3,3,8.7825,0.0000,19.7511,34.025,0.6128
S5-E1,3,4,8.9065,0.1228,19.0772,34.165,0.6161
S5-E1,3,5,8.5930,0.0000,19.3389,33.890,0.6166
S5-E1,3,6,8.3925,0.0000,19.0709,33.973,0.6151
S5-E1,3,7,8.9796,0.1120,18.3610,34.139,0.6136
S5-E1,3,8,8.6414,0.2406,19.6880,33.996,0.6136
S5-E1,3,9,8.3703,0.2544,20.8380,34.031,0.6133
S5-E1,3,10,8.1191,0.3608,19.6780,33.758,0.6129
S5-E1,3,11,8.3262,0.0000,18.6920,34.128,0.6140
S5-E1,3,12,8.5133,0.0000,20.6572,34.065,0.6149
S5-E1,3,13,7.9922,0.2454,19.3007,33.865,0.6150
S5-E1,3,14,8.5740,0.0000,18.5217,34.160,0.6150
S5-E1,3,15,8.0266,0.2730,19.9451,34.178,0.6148
S5-E1,3,16,7.9695,0.1990,19.2148,33.868,0.6144
S5-E1,3,17,8.2600,0.0000,18.1574,33.855,0.6138
S5-E1,3,18,8.6496,0.2203,19.7465,33.973,0.6131
S5-E1,3,19,8.1603,0.0778,18.8455,33.943,0.6135
S5-E1,3,20,7.3649,0.2897,18.3285,33.955,0.6144
S5-E1,3,21,7.9317,0.0000,18.8334,34.096,0.6132
S5-E1,3,22,7.9193,0.3163,18.8269,33.954,0.6122
S5-E1,3,23,8.3940,0.0000,19.0681,33.654,0.6127
S5-E1,3,24,7.9378,0.2534,19.4123,34.037,0.6131
S5-E1,3,25,7.9287,0.0382,18.3425,33.991,0.6138
S5-E1,3,26,7.7052,0.1384,18.6237,34.019,0.6137
S5-E1,3,27,7.8230,0.2637,19.2506,33.782,0.6132
S5-E1,3,28,7.9810,0.0252,19.2679,34.064,0.6129
S5-E1,3,29,7.9534,0.0878,19.1039,34.154,0.6125
S5-E1,3,30,7.6466,0.1737,18.0319,34.162,0.6130
S5-E1,3,31,7.4962,0.0870,18.7856,34.149,0.6139
S5-E1,3,32,7.5331,0.1161,19.0013,34.021,0.6141
S5-E1,3,33,7.9714,0.1733,18.8255,34.108,0.6138
S5-E1,3,34,7.9252,0.1677,18.6102,34.054,0.6134
S5-E1,3,35,7.4248,0.0409,18.1437,33.861,0.6133
S5-E1,3,36,7.9549,0.1219,18.5315,34.028,0.6129
S5-E1,3,37,7.8922,0.2013,18.8025,34.057,0.6121
S5-E1,3,38,7.3088,0.1486,18.9285,33.804,0.6120
S5-E1,3,39,7.9381,0.0657,18.4131,33.898,0.6133
S5-E1,3,40,8.1311,0.1435,18.2517,33.856,0.6144
S5-E1,3,41,7.2562,0.0388,18.1057,34.103,0.6134
S5-E1,3,42,8.1308,0.2170,18.8040,34.238,0.6119
S5-E1,3,43,7.2170,0.3774,19.1256,33.780,0.6115
S5-E1,3,44,7.8200,0.0245,19.1276,34.226,0.6121
S5-E1,3,45,8.1385,0.2225,18.0580,34.127,0.6135
S5-E1,3,46,8.0736,0.3906,19.7475,34.051,0.6139
S5-E1,3,47,8.5926,0.0355,18.3030,33.764,0.6129
S5-E1,3,48,7.6069,0.2474,17.8943,33.940,0.6134
S5-E1,3,49,8.5059,0.0000,18.4214,33.963,0.6145
S5-E1,3,50,7.8722,0.2374,19.1990,33.999,0.6142
S5-E1,3,51,7.1780,0.1786,19.9049,33.862,0.6130
S5-E1,3,52,8.1348,0.0019,18.5760,34.011,0.6122
S5-E1,3,53,7.4243,0.1167,18.8516,33.787,0.6124
S5-E1,3,54,7.3012,0.2492,18.4788,34.079,0.6126
S5-E1,3,55,7.7578,0.3952,18.8708,33.982,0.6133
S5-E1,3,56,7.4833,0.1183,18.8216,33.836,0.6138
S5-E1,3,57,7.3556,0.0000,19.0631,34.088,0.6129
S5-E1,3,58,7.7529,0.2880,18.6569,34.100,0.6120
S5-E1,3,59,7.7198,0.3543,18.7603,33.880,0.6108
S5-E1,3,60,7.6213,0.0369,19.0924,33.915,0.6119
S5-E1,3,61,7.3176,0.0637,18.7931,34.057,0.6138
S5-E1,3,62,7.7702,0.4422,18.7318,34.048,0.6125
S5-E1,3,63,8.2421,0.2254,18.8871,33.977,0.6114
S5-E1,3,64,7.5845,0.0168,18.2306,34.042,0.6121
S5-E1,3,65,8.1965,0.2619,18.7694,34.140,0.6135
S5-E1,3,66,7.3079,0.1887,17.7259,33.902,0.6141
S5-E1,3,67,7.9744,0.4307,18.8275,33.960,0.6136
S5-E1,3,68,7.9637,0.4578,19.4799,34.033,0.6132
S5-E1,3,69,7.6387,0.0000,18.2092,34.013,0.6128
S5-E1,3,70,7.6012,0.2099,19.3151,33.985,0.6121
S5-E1,3,71,7.8423,0.3008,18.3509,34.165,0.6120
S5-E1,3,72,7.3824,0.0906,20.1154,33.788,0.6128
S5-E1,3,73,8.0675,0.4717,18.8887,34.027,0.6141
S5-E1,3,74,7.8637,0.0186,18.2591,34.031,0.6152
S5-E1,3,75,7.9054,0.0533,18.7003,33.971,0.6149
S5-E1,3,76,8.1359,0.2100,17.9484,33.686,0.5979
S5-E1,3,77,8.0738,0.0913,17.7915,33.215,0.5223
S5-E1,3,78,7.7192,0.0831,19.2551,33.644,0.4660
S5-E1,3,79,7.6823,0.2695,18.1616,34.024,0.4680
S5-E1,3,80,7.6675,0.0000,16.7340,33.788,0.4967
S5-E1,3,81,7.1091,0.2353,17.3343,33.886,0.5149
S5-E1,3,82,7.1858,0.2500,17.4655,33.884,0.5143
S5-E1,3,83,7.9033,0.0533,16.7573,34.002,0.5062
S5-E1,3,84,7.5308,0.3844,16.5019,33.842,0.5017
S5-E1,3,85,7.2016,0.1244,16.9121,33.852,0.5028
S5-E1,3,86,6.7266,0.0000,16.2129,33.884,0.5057
S5-E1,3,87,6.6777,0.0000,16.7285,33.818,0.5072
S5-E1,3,88,7.2751,0.0864,16.7718,34.080,0.5068
S5-E1,3,89,7.4701,0.2506,16.5989,34.317,0.5067
S5-E1,3,90,7.1513,0.1810,16.2384,33.751,0.5071
S5-E1,3,91,7.0334,0.3707,16.8201,34.274,0.5072
S5-E1,3,92,7.4513,0.1487,16.4734,33.975,0.5073
S5-E1,3,93,6.7842,0.1207,15.6974,34.020,0.5067
S5-E1,3,94,7.5242,0.5281,16.2592,34.073,0.5066
S5-E1,3,95,6.6159,0.2071,16.7751,34.016,0.5071
S5-E1,3,96,6.5215,0.1202,16.7891,34.133,0.5074
S5-E1,3,97,6.8942,0.2580,16.2159,34.140,0.5077
S5-E1,3,98,6.2485,0.0168,16.1190,34.210,0.5066
S5-E1,3,99,6.3027,0.3901,16.9699,34.028,0.5049
S5-E1,3,100,7.2325,0.0000,16.2194,34.630,0.5297
S5-E1,3,101,6.8228,0.0000,16.9580,34.779,0.6590
S5-E1,3,102,6.6479,0.1606,17.3586,34.681,0.7631
S5-E1,3,103,7.2116,0.1170,17.1626,33.822,0.7676
S5-E1,3,104,7.9945,0.1635,18.7172,33.754,0.7200
S5-E1,3,105,7.9706,0.3153,19.5895,34.186,0.6860
S5-E1,3,106,7.1089,0.1654,19.2603,34.171,0.6834
S5-E1,3,107,8.3481,0.1586,18.6695,34.039,0.6949
S5-E1,3,108,8.3663,0.4379,19.1448,34.030,0.7022
S5-E1,3,109,7.6728,0.3950,18.4123,34.214,0.7010
S5-E1,3,110,8.2361,0.1239,18.6970,34.053,0.6965
S5-E1,3,111,8.1314,0.0800,18.7834,34.056,0.6948
S5-E1,3,112,7.9772,0.2300,19.7470,34.268,0.6957
S5-E1,3,113,8.1903,0.3319,18.5498,34.050,0.6970
S5-E1,3,114,8.4166,0.1047,20.0818,33.830,0.6975
S5-E1,3,115,8.2277,0.0036,20.6778,34.025,0.6964
S5-E1,3,116,7.9871,0.3132,19.3444,34.242,0.6943
S5-E1,3,117,8.0569,0.0406,20.3504,33.982,0.6926
S5-E1,3,118,8.3392,0.0090,19.7656,34.066,0.6936
S5-E1,3,119,8.3790,0.0000,21.2649,33.841,0.6949
S5-E1,3,120,8.6261,0.0000,21.1098,34.137,0.6952
S5-E1,3,121,8.1464,0.1732,19.8254,34.128,0.6955
S5-E1,3,122,8.6757,0.0840,20.4822,33.985,0.6951
S5-E1,3,123,9.4795,0.0954,20.0895,33.989,0.6946
S5-E1,3,124,8.9793,0.1292,20.0776,33.889,0.6943
S5-E1,3,125,8.8637,0.5394,21.0271,33.839,0.6937
S5-E1,3,126,8.0289,0.3367,20.8201,33.708,0.6930
S5-E1,3,127,8.5548,0.3114,20.4441,33.976,0.6926
S5-E1,3,128,8.4030,0.0000,21.3716,34.096,0.6940
S5-E1,3,129,9.2598,0.1934,20.6812,33.986,0.6960
S5-E1,3,130,8.6072,0.3615,21.3098,33.821,0.6967
S5-E1,3,131,8.7122,0.1162,22.0095,34.175,0.6959
S5-E1,3,132,8.7315,0.0000,20.8995,34.257,0.6954
S5-E1,3,133,8.7470,0.3019,20.2446,33.814,0.6958
S5-E1,3,134,8.5248,0.2735,20.9834,34.046,0.6953
S5-E1,3,135,8.6092,0.5313,20.8375,33.969,0.6947
S5-E1,3,136,8.7650,0.0879,19.7231,34.013,0.6952
S5-E1,3,137,9.1193,0.1248,20.7423,33.775,0.6960
S5-E1,3,138,8.0936,0.2450,21.7063,34.000,0.6955
S5-E1,3,139,8.6827,0.3370,21.1572,34.117,0.6935
S5-E1,3,140,8.4046,0.0622,20.1738,33.707,0.6926
S5-E1,3,141,8.2056,0.0000,20.7279,34.046,0.6937
S5-E1,3,142,8.6217,0.2314,20.4302,33.945,0.6947
S5-E1,3,143,8.3257,0.1173,21.2931,34.037,0.6947
S5-E1,3,144,8.6565,0.0000,20.8169,34.037,0.6940
S5-E1,3,145,8.7089,0.2309,20.1792,34.092,0.6933
S5-E1,3,146,8.9297,0.2149,21.1419,33.930,0.6948
S5-E1,3,147,9.4256,0.1351,21.3441,34.104,0.6969
S5-E1,3,148,8.9319,0.1847,20.5140,34.010,0.6967
S5-E1,3,149,9.0709,0.1630,20.3833,34.208,0.6957
S5-E1,3,150,8.5204,0.2354,19.6333,34.065,0.6962
S5-E1,3,151,9.0568,0.0247,20.4232,33.834,0.6960
S5-E1,3,152,8.6963,0.1931,20.1584,33.799,0.6944
S5-E1,3,153,8.6746,0.0492,22.1442,34.375,0.6930
S5-E1,3,154,9.0207,0.3155,20.6668,33.832,0.6926
S5-E1,3,155,9.2888,0.0185,21.0721,33.850,0.6941
S5-E1,3,156,8.4133,0.0000,21.0637,34.123,0.6955
S5-E1,3,157,9.2971,0.2444,20.7869,34.242,0.6955
S5-E1,3,158,8.5114,0.2968,20.1709,33.886,0.6954
S5-E1,3,159,9.0621,0.0720,21.4919,34.081,0.6948
S5-E1,3,160,8.1892,0.2015,21.1889,34.092,0.6945
S5-E1,3,161,8.9407,0.1596,20.6206,34.094,0.6955
S5-E1,3,162,8.8522,0.1837,20.8753,34.207,0.6970
S5-E1,3,163,8.7817,0.2364,21.2122,33.903,0.6963
S5-E1,3,164,8.4409,0.2942,22.1353,33.773,0.6943
S5-E1,3,165,8.3288,0.2783,21.5423,34.281,0.6942
S5-E1,3,166,8.3716,0.0467,20.8853,33.897,0.6953
S5-E1,3,167,9.2032,0.1085,21.4848,33.755,0.6960
S5-E1,3,168,9.0784,0.1027,20.5040,34.177,0.6961
S5-E1,3,169,8.8403,0.1424,20.1473,33.906,0.6961
S5-E1,3,170,8.8742,0.1982,19.9607,33.880,0.6950
S5-E1,3,171,8.6598,0.1912,21.1938,34.102,0.6935
S5-E1,3,172,8.3411,0.1470,20.9233,33.962,0.6941
S5-E1,3,173,8.7738,0.0969,19.7994,34.138,0.6953
S5-E1,3,174,9.2151,0.0000,20.7840,33.938,0.6963
S5-E1,3,175,8.6904,0.1609,21.2259,34.034,0.6962
S5-E1,3,176,8.8661,0.1405,21.0140,33.946,0.6950
S5-E1,3,177,8.3712,0.0000,21.0870,33.919,0.6933
S5-E1,3,178,8.4191,0.1777,20.1317,33.878,0.6933
S5-E1,3,179,8.7932,0.0748,20.6483,34.034,0.6953
S5-E1,3,180,9.2232,0.1819,20.6067,34.173,0.6969
S5-E1,3,181,8.6794,0.1729,19.3896,34.058,0.6976
S5-E1,3,182,8.3606,0.0000,21.1357,34.005,0.6971
S5-E1,3,183,9.2937,0.0000,20.5723,34.142,0.6959
S5-E1,3,184,8.5141,0.3867,20.9693,33.655,0.6959
S5-E1,3,185,8.9314,0.2725,22.6151,33.765,0.6964
S5-E1,3,186,8.8556,0.0635,20.5816,33.737,0.6966
S5-E1,3,187,8.7311,0.4726,20.7948,33.996,0.6959
S5-E1,3,188,8.9559,0.2079,20.8053,34.037,0.6955
S5-E1,3,189,8.8685,0.0000,20.9226,34.260,0.6956
S5-E1,3,190,8.7735,0.0436,20.4658,34.150,0.6959
S5-E1,3,191,9.0735,0.4136,20.4314,34.120,0.6967
S5-E1,3,192,8.5304,0.0000,20.2261,33.991,0.6964
S5-E1,3,193,9.4208,0.2499,20.2217,34.122,0.6955
S5-E1,3,194,9.0335,0.3737,21.7416,34.099,0.6953
S5-E1,3,195,8.5791,0.0663,21.3218,34.352,0.6958
S5-E1,3,196,9.4194,0.0000,20.6411,34.301,0.6952
S5-E1,3,197,9.4999,0.2415,21.3516,34.098,0.6933
S5-E1,3,198,8.6586,0.1628,21.2396,33.881,0.6934
S5-E1,3,199,8.7140,0.3028,22.2553,34.530,0.7179
S5-E1,3,200,8.2180,0.2609,20.1791,34.875,0.8442
S5-E1,3,201,9.1984,0.1956,22.3587,34.669,0.9487
S5-E1,3,202,8.9591,0.2556,22.6344,34.352,0.9547
S5-E1,3,203,8.6897,0.4152,23.7883,34.062,0.9041
S5-E1,3,204,8.6900,0.2041,23.1537,34.118,0.8645
S5-E1,3,205,9.8041,0.1326,23.5724,34.137,0.8632
S5-E1,3,206,9.4344,0.0716,23.5481,34.230,0.8806
S5-E1,3,207,9.6431,0.0000,24.1927,34.233,0.8912
S5-E1,3,208,10.7285,0.0000,24.0919,34.285,0.8884
S5-E1,3,209,10.1924,0.2193,23.9459,33.879,0.8810
S5-E1,3,210,10.8789,0.2711,24.9121,34.075,0.8766
S5-E1,3,211,9.6325,0.4370,24.0487,34.121,0.8765
S5-E1,3,212,9.4584,0.3862,23.2626,34.038,0.8788
S5-E1,3,213,9.8505,0.1552,23.7609,34.029,0.8803
S5-E1,3,214,10.8046,0.2346,23.4365,34.144,0.8800
S5-E1,3,215,9.4972,0.2967,24.6386,33.961,0.8786
S5-E1,3,216,10.9348,0.0988,23.3259,33.980,0.8772
S5-E1,3,217,10.7051,0.2412,24.9499,34.240,0.8769
S5-E1,3,218,10.1112,0.3104,24.1849,33.994,0.8782
S5-E1,3,219,10.2726,0.3496,24.8606,33.987,0.8788
S5-E1,3,220,10.3098,0.3600,24.7087,34.326,0.8791
S5-E1,3,221,9.6513,0.4787,25.2583,34.123,0.8792
S5-E1,3,222,9.9881,0.2616,24.9668,34.199,0.8771
S5-E1,3,223,10.2946,0.2998,25.5664,34.251,0.8752
S5-E1,3,224,10.5861,0.2555,24.8792,33.850,0.8756
S5-E1,3,225,10.7352,0.1906,24.1579,34.115,0.8768
S5-E1,3,226,11.2461,0.4245,23.9205,33.682,0.8782
S5-E1,3,227,10.0713,0.1748,27.1035,34.236,0.8786
S5-E1,3,228,10.9257,0.0000,25.7269,34.178,0.8789
S5-E1,3,229,10.4285,0.3810,24.8417,34.045,0.8781
S5-E1,3,230,10.0889,0.2594,26.9274,33.958,0.8762
S5-E1,3,231,10.2541,0.1947,24.9762,33.965,0.8763
S5-E1,3,232,10.0757,0.1907,23.2166,33.917,0.8770
S5-E1,3,233,10.4059,0.5156,25.0607,34.145,0.8762
S5-E1,3,234,10.6583,0.0915,24.4367,34.010,0.8761
S5-E1,3,235,10.4968,0.1773,25.8062,33.930,0.8773
S5-E1,3,236,11.0620,0.4634,26.2406,34.050,0.8796
S5-E1,3,237,10.3287,0.0843,26.5972,33.885,0.8799
S5-E1,3,238,9.7307,0.4818,23.9996,33.717,0.8767
S5-E1,3,239,10.0778,0.0435,24.9542,34.115,0.8729
S5-E1,3,240,10.0686,0.3285,24.9173,33.576,0.8730
S5-E1,3,241,10.5026,0.3974,24.3310,33.844,0.8758
S5-E1,3,242,10.4829,0.1420,25.9559,33.777,0.8775
S5-E1,3,243,10.7193,0.0172,26.3870,33.946,0.8777
S5-E1,3,244,9.9576,0.2880,24.9372,34.042,0.8793
S5-E1,3,245,10.2681,0.4129,24.9085,34.068,0.8807
S5-E1,3,246,11.1817,0.0332,24.6945,34.152,0.8797
S5-E1,3,247,11.1664,0.1887,24.4414,33.716,0.8789
S5-E1,3,248,11.4319,0.4630,25.2768,33.854,0.8783
S5-E1,3,249,10.2618,0.2699,24.2102,34.129,0.8792
S5-E1,3,250,10.7473,0.3265,26.7573,33.830,0.8802
S5-E1,3,251,10.8951,0.0000,25.0367,33.981,0.8788
S5-E1,3,252,10.3888,0.3773,25.6985,33.984,0.8778
S5-E1,3,253,10.2335,0.1796,25.6741,34.017,0.8788
S5-E1,3,254,10.0046,0.2937,25.7919,34.056,0.8787
S5-E1,3,255,10.2235,0.2204,24.1846,33.679,0.8780
S5-E1,3,256,10.4902,0.0555,25.0578,34.099,0.8782
S5-E1,3,257,10.7757,0.0690,25.3548,34.135,0.8778
S5-E1,3,258,10.8700,0.1305,25.9721,33.951,0.8777
S5-E1,3,259,10.7359,0.2421,24.0881,34.050,0.8778
S5-E1,3,260,10.7453,0.2915,25.6212,34.055,0.8781
S5-E1,3,261,10.8083,0.2038,24.5540,33.972,0.8785
S5-E1,3,262,10.0873,0.2301,25.1003,33.911,0.8783
S5-E1,3,263,10.6489,0.4160,25.1211,33.973,0.8785
S5-E1,3,264,9.9321,0.1869,26.1431,34.294,0.8783
S5-E1,3,265,10.1036,0.3002,25.4947,34.002,0.8772
S5-E1,3,266,10.4844,0.2861,25.2780,33.888,0.8783
S5-E1,3,267,10.7619,0.1437,23.9410,34.027,0.8790
S5-E1,3,268,10.9828,0.3592,24.3976,34.066,0.8782
S5-E1,3,269,9.9175,0.0777,25.4353,33.780,0.8776
S5-E1,3,270,9.8708,0.3764,24.9834,34.105,0.8767
S5-E1,3,271,10.7094,0.2651,24.7216,33.927,0.8753
S5-E1,3,272,10.2085,0.2058,26.2659,33.956,0.8748
S5-E1,3,273,10.4895,0.3002,25.6831,34.198,0.8749
S5-E1,3,274,10.9474,0.3173,25.2492,34.148,0.8761
S5-E1,3,275,10.1577,0.2935,25.0697,33.939,0.8791
S5-E1,3,276,10.4482,0.3865,25.0062,33.865,0.8809
S5-E1,3,277,10.9517,0.0000,25.7610,34.297,0.8809
S5-E1,3,278,11.0586,0.3740,25.4858,33.917,0.8790
S5-E1,3,279,10.3248,0.0000,25.0951,34.067,0.8759
S5-E1,3,280,9.9103,0.3162,25.7019,34.127,0.8754
S5-E1,3,281,10.5080,0.3225,26.8340,34.031,0.8835
S5-E1,3,282,10.5232,0.0000,25.0705,34.021,0.8926
S5-E1,3,283,9.9754,0.0535,25.1342,33.995,0.8958
S5-E1,3,284,10.5491,0.3983,24.9432,33.982,0.8941
S5-E1,3,285,10.5851,0.0000,24.6655,34.228,0.8901
S5-E1,3,286,10.7573,0.0000,25.5943,34.108,0.8861
S5-E1,3,287,9.8025,0.3485,25.7595,34.026,0.8865
S5-E1,3,288,10.3733,0.0000,26.2135,34.146,0.8882
S5-E1,3,289,10.3038,0.1239,25.0335,33.651,0.8881
S5-E1,3,290,10.0416,0.3605,27.2847,33.964,0.8877
S5-E1,3,291,10.3000,0.1336,26.1197,34.184,0.8864
S5-E1,3,292,10.7675,0.1189,25.6301,33.943,0.8857
S5-E1,3,293,10.9973,0.4120,26.0973,33.842,0.8859
S5-E1,3,294,10.6010,0.4186,26.8112,33.905,0.8872
S5-E1,3,295,9.6936,0.3477,25.9968,34.159,0.8894
S5-E1,3,296,10.2074,0.3226,24.9318,33.779,0.8890
S5-E1,3,297,10.6273,0.2774,25.5752,34.112,0.8859
S5-E1,3,298,10.9287,0.0609,25.5777,33.886,0.8852
S5-E1,3,299,10.3297,0.0000,24.1122,33.913,0.8882
S5-E1,3,300,10.9235,0.3106,24.4167,34.027,0.8906
S5-E1,3,301,10.1590,0.0000,25.7188,33.915,0.8898
S5-E1,3,302,10.4636,0.4072,24.5523,34.033,0.8864
S5-E1,3,303,10.8307,0.4931,26.4021,34.042,0.8847
S5-E1,3,304,10.8534,0.2492,25.2402,34.123,0.8871
S5-E1,3,305,10.5471,0.0326,26.8285,33.907,0.8903
S5-E1,3,306,10.7866,0.1539,26.2394,33.963,0.8909
S5-E1,3,307,10.1141,0.2509,25.9233,34.149,0.8892
S5-E1,3,308,10.7319,0.0919,24.3887,33.924,0.8872
S5-E1,3,309,10.1741,0.2030,25.3962,34.056,0.8872
S5-E1,3,310,10.5455,0.1571,26.6606,34.214,0.8885
S5-E1,3,311,10.2190,0.0000,24.5848,34.025,0.8878
S5-E1,3,312,9.9288,0.1815,25.9136,34.072,0.8865
S5-E1,3,313,9.4725,0.2071,25.4770,33.811,0.8875
S5-E1,3,314,10.0959,0.1183,24.6974,33.852,0.8886
S5-E1,3,315,9.9691,0.2325,23.6333,34.033,0.8884
S5-E1,3,316,11.0671,0.2436,26.0002,34.069,0.8893
S5-E1,3,317,10.6598,0.3391,26.3544,33.987,0.8910
S5-E1,3,318,11.3866,0.0779,27.4069,34.060,0.8928
S5-E1,3,319,11.1444,0.2147,26.2874,33.817,0.8918
S5-E1,3,320,10.5617,0.2523,25.0781,33.904,0.8903
S5-E1,3,321,11.1558,0.0000,24.2385,34.046,0.8907
S5-E1,3,322,11.8677,0.2736,25.3216,34.037,0.8907
S5-E1,3,323,10.9138,0.1650,25.8639,33.987,0.8901
S5-E1,3,324,10.9615,0.0361,26.6233,33.753,0.8886
S5-E1,3,325,10.8996,0.3644,25.1046,34.288,0.8884
S5-E1,3,326,10.8841,0.3681,24.5593,34.038,0.8895
S5-E1,3,327,10.3120,0.2967,25.3031,33.689,0.8901
S5-E1,3,328,10.3673,0.3551,24.5240,34.233,0.8900
S5-E1,3,329,10.6020,0.3297,25.7321,34.008,0.8877
S5-E1,3,330,10.6514,0.4154,25.9223,33.987,0.8867
S5-E1,3,331,10.4821,0.1405,27.0389,34.075,0.8886
S5-E1,3,332,10.3210,0.0000,25.3048,33.906,0.8911
S5-E1,3,333,11.0294,0.2321,24.9187,34.086,0.8917
S5-E1,3,334,10.4700,0.0000,25.5463,34.007,0.8910
S5-E1,3,335,11.0927,0.3343,26.0925,33.532,0.8671
S5-E1,3,336,11.3638,0.3063,24.7319,33.446,0.7470
S5-E1,3,337,10.1124,0.1528,26.1121,33.881,0.6520
S5-E1,3,338,10.5691,0.4749,24.1085,33.890,0.6528
S5-E1,3,339,10.1253,0.3609,25.0822,33.921,0.7013
S5-E1,3,340,10.1758,0.0000,24.1408,34.052,0.7338
S5-E1,3,341,10.6784,0.1499,23.7871,33.603,0.7336
S5-E1,3,342,9.3304,0.3050,24.6235,33.820,0.7192
S5-E1,3,343,9.8894,0.0000,22.9876,33.898,0.7107
S5-E1,3,344,9.1781,0.1067,22.8268,34.032,0.7129
S5-E1,3,345,9.6846,0.3965,22.1802,34.153,0.7181
S5-E1,3,346,10.0221,0.1716,21.7743,34.124,0.7213
S5-E1,3,347,9.5119,0.5057,22.5413,33.838,0.7219
S5-E1,3,348,9.0856,0.2516,21.8641,33.907,0.7198
S5-E1,3,349,9.9051,0.1342,23.3405,34.193,0.7193
S5-E1,3,350,9.5116,0.1705,23.3568,33.699,0.7207
S5-E1,3,351,10.1199,0.2760,22.6126,33.932,0.7220
S5-E1,3,352,9.0961,0.1032,22.9845,34.072,0.7220
S5-E1,3,353,9.1705,0.0000,21.7530,33.942,0.7205
S5-E1,3,354,9.4689,0.1240,21.6198,34.108,0.7202
S5-E1,3,355,9.6741,0.2022,21.0068,33.930,0.7208
S5-E1,3,356,8.9522,0.0867,21.2803,34.040,0.7215
S5-E1,3,357,9.4879,0.5258,21.8472,34.117,0.7218
S5-E1,3,358,9.3575,0.0713,22.1283,34.177,0.7210
S5-E1,3,359,9.3522,0.0766,22.1129,34.029,0.7205
S5-E1,3,360,8.9627,0.3550,22.2180,33.848,0.7211
S5-E1,3,361,9.0350,0.2641,21.0495,34.092,0.7214
S5-E1,3,362,8.7751,0.1184,22.0282,34.071,0.7206
S5-E1,3,363,9.1744,0.0573,22.0824,33.853,0.7201
S5-E1,3,364,9.3933,0.2358,21.7507,34.188,0.7211
S5-E1,3,365,9.2744,0.0000,20.8933,34.165,0.7222
S5-E1,3,366,9.2247,0.1382,21.2996,33.707,0.7217
S5-E1,3,367,10.1173,0.2658,21.8382,34.036,0.7211
S5-E1,3,368,9.6642,0.0000,21.5392,33.958,0.7218
S5-E1,3,369,9.5839,0.3483,21.6796,34.238,0.7223
S5-E1,3,370,9.3991,0.2182,21.3310,34.022,0.7220
S5-E1,3,371,9.6930,0.0173,21.3192,34.058,0.7221
S5-E1,3,372,9.5074,0.2540,21.1171,34.020,0.7227
S5-E1,3,373,8.9938,0.3840,21.1813,33.986,0.7223
S5-E1,3,374,9.6123,0.2011,22.3014,33.934,0.7213
S5-E1,3,375,9.3662,0.2829,20.4075,34.118,0.7211
S5-E1,3,376,8.5936,0.3222,21.5163,33.849,0.7208
S5-E1,3,377,9.2100,0.1406,21.9643,33.859,0.7203
S5-E1,3,378,9.4938,0.0000,21.2423,33.947,0.7203
S5-E1,3,379,8.8224,0.1840,20.9569,33.979,0.7206
S5-E1,3,380,9.5204,0.0000,21.8276,34.062,0.7211
S5-E1,3,381,9.5435,0.0730,22.2652,34.008,0.7211
S5-E1,3,382,8.9417,0.1288,21.6112,33.784,0.7210
S5-E1,3,383,8.9017,0.0843,21.2254,33.920,0.7211
S5-E1,3,384,9.3591,0.0000,21.0159,34.013,0.7206
S5-E1,3,385,9.7861,0.0000,21.7844,34.137,0.7205
S5-E1,3,386,9.3103,0.1121,22.0861,34.074,0.7202
S5-E1,3,387,9.5143,0.0916,21.2497,33.894,0.7192
S5-E1,3,388,9.0392,0.1174,22.0813,33.876,0.7190
S5-E1,3,389,8.6081,0.1702,22.1574,33.960,0.7186
S5-E1,3,390,8.7559,0.1257,21.4556,33.755,0.7187
S5-E1,3,391,9.2952,0.1875,21.4054,34.020,0.7196
S5-E1,3,392,8.4568,0.0814,21.6591,34.203,0.7209
S5-E1,3,393,8.9611,0.0472,21.9094,34.005,0.7215
S5-E1,3,394,8.7351,0.0379,22.2251,33.876,0.7209
S5-E1,3,395,8.9444,0.0105,21.7233,34.095,0.7204
S5-E1,3,396,9.9956,0.2858,21.2577,33.989,0.7205
S5-E1,3,397,8.9297,0.0000,22.4433,34.139,0.7198
S5-E1,3,398,8.4058,0.2357,21.3914,34.134,0.7180
S5-E1,3,399,8.2158,0.2559,21.0119,34.081,0.7178
S5-E2,0,0,8.2029,0.1349,17.7527,34.045,0.5914
S5-E2,0,1,7.9377,0.0846,18.8103,33.919,0.5919
S5-E2,0,2,7.5454,0.1660,17.8695,34.166,0.5914
S5-E2,0,3,7.4770,0.2735,18.4129,34.035,0.5906
S5-E2,0,4,7.3397,0.1871,18.0539,33.738,0.5910
S5-E2,0,5,7.4100,0.4794,17.9882,33.863,0.5920
S5-E2,0,6,8.2426,0.0000,17.0951,33.927,0.5923
S5-E2,0,7,8.1829,0.1043,17.8049,34.156,0.5928
S5-E2,0,8,7.9521,0.1266,18.1627,33.946,0.5934
S5-E2,0,9,8.3670,0.0000,18.5742,33.849,0.5931
S5-E2,0,10,7.4821,0.1634,18.8515,33.908,0.5923
S5-E2,0,11,7.8218,0.0241,17.6868,33.865,0.5916
S5-E2,0,12,8.1132,0.2384,17.5276,34.022,0.5904
S5-E2,0,13,7.8078,0.3722,19.0066,33.810,0.5899
S5-E2,0,14,7.6810,0.0000,17.7665,34.233,0.5914
S5-E2,0,15,7.7139,0.2035,17.5849,33.868,0.5922
S5-E2,0,16,7.5969,0.0676,18.9881,33.836,0.5910
S5-E2,0,17,7.7471,0.3463,18.3263,33.937,0.5899
S5-E2,0,18,7.3085,0.0000,18.7656,33.915,0.5894
S5-E2,0,19,7.8339,0.0729,18.5534,33.863,0.5899
S5-E2,0,20,8.1315,0.0855,17.7829,34.104,0.5914
S5-E2,0,21,8.3015,0.0169,19.0088,33.834,0.5933
S5-E2,0,22,7.9920,0.1668,19.1235,33.831,0.5935
S5-E2,0,23,7.7807,0.0337,17.7886,34.020,0.5915
S5-E2,0,24,7.5257,0.0207,18.4680,33.896,0.5900
S5-E2,0,25,7.8245,0.0000,18.7100,33.815,0.5898
S5-E2,0,26,7.2688,0.3471,19.0528,34.208,0.5893
S5-E2,0,27,7.7020,0.1941,17.8823,34.138,0.5893
S5-E2,0,28,6.9973,0.0346,18.0053,34.003,0.5898
S5-E2,0,29,7.1131,0.0925,18.5373,34.022,0.5903
S5-E2,0,30,6.7737,0.0000,19.0671,34.176,0.5905
S5-E2,0,31,6.9563,0.0772,18.3832,33.819,0.5893
S5-E2,0,32,7.2536,0.2547,18.5255,34.221,0.5987
S5-E2,0,33,6.8185,0.0464,18.6824,34.564,0.6535
S5-E2,0,34,7.3492,0.0684,19.9517,34.338,0.6980
S5-E2,0,35,7.6168,0.0600,19.3212,34.229,0.7018
S5-E2,0,36,7.9819,0.2030,17.7499,34.239,0.6828
S5-E2,0,37,7.4471,0.1822,18.5884,33.861,0.6676
S5-E2,0,38,7.8723,0.0888,18.6056,34.091,0.6661
S5-E2,0,39,8.1106,0.0875,19.5330,33.983,0.6718
S5-E2,0,40,7.9802,0.3552,19.2526,34.246,0.6758
S5-E2,0,41,7.5132,0.0663,20.2688,34.281,0.6756
S5-E2,0,42,8.3659,0.0000,18.8509,34.038,0.6737
S5-E2,0,43,7.8358,0.2903,18.5833,34.317,0.6732
S5-E2,0,44,8.1448,0.0410,20.4622,34.012,0.6738
S5-E2,0,45,8.1958,0.1436,19.4857,34.184,0.6733
S5-E2,0,46,8.2914,0.2303,19.7860,34.256,0.6726
S5-E2,0,47,8.9954,0.0638,20.3886,34.066,0.6726
S5-E2,0,48,8.8152,0.3966,20.5326,33.878,0.6728
S5-E2,0,49,9.0062,0.0776,19.2309,33.996,0.6731
S5-E2,0,50,8.2512,0.3196,20.4145,34.021,0.6733
S5-E2,0,51,7.7625,0.0861,18.7361,33.812,0.6722
S5-E2,0,52,8.0427,0.1806,21.0618,34.021,0.6704
S5-E2,0,53,8.3907,0.1553,19.7544,33.943,0.6696
S5-E2,0,54,8.2245,0.2813,20.0096,33.962,0.6702
S5-E2,0,55,8.4593,0.1690,20.6632,33.991,0.6715
S5-E2,0,56,8.2054,0.3233,20.0182,34.199,0.6722
S5-E2,0,57,8.3012,0.1956,19.4095,34.035,0.6723
S5-E2,0,58,8.2314,0.3103,21.0059,34.091,0.6721
S5-E2,0,59,8.4710,0.2009,20.6571,34.102,0.6715
S5-E2,0,60,8.7092,0.0466,19.8946,34.089,0.6719
S5-E2,0,61,8.2278,0.2865,19.8363,33.774,0.6731
S5-E2,0,62,8.3731,0.1437,19.6253,34.042,0.6730
S5-E2,0,63,8.7163,0.3148,19.3405,34.086,0.6721
S5-E2,0,64,8.6707,0.4075,20.1513,33.971,0.6716
S5-E2,0,65,9.1513,0.0009,18.7929,34.002,0.6716
S5-E2,0,66,7.9294,0.1539,19.5958,33.861,0.6719
S5-E2,0,67,8.1905,0.2420,20.2118,34.076,0.6718
S5-E2,0,68,8.0501,0.2994,18.7929,34.011,0.6717
S5-E2,0,69,7.9914,0.0966,20.5667,33.996,0.6719
S5-E2,0,70,8.6825,0.0000,19.8296,34.025,0.6718
S5-E2,0,71,8.4755,0.0000,21.2787,33.835,0.6714
S5-E2,0,72,8.5528,0.4158,20.0428,33.944,0.6716
S5-E2,0,73,8.4209,0.3419,20.1208,33.974,0.6711
S5-E2,0,74,8.3795,0.1719,20.4813,34.122,0.6704
S5-E2,0,75,9.1890,0.3158,21.4464,33.859,0.6723
S5-E2,0,76,8.6241,0.0000,20.8362,33.547,0.6741
S5-E2,0,77,8.3408,0.0661,18.6289,34.249,0.6737
S5-E2,0,78,8.4074,0.1718,20.6083,33.923,0.6723
S5-E2,0,79,9.0640,0.0000,20.7735,33.995,0.6721
S5-E2,0,80,8.3804,0.1165,19.4795,33.879,0.6732
S5-E2,0,81,8.4591,0.2553,20.9052,33.917,0.6732
S5-E2,0,82,9.0753,0.0917,19.3022,33.913,0.6720
S5-E2,0,83,9.1115,0.0329,20.8414,33.822,0.6723
S5-E2,0,84,8.1152,0.0236,20.4369,32.172,0.6130
S5-E2,0,85,7.8530,0.0000,17.7401,32.078,0.3325
S5-E2,0,86,7.2884,0.0000,17.5746,33.064,0.1273
S5-E2,0,87,6.8780,0.0000,16.8354,33.445,0.1363
S5-E2,0,88,6.6563,0.0553,16.1115,34.024,0.2396
S5-E2,0,89,7.3840,0.0000,16.0830,33.813,0.3035
S5-E2,0,90,6.2586,0.1009,15.6275,33.718,0.2991
S5-E2,0,91,5.7468,0.2091,14.5616,33.848,0.2692
S5-E2,0,92,5.5754,0.1233,14.6504,33.616,0.2542
S5-E2,0,93,5.3922,0.1473,14.3744,33.955,0.2594
S5-E2,0,94,5.1448,0.0000,13.3813,33.913,0.2706
S5-E2,0,95,5.1180,0.1257,13.1603,34.033,0.2763
S5-E2,0,96,5.1340,0.2479,13.7444,33.852,0.2754
S5-E2,0,97,5.5773,0.0000,12.3273,33.764,0.2728
S5-E2,0,98,5.0365,0.1166,13.0750,33.704,0.2725
S5-E2,0,99,5.0647,0.0000,12.0067,33.656,0.2736
S5-E2,0,100,4.8621,0.1162,12.6181,33.655,0.2576
S5-E2,0,101,4.3525,0.0730,11.5980,33.235,0.1769
S5-E2,0,102,4.2061,0.0472,11.1658,33.318,0.1163
S5-E2,0,103,4.4592,0.1139,10.7770,33.812,0.1169
S5-E2,0,104,4.0440,0.0000,10.1324,33.865,0.1449
S5-E2,0,105,3.6867,0.1342,10.3278,34.091,0.1627
S5-E2,0,106,3.6870,0.0000,9.9184,33.740,0.1619
S5-E2,0,107,3.7182,0.0000,9.1861,33.864,0.1541
S5-E2,0,108,3.8248,0.1784,8.7646,34.049,0.1501
S5-E2,0,109,3.6319,0.1879,9.3161,34.047,0.1517
S5-E2,0,110,3.5241,0.0836,8.8208,33.986,0.1550
S5-E2,0,111,3.4622,0.1188,8.6783,34.121,0.1565
S5-E2,0,112,3.4733,0.1149,8.9070,34.265,0.1559
S5-E2,0,113,3.3396,0.0707,8.5816,33.978,0.1548
S5-E2,0,114,2.9993,0.1914,8.5583,34.272,0.1540
S5-E2,0,115,3.3192,0.0000,8.6275,34.133,0.1541
S5-E2,0,116,2.8593,0.0787,7.8828,33.843,0.1546
S5-E2,0,117,3.0329,0.0000,7.7587,33.989,0.1548
S5-E2,0,118,3.2167,0.0000,7.8238,33.954,0.1546
S5-E2,0,119,3.0453,0.0210,8.3092,34.090,0.1545
S5-E2,0,120,2.8037,0.0296,8.0147,34.166,0.1544
S5-E2,0,121,2.8001,0.0172,7.8151,33.813,0.1541
S5-E2,0,122,3.0611,0.0551,7.3560,33.835,0.1544
S5-E2,0,123,2.8658,0.2016,7.4297,34.095,0.1545
S5-E2,0,124,2.8977,0.0457,7.2298,33.777,0.1544
S5-E2,0,125,3.0595,0.0000,7.4822,33.752,0.1544
S5-E2,0,126,2.8345,0.1253,7.6109,34.027,0.1546
S5-E2,0,127,2.9359,0.0838,7.6677,33.733,0.1547
S5-E2,0,128,2.9118,0.3495,7.4920,34.280,0.1539
S5-E2,0,129,2.9286,0.1306,7.3635,33.841,0.1534
S5-E2,0,130,3.0071,0.1063,6.8507,33.850,0.1539
S5-E2,0,131,2.9633,0.1175,7.4776,34.100,0.1544
S5-E2,0,132,2.9001,0.2808,6.8392,33.909,0.1537
S5-E2,0,133,2.6613,0.0683,7.2685,33.935,0.1535
S5-E2,0,134,2.9484,0.0949,6.9908,33.849,0.1538
S5-E2,0,135,2.9535,0.4011,7.2228,33.737,0.1547
S5-E2,0,136,2.7280,0.1463,7.0676,33.665,0.1550
S5-E2,0,137,2.8837,0.0320,7.0060,34.032,0.1546
S5-E2,0,138,2.9257,0.0000,7.2843,33.906,0.1537
S5-E2,0,139,3.0647,0.2723,7.0425,33.916,0.1534
S5-E2,0,140,2.7458,0.0999,7.2240,34.085,0.1544
S5-E2,0,141,3.0380,0.0000,7.2498,34.112,0.1550
S5-E2,0,142,2.9217,0.0087,7.0482,34.151,0.1551
S5-E2,0,143,3.1764,0.1320,6.8862,33.745,0.1554
S5-E2,0,144,2.8857,0.0000,7.0372,33.745,0.1551
S5-E2,0,145,2.8714,0.1196,7.1225,33.955,0.1541
S5-E2,0,146,2.6354,0.0004,7.3302,33.857,0.1536
S5-E2,0,147,2.8940,0.3375,7.4444,33.763,0.1540
S5-E2,0,148,2.9605,0.0000,6.6473,34.146,0.1547
S5-E2,0,149,3.0444,0.0000,7.2370,34.185,0.1553
S5-E2,0,150,3.1490,0.1172,6.9993,34.132,0.1553
S5-E2,0,151,2.8454,0.2466,6.8686,34.059,0.1548
S5-E2,0,152,2.9956,0.1986,6.7596,34.022,0.1544
S5-E2,0,153,2.9101,0.3403,6.7975,34.085,0.1539
S5-E2,0,154,3.0456,0.0042,7.2848,34.202,0.1539
S5-E2,0,155,3.2625,0.0000,7.0782,34.086,0.1547
S5-E2,0,156,2.8587,0.1654,6.7092,34.104,0.1556
S5-E2,0,157,3.0638,0.0813,7.1895,34.189,0.1558
S5-E2,0,158,3.0965,0.4069,7.0283,34.037,0.1556
S5-E2,0,159,3.3144,0.0000,7.4409,34.050,0.1552
S5-E2,0,160,3.1719,0.1184,7.0863,34.041,0.1546
S5-E2,0,161,3.0978,0.0028,7.0213,33.904,0.1545
S5-E2,0,162,2.9571,0.0000,6.9831,34.101,0.1547
S5-E2,0,163,3.0177,0.0949,7.2912,33.815,0.1549
S5-E2,0,164,3.0623,0.0435,6.9144,33.607,0.1554
S5-E2,0,165,3.0853,0.0000,6.6529,34.082,0.1554
S5-E2,0,166,3.2443,0.2923,7.3656,34.157,0.1546
S5-E2,0,167,2.7593,0.1982,6.8906,34.285,0.1543
S5-E2,0,168,2.9303,0.1723,6.8270,33.996,0.1543
S5-E2,0,169,2.7590,0.0524,7.1400,34.224,0.1547
S5-E2,0,170,3.1778,0.2298,7.0307,34.112,0.1552
S5-E2,0,171,3.1988,0.1914,7.0493,34.128,0.1554
S5-E2,0,172,3.0660,0.0470,7.1669,33.817,0.1554
S5-E2,0,173,2.8785,0.2817,7.0700,33.679,0.1551
S5-E2,0,174,3.0645,0.2381,7.0614,34.163,0.1546
S5-E2,0,175,3.0398,0.1120,7.1743,34.117,0.1542
S5-E2,0,176,3.1971,0.0000,7.0601,34.002,0.1548
S5-E2,0,177,2.8989,0.2990,6.9281,33.993,0.1552
S5-E2,0,178,2.8375,0.0000,7.0800,34.115,0.1546
S5-E2,0,179,3.0366,0.0195,7.0373,34.215,0.1539
S5-E2,0,180,2.8853,0.0000,6.8729,33.771,0.1540
S5-E2,0,181,3.1519,0.1546,6.9913,34.195,0.1542
S5-E2,0,182,2.9696,0.0000,6.9281,34.159,0.1547
S5-E2,0,183,3.0712,0.0000,7.1073,33.938,0.1550
S5-E2,0,184,3.0726,0.0885,7.0035,34.029,0.1545
S5-E2,0,185,2.8574,0.2378,6.8635,33.704,0.1543
S5-E2,0,186,2.8863,0.3227,6.8835,33.972,0.1545
S5-E2,0,187,2.9400,0.2501,7.7156,34.262,0.1543
S5-E2,0,188,2.7792,0.1402,6.9854,34.032,0.1539
S5-E2,0,189,2.7453,0.0000,6.9029,34.118,0.1538
S5-E2,0,190,2.9796,0.0000,7.2817,33.927,0.1541
S5-E2,0,191,2.9177,0.3531,7.2062,33.924,0.1545
S5-E2,0,192,2.8863,0.2763,6.9512,33.906,0.1544
S5-E2,0,193,2.9999,0.1043,7.0601,34.010,0.1544
S5-E2,0,194,2.9233,0.0699,7.3434,34.462,0.1540
S5-E2,0,195,2.8837,0.0154,6.9989,33.979,0.1542
S5-E2,0,196,3.2848,0.0358,6.8967,34.052,0.1551
S5-E2,0,197,3.2068,0.0477,6.9397,33.932,0.1558
S5-E2,0,198,2.8029,0.2689,7.2487,34.059,0.1556
S5-E2,0,199,2.9213,0.2665,6.8370,33.987,0.1542
S5-E2,0,200,2.9285,0.0000,7.0559,33.938,0.1533
S5-E2,0,201,2.8867,0.0000,6.8574,34.086,0.1535
S5-E2,0,202,2.9174,0.2002,6.8152,34.009,0.1541
S5-E2,0,203,2.7501,0.0000,7.1686,34.058,0.1547
S5-E2,0,204,2.8925,0.0585,7.1771,33.970,0.1549
S5-E2,0,205,2.8251,0.1406,6.9791,34.009,0.1541
S5-E2,0,206,2.8681,0.2219,7.0052,33.848,0.1536
S5-E2,0,207,2.9384,0.0000,7.2984,33.747,0.1533
S5-E2,0,208,2.7591,0.0770,6.9548,33.884,0.1537
S5-E2,0,209,2.9817,0.2256,7.2075,33.776,0.1543
S5-E2,0,210,2.7632,0.2620,7.1007,34.118,0.1543
S5-E2,0,211,2.7893,0.0000,6.8334,33.939,0.1541
S5-E2,0,212,2.8557,0.1823,7.3686,33.848,0.1545
S5-E2,0,213,2.9238,0.0000,7.4060,34.259,0.1548
S5-E2,0,214,3.0526,0.1219,6.8857,34.147,0.1547
S5-E2,0,215,2.9333,0.1828,6.9624,33.970,0.1542
S5-E2,0,216,2.8555,0.0322,6.6641,34.048,0.1547
S5-E2,0,217,2.7862,0.2129,7.0321,33.958,0.1549
S5-E2,0,218,2.9719,0.0873,6.9455,33.946,0.1541
S5-E2,0,219,3.0272,0.0000,7.2125,33.850,0.1534
S5-E2,0,220,2.8770,0.3384,7.2389,33.741,0.1533
S5-E2,0,221,2.9906,0.2797,7.8091,34.802,0.1770
S5-E2,0,222,3.2152,0.1175,8.4853,35.182,0.3246
S5-E2,0,223,3.7944,0.3238,8.5554,34.788,0.4674
S5-E2,0,224,3.5634,0.2545,9.3060,33.996,0.4936
S5-E2,0,225,3.6662,0.1313,9.6272,34.261,0.4431
S5-E2,0,226,4.2006,0.1763,9.8133,34.120,0.3965
S5-E2,0,227,4.4080,0.1418,9.4630,34.332,0.3872
S5-E2,0,228,4.6414,0.3230,10.0464,34.339,0.4004
S5-E2,0,229,4.7677,0.1306,10.2997,33.921,0.4118
S5-E2,0,230,4.7504,0.0000,11.3336,34.210,0.4121
S5-E2,0,231,4.6524,0.1187,11.4745,33.951,0.4045
S5-E2,0,232,4.6710,0.2203,11.1177,33.645,0.3987
S5-E2,0,233,4.5691,0.2580,11.7749,34.161,0.3986
S5-E2,0,234,5.1476,0.3091,12.0099,33.994,0.4006
S5-E2,0,235,4.8699,0.0429,11.7458,34.156,0.4020
S5-E2,0,236,5.0942,0.0000,11.6189,34.129,0.4020
S5-E2,0,237,4.7778,0.2054,12.2589,33.990,0.4012
S5-E2,0,238,5.1219,0.0538,11.6176,33.986,0.4005
S5-E2,0,239,5.2301,0.0068,13.0586,34.209,0.4006
S5-E2,0,240,5.1182,0.3477,11.8211,34.181,0.4019
S5-E2,0,241,5.1108,0.0000,12.5615,33.813,0.4018
S5-E2,0,242,5.1723,0.0000,12.7557,33.943,0.4015
S5-E2,0,243,5.2718,0.1210,12.1268,33.822,0.4012
S5-E2,0,244,5.4784,0.0000,12.7327,33.880,0.4004
S5-E2,0,245,5.0899,0.0000,12.7790,33.746,0.4004
S5-E2,0,246,5.4441,0.1184,12.7839,33.974,0.4003
S5-E2,0,247,5.5922,0.4970,12.3488,34.099,0.4008
S5-E2,0,248,5.5293,0.3965,12.8263,34.017,0.4022
S5-E2,0,249,5.4329,0.1370,13.2978,33.942,0.4027
S5-E2,0,250,5.8224,0.0456,13.4761,34.089,0.4025
S5-E2,0,251,5.2345,0.3377,12.6769,33.854,0.4016
S5-E2,0,252,5.4044,0.1584,12.3480,34.213,0.4008
S5-E2,0,253,5.6558,0.2617,12.5391,34.050,0.4010
S5-E2,0,254,5.6883,0.0422,12.9909,33.965,0.4022
S5-E2,0,255,5.6505,0.0477,13.1124,33.956,0.4024
S5-E2,0,256,6.0181,0.2533,13.6962,34.176,0.4017
S5-E2,0,257,5.4765,0.1975,13.4087,34.050,0.4023
S5-E2,0,258,5.4979,0.1464,13.2535,33.856,0.4035
S5-E2,0,259,5.4858,0.3730,12.7036,33.763,0.4031
S5-E2,0,260,5.4140,0.0891,12.9915,33.601,0.4014
S5-E2,0,261,5.6287,0.0900,13.5431,33.737,0.4008
S5-E2,0,262,5.9332,0.2204,12.8462,33.885,0.4014
S5-E2,0,263,5.5736,0.0000,13.0068,33.959,0.4017
S5-E2,0,264,5.2886,0.0000,12.8474,33.960,0.4016
S5-E2,0,265,5.8503,0.2050,13.3664,34.060,0.4015
S5-E2,0,266,5.3665,0.0000,13.1260,34.065,0.4018
S5-E2,0,267,5.4437,0.1854,13.4019,34.282,0.4023
S5-E2,0,268,5.9383,0.3989,13.6335,34.006,0.4028
S5-E2,0,269,5.9127,0.0961,13.4961,34.079,0.4031
S5-E2,0,270,5.8503,0.0791,13.6242,34.069,0.4026
S5-E2,0,271,5.6791,0.0000,14.0316,33.952,0.4024
S5-E2,0,272,5.9179,0.0544,13.6206,34.249,0.4023
S5-E2,0,273,5.6030,0.0000,13.8481,34.057,0.4017
S5-E2,0,274,5.6111,0.1107,12.9015,34.082,0.4018
S5-E2,0,275,5.5551,0.2004,13.7831,34.068,0.4019
S5-E2,0,276,5.9943,0.1155,13.0324,34.120,0.4022
S5-E2,0,277,5.6230,0.0224,12.7256,33.922,0.4025
S5-E2,0,278,5.5816,0.0189,13.2534,34.011,0.4031
S5-E2,0,279,5.8327,0.2257,13.6505,33.954,0.4031
S5-E2,0,280,5.7255,0.2746,13.2995,33.985,0.4026
S5-E2,0,281,5.6575,0.3773,13.9648,33.878,0.4020
S5-E2,0,282,5.5600,0.2036,13.7510,34.031,0.4017
S5-E2,0,283,5.3734,0.0615,13.3272,33.946,0.4016
S5-E2,0,284,5.7489,0.0000,13.2929,34.249,0.4010
S5-E2,0,285,5.8184,0.1944,13.2945,33.752,0.4012
S5-E2,0,286,5.9956,0.2257,13.1562,34.121,0.4021
S5-E2,0,287,5.2797,0.1663,12.9108,33.824,0.4018
S5-E2,0,288,5.3782,0.1610,13.3023,33.883,0.4009
S5-E2,0,289,5.5559,0.1373,13.4563,34.219,0.4011
S5-E2,0,290,5.5437,0.0000,13.9383,34.280,0.4017
S5-E2,0,291,5.3662,0.2095,13.6174,34.263,0.4018
S5-E2,0,292,5.0514,0.1313,13.6372,33.932,0.4021
S5-E2,0,293,5.3667,0.0647,12.7979,34.030,0.4019
S5-E2,0,294,5.4886,0.0381,13.0193,34.106,0.4011
S5-E2,0,295,5.4257,0.0000,13.4067,34.141,0.4017
S5-E2,0,296,5.8802,0.0000,13.5080,34.037,0.4028
S5-E2,0,297,5.5231,0.0000,13.6516,33.925,0.4029
S5-E2,0,298,5.2197,0.1337,13.1798,33.952,0.4020
S5-E2,0,299,5.7013,0.0000,13.4614,33.796,0.4008
S5-E2,0,300,5.2229,0.1404,13.2371,34.084,0.4011
S5-E2,0,301,5.5280,0.1852,12.7505,33.896,0.4024
S5-E2,0,302,5.4240,0.0000,12.6239,33.880,0.4021
S5-E2,0,303,5.1571,0.4144,13.6168,34.103,0.4004
S5-E2,0,304,5.4431,0.0000,13.0991,34.084,0.3998
S5-E2,0,305,5.5044,0.1194,14.0143,33.956,0.4008
S5-E2,0,306,5.4970,0.0000,13.5588,33.903,0.4022
S5-E2,0,307,5.9056,0.1394,13.6802,34.050,0.4023
S5-E2,0,308,5.5595,0.0000,13.0512,33.837,0.4017
S5-E2,0,309,5.2731,0.0000,13.3902,34.205,0.4013
S5-E2,0,310,5.4754,0.0505,13.2753,33.903,0.4008
S5-E2,0,311,5.4250,0.3443,12.7715,33.881,0.4006
S5-E2,0,312,5.3099,0.3557,13.3828,34.152,0.4014
S5-E2,0,313,5.5962,0.0000,13.3547,34.083,0.4025
S5-E2,0,314,5.8492,0.2584,13.0837,33.997,0.4024
S5-E2,0,315,5.5241,0.2324,14.0575,33.866,0.4021
S5-E2,0,316,5.7742,0.4303,13.5068,34.266,0.4020
S5-E2,0,317,5.8902,0.0000,13.3533,33.923,0.4016
S5-E2,0,318,5.3304,0.3300,13.2149,34.127,0.4009
S5-E2,0,319,5.6079,0.0366,14.0183,33.937,0.4003
S5-E2,0,320,5.3668,0.0000,13.3621,34.165,0.4010
S5-E2,0,321,5.4139,0.1711,12.9629,34.128,0.4022
S5-E2,0,322,5.2802,0.1499,13.6457,34.156,0.4021
S5-E2,0,323,5.5284,0.0000,13.5207,33.841,0.4064
S5-E2,0,324,4.9534,0.2333,13.4935,33.930,0.4323
S5-E2,0,325,5.8429,0.2102,14.0036,34.111,0.4533
S5-E2,0,326,5.5487,0.0916,14.0822,33.990,0.4543
S5-E2,0,327,5.9056,0.1857,13.3083,34.066,0.4447
S5-E2,0,328,5.5967,0.3684,14.2028,34.242,0.4378
S5-E2,0,329,5.4512,0.0000,14.0789,33.985,0.4380
S5-E2,0,330,5.4754,0.0000,13.8414,34.340,0.4416
S5-E2,0,331,5.5097,0.1444,13.6602,33.954,0.4427
S5-E2,0,332,5.8293,0.4080,13.8741,33.986,0.4411
S5-E2,0,333,5.4049,0.0000,13.8762,33.798,0.4399
S5-E2,0,334,5.8417,0.4462,13.8693,34.036,0.4394
S5-E2,0,335,5.8668,0.0000,13.8804,34.001,0.4394
S5-E2,0,336,5.5462,0.1343,13.5724,34.300,0.4403
S5-E2,0,337,5.9339,0.3029,14.4415,34.009,0.4406
S5-E2,0,338,5.4049,0.0000,13.7347,33.890,0.4394
S5-E2,0,339,5.9043,0.0000,13.6237,33.734,0.4391
S5-E2,0,340,5.8139,0.0822,14.2447,34.097,0.4402
S5-E2,0,341,5.8929,0.0519,14.5108,34.268,0.4404
S5-E2,0,342,5.7331,0.0195,13.2382,33.940,0.4395
S5-E2,0,343,5.4653,0.1806,14.3732,33.901,0.4389
S5-E2,0,344,5.9578,0.0285,13.7558,33.972,0.4399
S5-E2,0,345,6.0783,0.3060,13.7926,33.905,0.4412
S5-E2,0,346,5.9181,0.0000,13.9247,33.975,0.4413
S5-E2,0,347,5.8593,0.0000,13.8514,34.078,0.4400
S5-E2,0,348,6.1952,0.2145,13.6743,34.164,0.4394
S5-E2,0,349,5.4259,0.1288,14.7191,33.860,0.4404
S5-E2,0,350,5.7395,0.1766,14.1090,34.103,0.4408
S5-E2,0,351,6.0887,0.0556,14.1577,34.195,0.4404
S5-E2,0,352,5.6440,0.3321,14.3657,34.103,0.4404
S5-E2,0,353,6.2864,0.1191,14.1966,33.946,0.4414
S5-E2,0,354,5.7930,0.1420,13.2215,34.178,0.4418
S5-E2,0,355,5.8260,0.0957,14.3590,34.202,0.4412
S5-E2,0,356,5.9127,0.1502,14.2422,33.664,0.4410
S5-E2,0,357,5.9395,0.0813,14.1678,34.052,0.4410
S5-E2,0,358,6.1580,0.1441,14.1694,34.025,0.4410
S5-E2,0,359,5.8081,0.2142,15.7452,34.132,0.4411
S5-E2,0,360,6.3902,0.0000,14.1012,33.856,0.4412
S5-E2,0,361,6.3506,0.4024,13.5903,34.000,0.4411
S5-E2,0,362,6.1754,0.0000,14.2939,33.761,0.4414
S5-E2,0,363,6.4047,0.0521,13.9063,33.939,0.4425
S5-E2,0,364,6.3238,0.1741,14.0036,33.848,0.4429
S5-E2,0,365,6.2695,0.3140,14.1574,34.287,0.4426
S5-E2,0,366,6.1800,0.0000,15.5184,34.086,0.4429
S5-E2,0,367,6.8692,0.0501,15.0403,34.054,0.4430
S5-E2,0,368,6.4702,0.1561,13.6122,34.065,0.4426
S5-E2,0,369,5.9855,0.2058,13.7870,33.862,0.4404
S5-E2,0,370,6.1598,0.0000,14.5503,33.823,0.4312
S5-E2,0,371,6.5101,0.0000,14.5249,34.154,0.4243
S5-E2,0,372,6.0544,0.4961,14.5215,34.027,0.4245
S5-E2,0,373,6.3235,0.2670,13.4039,33.868,0.4282
S5-E2,0,374,5.9512,0.1088,14.7133,34.235,0.4307
S5-E2,0,375,6.0363,0.0000,13.7843,33.939,0.4304
S5-E2,0,376,5.7846,0.1848,14.3560,34.161,0.4284
S5-E2,0,377,6.0268,0.3433,14.0926,33.860,0.4271
S5-E2,0,378,5.8526,0.2544,14.2586,34.168,0.4280
S5-E2,0,379,5.8096,0.2475,14.5847,34.152,0.4293
S5-E2,0,380,5.8902,0.0805,13.4710,34.302,0.4294
S5-E2,0,381,5.8790,0.0000,13.7873,33.712,0.4285
S5-E2,0,382,6.1433,0.1247,13.4987,34.337,0.4280
S5-E2,0,383,5.9131,0.2028,13.6107,34.116,0.4287
S5-E2,0,384,5.7832,0.0000,13.8709,34.067,0.4294
S5-E2,0,385,6.2119,0.0142,13.7663,34.191,0.4293
S5-E2,0,386,5.8347,0.1057,14.6108,34.324,0.4288
S5-E2,0,387,5.8951,0.2400,15.2144,33.959,0.4284
S5-E2,0,388,5.9839,0.2910,14.7386,33.959,0.4285
S5-E2,0,389,5.8143,0.0714,13.9131,33.883,0.4292
S5-E2,0,390,5.8447,0.0503,13.6810,33.984,0.4292
S5-E2,0,391,5.9759,0.1689,13.3396,34.130,0.4288
S5-E2,0,392,5.8527,0.1418,14.2754,33.813,0.4293
S5-E2,0,393,5.4769,0.2782,13.9323,33.737,0.4236
S5-E2,0,394,5.6766,0.1864,14.4347,33.891,0.3956
S5-E2,0,395,5.7744,0.4041,13.4474,33.919,0.3748
S5-E2,0,396,5.7560,0.1957,14.4500,33.764,0.3749
S5-E2,0,397,5.8290,0.0000,13.4759,34.032,0.3845
S5-E2,0,398,5.6314,0.1604,13.4550,34.084,0.3906
S5-E2,0,399,4.9985,0.0000,13.5859,33.923,0.3908
S5-E2,1,0,8.5639,0.0300,19.0090,34.077,0.6556
S5-E2,1,1,8.4854,0.2285,20.2044,33.998,0.6554
S5-E2,1,2,7.7421,0.0453,18.8379,34.107,0.6556
S5-E2,1,3,7.7260,0.0000,19.4014,33.835,0.6557
S5-E2,1,4,7.6854,0.1854,19.4526,33.813,0.6553
S5-E2,1,5,7.8439,0.2067,19.4487,34.059,0.6547
S5-E2,1,6,8.0939,0.1367,20.7096,33.981,0.6546
S5-E2,1,7,8.1090,0.1724,19.5908,34.161,0.6552
S5-E2,1,8,7.8295,0.4514,19.5731,34.074,0.6553
S5-E2,1,9,8.0609,0.0000,20.1375,33.570,0.6556
S5-E2,1,10,7.8309,0.2365,19.7152,34.186,0.6564
S5-E2,1,11,8.0844,0.1029,19.9754,34.009,0.6557
S5-E2,1,12,8.3910,0.3145,20.1816,33.866,0.6551
S5-E2,1,13,8.6358,0.2183,20.7418,33.928,0.6562
S5-E2,1,14,8.1954,0.0557,19.3390,33.924,0.6578
S5-E2,1,15,8.1392,0.2917,19.7860,33.873,0.6581
S5-E2,1,16,8.3856,0.1654,19.7673,33.761,0.6565
S5-E2,1,17,8.3389,0.4509,20.5287,33.931,0.6560
S5-E2,1,18,8.3687,0.0310,19.8368,33.800,0.6576
S5-E2,1,19,8.8309,0.1564,20.2690,34.127,0.6584
S5-E2,1,20,8.1027,0.1360,21.2851,33.987,0.6582
S5-E2,1,21,8.4149,0.1717,20.4312,34.059,0.6575
S5-E2,1,22,8.8402,0.1828,20.1655,33.801,0.6575
S5-E2,1,23,8.0146,0.0247,19.8619,33.752,0.6580
S5-E2,1,24,8.5468,0.1512,19.2130,33.946,0.6584
S5-E2,1,25,8.3127,0.2706,20.1359,33.943,0.6579
S5-E2,1,26,8.5527,0.1829,20.0219,33.846,0.6570
S5-E2,1,27,9.5485,0.1399,19.3935,34.134,0.6575
S5-E2,1,28,7.5026,0.4851,19.8459,34.050,0.6578
S5-E2,1,29,8.1741,0.2285,19.8938,34.024,0.6575
S5-E2,1,30,8.9212,0.3794,19.6604,34.311,0.6571
S5-E2,1,31,8.2175,0.1013,19.5168,33.718,0.6578
S5-E2,1,32,8.6003,0.0000,20.2695,33.871,0.6583
S5-E2,1,33,8.7789,0.0000,19.6124,33.987,0.6582
S5-E2,1,34,8.9275,0.1960,20.7741,34.041,0.6581
S5-E2,1,35,8.5227,0.3107,19.0842,34.217,0.6585
S5-E2,1,36,8.8400,0.6259,20.2253,34.055,0.6586
S5-E2,1,37,8.5656,0.0157,20.0227,34.046,0.6582
S5-E2,1,38,8.2976,0.1918,19.7010,33.587,0.6578
S5-E2,1,39,8.1945,0.1102,19.3656,34.033,0.6570
S5-E2,1,40,8.5144,0.0000,19.6511,33.892,0.6566
S5-E2,1,41,8.3794,0.0061,20.0823,33.767,0.6566
S5-E2,1,42,8.4186,0.1400,20.1994,34.138,0.6568
S5-E2,1,43,8.0934,0.1519,20.4433,34.124,0.6568
S5-E2,1,44,8.5883,0.1099,19.1815,33.974,0.6574
S5-E2,1,45,8.3580,0.4045,20.3193,33.997,0.6581
S5-E2,1,46,8.5403,0.1255,19.4987,34.032,0.6571
S5-E2,1,47,8.5136,0.3501,19.9778,33.835,0.6566
S5-E2,1,48,8.4257,0.2388,19.9566,33.996,0.6564
S5-E2,1,49,8.8370,0.3355,20.8517,34.082,0.6565
S5-E2,1,50,7.9897,0.2910,19.3949,33.959,0.6580
S5-E2,1,51,8.4685,0.0525,19.2421,34.178,0.6590
S5-E2,1,52,8.7415,0.0828,19.4702,33.961,0.6585
S5-E2,1,53,8.5232,0.4644,19.0132,33.979,0.6572
S5-E2,1,54,8.0949,0.3471,20.3433,33.645,0.6562
S5-E2,1,55,7.3311,0.2881,19.1136,33.931,0.6567
S5-E2,1,56,8.3847,0.0390,19.3334,34.095,0.6573
S5-E2,1,57,8.2122,0.1184,19.6143,33.978,0.6568
S5-E2,1,58,8.8786,0.1821,20.4385,34.002,0.6579
S5-E2,1,59,8.1610,0.3125,19.0509,33.721,0.6589
S5-E2,1,60,9.0764,0.0000,20.1899,33.787,0.6586
S5-E2,1,61,8.5227,0.0294,19.2724,33.517,0.6398
S5-E2,1,62,8.7959,0.2256,19.4797,33.475,0.5483
S5-E2,1,63,8.5779,0.0407,18.5397,33.899,0.4787
S5-E2,1,64,8.2927,0.2077,19.3073,33.857,0.4794
S5-E2,1,65,8.4039,0.1551,17.6770,33.736,0.5135
S5-E2,1,66,8.1031,0.0316,18.7601,33.733,0.5363
S5-E2,1,67,8.2203,0.2032,17.7487,33.677,0.5359
S5-E2,1,68,7.3442,0.2471,18.2452,33.986,0.5262
S5-E2,1,69,7.9769,0.0000,18.4417,33.870,0.5208
S5-E2,1,70,7.2499,0.1420,17.4099,33.921,0.5220
S5-E2,1,71,7.4960,0.3671,18.1992,34.180,0.5258
S5-E2,1,72,7.1036,0.0684,17.2153,33.962,0.5269
S5-E2,1,73,6.8837,0.0000,17.7335,33.866,0.5257
S5-E2,1,74,7.1667,0.0666,17.1622,34.148,0.5251
S5-E2,1,75,7.5531,0.2035,16.9202,34.020,0.5251
S5-E2,1,76,6.9468,0.2036,17.7535,33.941,0.5260
S5-E2,1,77,6.9273,0.0000,17.4674,33.833,0.5270
S5-E2,1,78,6.8807,0.1389,17.0268,34.249,0.5270
S5-E2,1,79,6.7594,0.1157,16.4796,34.014,0.5271
S5-E2,1,80,6.5573,0.0326,17.2374,34.106,0.5275
S5-E2,1,81,7.3761,0.1521,16.6369,34.061,0.5273
S5-E2,1,82,7.3915,0.0266,16.4982,34.006,0.5274
S5-E2,1,83,7.1203,0.1766,16.6191,33.938,0.5277
S5-E2,1,84,6.9941,0.0585,16.8213,34.026,0.5271
S5-E2,1,85,6.7450,0.2313,16.2381,33.980,0.5264
S5-E2,1,86,7.0135,0.0817,16.3671,34.181,0.5254
S5-E2,1,87,7.3548,0.0231,16.2899,34.064,0.5252
S5-E2,1,88,7.3031,0.0000,17.6056,34.060,0.5262
S5-E2,1,89,6.9346,0.0000,18.0946,34.019,0.5266
S5-E2,1,90,6.9671,0.0871,17.0985,34.084,0.5263
S5-E2,1,91,7.2224,0.1065,16.8262,33.852,0.5260
S5-E2,1,92,6.5350,0.0724,16.2478,34.069,0.5254
S5-E2,1,93,7.0453,0.0313,16.4502,33.920,0.5255
S5-E2,1,94,6.7477,0.2172,16.3221,33.819,0.5257
S5-E2,1,95,6.3446,0.2704,16.5090,34.110,0.5251
S5-E2,1,96,6.8949,0.3220,16.9944,33.890,0.5244
S5-E2,1,97,6.7662,0.0906,16.1838,33.783,0.5251
S5-E2,1,98,6.2700,0.1541,16.5097,34.235,0.5259
S5-E2,1,99,6.3820,0.1527,16.3102,33.912,0.5250
S5-E2,1,100,6.5066,0.0000,16.3814,33.515,0.4963
S5-E2,1,101,5.9717,0.0000,16.2741,32.838,0.3620
S5-E2,1,102,6.3871,0.2819,15.1099,33.422,0.2621
S5-E2,1,103,5.6175,0.0000,14.9982,33.974,0.2652
S5-E2,1,104,5.8295,0.0395,14.4756,33.999,0.3143
S5-E2,1,105,5.9462,0.1140,13.8652,33.911,0.3445
S5-E2,1,106,5.9770,0.0453,14.0798,33.809,0.3422
S5-E2,1,107,5.6129,0.0136,14.1193,33.649,0.3287
S5-E2,1,108,5.2626,0.0000,13.1451,34.086,0.3226
S5-E2,1,109,5.1401,0.0154,14.2047,34.059,0.3251
S5-E2,1,110,5.5370,0.2354,13.2083,34.006,0.3303
S5-E2,1,111,4.9456,0.1495,13.0425,34.210,0.3336
S5-E2,1,112,5.3032,0.0626,12.7751,34.158,0.3329
S5-E2,1,113,5.4646,0.1313,12.4014,33.564,0.3308
S5-E2,1,114,4.8577,0.1464,12.6302,33.757,0.3305
S5-E2,1,115,5.2416,0.1376,12.4433,33.791,0.3312
S5-E2,1,116,5.1173,0.0000,13.2423,33.903,0.3322
S5-E2,1,117,5.3433,0.1414,12.1035,33.848,0.3328
S5-E2,1,118,5.4914,0.0000,12.0380,33.651,0.3324
S5-E2,1,119,4.6421,0.0454,12.2016,33.918,0.3319
S5-E2,1,120,5.6768,0.0000,12.2137,33.756,0.3319
S5-E2,1,121,5.0094,0.1153,12.5505,33.746,0.3323
S5-E2,1,122,5.0460,0.0948,12.7332,33.992,0.3327
S5-E2,1,123,5.1646,0.0000,12.0534,34.176,0.3328
S5-E2,1,124,5.4632,0.1241,12.0879,33.799,0.3325
S5-E2,1,125,4.6175,0.0000,11.4505,33.964,0.3317
S5-E2,1,126,5.1667,0.3939,11.0895,33.957,0.3308
S5-E2,1,127,4.8763,0.0000,11.9638,33.859,0.3314
S5-E2,1,128,5.1425,0.0904,10.9536,34.237,0.3329
S5-E2,1,129,4.7266,0.0646,12.1738,34.588,0.3541
S5-E2,1,130,5.7831,0.2174,12.5399,34.534,0.4632
S5-E2,1,131,5.8394,0.0000,12.9314,34.643,0.5511
S5-E2,1,132,5.8969,0.0805,13.6459,34.367,0.5546
S5-E2,1,133,5.3927,0.0597,13.2266,33.704,0.5139
S5-E2,1,134,6.3689,0.1118,13.1681,34.007,0.4845
S5-E2,1,135,5.7713,0.0000,13.3159,34.119,0.4844
S5-E2,1,136,6.0414,0.0000,14.0137,33.869,0.4967
S5-E2,1,137,5.9427,0.2449,14.3339,33.808,0.5025
S5-E2,1,138,5.9309,0.4630,13.6343,33.867,0.4993
S5-E2,1,139,5.9295,0.1584,14.1448,34.217,0.4932
S5-E2,1,140,5.8350,0.1280,13.6961,34.080,0.4908
S5-E2,1,141,5.9157,0.2207,13.8875,34.094,0.4929
S5-E2,1,142,5.9424,0.0906,15.3654,34.138,0.4953
S5-E2,1,143,6.5150,0.4390,14.2324,33.919,0.4963
S5-E2,1,144,6.2174,0.3884,14.9483,33.920,0.4960
S5-E2,1,145,6.3747,0.0000,14.2842,34.182,0.4951
S5-E2,1,146,6.5628,0.3542,14.5174,34.237,0.4941
S5-E2,1,147,6.1492,0.0000,14.9073,34.190,0.4937
S5-E2,1,148,6.4074,0.4263,14.1513,33.846,0.4933
S5-E2,1,149,6.3806,0.0000,14.8050,33.739,0.4931
S5-E2,1,150,6.2424,0.0000,14.8040,34.105,0.4940
S5-E2,1,151,6.1421,0.0882,15.2848,34.014,0.4948
S5-E2,1,152,6.9277,0.0000,14.6675,33.947,0.4945
S5-E2,1,153,6.1783,0.0000,16.0036,33.807,0.4936
S5-E2,1,154,6.5177,0.3712,15.4647,34.041,0.4928
S5-E2,1,155,6.4533,0.4302,15.4723,33.942,0.4925
S5-E2,1,156,6.1707,0.0000,15.5727,33.999,0.4930
S5-E2,1,157,6.2461,0.3869,14.9186,33.992,0.4933
S5-E2,1,158,6.1803,0.0352,16.0206,33.828,0.4937
S5-E2,1,159,6.0619,0.0000,15.7954,33.742,0.4939
S5-E2,1,160,6.4971,0.1539,15.6673,34.274,0.4936
S5-E2,1,161,6.7496,0.5124,16.1557,34.110,0.4936
S5-E2,1,162,6.8742,0.4091,16.0515,33.917,0.4941
S5-E2,1,163,6.5122,0.3118,14.7906,33.989,0.4950
S5-E2,1,164,6.3448,0.1245,15.7655,34.176,0.4951
S5-E2,1,165,6.5084,0.0735,15.3004,33.880,0.4936
S5-E2,1,166,6.5925,0.2373,15.7800,33.870,0.4922
S5-E2,1,167,6.2311,0.2530,15.1658,33.925,0.4926
S5-E2,1,168,5.9032,0.1905,15.7702,33.996,0.4938
S5-E2,1,169,6.2355,0.1200,15.5494,34.155,0.4936
S5-E2,1,170,6.6346,0.2025,15.5517,33.853,0.4937
S5-E2,1,171,6.6103,0.1387,15.3116,33.929,0.4947
S5-E2,1,172,6.3851,0.1037,15.1063,34.127,0.4944
S5-E2,1,173,6.0290,0.0041,15.3839,34.231,0.4944
S5-E2,1,174,6.8324,0.3466,15.5619,34.084,0.4943
S5-E2,1,175,6.9050,0.1593,15.6732,33.948,0.4941
S5-E2,1,176,6.4577,0.1514,15.8611,33.900,0.4950
S5-E2,1,177,6.7230,0.0000,15.4756,34.147,0.4954
S5-E2,1,178,6.4559,0.4307,16.3084,33.775,0.4946
S5-E2,1,179,6.9413,0.1483,15.9147,33.832,0.4938
S5-E2,1,180,6.9541,0.0000,14.7829,34.145,0.4944
S5-E2,1,181,6.5300,0.2383,16.5092,34.028,0.4956
S5-E2,1,182,6.9841,0.0633,16.5612,34.064,0.4954
S5-E2,1,183,6.1718,0.0695,15.7534,33.925,0.4947
S5-E2,1,184,6.6105,0.2860,15.4899,33.861,0.4943
S5-E2,1,185,6.0408,0.0000,15.7636,34.118,0.4941
S5-E2,1,186,6.8119,0.0000,16.2962,33.831,0.4939
S5-E2,1,187,6.0602,0.0836,15.9466,33.848,0.4934
S5-E2,1,188,7.0227,0.3108,16.0990,34.262,0.4940
S5-E2,1,189,6.7994,0.2179,15.8440,33.983,0.4951
S5-E2,1,190,6.7802,0.0000,14.6477,34.195,0.4951
S5-E2,1,191,6.5075,0.2348,15.5525,34.018,0.4941
S5-E2,1,192,6.5561,0.0783,15.1367,33.921,0.4929
S5-E2,1,193,6.6493,0.3299,15.9232,34.178,0.4927
S5-E2,1,194,6.3901,0.3206,14.9667,34.046,0.4936
S5-E2,1,195,6.0147,0.1773,15.8028,33.928,0.4939
S5-E2,1,196,6.0839,0.2626,15.7709,33.637,0.4935
S5-E2,1,197,6.0841,0.2462,15.5752,34.035,0.4934
S5-E2,1,198,6.3646,0.2284,16.5367,34.101,0.4934
S5-E2,1,199,6.5832,0.3957,15.3851,33.987,0.4936
S5-E2,1,200,6.5106,0.0000,16.3849,34.332,0.4942
S5-E2,1,201,6.2871,0.1077,15.8315,34.235,0.4952
S5-E2,1,202,6.6694,0.1688,15.6107,34.270,0.4952
S5-E2,1,203,6.8271,0.1579,14.9687,33.835,0.4944
S5-E2,1,204,6.4889,0.0000,14.9549,33.905,0.4938
S5-E2,1,205,6.4451,0.0105,15.6679,34.066,0.4938
S5-E2,1,206,6.0710,0.1147,15.8996,33.704,0.4942
S5-E2,1,207,6.3212,0.2645,16.1691,34.140,0.4942
S5-E2,1,208,6.4860,0.1769,15.6835,33.972,0.4938
S5-E2,1,209,6.1856,0.2453,15.7568,34.005,0.4934
S5-E2,1,210,6.6156,0.1197,15.5902,34.254,0.4933
S5-E2,1,211,5.6643,0.1490,16.6196,34.344,0.4930
S5-E2,1,212,6.3090,0.0135,15.7530,33.882,0.4932
S5-E2,1,213,6.0357,0.0880,15.6389,34.034,0.4936
S5-E2,1,214,6.2942,0.1406,16.1264,33.899,0.4938
S5-E2,1,215,6.0043,0.1562,15.3974,34.002,0.4941
S5-E2,1,216,6.9476,0.0000,15.9817,34.197,0.4949
S5-E2,1,217,6.3685,0.0154,15.1987,33.947,0.4959
S5-E2,1,218,7.0033,0.0005,14.9162,34.090,0.4959
S5-E2,1,219,6.6315,0.2280,16.5340,33.809,0.4946
S5-E2,1,220,6.6052,0.0946,16.0479,34.329,0.4943
S5-E2,1,221,6.5495,0.0000,15.5576,34.268,0.4953
S5-E2,1,222,6.6589,0.1971,16.0082,33.920,0.4958
S5-E2,1,223,6.3984,0.1510,15.9524,33.917,0.4951
S5-E2,1,224,6.9422,0.3850,15.8240,33.951,0.4940
S5-E2,1,225,6.7621,0.4264,15.9513,34.060,0.4941
S5-E2,1,226,6.5904,0.0831,15.6642,34.112,0.4947
S5-E2,1,227,6.6792,0.2357,15.7372,33.794,0.4947
S5-E2,1,228,6.4977,0.0967,15.5652,33.986,0.4941
S5-E2,1,229,6.7314,0.2586,15.2682,33.775,0.4943
S5-E2,1,230,6.8368,0.0000,15.8457,34.074,0.4950
S5-E2,1,231,6.0735,0.1756,15.0881,34.172,0.4953
S5-E2,1,232,6.4789,0.0070,14.9566,34.194,0.4947
S5-E2,1,233,6.3218,0.0000,15.7476,33.844,0.4942
S5-E2,1,234,6.1422,0.1331,16.2512,33.971,0.4943
S5-E2,1,235,6.7693,0.0381,16.1611,34.087,0.4943
S5-E2,1,236,6.6234,0.1234,16.1206,33.826,0.4942
S5-E2,1,237,6.6417,0.1702,15.5590,33.936,0.4938
S5-E2,1,238,6.7810,0.1712,14.8240,33.934,0.4943
S5-E2,1,239,6.4398,0.2066,16.1119,34.004,0.4953
S5-E2,1,240,6.5314,0.0436,15.1391,33.950,0.4953
S5-E2,1,241,6.4114,0.4350,15.1831,34.134,0.4945
S5-E2,1,242,6.8914,0.1313,15.8428,34.025,0.4944
S5-E2,1,243,6.4865,0.0602,15.5304,33.781,0.4951
S5-E2,1,244,6.4721,0.1227,16.4438,34.065,0.4954
S5-E2,1,245,7.1654,0.0120,15.6539,34.103,0.4947
S5-E2,1,246,6.8095,0.1678,15.7955,33.831,0.4944
S5-E2,1,247,6.7638,0.0000,16.1686,33.959,0.4947
S5-E2,1,248,6.9591,0.1990,14.7752,33.932,0.4951
S5-E2,1,249,6.1914,0.1991,15.9815,33.846,0.4956
S5-E2,1,250,6.8942,0.0000,15.6737,33.928,0.4954
S5-E2,1,251,6.6004,0.0445,15.6703,33.929,0.4946
S5-E2,1,252,6.8713,0.2305,16.0417,33.963,0.4939
S5-E2,1,253,6.7936,0.1340,16.2741,33.772,0.4944
S5-E2,1,254,6.7594,0.0122,16.4218,33.907,0.4950
S5-E2,1,255,6.3331,0.3297,15.7284,34.018,0.4949
S5-E2,1,256,6.4466,0.1490,15.8475,34.239,0.4949
S5-E2,1,257,6.2989,0.4744,15.6852,34.153,0.4944
S5-E2,1,258,6.7696,0.1792,15.1361,34.010,0.4939
S5-E2,1,259,6.6180,0.1906,16.1186,33.822,0.4943
S5-E2,1,260,6.5091,0.5133,15.5705,33.996,0.4946
S5-E2,1,261,6.8403,0.1263,15.2402,33.836,0.4949
S5-E2,1,262,6.8129,0.1457,16.0135,33.468,0.4952
S5-E2,1,263,6.0857,0.1987,15.5609,33.462,0.4718
S5-E2,1,264,5.8758,0.0882,14.9364,33.203,0.3619
S5-E2,1,265,6.0790,0.0000,14.5672,33.815,0.2804
S5-E2,1,266,5.8500,0.0091,14.5799,33.819,0.2826
S5-E2,1,267,5.2371,0.0000,14.4353,34.097,0.3226
S5-E2,1,268,5.5922,0.1743,13.9600,34.022,0.3478
S5-E2,1,269,5.5148,0.1227,13.3206,34.179,0.3463
S5-E2,1,270,5.8378,0.2114,14.6571,33.708,0.3350
S5-E2,1,271,5.5937,0.3552,13.0581,33.818,0.3300
S5-E2,1,272,5.9273,0.0432,13.1363,33.915,0.3323
S5-E2,1,273,5.2298,0.1318,12.6729,33.933,0.3361
S5-E2,1,274,5.4760,0.1004,12.5504,33.706,0.3377
S5-E2,1,275,5.0784,0.0000,13.2342,34.029,0.3374
S5-E2,1,276,4.9960,0.2068,13.2039,34.029,0.3375
S5-E2,1,277,5.2178,0.0811,12.4412,33.953,0.3377
S5-E2,1,278,5.5203,0.0632,12.1271,33.546,0.3373
S5-E2,1,279,5.1400,0.1773,13.1098,33.878,0.3371
S5-E2,1,280,5.3212,0.0538,11.8735,33.739,0.3372
S5-E2,1,281,4.9222,0.0411,12.6091,34.057,0.3369
S5-E2,1,282,4.9151,0.0000,12.4899,33.956,0.3367
S5-E2,1,283,5.0109,0.1452,12.3514,34.036,0.3370
S5-E2,1,284,5.2883,0.2198,11.9617,34.252,0.3372
S5-E2,1,285,5.0801,0.2626,13.0718,33.816,0.3374
S5-E2,1,286,4.8733,0.0000,11.8998,33.835,0.3378
S5-E2,1,287,4.4434,0.1176,12.3726,33.948,0.3371
S5-E2,1,288,4.9157,0.0481,12.3441,34.213,0.3356
S5-E2,1,289,4.8564,0.2365,11.3467,34.127,0.3358
S5-E2,1,290,5.0442,0.0000,12.0484,33.962,0.3372
S5-E2,1,291,5.1459,0.4043,12.0760,34.099,0.3380
S5-E2,1,292,5.0350,0.1001,11.8661,33.866,0.3380
S5-E2,1,293,5.0368,0.2484,12.3494,34.002,0.3381
S5-E2,1,294,4.4132,0.1778,12.3644,33.859,0.3377
S5-E2,1,295,5.3542,0.2251,12.3365,33.860,0.3362
S5-E2,1,296,4.7106,0.1225,11.7518,34.146,0.3356
S5-E2,1,297,4.9302,0.0391,11.5646,33.972,0.3360
S5-E2,1,298,4.7514,0.2392,11.8693,33.816,0.3363
S5-E2,1,299,4.6958,0.4001,11.5780,34.035,0.3362
S5-E2,1,300,4.7096,0.1125,11.5920,33.959,0.3357
S5-E2,1,301,4.4815,0.3301,11.4371,33.748,0.3358
S5-E2,1,302,4.3933,0.2192,11.5617,33.905,0.3359
S5-E2,1,303,4.7129,0.0000,10.8728,33.968,0.3356
S5-E2,1,304,4.5180,0.2277,11.5957,33.992,0.3358
S5-E2,1,305,4.7522,0.2769,11.2906,33.872,0.3366
S5-E2,1,306,4.8054,0.1461,11.7623,33.873,0.3372
S5-E2,1,307,4.5819,0.2985,11.2336,33.934,0.3374
S5-E2,1,308,5.0071,0.1738,11.4785,33.972,0.3370
S5-E2,1,309,4.8206,0.3690,11.6932,33.739,0.3363
S5-E2,1,310,5.0514,0.3852,11.8138,33.885,0.3363
S5-E2,1,311,4.6095,0.0371,11.5661,33.982,0.3373
S5-E2,1,312,4.8156,0.2327,11.3249,34.036,0.3371
S5-E2,1,313,4.7924,0.1298,11.2843,33.806,0.3355
S5-E2,1,314,4.6207,0.0868,11.8040,33.821,0.3352
S5-E2,1,315,4.7846,0.1545,11.8382,33.880,0.3357
S5-E2,1,316,4.5061,0.0000,11.5077,33.997,0.3365
S5-E2,1,317,4.6821,0.1330,11.5327,34.120,0.3373
S5-E2,1,318,4.5292,0.0561,11.5376,34.199,0.3372
S5-E2,1,319,4.2643,0.0655,11.4788,33.930,0.3365
S5-E2,1,320,4.9104,0.0699,11.7026,34.323,0.3359
S5-E2,1,321,4.5823,0.0000,11.7958,34.086,0.3362
S5-E2,1,322,4.6827,0.0475,11.8465,34.183,0.3367
S5-E2,1,323,4.8095,0.0000,11.4196,34.095,0.3368
S5-E2,1,324,4.8821,0.2383,12.0455,33.924,0.3365
S5-E2,1,325,4.8671,0.1446,12.5759,34.089,0.3362
S5-E2,1,326,4.8597,0.0563,11.9010,33.941,0.3363
S5-E2,1,327,5.2991,0.3102,11.6118,34.127,0.3363
S5-E2,1,328,4.4899,0.0000,11.8406,34.022,0.3363
S5-E2,1,329,4.9583,0.1502,10.4940,34.008,0.3365
S5-E2,1,330,4.8896,0.1018,11.4098,34.182,0.3366
S5-E2,1,331,4.4841,0.5234,11.7234,34.131,0.3363
S5-E2,1,332,4.7511,0.0363,11.6116,34.099,0.3353
S5-E2,1,333,4.8437,0.2273,11.3524,33.937,0.3353
S5-E2,1,334,4.8047,0.0000,11.5078,33.779,0.3366
S5-E2,1,335,5.0651,0.1328,11.7389,33.735,0.3376
S5-E2,1,336,4.4307,0.1034,11.6264,34.099,0.3378
S5-E2,1,337,4.7511,0.2924,11.8474,33.761,0.3371
S5-E2,1,338,4.8749,0.0000,11.5869,34.163,0.3372
S5-E2,1,339,4.4939,0.3474,11.6337,34.214,0.3374
S5-E2,1,340,4.7609,0.0405,11.5746,34.091,0.3366
S5-E2,1,341,4.6610,0.0000,12.0080,34.027,0.3364
S5-E2,1,342,4.5943,0.0000,11.8203,34.077,0.3367
S5-E2,1,343,4.9730,0.1698,10.8604,34.183,0.3364
S5-E2,1,344,5.1291,0.0655,11.2834,34.068,0.3366
S5-E2,1,345,4.4013,0.0315,11.6549,33.967,0.3368
S5-E2,1,346,5.1512,0.0000,12.0222,34.069,0.3368
S5-E2,1,347,4.6910,0.4141,11.5356,34.059,0.3368
S5-E2,1,348,5.0306,0.0000,11.2335,33.785,0.3367
S5-E2,1,349,4.8061,0.1651,12.0200,34.384,0.3477
S5-E2,1,350,4.8236,0.0000,12.1409,34.415,0.4047
S5-E2,1,351,5.3788,0.0435,12.6314,34.086,0.4504
S5-E2,1,352,5.1752,0.3963,12.0929,34.081,0.4517
S5-E2,1,353,5.0327,0.0000,13.0257,34.159,0.4311
S5-E2,1,354,5.1779,0.1283,12.6769,33.981,0.4171
S5-E2,1,355,5.0759,0.1835,12.2173,34.178,0.4166
S5-E2,1,356,5.2871,0.0893,12.6507,34.126,0.4222
S5-E2,1,357,5.5533,0.3336,13.0198,33.743,0.4259
S5-E2,1,358,5.2868,0.3190,13.1026,33.806,0.4254
S5-E2,1,359,5.5043,0.0000,13.1922,33.745,0.4223
S5-E2,1,360,5.6224,0.0000,13.1613,33.951,0.4198
S5-E2,1,361,5.6196,0.0000,13.7546,34.033,0.4199
S5-E2,1,362,5.6105,0.0578,13.6149,34.060,0.4208
S5-E2,1,363,5.8951,0.1896,13.0900,34.018,0.4208
S5-E2,1,364,5.5447,0.0000,13.4454,33.934,0.4199
S5-E2,1,365,5.4836,0.3237,14.0071,34.143,0.4190
S5-E2,1,366,5.8597,0.1678,13.2635,33.824,0.4189
S5-E2,1,367,5.5075,0.0000,13.1469,34.325,0.4192
S5-E2,1,368,5.8024,0.0350,12.7139,34.105,0.4195
S5-E2,1,369,5.5107,0.1262,13.1517,34.120,0.4200
S5-E2,1,370,5.3554,0.0768,12.9585,33.989,0.4205
S5-E2,1,371,5.6905,0.4739,13.3559,33.968,0.4201
S5-E2,1,372,5.2742,0.1532,14.5846,33.873,0.4196
S5-E2,1,373,5.6769,0.0000,13.6658,33.961,0.4204
S5-E2,1,374,5.6963,0.1593,14.1608,33.779,0.4202
S5-E2,1,375,5.7068,0.2692,13.2415,34.113,0.4194
S5-E2,1,376,5.4730,0.0653,13.9409,33.706,0.4205
S5-E2,1,377,5.6741,0.0000,13.9288,34.349,0.4221
S5-E2,1,378,5.8010,0.3187,13.5530,34.337,0.4214
S5-E2,1,379,5.5132,0.0267,12.9776,33.898,0.4199
S5-E2,1,380,5.9768,0.1652,13.1100,34.079,0.4197
S5-E2,1,381,5.6505,0.0417,14.0872,33.808,0.4200
S5-E2,1,382,5.2780,0.0187,13.4176,33.898,0.4208
S5-E2,1,383,5.5863,0.1767,13.4768,33.944,0.4217
S5-E2,1,384,5.5466,0.0000,14.0089,33.940,0.4218
S5-E2,1,385,5.6870,0.0000,13.2753,33.976,0.4214
S5-E2,1,386,5.9663,0.1500,12.7445,34.126,0.4211
S5-E2,1,387,6.2559,0.0000,13.8364,34.035,0.4144
S5-E2,1,388,5.6320,0.0000,13.2867,33.683,0.3805
S5-E2,1,389,5.7371,0.0861,13.4635,33.876,0.3544
S5-E2,1,390,5.7260,0.1183,13.5623,33.854,0.3541
S5-E2,1,391,5.2388,0.1057,12.6350,33.841,0.3663
S5-E2,1,392,5.6654,0.0000,12.9537,33.998,0.3746
S5-E2,1,393,5.7550,0.0773,12.9702,33.903,0.3742
S5-E2,1,394,5.6862,0.1453,12.8488,33.803,0.3708
S5-E2,1,395,5.3782,0.1278,13.2142,33.809,0.3692
S5-E2,1,396,5.6277,0.1570,13.3606,34.062,0.3702
S5-E2,1,397,5.4068,0.2348,13.7073,33.751,0.3715
S5-E2,1,398,5.2964,0.0000,12.4881,34.091,0.3710
S5-E2,1,399,5.5545,0.0746,12.8153,34.130,0.3700
S5-E2,2,0,8.4017,0.4294,18.7773,34.399,0.6187
S5-E2,2,1,7.7388,0.4019,19.1637,34.147,0.6167
S5-E2,2,2,7.9013,0.1627,18.8592,33.976,0.6163
S5-E2,2,3,7.2991,0.0000,19.2256,33.732,0.6165
S5-E2,2,4,7.2478,0.4565,19.1146,34.222,0.6165
S5-E2,2,5,7.6195,0.3738,18.4678,33.887,0.6160
S5-E2,2,6,7.9947,0.0498,19.4794,34.146,0.6166
S5-E2,2,7,8.0958,0.1357,19.1038,33.989,0.6178
S5-E2,2,8,7.7158,0.5668,18.8182,34.029,0.6173
S5-E2,2,9,7.5820,0.0200,18.5343,34.205,0.6163
S5-E2,2,10,8.0178,0.3550,18.8532,34.083,0.6168
S5-E2,2,11,8.1610,0.1873,19.8437,34.287,0.6176
S5-E2,2,12,7.9443,0.0000,19.1632,33.692,0.6172
S5-E2,2,13,7.5584,0.0000,18.5867,34.147,0.6164
S5-E2,2,14,7.6882,0.2411,18.9779,34.056,0.6159
S5-E2,2,15,7.4681,0.1694,19.0744,34.117,0.6098
S5-E2,2,16,7.4091,0.2355,18.0498,34.064,0.5809
S5-E2,2,17,7.3527,0.1210,17.8729,33.870,0.5600
S5-E2,2,18,7.5212,0.0000,18.9889,33.682,0.5606
S5-E2,2,19,7.3370,0.0000,18.5977,34.039,0.5704
S5-E2,2,20,7.5594,0.0910,17.9580,33.692,0.5774
S5-E2,2,21,8.0415,0.0000,18.6154,33.945,0.5781
S5-E2,2,22,7.3548,0.1934,18.4469,33.900,0.5754
S5-E2,2,23,7.4684,0.2270,18.4988,34.057,0.5741
S5-E2,2,24,7.0653,0.0000,17.5521,33.995,0.5741
S5-E2,2,25,7.6181,0.3834,17.6800,33.903,0.5743
S5-E2,2,26,7.7503,0.2000,18.1626,34.144,0.5745
S5-E2,2,27,7.8115,0.0343,18.6057,33.915,0.5749
S5-E2,2,28,7.1075,0.1161,17.6747,33.918,0.5757
S5-E2,2,29,7.0957,0.0000,17.6765,33.889,0.5757
S5-E2,2,30,7.3235,0.4018,17.9957,33.882,0.5750
S5-E2,2,31,7.3206,0.1889,17.2160,33.953,0.5752
S5-E2,2,32,6.8636,0.0000,17.8752,34.113,0.5759
S5-E2,2,33,7.5342,0.1100,18.6500,33.950,0.5763
S5-E2,2,34,7.6976,0.0000,17.1646,34.121,0.5759
S5-E2,2,35,7.2761,0.0122,17.4103,34.246,0.5753
S5-E2,2,36,6.9692,0.2811,16.9481,33.336,0.5351
S5-E2,2,37,7.0403,0.1679,16.9856,32.890,0.3451
S5-E2,2,38,6.7757,0.1415,15.8440,33.444,0.2059
S5-E2,2,39,6.1432,0.0544,15.3443,33.563,0.2112
S5-E2,2,40,5.9831,0.0000,14.5447,33.624,0.2801
S5-E2,2,41,5.7656,0.1343,15.6857,33.911,0.3227
S5-E2,2,42,6.3856,0.0991,15.5344,35.139,0.3709
S5-E2,2,43,6.4662,0.0000,15.7529,35.520,0.6094
S5-E2,2,44,6.8907,0.3077,15.6083,34.681,0.8069
S5-E2,2,45,7.0876,0.5198,16.6180,33.959,0.8214
S5-E2,2,46,6.8046,0.0756,17.7551,33.806,0.7321
S5-E2,2,47,7.2616,0.0959,18.0795,34.165,0.6630
S5-E2,2,48,7.2054,0.1153,17.6135,34.267,0.6569
S5-E2,2,49,7.2320,0.0000,17.3340,34.173,0.6832
S5-E2,2,50,7.3686,0.2744,17.4915,34.042,0.7015
S5-E2,2,51,8.0391,0.1477,18.7034,33.883,0.7002
S5-E2,2,52,7.9806,0.4899,18.9201,34.105,0.6898
S5-E2,2,53,8.4968,0.1474,19.0179,34.220,0.6828
S5-E2,2,54,7.9720,0.2935,17.9983,33.891,0.6834
S5-E2,2,55,7.5958,0.0296,19.7053,33.949,0.6856
S5-E2,2,56,8.0920,0.0261,19.5069,34.049,0.6855
S5-E2,2,57,8.3844,0.0513,19.4707,34.281,0.6850
S5-E2,2,58,8.0922,0.0634,19.5152,34.141,0.6853
S5-E2,2,59,8.2771,0.0317,19.6881,34.036,0.6852
S5-E2,2,60,8.3393,0.0684,19.8984,33.872,0.6833
S5-E2,2,61,8.0448,0.2145,19.3456,33.762,0.6821
S5-E2,2,62,8.3645,0.2432,19.6459,33.719,0.6828
S5-E2,2,63,8.6404,0.1172,18.8198,34.229,0.6835
S5-E2,2,64,7.9927,0.1008,19.0289,34.362,0.6832
S5-E2,2,65,8.8962,0.3260,19.6124,33.676,0.6833
S5-E2,2,66,7.8603,0.0530,21.0168,33.956,0.6843
S5-E2,2,67,7.9137,0.0480,21.0781,33.946,0.6849
S5-E2,2,68,8.3562,0.1016,20.5522,33.783,0.6838
S5-E2,2,69,8.1613,0.0718,20.3427,33.916,0.6821
S5-E2,2,70,8.1743,0.0560,19.8533,33.686,0.6824
S5-E2,2,71,8.1354,0.3856,20.9680,33.837,0.6842
S5-E2,2,72,8.6827,0.0000,19.3316,33.804,0.6840
S5-E2,2,73,8.3083,0.1662,20.0057,33.997,0.6826
S5-E2,2,74,8.3866,0.0000,20.8557,33.916,0.6828
S5-E2,2,75,8.5640,0.0079,20.4499,34.121,0.6832
S5-E2,2,76,8.6494,0.2596,20.1078,33.794,0.6821
S5-E2,2,77,8.3131,0.1027,19.8125,34.008,0.6815
S5-E2,2,78,8.1403,0.1791,20.3786,33.954,0.6823
S5-E2,2,79,8.2683,0.1254,21.1974,33.904,0.6833
S5-E2,2,80,8.5730,0.1104,20.5559,33.944,0.6841
S5-E2,2,81,8.6446,0.0730,20.5487,34.227,0.6841
S5-E2,2,82,8.7075,0.0700,20.6424,34.301,0.6841
S5-E2,2,83,8.9613,0.2402,18.9883,34.166,0.6842
S5-E2,2,84,8.9072,0.0182,21.0676,33.806,0.6839
S5-E2,2,85,8.9311,0.0000,20.1097,34.231,0.6833
S5-E2,2,86,9.0741,0.0068,20.9456,33.862,0.6833
S5-E2,2,87,8.7632,0.1880,20.4925,33.949,0.6847
S5-E2,2,88,8.4689,0.2706,20.2507,33.930,0.6858
S5-E2,2,89,8.9202,0.0000,21.2429,34.120,0.6858
S5-E2,2,90,8.4754,0.2753,21.2236,33.863,0.6840
S5-E2,2,91,8.6043,0.0777,19.2606,33.845,0.6835
S5-E2,2,92,8.6796,0.3026,20.4701,34.195,0.6845
S5-E2,2,93,8.5920,0.1253,21.2994,33.976,0.6844
S5-E2,2,94,8.4684,0.0000,20.4042,33.927,0.6843
S5-E2,2,95,8.5286,0.1331,20.6718,33.791,0.6836
S5-E2,2,96,8.4637,0.0413,20.5663,34.043,0.6833
S5-E2,2,97,8.7289,0.1203,21.6892,34.211,0.6845
S5-E2,2,98,8.7046,0.0915,19.0437,34.096,0.6857
S5-E2,2,99,9.3116,0.2158,21.4198,33.969,0.6851
S5-E2,2,100,8.4284,0.0941,21.0699,33.189,0.6484
S5-E2,2,101,8.6949,0.2559,18.8929,33.081,0.4785
S5-E2,2,102,8.1028,0.2217,20.1003,33.476,0.3521
S5-E2,2,103,7.6718,0.0000,18.2849,33.730,0.3562
S5-E2,2,104,7.4361,0.2233,17.7405,33.921,0.4198
S5-E2,2,105,7.8885,0.0422,18.2051,33.822,0.4610
S5-E2,2,106,7.4446,0.0000,18.0503,33.948,0.4593
S5-E2,2,107,6.9737,0.0000,17.3429,34.016,0.4411
S5-E2,2,108,7.5663,0.0000,17.1419,33.892,0.4320
S5-E2,2,109,6.9364,0.1819,16.4093,33.944,0.4349
S5-E2,2,110,6.7039,0.4825,16.0489,33.894,0.4414
S5-E2,2,111,6.7209,0.2676,16.3220,33.824,0.4448
S5-E2,2,112,6.7327,0.0533,16.0029,34.131,0.4440
S5-E2,2,113,6.7329,0.0720,15.4246,33.756,0.4419
S5-E2,2,114,6.8364,0.1236,15.8253,33.678,0.4415
S5-E2,2,115,6.2227,0.0683,14.7941,33.745,0.4428
S5-E2,2,116,6.7317,0.0000,16.2905,33.981,0.4442
S5-E2,2,117,6.6775,0.0000,15.8013,33.979,0.4439
S5-E2,2,118,6.3040,0.2028,15.0635,33.812,0.4424
S5-E2,2,119,6.1002,0.0514,15.0995,34.083,0.4416
S5-E2,2,120,6.5135,0.0396,14.8630,33.984,0.4417
S5-E2,2,121,6.5013,0.0000,14.6433,34.221,0.4421
S5-E2,2,122,5.7820,0.1720,15.4353,33.763,0.4428
S5-E2,2,123,6.3235,0.2200,15.2691,33.744,0.4428
S5-E2,2,124,6.3047,0.0986,15.3115,33.693,0.4422
S5-E2,2,125,6.8957,0.0000,15.6033,33.766,0.4426
S5-E2,2,126,6.3591,0.0000,15.1470,34.049,0.4432
S5-E2,2,127,6.5110,0.0000,15.0867,33.890,0.4430
S5-E2,2,128,6.4317,0.1391,14.4615,33.902,0.4430
S5-E2,2,129,6.3578,0.1299,15.0421,33.957,0.4436
S5-E2,2,130,6.0043,0.0000,13.7144,33.809,0.4435
S5-E2,2,131,6.2785,0.2768,14.7061,33.726,0.4424
S5-E2,2,132,6.3623,0.1820,13.5734,34.169,0.4418
S5-E2,2,133,6.3157,0.0000,14.4008,34.127,0.4423
S5-E2,2,134,6.3443,0.1966,14.5725,34.152,0.4434
S5-E2,2,135,5.9815,0.0000,14.9472,33.987,0.4426
S5-E2,2,136,6.0673,0.1434,14.9891,33.884,0.4407
S5-E2,2,137,5.7739,0.2237,14.5384,34.184,0.4403
S5-E2,2,138,5.8092,0.0000,14.4288,33.940,0.4415
S5-E2,2,139,6.1893,0.1440,14.7086,34.232,0.4419
S5-E2,2,140,6.2212,0.0000,13.6682,33.797,0.4418
S5-E2,2,141,5.6005,0.0477,14.5139,33.884,0.4421
S5-E2,2,142,5.6035,0.1292,14.3513,33.984,0.4421
S5-E2,2,143,6.0954,0.2585,14.3086,33.842,0.4421
S5-E2,2,144,6.2876,0.2165,14.1961,34.035,0.4429
S5-E2,2,145,5.9961,0.3230,14.3367,33.983,0.4434
S5-E2,2,146,6.0331,0.5006,13.7217,33.884,0.4427
S5-E2,2,147,5.5797,0.4061,15.0962,33.982,0.4416
S5-E2,2,148,6.3171,0.1345,14.2065,33.861,0.4409
S5-E2,2,149,6.1819,0.2478,14.5645,34.166,0.4415
S5-E2,2,150,6.3123,0.1458,14.0378,34.114,0.4425
S5-E2,2,151,6.3293,0.2388,14.6580,34.218,0.4430
S5-E2,2,152,6.3959,0.0837,13.8338,34.060,0.4433
S5-E2,2,153,6.0288,0.0563,14.5711,33.789,0.4423
S5-E2,2,154,5.8506,0.1478,13.7091,33.910,0.4410
S5-E2,2,155,6.3605,0.0523,14.7359,34.114,0.4410
S5-E2,2,156,5.8808,0.0255,14.4859,33.893,0.4422
S5-E2,2,157,5.8642,0.1392,14.5979,33.909,0.4428
S5-E2,2,158,5.6840,0.1808,14.2293,34.089,0.4420
S5-E2,2,159,6.0115,0.4960,14.5596,33.836,0.4418
S5-E2,2,160,6.0957,0.0035,13.7668,33.994,0.4426
S5-E2,2,161,5.8139,0.1411,13.8364,33.873,0.4423
S5-E2,2,162,5.8343,0.0587,15.0617,34.075,0.4417
S5-E2,2,163,6.1968,0.1897,13.8853,33.886,0.4415
S5-E2,2,164,5.9189,0.0476,14.2161,34.025,0.4411
S5-E2,2,165,6.2015,0.2236,13.7698,34.053,0.4413
S5-E2,2,166,5.8320,0.4538,14.8769,34.160,0.4423
S5-E2,2,167,6.4088,0.1245,14.9174,34.071,0.4432
S5-E2,2,168,5.8760,0.2164,14.4347,34.036,0.4432
S5-E2,2,169,6.1341,0.2828,14.4126,34.178,0.4422
S5-E2,2,170,6.1188,0.4758,14.2014,34.257,0.4411
S5-E2,2,171,6.0781,0.1175,14.9298,33.958,0.4416
S5-E2,2,172,6.1831,0.2938,14.4528,34.134,0.4426
S5-E2,2,173,6.4293,0.0000,13.9760,33.582,0.4429
S5-E2,2,174,5.7788,0.1201,14.7514,34.080,0.4427
S5-E2,2,175,6.3155,0.3198,14.9017,34.011,0.4419
S5-E2,2,176,5.6728,0.2137,14.4964,34.001,0.4414
S5-E2,2,177,5.6918,0.1063,13.9843,33.985,0.4415
S5-E2,2,178,5.9250,0.3526,13.9793,33.971,0.4420
S5-E2,2,179,5.9700,0.0628,14.3297,34.026,0.4425
S5-E2,2,180,5.8147,0.0000,14.4305,34.112,0.4422
S5-E2,2,181,5.6953,0.2090,14.1122,33.828,0.4417
S5-E2,2,182,6.2436,0.4217,15.1593,34.104,0.4415
S5-E2,2,183,5.6088,0.0000,14.4801,33.879,0.4415
S5-E2,2,184,5.9232,0.0000,14.3829,33.742,0.4415
S5-E2,2,185,5.9446,0.2431,14.0309,33.957,0.4413
S5-E2,2,186,5.8057,0.0000,15.1142,33.853,0.4415
S5-E2,2,187,6.0811,0.2117,13.6437,33.718,0.4418
S5-E2,2,188,6.2582,0.2476,14.6955,33.834,0.4424
S5-E2,2,189,5.8980,0.0000,13.9524,34.245,0.4425
S5-E2,2,190,5.9804,0.3842,14.3313,34.088,0.4416
S5-E2,2,191,5.8825,0.0000,13.8972,34.070,0.4408
S5-E2,2,192,5.5904,0.1288,14.4531,33.984,0.4407
S5-E2,2,193,6.0472,0.0000,14.4089,34.088,0.4412
S5-E2,2,194,5.9674,0.1146,14.0336,33.948,0.4417
S5-E2,2,195,5.7149,0.1836,14.3346,34.037,0.4417
S5-E2,2,196,5.5767,0.2421,14.2290,34.386,0.4418
S5-E2,2,197,5.8521,0.0000,13.7160,33.723,0.4419
S5-E2,2,198,6.0194,0.2875,13.9219,34.010,0.4423
S5-E2,2,199,5.5036,0.2009,15.5697,34.278,0.4426
S5-E2,2,200,5.5768,0.3017,14.6795,34.119,0.4415
S5-E2,2,201,5.8743,0.0695,14.1002,34.219,0.4409
S5-E2,2,202,5.8315,0.3676,14.7490,33.983,0.4419
S5-E2,2,203,5.7270,0.2619,15.0362,34.284,0.4425
S5-E2,2,204,5.9618,0.0658,14.7399,34.000,0.4424
S5-E2,2,205,5.6837,0.1587,14.1043,34.020,0.4416
S5-E2,2,206,5.5380,0.0000,14.4645,33.914,0.4410
S5-E2,2,207,5.7011,0.0252,14.0626,33.785,0.4410
S5-E2,2,208,5.9920,0.1600,14.3138,34.005,0.4409
S5-E2,2,209,5.7986,0.1241,14.3716,34.066,0.4414
S5-E2,2,210,5.6969,0.3924,13.7736,33.976,0.4420
S5-E2,2,211,5.7260,0.2267,14.7926,33.893,0.4418
S5-E2,2,212,5.8690,0.0115,14.1345,33.840,0.4415
S5-E2,2,213,6.3131,0.0943,14.2650,34.017,0.4413
S5-E2,2,214,5.8387,0.2693,14.5885,34.082,0.4422
S5-E2,2,215,5.8493,0.3197,13.8655,34.021,0.4431
S5-E2,2,216,5.4072,0.3353,14.2289,33.961,0.4426
S5-E2,2,217,6.2929,0.0000,14.1900,34.002,0.4422
S5-E2,2,218,6.3693,0.2200,14.1252,33.966,0.4421
S5-E2,2,219,6.1399,0.0000,14.1672,33.850,0.4421
S5-E2,2,220,6.2553,0.3685,14.8791,33.889,0.4426
S5-E2,2,221,5.7919,0.2068,14.6085,34.053,0.4432
S5-E2,2,222,5.7835,0.0000,14.3442,33.864,0.4427
S5-E2,2,223,6.0878,0.0067,14.1707,33.915,0.4421
S5-E2,2,224,6.0300,0.1131,14.7091,33.980,0.4421
S5-E2,2,225,5.6847,0.0000,14.1050,33.996,0.4422
S5-E2,2,226,5.6033,0.1713,13.7428,34.119,0.4417
S5-E2,2,227,5.7026,0.1541,14.7196,33.917,0.4405
S5-E2,2,228,5.9421,0.2489,13.3875,34.011,0.4399
S5-E2,2,229,5.6425,0.0645,14.5416,34.001,0.4409
S5-E2,2,230,6.0253,0.2043,14.5031,34.317,0.4427
S5-E2,2,231,5.8498,0.0000,14.0645,33.923,0.4436
S5-E2,2,232,6.2411,0.1408,14.1901,34.177,0.4423
S5-E2,2,233,6.2776,0.1313,13.4989,34.300,0.4412
S5-E2,2,234,6.1336,0.1219,14.6794,33.907,0.4413
S5-E2,2,235,6.2028,0.2119,13.8581,33.837,0.4417
S5-E2,2,236,5.9501,0.1501,14.2817,34.175,0.4419
S5-E2,2,237,6.4071,0.0000,14.2473,33.965,0.4416
S5-E2,2,238,5.6577,0.2847,14.2190,34.139,0.4414
S5-E2,2,239,6.0462,0.0000,13.8944,33.957,0.4414
S5-E2,2,240,5.7134,0.1243,14.7226,33.856,0.4412
S5-E2,2,241,5.9885,0.0152,14.1050,34.361,0.4408
S5-E2,2,242,5.3828,0.2179,14.0275,34.045,0.4415
S5-E2,2,243,6.0818,0.0000,13.4581,34.096,0.4418
S5-E2,2,244,6.2239,0.0624,14.4504,34.198,0.4423
S5-E2,2,245,5.7621,0.1607,14.4123,34.003,0.4424
S5-E2,2,246,5.8771,0.2560,14.0859,34.238,0.4440
S5-E2,2,247,5.9508,0.2147,14.7336,34.077,0.4565
S5-E2,2,248,5.6188,0.4636,14.5129,34.087,0.4668
S5-E2,2,249,6.1722,0.0408,15.0936,34.107,0.4671
S5-E2,2,250,5.8937,0.1199,14.7022,34.039,0.4630
S5-E2,2,251,5.7721,0.1637,14.4312,34.106,0.4598
S5-E2,2,252,5.9752,0.1856,14.5634,34.020,0.4594
S5-E2,2,253,5.7220,0.0171,14.3225,34.091,0.4608
S5-E2,2,254,6.1604,0.3416,14.6077,34.184,0.4605
S5-E2,2,255,6.3208,0.0089,14.6272,34.053,0.4598
S5-E2,2,256,5.6488,0.0000,14.6923,34.017,0.4596
S5-E2,2,257,5.7317,0.0000,15.0324,33.827,0.4599
S5-E2,2,258,5.6821,0.1059,15.0854,34.409,0.4608
S5-E2,2,259,5.8098,0.1450,14.1324,34.001,0.4609
S5-E2,2,260,5.9664,0.1725,13.7215,33.888,0.4600
S5-E2,2,261,5.7818,0.1347,14.3507,34.174,0.4592
S5-E2,2,262,5.4097,0.3777,14.6218,34.225,0.4591
S5-E2,2,263,5.8076,0.0000,14.4143,34.036,0.4595
S5-E2,2,264,6.0271,0.1241,13.9598,33.906,0.4596
S5-E2,2,265,5.6034,0.3442,14.2134,33.834,0.4593
S5-E2,2,266,6.2465,0.0000,15.2443,33.994,0.4602
S5-E2,2,267,6.2661,0.0137,14.2717,33.906,0.4611
S5-E2,2,268,6.0827,0.0878,15.6332,34.201,0.4605
S5-E2,2,269,5.6081,0.1905,14.9492,34.150,0.4606
S5-E2,2,270,6.1929,0.2217,14.6140,34.031,0.4605
S5-E2,2,271,6.3227,0.1638,14.6372,34.105,0.4597
S5-E2,2,272,5.5586,0.1757,14.5048,34.045,0.4602
S5-E2,2,273,5.8525,0.2831,15.0527,34.059,0.4610
S5-E2,2,274,6.0750,0.3523,14.4715,34.041,0.4610
S5-E2,2,275,6.1094,0.2107,14.5587,34.292,0.4599
S5-E2,2,276,5.7286,0.0000,14.7882,33.916,0.4589
S5-E2,2,277,5.9811,0.2978,14.8963,33.980,0.4595
S5-E2,2,278,6.0890,0.3782,15.6446,33.958,0.4607
S5-E2,2,279,6.1818,0.3333,14.9762,34.046,0.4614
S5-E2,2,280,5.9089,0.0000,14.4974,34.173,0.4611
S5-E2,2,281,5.7859,0.0000,16.0147,33.976,0.4599
S5-E2,2,282,5.7658,0.0000,14.2172,34.147,0.4588
S5-E2,2,283,5.9154,0.2460,14.8503,34.041,0.4581
S5-E2,2,284,5.7423,0.0000,13.8490,34.025,0.4586
S5-E2,2,285,5.7901,0.0012,15.0925,33.633,0.4596
S5-E2,2,286,5.9148,0.2011,14.9525,33.813,0.4604
S5-E2,2,287,6.2692,0.1623,14.3795,33.918,0.4607
S5-E2,2,288,6.1912,0.0082,14.1844,33.818,0.4606
S5-E2,2,289,6.4389,0.3150,15.3441,33.953,0.4608
S5-E2,2,290,6.5025,0.0511,14.8837,33.890,0.4611
S5-E2,2,291,5.7266,0.2006,14.5500,33.856,0.4609
S5-E2,2,292,5.8380,0.2465,15.1851,33.788,0.4606
S5-E2,2,293,6.0285,0.0786,15.1980,33.804,0.4602
S5-E2,2,294,6.3522,0.1283,13.8158,34.039,0.4606
S5-E2,2,295,5.6420,0.2075,15.7908,33.959,0.4615
S5-E2,2,296,6.3453,0.1900,14.6902,34.221,0.4614
S5-E2,2,297,6.0791,0.0880,14.7144,33.917,0.4608
S5-E2,2,298,6.2171,0.2638,15.7105,34.136,0.4605
S5-E2,2,299,5.7397,0.3061,15.4261,34.065,0.4605
S5-E2,2,300,5.9392,0.2194,14.7905,34.091,0.4606
S5-E2,2,301,6.1244,0.2145,14.5127,34.030,0.4606
S5-E2,2,302,6.2983,0.1479,15.4339,34.000,0.4607
S5-E2,2,303,5.8495,0.0000,14.1945,34.004,0.4609
S5-E2,2,304,5.8911,0.0900,15.3175,33.894,0.4608
S5-E2,2,305,6.0425,0.0952,14.7084,33.929,0.4602
S5-E2,2,306,5.7630,0.0000,15.5836,34.039,0.4593
S5-E2,2,307,5.6947,0.0596,14.7275,34.151,0.4595
S5-E2,2,308,6.2553,0.0000,14.8072,33.956,0.4601
S5-E2,2,309,5.7485,0.1585,14.6598,33.955,0.4602
S5-E2,2,310,5.9879,0.0000,14.7524,33.952,0.4606
S5-E2,2,311,5.8799,0.0224,15.0514,34.001,0.4608
S5-E2,2,312,5.9609,0.2347,14.3521,33.954,0.4605
S5-E2,2,313,5.9225,0.5820,14.8408,33.912,0.4600
S5-E2,2,314,6.2720,0.2198,14.3857,33.908,0.4601
S5-E2,2,315,6.0073,0.0738,14.4942,34.004,0.4600
S5-E2,2,316,5.9918,0.0332,14.7829,34.145,0.4596
S5-E2,2,317,5.7513,0.0662,14.3406,34.115,0.4599
S5-E2,2,318,6.4216,0.4324,14.4284,33.939,0.4614
S5-E2,2,319,6.3002,0.1337,14.8799,34.117,0.4622
S5-E2,2,320,6.0660,0.1278,14.6305,33.853,0.4619
S5-E2,2,321,6.5241,0.2408,15.2816,33.994,0.4615
S5-E2,2,322,6.2695,0.2840,14.9105,34.214,0.4602
S5-E2,2,323,5.8821,0.3894,14.5119,33.905,0.4591
S5-E2,2,324,6.3960,0.0924,15.0891,34.097,0.4604
S5-E2,2,325,6.2552,0.0654,13.5601,34.351,0.4614
S5-E2,2,326,6.4922,0.1457,14.9931,33.828,0.4615
S5-E2,2,327,6.8462,0.1515,15.2376,33.960,0.4612
S5-E2,2,328,6.0335,0.0415,15.2043,33.857,0.4601
S5-E2,2,329,6.1809,0.2071,14.9360,34.113,0.4594
S5-E2,2,330,6.1768,0.1405,15.0819,34.015,0.4604
S5-E2,2,331,6.7249,0.0744,14.2991,34.089,0.4613
S5-E2,2,332,6.2060,0.0634,14.7301,34.087,0.4611
S5-E2,2,333,6.6653,0.0771,15.0788,34.073,0.4617
S5-E2,2,334,6.3672,0.3673,15.0597,33.880,0.4620
S5-E2,2,335,6.3389,0.0167,15.1765,33.912,0.4615
S5-E2,2,336,6.5357,0.2207,14.9908,34.009,0.4611
S5-E2,2,337,6.4768,0.1636,14.6567,33.989,0.4619
S5-E2,2,338,6.3959,0.0676,15.2775,33.796,0.4631
S5-E2,2,339,6.4644,0.1753,15.4169,34.081,0.4632
S5-E2,2,340,7.0436,0.3551,14.9517,33.845,0.4619
S5-E2,2,341,6.2995,0.0000,14.9353,33.914,0.4605
S5-E2,2,342,6.2015,0.5141,14.9852,34.159,0.4597
S5-E2,2,343,6.0473,0.2681,14.7358,33.860,0.4595
S5-E2,2,344,6.2471,0.0000,14.8756,33.855,0.4601
S5-E2,2,345,6.2882,0.0387,15.5764,33.973,0.4605
S5-E2,2,346,5.9565,0.0000,15.5551,33.737,0.4603
S5-E2,2,347,6.2174,0.4109,14.3236,33.779,0.4601
S5-E2,2,348,5.8710,0.0322,14.0706,33.836,0.4606
S5-E2,2,349,5.8065,0.0000,15.0765,34.277,0.4606
S5-E2,2,350,5.6802,0.0708,15.3374,34.099,0.4602
S5-E2,2,351,5.8360,0.4282,14.3906,34.094,0.4603
S5-E2,2,352,6.0227,0.1744,14.8440,34.279,0.4605
S5-E2,2,353,6.1592,0.1545,14.2212,33.761,0.4606
S5-E2,2,354,5.8908,0.3734,15.4139,34.206,0.4611
S5-E2,2,355,6.0657,0.0000,14.7695,34.035,0.4614
S5-E2,2,356,6.6041,0.2978,13.9602,33.814,0.4610
S5-E2,2,357,6.1864,0.1334,15.2269,34.040,0.4604
S5-E2,2,358,6.5388,0.0548,15.2736,33.958,0.4600
S5-E2,2,359,5.9103,0.1873,14.6920,34.042,0.4602
S5-E2,2,360,6.2546,0.3387,13.7009,33.874,0.4605
S5-E2,2,361,5.7306,0.4181,15.3419,34.101,0.4604
S5-E2,2,362,6.1059,0.0000,14.7710,33.915,0.4611
S5-E2,2,363,5.9245,0.4441,15.0623,33.891,0.4619
S5-E2,2,364,6.2264,0.1947,14.7677,34.094,0.4612
S5-E2,2,365,6.1637,0.0594,14.8893,34.018,0.4603
S5-E2,2,366,6.0867,0.0680,14.4253,33.690,0.4609
S5-E2,2,367,6.0614,0.0839,14.4619,34.039,0.4606
S5-E2,2,368,6.1203,0.1109,14.0839,34.211,0.4601
S5-E2,2,369,6.1414,0.2452,14.6860,33.866,0.4605
S5-E2,2,370,6.1761,0.1250,14.3104,34.291,0.4607
S5-E2,2,371,6.0041,0.0000,14.5668,34.233,0.4605
S5-E2,2,372,6.1321,0.1531,15.6083,34.131,0.4606
S5-E2,2,373,5.8960,0.2376,14.8733,34.091,0.4610
S5-E2,2,374,6.3834,0.3364,15.2822,34.063,0.4619
S5-E2,2,375,6.3323,0.0116,14.8608,33.524,0.4452
S5-E2,2,376,5.6663,0.0905,14.4479,33.581,0.3620
S5-E2,2,377,5.6623,0.1539,14.7287,33.673,0.2991
S5-E2,2,378,6.1456,0.2591,13.6175,33.829,0.3001
S5-E2,2,379,5.1802,0.0640,13.8666,33.772,0.3304
S5-E2,2,380,5.4128,0.0676,13.9616,33.936,0.3496
S5-E2,2,381,5.1692,0.0000,13.9994,34.082,0.3491
S5-E2,2,382,5.0798,0.2789,13.1378,34.069,0.3406
S5-E2,2,383,5.3239,0.2737,13.6940,34.157,0.3360
S5-E2,2,384,5.8512,0.3086,13.0970,33.928,0.3375
S5-E2,2,385,5.5330,0.3627,12.8095,33.767,0.3409
S5-E2,2,386,5.4465,0.2530,13.1655,34.117,0.3428
S5-E2,2,387,5.2790,0.0000,12.5506,34.035,0.3423
S5-E2,2,388,5.2777,0.1562,12.2910,33.972,0.3409
S5-E2,2,389,5.0822,0.1652,12.0564,33.857,0.3409
S5-E2,2,390,5.2448,0.1318,12.1264,33.969,0.3414
S5-E2,2,391,5.1412,0.2872,12.8240,33.771,0.3413
S5-E2,2,392,4.9202,0.0000,12.1728,33.920,0.3421
S5-E2,2,393,4.6952,0.0000,12.2336,33.951,0.3421
S5-E2,2,394,4.9654,0.3320,12.0771,34.035,0.3413
S5-E2,2,395,4.8729,0.0000,12.0013,34.163,0.3408
S5-E2,2,396,4.9518,0.1826,11.9410,34.038,0.3404
S5-E2,2,397,5.0765,0.0000,11.6100,33.796,0.3405
S5-E2,2,398,5.0128,0.0000,12.4841,33.967,0.3411
S5-E2,2,399,5.0382,0.1657,12.2972,34.106,0.3413
S5-E3,0,0,8.5858,0.3955,19.9981,34.339,0.6731
S5-E3,0,1,8.0841,0.2508,20.1119,33.946,0.6740
S5-E3,0,2,8.5528,0.0000,20.2379,34.315,0.6739
S5-E3,0,3,8.6077,0.2043,20.2541,33.956,0.6728
S5-E3,0,4,8.7837,0.1933,20.4539,34.308,0.6707
S5-E3,0,5,8.9295,0.4165,20.5165,34.216,0.6703
S5-E3,0,6,8.6259,0.0373,20.1009,33.967,0.6725
S5-E3,0,7,8.7770,0.2723,19.3749,33.852,0.6740
S5-E3,0,8,8.4029,0.2013,20.2961,34.179,0.6736
S5-E3,0,9,8.9362,0.0758,19.4053,33.796,0.6724
S5-E3,0,10,8.5401,0.1532,20.0833,33.918,0.6722
S5-E3,0,11,8.6738,0.1833,19.2801,33.896,0.6724
S5-E3,0,12,8.2330,0.2990,21.0212,34.087,0.6717
S5-E3,0,13,8.4790,0.0000,21.0025,34.147,0.6714
S5-E3,0,14,8.5278,0.0000,20.1973,33.809,0.6723
S5-E3,0,15,8.3725,0.2519,19.7699,34.082,0.6735
S5-E3,0,16,8.6323,0.1929,21.0437,34.270,0.6735
S5-E3,0,17,8.4270,0.1196,19.7415,34.198,0.6723
S5-E3,0,18,9.1001,0.0000,20.3722,34.208,0.6716
S5-E3,0,19,8.3194,0.0000,19.5770,33.798,0.6714
S5-E3,0,20,8.7239,0.4194,20.7673,34.010,0.6718
S5-E3,0,21,8.2613,0.0000,21.1414,34.235,0.6733
S5-E3,0,22,8.9395,0.1702,21.0316,34.158,0.6736
S5-E3,0,23,8.6266,0.1431,20.4249,34.063,0.6737
S5-E3,0,24,8.9784,0.1885,20.0813,33.857,0.6745
S5-E3,0,25,8.7947,0.0000,20.7629,33.933,0.6750
S5-E3,0,26,8.3223,0.0000,20.0873,33.988,0.6742
S5-E3,0,27,9.6872,0.3368,19.9242,34.352,0.6729
S5-E3,0,28,8.5414,0.3057,20.5909,34.111,0.6720
S5-E3,0,29,8.6287,0.0917,19.5266,33.869,0.6715
S5-E3,0,30,8.3329,0.5245,19.9224,34.119,0.6721
S5-E3,0,31,8.3455,0.3659,20.6160,34.130,0.6736
S5-E3,0,32,8.5199,0.1901,19.1054,33.901,0.6733
S5-E3,0,33,9.0455,0.0000,21.4385,33.946,0.6719
S5-E3,0,34,8.4362,0.3672,21.5647,33.960,0.6721
S5-E3,0,35,8.4647,0.5484,19.2379,33.758,0.6724
S5-E3,0,36,9.0017,0.0720,20.5646,33.787,0.6721
S5-E3,0,37,8.7351,0.4440,19.8925,34.104,0.6725
S5-E3,0,38,8.3849,0.3377,21.1652,33.939,0.6731
S5-E3,0,39,8.0644,0.0000,19.8279,34.147,0.6721
S5-E3,0,40,8.2695,0.0758,20.9286,33.971,0.6711
S5-E3,0,41,8.4728,0.0159,20.3915,33.895,0.6635
S5-E3,0,42,8.3950,0.2789,20.2173,33.637,0.6287
S5-E3,0,43,8.6201,0.2896,19.7975,33.981,0.6033
S5-E3,0,44,7.9671,0.1388,21.4341,33.822,0.6040
S5-E3,0,45,8.5505,0.0228,20.1632,33.860,0.6160
S5-E3,0,46,8.5264,0.0000,18.6265,33.985,0.6240
S5-E3,0,47,7.7372,0.0163,19.7341,33.870,0.6250
S5-E3,0,48,8.5083,0.2294,19.1561,34.140,0.6223
S5-E3,0,49,8.7197,0.0680,19.9562,34.210,0.6207
S5-E3,0,50,8.1140,0.0000,20.2293,33.823,0.6215
S5-E3,0,51,8.5324,0.1820,19.3201,33.798,0.6226
S5-E3,0,52,7.9770,0.2174,18.7199,34.051,0.6235
S5-E3,0,53,7.7279,0.3583,19.8830,33.993,0.6237
S5-E3,0,54,8.1737,0.0000,19.9540,34.040,0.6237
S5-E3,0,55,9.0440,0.2012,19.2406,33.934,0.6240
S5-E3,0,56,8.4675,0.0599,19.7719,33.977,0.6231
S5-E3,0,57,8.5451,0.0000,20.0513,33.788,0.6221
S5-E3,0,58,8.2324,0.2868,18.5683,33.804,0.6224
S5-E3,0,59,7.7894,0.3563,18.7399,34.240,0.6231
S5-E3,0,60,7.7875,0.0559,19.6521,34.336,0.6226
S5-E3,0,61,7.7633,0.0000,19.3424,33.891,0.6219
S5-E3,0,62,8.3978,0.1165,19.0616,34.113,0.6215
S5-E3,0,63,7.9944,0.0849,18.8706,34.343,0.6222
S5-E3,0,64,8.2331,0.0346,20.2758,34.225,0.6236
S5-E3,0,65,7.9478,0.3261,18.7595,34.032,0.6232
S5-E3,0,66,8.2852,0.0672,19.4777,34.093,0.6219
S5-E3,0,67,7.9191,0.0752,20.1060,33.981,0.6205
S5-E3,0,68,7.6901,0.0582,18.7247,33.726,0.6197
S5-E3,0,69,7.7326,0.0000,18.5429,33.701,0.6199
S5-E3,0,70,7.5224,0.1723,19.3148,33.960,0.6217
S5-E3,0,71,7.9008,0.2624,18.9879,33.962,0.6230
S5-E3,0,72,7.7694,0.2186,19.0063,33.874,0.6223
S5-E3,0,73,7.6181,0.0000,19.4831,34.118,0.6211
S5-E3,0,74,8.0886,0.1574,20.4195,34.102,0.6214
S5-E3,0,75,7.7479,0.1070,18.3654,33.967,0.6232
S5-E3,0,76,7.8763,0.0902,19.6184,34.215,0.6239
S5-E3,0,77,7.7661,0.0238,18.8554,34.013,0.6228
S5-E3,0,78,7.9755,0.0955,19.5048,34.073,0.6225
S5-E3,0,79,7.8762,0.0000,18.6315,34.191,0.6231
S5-E3,0,80,7.6526,0.2985,18.8902,33.893,0.6229
S5-E3,0,81,7.8885,0.0537,19.6913,33.972,0.6218
S5-E3,0,82,7.8710,0.2694,18.7988,34.121,0.6215
S5-E3,0,83,8.1319,0.1470,19.0000,34.083,0.6222
S5-E3,0,84,8.2040,0.2868,19.5727,33.878,0.6232
S5-E3,0,85,8.0934,0.2019,18.1715,33.823,0.6241
S5-E3,0,86,8.5344,0.0000,18.9244,34.106,0.6231
S5-E3,0,87,7.7454,0.2135,18.1803,33.746,0.6222
S5-E3,0,88,8.8274,0.0000,18.9787,34.178,0.6232
S5-E3,0,89,8.2079,0.0000,19.4079,34.017,0.6243
S5-E3,0,90,7.7218,0.0493,18.2035,33.945,0.6243
S5-E3,0,91,8.1258,0.0000,18.8249,33.767,0.6226
S5-E3,0,92,7.7323,0.0000,18.4587,34.000,0.6214
S5-E3,0,93,8.0833,0.0390,18.8650,33.766,0.6221
S5-E3,0,94,7.9687,0.0000,18.9934,33.925,0.6226
S5-E3,0,95,7.9478,0.1001,18.1701,33.784,0.6218
S5-E3,0,96,8.5229,0.0865,19.4174,34.024,0.6212
S5-E3,0,97,7.5835,0.0170,18.8165,33.851,0.6216
S5-E3,0,98,7.6152,0.2650,19.3341,33.680,0.6227
S5-E3,0,99,7.7446,0.0639,18.7097,33.971,0.6229
S5-E3,0,100,7.7999,0.3776,19.2579,33.933,0.6219
S5-E3,0,101,7.6814,0.3881,18.9697,34.204,0.6226
S5-E3,0,102,8.2706,0.1482,19.9533,34.035,0.6243
S5-E3,0,103,8.0139,0.1417,19.6531,33.764,0.6240
S5-E3,0,104,7.8808,0.1822,19.4985,34.023,0.6229
S5-E3,0,105,8.2737,0.0041,18.9966,34.147,0.6216
S5-E3,0,106,7.7065,0.2806,19.5147,33.735,0.6217
S5-E3,0,107,7.9660,0.0000,19.3600,33.980,0.6232
S5-E3,0,108,8.3272,0.2039,18.3571,34.106,0.6233
S5-E3,0,109,7.5993,0.1353,19.4133,34.115,0.6225
S5-E3,0,110,7.9918,0.0747,20.3971,34.056,0.6225
S5-E3,0,111,8.1877,0.0000,19.3675,33.920,0.6225
S5-E3,0,112,7.7353,0.0226,18.2185,33.824,0.6221
S5-E3,0,113,7.8391,0.1160,18.5573,33.850,0.6228
S5-E3,0,114,7.1880,0.0044,18.3462,34.073,0.6237
S5-E3,0,115,7.8411,0.1499,19.0697,33.774,0.6239
S5-E3,0,116,7.5765,0.1526,19.2972,33.979,0.6236
S5-E3,0,117,7.8110,0.0000,19.1959,33.851,0.6226
S5-E3,0,118,8.0123,0.3372,20.1361,33.939,0.6217
S5-E3,0,119,7.5902,0.2629,19.4589,33.941,0.6219
S5-E3,0,120,7.7315,0.0000,19.5493,34.083,0.6221
S5-E3,0,121,8.0417,0.0000,18.9154,34.161,0.6222
S5-E3,0,122,8.4251,0.1246,18.9036,33.836,0.6223
S5-E3,0,123,7.6551,0.1022,18.5304,33.892,0.6215
S5-E3,0,124,7.2850,0.0043,19.4120,34.161,0.6209
S5-E3,0,125,7.4161,0.1648,18.5093,34.073,0.6214
S5-E3,0,126,8.3997,0.0220,19.4055,33.821,0.6224
S5-E3,0,127,8.3675,0.3676,18.3399,34.219,0.6235
S5-E3,0,128,7.9285,0.2601,19.0354,34.250,0.6233
S5-E3,0,129,7.8608,0.1055,19.2398,34.079,0.6218
S5-E3,0,130,7.8815,0.0721,18.6328,34.008,0.6207
S5-E3,0,131,7.6585,0.0467,19.3179,34.196,0.6196
S5-E3,0,132,7.1053,0.3246,19.5435,33.839,0.6195
S5-E3,0,133,7.8989,0.2176,18.8046,33.910,0.6206
S5-E3,0,134,7.8315,0.1866,19.5598,34.202,0.6213
S5-E3,0,135,7.4270,0.2835,19.1120,33.693,0.6213
S5-E3,0,136,7.7097,0.1336,19.2296,34.004,0.6211
S5-E3,0,137,7.6312,0.1771,18.7688,33.988,0.6219
S5-E3,0,138,8.2446,0.1311,19.4846,33.647,0.6220
S5-E3,0,139,7.9022,0.0000,17.9312,34.239,0.6223
S5-E3,0,140,7.9399,0.0386,20.2802,33.697,0.6227
S5-E3,0,141,7.9624,0.0048,19.0127,34.060,0.6218
S5-E3,0,142,8.1121,0.1638,18.5615,33.915,0.6218
S5-E3,0,143,7.4401,0.0000,19.2280,34.088,0.6223
S5-E3,0,144,7.8510,0.2324,18.7788,33.843,0.6227
S5-E3,0,145,7.6454,0.3738,17.8921,34.102,0.6230
S5-E3,0,146,7.8922,0.1770,19.0199,33.950,0.6219
S5-E3,0,147,7.7170,0.0000,19.0332,34.189,0.6212
S5-E3,0,148,8.6111,0.3141,18.6344,33.783,0.6219
S5-E3,0,149,7.8970,0.0961,19.9714,34.216,0.6227
S5-E3,0,150,7.5675,0.3137,19.0087,34.723,0.6429
S5-E3,0,151,8.1984,0.1987,19.5518,34.750,0.7431
S5-E3,0,152,8.3331,0.2890,18.6135,34.378,0.8236
S5-E3,0,153,7.5883,0.0000,18.7179,34.300,0.8263
S5-E3,0,154,8.3101,0.2318,19.8085,34.228,0.7872
S5-E3,0,155,8.3248,0.2993,18.6623,33.832,0.7586
S5-E3,0,156,8.2537,0.4186,18.5704,34.211,0.7563
S5-E3,0,157,8.2763,0.2698,19.1281,34.340,0.7669
S5-E3,0,158,7.8762,0.1032,18.6787,34.247,0.7737
S5-E3,0,159,8.4539,0.1869,19.4340,33.867,0.7734
S5-E3,0,160,8.5906,0.0736,19.1868,34.291,0.7701
S5-E3,0,161,7.9297,0.2954,18.2041,34.235,0.7679
S5-E3,0,162,8.0888,0.3299,20.0911,34.109,0.7669
S5-E3,0,163,8.1329,0.3053,18.5161,34.064,0.7656
S5-E3,0,164,8.2045,0.0605,18.6525,33.940,0.7647
S5-E3,0,165,7.9189,0.2736,18.2081,33.630,0.7635
S5-E3,0,166,8.0813,0.1238,19.2507,34.057,0.7638
S5-E3,0,167,8.2240,0.1657,18.1518,34.254,0.7661
S5-E3,0,168,7.6177,0.1514,19.8866,33.905,0.7673
S5-E3,0,169,7.8492,0.0000,19.4411,34.204,0.7665
S5-E3,0,170,8.1986,0.0507,19.3139,34.417,0.7649
S5-E3,0,171,7.6302,0.0915,19.2275,34.044,0.7639
S5-E3,0,172,8.1309,0.2286,19.4682,34.099,0.7630
S5-E3,0,173,8.0567,0.1763,17.9046,33.956,0.7632
S5-E3,0,174,8.5036,0.2015,18.8427,33.827,0.7658
S5-E3,0,175,7.5946,0.1248,18.5495,34.079,0.7673
S5-E3,0,176,7.7599,0.0343,19.9460,34.013,0.7652
S5-E3,0,177,7.8371,0.1994,19.2324,34.236,0.7624
S5-E3,0,178,7.5633,0.1167,18.2335,33.810,0.7627
S5-E3,0,179,8.0086,0.0000,19.2604,33.859,0.7654
S5-E3,0,180,7.8499,0.2137,19.7943,34.074,0.7663
S5-E3,0,181,7.7757,0.2905,18.5854,33.988,0.7646
S5-E3,0,182,7.9655,0.0000,18.3622,34.046,0.7638
S5-E3,0,183,8.0423,0.0995,19.1245,34.134,0.7648
S5-E3,0,184,7.5191,0.1973,18.6329,33.977,0.7661
S5-E3,0,185,8.1608,0.0000,18.0439,33.952,0.7659
S5-E3,0,186,8.4674,0.1449,19.1371,34.364,0.7648
S5-E3,0,187,8.6329,0.0000,18.7774,33.943,0.7651
S5-E3,0,188,8.5218,0.1628,18.6277,34.030,0.7671
S5-E3,0,189,8.4605,0.3489,18.4596,33.841,0.7691
S5-E3,0,190,8.8607,0.1407,18.2297,34.492,0.7685
S5-E3,0,191,8.6761,0.2364,17.9118,33.991,0.7679
S5-E3,0,192,8.3287,0.0074,19.0781,33.978,0.7678
S5-E3,0,193,8.9339,0.4646,17.9761,34.087,0.7674
S5-E3,0,194,8.4034,0.0000,19.6130,33.900,0.7673
S5-E3,0,195,8.0957,0.3809,19.6397,34.497,0.7748
S5-E3,0,196,8.0199,0.0779,19.5518,34.267,0.8152
S5-E3,0,197,8.4653,0.3969,19.8544,34.495,0.8472
S5-E3,0,198,8.1348,0.4041,18.2861,34.125,0.8492
S5-E3,0,199,8.3053,0.1049,19.8851,33.698,0.8349
S5-E3,0,200,8.4397,0.1317,20.8312,34.047,0.8232
S5-E3,0,201,8.4287,0.0109,19.6421,33.983,0.8224
S5-E3,0,202,7.8766,0.1556,19.6167,34.031,0.8267
S5-E3,0,203,8.6383,0.1231,21.0972,34.285,0.8288
S5-E3,0,204,7.9527,0.2417,19.6332,33.872,0.8294
S5-E3,0,205,8.6366,0.2129,19.4890,34.072,0.8280
S5-E3,0,206,8.6794,0.4622,20.2212,34.102,0.8270
S5-E3,0,207,8.1789,0.2522,19.7745,33.932,0.8279
S5-E3,0,208,8.5349,0.5623,19.4010,33.759,0.8273
S5-E3,0,209,8.4126,0.2486,19.8953,34.013,0.8261
S5-E3,0,210,8.1349,0.2381,19.4687,34.032,0.8272
S5-E3,0,211,8.5624,0.1816,19.3527,34.116,0.8291
S5-E3,0,212,9.6615,0.1764,20.8280,33.979,0.8282
S5-E3,0,213,8.3289,0.3462,20.7800,34.023,0.8268
S5-E3,0,214,8.2934,0.1657,19.8891,34.213,0.8270
S5-E3,0,215,8.4913,0.0903,19.7616,34.117,0.8282
S5-E3,0,216,8.7811,0.3225,20.3771,33.982,0.8295
S5-E3,0,217,8.3115,0.2439,19.9169,34.096,0.8285
S5-E3,0,218,8.6432,0.4019,19.0756,34.007,0.8276
S5-E3,0,219,8.5844,0.2684,19.0307,33.990,0.8276
S5-E3,0,220,8.8825,0.1874,20.9782,33.923,0.8270
S5-E3,0,221,9.1527,0.3484,19.4124,34.137,0.8274
S5-E3,0,222,8.5547,0.4874,19.3607,34.045,0.8284
S5-E3,0,223,8.2942,0.0000,19.8036,33.847,0.8282
S5-E3,0,224,8.8604,0.2388,20.8441,34.052,0.8271
S5-E3,0,225,8.6403,0.2855,20.3115,34.108,0.8265
S5-E3,0,226,8.5101,0.2359,19.7323,34.193,0.8276
S5-E3,0,227,9.2350,0.3692,19.6787,33.892,0.8294
S5-E3,0,228,8.6024,0.1352,19.6168,33.990,0.8298
S5-E3,0,229,8.5730,0.1136,21.2816,33.838,0.8278
S5-E3,0,230,8.8145,0.1441,19.1142,33.912,0.8265
S5-E3,0,231,8.7405,0.2642,19.6306,34.184,0.8273
S5-E3,0,232,8.7167,0.1389,19.7699,33.759,0.8283
S5-E3,0,233,8.7479,0.0000,19.8618,33.737,0.8285
S5-E3,0,234,9.1166,0.0297,19.3778,34.187,0.8278
S5-E3,0,235,8.9597,0.0637,20.2485,34.093,0.8275
S5-E3,0,236,8.3919,0.1993,20.4091,33.961,0.8277
S5-E3,0,237,8.0264,0.0000,19.1811,32.575,0.7639
S5-E3,0,238,7.7294,0.1506,18.9518,31.907,0.4584
S5-E3,0,239,6.8938,0.3260,17.2969,32.860,0.2317
S5-E3,0,240,7.0989,0.2026,16.3443,33.672,0.2407
S5-E3,0,241,6.3901,0.1750,16.3619,33.995,0.3534
S5-E3,0,242,6.8822,0.0000,14.9690,33.770,0.4230
S5-E3,0,243,6.7115,0.0607,14.7735,33.477,0.4186
S5-E3,0,244,5.6724,0.1514,14.5449,33.732,0.3865
S5-E3,0,245,5.8155,0.0000,14.2386,33.709,0.3706
S5-E3,0,246,5.7713,0.1252,13.4756,33.771,0.3769
S5-E3,0,247,5.3066,0.0468,13.8507,33.665,0.3894
S5-E3,0,248,5.4500,0.0155,13.5084,34.086,0.3960
S5-E3,0,249,5.1978,0.0000,13.0660,33.845,0.3945
S5-E3,0,250,5.4697,0.0000,12.9920,33.669,0.3904
S5-E3,0,251,5.5406,0.0000,12.3697,33.954,0.3894
S5-E3,0,252,4.8713,0.0000,12.3873,34.086,0.3911
S5-E3,0,253,4.7344,0.1812,12.1054,34.287,0.3928
S5-E3,0,254,5.1549,0.2644,11.5495,33.653,0.3922
S5-E3,0,255,4.7474,0.0266,12.2065,33.931,0.3910
S5-E3,0,256,4.7993,0.0530,12.0954,34.174,0.3911
S5-E3,0,257,4.6057,0.1153,11.1479,33.918,0.3923
S5-E3,0,258,4.6184,0.3779,12.1291,34.249,0.3932
S5-E3,0,259,4.9383,0.2793,11.3403,34.095,0.3925
S5-E3,0,260,4.6795,0.2787,10.8277,34.133,0.3918
S5-E3,0,261,4.6197,0.1933,11.5819,33.983,0.3917
S5-E3,0,262,4.7513,0.1053,11.2585,33.813,0.3914
S5-E3,0,263,4.6410,0.0000,11.4062,33.853,0.3918
S5-E3,0,264,4.6663,0.0000,10.0573,34.141,0.3929
S5-E3,0,265,4.5198,0.1090,11.4116,34.015,0.3931
S5-E3,0,266,4.8152,0.2522,11.0056,34.331,0.3930
S5-E3,0,267,4.6402,0.0000,9.4764,33.806,0.3925
S5-E3,0,268,4.3320,0.0901,11.4704,33.735,0.3921
S5-E3,0,269,4.5729,0.1287,11.2801,33.954,0.3919
S5-E3,0,270,4.5804,0.1861,10.9188,34.093,0.3922
S5-E3,0,271,4.7149,0.1314,10.8494,33.804,0.3930
S5-E3,0,272,4.7417,0.0000,11.0944,33.908,0.3932
S5-E3,0,273,4.8049,0.0805,10.8006,34.245,0.3930
S5-E3,0,274,4.7328,0.0000,10.8456,33.989,0.3937
S5-E3,0,275,4.7457,0.0000,10.8413,33.824,0.3941
S5-E3,0,276,4.9087,0.0599,10.8091,33.873,0.3939
S5-E3,0,277,4.6650,0.1272,11.2840,33.681,0.3931
S5-E3,0,278,4.6080,0.1089,10.4800,34.085,0.3921
S5-E3,0,279,4.7163,0.0000,10.5547,34.070,0.3919
S5-E3,0,280,5.1030,0.1355,10.7958,34.162,0.3929
S5-E3,0,281,4.9164,0.1506,10.9301,34.147,0.3933
S5-E3,0,282,4.6232,0.2243,10.7679,34.135,0.3929
S5-E3,0,283,4.6067,0.2283,10.6570,34.038,0.3927
S5-E3,0,284,4.8277,0.2977,10.5996,33.862,0.3933
S5-E3,0,285,4.7428,0.3423,11.2241,33.862,0.3936
S5-E3,0,286,5.0333,0.0602,10.3468,33.984,0.3937
S5-E3,0,287,4.8215,0.2216,10.8415,33.879,0.3937
S5-E3,0,288,4.6994,0.0000,11.3638,34.075,0.3930
S5-E3,0,289,4.7944,0.1983,10.9097,33.712,0.3923
S5-E3,0,290,4.8262,0.2482,10.7886,33.953,0.3925
S5-E3,0,291,4.8545,0.2333,10.6894,33.927,0.3932
S5-E3,0,292,4.7793,0.0000,10.6733,34.008,0.3932
S5-E3,0,293,4.7384,0.1867,10.6752,34.100,0.3927
S5-E3,0,294,4.8698,0.1129,11.5128,33.829,0.3932
S5-E3,0,295,4.7234,0.0000,10.6799,33.719,0.3945
S5-E3,0,296,4.8089,0.1875,10.8630,34.040,0.3946
S5-E3,0,297,4.7817,0.0989,10.8231,33.777,0.3935
S5-E3,0,298,4.5803,0.1089,11.1153,33.941,0.3921
S5-E3,0,299,4.8494,0.2158,10.3714,33.971,0.3920
S5-E3,0,300,4.5955,0.3789,11.0712,34.072,0.3932
S5-E3,0,301,4.6869,0.2095,10.8259,33.659,0.3940
S5-E3,0,302,4.7873,0.1751,11.3624,33.782,0.3932
S5-E3,0,303,4.6371,0.1554,11.0232,34.232,0.3921
S5-E3,0,304,4.4730,0.0000,10.7817,34.197,0.3918
S5-E3,0,305,4.8230,0.2513,11.3546,34.312,0.3915
S5-E3,0,306,4.8553,0.0623,11.1264,33.921,0.3915
S5-E3,0,307,4.7375,0.0000,10.5916,34.103,0.3918
S5-E3,0,308,4.2760,0.1484,10.8219,34.074,0.3922
S5-E3,0,309,4.6239,0.2864,10.6324,34.213,0.3935
S5-E3,0,310,4.9759,0.3630,10.7340,34.985,0.4274
S5-E3,0,311,4.9934,0.1908,12.1003,35.257,0.6195
S5-E3,0,312,5.5612,0.2184,12.6866,35.153,0.7903
S5-E3,0,313,5.6841,0.4839,13.6601,34.436,0.8159
S5-E3,0,314,5.8189,0.0000,13.9890,34.220,0.7493
S5-E3,0,315,6.2900,0.0950,14.1383,34.092,0.6883
S5-E3,0,316,6.1920,0.0518,14.9672,34.307,0.6772
S5-E3,0,317,7.0082,0.2463,14.8443,34.161,0.6956
S5-E3,0,318,6.8061,0.2814,14.4453,34.174,0.7111
S5-E3,0,319,6.9869,0.1497,15.9747,34.178,0.7107
S5-E3,0,320,6.7609,0.2979,14.8431,33.988,0.6985
S5-E3,0,321,6.8450,0.3087,15.2062,34.001,0.6756
S5-E3,0,322,7.1895,0.1176,15.2917,33.919,0.6610
S5-E3,0,323,7.3779,0.4531,15.5711,34.100,0.6631
S5-E3,0,324,7.2651,0.0010,15.4280,33.848,0.6711
S5-E3,0,325,7.2160,0.1828,16.3829,33.949,0.6753
S5-E3,0,326,7.6616,0.1359,16.0507,33.757,0.6749
S5-E3,0,327,7.5759,0.0935,16.5999,34.189,0.6717
S5-E3,0,328,6.9310,0.1536,15.4197,33.884,0.6691
S5-E3,0,329,7.1412,0.0653,15.9628,33.917,0.6678
S5-E3,0,330,7.6411,0.0824,16.8872,34.050,0.6678
S5-E3,0,331,7.4362,0.0000,16.0632,34.316,0.6687
S5-E3,0,332,6.8877,0.3497,17.2827,34.011,0.6698
S5-E3,0,333,7.2838,0.1986,16.6200,34.192,0.6711
S5-E3,0,334,6.9201,0.0555,15.7606,33.946,0.6708
S5-E3,0,335,7.5778,0.1947,16.2486,34.256,0.6699
S5-E3,0,336,7.4356,0.2549,16.3539,34.030,0.6700
S5-E3,0,337,6.6954,0.1567,16.2686,33.901,0.6696
S5-E3,0,338,6.8610,0.0000,15.8670,34.192,0.6684
S5-E3,0,339,6.6803,0.1121,16.3672,33.974,0.6684
S5-E3,0,340,7.2405,0.3143,16.6099,33.917,0.6693
S5-E3,0,341,7.3539,0.0736,17.2641,33.821,0.6698
S5-E3,0,342,7.2224,0.1714,15.9372,34.104,0.6704
S5-E3,0,343,7.0054,0.4086,16.2635,33.872,0.6707
S5-E3,0,344,6.7340,0.3035,16.8282,33.910,0.6698
S5-E3,0,345,7.5291,0.3794,16.8124,34.139,0.6693
S5-E3,0,346,6.6682,0.0000,15.9930,33.903,0.6688
S5-E3,0,347,6.9123,0.0000,16.2466,34.083,0.6692
S5-E3,0,348,7.3739,0.3723,16.9452,34.192,0.6704
S5-E3,0,349,7.1132,0.0000,16.3894,34.151,0.6708
S5-E3,0,350,7.4526,0.2316,16.9249,34.288,0.6712
S5-E3,0,351,7.2507,0.0189,16.9395,33.941,0.6707
S5-E3,0,352,7.2975,0.2430,17.5508,34.022,0.6703
S5-E3,0,353,7.6169,0.0000,15.7333,34.333,0.6793
S5-E3,0,354,7.5303,0.2780,16.9279,34.281,0.7220
S5-E3,0,355,7.7487,0.0000,18.4124,34.419,0.7552
S5-E3,0,356,7.7483,0.0000,16.5749,34.367,0.7557
S5-E3,0,357,7.4273,0.3890,16.4212,33.764,0.7393
S5-E3,0,358,7.6100,0.2572,18.0127,33.820,0.7279
S5-E3,0,359,7.9799,0.0789,17.7887,34.120,0.7278
S5-E3,0,360,7.7722,0.1158,18.2857,33.981,0.7324
S5-E3,0,361,7.6901,0.2206,18.8598,34.043,0.7345
S5-E3,0,362,7.3577,0.2156,17.2397,34.240,0.7326
S5-E3,0,363,7.3579,0.1701,18.4038,33.772,0.7298
S5-E3,0,364,7.8427,0.2199,17.6691,33.833,0.7283
S5-E3,0,365,7.7692,0.0000,17.1587,34.050,0.7305
S5-E3,0,366,7.6294,0.1238,17.7638,33.777,0.7328
S5-E3,0,367,8.0228,0.0044,18.0686,33.786,0.7313
S5-E3,0,368,7.9538,0.0029,17.2732,33.773,0.7283
S5-E3,0,369,7.5552,0.1585,18.2139,33.901,0.7279
S5-E3,0,370,7.4840,0.3441,17.8900,34.318,0.7291
S5-E3,0,371,7.3586,0.0917,17.4694,34.211,0.7312
S5-E3,0,372,7.7698,0.4134,17.4163,33.914,0.7326
S5-E3,0,373,7.5749,0.2532,17.8530,34.001,0.7324
S5-E3,0,374,7.7900,0.3038,18.3869,34.002,0.7316
S5-E3,0,375,7.2304,0.0223,17.6109,33.952,0.7303
S5-E3,0,376,7.5721,0.5275,16.5564,34.012,0.7309
S5-E3,0,377,7.9559,0.1525,18.9220,34.032,0.7316
S5-E3,0,378,7.7195,0.0931,18.2064,33.990,0.7307
S5-E3,0,379,7.8737,0.2736,17.6859,34.096,0.7297
S5-E3,0,380,8.2581,0.2600,18.1281,34.103,0.7304
S5-E3,0,381,7.7018,0.1062,17.6738,33.989,0.7318
S5-E3,0,382,8.0324,0.0899,18.5397,33.781,0.7324
S5-E3,0,383,8.0540,0.2362,18.1985,34.027,0.7328
S5-E3,0,384,8.3734,0.3127,18.4432,33.875,0.7326
S5-E3,0,385,7.5186,0.0000,17.6697,34.063,0.7312
S5-E3,0,386,8.1070,0.0612,18.6108,33.979,0.7308
S5-E3,0,387,8.2294,0.2136,17.7903,34.152,0.7318
S5-E3,0,388,8.0825,0.0665,17.3707,34.124,0.7322
S5-E3,0,389,7.4842,0.1308,18.5887,33.795,0.7307
S5-E3,0,390,7.2307,0.0980,17.5904,33.975,0.7289
S5-E3,0,391,7.9184,0.0312,17.5217,34.068,0.7283
S5-E3,0,392,8.1034,0.3507,18.8110,34.037,0.7294
S5-E3,0,393,7.6410,0.2321,17.8536,33.864,0.7321
S5-E3,0,394,7.8046,0.0000,17.8921,34.047,0.7335
S5-E3,0,395,7.3609,0.2947,18.7410,34.147,0.7329
S5-E3,0,396,7.5146,0.2720,19.3100,33.998,0.7316
S5-E3,0,397,7.7734,0.5006,19.3933,33.854,0.7311
S5-E3,0,398,8.4937,0.2045,17.6841,34.015,0.7309
S5-E3,0,399,7.8456,0.0000,17.0588,34.215,0.7316
S5-E3,1,0,8.5289,0.0000,20.5760,33.850,0.7005
S5-E3,1,1,8.8756,0.2042,21.2375,33.995,0.7014
S5-E3,1,2,8.7747,0.0168,19.9221,34.197,0.7004
S5-E3,1,3,8.6408,0.2467,21.8459,34.237,0.6988
S5-E3,1,4,8.7566,0.0857,20.6437,34.303,0.6977
S5-E3,1,5,7.9063,0.1400,21.4227,34.129,0.6978
S5-E3,1,6,8.7516,0.3586,21.2070,34.263,0.6987
S5-E3,1,7,8.7208,0.3903,21.0802,34.116,0.6994
S5-E3,1,8,8.7834,0.2696,21.5044,34.131,0.6995
S5-E3,1,9,9.0903,0.2261,21.3593,34.207,0.6993
S5-E3,1,10,8.3998,0.2285,20.2629,34.180,0.6992
S5-E3,1,11,8.0314,0.2466,21.8345,33.960,0.6993
S5-E3,1,12,9.0036,0.0000,21.1126,34.034,0.6995
S5-E3,1,13,8.6351,0.2949,21.3214,33.713,0.6992
S5-E3,1,14,8.8999,0.0525,19.8808,33.722,0.6987
S5-E3,1,15,8.7837,0.4461,20.9100,33.791,0.6995
S5-E3,1,16,8.9407,0.2434,19.8829,33.964,0.7012
S5-E3,1,17,8.6195,0.0331,21.2133,34.014,0.7015
S5-E3,1,18,8.9415,0.0346,21.4235,34.203,0.7006
S5-E3,1,19,7.8339,0.0000,21.5558,34.105,0.6988
S5-E3,1,20,8.7378,0.0911,21.5042,34.121,0.6978
S5-E3,1,21,8.2077,0.0000,20.3578,34.068,0.6983
S5-E3,1,22,8.3183,0.6349,20.8907,33.800,0.6988
S5-E3,1,23,8.2364,0.2069,21.1406,33.964,0.6985
S5-E3,1,24,8.5739,0.0809,20.8452,33.990,0.6974
S5-E3,1,25,8.5726,0.1106,20.9910,34.073,0.6971
S5-E3,1,26,8.2818,0.1176,21.2080,34.026,0.6981
S5-E3,1,27,8.4575,0.0000,20.7886,34.116,0.6992
S5-E3,1,28,8.4290,0.1790,21.4578,34.120,0.6996
S5-E3,1,29,8.4879,0.0000,20.6566,34.178,0.6988
S5-E3,1,30,8.5373,0.4805,20.1411,34.034,0.6983
S5-E3,1,31,7.5587,0.2546,21.2524,34.052,0.6979
S5-E3,1,32,8.2350,0.3893,19.5382,34.133,0.6978
S5-E3,1,33,9.0340,0.0734,22.0238,33.880,0.6985
S5-E3,1,34,8.4558,0.2868,21.4143,34.038,0.6995
S5-E3,1,35,8.5595,0.2120,21.0452,34.004,0.7004
S5-E3,1,36,8.7615,0.0992,20.6704,33.963,0.6997
S5-E3,1,37,8.3947,0.0967,20.5063,34.067,0.6984
S5-E3,1,38,8.0352,0.2265,21.0166,34.197,0.6978
S5-E3,1,39,8.6025,0.0466,21.4136,33.835,0.6979
S5-E3,1,40,8.6563,0.0000,20.4916,34.108,0.6997
S5-E3,1,41,8.6713,0.2551,20.9717,33.887,0.7002
S5-E3,1,42,8.3595,0.0000,20.6096,34.052,0.6990
S5-E3,1,43,8.2568,0.0000,21.6160,34.175,0.6990
S5-E3,1,44,8.0215,0.0000,22.5533,34.057,0.6983
S5-E3,1,45,9.2017,0.0000,21.1162,33.829,0.6979
S5-E3,1,46,8.3886,0.0982,20.8008,34.033,0.6987
S5-E3,1,47,8.2898,0.1018,21.3626,34.227,0.7005
S5-E3,1,48,8.6535,0.2305,21.1387,34.339,0.7004
S5-E3,1,49,8.7625,0.3036,20.9633,34.052,0.6985
S5-E3,1,50,8.5645,0.0833,20.2448,33.976,0.6987
S5-E3,1,51,9.1142,0.1429,20.5358,34.217,0.6998
S5-E3,1,52,9.0170,0.1064,19.6846,34.017,0.7007
S5-E3,1,53,9.0853,0.3978,21.1213,33.851,0.7012
S5-E3,1,54,9.1877,0.3189,21.0023,33.815,0.7008
S5-E3,1,55,9.0796,0.0000,20.3250,33.887,0.6996
S5-E3,1,56,9.3377,0.2139,21.7135,34.049,0.6984
S5-E3,1,57,8.7114,0.1141,21.9486,33.903,0.6985
S5-E3,1,58,9.2603,0.2293,20.4252,33.690,0.7000
S5-E3,1,59,9.4037,0.0591,20.9519,34.021,0.7006
S5-E3,1,60,8.4431,0.1011,20.7854,33.968,0.7001
S5-E3,1,61,8.9923,0.1600,19.5020,34.062,0.6991
S5-E3,1,62,8.3226,0.2287,19.9663,34.062,0.6993
S5-E3,1,63,8.4051,0.0948,20.0537,33.824,0.6999
S5-E3,1,64,8.2889,0.0000,20.7641,33.960,0.6994
S5-E3,1,65,8.6828,0.0866,20.9474,34.209,0.6987
S5-E3,1,66,7.8568,0.0000,21.9129,33.686,0.6990
S5-E3,1,67,9.1540,0.0663,20.6924,34.067,0.7077
S5-E3,1,68,8.2257,0.0624,20.6751,34.285,0.7458
S5-E3,1,69,9.1424,0.3161,22.4226,34.364,0.7762
S5-E3,1,70,8.7442,0.2281,21.5969,34.393,0.7762
S5-E3,1,71,8.4126,0.2374,20.3663,34.031,0.7591
S5-E3,1,72,8.6295,0.3598,22.4002,34.104,0.7475
S5-E3,1,73,8.3657,0.2864,20.7515,34.161,0.7487
S5-E3,1,74,9.1910,0.1932,21.7957,34.207,0.7554
S5-E3,1,75,9.3399,0.0411,21.0723,33.898,0.7589
S5-E3,1,76,9.3944,0.2187,21.2885,34.091,0.7573
S5-E3,1,77,9.4593,0.3255,21.7307,34.367,0.7540
S5-E3,1,78,9.5322,0.0000,22.2744,34.037,0.7523
S5-E3,1,79,9.3127,0.0000,21.1165,34.155,0.7533
S5-E3,1,80,9.7468,0.3167,20.7574,33.878,0.7555
S5-E3,1,81,9.4495,0.0996,22.2972,34.071,0.7574
S5-E3,1,82,9.5048,0.1460,21.5238,34.097,0.7567
S5-E3,1,83,8.8370,0.0000,21.3325,34.041,0.7548
S5-E3,1,84,8.8078,0.0000,22.4656,33.716,0.7539
S5-E3,1,85,9.0783,0.5124,22.8802,34.149,0.7524
S5-E3,1,86,9.2333,0.1122,21.7119,34.048,0.7516
S5-E3,1,87,9.0135,0.3527,22.5572,33.893,0.7522
S5-E3,1,88,8.9867,0.0000,22.2024,33.956,0.7532
S5-E3,1,89,8.9242,0.1883,22.1482,33.951,0.7545
S5-E3,1,90,8.9875,0.3952,23.3593,33.898,0.7555
S5-E3,1,91,9.7840,0.0000,22.2855,33.835,0.7558
S5-E3,1,92,9.3140,0.0000,23.1140,33.740,0.7565
S5-E3,1,93,9.9644,0.4825,20.5656,33.792,0.7560
S5-E3,1,94,9.4871,0.0041,21.9864,33.955,0.7541
S5-E3,1,95,9.6867,0.1244,20.4863,34.200,0.7532
S5-E3,1,96,9.1058,0.1432,22.1137,33.749,0.7531
S5-E3,1,97,10.0175,0.3923,21.8014,33.891,0.7538
S5-E3,1,98,9.8264,0.0349,22.5740,34.133,0.7552
S5-E3,1,99,9.6228,0.0699,23.1962,34.102,0.7558
S5-E3,1,100,10.2296,0.3126,22.1441,34.031,0.7556
S5-E3,1,101,8.7574,0.0000,23.3955,33.943,0.7560
S5-E3,1,102,9.3863,0.2246,22.6646,34.034,0.7557
S5-E3,1,103,9.0737,0.2744,22.9461,34.042,0.7545
S5-E3,1,104,9.0019,0.0750,22.6799,33.790,0.7536
S5-E3,1,105,9.7587,0.0000,21.8681,33.912,0.7538
S5-E3,1,106,9.6374,0.1758,22.7801,34.333,0.7552
S5-E3,1,107,8.7266,0.0703,22.4855,33.769,0.7545
S5-E3,1,108,9.4865,0.3098,23.2694,33.968,0.7528
S5-E3,1,109,8.9977,0.2027,21.7505,33.918,0.7534
S5-E3,1,110,9.8036,0.0000,21.6833,33.298,0.7321
S5-E3,1,111,9.0464,0.1925,21.7092,33.093,0.6198
S5-E3,1,112,8.7654,0.0552,20.6882,33.358,0.5316
S5-E3,1,113,8.8023,0.0000,20.4588,34.294,0.5395
S5-E3,1,114,8.9066,0.0841,20.9032,34.166,0.6242
S5-E3,1,115,8.4841,0.0000,21.1360,34.286,0.6855
S5-E3,1,116,8.8152,0.1208,20.1297,33.840,0.6849
S5-E3,1,117,8.9660,0.0295,20.7260,33.601,0.6563
S5-E3,1,118,8.2088,0.1053,19.6488,33.643,0.6381
S5-E3,1,119,8.7112,0.0000,21.5281,34.069,0.6389
S5-E3,1,120,8.2318,0.0843,21.0877,34.175,0.6475
S5-E3,1,121,8.6215,0.2330,20.7219,34.005,0.6530
S5-E3,1,122,8.5158,0.3578,19.6715,33.903,0.6536
S5-E3,1,123,7.9079,0.2335,20.3503,33.909,0.6515
S5-E3,1,124,7.8267,0.1659,18.7317,33.979,0.6494
S5-E3,1,125,8.6532,0.3552,20.8365,33.895,0.6497
S5-E3,1,126,8.8136,0.0000,19.0577,34.048,0.6520
S5-E3,1,127,7.6315,0.0000,21.0220,33.783,0.6528
S5-E3,1,128,8.7438,0.0820,19.9946,33.976,0.6510
S5-E3,1,129,8.8125,0.2926,20.0770,34.180,0.6500
S5-E3,1,130,8.4081,0.0048,19.5249,33.883,0.6513
S5-E3,1,131,8.1301,0.1629,20.8652,34.060,0.6519
S5-E3,1,132,7.9430,0.1359,20.8145,33.777,0.6520
S5-E3,1,133,8.4812,0.1202,19.7974,34.218,0.6514
S5-E3,1,134,8.2450,0.0000,20.2262,33.833,0.6498
S5-E3,1,135,8.3964,0.1738,19.9295,33.990,0.6496
S5-E3,1,136,8.1871,0.0000,18.7006,34.246,0.6509
S5-E3,1,137,7.9470,0.3084,20.5028,33.719,0.6521
S5-E3,1,138,8.9399,0.1856,19.1163,34.163,0.6521
S5-E3,1,139,8.4989,0.0409,19.5732,33.979,0.6521
S5-E3,1,140,8.7904,0.2693,19.2024,33.988,0.6523
S5-E3,1,141,8.6546,0.0228,19.6385,33.895,0.6518
S5-E3,1,142,8.0774,0.1066,20.7371,33.948,0.6513
S5-E3,1,143,8.5575,0.0000,19.7541,34.164,0.6514
S5-E3,1,144,8.3983,0.2769,19.6954,33.975,0.6515
S5-E3,1,145,8.1973,0.0465,20.5600,33.897,0.6516
S5-E3,1,146,8.9530,0.0336,20.5628,34.268,0.6512
S5-E3,1,147,8.5976,0.1513,19.4189,34.175,0.6506
S5-E3,1,148,7.9320,0.0000,19.7288,34.036,0.6510
S5-E3,1,149,8.9668,0.0808,19.5316,34.170,0.6513
S5-E3,1,150,8.2052,0.2947,19.5277,34.489,0.6721
S5-E3,1,151,7.4778,0.2524,19.6813,34.530,0.7769
S5-E3,1,152,7.8835,0.3076,19.1418,34.337,0.8587
S5-E3,1,153,7.6239,0.0000,18.9309,33.863,0.8582
S5-E3,1,154,7.9727,0.2505,19.7257,33.885,0.8164
S5-E3,1,155,8.0309,0.3410,19.5731,34.067,0.7886
S5-E3,1,156,8.0915,0.4133,19.5395,34.024,0.7904
S5-E3,1,157,8.2814,0.0592,19.2911,34.025,0.8039
S5-E3,1,158,9.0530,0.0000,18.5886,33.801,0.8108
S5-E3,1,159,8.8650,0.0868,20.5656,33.847,0.8083
S5-E3,1,160,8.5279,0.3346,19.6104,33.751,0.8015
S5-E3,1,161,8.2269,0.3052,19.4681,34.260,0.7965
S5-E3,1,162,7.9001,0.0000,19.6163,34.108,0.7966
S5-E3,1,163,8.0926,0.1216,19.6557,33.930,0.7995
S5-E3,1,164,7.9290,0.3080,19.5384,33.955,0.8003
S5-E3,1,165,8.5295,0.1298,20.3747,33.927,0.8004
S5-E3,1,166,7.7208,0.1490,19.8334,33.958,0.8013
S5-E3,1,167,8.0003,0.5266,18.9228,34.054,0.8005
S5-E3,1,168,7.8397,0.2766,19.5854,33.993,0.7986
S5-E3,1,169,8.1944,0.2508,19.7145,34.002,0.7983
S5-E3,1,170,8.6879,0.1970,19.3410,34.191,0.7988
S5-E3,1,171,8.3397,0.2142,19.0921,33.792,0.7993
S5-E3,1,172,9.0457,0.2068,19.4502,34.188,0.7998
S5-E3,1,173,8.4208,0.4211,19.1711,33.991,0.8001
S5-E3,1,174,8.2477,0.1444,19.3556,33.970,0.8003
S5-E3,1,175,8.6401,0.0000,19.1517,34.138,0.8009
S5-E3,1,176,8.1141,0.2544,19.0662,33.968,0.8005
S5-E3,1,177,8.5610,0.2364,18.9401,34.040,0.7995
S5-E3,1,178,8.1931,0.2763,20.5824,34.014,0.7987
S5-E3,1,179,8.6162,0.1970,19.8374,33.795,0.8001
S5-E3,1,180,8.3452,0.1655,20.0705,34.111,0.8016
S5-E3,1,181,8.5250,0.2564,19.6532,34.238,0.8003
S5-E3,1,182,8.3813,0.2073,20.3546,33.888,0.7989
S5-E3,1,183,9.2367,0.0059,19.6616,33.959,0.7990
S5-E3,1,184,8.2614,0.0475,20.2382,34.222,0.8006
S5-E3,1,185,8.3837,0.1923,20.3524,33.894,0.8017
S5-E3,1,186,8.2231,0.1232,18.8749,33.977,0.8000
S5-E3,1,187,8.3628,0.1304,19.4704,33.714,0.7979
S5-E3,1,188,8.5265,0.0000,19.0514,33.906,0.7976
S5-E3,1,189,7.9362,0.2650,20.5978,34.146,0.7991
S5-E3,1,190,8.5624,0.2743,18.8083,34.075,0.8002
S5-E3,1,191,8.2249,0.1068,20.6357,33.965,0.7996
S5-E3,1,192,8.5615,0.3624,19.0629,34.277,0.7996
S5-E3,1,193,7.9206,0.1901,19.6553,33.930,0.8007
S5-E3,1,194,8.5902,0.1829,19.6645,34.097,0.8005
S5-E3,1,195,8.1030,0.0048,19.9580,33.913,0.7993
S5-E3,1,196,8.8191,0.0058,19.0586,34.159,0.7999
S5-E3,1,197,8.8840,0.3344,19.7968,34.036,0.8004
S5-E3,1,198,8.7370,0.1574,18.6066,33.888,0.8000
S5-E3,1,199,8.7528,0.0783,19.2136,33.919,0.7997
S5-E3,1,200,9.0406,0.4014,19.5114,34.006,0.7990
S5-E3,1,201,8.7632,0.0377,19.3835,34.061,0.8059
S5-E3,1,202,9.0285,0.1660,20.2365,34.138,0.8426
S5-E3,1,203,8.4512,0.2784,20.0884,34.502,0.8729
S5-E3,1,204,8.7140,0.2540,20.3975,33.898,0.8745
S5-E3,1,205,8.4061,0.3053,19.9549,34.064,0.8592
S5-E3,1,206,8.6073,0.1163,21.1225,34.082,0.8482
S5-E3,1,207,8.7402,0.2073,19.4166,34.264,0.8475
S5-E3,1,208,8.7197,0.5020,21.1312,34.076,0.8509
S5-E3,1,209,8.8900,0.3771,20.3724,34.081,0.8541
S5-E3,1,210,8.4116,0.0000,20.1378,34.021,0.8550
S5-E3,1,211,8.5718,0.2747,20.4742,33.698,0.8524
S5-E3,1,212,8.3076,0.1847,19.8084,33.943,0.8506
S5-E3,1,213,8.4343,0.2284,20.7718,34.072,0.8501
S5-E3,1,214,9.0763,0.2149,20.7732,33.922,0.8493
S5-E3,1,215,8.7537,0.2344,20.3175,34.197,0.8503
S5-E3,1,216,9.4048,0.3316,20.4178,33.951,0.8524
S5-E3,1,217,9.4619,0.1578,20.2546,33.927,0.8539
S5-E3,1,218,8.3949,0.1386,19.6193,33.983,0.8549
S5-E3,1,219,9.2433,0.1544,20.6937,33.927,0.8548
S5-E3,1,220,8.6509,0.2089,21.7495,33.986,0.8532
S5-E3,1,221,8.9318,0.1802,22.0103,34.153,0.8512
S5-E3,1,222,9.3132,0.2170,21.2009,33.742,0.8513
S5-E3,1,223,8.5248,0.0000,21.2485,34.026,0.8541
S5-E3,1,224,9.5549,0.4134,21.4012,33.817,0.8547
S5-E3,1,225,9.3972,0.0000,20.1028,33.880,0.8528
S5-E3,1,226,9.0494,0.1593,20.2504,33.844,0.8529
S5-E3,1,227,9.3324,0.0652,20.9113,34.191,0.8534
S5-E3,1,228,9.0365,0.4776,19.9825,34.029,0.8524
S5-E3,1,229,8.5173,0.1680,20.6298,34.003,0.8523
S5-E3,1,230,9.4868,0.0000,21.1186,34.006,0.8531
S5-E3,1,231,9.1356,0.1492,20.1261,33.976,0.8539
S5-E3,1,232,8.9912,0.3730,20.7322,34.050,0.8546
S5-E3,1,233,9.8114,0.3016,19.9131,33.999,0.8541
S5-E3,1,234,9.8821,0.2392,21.3494,34.000,0.8537
S5-E3,1,235,9.3083,0.3399,21.2018,34.044,0.8532
S5-E3,1,236,8.6972,0.2535,21.5934,33.817,0.8522
S5-E3,1,237,9.0043,0.0000,20.6499,34.261,0.8515
S5-E3,1,238,9.3725,0.2644,20.0875,33.636,0.8347
S5-E3,1,239,8.4015,0.0908,20.8236,33.662,0.7498
S5-E3,1,240,8.6291,0.1387,19.8255,33.567,0.6821
S5-E3,1,241,9.4997,0.0000,20.1135,33.604,0.6821
S5-E3,1,242,8.6904,0.1287,20.5302,33.993,0.7162
S5-E3,1,243,8.5108,0.4169,19.8006,33.848,0.7381
S5-E3,1,244,7.7047,0.0820,18.4391,33.566,0.7365
S5-E3,1,245,7.7889,0.3546,18.6467,33.894,0.7262
S5-E3,1,246,8.1380,0.0720,19.4321,33.941,0.7210
S5-E3,1,247,8.0359,0.2936,19.6935,34.120,0.7220
S5-E3,1,248,8.1015,0.0000,19.4574,34.040,0.7264
S5-E3,1,249,7.9857,0.1733,18.1526,34.120,0.7304
S5-E3,1,250,7.6521,0.0860,18.5764,33.940,0.7305
S5-E3,1,251,7.8932,0.5007,18.2361,33.950,0.7303
S5-E3,1,252,8.5131,0.1117,18.5517,34.019,0.7292
S5-E3,1,253,8.4656,0.0000,18.5441,34.021,0.7274
S5-E3,1,254,7.8721,0.3837,17.8576,33.953,0.7264
S5-E3,1,255,7.8619,0.0000,17.6491,33.754,0.7272
S5-E3,1,256,8.4869,0.0370,18.0780,34.088,0.7302
S5-E3,1,257,8.2557,0.0508,18.8962,34.280,0.7318
S5-E3,1,258,8.0198,0.0146,18.3833,34.042,0.7308
S5-E3,1,259,7.9029,0.0000,18.5213,33.653,0.7286
S5-E3,1,260,7.8212,0.0053,19.0983,34.109,0.7277
S5-E3,1,261,8.0529,0.4633,18.2792,34.037,0.7276
S5-E3,1,262,7.8789,0.2923,16.8894,33.892,0.7280
S5-E3,1,263,7.8541,0.3528,18.4417,34.010,0.7296
S5-E3,1,264,8.1596,0.1811,18.4941,33.895,0.7316
S5-E3,1,265,7.7028,0.1515,18.7990,33.716,0.7317
S5-E3,1,266,7.9903,0.2753,18.3638,34.235,0.7305
S5-E3,1,267,7.9781,0.4693,18.0715,34.017,0.7302
S5-E3,1,268,8.5662,0.1461,18.8241,33.935,0.7317
S5-E3,1,269,8.3365,0.1745,17.8018,34.105,0.7324
S5-E3,1,270,8.1013,0.0000,18.5453,33.784,0.7314
S5-E3,1,271,8.8859,0.2290,18.1703,34.136,0.7311
S5-E3,1,272,7.4623,0.0000,18.3836,33.193,0.6841
S5-E3,1,273,7.6437,0.2006,17.7977,32.268,0.4622
S5-E3,1,274,6.8670,0.0999,15.9843,33.049,0.2986
S5-E3,1,275,6.8824,0.1801,16.0660,33.823,0.3045
S5-E3,1,276,6.3545,0.1855,15.1141,33.978,0.3860
S5-E3,1,277,6.2417,0.0000,15.4658,33.604,0.4368
S5-E3,1,278,6.1843,0.1632,14.3246,33.581,0.4332
S5-E3,1,279,5.8625,0.2613,13.7755,33.828,0.4100
S5-E3,1,280,5.7423,0.2390,13.1084,33.995,0.3995
S5-E3,1,281,5.8281,0.1844,13.8151,33.681,0.4047
S5-E3,1,282,5.6005,0.1080,14.0074,33.938,0.4128
S5-E3,1,283,5.5056,0.0955,13.5626,34.111,0.4157
S5-E3,1,284,5.6054,0.0663,12.6586,34.147,0.4144
S5-E3,1,285,5.0298,0.0416,12.4007,34.026,0.4128
S5-E3,1,286,5.3567,0.1849,13.0243,33.857,0.4126
S5-E3,1,287,5.1782,0.2731,12.1921,34.133,0.4134
S5-E3,1,288,5.1116,0.1337,12.0571,33.985,0.4153
S5-E3,1,289,5.4666,0.1691,12.4612,33.999,0.4161
S5-E3,1,290,5.0547,0.0000,11.9381,33.873,0.4156
S5-E3,1,291,5.5977,0.0548,11.9455,34.224,0.4156
S5-E3,1,292,5.1326,0.2152,11.2715,34.020,0.4163
S5-E3,1,293,5.4556,0.2193,12.1320,33.996,0.4164
S5-E3,1,294,5.1831,0.0760,11.8702,34.017,0.4149
S5-E3,1,295,5.2518,0.0517,11.6252,34.137,0.4142
S5-E3,1,296,5.1469,0.0197,12.1311,33.943,0.4152
S5-E3,1,297,4.9343,0.2274,11.5890,34.211,0.4157
S5-E3,1,298,5.4713,0.2046,11.8138,33.854,0.4152
S5-E3,1,299,5.3859,0.3427,11.4875,34.174,0.4152
S5-E3,1,300,5.1700,0.0000,11.8433,34.154,0.4150
S5-E3,1,301,4.8810,0.2346,11.6367,33.968,0.4144
S5-E3,1,302,4.7528,0.2639,12.1896,34.036,0.4139
S5-E3,1,303,4.9685,0.0000,11.5654,33.948,0.4136
S5-E3,1,304,5.1128,0.0111,11.3765,34.084,0.4140
S5-E3,1,305,4.9764,0.1119,11.1176,34.095,0.4145
S5-E3,1,306,4.8409,0.0000,10.7394,33.725,0.4143
S5-E3,1,307,5.0980,0.0802,11.1515,34.138,0.4139
S5-E3,1,308,4.8777,0.2443,11.0335,33.687,0.4147
S5-E3,1,309,5.1459,0.2457,11.1301,33.847,0.4146
S5-E3,1,310,5.2935,0.0523,13.3177,34.639,0.4526
S5-E3,1,311,5.3735,0.2946,12.6153,35.564,0.6798
S5-E3,1,312,5.9004,0.1809,13.8912,35.090,0.8903
S5-E3,1,313,6.2373,0.2153,14.1968,34.458,0.9313
S5-E3,1,314,6.8318,0.1435,14.8586,33.756,0.8519
S5-E3,1,315,6.7749,0.2080,15.7540,33.965,0.7716
S5-E3,1,316,7.0557,0.0000,15.6261,34.232,0.7530
S5-E3,1,317,7.2561,0.1449,16.5850,34.091,0.7738
S5-E3,1,318,7.8782,0.1893,16.6717,33.944,0.7937
S5-E3,1,319,7.7784,0.2823,15.9470,34.123,0.7964
S5-E3,1,320,7.5661,0.1560,17.6350,33.922,0.7865
S5-E3,1,321,7.7467,0.2993,16.8405,34.263,0.7764
S5-E3,1,322,7.7076,0.1170,17.2903,34.054,0.7754
S5-E3,1,323,7.8022,0.2191,17.7988,34.014,0.7793
S5-E3,1,324,8.2344,0.1599,17.9246,34.211,0.7812
S5-E3,1,325,7.5361,0.2789,17.1113,33.853,0.7817
S5-E3,1,326,8.2933,0.0834,18.3927,34.008,0.7807
S5-E3,1,327,8.4977,0.0932,17.9921,33.876,0.7783
S5-E3,1,328,8.6037,0.0000,17.3823,34.003,0.7767
S5-E3,1,329,8.3596,0.3233,18.5958,33.884,0.7774
S5-E3,1,330,8.5440,0.0000,18.3638,34.059,0.7784
S5-E3,1,331,8.2071,0.2938,19.3673,33.695,0.7777
S5-E3,1,332,8.2495,0.2861,18.5902,34.029,0.7777
S5-E3,1,333,8.4201,0.0000,17.6250,33.699,0.7779
S5-E3,1,334,8.0763,0.0000,18.7023,33.923,0.7772
S5-E3,1,335,7.6703,0.4862,19.7488,34.000,0.7768
S5-E3,1,336,8.0586,0.1966,19.1490,33.822,0.7770
S5-E3,1,337,7.6442,0.0000,18.4991,34.041,0.7771
S5-E3,1,338,8.3921,0.4549,19.1609,33.948,0.7759
S5-E3,1,339,8.2204,0.3790,18.3431,33.806,0.7750
S5-E3,1,340,8.4388,0.1349,18.2721,34.027,0.7756
S5-E3,1,341,8.5093,0.2274,19.8226,33.794,0.7758
S5-E3,1,342,7.9652,0.1951,18.5043,33.997,0.7752
S5-E3,1,343,7.8594,0.1727,17.8605,33.853,0.7763
S5-E3,1,344,8.2587,0.2008,18.3772,33.910,0.7783
S5-E3,1,345,7.2530,0.2877,18.5520,33.846,0.7777
S5-E3,1,346,8.1062,0.1637,19.9193,34.072,0.7745
S5-E3,1,347,7.7629,0.3336,18.7564,34.034,0.7735
S5-E3,1,348,8.4918,0.2155,19.6706,34.243,0.7743
S5-E3,1,349,7.4324,0.0264,18.6718,34.014,0.7755
S5-E3,1,350,7.9599,0.0886,19.5226,34.004,0.7769
S5-E3,1,351,7.7064,0.2867,18.6934,34.034,0.7755
S5-E3,1,352,8.2379,0.3964,18.9464,33.948,0.7739
S5-E3,1,353,8.4554,0.3777,19.6171,33.756,0.7757
S5-E3,1,354,7.7140,0.2359,18.0909,33.754,0.7780
S5-E3,1,355,8.3762,0.3015,19.5255,34.030,0.7797
S5-E3,1,356,8.1152,0.2959,19.1136,34.042,0.7786
S5-E3,1,357,8.4270,0.0762,18.4690,34.004,0.7755
S5-E3,1,358,7.7755,0.2630,18.7366,34.112,0.7758
S5-E3,1,359,8.0151,0.0239,20.4052,33.934,0.7769
S5-E3,1,360,7.6006,0.3770,18.8541,34.028,0.7765
S5-E3,1,361,8.4753,0.1568,18.2025,33.763,0.7760
S5-E3,1,362,8.1014,0.3670,19.2422,33.851,0.7772
S5-E3,1,363,7.9187,0.0655,20.0323,34.148,0.7787
S5-E3,1,364,8.1394,0.1147,19.7701,33.875,0.7786
S5-E3,1,365,7.9595,0.0028,18.8553,33.891,0.7777
S5-E3,1,366,8.6859,0.2035,19.0056,33.737,0.7770
S5-E3,1,367,8.2709,0.2417,20.4264,34.020,0.7784
S5-E3,1,368,8.2062,0.2696,19.5748,34.090,0.7790
S5-E3,1,369,9.0364,0.3331,19.2113,33.875,0.7772
S5-E3,1,370,8.6327,0.0334,18.6405,33.908,0.7763
S5-E3,1,371,8.4042,0.1480,19.2681,34.010,0.7782
S5-E3,1,372,8.1130,0.0000,19.9422,34.143,0.7793
S5-E3,1,373,8.2383,0.0954,19.0086,34.120,0.7786
S5-E3,1,374,8.5027,0.1856,19.1342,33.958,0.7779
S5-E3,1,375,8.9338,0.0864,19.2615,34.061,0.7783
S5-E3,1,376,8.7509,0.2587,19.7610,33.876,0.7783
S5-E3,1,377,8.4793,0.4764,19.0767,33.998,0.7763
S5-E3,1,378,8.6710,0.0568,20.2193,34.107,0.7760
S5-E3,1,379,7.8841,0.1717,19.5856,33.981,0.7785
S5-E3,1,380,8.4972,0.3333,19.7003,34.136,0.7793
S5-E3,1,381,8.1730,0.0000,18.8306,33.781,0.7780
S5-E3,1,382,8.1052,0.2060,18.2283,34.126,0.7767
S5-E3,1,383,7.5246,0.1529,18.8333,34.007,0.7741
S5-E3,1,384,7.8241,0.1615,19.1450,33.962,0.7722
S5-E3,1,385,8.3268,0.1482,19.1969,34.143,0.7725
S5-E3,1,386,7.8894,0.0000,19.1603,33.786,0.7747
S5-E3,1,387,8.2651,0.2002,18.9004,34.021,0.7784
S5-E3,1,388,7.7038,0.3040,19.3020,34.099,0.7806
S5-E3,1,389,8.5613,0.2694,18.9398,33.919,0.7790
S5-E3,1,390,8.2674,0.2729,20.4594,34.070,0.7767
S5-E3,1,391,7.8963,0.0843,18.9022,33.892,0.7765
S5-E3,1,392,7.7460,0.0075,18.8672,34.018,0.7751
S5-E3,1,393,8.1410,0.0000,19.2355,34.373,0.7754
S5-E3,1,394,8.0387,0.2948,19.1102,34.110,0.7778
S5-E3,1,395,7.4709,0.2532,18.4718,34.189,0.7794
S5-E3,1,396,8.3187,0.4238,19.2401,34.131,0.7784
S5-E3,1,397,8.1878,0.2254,19.0520,33.834,0.7766
S5-E3,1,398,7.7301,0.2590,18.5463,33.886,0.7761
S5-E3,1,399,8.4764,0.2920,17.9829,34.194,0.7763
S5-E3,2,0,8.1424,0.1448,17.8657,33.920,0.6302
S5-E3,2,1,7.9630,0.3731,18.3537,34.093,0.6303
S5-E3,2,2,7.4611,0.1503,18.8161,34.151,0.6304
S5-E3,2,3,8.4575,0.1298,19.4189,33.846,0.6305
S5-E3,2,4,7.7113,0.0000,19.3569,33.786,0.6304
S5-E3,2,5,8.3366,0.0740,18.4882,33.815,0.6294
S5-E3,2,6,7.7085,0.2194,18.2125,33.947,0.6290
S5-E3,2,7,7.6316,0.0375,18.8425,33.659,0.6297
S5-E3,2,8,7.7768,0.0000,19.0406,33.994,0.6299
S5-E3,2,9,8.5120,0.2638,18.4839,34.032,0.6296
S5-E3,2,10,8.1265,0.1894,19.2552,34.203,0.6299
S5-E3,2,11,8.0796,0.0015,18.5916,33.977,0.6304
S5-E3,2,12,7.7069,0.0228,18.2803,34.019,0.6297
S5-E3,2,13,8.3789,0.0000,19.0911,33.948,0.6283
S5-E3,2,14,7.9158,0.0449,20.1520,34.056,0.6272
S5-E3,2,15,7.7679,0.2743,18.7669,34.146,0.6279
S5-E3,2,16,8.2667,0.0911,18.5063,34.073,0.6293
S5-E3,2,17,8.2656,0.0202,19.1833,34.195,0.6298
S5-E3,2,18,7.8554,0.0165,18.6404,34.204,0.6300
S5-E3,2,19,7.8125,0.2840,18.8686,33.910,0.6303
S5-E3,2,20,8.4040,0.0239,19.0578,34.050,0.6296
S5-E3,2,21,7.7841,0.4970,18.7696,33.872,0.6283
S5-E3,2,22,7.6344,0.0279,19.0862,33.835,0.6282
S5-E3,2,23,8.4464,0.1194,18.9281,34.101,0.6285
S5-E3,2,24,8.4019,0.0813,19.1889,34.024,0.6286
S5-E3,2,25,8.3136,0.2409,18.2585,33.994,0.6281
S5-E3,2,26,8.0288,0.1871,18.9793,34.024,0.6286
S5-E3,2,27,8.2658,0.1158,18.5609,33.960,0.6301
S5-E3,2,28,8.2135,0.0337,19.8950,34.045,0.6306
S5-E3,2,29,8.5323,0.1596,18.4740,33.975,0.6303
S5-E3,2,30,8.0093,0.1087,17.9926,34.089,0.6291
S5-E3,2,31,7.8238,0.0000,19.2631,33.693,0.6283
S5-E3,2,32,7.9940,0.2331,19.0025,34.043,0.6287
S5-E3,2,33,8.5425,0.1511,18.9861,33.961,0.6303
S5-E3,2,34,8.2729,0.3281,19.1262,34.048,0.6316
S5-E3,2,35,8.3697,0.0000,18.9337,34.438,0.6306
S5-E3,2,36,8.5346,0.1404,18.4813,34.045,0.6290
S5-E3,2,37,7.8539,0.0998,18.3258,33.765,0.6290
S5-E3,2,38,7.9735,0.0758,19.7255,33.995,0.6297
S5-E3,2,39,8.4037,0.0000,18.1285,33.757,0.6294
S5-E3,2,40,8.6391,0.0000,19.5624,34.271,0.6289
S5-E3,2,41,7.9238,0.1864,20.4836,34.126,0.6287
S5-E3,2,42,7.4038,0.1022,19.9505,34.035,0.6275
S5-E3,2,43,7.9594,0.0000,18.5814,33.900,0.6267
S5-E3,2,44,7.6602,0.1970,19.9961,34.054,0.6274
S5-E3,2,45,8.1467,0.2594,19.1790,34.059,0.6283
S5-E3,2,46,8.3057,0.0141,18.7637,33.984,0.6219
S5-E3,2,47,8.0617,0.0301,19.0459,33.627,0.5891
S5-E3,2,48,7.8949,0.0000,19.2166,33.858,0.5643
S5-E3,2,49,8.4531,0.6145,19.2416,33.837,0.5645
S5-E3,2,50,7.7571,0.0000,19.6390,33.884,0.5769
S5-E3,2,51,7.9417,0.0000,18.5454,33.753,0.5848
S5-E3,2,52,8.2543,0.0560,17.7024,34.244,0.5842
S5-E3,2,53,8.2905,0.0000,18.1694,34.001,0.5813
S5-E3,2,54,8.0736,0.0620,19.0671,33.869,0.5806
S5-E3,2,55,7.8052,0.1762,18.4244,33.679,0.5812
S5-E3,2,56,8.0964,0.1340,17.8799,34.015,0.5821
S5-E3,2,57,8.0945,0.1724,17.5970,33.951,0.5829
S5-E3,2,58,7.6012,0.2186,17.8992,34.178,0.5829
S5-E3,2,59,7.3088,0.3181,18.3601,33.988,0.5825
S5-E3,2,60,8.1344,0.0176,18.5353,33.855,0.5811
S5-E3,2,61,7.7087,0.0028,18.2517,33.986,0.5802
S5-E3,2,62,7.9993,0.3111,18.2871,33.895,0.5807
S5-E3,2,63,8.1085,0.0000,17.9172,33.505,0.5806
S5-E3,2,64,7.0444,0.3322,18.4179,33.904,0.5806
S5-E3,2,65,7.2235,0.1247,18.4629,33.995,0.5804
S5-E3,2,66,7.7889,0.1502,18.5776,33.606,0.5802
S5-E3,2,67,6.9921,0.2000,18.3773,33.754,0.5813
S5-E3,2,68,7.9422,0.3027,16.9065,33.774,0.5834
S5-E3,2,69,6.9437,0.3198,18.3212,33.733,0.5834
S5-E3,2,70,7.5408,0.3179,18.4710,33.840,0.5810
S5-E3,2,71,7.4851,0.3283,17.8876,34.183,0.5794
S5-E3,2,72,7.5091,0.1927,17.4005,34.014,0.5811
S5-E3,2,73,7.8409,0.2098,18.0232,33.989,0.5826
S5-E3,2,74,7.0958,0.1521,18.2524,34.053,0.5813
S5-E3,2,75,7.5116,0.0744,17.2911,34.073,0.5800
S5-E3,2,76,7.1228,0.0000,18.4503,34.110,0.5801
S5-E3,2,77,7.4396,0.0000,17.7835,34.007,0.5811
S5-E3,2,78,7.2162,0.2270,17.9491,33.995,0.5823
S5-E3,2,79,7.3005,0.4154,17.1000,34.040,0.5827
S5-E3,2,80,8.1027,0.3926,18.1244,34.062,0.5815
S5-E3,2,81,7.5095,0.0684,17.6443,33.977,0.5804
S5-E3,2,82,7.5653,0.0843,17.6571,33.983,0.5812
S5-E3,2,83,7.9988,0.0000,18.7564,33.779,0.5821
S5-E3,2,84,7.3081,0.1509,18.2002,34.181,0.5823
S5-E3,2,85,7.2683,0.2615,17.2538,33.863,0.5821
S5-E3,2,86,7.6819,0.0000,17.8421,33.770,0.5815
S5-E3,2,87,7.0930,0.0000,16.8246,34.376,0.5814
S5-E3,2,88,7.4120,0.0252,18.5112,34.153,0.5817
S5-E3,2,89,7.4601,0.1442,17.7814,33.960,0.5822
S5-E3,2,90,7.6213,0.0000,17.1426,33.959,0.5819
S5-E3,2,91,7.9867,0.1405,18.0569,33.989,0.5812
S5-E3,2,92,7.1372,0.3893,18.0665,34.016,0.5820
S5-E3,2,93,7.0174,0.2755,18.5037,34.074,0.5835
S5-E3,2,94,7.5882,0.1709,17.8963,33.865,0.5834
S5-E3,2,95,7.6268,0.1498,17.7259,33.925,0.5823
S5-E3,2,96,7.6462,0.2435,18.3840,34.062,0.5822
S5-E3,2,97,7.6217,0.2924,18.0588,33.640,0.5823
S5-E3,2,98,7.9960,0.4564,17.2169,33.782,0.5815
S5-E3,2,99,7.5286,0.1047,18.3681,34.211,0.5813
S5-E3,2,100,7.4162,0.2886,17.7672,34.098,0.5819
S5-E3,2,101,7.4057,0.1890,18.5991,33.989,0.5820
S5-E3,2,102,7.5496,0.1187,17.5388,33.952,0.5820
S5-E3,2,103,7.4613,0.2738,18.4625,33.973,0.5815
S5-E3,2,104,7.5503,0.0997,18.0977,33.869,0.5806
S5-E3,2,105,7.5348,0.1042,17.6265,34.031,0.5811
S5-E3,2,106,7.4763,0.3260,18.4731,33.925,0.5815
S5-E3,2,107,7.3363,0.0000,17.8684,33.898,0.5818
S5-E3,2,108,7.5246,0.1666,18.0350,34.059,0.5816
S5-E3,2,109,7.2397,0.0564,17.2877,34.090,0.5815
S5-E3,2,110,7.5011,0.0000,17.5694,34.051,0.5816
S5-E3,2,111,7.6160,0.2385,17.5330,33.904,0.5817
S5-E3,2,112,7.3625,0.2363,17.6563,33.867,0.5810
S5-E3,2,113,7.2137,0.0236,18.1553,33.872,0.5801
S5-E3,2,114,7.4979,0.1586,18.0931,34.177,0.5803
S5-E3,2,115,6.8916,0.2118,18.3494,33.823,0.5804
S5-E3,2,116,7.3333,0.0305,17.9094,34.105,0.5803
S5-E3,2,117,7.3137,0.2221,18.0224,34.007,0.5803
S5-E3,2,118,6.8838,0.0773,16.7656,34.000,0.5806
S5-E3,2,119,7.7358,0.2809,18.3773,34.057,0.5808
S5-E3,2,120,8.0264,0.1323,17.4105,33.946,0.5813
S5-E3,2,121,7.6552,0.0043,18.3048,34.409,0.5828
S5-E3,2,122,7.7693,0.2709,17.4192,34.156,0.5836
S5-E3,2,123,7.5468,0.0000,17.6525,33.812,0.5826
S5-E3,2,124,7.5215,0.1527,18.6146,34.112,0.5815
S5-E3,2,125,7.3897,0.1956,16.9204,33.703,0.5815
S5-E3,2,126,7.2229,0.0702,17.8869,34.000,0.5812
S5-E3,2,127,7.1771,0.0000,17.9244,34.133,0.5812
S5-E3,2,128,7.6565,0.0000,17.8941,33.882,0.5812
S5-E3,2,129,7.3336,0.1715,16.9239,33.810,0.5805
S5-E3,2,130,7.7534,0.3668,17.3422,34.079,0.5813
S5-E3,2,131,7.4481,0.3314,18.0011,34.141,0.5829
S5-E3,2,132,7.5606,0.0606,18.1623,34.191,0.5829
S5-E3,2,133,7.6479,0.0000,17.3170,34.007,0.5817
S5-E3,2,134,7.2817,0.0000,18.5448,33.629,0.5813
S5-E3,2,135,7.8363,0.3489,19.0046,34.095,0.5813
S5-E3,2,136,7.9281,0.3010,17.7493,34.352,0.5937
S5-E3,2,137,8.1252,0.0908,19.5290,34.528,0.6594
S5-E3,2,138,7.4813,0.0590,18.6790,34.343,0.7121
S5-E3,2,139,7.7725,0.5675,19.3941,33.962,0.7136
S5-E3,2,140,8.3039,0.1100,19.6924,33.951,0.6887
S5-E3,2,141,8.0972,0.2606,19.2721,33.900,0.6710
S5-E3,2,142,7.7339,0.0000,19.2858,34.401,0.6691
S5-E3,2,143,7.7775,0.1767,19.1078,34.152,0.6752
S5-E3,2,144,8.2008,0.2984,18.7939,34.116,0.6798
S5-E3,2,145,7.8641,0.1030,20.4865,34.045,0.6800
S5-E3,2,146,8.2528,0.1979,18.8697,33.865,0.6776
S5-E3,2,147,7.7112,0.2797,20.3770,33.708,0.6755
S5-E3,2,148,8.4988,0.2775,20.6114,34.212,0.6744
S5-E3,2,149,8.2677,0.2054,19.3530,33.959,0.6740
S5-E3,2,150,8.2520,0.0770,19.6216,34.941,0.6961
S5-E3,2,151,7.8940,0.0563,20.0434,34.707,0.8057
S5-E3,2,152,8.7027,0.0000,20.9678,34.157,0.8931
S5-E3,2,153,7.9026,0.1545,19.1480,32.497,0.8372
S5-E3,2,154,6.7254,0.0473,17.8650,32.334,0.5068
S5-E3,2,155,7.3876,0.0000,17.2593,32.966,0.2588
S5-E3,2,156,6.9774,0.0000,16.2004,33.757,0.2645
S5-E3,2,157,6.8082,0.1866,15.7199,34.087,0.3840
S5-E3,2,158,6.4409,0.0206,16.2092,33.722,0.4579
S5-E3,2,159,6.1426,0.4033,15.8310,33.662,0.4518
S5-E3,2,160,6.4361,0.0662,15.1474,33.942,0.4161
S5-E3,2,161,5.9536,0.0459,14.1007,33.417,0.3985
S5-E3,2,162,5.9904,0.0000,14.2154,33.741,0.4045
S5-E3,2,163,5.9125,0.0762,13.3359,34.179,0.4172
S5-E3,2,164,5.3389,0.0000,13.3171,33.968,0.4231
S5-E3,2,165,6.0399,0.1980,13.9269,33.873,0.4215
S5-E3,2,166,5.6840,0.0000,12.8647,33.932,0.4185
S5-E3,2,167,5.2627,0.1286,13.5135,33.870,0.4177
S5-E3,2,168,5.4544,0.0000,13.3397,33.932,0.4183
S5-E3,2,169,5.2296,0.0000,12.7425,34.035,0.4198
S5-E3,2,170,5.5156,0.0000,12.2727,34.126,0.4212
S5-E3,2,171,5.1038,0.2634,12.2279,34.115,0.4208
S5-E3,2,172,5.7592,0.1074,12.6613,34.244,0.4197
S5-E3,2,173,5.1395,0.1196,11.8436,34.065,0.4194
S5-E3,2,174,4.8669,0.1322,11.6192,34.180,0.4193
S5-E3,2,175,4.9541,0.0000,11.7388,33.865,0.4189
S5-E3,2,176,4.9287,0.0000,12.2670,33.937,0.4195
S5-E3,2,177,4.9414,0.1530,12.1180,34.160,0.4202
S5-E3,2,178,4.9460,0.1769,11.8318,34.110,0.4195
S5-E3,2,179,5.0533,0.0000,12.4886,34.017,0.4190
S5-E3,2,180,5.4074,0.0000,11.5327,34.038,0.4197
S5-E3,2,181,5.1458,0.0818,11.7876,33.905,0.4202
S5-E3,2,182,5.0125,0.3492,11.7799,34.001,0.4203
S5-E3,2,183,5.1055,0.3420,12.3059,34.293,0.4206
S5-E3,2,184,4.7296,0.1808,11.3966,33.788,0.4203
S5-E3,2,185,5.0381,0.0892,11.6661,33.837,0.4192
S5-E3,2,186,5.0492,0.0027,11.4149,34.064,0.4195
S5-E3,2,187,4.9109,0.0810,11.7916,33.952,0.4209
S5-E3,2,188,5.0486,0.0836,11.7220,34.058,0.4212
S5-E3,2,189,4.8707,0.0469,11.3597,34.007,0.4205
S5-E3,2,190,5.3045,0.0443,12.0198,34.046,0.4201
S5-E3,2,191,4.8558,0.2105,11.4540,34.030,0.4198
S5-E3,2,192,4.9449,0.0477,11.9197,33.917,0.4198
S5-E3,2,193,4.9439,0.2730,11.9097,34.091,0.4203
S5-E3,2,194,4.9428,0.2501,11.1604,34.108,0.4194
S5-E3,2,195,4.9470,0.0000,11.2857,33.983,0.4183
S5-E3,2,196,5.1484,0.1887,11.8082,34.099,0.4195
S5-E3,2,197,4.8822,0.0000,11.5299,33.980,0.4214
S5-E3,2,198,4.7952,0.0339,11.7238,33.995,0.4217
S5-E3,2,199,5.1956,0.3444,11.1158,33.932,0.4213
S5-E3,2,200,4.8009,0.0284,11.6110,33.779,0.4205
S5-E3,2,201,4.9893,0.4226,11.7894,34.178,0.4200
S5-E3,2,202,5.1835,0.1817,10.9475,34.083,0.4204
S5-E3,2,203,4.9468,0.2175,12.1118,33.859,0.4208
S5-E3,2,204,5.0881,0.1627,11.4977,33.888,0.4205
S5-E3,2,205,5.0310,0.2139,11.4553,34.086,0.4201
S5-E3,2,206,4.9006,0.2886,11.7684,34.115,0.4200
S5-E3,2,207,4.7518,0.0918,11.5569,33.932,0.4198
S5-E3,2,208,4.8556,0.1016,10.9998,33.953,0.4199
S5-E3,2,209,5.0592,0.0213,11.2614,34.183,0.4205
S5-E3,2,210,5.1214,0.0157,11.4933,34.020,0.4206
S5-E3,2,211,5.1114,0.2030,11.4147,33.818,0.4201
S5-E3,2,212,4.6981,0.2924,11.3277,34.091,0.4194
S5-E3,2,213,5.2279,0.4220,11.4148,34.111,0.4189
S5-E3,2,214,4.4821,0.2485,11.5206,33.789,0.4192
S5-E3,2,215,4.8501,0.0965,11.3845,33.865,0.4194
S5-E3,2,216,4.9027,0.2694,11.3611,34.153,0.4198
S5-E3,2,217,4.6296,0.3721,10.9887,34.019,0.4200
S5-E3,2,218,5.1329,0.0931,11.2582,34.009,0.4199
S5-E3,2,219,4.9214,0.0000,10.8394,33.986,0.4200
S5-E3,2,220,5.0252,0.1982,11.9402,33.984,0.4198
S5-E3,2,221,4.7689,0.1017,11.6677,34.169,0.4196
S5-E3,2,222,4.8639,0.1077,10.8849,33.998,0.4186
S5-E3,2,223,4.4932,0.3897,11.6136,34.293,0.4181
S5-E3,2,224,4.7599,0.0000,11.4284,34.026,0.4181
S5-E3,2,225,4.8414,0.1033,11.3017,34.032,0.4184
S5-E3,2,226,5.1544,0.1400,11.4692,34.193,0.4194
S5-E3,2,227,4.9646,0.1307,11.1546,34.102,0.4192
S5-E3,2,228,4.8522,0.1597,12.0180,34.044,0.4192
S5-E3,2,229,4.7679,0.4710,11.4274,33.856,0.4195
S5-E3,2,230,5.0875,0.0814,11.7480,34.131,0.4193
S5-E3,2,231,4.5058,0.1549,11.3422,33.899,0.4195
S5-E3,2,232,4.7198,0.1616,11.3324,34.109,0.4197
S5-E3,2,233,5.2186,0.3929,11.3786,34.123,0.4193
S5-E3,2,234,5.1183,0.0000,11.4645,33.992,0.4187
S5-E3,2,235,5.1250,0.0314,11.3819,34.101,0.4188
S5-E3,2,236,4.5238,0.1322,11.3012,33.898,0.4197
S5-E3,2,237,5.0187,0.3028,11.4748,34.467,0.4207
S5-E3,2,238,5.1869,0.1411,11.6120,34.048,0.4208
S5-E3,2,239,4.8646,0.0000,11.7016,34.019,0.4196
S5-E3,2,240,5.3176,0.1533,11.2078,33.763,0.4188
S5-E3,2,241,4.8730,0.3475,11.5869,34.093,0.4191
S5-E3,2,242,4.5743,0.0000,10.9338,34.072,0.4197
S5-E3,2,243,5.0730,0.2346,11.3074,33.949,0.4206
S5-E3,2,244,4.9457,0.5958,11.3220,34.105,0.4215
S5-E3,2,245,5.0095,0.0220,11.6054,34.139,0.4217
S5-E3,2,246,4.9546,0.0000,11.3438,34.007,0.4207
S5-E3,2,247,5.0012,0.0815,11.0860,34.214,0.4197
S5-E3,2,248,5.0189,0.0000,11.3170,34.173,0.4199
S5-E3,2,249,5.7398,0.2342,11.3805,35.459,0.4645
S5-E3,2,250,5.5657,0.5861,13.4399,35.955,0.7229
S5-E3,2,251,6.5427,0.5375,13.3372,35.155,0.9565
S5-E3,2,252,6.1202,0.3922,14.2726,34.547,0.9878
S5-E3,2,253,6.9345,0.2564,14.3478,33.592,0.8965
S5-E3,2,254,7.0676,0.2231,14.7458,33.523,0.7038
S5-E3,2,255,6.7336,0.4148,14.9311,34.078,0.5831
S5-E3,2,256,7.0776,0.4125,15.8387,33.860,0.5954
S5-E3,2,257,6.8574,0.3770,15.7391,34.105,0.6569
S5-E3,2,258,6.4930,0.2296,15.8948,33.882,0.6896
S5-E3,2,259,7.2954,0.1057,15.4655,33.664,0.6815
S5-E3,2,260,6.9678,0.3122,16.0219,33.874,0.6604
S5-E3,2,261,6.8163,0.2497,15.4794,34.033,0.6514
S5-E3,2,262,6.6388,0.2316,15.6724,33.974,0.6555
S5-E3,2,263,6.6291,0.2910,15.8101,33.838,0.6621
S5-E3,2,264,6.2457,0.4068,15.8953,34.044,0.6655
S5-E3,2,265,6.5121,0.2254,16.1434,33.918,0.6644
S5-E3,2,266,6.7206,0.0474,16.6082,33.734,0.6613
S5-E3,2,267,7.0335,0.0146,16.0799,34.132,0.6592
S5-E3,2,268,6.4471,0.1362,16.2206,33.993,0.6598
S5-E3,2,269,6.6992,0.1637,16.2900,34.288,0.6627
S5-E3,2,270,7.3239,0.3373,15.8917,34.050,0.6646
S5-E3,2,271,6.6702,0.2382,16.1104,33.805,0.6650
S5-E3,2,272,6.8660,0.0622,16.7762,33.980,0.6645
S5-E3,2,273,6.9947,0.0000,16.1016,33.958,0.6636
S5-E3,2,274,7.4683,0.1039,15.8365,34.012,0.6630
S5-E3,2,275,7.2606,0.0208,15.7082,34.095,0.6631
S5-E3,2,276,7.2160,0.0463,17.3697,33.875,0.6637
S5-E3,2,277,7.0112,0.2561,17.2969,33.977,0.6641
S5-E3,2,278,7.0543,0.1406,16.7731,34.251,0.6637
S5-E3,2,279,7.2451,0.2072,17.7827,34.026,0.6634
S5-E3,2,280,7.0097,0.4534,16.5375,34.106,0.6636
S5-E3,2,281,6.8384,0.3885,16.8061,34.128,0.6630
S5-E3,2,282,7.0558,0.2860,16.2082,34.204,0.6619
S5-E3,2,283,7.1358,0.2377,16.7412,33.830,0.6621
S5-E3,2,284,7.3013,0.2421,16.9643,34.108,0.6638
S5-E3,2,285,7.3527,0.2867,15.5714,33.762,0.6648
S5-E3,2,286,7.1432,0.0121,17.0985,33.831,0.6640
S5-E3,2,287,7.1149,0.3328,16.6187,33.952,0.6625
S5-E3,2,288,6.5116,0.1649,17.6090,33.842,0.6619
S5-E3,2,289,7.3157,0.0000,17.1100,33.884,0.6626
S5-E3,2,290,6.8441,0.2886,16.7151,33.946,0.6630
S5-E3,2,291,7.0606,0.2332,16.7658,33.966,0.6627
S5-E3,2,292,7.5261,0.0495,15.7454,34.136,0.6629
S5-E3,2,293,6.4517,0.1696,17.4565,34.223,0.6639
S5-E3,2,294,7.2294,0.3569,17.2763,34.179,0.6630
S5-E3,2,295,7.2753,0.2195,16.6273,33.942,0.6613
S5-E3,2,296,6.9725,0.1973,16.5053,33.911,0.6625
S5-E3,2,297,6.7371,0.3369,15.3579,34.008,0.6642
S5-E3,2,298,6.9945,0.1076,16.7407,34.170,0.6639
S5-E3,2,299,7.0463,0.0000,15.9682,34.056,0.6633
S5-E3,2,300,7.6344,0.2751,16.9141,34.040,0.6634
S5-E3,2,301,7.1204,0.0906,15.8368,34.139,0.6628
S5-E3,2,302,7.3145,0.0394,17.2318,33.804,0.6626
S5-E3,2,303,7.4432,0.0875,15.7328,34.104,0.6638
S5-E3,2,304,7.5868,0.0000,16.6926,33.746,0.6646
S5-E3,2,305,7.2938,0.0362,16.8183,34.024,0.6634
S5-E3,2,306,7.1712,0.4567,16.2040,34.052,0.6619
S5-E3,2,307,7.0806,0.0000,16.5325,34.011,0.6624
S5-E3,2,308,7.3582,0.0323,16.1557,34.191,0.6634
S5-E3,2,309,6.9512,0.0790,16.2006,34.053,0.6638
S5-E3,2,310,7.1507,0.1617,17.8687,33.988,0.6635
S5-E3,2,311,6.8452,0.1598,15.7075,33.969,0.6622
S5-E3,2,312,6.5766,0.0000,17.2548,33.941,0.6613
S5-E3,2,313,7.6454,0.1091,16.1744,34.339,0.6616
S5-E3,2,314,6.8684,0.3305,17.1902,34.034,0.6620
S5-E3,2,315,7.2468,0.3899,16.8599,34.231,0.6789
S5-E3,2,316,7.3927,0.3865,16.4849,34.759,0.7663
S5-E3,2,317,7.4850,0.3046,17.8174,34.347,0.8367
S5-E3,2,318,7.6761,0.2208,17.1090,34.107,0.8404
S5-E3,2,319,7.5578,0.2759,17.8207,34.228,0.8084
S5-E3,2,320,8.0378,0.1107,16.6523,34.243,0.7840
S5-E3,2,321,7.8202,0.3513,18.1718,33.984,0.7822
S5-E3,2,322,7.7777,0.2411,17.6541,34.180,0.7908
S5-E3,2,323,7.6366,0.0619,19.0400,33.937,0.7967
S5-E3,2,324,7.9283,0.0220,17.7399,33.981,0.7962
S5-E3,2,325,8.3743,0.2969,18.7700,34.187,0.7933
S5-E3,2,326,7.7583,0.0068,19.0156,34.027,0.7922
S5-E3,2,327,7.8455,0.3727,18.1244,33.977,0.7917
S5-E3,2,328,8.2692,0.2961,18.6434,33.961,0.7925
S5-E3,2,329,8.2474,0.3609,18.7611,34.020,0.7933
S5-E3,2,330,8.2574,0.3021,18.6021,34.000,0.7925
S5-E3,2,331,8.6405,0.2873,19.2972,34.176,0.7912
S5-E3,2,332,7.8778,0.0651,18.8538,33.851,0.7905
S5-E3,2,333,7.6026,0.1763,18.4957,33.870,0.7906
S5-E3,2,334,7.8526,0.1726,18.9926,33.762,0.7912
S5-E3,2,335,8.4307,0.3335,19.2797,34.064,0.7918
S5-E3,2,336,8.3000,0.0265,20.2843,33.869,0.7926
S5-E3,2,337,8.7016,0.2070,18.6453,34.304,0.7925
S5-E3,2,338,8.4074,0.1142,18.9231,34.232,0.7930
S5-E3,2,339,8.1512,0.1623,18.2311,34.114,0.7933
S5-E3,2,340,8.2673,0.0477,18.1232,34.144,0.7916
S5-E3,2,341,8.6292,0.4186,19.5322,34.110,0.7902
S5-E3,2,342,8.9841,0.0000,19.5212,34.017,0.7912
S5-E3,2,343,8.1464,0.3878,19.5422,34.107,0.7934
S5-E3,2,344,8.5862,0.0000,18.8325,34.193,0.7946
S5-E3,2,345,8.1211,0.2678,19.6835,34.100,0.7930
S5-E3,2,346,8.7787,0.0000,18.9895,33.852,0.7904
S5-E3,2,347,8.4478,0.2363,19.0946,33.974,0.7901
S5-E3,2,348,8.6400,0.5221,18.8395,33.778,0.7923
S5-E3,2,349,8.2816,0.3257,18.6315,34.035,0.7937
S5-E3,2,350,8.7457,0.2055,18.9420,33.869,0.7925
S5-E3,2,351,8.6463,0.1666,19.3629,33.716,0.7916
S5-E3,2,352,8.2860,0.1423,19.3819,33.941,0.7919
S5-E3,2,353,9.0309,0.0000,19.2439,34.068,0.7929
S5-E3,2,354,8.7709,0.0000,19.1288,33.953,0.7932
S5-E3,2,355,8.7791,0.1146,18.3877,34.001,0.7921
S5-E3,2,356,8.8657,0.0000,19.4125,33.711,0.7916
S5-E3,2,357,7.7821,0.3053,20.5001,33.934,0.7912
S5-E3,2,358,8.1101,0.2531,19.8398,33.925,0.7903
S5-E3,2,359,8.5826,0.2786,18.5966,34.108,0.7907
S5-E3,2,360,8.1445,0.0161,18.8814,34.259,0.7927
S5-E3,2,361,8.4011,0.2854,19.0213,33.841,0.7928
S5-E3,2,362,9.1610,0.2321,19.3966,34.059,0.7916
S5-E3,2,363,7.9596,0.0000,18.7217,33.921,0.7912
S5-E3,2,364,8.0477,0.3315,19.0192,33.979,0.7903
S5-E3,2,365,8.3741,0.0562,19.7578,34.120,0.7903
S5-E3,2,366,8.3603,0.1161,18.3378,33.846,0.7908
S5-E3,2,367,8.4786,0.3584,19.4684,34.184,0.7906
S5-E3,2,368,7.9387,0.0603,19.3259,33.922,0.7916
S5-E3,2,369,8.0056,0.2291,19.2397,34.154,0.7934
S5-E3,2,370,8.4112,0.0000,19.6318,34.075,0.7932
S5-E3,2,371,8.0621,0.1008,19.5118,34.067,0.7911
S5-E3,2,372,8.3266,0.1041,18.7874,33.985,0.7899
S5-E3,2,373,8.3812,0.1884,19.0627,34.088,0.7907
S5-E3,2,374,7.9250,0.2419,18.9276,33.879,0.7910
S5-E3,2,375,9.0304,0.3251,20.3610,34.071,0.7915
S5-E3,2,376,8.2932,0.1770,18.9722,33.903,0.7932
S5-E3,2,377,8.0775,0.2505,18.4770,34.062,0.7932
S5-E3,2,378,8.7248,0.4511,20.1166,34.105,0.7909
S5-E3,2,379,8.0837,0.1654,19.4088,34.064,0.7901
S5-E3,2,380,7.6866,0.0710,19.7332,33.907,0.7898
S5-E3,2,381,8.1653,0.1932,19.2693,34.147,0.7890
S5-E3,2,382,8.1390,0.0162,18.6492,33.968,0.7896
S5-E3,2,383,7.6716,0.1157,19.0053,34.117,0.7907
S5-E3,2,384,8.0335,0.2159,19.6100,33.857,0.7913
S5-E3,2,385,7.6695,0.3771,19.7524,34.109,0.7911
S5-E3,2,386,7.8068,0.1187,18.6012,33.762,0.7910
S5-E3,2,387,8.5228,0.4675,18.4856,33.708,0.7897
S5-E3,2,388,8.1406,0.3262,20.1602,33.849,0.7888
S5-E3,2,389,8.0795,0.2019,19.2267,33.838,0.7909
S5-E3,2,390,8.1486,0.4432,18.2497,33.877,0.7926
S5-E3,2,391,7.8940,0.2567,19.5692,33.969,0.7911
S5-E3,2,392,8.0877,0.2375,19.0221,34.129,0.7894
S5-E3,2,393,8.0678,0.2020,18.1543,34.174,0.7892
S5-E3,2,394,8.0266,0.2176,19.3020,33.992,0.7903
S5-E3,2,395,7.6430,0.2841,18.6643,33.992,0.7916
S5-E3,2,396,8.0966,0.1056,20.2116,33.959,0.7918
S5-E3,2,397,8.2466,0.2063,20.4876,34.212,0.7920
S5-E3,2,398,7.9995,0.0000,19.4363,34.054,0.7923
S5-E3,2,399,8.3829,0.1906,20.3144,34.134,0.7918
S5-E4,0,0,5.6827,0.1832,13.2386,33.769,0.3710
S5-E4,0,1,5.9685,0.1055,13.8088,33.954,0.3711
S5-E4,0,2,5.4770,0.1701,14.0001,33.975,0.3714
S5-E4,0,3,5.4649,0.0000,14.0195,34.115,0.3707
S5-E4,0,4,5.4345,0.0000,12.8513,33.854,0.3701
S5-E4,0,5,5.1559,0.0605,13.3255,33.951,0.3708
S5-E4,0,6,5.3158,0.2197,13.8930,33.792,0.3716
S5-E4,0,7,5.4768,0.0983,13.1501,33.965,0.3715
S5-E4,0,8,5.2809,0.0306,12.3850,33.878,0.3706
S5-E4,0,9,5.5105,0.0000,13.0573,33.916,0.3702
S5-E4,0,10,5.4062,0.3193,12.3685,33.879,0.3704
S5-E4,0,11,5.3837,0.0000,12.2352,34.004,0.3704
S5-E4,0,12,5.2942,0.2938,13.2669,33.663,0.3701
S5-E4,0,13,5.4330,0.2142,13.2041,34.052,0.3702
S5-E4,0,14,5.2174,0.0312,13.1205,34.099,0.3705
S5-E4,0,15,5.3422,0.0686,12.9251,33.971,0.3704
S5-E4,0,16,5.1261,0.0000,12.9577,33.998,0.3708
S5-E4,0,17,5.2449,0.2488,13.6834,34.074,0.3711
S5-E4,0,18,5.1626,0.1317,13.0817,33.825,0.3706
S5-E4,0,19,5.1713,0.2807,12.5489,33.742,0.3703
S5-E4,0,20,5.0567,0.0000,13.1684,33.902,0.3695
S5-E4,0,21,4.7503,0.0481,12.0870,33.894,0.3692
S5-E4,0,22,5.1483,0.2038,12.1737,34.245,0.3700
S5-E4,0,23,4.9723,0.1344,12.3494,33.980,0.3700
S5-E4,0,24,5.2493,0.0558,12.9580,33.908,0.3697
S5-E4,0,25,5.0956,0.0808,12.7953,33.930,0.3694
S5-E4,0,26,4.6822,0.1817,11.9707,34.017,0.3695
S5-E4,0,27,5.1537,0.4640,12.5014,33.891,0.3702
S5-E4,0,28,4.7567,0.2832,12.7510,34.045,0.3703
S5-E4,0,29,4.8306,0.0000,12.3296,33.756,0.3700
S5-E4,0,30,5.0426,0.0000,12.2787,34.083,0.3698
S5-E4,0,31,4.8253,0.1170,12.7171,33.926,0.3704
S5-E4,0,32,5.0659,0.2260,12.9213,34.081,0.3707
S5-E4,0,33,5.5133,0.1239,12.6880,34.224,0.3708
S5-E4,0,34,5.3960,0.0000,12.9870,34.077,0.3707
S5-E4,0,35,5.3516,0.1370,12.3501,33.923,0.3705
S5-E4,0,36,5.4028,0.2396,12.1232,34.019,0.3708
S5-E4,0,37,5.3405,0.1908,12.0862,33.938,0.3710
S5-E4,0,38,5.4618,0.2195,12.5778,33.984,0.3708
S5-E4,0,39,4.7648,0.5302,12.4903,34.098,0.3706
S5-E4,0,40,5.5963,0.0647,12.6614,33.950,0.3708
S5-E4,0,41,5.1992,0.1888,12.1444,33.970,0.3709
S5-E4,0,42,5.3866,0.0000,13.0945,34.010,0.3708
S5-E4,0,43,4.9495,0.1788,12.8862,34.207,0.3705
S5-E4,0,44,4.8047,0.2614,13.1581,33.789,0.3703
S5-E4,0,45,5.0696,0.0501,12.7470,33.884,0.3701
S5-E4,0,46,5.3686,0.0000,12.4310,34.000,0.3699
S5-E4,0,47,5.4149,0.1648,12.7319,34.256,0.3705
S5-E4,0,48,5.5164,0.1767,11.8420,33.870,0.3712
S5-E4,0,49,5.1841,0.1278,12.8407,33.944,0.3712
S5-E4,0,50,5.1805,0.1327,12.8447,34.084,0.3708
S5-E4,0,51,4.9200,0.2531,12.1528,33.868,0.3703
S5-E4,0,52,5.1160,0.2861,12.5651,34.102,0.3699
S5-E4,0,53,4.9332,0.0000,12.7272,34.064,0.3699
S5-E4,0,54,4.5820,0.0714,11.8492,33.940,0.3700
S5-E4,0,55,5.1062,0.3934,12.5719,34.059,0.3703
S5-E4,0,56,5.5047,0.2541,12.1411,33.907,0.3710
S5-E4,0,57,5.0417,0.0400,12.3350,33.981,0.3709
S5-E4,0,58,5.4151,0.0000,12.5476,34.262,0.3698
S5-E4,0,59,5.1783,0.2564,12.2743,34.046,0.3692
S5-E4,0,60,4.7512,0.1326,12.9002,34.325,0.3701
S5-E4,0,61,5.1245,0.1530,11.9702,34.109,0.3706
S5-E4,0,62,5.1525,0.1293,12.4672,33.930,0.3703
S5-E4,0,63,5.1720,0.0719,12.2201,33.745,0.3704
S5-E4,0,64,5.0623,0.0829,11.9609,34.160,0.3701
S5-E4,0,65,5.2451,0.0025,12.9682,33.797,0.3701
S5-E4,0,66,4.8613,0.0891,12.7059,33.941,0.3705
S5-E4,0,67,5.2393,0.0000,12.0906,34.270,0.3704
S5-E4,0,68,5.1030,0.1440,12.6962,33.990,0.3700
S5-E4,0,69,5.0821,0.2622,12.5500,34.261,0.3699
S5-E4,0,70,4.8876,0.1121,12.7179,33.937,0.3702
S5-E4,0,71,4.9968,0.1083,12.7651,34.226,0.3701
S5-E4,0,72,5.2854,0.3305,12.4887,34.216,0.3699
S5-E4,0,73,4.7233,0.1063,13.4232,34.006,0.3701
S5-E4,0,74,4.9572,0.0807,12.6208,33.751,0.3706
S5-E4,0,75,4.9802,0.1893,12.6937,34.010,0.3701
S5-E4,0,76,5.1656,0.1391,11.8947,33.971,0.3698
S5-E4,0,77,4.9656,0.0386,13.4469,33.903,0.3697
S5-E4,0,78,5.1312,0.0966,11.8761,33.789,0.3698
S5-E4,0,79,5.1668,0.0000,12.1624,34.185,0.3704
S5-E4,0,80,4.8424,0.0181,12.6724,33.936,0.3704
S5-E4,0,81,4.9382,0.0000,12.4369,33.902,0.3706
S5-E4,0,82,4.8666,0.0798,13.0395,33.937,0.3712
S5-E4,0,83,5.4108,0.0000,12.2544,34.213,0.3715
S5-E4,0,84,5.5749,0.1898,12.2390,33.886,0.3718
S5-E4,0,85,5.4442,0.3338,13.2628,34.088,0.3718
S5-E4,0,86,5.2445,0.0000,12.6487,34.062,0.3716
S5-E4,0,87,5.1110,0.0393,12.9705,34.123,0.3714
S5-E4,0,88,5.3725,0.1731,12.3669,33.785,0.3714
S5-E4,0,89,6.0245,0.0774,12.5404,34.353,0.3713
S5-E4,0,90,5.5147,0.1721,12.8315,34.062,0.3711
S5-E4,0,91,5.7620,0.0000,12.6822,33.746,0.3709
S5-E4,0,92,5.2852,0.0000,12.2592,34.001,0.3710
S5-E4,0,93,5.5191,0.2804,12.6617,34.131,0.3710
S5-E4,0,94,5.3217,0.1892,12.7385,34.154,0.3708
S5-E4,0,95,5.0173,0.1676,13.1740,33.824,0.3711
S5-E4,0,96,5.5180,0.0000,12.3562,33.844,0.3708
S5-E4,0,97,5.1865,0.0432,12.6780,33.909,0.3698
S5-E4,0,98,5.0365,0.1276,12.2851,33.901,0.3696
S5-E4,0,99,5.4794,0.0000,12.1923,34.088,0.3705
S5-E4,0,100,5.3902,0.0593,12.5235,34.123,0.3712
S5-E4,0,101,5.5074,0.0000,12.6105,34.171,0.3708
S5-E4,0,102,5.0165,0.2102,12.2713,34.068,0.3704
S5-E4,0,103,5.2733,0.3637,12.5834,33.864,0.3709
S5-E4,0,104,5.0723,0.1379,12.6160,33.790,0.3711
S5-E4,0,105,5.1344,0.1207,12.6023,34.278,0.3704
S5-E4,0,106,5.0068,0.0000,12.7630,33.953,0.3699
S5-E4,0,107,5.4337,0.1923,13.2313,34.198,0.3701
S5-E4,0,108,5.0708,0.1583,12.7558,34.039,0.3706
S5-E4,0,109,5.0087,0.2345,12.3660,33.912,0.3699
S5-E4,0,110,5.0637,0.2862,12.4317,34.151,0.3697
S5-E4,0,111,4.9857,0.1877,11.7867,33.894,0.3700
S5-E4,0,112,4.9780,0.0000,12.7428,33.780,0.3695
S5-E4,0,113,4.5642,0.2366,12.6758,34.014,0.3691
S5-E4,0,114,5.0817,0.0000,12.9545,33.925,0.3691
S5-E4,0,115,5.0464,0.0682,12.5147,34.149,0.3694
S5-E4,0,116,5.2538,0.2792,13.1001,33.555,0.3704
S5-E4,0,117,4.9899,0.0000,11.9437,33.861,0.3710
S5-E4,0,118,5.1213,0.0000,12.3870,34.067,0.3709
S5-E4,0,119,4.7511,0.1039,12.3084,33.926,0.3704
S5-E4,0,120,5.1620,0.1375,12.7356,34.145,0.3699
S5-E4,0,121,4.9319,0.1269,12.0039,33.876,0.3696
S5-E4,0,122,5.1958,0.1967,12.1631,34.012,0.3693
S5-E4,0,123,5.0148,0.1456,12.8233,34.945,0.4016
S5-E4,0,124,6.0950,0.3449,13.3488,35.140,0.5784
S5-E4,0,125,5.9590,0.3201,13.6800,34.815,0.7279
S5-E4,0,126,6.3972,0.0536,13.9768,34.170,0.7412
S5-E4,0,127,6.2507,0.3180,14.8780,33.932,0.6775
S5-E4,0,128,6.7949,0.1962,15.4016,34.196,0.6261
S5-E4,0,129,6.2685,0.2276,15.3249,34.508,0.6202
S5-E4,0,130,7.1846,0.0455,15.3999,34.263,0.6383
S5-E4,0,131,7.0552,0.3794,16.2006,34.160,0.6508
S5-E4,0,132,7.4403,0.3625,16.8918,34.083,0.6497
S5-E4,0,133,7.2796,0.0501,17.0878,33.906,0.6416
S5-E4,0,134,7.6964,0.0000,16.9722,33.982,0.6362
S5-E4,0,135,7.1922,0.0378,16.9945,33.848,0.6370
S5-E4,0,136,7.4363,0.1076,16.9444,33.757,0.6389
S5-E4,0,137,7.6833,0.2117,17.9984,33.929,0.6396
S5-E4,0,138,7.4258,0.0307,18.4979,34.041,0.6389
S5-E4,0,139,7.5118,0.0151,17.6592,34.017,0.6379
S5-E4,0,140,7.7838,0.5813,18.4185,33.882,0.6384
S5-E4,0,141,7.8805,0.0746,16.6230,34.016,0.6386
S5-E4,0,142,7.7363,0.3510,17.6113,34.100,0.6384
S5-E4,0,143,7.7753,0.0000,18.9836,34.207,0.6385
S5-E4,0,144,7.7545,0.2190,18.3615,34.142,0.6378
S5-E4,0,145,7.5380,0.2502,19.3023,34.087,0.6369
S5-E4,0,146,8.0610,0.3350,18.9113,33.926,0.6375
S5-E4,0,147,8.0110,0.4173,18.5665,34.119,0.6381
S5-E4,0,148,7.6683,0.1181,18.3675,33.958,0.6379
S5-E4,0,149,8.1138,0.0747,18.9424,34.022,0.6384
S5-E4,0,150,7.8746,0.2564,18.8498,35.059,0.6774
S5-E4,0,151,8.0978,0.1395,19.4792,35.366,0.8769
S5-E4,0,152,7.4752,0.2631,18.5794,34.892,0.9991
S5-E4,0,153,8.5139,0.2133,19.3766,34.696,0.9995
S5-E4,0,154,8.4217,0.4309,20.0953,34.390,0.9905
S5-E4,0,155,7.5020,0.4308,18.9773,34.330,0.9706
S5-E4,0,156,8.5209,0.2245,17.3735,34.381,0.9500
S5-E4,0,157,8.2173,0.1888,18.9102,34.121,0.9401
S5-E4,0,158,8.1528,0.1669,18.8962,34.202,0.9395
S5-E4,0,159,8.4716,0.3970,19.4548,34.175,0.9397
S5-E4,0,160,7.9095,0.0000,18.0159,34.261,0.9364
S5-E4,0,161,8.8072,0.3065,19.4022,34.030,0.9338
S5-E4,0,162,8.2352,0.2000,19.4158,34.226,0.9335
S5-E4,0,163,8.0686,0.3110,18.6398,34.411,0.9331
S5-E4,0,164,8.0343,0.2665,18.4498,34.186,0.9310
S5-E4,0,165,7.8309,0.1749,18.5322,34.001,0.9281
S5-E4,0,166,8.3964,0.0672,18.8780,34.019,0.9265
S5-E4,0,167,8.0264,0.0783,18.3036,34.085,0.9284
S5-E4,0,168,7.6226,0.1171,19.3764,34.106,0.9303
S5-E4,0,169,8.7189,0.3057,18.1533,33.971,0.9293
S5-E4,0,170,7.9631,0.4808,18.3047,34.000,0.9280
S5-E4,0,171,7.9216,0.1233,19.2297,34.257,0.9276
S5-E4,0,172,7.5164,0.2127,20.1719,34.127,0.9272
S5-E4,0,173,8.3095,0.2873,19.0662,34.071,0.9293
S5-E4,0,174,7.6475,0.0000,18.8682,33.653,0.9294
S5-E4,0,175,8.8515,0.5503,19.0485,33.969,0.9263
S5-E4,0,176,7.8597,0.2019,18.3351,33.862,0.9242
S5-E4,0,177,8.1774,0.4083,19.2135,33.916,0.9253
S5-E4,0,178,8.2488,0.6543,19.0118,33.908,0.9288
S5-E4,0,179,8.1085,0.0719,20.1983,34.102,0.9305
S5-E4,0,180,7.5844,0.2309,19.7454,34.210,0.9291
S5-E4,0,181,8.2026,0.2823,18.4410,34.144,0.9272
S5-E4,0,182,8.4430,0.2544,19.2437,34.017,0.9272
S5-E4,0,183,8.1493,0.2479,19.3190,34.204,0.9295
S5-E4,0,184,8.2785,0.1386,18.8360,34.014,0.9318
S5-E4,0,185,8.2749,0.2658,18.9760,33.834,0.9310
S5-E4,0,186,8.3268,0.1776,19.3915,33.822,0.9275
S5-E4,0,187,8.7452,0.1624,18.0214,33.809,0.9270
S5-E4,0,188,8.2038,0.2536,19.3066,34.035,0.9302
S5-E4,0,189,8.6551,0.1948,18.1142,34.298,0.9296
S5-E4,0,190,8.3735,0.4239,18.7505,33.965,0.9281
S5-E4,0,191,8.1794,0.3970,18.8770,34.087,0.9281
S5-E4,0,192,7.9203,0.3291,19.3398,34.059,0.9261
S5-E4,0,193,8.2966,0.2777,19.2912,33.916,0.9260
S5-E4,0,194,7.8645,0.0797,19.0850,33.887,0.9271
S5-E4,0,195,7.8765,0.3767,17.9652,33.483,0.9105
S5-E4,0,196,8.0895,0.1493,18.7186,33.415,0.8170
S5-E4,0,197,7.7728,0.3490,17.6271,33.645,0.7393
S5-E4,0,198,7.3450,0.0000,18.6524,34.060,0.7364
S5-E4,0,199,7.6474,0.2352,17.5766,33.977,0.7724
S5-E4,0,200,8.0678,0.1114,16.4889,33.928,0.7980
S5-E4,0,201,7.1182,0.1778,16.8785,33.802,0.8001
S5-E4,0,202,7.5171,0.2461,17.6294,34.055,0.7900
S5-E4,0,203,7.6328,0.3751,17.0530,34.017,0.7826
S5-E4,0,204,7.5798,0.4912,16.5130,34.177,0.7835
S5-E4,0,205,7.3286,0.1730,17.3249,34.050,0.7873
S5-E4,0,206,7.0460,0.4760,16.7457,34.100,0.7901
S5-E4,0,207,7.2194,0.4739,16.4839,33.955,0.7908
S5-E4,0,208,6.9042,0.0901,16.6983,33.973,0.7888
S5-E4,0,209,7.2982,0.0952,17.4707,33.956,0.7882
S5-E4,0,210,7.6647,0.0625,16.7058,34.249,0.7904
S5-E4,0,211,7.1769,0.3108,16.6657,34.253,0.7932
S5-E4,0,212,7.8360,0.4024,16.7350,34.109,0.7941
S5-E4,0,213,7.6912,0.1331,16.5465,34.145,0.7948
S5-E4,0,214,7.6571,0.1708,16.4982,33.860,0.7943
S5-E4,0,215,7.4645,0.2539,15.6439,33.809,0.7925
S5-E4,0,216,7.4581,0.3800,16.9165,34.326,0.7915
S5-E4,0,217,7.4079,0.0441,16.2733,34.026,0.7903
S5-E4,0,218,7.5553,0.3526,16.5656,34.036,0.7896
S5-E4,0,219,7.2432,0.0543,16.2132,33.965,0.7902
S5-E4,0,220,7.4899,0.1556,16.6020,34.329,0.8073
S5-E4,0,221,7.1500,0.3942,17.6555,34.514,0.8986
S5-E4,0,222,7.4222,0.3719,16.9334,34.068,0.9739
S5-E4,0,223,7.3502,0.3273,17.5635,34.298,0.9772
S5-E4,0,224,8.0741,0.2430,17.8514,34.102,0.9429
S5-E4,0,225,7.3118,0.1294,17.5087,34.080,0.9176
S5-E4,0,226,7.5962,0.2803,18.8295,33.900,0.9165
S5-E4,0,227,7.9639,0.0740,18.5802,33.995,0.9258
S5-E4,0,228,8.3256,0.0943,17.8059,34.277,0.9328
S5-E4,0,229,7.5011,0.1499,18.4059,34.184,0.9313
S5-E4,0,230,8.3735,0.1147,18.1751,33.994,0.9239
S5-E4,0,231,7.9393,0.4637,18.0768,33.767,0.9146
S5-E4,0,232,7.8347,0.4293,18.6841,33.839,0.8856
S5-E4,0,233,7.8418,0.1368,18.8780,34.056,0.8626
S5-E4,0,234,7.9347,0.2773,17.6024,33.799,0.8620
S5-E4,0,235,8.0853,0.2276,17.4434,33.943,0.8714
S5-E4,0,236,7.7973,0.3519,18.1740,33.760,0.8775
S5-E4,0,237,8.2563,0.0388,18.9645,34.041,0.8800
S5-E4,0,238,8.0628,0.3035,18.7165,33.916,0.8797
S5-E4,0,239,8.8077,0.2767,17.8397,34.216,0.8762
S5-E4,0,240,8.4037,0.2757,18.3576,33.876,0.8751
S5-E4,0,241,8.0914,0.4018,17.9962,33.832,0.8766
S5-E4,0,242,8.1904,0.1183,17.6325,33.990,0.8774
S5-E4,0,243,8.4662,0.3975,18.0714,33.622,0.8776
S5-E4,0,244,7.7728,0.0000,18.6967,34.155,0.8766
S5-E4,0,245,7.9686,0.4836,18.3035,34.050,0.8761
S5-E4,0,246,8.2414,0.2441,18.1449,34.184,0.8754
S5-E4,0,247,8.4504,0.2052,18.1309,34.345,0.8773
S5-E4,0,248,7.9014,0.0000,17.6165,33.819,0.8798
S5-E4,0,249,7.3033,0.3185,17.8941,34.098,0.8783
S5-E4,0,250,7.3572,0.1895,17.6384,34.096,0.8770
S5-E4,0,251,7.6300,0.2808,18.3954,33.949,0.8760
S5-E4,0,252,7.8890,0.3002,18.2751,33.872,0.8735
S5-E4,0,253,7.8088,0.4077,18.0239,33.870,0.8717
S5-E4,0,254,7.3827,0.0628,18.5726,34.080,0.8730
S5-E4,0,255,7.9937,0.3073,18.3964,34.100,0.8745
S5-E4,0,256,7.5579,0.0804,17.8302,33.760,0.8750
S5-E4,0,257,7.4713,0.3001,17.9067,33.999,0.8754
S5-E4,0,258,7.5474,0.5242,17.6260,34.067,0.8760
S5-E4,0,259,7.9939,0.4149,18.2337,34.168,0.8774
S5-E4,0,260,7.6758,0.2141,17.2127,34.046,0.8776
S5-E4,0,261,7.4640,0.4038,16.9125,34.172,0.8762
S5-E4,0,262,7.7271,0.4911,18.3496,33.760,0.8735
S5-E4,0,263,7.7550,0.3800,18.2941,33.992,0.8733
S5-E4,0,264,8.0179,0.4099,17.4406,34.056,0.8758
S5-E4,0,265,8.1466,0.1154,18.0668,34.248,0.8777
S5-E4,0,266,8.0323,0.2687,18.2162,33.997,0.8775
S5-E4,0,267,7.6575,0.0438,17.3322,33.711,0.8754
S5-E4,0,268,8.6090,0.0665,18.2930,34.006,0.8742
S5-E4,0,269,7.9672,0.3851,18.1062,33.981,0.8753
S5-E4,0,270,8.0511,0.5075,18.1651,33.927,0.8748
S5-E4,0,271,7.7414,0.0281,18.4275,34.067,0.8745
S5-E4,0,272,7.9034,0.3407,19.3634,34.184,0.8755
S5-E4,0,273,7.7401,0.4811,18.3552,33.716,0.8751
S5-E4,0,274,7.2964,0.2125,17.7972,33.955,0.8753
S5-E4,0,275,8.1095,0.2492,18.9289,33.983,0.8769
S5-E4,0,276,7.8809,0.0030,17.5990,34.165,0.8765
S5-E4,0,277,8.2302,0.2467,17.6515,33.933,0.8757
S5-E4,0,278,7.7710,0.0342,18.1287,33.977,0.8771
S5-E4,0,279,7.8029,0.0000,17.8493,34.118,0.8783
S5-E4,0,280,8.5875,0.6140,17.9094,34.013,0.8777
S5-E4,0,281,7.7772,0.2600,18.3622,33.913,0.8779
S5-E4,0,282,8.0919,0.2481,18.2902,34.069,0.8780
S5-E4,0,283,7.7271,0.1346,18.1672,33.851,0.8764
S5-E4,0,284,7.8355,0.1070,17.2688,33.855,0.8756
S5-E4,0,285,8.3577,0.4423,18.7883,33.871,0.8773
S5-E4,0,286,8.1529,0.3602,19.0800,33.967,0.8789
S5-E4,0,287,8.4027,0.1332,18.9421,34.073,0.8791
S5-E4,0,288,8.1041,0.2451,16.7282,34.049,0.8784
S5-E4,0,289,8.5237,0.0000,18.6091,33.802,0.8766
S5-E4,0,290,7.9434,0.3655,17.8927,33.925,0.8746
S5-E4,0,291,8.1302,0.0127,19.4096,33.837,0.8749
S5-E4,0,292,7.8843,0.2187,17.2918,33.968,0.8759
S5-E4,0,293,7.3391,0.1897,17.5628,33.994,0.8755
S5-E4,0,294,7.8117,0.1702,18.1997,33.738,0.8676
S5-E4,0,295,7.3524,0.3534,17.2961,33.693,0.8292
S5-E4,0,296,7.6676,0.1614,18.5040,33.922,0.7980
S5-E4,0,297,8.1820,0.4038,17.3679,33.969,0.7974
S5-E4,0,298,7.6278,0.0000,17.3920,33.812,0.8141
S5-E4,0,299,7.6486,0.1912,17.8942,33.686,0.8246
S5-E4,0,300,7.6181,0.3143,17.9636,33.880,0.8248
S5-E4,0,301,8.0865,0.2934,16.9280,33.980,0.8203
S5-E4,0,302,7.8581,0.0000,16.4890,34.247,0.8162
S5-E4,0,303,7.4507,0.3599,18.1922,33.959,0.8163
S5-E4,0,304,7.9647,0.0782,17.0871,33.710,0.8189
S5-E4,0,305,7.5930,0.3361,16.8342,33.948,0.8211
S5-E4,0,306,7.3539,0.3116,17.7990,33.785,0.8205
S5-E4,0,307,7.2282,0.1782,17.8612,33.936,0.8178
S5-E4,0,308,7.5266,0.0319,17.0371,34.170,0.8163
S5-E4,0,309,7.3549,0.2290,17.4220,33.966,0.8167
S5-E4,0,310,7.1951,0.1392,17.1499,34.159,0.8181
S5-E4,0,311,7.3978,0.4844,17.5719,33.912,0.8207
S5-E4,0,312,7.6364,0.0132,16.8475,33.936,0.8214
S5-E4,0,313,7.8091,0.2945,17.6049,33.744,0.8187
S5-E4,0,314,7.2974,0.7267,17.1178,33.752,0.8169
S5-E4,0,315,6.7759,0.0887,16.8226,34.111,0.8171
S5-E4,0,316,7.7290,0.2225,16.3051,34.239,0.8176
S5-E4,0,317,7.1442,0.1887,17.1038,34.148,0.8191
S5-E4,0,318,7.3932,0.5054,17.4572,33.823,0.8202
S5-E4,0,319,7.2376,0.0403,17.6274,34.124,0.8192
S5-E4,0,320,7.4734,0.0877,18.3476,34.069,0.8183
S5-E4,0,321,6.9739,0.1200,16.7615,33.904,0.8184
S5-E4,0,322,7.1330,0.1215,17.5589,33.923,0.8189
S5-E4,0,323,7.7738,0.1444,16.5415,33.953,0.8192
S5-E4,0,324,7.1976,0.4594,17.1685,34.111,0.8186
S5-E4,0,325,7.4016,0.4034,17.3922,33.951,0.8189
S5-E4,0,326,7.3649,0.0038,16.1580,33.891,0.8186
S5-E4,0,327,7.6354,0.4142,16.8936,34.043,0.8181
S5-E4,0,328,7.3135,0.3485,17.1153,34.004,0.8188
S5-E4,0,329,7.8280,0.1186,17.2332,34.344,0.8194
S5-E4,0,330,7.6134,0.2203,17.8446,33.981,0.8191
S5-E4,0,331,7.3337,0.3504,16.5726,33.980,0.8201
S5-E4,0,332,7.0764,0.2714,17.3878,34.048,0.8220
S5-E4,0,333,7.7567,0.0590,17.5274,33.916,0.8243
S5-E4,0,334,7.8806,0.0833,16.6971,34.117,0.8365
S5-E4,0,335,7.5945,0.0345,16.6339,34.108,0.8451
S5-E4,0,336,6.8975,0.3784,17.4478,33.978,0.8440
S5-E4,0,337,7.1552,0.1588,17.4985,33.902,0.8386
S5-E4,0,338,7.7037,0.3650,16.9798,33.710,0.8350
S5-E4,0,339,7.2010,0.2800,16.9884,33.895,0.8369
S5-E4,0,340,7.5374,0.0958,17.2415,34.289,0.8394
S5-E4,0,341,7.1076,0.2799,17.6472,34.090,0.8390
S5-E4,0,342,7.4043,0.1597,17.0340,33.842,0.8376
S5-E4,0,343,7.6532,0.3657,17.6205,34.026,0.8378
S5-E4,0,344,7.4072,0.1384,17.3614,34.030,0.8397
S5-E4,0,345,7.8482,0.1137,17.8482,34.264,0.8410
S5-E4,0,346,7.5578,0.2646,16.8357,33.880,0.8395
S5-E4,0,347,7.5766,0.1503,16.9273,33.847,0.8377
S5-E4,0,348,7.7901,0.0348,17.1311,34.253,0.8390
S5-E4,0,349,7.9122,0.2630,17.0795,34.101,0.8411
S5-E4,0,350,7.5760,0.2307,17.2481,34.241,0.8405
S5-E4,0,351,7.8835,0.1669,17.8707,33.962,0.8391
S5-E4,0,352,7.7894,0.1201,16.7164,34.042,0.8398
S5-E4,0,353,7.5753,0.1517,17.4106,34.038,0.8402
S5-E4,0,354,7.5376,0.0716,18.0789,34.121,0.8389
S5-E4,0,355,8.0507,0.2268,17.3018,33.941,0.8393
S5-E4,0,356,7.9183,0.4006,17.8322,34.098,0.8411
S5-E4,0,357,7.5467,0.2607,17.4733,33.891,0.8414
S5-E4,0,358,7.8951,0.1406,17.2926,34.130,0.8395
S5-E4,0,359,7.7373,0.0000,17.8457,33.974,0.8374
S5-E4,0,360,7.1429,0.3921,16.8274,33.926,0.8365
S5-E4,0,361,7.5863,0.8478,17.3023,34.591,0.8602
S5-E4,0,362,7.9911,0.2537,17.6791,34.950,0.9758
S5-E4,0,363,8.5555,0.2601,18.4191,35.343,1.0000
S5-E4,0,364,7.6710,0.5637,18.9935,35.572,1.0000
S5-E4,0,365,8.1547,0.6412,18.8090,35.380,1.0000
S5-E4,0,366,9.2384,0.8263,19.3064,35.761,1.0000
S5-E4,0,367,9.0431,0.7614,19.8927,36.075,1.0000
S5-E4,0,368,9.5120,0.5906,19.1456,36.673,1.0000
S5-E4,0,369,8.7790,0.6515,20.2375,36.982,1.0000
S5-E4,0,370,8.4401,0.6024,20.2067,37.316,1.0000
S5-E4,0,371,8.8113,0.5293,19.2794,37.421,1.0000
S5-E4,0,372,9.0612,0.7385,19.1428,37.882,1.0000
S5-E4,0,373,8.1214,0.6303,19.8977,38.184,1.0000
S5-E4,0,374,8.4222,1.3018,18.6926,38.357,1.0000
S5-E4,0,375,8.7473,1.2904,20.1882,38.558,1.0000
S5-E4,0,376,7.7782,1.4373,19.3596,38.605,1.0000
S5-E4,0,377,8.2502,1.6521,18.6398,39.043,1.0000
S5-E4,0,378,7.9453,1.7332,18.5247,38.610,1.0000
S5-E4,0,379,8.2725,1.9011,18.4166,38.488,1.0000
S5-E4,0,380,7.7627,1.5984,18.7613,38.525,1.0000
S5-E4,0,381,8.2679,1.5459,19.6837,38.458,1.0000
S5-E4,0,382,7.9342,1.6795,18.0510,38.338,1.0000
S5-E4,0,383,7.6255,1.5679,18.4973,38.596,1.0000
S5-E4,0,384,7.1287,1.4484,18.9640,38.493,1.0000
S5-E4,0,385,7.8322,1.4758,19.0732,38.524,1.0000
S5-E4,0,386,7.7969,1.4145,18.4955,38.300,1.0000
S5-E4,0,387,8.0133,1.5097,18.6199,38.353,1.0000
S5-E4,0,388,8.1948,1.4069,17.9684,38.747,1.0000
S5-E4,0,389,8.5148,1.4129,18.0463,38.642,1.0000
S5-E4,0,390,8.0537,1.0946,18.4674,38.374,1.0000
S5-E4,0,391,8.0353,1.4022,19.4928,38.456,1.0000
S5-E4,0,392,8.0870,1.6019,17.7846,38.453,1.0000
S5-E4,0,393,8.5107,1.3884,19.0170,38.514,1.0000
S5-E4,0,394,7.9178,1.5498,17.4780,38.884,1.0000
S5-E4,0,395,7.6171,1.3586,17.5650,38.550,1.0000
S5-E4,0,396,7.6388,1.8675,18.6892,38.313,1.0000
S5-E4,0,397,7.7076,1.7785,17.5691,38.492,1.0000
S5-E4,0,398,7.3639,1.6566,17.6584,38.522,1.0000
S5-E4,0,399,8.2901,1.7167,16.6900,38.433,1.0000
S5-E4,1,0,8.0840,0.2732,19.6739,34.118,0.6304
S5-E4,1,1,8.0264,0.1431,18.2620,34.121,0.6307
S5-E4,1,2,8.1228,0.0920,19.4888,33.869,0.6308
S5-E4,1,3,8.0138,0.0171,19.1728,34.043,0.6308
S5-E4,1,4,7.8597,0.2789,18.3430,33.878,0.6306
S5-E4,1,5,8.1156,0.2413,18.5501,34.052,0.6301
S5-E4,1,6,7.7964,0.1404,20.0276,34.033,0.6308
S5-E4,1,7,8.2843,0.0849,19.5610,33.987,0.6314
S5-E4,1,8,7.9617,0.0614,19.5045,33.955,0.6315
S5-E4,1,9,8.5398,0.3117,19.3640,33.934,0.6319
S5-E4,1,10,7.6678,0.1741,19.4830,33.899,0.6321
S5-E4,1,11,7.5123,0.0443,18.7911,34.091,0.6309
S5-E4,1,12,8.0531,0.3006,19.8793,34.099,0.6296
S5-E4,1,13,7.3897,0.2912,18.9975,33.699,0.6294
S5-E4,1,14,7.8968,0.2760,18.8922,34.038,0.6301
S5-E4,1,15,8.1278,0.0652,19.1140,33.943,0.6309
S5-E4,1,16,7.8123,0.0784,18.5835,34.152,0.6307
S5-E4,1,17,7.7139,0.0338,19.1630,33.906,0.6292
S5-E4,1,18,7.5206,0.0000,19.0605,33.885,0.6288
S5-E4,1,19,7.6593,0.2678,19.0897,33.989,0.6303
S5-E4,1,20,7.5968,0.3075,18.7663,33.945,0.6315
S5-E4,1,21,8.5456,0.2331,20.5761,33.882,0.6320
S5-E4,1,22,8.0039,0.2180,18.1369,33.826,0.6320
S5-E4,1,23,8.0603,0.1051,19.4353,33.803,0.6318
S5-E4,1,24,7.5025,0.1327,19.2029,33.767,0.6308
S5-E4,1,25,7.8912,0.3089,19.6940,34.097,0.6296
S5-E4,1,26,7.7700,0.3443,18.6743,34.174,0.6296
S5-E4,1,27,7.9367,0.1168,18.8541,33.987,0.6308
S5-E4,1,28,7.8622,0.1170,18.4296,33.847,0.6308
S5-E4,1,29,8.0947,0.1590,18.6602,33.936,0.6296
S5-E4,1,30,7.5065,0.2480,19.2920,33.865,0.6285
S5-E4,1,31,7.2125,0.2375,19.6336,33.810,0.6282
S5-E4,1,32,7.4338,0.0356,18.6955,33.997,0.6288
S5-E4,1,33,7.7165,0.2101,19.4664,34.143,0.6300
S5-E4,1,34,8.0690,0.0835,19.3585,33.913,0.6315
S5-E4,1,35,7.7444,0.1845,19.3056,33.862,0.6322
S5-E4,1,36,8.3587,0.2180,18.6244,33.988,0.6319
S5-E4,1,37,8.4650,0.0705,18.6144,33.870,0.6307
S5-E4,1,38,7.5499,0.1076,20.0653,33.954,0.6306
S5-E4,1,39,7.7868,0.1408,19.0707,34.068,0.6309
S5-E4,1,40,8.0150,0.0000,19.2713,33.825,0.6299
S5-E4,1,41,7.5495,0.0000,19.4813,33.820,0.6295
S5-E4,1,42,7.7179,0.4666,19.4235,33.974,0.6299
S5-E4,1,43,7.4366,0.1071,19.5549,34.119,0.6294
S5-E4,1,44,7.7857,0.0480,19.1839,33.853,0.6289
S5-E4,1,45,7.3956,0.0568,19.9091,33.918,0.6296
S5-E4,1,46,8.1191,0.0000,19.3891,33.985,0.6257
S5-E4,1,47,7.6450,0.2128,19.7847,33.868,0.6045
S5-E4,1,48,7.9477,0.1078,18.3079,33.871,0.5875
S5-E4,1,49,7.6481,0.0000,18.3511,34.018,0.5878
S5-E4,1,50,7.8753,0.0860,19.1513,34.236,0.5961
S5-E4,1,51,7.8987,0.0044,18.8150,33.903,0.6011
S5-E4,1,52,7.7296,0.0323,19.6543,34.045,0.6026
S5-E4,1,53,7.5258,0.0000,18.5857,33.851,0.6006
S5-E4,1,54,7.5253,0.2178,19.8326,33.929,0.5963
S5-E4,1,55,7.7381,0.2811,17.9963,33.960,0.5904
S5-E4,1,56,7.6329,0.1832,18.1875,34.049,0.5881
S5-E4,1,57,7.4746,0.3186,18.2069,33.745,0.5897
S5-E4,1,58,7.1848,0.4637,17.6477,33.655,0.5922
S5-E4,1,59,7.5225,0.0692,18.2647,33.937,0.5926
S5-E4,1,60,7.8555,0.0000,19.7326,34.046,0.5921
S5-E4,1,61,7.7316,0.1592,18.9977,33.935,0.5923
S5-E4,1,62,8.1915,0.2454,18.7632,33.982,0.5922
S5-E4,1,63,8.0278,0.0000,18.1437,33.841,0.5920
S5-E4,1,64,6.8984,0.1612,19.0396,34.109,0.5916
S5-E4,1,65,8.5405,0.0622,18.8746,33.923,0.5914
S5-E4,1,66,7.8575,0.0213,19.2271,34.133,0.5919
S5-E4,1,67,7.2686,0.1988,18.5559,33.937,0.5930
S5-E4,1,68,7.7794,0.3922,17.4783,33.888,0.5938
S5-E4,1,69,7.8117,0.0570,17.6924,34.016,0.5940
S5-E4,1,70,7.7425,0.0703,18.9659,34.134,0.5930
S5-E4,1,71,8.3147,0.0000,17.9138,34.021,0.5916
S5-E4,1,72,7.6330,0.2636,18.0311,34.196,0.5911
S5-E4,1,73,8.3213,0.1577,17.1233,34.128,0.5918
S5-E4,1,74,8.0068,0.3512,18.0372,34.023,0.5928
S5-E4,1,75,7.9036,0.0000,18.2975,34.127,0.5929
S5-E4,1,76,7.5810,0.3746,17.8936,33.883,0.5927
S5-E4,1,77,8.0917,0.3598,18.5718,33.797,0.5926
S5-E4,1,78,7.5737,0.1702,17.7394,33.779,0.5919
S5-E4,1,79,7.4577,0.0056,17.3170,34.109,0.5871
S5-E4,1,80,7.1758,0.2864,18.3157,33.571,0.5669
S5-E4,1,81,7.0285,0.0160,17.8834,34.198,0.5515
S5-E4,1,82,7.4444,0.2545,17.0534,34.097,0.5525
S5-E4,1,83,7.4757,0.0000,18.6924,34.071,0.5607
S5-E4,1,84,7.9214,0.0000,18.0302,34.221,0.5665
S5-E4,1,85,7.5465,0.0859,17.1936,34.018,0.5676
S5-E4,1,86,7.0823,0.1447,17.0264,34.105,0.5652
S5-E4,1,87,7.3518,0.0101,17.7628,34.268,0.5622
S5-E4,1,88,7.9511,0.0517,17.7250,34.055,0.5618
S5-E4,1,89,6.8003,0.0144,17.4979,34.161,0.5633
S5-E4,1,90,7.8169,0.0955,17.2321,34.442,0.5655
S5-E4,1,91,7.4585,0.2390,17.7582,34.211,0.5667
S5-E4,1,92,7.8386,0.2432,16.8658,34.094,0.5657
S5-E4,1,93,8.0587,0.0000,17.1388,33.985,0.5639
S5-E4,1,94,7.5203,0.0000,17.4870,34.048,0.5636
S5-E4,1,95,7.0087,0.0000,17.7559,33.764,0.5648
S5-E4,1,96,7.2740,0.1138,17.0475,34.126,0.5648
S5-E4,1,97,7.7192,0.0000,17.1844,34.050,0.5646
S5-E4,1,98,7.7495,0.0775,17.8315,34.025,0.5648
S5-E4,1,99,7.1424,0.1296,17.4568,33.697,0.5641
S5-E4,1,100,6.8868,0.2300,17.3567,34.059,0.5629
S5-E4,1,101,7.6650,0.0564,17.2154,34.113,0.5627
S5-E4,1,102,7.2409,0.2182,17.9036,33.766,0.5640
S5-E4,1,103,7.1560,0.1416,18.1549,34.094,0.5648
S5-E4,1,104,7.5335,0.1575,18.6854,34.108,0.5639
S5-E4,1,105,7.1727,0.0000,17.5387,34.112,0.5629
S5-E4,1,106,7.1345,0.4107,17.8449,33.989,0.5631
S5-E4,1,107,7.7302,0.0672,18.9251,34.110,0.5639
S5-E4,1,108,7.4912,0.0776,17.4317,34.089,0.5646
S5-E4,1,109,6.9016,0.0810,17.7631,33.782,0.5639
S5-E4,1,110,7.2658,0.0966,16.7485,34.021,0.5621
S5-E4,1,111,7.1058,0.1307,17.8161,34.047,0.5616
S5-E4,1,112,6.8396,0.1136,17.1797,33.776,0.5625
S5-E4,1,113,6.7032,0.1092,17.6174,34.101,0.5620
S5-E4,1,114,6.8403,0.0000,18.0002,34.017,0.5612
S5-E4,1,115,7.7289,0.2522,17.7039,33.986,0.5626
S5-E4,1,116,7.3307,0.4633,17.7734,33.806,0.5639
S5-E4,1,117,6.9286,0.2187,18.0646,34.326,0.5638
S5-E4,1,118,6.9672,0.2509,16.6872,33.931,0.5634
S5-E4,1,119,6.6914,0.0606,17.3164,33.812,0.5637
S5-E4,1,120,7.2923,0.1114,17.4353,33.714,0.5639
S5-E4,1,121,7.5049,0.0799,16.8410,33.796,0.5640
S5-E4,1,122,7.1556,0.0000,17.9915,33.677,0.5648
S5-E4,1,123,6.9007,0.2264,17.1922,34.013,0.5640
S5-E4,1,124,7.3688,0.2274,17.3549,33.952,0.5625
S5-E4,1,125,7.2131,0.0736,17.9238,33.969,0.5627
S5-E4,1,126,6.9154,0.0627,17.4456,33.955,0.5638
S5-E4,1,127,6.9513,0.1727,17.7299,33.960,0.5643
S5-E4,1,128,7.7142,0.2355,18.2532,33.921,0.5647
S5-E4,1,129,7.3188,0.0000,17.0529,33.948,0.5647
S5-E4,1,130,8.0195,0.0000,17.8166,34.148,0.5647
S5-E4,1,131,7.4610,0.1056,16.8013,34.086,0.5648
S5-E4,1,132,7.8552,0.0449,17.2597,34.132,0.5643
S5-E4,1,133,7.8688,0.0000,17.3209,34.135,0.5723
S5-E4,1,134,7.1342,0.2800,18.5470,34.182,0.6166
S5-E4,1,135,8.1505,0.3116,17.4916,34.087,0.6523
S5-E4,1,136,8.6837,0.1282,18.4020,34.014,0.6534
S5-E4,1,137,8.4876,0.1339,17.7061,34.023,0.6363
S5-E4,1,138,8.2959,0.0156,18.6396,34.027,0.6240
S5-E4,1,139,7.4401,0.2364,18.9798,34.137,0.6231
S5-E4,1,140,8.0178,0.0000,18.4700,33.889,0.6274
S5-E4,1,141,7.6261,0.3564,18.1521,34.060,0.6302
S5-E4,1,142,7.3120,0.0606,18.5020,33.956,0.6295
S5-E4,1,143,7.4200,0.0000,19.2905,33.981,0.6273
S5-E4,1,144,7.7995,0.1958,18.0331,34.283,0.6265
S5-E4,1,145,7.7562,0.1550,19.3016,33.781,0.6278
S5-E4,1,146,7.8008,0.1921,18.0362,34.037,0.6291
S5-E4,1,147,7.9577,0.2775,18.9774,34.120,0.6294
S5-E4,1,148,7.9539,0.0988,18.5950,33.955,0.6292
S5-E4,1,149,8.0277,0.1218,18.4717,34.424,0.6284
S5-E4,1,150,7.6449,0.0821,19.0781,34.971,0.6668
S5-E4,1,151,8.3928,0.3439,18.8049,35.209,0.8655
S5-E4,1,152,7.9202,0.0881,18.5782,34.872,0.9971
S5-E4,1,153,7.7580,0.0140,17.8854,33.142,0.9492
S5-E4,1,154,7.1747,0.0316,17.0365,32.580,0.6441
S5-E4,1,155,7.5654,0.4177,17.1957,33.138,0.3828
S5-E4,1,156,7.0179,0.1004,15.2655,33.976,0.3654
S5-E4,1,157,5.9132,0.2836,14.1320,34.466,0.4739
S5-E4,1,158,6.1936,0.1417,15.4562,33.899,0.5490
S5-E4,1,159,5.7970,0.0000,14.0113,34.037,0.5482
S5-E4,1,160,6.0431,0.1200,14.3022,33.666,0.5152
S5-E4,1,161,5.6647,0.2958,13.2118,33.853,0.4956
S5-E4,1,162,5.2259,0.0366,13.4700,33.931,0.4987
S5-E4,1,163,5.5570,0.2356,13.5078,33.886,0.5096
S5-E4,1,164,5.5643,0.2899,12.5260,33.765,0.5166
S5-E4,1,165,5.7642,0.3325,12.2808,33.934,0.5168
S5-E4,1,166,5.5753,0.0827,12.2291,34.062,0.5130
S5-E4,1,167,5.2266,0.0190,12.9858,33.970,0.5108
S5-E4,1,168,5.3532,0.2676,11.7570,33.787,0.5111
S5-E4,1,169,5.3374,0.2968,12.1422,34.108,0.5129
S5-E4,1,170,5.1278,0.2969,11.6438,33.907,0.5142
S5-E4,1,171,5.2902,0.3842,11.6948,34.253,0.5144
S5-E4,1,172,5.3183,0.1263,12.2260,33.851,0.5137
S5-E4,1,173,5.4085,0.2759,11.5735,34.203,0.5127
S5-E4,1,174,5.2000,0.0688,11.9834,33.758,0.5128
S5-E4,1,175,5.1550,0.0098,11.3954,34.048,0.5129
S5-E4,1,176,5.1074,0.0000,11.7804,33.866,0.5129
S5-E4,1,177,5.3239,0.1566,11.3550,33.704,0.5129
S5-E4,1,178,4.9895,0.3997,11.3538,34.081,0.5128
S5-E4,1,179,5.0107,0.2703,12.3013,33.901,0.5120
S5-E4,1,180,5.0478,0.2851,11.2732,33.724,0.5113
S5-E4,1,181,5.1403,0.3688,11.1558,33.857,0.5115
S5-E4,1,182,5.2669,0.0117,11.5845,34.202,0.5121
S5-E4,1,183,5.3140,0.1563,12.0322,34.048,0.5127
S5-E4,1,184,5.1370,0.3298,11.2385,34.047,0.5128
S5-E4,1,185,4.8491,0.1422,12.0183,33.861,0.5132
S5-E4,1,186,5.1342,0.1438,12.0163,33.976,0.5128
S5-E4,1,187,5.2005,0.2049,12.3001,34.355,0.5122
S5-E4,1,188,4.9118,0.1851,12.0575,33.610,0.5125
S5-E4,1,189,5.0008,0.0334,11.5514,34.131,0.5129
S5-E4,1,190,4.7940,0.4421,10.9737,34.301,0.5136
S5-E4,1,191,4.9700,0.1859,11.3927,33.942,0.5122
S5-E4,1,192,5.0115,0.1250,11.3033,34.028,0.5108
S5-E4,1,193,4.7989,0.2748,11.3694,33.995,0.5113
S5-E4,1,194,4.8703,0.0594,11.7213,34.061,0.5118
S5-E4,1,195,5.2442,0.0755,11.2622,34.214,0.5127
S5-E4,1,196,4.8766,0.2289,11.3971,33.980,0.5126
S5-E4,1,197,4.8291,0.2103,11.2548,34.028,0.5114
S5-E4,1,198,4.7654,0.1831,11.5313,33.791,0.5095
S5-E4,1,199,4.6366,0.0752,11.7598,33.930,0.5096
S5-E4,1,200,4.7305,0.1935,11.5516,34.004,0.5112
S5-E4,1,201,4.9281,0.0688,11.1954,34.135,0.5120
S5-E4,1,202,4.8852,0.2018,11.1521,34.287,0.5122
S5-E4,1,203,5.0787,0.2950,11.6919,34.133,0.5119
S5-E4,1,204,5.4355,0.3049,11.3680,34.229,0.5116
S5-E4,1,205,4.7623,0.3390,11.7706,34.206,0.5117
S5-E4,1,206,4.9652,0.4401,11.4527,34.314,0.5114
S5-E4,1,207,5.1896,0.0248,11.1555,34.127,0.5107
S5-E4,1,208,4.8591,0.1619,11.7021,34.135,0.5113
S5-E4,1,209,4.8708,0.1010,11.7074,34.069,0.5116
S5-E4,1,210,4.5141,0.5303,11.3268,33.994,0.5109
S5-E4,1,211,5.0313,0.3252,10.7826,34.102,0.5111
S5-E4,1,212,4.9268,0.3654,11.1854,33.991,0.5117
S5-E4,1,213,4.6440,0.2175,11.4376,34.003,0.5126
S5-E4,1,214,4.9793,0.2588,11.3108,33.912,0.5122
S5-E4,1,215,4.8173,0.1645,11.1114,34.014,0.5108
S5-E4,1,216,4.5243,0.1401,11.7988,34.006,0.5097
S5-E4,1,217,4.9764,0.0000,11.0336,33.896,0.5097
S5-E4,1,218,5.2222,0.1433,12.1645,34.197,0.5127
S5-E4,1,219,5.3103,0.2682,11.4797,34.049,0.5158
S5-E4,1,220,4.8974,0.1112,11.7919,34.044,0.5152
S5-E4,1,221,5.0512,0.2694,11.4522,33.851,0.5129
S5-E4,1,222,4.9953,0.0396,11.2607,34.136,0.5114
S5-E4,1,223,4.8756,0.2835,10.8712,34.195,0.5122
S5-E4,1,224,5.0667,0.2399,11.4501,33.889,0.5135
S5-E4,1,225,4.7259,0.1464,11.2087,33.978,0.5129
S5-E4,1,226,4.9714,0.0000,11.7535,34.023,0.5125
S5-E4,1,227,4.8736,0.0977,11.4677,34.110,0.5125
S5-E4,1,228,5.1967,0.3241,11.4237,34.068,0.5120
S5-E4,1,229,5.1137,0.0283,11.6995,34.175,0.5120
S5-E4,1,230,5.2761,0.2333,11.1026,33.972,0.5122
S5-E4,1,231,4.7423,0.1065,11.3516,33.886,0.5118
S5-E4,1,232,4.9884,0.0789,12.0618,33.914,0.5111
S5-E4,1,233,5.2821,0.2507,11.7095,34.076,0.5121
S5-E4,1,234,5.1652,0.3433,11.1689,34.123,0.5127
S5-E4,1,235,5.2144,0.1116,11.8337,34.188,0.5126
S5-E4,1,236,5.2009,0.3417,11.9436,33.815,0.5127
S5-E4,1,237,5.2125,0.3008,11.1722,33.539,0.5128
S5-E4,1,238,5.0292,0.1528,11.3848,34.034,0.5148
S5-E4,1,239,5.2375,0.2599,11.3973,34.148,0.5153
S5-E4,1,240,5.2170,0.2492,11.0716,33.855,0.5139
S5-E4,1,241,4.8302,0.2780,11.6083,33.965,0.5120
S5-E4,1,242,4.9585,0.1278,10.8186,33.716,0.5104
S5-E4,1,243,4.6875,0.3372,11.0171,34.075,0.5112
S5-E4,1,244,4.8990,0.1645,11.4936,34.104,0.5125
S5-E4,1,245,5.0205,0.0000,11.6312,33.920,0.5116
S5-E4,1,246,5.1825,0.2130,11.6207,34.060,0.5119
S5-E4,1,247,4.9368,0.0882,11.7869,34.248,0.5138
S5-E4,1,248,4.9746,0.1866,11.7682,34.075,0.5128
S5-E4,1,249,4.6934,0.2240,11.7643,34.047,0.5111
S5-E4,1,250,4.8271,0.2271,11.1633,33.989,0.5111
S5-E4,1,251,4.9408,0.3927,11.9716,34.063,0.5116
S5-E4,1,252,4.8145,0.0000,11.3825,33.784,0.5116
S5-E4,1,253,4.9982,0.2666,11.7434,33.778,0.5112
S5-E4,1,254,4.5762,0.0911,11.5543,34.163,0.5105
S5-E4,1,255,4.6367,0.1881,11.9171,33.807,0.5105
S5-E4,1,256,4.7674,0.1862,11.4006,34.011,0.5105
S5-E4,1,257,4.8310,0.3977,11.3494,34.076,0.5109
S5-E4,1,258,4.8624,0.2510,11.0453,33.985,0.5120
S5-E4,1,259,4.8451,0.1541,11.7918,33.950,0.5122
S5-E4,1,260,4.9213,0.1976,11.8256,33.951,0.5118
S5-E4,1,261,4.8192,0.2745,11.3894,33.928,0.5109
S5-E4,1,262,4.9306,0.3335,11.7178,34.185,0.5110
S5-E4,1,263,5.1569,0.0633,11.4593,33.836,0.5121
S5-E4,1,264,4.7944,0.0328,11.2016,34.132,0.5123
S5-E4,1,265,5.1417,0.0000,11.8373,34.017,0.5113
S5-E4,1,266,5.3944,0.1463,11.4773,34.058,0.5115
S5-E4,1,267,4.7212,0.1383,11.6973,33.938,0.5128
S5-E4,1,268,4.9687,0.0897,10.9475,33.822,0.5117
S5-E4,1,269,4.5938,0.3408,11.2308,33.984,0.5105
S5-E4,1,270,5.0246,0.3666,11.9185,34.068,0.5110
S5-E4,1,271,4.8939,0.2150,11.6556,33.942,0.5118
S5-E4,1,272,4.7446,0.1174,11.8245,33.937,0.5124
S5-E4,1,273,5.3506,0.3920,11.9198,34.081,0.5121
S5-E4,1,274,4.6959,0.1762,11.4995,34.118,0.5113
S5-E4,1,275,4.6438,0.1690,11.6753,34.045,0.5107
S5-E4,1,276,4.7879,0.2170,11.2125,34.063,0.5110
S5-E4,1,277,5.1666,0.5207,12.0259,35.277,0.5507
S5-E4,1,278,5.9462,0.8280,13.3714,35.581,0.7958
S5-E4,1,279,6.1217,0.6214,13.7545,35.649,0.9937
S5-E4,1,280,6.3498,0.5975,14.7222,35.355,1.0000
S5-E4,1,281,6.6310,0.2136,14.6694,35.109,1.0000
S5-E4,1,282,7.1076,0.2156,15.9269,34.748,0.9977
S5-E4,1,283,6.8952,0.2227,16.9821,34.507,0.9906
S5-E4,1,284,7.2044,0.2046,16.4307,34.132,0.9696
S5-E4,1,285,7.4109,0.5151,16.2992,33.923,0.9498
S5-E4,1,286,7.9131,0.0091,17.4881,34.226,0.9410
S5-E4,1,287,7.5763,0.3243,16.2781,34.215,0.9350
S5-E4,1,288,7.0377,0.2455,17.1400,33.895,0.9075
S5-E4,1,289,7.4664,0.2069,17.5770,34.200,0.8984
S5-E4,1,290,7.4167,0.2551,16.9084,34.096,0.9102
S5-E4,1,291,8.1401,0.0721,18.8822,34.071,0.9219
S5-E4,1,292,8.1205,0.1979,17.7477,33.932,0.9234
S5-E4,1,293,8.4881,0.0602,18.2270,33.939,0.9134
S5-E4,1,294,7.4406,0.4913,18.5218,33.809,0.8840
S5-E4,1,295,7.9939,0.0494,17.0701,33.956,0.8623
S5-E4,1,296,8.0080,0.1608,17.2173,34.076,0.8622
S5-E4,1,297,7.6193,0.3966,18.4124,34.174,0.8715
S5-E4,1,298,7.9243,0.0861,19.0776,33.874,0.8766
S5-E4,1,299,7.6715,0.2520,17.9012,34.071,0.8759
S5-E4,1,300,7.9230,0.0225,18.7431,34.236,0.8754
S5-E4,1,301,7.6825,0.1567,19.4271,34.035,0.8751
S5-E4,1,302,7.9131,0.1031,18.4116,33.878,0.8735
S5-E4,1,303,7.7961,0.3393,18.1670,34.098,0.8722
S5-E4,1,304,8.1867,0.1890,18.8190,34.176,0.8733
S5-E4,1,305,7.9407,0.3262,18.8494,34.014,0.8747
S5-E4,1,306,8.4833,0.2208,17.3946,34.073,0.8755
S5-E4,1,307,7.3770,0.4429,18.1117,33.896,0.8758
S5-E4,1,308,8.5723,0.0550,17.7089,33.984,0.8749
S5-E4,1,309,8.1212,0.0270,18.2842,33.967,0.8748
S5-E4,1,310,7.6130,0.3253,18.1032,34.000,0.8747
S5-E4,1,311,7.6934,0.2715,19.0535,33.859,0.8754
S5-E4,1,312,8.0464,0.2874,18.3216,34.137,0.8774
S5-E4,1,313,7.1468,0.2965,18.7658,34.243,0.8775
S5-E4,1,314,8.3990,0.1690,18.3427,34.182,0.8758
S5-E4,1,315,8.2409,0.3179,18.1343,34.072,0.8762
S5-E4,1,316,7.3772,0.2345,17.5542,33.875,0.8766
S5-E4,1,317,8.1916,0.1822,18.0234,33.742,0.8767
S5-E4,1,318,8.2391,0.4593,17.9184,34.046,0.8778
S5-E4,1,319,7.8508,0.2243,18.4301,33.900,0.8775
S5-E4,1,320,7.8403,0.1974,17.5134,34.112,0.8769
S5-E4,1,321,8.1933,0.1507,19.1534,34.004,0.8761
S5-E4,1,322,7.7164,0.3983,17.2416,34.078,0.8752
S5-E4,1,323,8.4414,0.1714,18.2713,34.166,0.8756
S5-E4,1,324,8.5700,0.1004,19.2074,34.000,0.8785
S5-E4,1,325,8.0996,0.3473,18.0263,34.183,0.8825
S5-E4,1,326,8.8714,0.1297,18.4687,33.912,0.8815
S5-E4,1,327,7.8282,0.1723,18.3052,34.064,0.8766
S5-E4,1,328,7.9431,0.0904,18.8044,33.679,0.8742
S5-E4,1,329,7.6171,0.2649,18.4594,33.865,0.8750
S5-E4,1,330,8.3755,0.2830,17.8399,34.379,0.8756
S5-E4,1,331,8.4231,0.1687,18.1851,33.858,0.8757
S5-E4,1,332,7.7313,0.0000,18.2588,34.010,0.8770
S5-E4,1,333,7.5010,0.2067,17.8826,33.949,0.8759
S5-E4,1,334,7.6963,0.2641,17.1247,33.873,0.8736
S5-E4,1,335,7.9161,0.2913,19.0861,33.922,0.8746
S5-E4,1,336,7.0181,0.1903,17.8434,34.497,0.8765
S5-E4,1,337,8.1253,0.2696,18.1478,33.882,0.8759
S5-E4,1,338,7.8384,0.1888,18.6876,34.069,0.8744
S5-E4,1,339,7.9039,0.0277,18.1756,33.964,0.8738
S5-E4,1,340,7.8969,0.2792,18.8515,34.127,0.8758
S5-E4,1,341,8.2168,0.1065,16.7975,33.841,0.8769
S5-E4,1,342,7.8533,0.2688,17.7883,34.057,0.8757
S5-E4,1,343,7.6476,0.1681,17.5985,33.784,0.8749
S5-E4,1,344,7.9115,0.0000,18.5387,33.888,0.8749
S5-E4,1,345,7.3005,0.1919,17.7128,33.854,0.8747
S5-E4,1,346,7.1322,0.0708,18.4741,33.548,0.8734
S5-E4,1,347,7.5971,0.5230,17.3938,33.726,0.8738
S5-E4,1,348,7.9642,0.4279,18.1177,34.159,0.8765
S5-E4,1,349,8.4655,0.2186,18.9278,34.114,0.8778
S5-E4,1,350,7.9371,0.2653,18.2738,33.851,0.8745
S5-E4,1,351,7.9920,0.1766,18.0903,33.826,0.8710
S5-E4,1,352,7.2697,0.1588,19.0680,33.868,0.8710
S5-E4,1,353,7.4513,0.4315,18.2324,33.772,0.8735
S5-E4,1,354,7.2397,0.4201,18.3216,34.162,0.8755
S5-E4,1,355,7.5922,0.1439,17.9047,33.978,0.8759
S5-E4,1,356,7.5479,0.2250,17.0876,34.084,0.8752
S5-E4,1,357,7.4430,0.2891,18.4302,34.025,0.8734
S5-E4,1,358,7.7362,0.1276,19.2000,34.081,0.8726
S5-E4,1,359,7.2830,0.2249,17.7031,33.961,0.8740
S5-E4,1,360,7.7255,0.1139,17.4970,33.904,0.8750
S5-E4,1,361,7.4929,0.3453,17.4545,33.803,0.8757
S5-E4,1,362,7.6336,0.2277,18.6388,34.168,0.8750
S5-E4,1,363,7.8449,0.4012,17.2046,33.932,0.8740
S5-E4,1,364,8.0236,0.3586,18.3371,33.951,0.8734
S5-E4,1,365,7.6549,0.0546,18.8494,34.015,0.8730
S5-E4,1,366,7.8027,0.1179,17.4489,34.107,0.8742
S5-E4,1,367,7.5507,0.0000,18.5966,33.993,0.8773
S5-E4,1,368,7.5207,0.1803,17.9344,34.111,0.8788
S5-E4,1,369,8.0054,0.2435,18.0325,34.042,0.8774
S5-E4,1,370,7.3571,0.2385,17.7586,34.259,0.8750
S5-E4,1,371,7.3980,0.0915,18.9490,34.138,0.8734
S5-E4,1,372,7.5984,0.1036,17.5692,33.881,0.8745
S5-E4,1,373,8.3061,0.1841,18.4447,33.881,0.8763
S5-E4,1,374,7.9434,0.2881,17.6881,34.092,0.8767
S5-E4,1,375,7.4782,0.1725,19.0611,33.981,0.8755
S5-E4,1,376,7.8446,0.2624,17.1619,33.847,0.8752
S5-E4,1,377,7.9426,0.0000,17.5382,33.875,0.8763
S5-E4,1,378,7.9216,0.2917,18.9925,34.140,0.8774
S5-E4,1,379,7.5263,0.2909,18.0321,34.086,0.8775
S5-E4,1,380,7.8842,0.3575,19.0274,33.747,0.8767
S5-E4,1,381,7.6538,0.2987,17.7787,34.081,0.8762
S5-E4,1,382,7.3026,0.1432,18.3966,33.801,0.8766
S5-E4,1,383,8.0238,0.1265,17.7888,33.936,0.8764
S5-E4,1,384,8.1426,0.2852,18.0731,34.126,0.8767
S5-E4,1,385,7.7892,0.3099,18.9473,33.975,0.8759
S5-E4,1,386,8.0468,0.1071,17.4127,34.077,0.8739
S5-E4,1,387,7.4831,0.3683,17.5532,34.117,0.8731
S5-E4,1,388,7.8385,0.3175,17.6732,34.210,0.8745
S5-E4,1,389,8.0743,0.1578,18.0793,34.237,0.8759
S5-E4,1,390,8.8041,0.2088,18.3279,34.085,0.8761
S5-E4,1,391,8.0009,0.1479,17.1415,34.153,0.8778
S5-E4,1,392,7.4766,0.0348,17.6593,34.137,0.8779
S5-E4,1,393,7.2185,0.1088,17.4911,34.031,0.8760
S5-E4,1,394,7.8573,0.2103,18.2791,34.199,0.8737
S5-E4,1,395,8.3662,0.0609,18.3209,33.850,0.8733
S5-E4,1,396,7.6522,0.0892,17.6877,34.269,0.8764
S5-E4,1,397,8.1506,0.3944,18.2304,34.203,0.8794
S5-E4,1,398,7.8334,0.4142,18.2893,34.149,0.8785
S5-E4,1,399,8.3843,0.0242,18.7607,33.829,0.8755
S5-E4,2,0,7.3971,0.3647,18.3168,34.028,0.6172
S5-E4,2,1,7.7074,0.2228,17.9706,34.063,0.6169
S5-E4,2,2,7.4047,0.1105,19.6476,33.839,0.6165
S5-E4,2,3,7.6167,0.2964,18.6592,34.067,0.6170
S5-E4,2,4,7.5398,0.2218,19.8062,34.160,0.6176
S5-E4,2,5,8.0161,0.0042,19.4094,33.985,0.6169
S5-E4,2,6,7.5971,0.1537,18.8327,34.074,0.6158
S5-E4,2,7,7.8080,0.3823,18.1938,34.056,0.6159
S5-E4,2,8,7.9633,0.0000,19.8359,33.992,0.6169
S5-E4,2,9,7.9575,0.0556,18.1663,34.048,0.6176
S5-E4,2,10,8.0601,0.1821,17.8477,33.774,0.6171
S5-E4,2,11,7.8109,0.0000,19.3848,34.017,0.6169
S5-E4,2,12,8.1873,0.1104,18.4594,34.179,0.6178
S5-E4,2,13,8.1965,0.2468,19.8221,34.241,0.6180
S5-E4,2,14,7.7482,0.1459,18.2071,34.056,0.6177
S5-E4,2,15,8.2844,0.1596,18.9811,33.932,0.6164
S5-E4,2,16,7.4348,0.2262,19.1723,33.664,0.6156
S5-E4,2,17,8.3058,0.3545,19.2479,33.918,0.6168
S5-E4,2,18,7.5192,0.0000,19.0171,33.735,0.6178
S5-E4,2,19,7.8395,0.1522,18.7910,34.143,0.6170
S5-E4,2,20,7.7886,0.0000,19.5926,33.873,0.6162
S5-E4,2,21,7.7999,0.4339,19.9395,33.770,0.6158
S5-E4,2,22,7.8881,0.0000,18.2709,33.827,0.6153
S5-E4,2,23,8.3143,0.1189,19.2159,33.886,0.6156
S5-E4,2,24,7.0552,0.1146,18.4877,34.034,0.6172
S5-E4,2,25,8.0425,0.0319,18.6149,34.121,0.6183
S5-E4,2,26,7.7416,0.2653,19.5179,33.940,0.6179
S5-E4,2,27,7.5884,0.1360,18.9566,34.067,0.6169
S5-E4,2,28,7.6916,0.2971,18.8715,34.129,0.6167
S5-E4,2,29,8.2043,0.2720,18.8624,33.877,0.6172
S5-E4,2,30,7.9059,0.4856,20.5875,33.951,0.6181
S5-E4,2,31,8.2525,0.1145,19.2372,33.828,0.6190
S5-E4,2,32,7.8053,0.1459,18.6157,33.852,0.6184
S5-E4,2,33,8.0348,0.3086,19.2225,33.940,0.6160
S5-E4,2,34,7.6760,0.1787,19.4755,34.040,0.6150
S5-E4,2,35,7.4606,0.1684,19.3567,33.916,0.6176
S5-E4,2,36,7.9034,0.0000,19.6208,33.799,0.6195
S5-E4,2,37,8.0871,0.2010,18.0765,34.035,0.6179
S5-E4,2,38,7.3705,0.0000,18.8318,33.907,0.6091
S5-E4,2,39,8.1045,0.1736,18.6456,33.845,0.5719
S5-E4,2,40,8.3673,0.2614,18.4603,33.895,0.5436
S5-E4,2,41,7.9941,0.2145,18.6694,34.022,0.5492
S5-E4,2,42,7.9458,0.0546,18.1652,34.038,0.5866
S5-E4,2,43,7.9432,0.3253,18.2278,33.910,0.6127
S5-E4,2,44,8.0594,0.1789,18.8844,33.903,0.6116
S5-E4,2,45,7.6638,0.2436,18.9065,34.018,0.5988
S5-E4,2,46,7.8632,0.2144,17.9472,33.266,0.5798
S5-E4,2,47,7.6587,0.3459,17.7658,33.698,0.5274
S5-E4,2,48,7.9534,0.2126,17.2300,33.848,0.4907
S5-E4,2,49,7.3788,0.1269,17.5960,34.036,0.4931
S5-E4,2,50,7.5839,0.0097,17.4532,33.998,0.5132
S5-E4,2,51,8.0298,0.3664,18.0598,33.622,0.5250
S5-E4,2,52,7.7711,0.1436,17.7428,34.471,0.5439
S5-E4,2,53,7.4865,0.1251,18.3903,34.428,0.6433
S5-E4,2,54,7.6227,0.3454,19.1101,34.483,0.7244
S5-E4,2,55,7.5869,0.0672,18.8111,34.122,0.7266
S5-E4,2,56,7.5885,0.1994,18.9717,33.843,0.6870
S5-E4,2,57,8.0954,0.2181,18.6799,34.061,0.6586
S5-E4,2,58,8.1796,0.2677,18.4016,34.047,0.6581
S5-E4,2,59,7.5927,0.0047,18.2234,34.062,0.6713
S5-E4,2,60,7.6418,0.0813,19.3921,34.220,0.6794
S5-E4,2,61,8.1048,0.4808,18.6611,34.082,0.6779
S5-E4,2,62,7.7767,0.6506,19.6641,33.921,0.6723
S5-E4,2,63,8.8679,0.0852,19.1937,33.876,0.6684
S5-E4,2,64,8.4598,0.1920,19.2492,33.792,0.6680
S5-E4,2,65,8.1211,0.1489,19.1750,33.879,0.6697
S5-E4,2,66,8.5667,0.0566,19.4991,33.836,0.6714
S5-E4,2,67,7.8818,0.2099,18.7863,33.903,0.6718
S5-E4,2,68,8.1201,0.2106,20.8899,33.862,0.6716
S5-E4,2,69,8.6331,0.0000,20.4710,34.070,0.6715
S5-E4,2,70,9.2588,0.1006,18.9125,33.935,0.6718
S5-E4,2,71,7.9201,0.3116,20.2418,33.873,0.6714
S5-E4,2,72,8.8299,0.1103,20.3183,34.146,0.6705
S5-E4,2,73,8.8697,0.1181,19.6226,33.996,0.6713
S5-E4,2,74,7.8894,0.0000,19.6281,34.140,0.6724
S5-E4,2,75,9.1295,0.0000,20.4540,34.154,0.6720
S5-E4,2,76,8.5609,0.2357,18.9793,33.897,0.6714
S5-E4,2,77,9.0848,0.0678,20.2680,34.068,0.6708
S5-E4,2,78,8.5405,0.2322,20.4646,34.002,0.6705
S5-E4,2,79,8.7271,0.0000,19.8041,34.080,0.6711
S5-E4,2,80,8.8605,0.0293,19.4254,33.548,0.6456
S5-E4,2,81,7.4468,0.0345,18.4402,33.095,0.5238
S5-E4,2,82,7.8653,0.1745,18.7678,33.551,0.4325
S5-E4,2,83,7.7578,0.3383,17.8307,33.950,0.4356
S5-E4,2,84,7.8729,0.1571,18.0917,34.146,0.4820
S5-E4,2,85,7.8373,0.0000,18.8734,33.665,0.5112
S5-E4,2,86,6.9376,0.0000,17.9840,33.927,0.5092
S5-E4,2,87,7.2807,0.1726,18.8417,33.652,0.4958
S5-E4,2,88,7.6965,0.1660,17.9291,33.801,0.4898
S5-E4,2,89,7.1360,0.3224,16.9461,33.593,0.4929
S5-E4,2,90,7.7174,0.0000,16.4947,34.024,0.4986
S5-E4,2,91,7.7243,0.0094,17.7985,34.029,0.5010
S5-E4,2,92,7.1905,0.4074,16.8840,34.163,0.4999
S5-E4,2,93,6.5232,0.0596,17.5817,34.145,0.4985
S5-E4,2,94,7.0717,0.1589,16.6311,34.091,0.4982
S5-E4,2,95,7.4672,0.3001,16.8826,33.736,0.4983
S5-E4,2,96,6.7123,0.1081,16.8778,33.963,0.4988
S5-E4,2,97,6.7612,0.1428,15.9667,34.344,0.4996
S5-E4,2,98,7.2235,0.0000,16.4795,33.827,0.4995
S5-E4,2,99,6.9940,0.0007,16.4390,34.127,0.4994
S5-E4,2,100,7.1799,0.1755,16.2376,33.723,0.5000
S5-E4,2,101,7.1441,0.0000,16.6116,33.804,0.5003
S5-E4,2,102,7.1395,0.1989,16.1165,33.880,0.5004
S5-E4,2,103,7.3947,0.0510,15.6559,34.109,0.5001
S5-E4,2,104,7.1720,0.1532,15.6541,33.907,0.4993
S5-E4,2,105,6.7878,0.2038,15.3350,33.756,0.4996
S5-E4,2,106,6.7057,0.0000,15.2314,33.271,0.4715
S5-E4,2,107,6.2322,0.0884,14.6949,32.989,0.3369
S5-E4,2,108,6.0010,0.0299,14.6167,33.455,0.2375
S5-E4,2,109,5.9354,0.0000,15.0240,34.034,0.2408
S5-E4,2,110,5.8219,0.1222,13.9634,33.994,0.2896
S5-E4,2,111,5.3725,0.1770,14.2518,33.775,0.3195
S5-E4,2,112,5.0979,0.1209,13.4406,33.715,0.3175
S5-E4,2,113,5.5992,0.0000,13.1253,33.836,0.3040
S5-E4,2,114,5.3942,0.0057,12.7955,33.893,0.2972
S5-E4,2,115,4.6833,0.0310,13.1612,33.870,0.2995
S5-E4,2,116,4.8452,0.3337,13.1155,33.837,0.3042
S5-E4,2,117,5.0187,0.2061,11.8421,33.985,0.3066
S5-E4,2,118,4.9041,0.1710,12.5676,33.761,0.3068
S5-E4,2,119,4.8029,0.0000,12.2196,34.092,0.3062
S5-E4,2,120,4.9520,0.1437,12.5750,34.302,0.3056
S5-E4,2,121,5.0786,0.2590,12.1769,33.738,0.3059
S5-E4,2,122,4.7745,0.1154,11.9550,33.989,0.3067
S5-E4,2,123,5.0930,0.0000,11.8562,33.914,0.3066
S5-E4,2,124,4.6860,0.2944,12.1575,33.682,0.3057
S5-E4,2,125,4.6034,0.0773,11.0352,34.225,0.3050
S5-E4,2,126,4.7738,0.4216,11.6938,34.080,0.3057
S5-E4,2,127,4.9064,0.0466,10.9209,33.866,0.3067
S5-E4,2,128,4.4731,0.0009,11.1955,34.017,0.3068
S5-E4,2,129,4.4981,0.0454,10.9411,34.040,0.3063
S5-E4,2,130,4.6066,0.0000,11.9614,33.993,0.3061
S5-E4,2,131,4.6741,0.1495,11.3508,33.808,0.3068
S5-E4,2,132,4.7394,0.1536,11.4883,33.964,0.3070
S5-E4,2,133,4.6084,0.0801,11.4798,34.034,0.3068
S5-E4,2,134,4.7759,0.0129,11.1193,33.925,0.3063
S5-E4,2,135,4.5385,0.2762,11.2361,33.730,0.3057
S5-E4,2,136,4.3491,0.4521,11.4485,34.098,0.3060
S5-E4,2,137,4.3619,0.1893,11.0823,34.019,0.3059
S5-E4,2,138,4.4583,0.0000,11.0989,33.830,0.3059
S5-E4,2,139,4.9006,0.3580,10.9820,34.035,0.3068
S5-E4,2,140,4.8508,0.0000,10.9133,33.835,0.3074
S5-E4,2,141,4.4282,0.2446,10.7235,34.126,0.3068
S5-E4,2,142,4.5175,0.0185,10.5831,34.045,0.3062
S5-E4,2,143,4.5170,0.1446,11.2049,34.053,0.3059
S5-E4,2,144,4.4647,0.2262,11.0807,34.056,0.3063
S5-E4,2,145,4.5699,0.0702,10.8803,34.201,0.3072
S5-E4,2,146,4.5340,0.3363,11.3453,33.853,0.3076
S5-E4,2,147,4.3018,0.0514,11.1559,33.790,0.3070
S5-E4,2,148,4.2707,0.1999,10.7098,34.004,0.3062
S5-E4,2,149,4.4789,0.0000,10.3663,34.055,0.3061
S5-E4,2,150,4.7002,0.3766,10.8585,34.263,0.3269
S5-E4,2,151,4.5689,0.3142,10.5246,34.816,0.4363
S5-E4,2,152,4.9747,0.0493,10.8019,34.496,0.5245
S5-E4,2,153,4.5195,0.0000,10.8963,34.202,0.5289
S5-E4,2,154,4.6899,0.0815,10.3765,34.022,0.4899
S5-E4,2,155,4.5017,0.0000,10.7963,34.248,0.4606
S5-E4,2,156,4.1561,0.5328,10.8226,34.189,0.4594
S5-E4,2,157,4.2485,0.0309,10.5765,34.070,0.4712
S5-E4,2,158,4.9482,0.1273,10.6400,34.097,0.4775
S5-E4,2,159,4.8896,0.0058,10.8067,34.053,0.4764
S5-E4,2,160,4.7135,0.0890,10.6090,34.160,0.4729
S5-E4,2,161,4.5745,0.2544,10.2720,33.957,0.4716
S5-E4,2,162,4.5895,0.1149,11.1399,34.049,0.4712
S5-E4,2,163,4.3849,0.0630,10.5209,34.157,0.4695
S5-E4,2,164,4.6172,0.2871,10.7607,33.982,0.4682
S5-E4,2,165,4.7333,0.2036,11.0123,33.846,0.4683
S5-E4,2,166,4.7503,0.0347,10.8079,34.007,0.4695
S5-E4,2,167,4.3166,0.3498,10.5628,33.551,0.4707
S5-E4,2,168,4.9996,0.3126,10.7495,34.064,0.4707
S5-E4,2,169,4.9045,0.1666,10.3892,34.051,0.4690
S5-E4,2,170,4.4276,0.0465,10.6719,34.016,0.4675
S5-E4,2,171,5.0126,0.1237,10.7606,33.845,0.4679
S5-E4,2,172,4.3400,0.2375,11.2168,34.103,0.4685
S5-E4,2,173,4.4430,0.2294,10.7414,34.031,0.4680
S5-E4,2,174,4.4019,0.0403,10.9770,33.871,0.4672
S5-E4,2,175,4.8042,0.1125,10.6803,34.251,0.4677
S5-E4,2,176,4.9128,0.2325,10.5196,34.088,0.4696
S5-E4,2,177,4.5604,0.0110,10.3184,33.989,0.4706
S5-E4,2,178,5.0294,0.2269,10.1776,33.897,0.4694
S5-E4,2,179,4.5526,0.1483,10.6104,33.978,0.4687
S5-E4,2,180,4.6763,0.0000,10.0150,33.894,0.4692
S5-E4,2,181,4.7553,0.3036,10.5677,34.242,0.4686
S5-E4,2,182,4.4990,0.2168,10.3215,34.095,0.4684
S5-E4,2,183,4.7886,0.0000,10.1616,33.943,0.4690
S5-E4,2,184,4.7300,0.0000,10.2924,34.105,0.4687
S5-E4,2,185,4.6733,0.1809,10.7220,34.157,0.4681
S5-E4,2,186,4.5119,0.0896,10.7315,33.970,0.4676
S5-E4,2,187,4.7051,0.2887,10.2308,34.036,0.4664
S5-E4,2,188,4.4275,0.1165,11.1057,34.212,0.4672
S5-E4,2,189,4.6560,0.1906,10.7918,33.942,0.4695
S5-E4,2,190,4.3694,0.2414,11.1370,33.875,0.4689
S5-E4,2,191,4.6694,0.0757,11.1935,34.169,0.4679
S5-E4,2,192,4.6815,0.2728,10.3504,33.874,0.4683
S5-E4,2,193,4.6517,0.2525,11.0473,33.928,0.4694
S5-E4,2,194,4.6079,0.3996,10.8385,34.022,0.4697
S5-E4,2,195,4.5837,0.2154,10.0262,33.768,0.4682
S5-E4,2,196,4.4562,0.4732,10.5503,33.922,0.4671
S5-E4,2,197,4.5039,0.2720,10.7575,33.917,0.4682
S5-E4,2,198,4.9244,0.0000,10.3926,33.978,0.4703
S5-E4,2,199,4.5931,0.2219,10.7826,34.217,0.4706
S5-E4,2,200,4.6478,0.0340,10.5034,33.923,0.4690
S5-E4,2,201,4.5936,0.1897,10.7830,33.992,0.4683
S5-E4,2,202,4.3579,0.0236,10.5700,33.843,0.4689
S5-E4,2,203,4.6041,0.0196,10.7994,33.883,0.4697
S5-E4,2,204,5.0490,0.3679,9.8267,34.019,0.4697
S5-E4,2,205,4.8374,0.2856,10.5050,34.024,0.4689
S5-E4,2,206,4.5909,0.2966,10.3127,33.941,0.4681
S5-E4,2,207,4.6645,0.0977,10.8540,34.009,0.4678
S5-E4,2,208,4.6213,0.4387,10.5174,33.939,0.4693
S5-E4,2,209,4.8797,0.0000,10.4911,34.233,0.4706
S5-E4,2,210,5.3617,0.0066,11.1297,33.900,0.4705
S5-E4,2,211,4.6741,0.2661,10.2176,33.880,0.4701
S5-E4,2,212,4.8294,0.3600,10.7298,34.146,0.4690
S5-E4,2,213,4.9123,0.0000,10.7608,34.137,0.4683
S5-E4,2,214,4.9206,0.0972,10.9777,33.899,0.4686
S5-E4,2,215,4.9890,0.1217,10.7523,34.015,0.4691
S5-E4,2,216,4.9394,0.0000,10.5607,34.030,0.4700
S5-E4,2,217,4.5742,0.2992,10.2577,34.184,0.4698
S5-E4,2,218,4.4747,0.0095,11.0964,34.091,0.4689
S5-E4,2,219,5.0205,0.0431,10.7928,33.931,0.4686
S5-E4,2,220,4.7595,0.2135,10.4920,33.809,0.4684
S5-E4,2,221,4.8791,0.3514,11.3080,34.270,0.4688
S5-E4,2,222,4.8700,0.0906,11.3856,33.842,0.4679
S5-E4,2,223,4.9434,0.1844,10.6166,34.086,0.4671
S5-E4,2,224,4.4471,0.2783,10.9599,34.017,0.4687
S5-E4,2,225,4.6610,0.0000,11.1404,34.291,0.4703
S5-E4,2,226,4.7243,0.1191,10.5403,34.062,0.4691
S5-E4,2,227,4.9909,0.1669,10.4051,34.007,0.4681
S5-E4,2,228,5.0013,0.5034,10.0602,33.841,0.4699
S5-E4,2,229,4.7063,0.1015,10.6804,34.096,0.4710
S5-E4,2,230,4.9840,0.0033,10.9059,34.044,0.4704
S5-E4,2,231,5.2083,0.0447,10.2752,33.715,0.4695
S5-E4,2,232,4.6941,0.5346,11.9312,35.423,0.5167
S5-E4,2,233,5.5766,0.9815,12.6005,36.170,0.8054
S5-E4,2,234,5.7283,0.5559,13.5164,36.128,0.9987
S5-E4,2,235,6.8527,0.4538,14.6104,36.429,1.0000
S5-E4,2,236,6.8303,0.4536,15.1428,36.368,1.0000
S5-E4,2,237,6.9989,0.5100,14.9310,36.426,1.0000
S5-E4,2,238,7.0530,0.4998,16.6032,36.724,1.0000
S5-E4,2,239,7.7052,0.6326,16.8346,36.561,1.0000
S5-E4,2,240,7.6270,0.6167,16.8885,36.649,1.0000
S5-E4,2,241,7.6986,0.4888,17.6415,36.860,1.0000
S5-E4,2,242,7.1635,0.6976,17.9651,37.043,1.0000
S5-E4,2,243,8.1438,0.6482,18.1737,37.106,1.0000
S5-E4,2,244,8.5209,0.5695,18.8929,37.454,1.0000
S5-E4,2,245,7.8456,0.5707,19.1440,37.236,1.0000
S5-E4,2,246,7.5569,0.6695,19.5625,37.532,1.0000
S5-E4,2,247,8.6817,0.7394,18.3992,37.605,1.0000
S5-E4,2,248,8.3634,0.9749,18.8233,38.202,1.0000
S5-E4,2,249,8.5930,0.7497,19.8594,38.003,1.0000
S5-E4,2,250,8.1984,0.6240,18.3230,38.221,1.0000
S5-E4,2,251,8.1177,1.2074,18.0122,38.410,1.0000
S5-E4,2,252,8.4510,1.2080,18.7432,38.263,1.0000
S5-E4,2,253,8.6236,1.1182,17.6552,38.473,1.0000
S5-E4,2,254,8.0926,1.2233,18.1845,38.719,1.0000
S5-E4,2,255,7.9762,1.6744,18.4224,38.321,1.0000
S5-E4,2,256,7.6549,1.5994,18.5037,39.030,1.0000
S5-E4,2,257,8.1070,1.4932,19.3681,38.514,1.0000
S5-E4,2,258,8.1546,2.0530,18.8444,38.537,1.0000
S5-E4,2,259,7.7184,1.9742,18.1254,38.257,1.0000
S5-E4,2,260,7.9133,2.1616,18.4885,38.636,1.0000
S5-E4,2,261,7.8251,2.2346,17.2815,38.760,1.0000
S5-E4,2,262,7.8956,2.0331,17.2736,38.340,1.0000
S5-E4,2,263,7.6662,2.2002,17.4260,38.562,1.0000
S5-E4,2,264,7.7706,2.2965,18.3348,38.952,1.0000
S5-E4,2,265,7.2095,2.3585,18.4843,38.550,1.0000
S5-E4,2,266,7.7319,2.5433,18.1003,38.593,1.0000
S5-E4,2,267,7.7912,2.4152,18.2881,38.503,1.0000
S5-E4,2,268,7.6049,2.2697,17.3225,38.275,1.0000
S5-E4,2,269,7.6183,2.3152,17.8822,38.467,1.0000
S5-E4,2,270,7.6555,2.4006,18.3357,38.547,1.0000
S5-E4,2,271,7.8152,2.3399,19.0681,38.460,1.0000
S5-E4,2,272,8.0162,2.2741,17.7290,38.532,1.0000
S5-E4,2,273,7.9988,2.3297,18.3262,38.546,1.0000
S5-E4,2,274,7.8640,2.2067,18.0693,38.527,1.0000
S5-E4,2,275,7.8194,2.3193,17.5470,39.072,1.0000
S5-E4,2,276,8.1705,2.3407,18.3944,38.775,1.0000
S5-E4,2,277,7.7837,2.4708,18.2960,38.764,1.0000
S5-E4,2,278,8.0246,2.3101,17.3617,38.685,1.0000
S5-E4,2,279,8.1343,2.4577,17.4025,38.495,1.0000
S5-E4,2,280,7.8803,2.3521,17.6430,38.599,1.0000
S5-E4,2,281,7.9365,2.5121,17.5364,38.672,1.0000
S5-E4,2,282,8.0611,2.5641,17.9772,38.485,1.0000
S5-E4,2,283,7.5538,2.5562,17.4347,38.469,1.0000
S5-E4,2,284,7.3848,2.3413,18.3544,38.415,1.0000
S5-E4,2,285,7.5301,2.4609,18.4375,38.233,1.0000
S5-E4,2,286,7.2960,2.1523,17.9401,38.270,1.0000
S5-E4,2,287,7.3206,2.4462,17.5481,38.158,1.0000
S5-E4,2,288,8.1138,2.3933,18.3265,38.687,1.0000
S5-E4,2,289,7.8386,2.3281,18.2590,38.578,1.0000
S5-E4,2,290,7.7555,2.5140,18.5168,38.585,1.0000
S5-E4,2,291,8.5313,2.7413,19.0543,38.688,1.0000
S5-E4,2,292,7.7652,2.4347,18.4826,38.667,1.0000
S5-E4,2,293,8.0997,2.2048,17.7257,38.701,1.0000
S5-E4,2,294,7.7849,2.2305,17.9895,39.036,1.0000
S5-E4,2,295,7.8500,2.3645,18.9060,38.609,1.0000
S5-E4,2,296,7.7140,2.5052,18.2143,38.495,1.0000
S5-E4,2,297,7.7905,1.6638,18.6736,38.664,1.0000
S5-E4,2,298,8.1194,1.6438,17.8457,38.721,1.0000
S5-E4,2,299,7.6449,1.3806,18.0785,38.251,1.0000
S5-E4,2,300,7.5861,1.1250,18.4844,38.529,1.0000
S5-E4,2,301,7.2932,0.8549,18.6283,38.364,1.0000
S5-E4,2,302,7.8062,0.6786,17.2192,38.043,1.0000
S5-E4,2,303,8.2295,0.4752,17.5050,37.586,1.0000
S5-E4,2,304,7.3122,0.4481,18.8111,37.458,1.0000
S5-E4,2,305,8.2830,0.5680,17.4182,37.049,1.0000
S5-E4,2,306,7.7003,0.5954,17.9934,36.799,1.0000
S5-E4,2,307,7.1959,0.3937,18.2274,36.172,1.0000
S5-E4,2,308,7.7056,0.3295,17.4415,35.393,1.0000
S5-E4,2,309,7.4125,0.2950,18.2160,34.645,0.9970
S5-E4,2,310,7.4426,0.1529,16.8229,34.359,0.9187
S5-E4,2,311,8.5008,0.2746,18.2730,34.410,0.8410
S5-E4,2,312,7.2991,0.0000,17.3546,34.590,0.8288
S5-E4,2,313,7.3805,0.3755,17.7686,34.608,0.8504
S5-E4,2,314,7.2766,0.2799,19.2114,34.448,0.8665
S5-E4,2,315,7.9054,0.2965,18.2311,33.958,0.8633
S5-E4,2,316,7.6854,0.3602,18.2062,34.070,0.8516
S5-E4,2,317,7.3602,0.1462,17.3458,34.382,0.8429
S5-E4,2,318,7.4958,0.2390,17.1811,34.253,0.8389
S5-E4,2,319,7.9287,0.2802,16.9888,34.297,0.8401
S5-E4,2,320,7.8156,0.3467,16.6200,34.127,0.8424
S5-E4,2,321,7.4700,0.2182,17.1706,33.762,0.8430
S5-E4,2,322,7.6222,0.2266,16.8461,34.058,0.8399
S5-E4,2,323,7.4742,0.2654,17.7907,34.018,0.8355
S5-E4,2,324,7.1591,0.0542,18.1692,33.962,0.8347
S5-E4,2,325,7.2738,0.2468,17.7968,34.851,0.8602
S5-E4,2,326,7.4931,0.3470,17.8746,34.904,0.9815
S5-E4,2,327,8.8121,0.5565,18.1178,35.450,1.0000
S5-E4,2,328,7.9953,0.2308,18.8600,35.956,1.0000
S5-E4,2,329,8.4563,0.5691,19.5038,36.426,1.0000
S5-E4,2,330,8.3323,0.5896,19.0313,37.056,1.0000
S5-E4,2,331,8.8597,1.0063,20.5913,37.360,1.0000
S5-E4,2,332,8.5591,0.7203,19.7240,37.752,1.0000
S5-E4,2,333,8.7251,0.9436,19.8531,38.251,1.0000
S5-E4,2,334,8.3180,1.0539,19.6018,38.293,1.0000
S5-E4,2,335,8.1074,1.1418,19.5887,38.556,1.0000
S5-E4,2,336,8.3138,1.5167,19.1288,38.545,1.0000
S5-E4,2,337,7.9412,2.1050,18.7820,38.663,1.0000
S5-E4,2,338,8.0998,2.3729,18.5688,38.827,1.0000
S5-E4,2,339,7.7664,2.5878,18.9893,38.737,1.0000
S5-E4,2,340,8.2398,2.8870,19.5069,38.403,1.0000
S5-E4,2,341,7.2365,3.0632,18.7196,38.547,1.0000
S5-E4,2,342,8.4739,3.0636,18.4179,38.437,1.0000
S5-E4,2,343,7.9731,3.3241,18.3449,38.204,1.0000
S5-E4,2,344,8.0249,3.2927,19.6295,38.535,1.0000
S5-E4,2,345,8.3481,3.0939,17.7872,38.367,1.0000
S5-E4,2,346,7.8390,3.2821,18.9686,38.754,1.0000
S5-E4,2,347,7.4421,3.5096,17.6625,38.359,1.0000
S5-E4,2,348,7.8699,3.4366,18.2172,38.316,1.0000
S5-E4,2,349,7.6159,3.7403,18.2047,38.128,1.0000
S5-E4,2,350,7.0658,3.9118,18.6532,38.207,1.0000
S5-E4,2,351,7.6521,3.2593,18.6184,38.193,1.0000
S5-E4,2,352,8.0365,3.5665,19.1340,38.121,1.0000
S5-E4,2,353,7.5870,3.8198,17.4877,38.156,1.0000
S5-E4,2,354,7.7930,3.5357,18.0207,38.239,1.0000
S5-E4,2,355,8.5378,3.5468,17.7060,38.281,1.0000
S5-E4,2,356,8.1960,3.4851,18.6035,38.679,1.0000
S5-E4,2,357,7.9398,3.5690,18.2835,38.758,1.0000
S5-E4,2,358,8.2510,3.3473,17.5103,38.269,1.0000
S5-E4,2,359,7.7292,3.6120,18.2871,38.567,1.0000
S5-E4,2,360,8.0486,3.5101,17.9978,38.438,1.0000
S5-E4,2,361,7.5559,4.0602,17.8190,38.301,1.0000
S5-E4,2,362,8.0964,3.7670,16.9357,38.493,1.0000
S5-E4,2,363,7.4313,3.8253,18.6701,38.368,1.0000
S5-E4,2,364,7.9951,3.8732,18.7119,38.392,1.0000
S5-E4,2,365,7.5031,3.9528,18.3244,38.242,1.0000
S5-E4,2,366,7.5599,4.1703,18.3218,38.396,1.0000
S5-E4,2,367,7.4833,4.0224,17.3787,38.277,1.0000
S5-E4,2,368,7.6860,3.6542,18.6068,38.469,1.0000
S5-E4,2,369,7.6406,3.7347,17.2294,38.014,1.0000
S5-E4,2,370,7.7302,3.9422,18.3051,38.257,1.0000
S5-E4,2,371,7.6823,3.7314,17.8188,38.469,1.0000
S5-E4,2,372,7.9013,3.6792,18.4909,38.116,1.0000
S5-E4,2,373,7.9037,3.5998,18.8575,38.349,1.0000
S5-E4,2,374,7.7741,3.6509,17.4011,38.370,1.0000
S5-E4,2,375,7.7291,3.7844,18.9871,38.158,1.0000
S5-E4,2,376,7.8943,3.7689,18.7332,38.398,1.0000
S5-E4,2,377,7.7821,4.0411,17.7051,38.412,1.0000
S5-E4,2,378,7.6669,3.5074,18.6678,38.325,1.0000
S5-E4,2,379,8.1028,3.6323,16.9798,38.495,1.0000
S5-E4,2,380,7.5375,3.9454,18.5897,38.265,1.0000
S5-E4,2,381,7.9537,3.6546,17.5863,38.418,1.0000
S5-E4,2,382,7.6479,3.6484,18.2684,38.170,1.0000
S5-E4,2,383,7.0992,3.8311,17.3779,38.254,1.0000
S5-E4,2,384,7.5794,3.6719,17.7373,38.159,1.0000
S5-E4,2,385,8.1045,3.5758,18.1175,38.362,1.0000
S5-E4,2,386,8.1598,3.5173,17.6638,38.504,1.0000
S5-E4,2,387,8.1175,3.5718,17.8820,38.504,1.0000
S5-E4,2,388,7.9415,3.7027,17.3764,38.544,1.0000
S5-E4,2,389,7.9471,3.7849,18.1647,38.521,1.0000
S5-E4,2,390,7.9944,3.7599,18.3298,38.511,1.0000
S5-E4,2,391,8.7000,3.5945,17.8878,38.128,1.0000
S5-E4,2,392,7.8725,3.9078,18.5348,38.364,1.0000
S5-E4,2,393,7.8602,3.7205,18.3656,38.529,1.0000
S5-E4,2,394,7.4646,3.7008,18.7822,38.198,1.0000
S5-E4,2,395,7.6963,3.6735,17.8344,38.287,1.0000
S5-E4,2,396,8.0292,3.7173,18.4465,38.400,1.0000
S5-E4,2,397,8.5279,4.1096,17.2918,38.271,1.0000
S5-E4,2,398,7.4443,3.9608,18.4039,38.327,1.0000
S5-E4,2,399,7.5048,3.8033,17.8423,38.616,1.0000
S5-E5,0,0,7.7894,0.3277,17.6582,33.989,0.6167
S5-E5,0,1,7.9858,0.0807,18.8055,34.130,0.6168
S5-E5,0,2,6.4180,0.1170,19.2115,34.162,0.6158
S5-E5,0,3,7.5789,0.2780,18.1155,33.928,0.6148
S5-E5,0,4,7.4488,0.4328,20.1433,34.030,0.6158
S5-E5,0,5,7.8780,0.0807,18.4123,34.190,0.6177
S5-E5,0,6,7.8497,0.1374,18.5932,34.063,0.6182
S5-E5,0,7,7.6483,0.1639,18.5352,33.841,0.6185
S5-E5,0,8,8.4412,0.4017,18.9166,34.063,0.6186
S5-E5,0,9,7.5291,0.0310,19.1863,34.203,0.6176
S5-E5,0,10,7.9161,0.0000,18.8503,33.895,0.6167
S5-E5,0,11,8.0986,0.0000,17.6909,34.240,0.6162
S5-E5,0,12,7.6606,0.0261,18.8802,34.238,0.6162
S5-E5,0,13,8.5564,0.0720,19.0986,34.144,0.6167
S5-E5,0,14,7.6670,0.2555,18.4995,34.076,0.6178
S5-E5,0,15,7.8032,0.2151,19.8054,33.835,0.6189
S5-E5,0,16,7.6570,0.3899,17.7648,33.776,0.6189
S5-E5,0,17,7.6796,0.3137,19.2717,34.126,0.6175
S5-E5,0,18,7.9109,0.1764,19.5976,34.055,0.6164
S5-E5,0,19,7.9212,0.2273,17.9923,34.084,0.6168
S5-E5,0,20,8.0589,0.3560,19.4287,33.765,0.6175
S5-E5,0,21,7.9571,0.3019,18.8891,34.040,0.6179
S5-E5,0,22,8.0089,0.0000,19.6084,33.769,0.6167
S5-E5,0,23,8.1839,0.0000,18.5629,34.238,0.6160
S5-E5,0,24,7.5227,0.0000,19.2692,33.913,0.6172
S5-E5,0,25,8.1009,0.2022,18.1586,33.818,0.6182
S5-E5,0,26,8.0926,0.3734,18.4204,33.850,0.6181
S5-E5,0,27,7.4952,0.2036,17.8321,34.251,0.6175
S5-E5,0,28,8.3215,0.2140,18.9025,33.960,0.6163
S5-E5,0,29,8.2561,0.0000,19.1593,34.086,0.6162
S5-E5,0,30,8.2575,0.0942,17.8734,34.031,0.6175
S5-E5,0,31,7.5157,0.1744,19.1589,33.970,0.6177
S5-E5,0,32,8.1622,0.0000,20.2989,34.136,0.6168
S5-E5,0,33,8.1405,0.1068,20.4022,34.190,0.6173
S5-E5,0,34,8.2469,0.0000,18.7533,34.085,0.6176
S5-E5,0,35,7.3147,0.0000,17.9801,33.913,0.6175
S5-E5,0,36,8.0279,0.0000,19.1733,33.842,0.6177
S5-E5,0,37,7.9802,0.0000,19.0052,33.814,0.6179
S5-E5,0,38,8.0902,0.2501,18.6312,34.002,0.6180
S5-E5,0,39,7.7825,0.2782,19.2466,33.946,0.6171
S5-E5,0,40,8.2622,0.1470,17.7551,33.982,0.6164
S5-E5,0,41,8.3542,0.2916,19.0710,33.801,0.6173
S5-E5,0,42,7.8453,0.1607,18.5259,33.823,0.6185
S5-E5,0,43,7.9389,0.2417,19.6867,33.909,0.6188
S5-E5,0,44,8.1254,0.2841,18.7856,33.973,0.6182
S5-E5,0,45,8.2272,0.3346,18.2623,34.012,0.6180
S5-E5,0,46,8.4853,0.1510,18.1475,34.022,0.6194
S5-E5,0,47,8.2854,0.0000,19.0068,33.854,0.6204
S5-E5,0,48,8.8171,0.3528,18.9153,33.934,0.6190
S5-E5,0,49,7.8912,0.0000,18.7775,34.075,0.6164
S5-E5,0,50,8.2800,0.0000,19.4123,34.115,0.6154
S5-E5,0,51,7.8372,0.1844,19.0908,34.175,0.6164
S5-E5,0,52,8.4665,0.0021,19.0129,34.016,0.6175
S5-E5,0,53,7.7060,0.0147,18.4807,33.863,0.6181
S5-E5,0,54,8.0899,0.2761,18.8627,33.771,0.6177
S5-E5,0,55,8.3156,0.0627,17.6325,34.135,0.6176
S5-E5,0,56,7.7852,0.2923,18.3606,34.249,0.6182
S5-E5,0,57,7.7845,0.0000,19.1971,34.109,0.6180
S5-E5,0,58,8.5805,0.0000,19.7402,33.821,0.6174
S5-E5,0,59,8.1333,0.1070,18.2571,33.770,0.6168
S5-E5,0,60,8.4500,0.0927,18.6557,33.976,0.6171
S5-E5,0,61,7.7787,0.0000,18.7805,34.033,0.6174
S5-E5,0,62,7.9152,0.2515,18.6836,34.016,0.6167
S5-E5,0,63,7.5285,0.1027,18.2184,33.912,0.6165
S5-E5,0,64,7.6718,0.2933,18.8610,34.250,0.6167
S5-E5,0,65,8.5762,0.0000,18.5684,34.020,0.6166
S5-E5,0,66,7.5238,0.2002,19.3322,33.977,0.6169
S5-E5,0,67,8.1019,0.1250,17.3362,34.277,0.6170
S5-E5,0,68,8.0913,0.0543,18.0967,34.011,0.6169
S5-E5,0,69,7.9876,0.0733,19.1269,34.287,0.6168
S5-E5,0,70,8.3823,0.1189,19.5051,34.218,0.6172
S5-E5,0,71,8.1044,0.2210,19.8523,33.796,0.6184
S5-E5,0,72,7.4551,0.2085,19.3777,34.118,0.6189
S5-E5,0,73,7.5152,0.2563,18.9412,34.036,0.6169
S5-E5,0,74,7.1604,0.0000,18.4595,34.001,0.6149
S5-E5,0,75,7.4383,0.0351,18.9657,33.948,0.6154
S5-E5,0,76,7.6517,0.0812,18.9977,34.174,0.6168
S5-E5,0,77,7.7658,0.2537,18.5260,33.887,0.6173
S5-E5,0,78,7.9773,0.1502,18.2135,33.871,0.6166
S5-E5,0,79,7.6196,0.0577,18.8590,33.849,0.6160
S5-E5,0,80,7.5553,0.1657,19.0490,33.916,0.6162
S5-E5,0,81,7.6722,0.0841,18.8040,33.979,0.6161
S5-E5,0,82,7.9499,0.0892,17.8482,33.879,0.6157
S5-E5,0,83,7.6767,0.0000,19.7484,34.156,0.6158
S5-E5,0,84,8.9223,0.1863,19.2863,34.041,0.6165
S5-E5,0,85,7.7238,0.2900,18.7197,34.066,0.6175
S5-E5,0,86,8.1771,0.0000,18.8307,33.834,0.6181
S5-E5,0,87,7.7689,0.1114,18.3564,34.062,0.6173
S5-E5,0,88,8.0558,0.0061,18.9884,33.946,0.6165
S5-E5,0,89,8.2118,0.1310,19.1553,33.956,0.6170
S5-E5,0,90,8.0920,0.0000,18.3645,34.017,0.6163
S5-E5,0,91,7.9566,0.2321,18.9025,33.915,0.6153
S5-E5,0,92,7.1697,0.1950,19.4744,34.227,0.6239
S5-E5,0,93,8.0948,0.0943,18.5661,32.948,0.6126
S5-E5,0,94,7.1115,0.0662,17.4071,32.366,0.3894
S5-E5,0,95,6.9658,0.0000,17.6097,33.119,0.1993
S5-E5,0,96,7.3538,0.4950,16.7756,33.902,0.1899
S5-E5,0,97,6.4020,0.0000,16.2256,33.891,0.2737
S5-E5,0,98,6.1512,0.0981,15.7388,33.999,0.3323
S5-E5,0,99,5.8968,0.0913,15.7941,33.498,0.3324
S5-E5,0,100,6.5524,0.2857,14.4665,34.101,0.3077
S5-E5,0,101,6.1092,0.0836,14.1185,34.122,0.2944
S5-E5,0,102,5.2185,0.1663,14.1604,33.838,0.2987
S5-E5,0,103,5.2056,0.2204,14.2177,34.174,0.3082
S5-E5,0,104,5.6333,0.2049,12.7824,33.972,0.3130
S5-E5,0,105,5.2824,0.2726,13.1556,33.650,0.3122
S5-E5,0,106,5.4655,0.0000,13.1937,34.110,0.3101
S5-E5,0,107,5.2390,0.1417,13.0699,33.826,0.3093
S5-E5,0,108,5.4620,0.0004,13.2299,34.060,0.3096
S5-E5,0,109,4.7546,0.1900,11.8857,33.978,0.3101
S5-E5,0,110,4.8448,0.0000,12.9591,34.088,0.3103
S5-E5,0,111,4.7618,0.2089,11.9408,34.059,0.3099
S5-E5,0,112,4.7916,0.0000,11.7710,34.016,0.3098
S5-E5,0,113,4.6533,0.1973,12.7634,33.980,0.3102
S5-E5,0,114,5.0584,0.3658,11.4998,34.064,0.3106
S5-E5,0,115,4.4615,0.3139,12.1055,34.016,0.3108
S5-E5,0,116,4.8326,0.0000,11.8397,33.818,0.3103
S5-E5,0,117,4.7439,0.2158,11.6613,33.845,0.3098
S5-E5,0,118,4.5785,0.1314,11.5531,33.946,0.3097
S5-E5,0,119,4.8325,0.2731,11.3937,33.824,0.3103
S5-E5,0,120,4.7510,0.0000,11.4595,33.893,0.3111
S5-E5,0,121,5.0881,0.0615,11.5331,33.924,0.3111
S5-E5,0,122,4.3295,0.1490,10.7971,33.983,0.3111
S5-E5,0,123,5.0310,0.1576,11.8229,34.291,0.3107
S5-E5,0,124,4.5390,0.0724,11.6404,33.842,0.3101
S5-E5,0,125,4.6409,0.2556,11.0173,34.001,0.3097
S5-E5,0,126,4.5997,0.0000,11.6632,33.999,0.3096
S5-E5,0,127,4.3662,0.1784,11.3554,33.840,0.3096
S5-E5,0,128,4.8927,0.0000,11.8208,33.783,0.3100
S5-E5,0,129,4.7182,0.1606,11.2607,34.010,0.3107
S5-E5,0,130,4.7663,0.2730,11.8575,34.910,0.3419
S5-E5,0,131,5.0503,0.2140,12.5954,35.101,0.5107
S5-E5,0,132,5.8140,0.0710,13.0975,34.825,0.6534
S5-E5,0,133,5.7083,0.0269,12.8700,34.173,0.6654
S5-E5,0,134,5.5560,0.0894,13.4330,34.184,0.6038
S5-E5,0,135,5.9999,0.1762,13.8939,34.193,0.5561
S5-E5,0,136,6.2263,0.0000,14.6248,34.290,0.5509
S5-E5,0,137,6.4330,0.1592,14.8632,33.995,0.5668
S5-E5,0,138,6.8114,0.3418,14.6514,34.005,0.5792
S5-E5,0,139,6.3823,0.2405,15.1224,34.225,0.5798
S5-E5,0,140,6.7053,0.1573,15.8882,33.924,0.5726
S5-E5,0,141,6.2401,0.1117,15.8614,33.933,0.5662
S5-E5,0,142,6.8916,0.1372,15.4048,34.031,0.5658
S5-E5,0,143,6.8190,0.1205,16.2386,34.099,0.5684
S5-E5,0,144,7.0321,0.0984,16.2600,33.802,0.5689
S5-E5,0,145,6.5879,0.1698,16.4697,33.874,0.5680
S5-E5,0,146,6.7959,0.0000,16.1071,34.164,0.5677
S5-E5,0,147,7.4207,0.3237,16.1284,33.803,0.5676
S5-E5,0,148,7.1833,0.1830,16.8202,34.200,0.5683
S5-E5,0,149,7.3505,0.0829,16.1948,33.729,0.5692
S5-E5,0,150,6.9813,0.3109,16.9708,33.499,0.5492
S5-E5,0,151,7.0543,0.2054,17.4316,33.317,0.4531
S5-E5,0,152,7.5348,0.0730,17.0319,33.654,0.3814
S5-E5,0,153,6.8475,0.0000,17.9281,34.027,0.3837
S5-E5,0,154,7.1066,0.2712,17.2887,34.013,0.4196
S5-E5,0,155,7.1338,0.1313,16.7087,33.873,0.4423
S5-E5,0,156,7.7495,0.2578,17.7189,33.948,0.4420
S5-E5,0,157,7.6111,0.0000,17.2661,33.836,0.4326
S5-E5,0,158,6.8249,0.0790,17.4296,33.935,0.4276
S5-E5,0,159,6.8513,0.2180,17.1666,33.951,0.4290
S5-E5,0,160,6.7364,0.0000,17.4989,34.331,0.4324
S5-E5,0,161,7.1151,0.1486,17.6817,34.182,0.4347
S5-E5,0,162,7.2832,0.0000,16.7009,33.947,0.4349
S5-E5,0,163,7.6736,0.0891,18.1092,34.200,0.4344
S5-E5,0,164,7.1422,0.1829,16.8751,34.056,0.4348
S5-E5,0,165,7.2580,0.0282,16.7543,34.257,0.4352
S5-E5,0,166,7.7810,0.1579,17.9195,33.966,0.4352
S5-E5,0,167,6.8378,0.5160,18.3230,34.021,0.4351
S5-E5,0,168,6.8911,0.3100,17.2048,33.834,0.4350
S5-E5,0,169,7.1246,0.0854,17.3693,34.046,0.4347
S5-E5,0,170,7.3302,0.0631,17.7120,33.963,0.4345
S5-E5,0,171,6.9431,0.0932,18.3414,34.369,0.4346
S5-E5,0,172,7.5789,0.2904,17.6545,34.032,0.4349
S5-E5,0,173,7.2946,0.2616,17.2153,33.828,0.4350
S5-E5,0,174,6.9243,0.0000,17.0925,34.226,0.4348
S5-E5,0,175,7.4047,0.0473,17.0829,33.910,0.4347
S5-E5,0,176,7.2711,0.0483,17.9071,34.205,0.4349
S5-E5,0,177,6.8527,0.1286,17.9241,33.883,0.4353
S5-E5,0,178,7.3483,0.1041,17.8670,34.164,0.4358
S5-E5,0,179,6.8970,0.0515,18.4344,34.214,0.4357
S5-E5,0,180,7.4928,0.2201,17.6694,34.236,0.4346
S5-E5,0,181,6.5767,0.0000,17.8828,34.221,0.4338
S5-E5,0,182,7.4881,0.0086,17.8843,34.313,0.4342
S5-E5,0,183,7.3095,0.3512,17.5236,33.811,0.4352
S5-E5,0,184,7.3128,0.2486,18.9675,34.036,0.4360
S5-E5,0,185,7.6445,0.0000,18.1802,34.097,0.4361
S5-E5,0,186,7.2688,0.1858,17.7042,33.721,0.4352
S5-E5,0,187,7.4172,0.0000,17.4437,33.987,0.4344
S5-E5,0,188,7.2509,0.1073,18.0525,33.940,0.4351
S5-E5,0,189,7.9097,0.0000,17.6343,33.836,0.4357
S5-E5,0,190,6.8090,0.1954,17.9887,33.928,0.4349
S5-E5,0,191,7.3374,0.4114,17.8129,33.720,0.4343
S5-E5,0,192,7.7410,0.1527,17.4260,33.934,0.4349
S5-E5,0,193,8.2786,0.0554,18.2401,34.089,0.4365
S5-E5,0,194,7.4222,0.0506,17.9633,34.017,0.4373
S5-E5,0,195,7.2271,0.3362,17.6437,34.228,0.4366
S5-E5,0,196,7.5735,0.1748,17.3682,34.085,0.4348
S5-E5,0,197,7.8754,0.1117,16.8610,34.133,0.4344
S5-E5,0,198,7.3094,0.0000,16.8156,34.073,0.4358
S5-E5,0,199,8.0981,0.0357,17.3512,34.033,0.4361
S5-E5,0,200,8.0069,0.0552,18.7444,34.140,0.4350
S5-E5,0,201,7.3845,0.0000,18.4248,34.159,0.4347
S5-E5,0,202,8.0292,0.2182,17.8589,34.146,0.4353
S5-E5,0,203,7.3621,0.0910,18.1871,34.083,0.4357
S5-E5,0,204,7.7679,0.1924,17.3009,33.992,0.4355
S5-E5,0,205,6.9863,0.1325,17.9080,33.985,0.4346
S5-E5,0,206,7.1670,0.0891,17.3509,33.819,0.4342
S5-E5,0,207,6.7068,0.0000,18.2768,34.234,0.4346
S5-E5,0,208,7.2877,0.1643,17.6841,34.082,0.4345
S5-E5,0,209,7.2010,0.0910,17.7033,34.042,0.4342
S5-E5,0,210,7.0771,0.3220,17.2713,34.003,0.4348
S5-E5,0,211,7.2491,0.3144,17.5586,33.786,0.4350
S5-E5,0,212,7.4542,0.0000,17.9360,33.794,0.4341
S5-E5,0,213,7.2492,0.1599,16.9620,34.100,0.4337
S5-E5,0,214,6.8738,0.1662,17.3128,34.268,0.4344
S5-E5,0,215,7.3171,0.1230,17.8417,34.055,0.4348
S5-E5,0,216,7.0929,0.0475,17.4247,34.109,0.4344
S5-E5,0,217,7.4839,0.0090,17.4544,33.910,0.4347
S5-E5,0,218,6.9864,0.0000,17.3338,34.086,0.4355
S5-E5,0,219,7.6166,0.0000,18.4479,33.978,0.4352
S5-E5,0,220,7.2853,0.2150,17.7551,34.158,0.4333
S5-E5,0,221,7.0800,0.0000,17.7560,33.751,0.4328
S5-E5,0,222,7.3343,0.1733,17.6084,33.896,0.4340
S5-E5,0,223,7.2836,0.1255,17.8999,34.406,0.4346
S5-E5,0,224,7.7681,0.0000,17.5231,34.117,0.4343
S5-E5,0,225,7.0431,0.4054,17.7890,33.891,0.4345
S5-E5,0,226,7.5005,0.0585,17.6259,33.950,0.4352
S5-E5,0,227,7.9844,0.1318,17.6243,33.845,0.4351
S5-E5,0,228,7.4004,0.3063,18.4156,33.985,0.4346
S5-E5,0,229,7.2292,0.0407,17.9707,33.936,0.4343
S5-E5,0,230,7.2513,0.0000,17.8350,33.833,0.4345
S5-E5,0,231,7.6243,0.1248,17.6958,33.982,0.4351
S5-E5,0,232,7.0964,0.0000,17.3746,33.807,0.4351
S5-E5,0,233,6.9955,0.0291,17.9158,33.838,0.4344
S5-E5,0,234,7.4398,0.2944,17.4670,34.077,0.4335
S5-E5,0,235,7.2493,0.1934,17.0140,33.959,0.4334
S5-E5,0,236,7.2813,0.1405,17.5113,34.199,0.4335
S5-E5,0,237,6.7780,0.1208,18.1204,33.899,0.4334
S5-E5,0,238,7.1442,0.0000,17.4340,34.055,0.4330
S5-E5,0,239,6.9824,0.0142,17.6429,33.922,0.4328
S5-E5,0,240,6.8600,0.0000,17.7002,33.926,0.4337
S5-E5,0,241,6.2100,0.0000,16.9055,33.994,0.4346
S5-E5,0,242,7.1065,0.2113,17.3727,34.079,0.4343
S5-E5,0,243,7.2889,0.1621,17.0379,34.062,0.4338
S5-E5,0,244,6.7908,0.0030,17.4270,33.999,0.4338
S5-E5,0,245,6.5165,0.1213,17.5687,34.152,0.4334
S5-E5,0,246,6.4239,0.0479,18.1414,34.127,0.4330
S5-E5,0,247,6.5645,0.0269,17.6376,34.001,0.4325
S5-E5,0,248,6.3968,0.0000,17.9503,33.859,0.4324
S5-E5,0,249,7.1740,0.2721,18.5020,34.094,0.4331
S5-E5,0,250,7.2256,0.1738,18.1220,34.204,0.4339
S5-E5,0,251,6.7232,0.0715,17.3092,34.043,0.4350
S5-E5,0,252,6.9016,0.1470,18.4466,34.205,0.4356
S5-E5,0,253,7.3347,0.1192,17.8637,33.990,0.4353
S5-E5,0,254,6.5168,0.2762,17.1138,34.198,0.4347
S5-E5,0,255,6.9618,0.1372,18.2783,34.127,0.4338
S5-E5,0,256,7.5726,0.1745,17.1896,34.082,0.4335
S5-E5,0,257,7.0711,0.4099,17.3645,33.952,0.4337
S5-E5,0,258,6.5535,0.4911,18.2885,33.972,0.4340
S5-E5,0,259,6.8095,0.0000,17.6934,33.771,0.4340
S5-E5,0,260,6.9601,0.1313,17.1745,33.960,0.4335
S5-E5,0,261,7.2015,0.0000,17.5024,33.855,0.4333
S5-E5,0,262,7.1331,0.2022,18.9326,33.986,0.4338
S5-E5,0,263,7.0202,0.0000,17.1640,34.121,0.4345
S5-E5,0,264,6.7950,0.0270,18.1728,34.052,0.4346
S5-E5,0,265,7.1513,0.0754,16.9494,34.162,0.4339
S5-E5,0,266,6.7098,0.2065,18.5407,33.905,0.4330
S5-E5,0,267,7.0429,0.0710,17.1387,34.099,0.4334
S5-E5,0,268,6.8243,0.0613,17.7468,33.882,0.4341
S5-E5,0,269,6.7951,0.0000,17.8589,33.875,0.4339
S5-E5,0,270,6.7213,0.0000,17.2635,33.980,0.4333
S5-E5,0,271,7.1984,0.4043,18.0004,33.893,0.4328
S5-E5,0,272,6.9135,0.2043,17.2310,34.139,0.4336
S5-E5,0,273,6.8688,0.2300,17.2851,33.992,0.4346
S5-E5,0,274,6.7998,0.1925,19.1563,34.003,0.4341
S5-E5,0,275,6.6758,0.0000,17.5737,33.874,0.4337
S5-E5,0,276,6.8775,0.2306,17.8489,33.915,0.4334
S5-E5,0,277,7.2801,0.0000,18.1223,33.885,0.4336
S5-E5,0,278,7.0351,0.1489,17.5607,34.182,0.4350
S5-E5,0,279,7.0389,0.0945,17.6566,34.040,0.4355
S5-E5,0,280,7.0358,0.0000,17.3331,34.054,0.4345
S5-E5,0,281,7.3925,0.0000,17.3297,33.893,0.4339
S5-E5,0,282,6.9793,0.0000,18.2396,33.902,0.4338
S5-E5,0,283,7.0948,0.0000,18.1654,34.092,0.4335
S5-E5,0,284,6.9475,0.0020,18.2284,33.756,0.4334
S5-E5,0,285,7.2758,0.1123,17.0189,34.154,0.4341
S5-E5,0,286,7.4801,0.0000,18.3793,33.953,0.4350
S5-E5,0,287,6.7891,0.1492,18.3159,34.053,0.4348
S5-E5,0,288,6.7580,0.1391,17.6304,34.057,0.4341
S5-E5,0,289,7.0226,0.2479,16.8813,33.978,0.4337
S5-E5,0,290,6.6507,0.0144,18.0638,34.217,0.4336
S5-E5,0,291,7.1329,0.3333,17.8250,34.072,0.4342
S5-E5,0,292,7.0992,0.0650,17.4215,34.087,0.4345
S5-E5,0,293,7.0749,0.1100,16.8951,33.696,0.4338
S5-E5,0,294,7.4296,0.1947,17.6568,34.280,0.4333
S5-E5,0,295,7.1553,0.3951,17.3719,33.890,0.4334
S5-E5,0,296,6.6457,0.3081,18.5190,34.156,0.4337
S5-E5,0,297,6.9073,0.2281,17.3291,34.283,0.4332
S5-E5,0,298,6.9011,0.1441,17.1167,33.878,0.4331
S5-E5,0,299,6.4977,0.1153,16.8773,33.948,0.4339
S5-E5,0,300,6.7930,0.0385,18.4982,34.262,0.4342
S5-E5,0,301,6.9300,0.0446,17.7873,33.919,0.4339
S5-E5,0,302,7.1018,0.2116,16.7616,34.091,0.4333
S5-E5,0,303,7.2509,0.0326,18.1887,33.699,0.4337
S5-E5,0,304,7.6424,0.2882,18.2610,34.190,0.4348
S5-E5,0,305,6.9313,0.4462,17.3868,33.966,0.4354
S5-E5,0,306,7.6136,0.0000,16.1115,34.049,0.4359
S5-E5,0,307,7.6167,0.0643,17.5876,34.055,0.4357
S5-E5,0,308,7.6053,0.1232,18.4682,34.097,0.4348
S5-E5,0,309,7.4587,0.1944,17.9818,33.993,0.4342
S5-E5,0,310,7.3182,0.0870,17.4051,34.288,0.4346
S5-E5,0,311,7.4685,0.1375,17.6002,34.145,0.4355
S5-E5,0,312,7.1013,0.2313,17.9997,33.877,0.4360
S5-E5,0,313,7.2946,0.2502,17.5994,33.968,0.4356
S5-E5,0,314,7.7375,0.0183,18.0459,34.209,0.4342
S5-E5,0,315,7.4657,0.0488,18.1435,34.178,0.4333
S5-E5,0,316,7.5741,0.0000,17.5239,34.300,0.4340
S5-E5,0,317,6.9803,0.0109,17.9283,34.129,0.4347
S5-E5,0,318,7.4484,0.1285,18.2602,33.941,0.4344
S5-E5,0,319,7.1752,0.0108,18.0801,34.038,0.4346
S5-E5,0,320,7.2290,0.2616,17.1880,33.932,0.4356
S5-E5,0,321,7.3297,0.3330,19.2180,34.002,0.4362
S5-E5,0,322,7.1358,0.0000,17.4947,34.144,0.4355
S5-E5,0,323,7.4149,0.3327,17.8543,34.101,0.4345
S5-E5,0,324,6.9546,0.1466,17.2942,34.149,0.4341
S5-E5,0,325,7.3336,0.3026,19.1731,33.902,0.4346
S5-E5,0,326,7.2932,0.0511,16.6415,34.423,0.4349
S5-E5,0,327,7.3902,0.1719,17.4627,34.066,0.4354
S5-E5,0,328,7.3432,0.0430,17.8301,33.995,0.4360
S5-E5,0,329,7.4566,0.0000,16.6011,33.892,0.4359
S5-E5,0,330,7.9461,0.0241,17.9301,34.016,0.4355
S5-E5,0,331,7.4482,0.3624,18.4362,33.868,0.4353
S5-E5,0,332,7.7874,0.3843,18.2824,34.170,0.4352
S5-E5,0,333,7.6703,0.0411,17.6053,33.936,0.4348
S5-E5,0,334,6.9769,0.3231,16.9656,33.865,0.4345
S5-E5,0,335,7.3504,0.4290,17.1086,33.916,0.4344
S5-E5,0,336,6.8779,0.0000,18.3492,33.841,0.4345
S5-E5,0,337,7.2697,0.0911,19.5589,33.791,0.4341
S5-E5,0,338,7.6442,0.0441,17.3211,34.263,0.4339
S5-E5,0,339,7.0649,0.0104,17.5248,33.940,0.4347
S5-E5,0,340,7.3704,0.1629,18.1902,33.804,0.4353
S5-E5,0,341,7.4314,0.1589,18.6097,33.808,0.4354
S5-E5,0,342,7.3568,0.1489,17.9936,34.267,0.4443
S5-E5,0,343,7.4443,0.2814,18.1259,34.476,0.4871
S5-E5,0,344,6.7750,0.0077,17.9454,34.040,0.5194
S5-E5,0,345,7.2491,0.1928,18.8001,34.282,0.5186
S5-E5,0,346,7.5958,0.1246,19.0978,34.035,0.5021
S5-E5,0,347,7.8302,0.2625,18.9102,33.894,0.4920
S5-E5,0,348,7.7544,0.2106,18.1815,33.832,0.4927
S5-E5,0,349,7.4488,0.2048,18.1792,34.108,0.4970
S5-E5,0,350,7.3710,0.0039,19.3203,33.743,0.4986
S5-E5,0,351,7.7577,0.2350,17.7928,34.041,0.4975
S5-E5,0,352,7.4749,0.3492,18.8333,34.180,0.4959
S5-E5,0,353,7.5401,0.0634,19.3315,34.192,0.4954
S5-E5,0,354,7.3695,0.2229,19.1922,34.038,0.4957
S5-E5,0,355,7.4907,0.1869,18.8324,34.163,0.4963
S5-E5,0,356,7.5285,0.0744,19.7808,33.970,0.4963
S5-E5,0,357,7.5406,0.1851,18.6583,34.200,0.4955
S5-E5,0,358,7.2356,0.2730,19.5382,34.045,0.4953
S5-E5,0,359,7.5129,0.0000,18.2037,34.237,0.4960
S5-E5,0,360,7.8682,0.0278,19.2491,34.310,0.4967
S5-E5,0,361,8.1372,0.2334,19.1745,33.879,0.4964
S5-E5,0,362,7.9541,0.0000,19.6071,33.944,0.4959
S5-E5,0,363,7.8688,0.1940,19.4035,34.242,0.4960
S5-E5,0,364,7.9353,0.0000,18.9339,33.946,0.4959
S5-E5,0,365,7.6136,0.1658,18.4938,34.215,0.4954
S5-E5,0,366,7.6462,0.1610,20.9747,34.063,0.4950
S5-E5,0,367,7.4579,0.3340,19.1840,33.962,0.4947
S5-E5,0,368,7.9127,0.1335,19.3677,33.762,0.4945
S5-E5,0,369,7.2631,0.1591,18.9275,34.079,0.4944
S5-E5,0,370,7.6047,0.0000,19.4521,33.692,0.4948
S5-E5,0,371,7.7827,0.1949,20.0856,33.946,0.4950
S5-E5,0,372,8.2280,0.0000,19.4681,33.918,0.4955
S5-E5,0,373,7.5510,0.1678,19.9383,34.111,0.4958
S5-E5,0,374,7.7864,0.0472,19.5121,33.987,0.4954
S5-E5,0,375,7.6512,0.0000,20.4115,33.795,0.4954
S5-E5,0,376,7.7601,0.0000,19.6313,34.019,0.4955
S5-E5,0,377,8.0247,0.0692,19.1822,33.856,0.4955
S5-E5,0,378,7.4602,0.0000,19.4500,34.021,0.4955
S5-E5,0,379,7.4678,0.2125,19.5732,34.043,0.4955
S5-E5,0,380,8.0605,0.0000,19.3865,33.732,0.4957
S5-E5,0,381,7.3542,0.4661,20.2794,34.146,0.4962
S5-E5,0,382,7.7901,0.3629,20.6617,34.024,0.4965
S5-E5,0,383,8.2630,0.0968,20.6127,34.147,0.4958
S5-E5,0,384,8.1236,0.1663,19.2815,34.086,0.4949
S5-E5,0,385,7.5728,0.2944,20.5258,34.003,0.4947
S5-E5,0,386,8.8431,0.0000,18.9401,34.011,0.4950
S5-E5,0,387,7.7636,0.1694,20.0519,34.082,0.4960
S5-E5,0,388,7.4653,0.0062,20.2425,33.856,0.4967
S5-E5,0,389,8.0095,0.0208,20.2737,33.964,0.4961
S5-E5,0,390,8.4240,0.3027,20.0004,34.258,0.4956
S5-E5,0,391,7.9713,0.0000,19.9686,34.082,0.4954
S5-E5,0,392,7.6049,0.2118,19.4647,33.964,0.4946
S5-E5,0,393,8.2199,0.1874,19.5338,33.754,0.4950
S5-E5,0,394,7.8292,0.3234,20.1320,33.833,0.4932
S5-E5,0,395,8.0558,0.1542,18.2946,33.898,0.4754
S5-E5,0,396,8.0536,0.0000,19.7486,33.962,0.4606
S5-E5,0,397,7.5248,0.0936,18.5007,33.900,0.4596
S5-E5,0,398,8.0083,0.1931,20.1988,34.106,0.4663
S5-E5,0,399,8.0689,0.0156,19.1258,33.898,0.4716
S5-E5,1,0,6.8863,0.0000,18.5378,33.971,0.5568
S5-E5,1,1,7.1052,0.4155,17.6866,34.107,0.5570
S5-E5,1,2,7.6128,0.0000,17.0275,33.856,0.5575
S5-E5,1,3,7.2560,0.2638,17.1089,33.602,0.5572
S5-E5,1,4,7.0958,0.1638,16.3862,34.115,0.5571
S5-E5,1,5,7.0050,0.1386,17.6210,33.991,0.5575
S5-E5,1,6,7.4131,0.1377,17.5726,33.771,0.5576
S5-E5,1,7,7.5284,0.3412,16.5081,33.996,0.5574
S5-E5,1,8,7.4636,0.1687,18.0788,34.170,0.5579
S5-E5,1,9,6.7380,0.1089,17.5516,33.837,0.5587
S5-E5,1,10,7.7262,0.0222,17.3904,33.961,0.5581
S5-E5,1,11,8.1165,0.0000,17.4511,34.265,0.5572
S5-E5,1,12,7.1386,0.3143,17.5068,33.741,0.5566
S5-E5,1,13,7.6189,0.2022,17.0298,33.988,0.5566
S5-E5,1,14,7.1668,0.1972,17.4200,34.034,0.5572
S5-E5,1,15,6.6511,0.1437,17.0531,34.217,0.5576
S5-E5,1,16,7.3445,0.0347,16.0224,33.910,0.5571
S5-E5,1,17,7.6081,0.0238,16.8856,33.990,0.5565
S5-E5,1,18,6.9764,0.0000,16.5672,33.892,0.5565
S5-E5,1,19,7.1013,0.0000,17.6875,34.283,0.5559
S5-E5,1,20,7.2912,0.0292,16.9105,33.871,0.5557
S5-E5,1,21,7.0339,0.0069,17.2354,33.880,0.5563
S5-E5,1,22,6.4824,0.0000,17.0445,34.083,0.5559
S5-E5,1,23,7.7586,0.2845,16.9737,34.015,0.5552
S5-E5,1,24,6.8239,0.0107,17.1551,33.719,0.5557
S5-E5,1,25,7.3414,0.0268,17.2658,34.335,0.5568
S5-E5,1,26,7.0402,0.2599,17.5728,33.873,0.5575
S5-E5,1,27,7.2999,0.0000,16.5148,34.193,0.5574
S5-E5,1,28,7.1598,0.3634,17.5276,34.217,0.5567
S5-E5,1,29,6.8493,0.0000,16.6305,33.920,0.5549
S5-E5,1,30,6.3834,0.3669,16.9712,33.911,0.5542
S5-E5,1,31,7.7362,0.2276,16.8841,33.920,0.5541
S5-E5,1,32,7.2886,0.1675,17.6517,34.079,0.5543
S5-E5,1,33,6.6929,0.3463,17.5666,34.120,0.5552
S5-E5,1,34,6.7244,0.0794,17.4022,34.102,0.5566
S5-E5,1,35,6.6236,0.0156,16.8974,33.977,0.5575
S5-E5,1,36,6.8125,0.2390,17.3044,34.129,0.5566
S5-E5,1,37,6.4811,0.0495,16.7474,33.985,0.5549
S5-E5,1,38,7.1012,0.0000,16.3686,33.885,0.5543
S5-E5,1,39,6.7824,0.2363,17.5359,34.268,0.5557
S5-E5,1,40,7.3919,0.2432,16.5434,33.916,0.5565
S5-E5,1,41,7.4162,0.0000,17.7132,34.078,0.5565
S5-E5,1,42,6.5947,0.0000,17.3326,33.965,0.5565
S5-E5,1,43,6.9056,0.2359,16.6562,34.058,0.5560
S5-E5,1,44,7.1613,0.2887,17.5821,34.094,0.5558
S5-E5,1,45,7.1355,0.0456,16.7703,34.162,0.5557
S5-E5,1,46,6.9676,0.4929,18.0964,34.121,0.5553
S5-E5,1,47,6.8828,0.0000,16.7938,34.133,0.5553
S5-E5,1,48,7.2829,0.2106,17.1124,34.056,0.5566
S5-E5,1,49,6.6699,0.1455,17.5351,33.985,0.5577
S5-E5,1,50,6.7718,0.1600,17.6347,33.969,0.5579
S5-E5,1,51,7.1084,0.1318,16.6547,33.930,0.5579
S5-E5,1,52,7.0945,0.2166,16.5257,33.916,0.5577
S5-E5,1,53,7.1884,0.0441,17.8417,34.086,0.5573
S5-E5,1,54,6.7640,0.2493,16.9161,34.037,0.5574
S5-E5,1,55,7.2911,0.1785,16.5380,33.951,0.5574
S5-E5,1,56,7.1998,0.1143,16.7550,34.096,0.5573
S5-E5,1,57,7.2644,0.3413,17.6481,34.018,0.5574
S5-E5,1,58,7.3142,0.1335,17.6107,33.806,0.5567
S5-E5,1,59,7.0789,0.1175,17.5336,33.976,0.5557
S5-E5,1,60,7.3789,0.1417,16.8674,34.251,0.5560
S5-E5,1,61,7.1104,0.1253,16.9262,33.980,0.5567
S5-E5,1,62,7.4946,0.1186,18.4597,33.833,0.5565
S5-E5,1,63,6.9610,0.0000,17.1011,34.002,0.5569
S5-E5,1,64,7.2953,0.0000,17.1333,33.920,0.5581
S5-E5,1,65,7.0827,0.2684,17.3112,34.192,0.5586
S5-E5,1,66,7.2285,0.1639,16.7990,33.927,0.5577
S5-E5,1,67,6.7046,0.0927,16.9078,34.156,0.5568
S5-E5,1,68,7.3718,0.3727,18.0906,34.335,0.5572
S5-E5,1,69,7.1740,0.0000,17.7674,34.136,0.5577
S5-E5,1,70,7.2429,0.0598,17.3368,33.981,0.5578
S5-E5,1,71,7.5436,0.0000,17.3002,33.720,0.5578
S5-E5,1,72,7.9395,0.0000,16.8590,34.190,0.5572
S5-E5,1,73,7.2967,0.4079,18.1362,34.293,0.5566
S5-E5,1,74,7.1827,0.1916,17.9709,33.964,0.5560
S5-E5,1,75,7.2500,0.1157,17.7180,34.026,0.5566
S5-E5,1,76,7.3863,0.1827,17.2844,33.957,0.5571
S5-E5,1,77,7.6271,0.0000,16.8174,33.752,0.5570
S5-E5,1,78,7.5768,0.2622,16.7985,34.260,0.5573
S5-E5,1,79,7.7498,0.0000,17.8736,33.842,0.5577
S5-E5,1,80,7.3213,0.2164,16.5027,33.899,0.5571
S5-E5,1,81,7.0431,0.0000,16.9823,33.890,0.5561
S5-E5,1,82,7.5828,0.0319,17.6592,34.146,0.5566
S5-E5,1,83,7.9548,0.2799,17.7139,34.130,0.5578
S5-E5,1,84,7.4595,0.3999,17.4564,34.038,0.5583
S5-E5,1,85,7.0240,0.3166,18.2250,34.276,0.5720
S5-E5,1,86,7.4262,0.0000,16.9969,34.055,0.6433
S5-E5,1,87,7.3092,0.0513,18.0458,34.470,0.6997
S5-E5,1,88,7.3635,0.1713,18.3490,33.913,0.7007
S5-E5,1,89,7.4151,0.3139,18.0749,33.952,0.6739
S5-E5,1,90,7.8412,0.0536,18.0151,33.914,0.6562
S5-E5,1,91,7.4679,0.1492,18.6650,34.263,0.6560
S5-E5,1,92,8.4698,0.1560,18.2413,34.117,0.6626
S5-E5,1,93,8.5044,0.1606,18.6261,34.085,0.6664
S5-E5,1,94,7.6145,0.1668,19.9531,34.129,0.6653
S5-E5,1,95,8.4646,0.1847,19.3507,33.979,0.6626
S5-E5,1,96,7.8575,0.1967,18.9518,33.880,0.6623
S5-E5,1,97,8.3117,0.0684,18.6959,33.766,0.6638
S5-E5,1,98,8.2546,0.3212,18.5924,33.928,0.6623
S5-E5,1,99,8.3766,0.2062,19.3099,33.901,0.6489
S5-E5,1,100,8.5861,0.2883,20.3569,34.133,0.6378
S5-E5,1,101,8.1470,0.0000,18.4941,34.147,0.6385
S5-E5,1,102,8.6150,0.0000,19.2960,33.989,0.6444
S5-E5,1,103,8.3706,0.1830,19.6384,33.770,0.6468
S5-E5,1,104,7.6011,0.3027,19.3721,34.045,0.6448
S5-E5,1,105,8.1662,0.0000,20.4176,33.928,0.6436
S5-E5,1,106,8.4423,0.1218,19.3075,34.058,0.6441
S5-E5,1,107,8.0875,0.1325,18.6655,33.944,0.6444
S5-E5,1,108,8.7070,0.0000,18.8885,33.848,0.6446
S5-E5,1,109,8.1518,0.3625,19.2490,33.967,0.6447
S5-E5,1,110,8.7658,0.1228,18.9841,33.958,0.6452
S5-E5,1,111,8.4106,0.2055,20.0821,33.906,0.6461
S5-E5,1,112,8.4778,0.2634,19.2475,33.994,0.6466
S5-E5,1,113,7.9325,0.2376,19.3739,34.095,0.6465
S5-E5,1,114,8.5242,0.0966,18.8080,34.109,0.6458
S5-E5,1,115,8.7391,0.3764,18.5888,34.052,0.6453
S5-E5,1,116,8.4693,0.2345,19.3100,33.799,0.6454
S5-E5,1,117,7.9733,0.1252,19.8800,33.808,0.6447
S5-E5,1,118,7.8384,0.2487,19.4218,33.977,0.6433
S5-E5,1,119,8.1281,0.1111,19.9953,34.041,0.6426
S5-E5,1,120,7.8420,0.2842,19.2062,34.157,0.6436
S5-E5,1,121,8.7077,0.1812,19.9774,34.097,0.6453
S5-E5,1,122,8.5702,0.0000,19.5211,33.751,0.6460
S5-E5,1,123,8.0142,0.1497,19.5579,33.859,0.6456
S5-E5,1,124,7.7773,0.0484,20.6296,34.016,0.6456
S5-E5,1,125,8.2493,0.2784,20.3164,34.041,0.6451
S5-E5,1,126,8.9343,0.1651,19.6400,33.970,0.6445
S5-E5,1,127,8.3414,0.1281,19.5506,33.941,0.6447
S5-E5,1,128,8.8544,0.2607,19.2164,33.677,0.6455
S5-E5,1,129,7.7173,0.0000,18.9680,33.827,0.6464
S5-E5,1,130,8.5525,0.0000,19.0343,34.039,0.6461
S5-E5,1,131,8.2305,0.3008,19.4381,33.847,0.6448
S5-E5,1,132,8.1122,0.3772,20.1826,33.791,0.6440
S5-E5,1,133,8.2913,0.1804,19.8586,33.947,0.6440
S5-E5,1,134,8.1233,0.1522,19.7217,33.976,0.6449
S5-E5,1,135,7.6877,0.0295,19.6410,34.048,0.6456
S5-E5,1,136,8.1977,0.3213,19.0555,34.004,0.6456
S5-E5,1,137,8.3988,0.1530,19.8384,34.128,0.6448
S5-E5,1,138,8.2666,0.0000,18.8335,34.171,0.6445
S5-E5,1,139,8.7053,0.0098,19.5136,34.180,0.6449
S5-E5,1,140,8.1880,0.1859,19.3017,34.212,0.6452
S5-E5,1,141,7.7968,0.0000,18.4306,33.988,0.6451
S5-E5,1,142,8.1928,0.0000,19.4917,33.983,0.6443
S5-E5,1,143,8.3265,0.0332,19.0230,33.882,0.6456
S5-E5,1,144,8.1315,0.2737,19.9193,34.117,0.6472
S5-E5,1,145,8.1103,0.0393,19.3567,34.342,0.6462
S5-E5,1,146,8.1078,0.0175,20.5462,33.980,0.6444
S5-E5,1,147,8.5006,0.2835,18.8990,34.089,0.6391
S5-E5,1,148,8.0219,0.3826,19.5313,33.877,0.6183
S5-E5,1,149,7.8740,0.1239,19.7568,34.124,0.6025
S5-E5,1,150,7.9277,0.2023,19.3339,33.317,0.5816
S5-E5,1,151,7.9021,0.1850,19.2680,33.300,0.4878
S5-E5,1,152,8.5279,0.0484,19.0363,33.556,0.4168
S5-E5,1,153,7.9054,0.1238,18.8323,33.951,0.4195
S5-E5,1,154,7.8415,0.2436,18.9629,33.683,0.4566
S5-E5,1,155,8.5995,0.1954,19.2885,33.771,0.4807
S5-E5,1,156,8.0747,0.0927,20.1671,33.698,0.4801
S5-E5,1,157,7.9419,0.3507,19.8689,33.934,0.4697
S5-E5,1,158,7.5946,0.2091,19.2836,34.241,0.4645
S5-E5,1,159,7.5758,0.1420,19.5924,34.118,0.4669
S5-E5,1,160,8.0975,0.0537,19.0685,34.037,0.4716
S5-E5,1,161,8.0326,0.0000,18.1860,34.004,0.4738
S5-E5,1,162,7.9961,0.0000,18.9442,34.104,0.4734
S5-E5,1,163,8.5539,0.0000,18.8439,34.024,0.4718
S5-E5,1,164,7.9676,0.2067,19.6680,33.765,0.4709
S5-E5,1,165,7.8672,0.0000,18.7877,34.026,0.4714
S5-E5,1,166,7.6917,0.1729,19.3317,33.881,0.4724
S5-E5,1,167,7.0431,0.0000,19.6021,34.079,0.4724
S5-E5,1,168,7.6456,0.0000,19.2855,34.169,0.4715
S5-E5,1,169,7.2982,0.1569,18.7331,34.166,0.4713
S5-E5,1,170,8.0739,0.1454,20.1135,33.896,0.4722
S5-E5,1,171,7.3250,0.0529,19.5400,34.130,0.4730
S5-E5,1,172,7.3841,0.0000,18.6792,33.971,0.4731
S5-E5,1,173,7.8095,0.0000,19.4037,33.898,0.4729
S5-E5,1,174,7.8732,0.1354,18.7534,33.796,0.4728
S5-E5,1,175,7.5689,0.3684,18.8850,33.924,0.4729
S5-E5,1,176,6.9659,0.0000,19.9913,33.774,0.4735
S5-E5,1,177,7.1292,0.0973,19.2335,33.952,0.4736
S5-E5,1,178,7.5487,0.0936,18.9403,34.313,0.4724
S5-E5,1,179,7.8332,0.1048,19.3758,33.958,0.4717
S5-E5,1,180,7.9451,0.2830,19.2451,33.930,0.4721
S5-E5,1,181,7.8533,0.0000,18.0417,33.983,0.4724
S5-E5,1,182,7.8615,0.0000,18.3993,34.099,0.4722
S5-E5,1,183,7.5209,0.0000,19.6163,33.937,0.4719
S5-E5,1,184,7.3659,0.3071,19.4660,34.159,0.4724
S5-E5,1,185,7.4407,0.1416,17.8726,33.866,0.4728
S5-E5,1,186,7.6025,0.1750,18.8515,33.884,0.4723
S5-E5,1,187,7.4157,0.2312,19.0431,34.045,0.4717
S5-E5,1,188,7.5127,0.0000,19.0496,33.764,0.4719
S5-E5,1,189,7.7274,0.0000,18.8854,34.153,0.4728
S5-E5,1,190,7.2346,0.1337,18.6925,34.178,0.4734
S5-E5,1,191,7.9336,0.2442,19.7666,34.154,0.4730
S5-E5,1,192,7.7375,0.0930,19.8399,33.931,0.4729
S5-E5,1,193,7.6836,0.0643,19.2983,33.827,0.4729
S5-E5,1,194,7.4582,0.1957,18.7536,33.803,0.4727
S5-E5,1,195,7.5923,0.0000,18.3659,33.915,0.4730
S5-E5,1,196,7.9393,0.1049,18.4970,34.384,0.4722
S5-E5,1,197,7.3577,0.1063,19.2756,33.744,0.4717
S5-E5,1,198,8.0560,0.0409,20.4747,34.037,0.4726
S5-E5,1,199,6.9526,0.2689,18.6907,33.845,0.4733
S5-E5,1,200,7.2318,0.1169,19.4446,34.055,0.4728
S5-E5,1,201,7.7516,0.0743,19.0543,33.768,0.4718
S5-E5,1,202,7.3464,0.0607,20.0450,33.888,0.4716
S5-E5,1,203,7.8127,0.0956,18.4961,33.928,0.4724
S5-E5,1,204,7.6490,0.0902,18.8740,34.074,0.4737
S5-E5,1,205,7.9814,0.0066,18.8621,34.155,0.4738
S5-E5,1,206,8.6094,0.1560,19.2317,34.016,0.4734
S5-E5,1,207,7.4682,0.3039,19.8367,33.850,0.4736
S5-E5,1,208,7.7864,0.0733,20.2537,34.033,0.4733
S5-E5,1,209,7.4668,0.0672,20.1086,33.766,0.4726
S5-E5,1,210,7.5969,0.0625,19.4107,34.310,0.4722
S5-E5,1,211,8.0440,0.0000,18.2246,33.957,0.4724
S5-E5,1,212,8.0754,0.0000,19.3735,34.025,0.4730
S5-E5,1,213,7.4551,0.3109,18.8819,34.074,0.4737
S5-E5,1,214,8.4476,0.1840,19.4471,34.107,0.4737
S5-E5,1,215,7.8809,0.0000,19.2005,33.675,0.4726
S5-E5,1,216,8.0128,0.0368,19.1066,34.175,0.4718
S5-E5,1,217,7.0491,0.0000,18.2382,33.956,0.4719
S5-E5,1,218,7.1078,0.0000,18.0906,33.779,0.4718
S5-E5,1,219,8.3577,0.0000,18.8836,34.192,0.4726
S5-E5,1,220,7.8074,0.3637,19.1395,33.926,0.4737
S5-E5,1,221,7.1393,0.1434,18.9551,33.970,0.4733
S5-E5,1,222,7.5506,0.0000,19.0302,33.817,0.4726
S5-E5,1,223,7.7956,0.0201,18.5850,33.748,0.4729
S5-E5,1,224,7.5813,0.1644,18.2460,33.877,0.4732
S5-E5,1,225,7.7718,0.0959,19.1421,33.795,0.4727
S5-E5,1,226,7.7406,0.1212,18.2083,34.032,0.4723
S5-E5,1,227,7.9250,0.0473,19.4821,33.968,0.4726
S5-E5,1,228,7.2824,0.1645,19.0067,34.082,0.4727
S5-E5,1,229,8.1416,0.1284,18.2519,34.100,0.4730
S5-E5,1,230,7.3980,0.0000,19.5684,34.096,0.4740
S5-E5,1,231,7.5365,0.2364,20.1832,33.990,0.4746
S5-E5,1,232,7.5326,0.0939,18.6789,34.258,0.4736
S5-E5,1,233,8.0371,0.0723,18.8349,33.913,0.4724
S5-E5,1,234,8.0325,0.0000,18.8745,34.129,0.4720
S5-E5,1,235,7.3625,0.1795,19.0107,33.994,0.4728
S5-E5,1,236,7.6450,0.1673,19.4530,34.082,0.4732
S5-E5,1,237,7.0157,0.0806,19.3238,34.233,0.4728
S5-E5,1,238,7.7903,0.0000,18.9400,34.003,0.4727
S5-E5,1,239,7.6001,0.3674,19.6759,33.958,0.4723
S5-E5,1,240,7.3796,0.2209,17.9043,34.094,0.4719
S5-E5,1,241,7.0874,0.0827,19.6479,34.064,0.4719
S5-E5,1,242,7.4033,0.0669,19.4027,33.750,0.4725
S5-E5,1,243,7.9432,0.0048,18.9002,33.966,0.4726
S5-E5,1,244,7.5065,0.1666,18.6992,33.810,0.4720
S5-E5,1,245,7.1276,0.1774,18.6782,33.871,0.4720
S5-E5,1,246,7.6440,0.0000,18.5733,33.849,0.4725
S5-E5,1,247,8.3737,0.0000,18.9952,34.016,0.4731
S5-E5,1,248,7.4260,0.1212,19.1875,33.668,0.4733
S5-E5,1,249,8.0040,0.1843,20.1244,33.944,0.4728
S5-E5,1,250,7.8279,0.0000,19.3880,34.068,0.4728
S5-E5,1,251,7.4147,0.2063,19.1844,34.010,0.4732
S5-E5,1,252,8.2226,0.0000,19.1537,33.983,0.4731
S5-E5,1,253,8.0745,0.1358,18.3230,34.074,0.4729
S5-E5,1,254,7.5462,0.0998,18.3951,33.926,0.4730
S5-E5,1,255,7.9795,0.2019,19.0501,33.942,0.4732
S5-E5,1,256,7.5378,0.0314,19.0123,33.792,0.4730
S5-E5,1,257,7.8290,0.0712,18.6980,34.045,0.4729
S5-E5,1,258,7.6135,0.0000,19.1733,33.868,0.4730
S5-E5,1,259,8.1019,0.0420,19.3926,34.012,0.4732
S5-E5,1,260,7.4611,0.0000,18.8234,33.982,0.4724
S5-E5,1,261,7.6411,0.0000,19.0634,34.073,0.4667
S5-E5,1,262,7.2345,0.1489,17.8078,33.867,0.4614
S5-E5,1,263,7.5273,0.2126,18.7556,34.129,0.4615
S5-E5,1,264,8.1172,0.1033,18.2734,33.776,0.4643
S5-E5,1,265,7.3356,0.1015,18.5639,33.853,0.4655
S5-E5,1,266,7.3608,0.0000,18.6453,34.201,0.4648
S5-E5,1,267,7.9467,0.0984,18.7442,33.978,0.4637
S5-E5,1,268,7.8219,0.0678,17.8857,34.130,0.4636
S5-E5,1,269,7.3691,0.0000,19.4393,34.151,0.4639
S5-E5,1,270,7.6943,0.2557,18.3815,34.164,0.4641
S5-E5,1,271,6.8733,0.0101,19.9207,34.061,0.4649
S5-E5,1,272,7.1945,0.0000,18.9898,33.952,0.4654
S5-E5,1,273,7.4979,0.2489,18.9040,34.056,0.4648
S5-E5,1,274,6.9163,0.0316,18.7735,33.802,0.4640
S5-E5,1,275,7.0197,0.0000,18.3498,34.048,0.4634
S5-E5,1,276,7.1411,0.3852,18.9964,34.441,0.4641
S5-E5,1,277,7.4768,0.0529,18.2453,34.287,0.4654
S5-E5,1,278,8.1421,0.2368,19.3508,34.120,0.4657
S5-E5,1,279,7.7330,0.1018,18.9946,34.050,0.4654
S5-E5,1,280,8.2210,0.2415,18.4455,33.993,0.4657
S5-E5,1,281,7.0791,0.1427,19.2207,34.183,0.4663
S5-E5,1,282,7.6014,0.0733,20.0390,33.843,0.4656
S5-E5,1,283,7.5213,0.3246,17.5643,34.088,0.4642
S5-E5,1,284,7.3993,0.3288,18.2204,33.773,0.4642
S5-E5,1,285,6.9138,0.1116,18.3982,34.064,0.4653
S5-E5,1,286,7.2739,0.4332,19.0061,33.806,0.4656
S5-E5,1,287,7.6240,0.0470,18.1801,33.845,0.4651
S5-E5,1,288,7.3950,0.3232,19.3579,33.941,0.4649
S5-E5,1,289,7.7028,0.0593,19.2083,34.110,0.4652
S5-E5,1,290,7.6175,0.4493,19.0936,33.979,0.4655
S5-E5,1,291,8.0513,0.0000,19.2351,34.006,0.4648
S5-E5,1,292,7.4106,0.1241,18.6810,33.922,0.4643
S5-E5,1,293,7.7904,0.1705,19.4543,33.612,0.4640
S5-E5,1,294,7.3310,0.1203,18.6445,34.114,0.4636
S5-E5,1,295,7.5746,0.1668,18.4461,33.863,0.4638
S5-E5,1,296,7.4417,0.0591,18.2276,34.085,0.4643
S5-E5,1,297,7.1053,0.0000,18.5107,34.002,0.4651
S5-E5,1,298,7.2854,0.0000,18.5596,33.937,0.4654
S5-E5,1,299,7.6266,0.0000,18.5095,34.012,0.4656
S5-E5,1,300,7.7754,0.1242,19.1671,33.934,0.4657
S5-E5,1,301,7.7789,0.0000,18.5209,33.840,0.4651
S5-E5,1,302,7.4771,0.1436,19.1058,34.000,0.4644
S5-E5,1,303,7.5024,0.0000,18.7007,34.279,0.4639
S5-E5,1,304,7.5172,0.0182,18.4344,34.080,0.4642
S5-E5,1,305,7.1587,0.0356,19.3974,33.922,0.4647
S5-E5,1,306,7.3439,0.0505,18.2109,33.954,0.4644
S5-E5,1,307,7.2461,0.0164,18.6538,34.078,0.4642
S5-E5,1,308,7.2716,0.0416,18.6984,34.007,0.4641
S5-E5,1,309,7.4772,0.0099,18.0047,33.891,0.4643
S5-E5,1,310,7.5237,0.0000,17.6087,33.986,0.4647
S5-E5,1,311,7.8699,0.0484,17.9044,33.926,0.4649
S5-E5,1,312,7.0085,0.0000,18.3326,34.172,0.4652
S5-E5,1,313,7.2996,0.0540,18.8806,34.310,0.4657
S5-E5,1,314,7.7812,0.2390,18.2657,33.904,0.4658
S5-E5,1,315,7.9044,0.2959,18.9635,33.876,0.4657
S5-E5,1,316,7.4667,0.1431,18.4582,34.105,0.4656
S5-E5,1,317,7.2625,0.2017,20.3595,33.874,0.4656
S5-E5,1,318,7.4295,0.5211,17.6231,33.996,0.4651
S5-E5,1,319,7.5111,0.0358,18.4831,34.038,0.4648
S5-E5,1,320,7.3420,0.0800,18.7375,33.873,0.4652
S5-E5,1,321,7.8343,0.2399,18.5323,34.148,0.4653
S5-E5,1,322,7.9710,0.0000,18.5427,34.143,0.4650
S5-E5,1,323,7.1497,0.2331,19.0019,34.235,0.4650
S5-E5,1,324,7.8654,0.1780,18.6802,33.996,0.4652
S5-E5,1,325,7.7552,0.2028,19.6895,33.855,0.4653
S5-E5,1,326,7.9570,0.1202,17.6554,34.012,0.4647
S5-E5,1,327,7.1758,0.4685,19.3157,34.081,0.4639
S5-E5,1,328,7.3941,0.2580,18.5021,34.236,0.4642
S5-E5,1,329,7.6984,0.1863,19.3176,33.875,0.4648
S5-E5,1,330,7.6593,0.0969,17.8810,34.015,0.4646
S5-E5,1,331,7.4139,0.1343,18.8585,33.966,0.4644
S5-E5,1,332,7.6932,0.0000,19.8822,33.756,0.4647
S5-E5,1,333,7.5574,0.2022,19.0329,34.079,0.4652
S5-E5,1,334,7.5281,0.0869,19.3110,34.080,0.4768
S5-E5,1,335,6.7895,0.2988,19.5933,34.335,0.5311
S5-E5,1,336,8.1153,0.0672,19.4883,34.185,0.5722
S5-E5,1,337,7.4717,0.0000,19.1821,33.843,0.5722
S5-E5,1,338,7.8114,0.1253,20.9695,34.376,0.5523
S5-E5,1,339,8.0401,0.0006,19.9490,34.042,0.5385
S5-E5,1,340,8.7123,0.1147,20.5465,33.766,0.5380
S5-E5,1,341,7.7772,0.0000,21.4114,34.139,0.5437
S5-E5,1,342,7.5133,0.1761,20.9911,34.221,0.5479
S5-E5,1,343,8.8835,0.1911,20.4960,33.969,0.5473
S5-E5,1,344,8.9675,0.0870,19.9918,33.905,0.5447
S5-E5,1,345,8.0831,0.1999,20.6779,34.014,0.5440
S5-E5,1,346,8.9057,0.3560,19.8742,34.193,0.5441
S5-E5,1,347,7.7417,0.0000,19.5737,34.022,0.5443
S5-E5,1,348,8.2996,0.1812,20.6002,33.922,0.5448
S5-E5,1,349,8.2423,0.0298,20.6764,33.877,0.5447
S5-E5,1,350,8.5033,0.0000,20.3355,34.193,0.5446
S5-E5,1,351,8.5921,0.0558,19.7403,34.097,0.5444
S5-E5,1,352,8.7278,0.2456,21.4747,33.853,0.5440
S5-E5,1,353,8.4894,0.2394,20.1811,34.161,0.5436
S5-E5,1,354,8.1888,0.0301,20.7194,33.710,0.5434
S5-E5,1,355,8.3198,0.1901,20.9523,33.843,0.5438
S5-E5,1,356,8.1715,0.2493,20.8020,34.355,0.5449
S5-E5,1,357,8.4635,0.1627,20.6091,34.170,0.5444
S5-E5,1,358,8.2719,0.0646,21.0306,34.030,0.5440
S5-E5,1,359,8.7725,0.0654,21.0773,34.013,0.5448
S5-E5,1,360,9.0364,0.1612,22.1189,34.070,0.5450
S5-E5,1,361,8.8087,0.0000,21.7021,33.930,0.5438
S5-E5,1,362,8.0381,0.1360,20.2576,34.167,0.5428
S5-E5,1,363,8.7798,0.1160,20.5729,34.089,0.5429
S5-E5,1,364,8.6244,0.0000,20.4260,33.967,0.5438
S5-E5,1,365,8.3831,0.1748,19.6585,33.942,0.5446
S5-E5,1,366,8.1644,0.0632,22.0036,34.303,0.5443
S5-E5,1,367,8.3315,0.1661,21.1273,34.060,0.5429
S5-E5,1,368,8.7990,0.1009,20.5985,34.148,0.5432
S5-E5,1,369,9.0331,0.0000,20.8205,34.054,0.5441
S5-E5,1,370,8.2023,0.0000,20.9624,33.780,0.5394
S5-E5,1,371,8.2263,0.0768,21.2078,33.865,0.5183
S5-E5,1,372,8.4036,0.0159,20.9391,33.832,0.5023
S5-E5,1,373,8.2272,0.2044,20.5400,33.882,0.5024
S5-E5,1,374,8.8027,0.2524,21.3709,34.127,0.5107
S5-E5,1,375,7.9249,0.0677,20.8448,33.974,0.5161
S5-E5,1,376,8.5934,0.0000,21.2726,34.032,0.5159
S5-E5,1,377,7.5865,0.0350,20.6920,34.198,0.5134
S5-E5,1,378,7.8271,0.0348,20.6913,33.806,0.5114
S5-E5,1,379,8.8510,0.0000,20.8450,33.841,0.5119
S5-E5,1,380,8.3608,0.0000,21.4204,33.904,0.5139
S5-E5,1,381,7.8619,0.1467,21.9971,34.072,0.5150
S5-E5,1,382,8.2636,0.1502,19.9872,34.294,0.5147
S5-E5,1,383,7.8323,0.0600,21.0555,34.160,0.5139
S5-E5,1,384,7.8347,0.3801,20.4083,34.202,0.5135
S5-E5,1,385,7.6199,0.1671,20.9172,34.044,0.5129
S5-E5,1,386,7.8341,0.0538,19.9219,33.724,0.5127
S5-E5,1,387,8.3808,0.0440,19.7648,33.907,0.5134
S5-E5,1,388,8.5171,0.2047,20.7298,33.837,0.5141
S5-E5,1,389,8.2347,0.1088,20.0854,34.044,0.5138
S5-E5,1,390,8.0426,0.4691,19.6228,34.195,0.5132
S5-E5,1,391,8.5136,0.0000,19.7962,33.964,0.5137
S5-E5,1,392,8.0993,0.0000,19.4826,34.008,0.5138
S5-E5,1,393,8.7773,0.0780,19.8724,33.887,0.5134
S5-E5,1,394,7.6386,0.4063,21.0475,34.113,0.5132
S5-E5,1,395,8.1425,0.1036,20.7509,33.881,0.5127
S5-E5,1,396,7.9822,0.0821,21.2296,33.961,0.5123
S5-E5,1,397,8.2986,0.0223,20.2460,34.060,0.5129
S5-E5,1,398,7.9242,0.1908,21.1631,33.931,0.5141
S5-E5,1,399,7.9935,0.1655,20.6354,34.126,0.5142
S5-E6,0,0,6.3354,0.1236,15.4242,34.103,0.6472
S5-E6,0,1,6.2968,0.3058,15.8108,34.133,0.5964
S5-E6,0,2,6.8219,0.1033,14.8909,34.244,0.5927
S5-E6,0,3,6.4753,0.0175,16.5735,34.217,0.6115
S5-E6,0,4,6.6811,0.1984,15.7902,34.018,0.6239
S5-E6,0,5,6.4986,0.2583,15.7329,34.050,0.6216
S5-E6,0,6,6.7822,0.1853,15.7800,34.119,0.6130
S5-E6,0,7,6.9097,0.2155,16.3143,33.973,0.6084
S5-E6,0,8,6.9020,0.2062,16.9856,34.191,0.6087
S5-E6,0,9,6.9887,0.5946,16.6140,34.105,0.6097
S5-E6,0,10,6.5105,0.0546,17.0543,34.216,0.6109
S5-E6,0,11,7.3383,0.1494,17.5444,33.881,0.6108
S5-E6,0,12,7.1316,0.3086,16.9419,33.899,0.6093
S5-E6,0,13,7.1653,0.1834,17.2892,33.948,0.6096
S5-E6,0,14,7.6455,0.1993,16.8567,33.651,0.6109
S5-E6,0,15,7.4800,0.2041,17.5593,34.182,0.6114
S5-E6,0,16,7.2021,0.3504,17.8112,34.111,0.6106
S5-E6,0,17,7.1209,0.0000,17.5721,33.939,0.6104
S5-E6,0,18,7.5743,0.1018,17.4239,34.066,0.6108
S5-E6,0,19,7.5719,0.0910,17.0053,33.978,0.6113
S5-E6,0,20,7.3328,0.1741,17.7244,34.179,0.6117
S5-E6,0,21,7.8474,0.0000,18.7587,33.976,0.6118
S5-E6,0,22,8.0302,0.0000,18.3499,33.936,0.6118
S5-E6,0,23,7.7354,0.0000,17.8346,33.820,0.6105
S5-E6,0,24,7.3798,0.4093,18.9257,33.741,0.6092
S5-E6,0,25,7.5974,0.2114,19.0483,34.153,0.6093
S5-E6,0,26,7.4241,0.2409,18.4139,33.988,0.6099
S5-E6,0,27,8.0041,0.2965,17.8672,34.024,0.6105
S5-E6,0,28,7.9715,0.1710,18.0954,33.868,0.6111
S5-E6,0,29,7.2031,0.1254,18.1170,34.188,0.6116
S5-E6,0,30,7.4165,0.0496,18.1127,34.012,0.6112
S5-E6,0,31,7.6626,0.3375,18.2290,34.075,0.6101
S5-E6,0,32,7.7350,0.1376,19.0301,34.041,0.6102
S5-E6,0,33,7.3846,0.0837,18.2693,34.102,0.6106
S5-E6,0,34,7.1276,0.1882,17.9731,33.782,0.6086
S5-E6,0,35,7.8348,0.1203,18.0513,34.288,0.6069
S5-E6,0,36,7.3232,0.2189,17.8877,34.016,0.6082
S5-E6,0,37,7.4410,0.0273,17.8397,34.367,0.6105
S5-E6,0,38,7.7128,0.1720,17.6251,33.921,0.6108
S5-E6,0,39,7.9350,0.3149,19.0861,33.985,0.6102
S5-E6,0,40,7.1220,0.0881,18.6116,34.087,0.6090
S5-E6,0,41,7.5736,0.1033,18.1268,33.826,0.6079
S5-E6,0,42,7.3342,0.3401,18.1741,34.081,0.6086
S5-E6,0,43,7.5652,0.1083,17.9909,33.954,0.6097
S5-E6,0,44,7.3433,0.1559,18.7201,34.074,0.6103
S5-E6,0,45,7.5335,0.0000,18.1057,33.948,0.6107
S5-E6,0,46,6.8997,0.0821,18.0864,33.822,0.6107
S5-E6,0,47,7.3531,0.0365,17.7156,33.543,0.6024
S5-E6,0,48,7.3202,0.2410,18.3122,33.970,0.5617
S5-E6,0,49,7.1493,0.0612,18.6783,34.006,0.5300
S5-E6,0,50,7.4435,0.1257,17.3918,34.114,0.5303
S5-E6,0,51,7.1698,0.2685,19.2868,34.154,0.5466
S5-E6,0,52,7.2446,0.0267,18.6341,33.989,0.5567
S5-E6,0,53,7.1934,0.4257,17.1335,33.724,0.5565
S5-E6,0,54,7.0131,0.0000,18.3398,34.016,0.5519
S5-E6,0,55,6.9758,0.1726,17.7775,33.840,0.5487
S5-E6,0,56,7.1911,0.1805,17.9231,33.992,0.5494
S5-E6,0,57,6.9774,0.0422,17.4565,34.011,0.5521
S5-E6,0,58,6.9330,0.5417,17.6282,33.886,0.5536
S5-E6,0,59,7.3043,0.4452,17.7805,34.287,0.5534
S5-E6,0,60,7.2269,0.2886,17.5466,34.073,0.5527
S5-E6,0,61,7.2976,0.0000,17.5109,33.913,0.5521
S5-E6,0,62,7.5965,0.0640,18.1741,33.929,0.5528
S5-E6,0,63,6.7564,0.2644,17.0985,34.010,0.5537
S5-E6,0,64,7.2680,0.0901,16.0678,33.974,0.5535
S5-E6,0,65,7.5787,0.2806,16.8532,33.851,0.5535
S5-E6,0,66,7.2559,0.1354,17.6479,33.874,0.5541
S5-E6,0,67,7.6961,0.4591,17.0339,33.829,0.5542
S5-E6,0,68,6.9327,0.0671,16.8617,33.988,0.5543
S5-E6,0,69,7.2339,0.1775,17.4851,34.040,0.5543
S5-E6,0,70,7.2768,0.2811,15.9701,34.227,0.5537
S5-E6,0,71,7.1728,0.1663,17.9275,34.070,0.5540
S5-E6,0,72,7.5413,0.1952,16.7978,33.991,0.5545
S5-E6,0,73,7.4466,0.0642,17.7681,33.851,0.5548
S5-E6,0,74,7.5249,0.1431,16.9094,33.715,0.5545
S5-E6,0,75,7.5887,0.0591,17.4739,34.062,0.5539
S5-E6,0,76,7.5353,0.1733,17.1283,34.081,0.5540
S5-E6,0,77,7.3179,0.3472,16.6879,34.222,0.5563
S5-E6,0,78,7.0453,0.1102,17.0663,34.002,0.5655
S5-E6,0,79,7.4899,0.1146,17.3865,34.139,0.5724
S5-E6,0,80,7.5279,0.0766,17.4557,33.872,0.5720
S5-E6,0,81,7.3159,0.1189,16.6774,33.930,0.5688
S5-E6,0,82,7.0489,0.0000,17.6304,34.088,0.5670
S5-E6,0,83,7.9323,0.0927,17.5020,33.953,0.5666
S5-E6,0,84,7.1597,0.2009,18.4275,33.896,0.5665
S5-E6,0,85,6.9233,0.1794,17.4045,33.936,0.5659
S5-E6,0,86,7.5518,0.3354,16.9168,33.791,0.5660
S5-E6,0,87,7.4387,0.0417,18.1271,34.103,0.5669
S5-E6,0,88,7.1092,0.0000,18.4604,34.160,0.5706
S5-E6,0,89,7.3756,0.0000,17.9562,33.900,0.5828
S5-E6,0,90,7.3512,0.0416,17.8103,34.005,0.5913
S5-E6,0,91,7.6557,0.2372,16.8164,33.943,0.5912
S5-E6,0,92,6.9897,0.0000,16.9967,34.012,0.5871
S5-E6,0,93,7.2988,0.0223,18.3179,33.974,0.5839
S5-E6,0,94,7.0176,0.2846,17.2033,34.026,0.5828
S5-E6,0,95,7.3357,0.1622,18.2742,34.037,0.5836
S5-E6,0,96,7.1260,0.2190,18.2384,34.081,0.5842
S5-E6,0,97,7.2621,0.0000,18.0263,34.052,0.5839
S5-E6,0,98,7.6594,0.1031,17.9425,33.689,0.5843
S5-E6,0,99,7.7461,0.0267,18.0893,33.853,0.5852
S5-E6,0,100,6.8235,0.0000,17.7691,36.893,0.0000
S5-E6,0,101,7.4947,0.5360,17.3920,38.521,0.2870
S5-E6,0,102,7.8428,0.3873,16.8741,38.194,0.7371
S5-E6,0,103,7.7306,0.1108,17.6523,37.636,0.8912
S5-E6,0,104,7.5672,0.3739,17.8488,36.742,0.8014
S5-E6,0,105,6.9266,0.2115,17.7124,36.624,0.6429
S5-E6,0,106,7.2289,0.0703,17.6669,37.225,0.5589
S5-E6,0,107,7.3773,0.0459,18.0949,37.077,0.5741
S5-E6,0,108,7.5573,0.3742,16.8789,37.247,0.6263
S5-E6,0,109,7.6011,0.4029,17.1507,37.326,0.6589
S5-E6,0,110,7.6842,0.3250,17.6848,37.029,0.6606
S5-E6,0,111,8.1887,0.0722,18.2419,36.776,0.6456
S5-E6,0,112,8.1347,0.0513,17.4184,36.922,0.6342
S5-E6,0,113,7.8006,0.3455,18.4962,37.166,0.6341
S5-E6,0,114,8.0347,0.2111,18.3318,36.951,0.6388
S5-E6,0,115,7.5490,0.2241,17.2781,37.090,0.6428
S5-E6,0,116,7.5004,0.4078,17.7464,37.074,0.6426
S5-E6,0,117,8.1001,0.0000,17.9374,36.829,0.6398
S5-E6,0,118,7.7465,0.4561,18.1179,37.059,0.6371
S5-E6,0,119,7.2687,0.0396,18.0232,36.886,0.6360
S5-E6,0,120,7.2843,0.2732,17.1937,37.060,0.6369
S5-E6,0,121,8.2415,0.2848,18.0976,37.175,0.6389
S5-E6,0,122,8.0796,0.0127,17.2816,37.071,0.6409
S5-E6,0,123,7.7250,0.3154,18.3658,37.217,0.6397
S5-E6,0,124,7.5785,0.1709,17.9328,36.863,0.6362
S5-E6,0,125,7.1716,0.1648,18.1238,36.981,0.6344
S5-E6,0,126,7.9469,0.3797,17.6058,37.150,0.6357
S5-E6,0,127,8.1494,0.0555,18.2202,36.904,0.6371
S5-E6,0,128,7.6389,0.1754,17.9359,36.998,0.6383
S5-E6,0,129,7.4062,0.1535,18.1371,37.041,0.6452
S5-E6,0,130,7.6572,0.0000,18.7083,36.961,0.6523
S5-E6,0,131,7.3563,0.2305,18.0915,37.100,0.6523
S5-E6,0,132,7.8611,0.1140,18.0584,36.906,0.6478
S5-E6,0,133,7.3758,0.2761,17.5058,36.882,0.6422
S5-E6,0,134,7.5411,0.2292,17.9169,37.110,0.6383
S5-E6,0,135,7.5765,0.2916,18.8642,37.451,0.6465
S5-E6,0,136,7.8414,0.1554,18.3768,37.406,0.6969
S5-E6,0,137,7.6392,0.3747,19.1993,37.129,0.7469
S5-E6,0,138,7.2967,0.3239,18.5949,37.173,0.7608
S5-E6,0,139,7.4257,0.4237,19.1360,37.089,0.7491
S5-E6,0,140,7.4205,0.3040,19.5788,37.151,0.7309
S5-E6,0,141,8.0753,0.1799,19.4254,37.033,0.7207
S5-E6,0,142,7.6276,0.4515,18.9352,36.896,0.7233
S5-E6,0,143,8.0520,0.5401,19.2007,37.144,0.7312
S5-E6,0,144,8.2808,0.4727,19.5886,36.786,0.7347
S5-E6,0,145,8.0461,0.1791,19.1547,37.020,0.7344
S5-E6,0,146,7.5573,0.2332,18.6731,36.713,0.7302
S5-E6,0,147,7.9951,0.1478,20.0652,37.068,0.7259
S5-E6,0,148,7.8846,0.2545,20.6149,36.942,0.7267
S5-E6,0,149,8.8309,0.0408,21.0419,36.933,0.7312
S5-E6,0,150,7.6783,0.1643,19.4591,37.275,0.7337
S5-E6,0,151,7.7052,0.1740,18.6619,37.172,0.7341
S5-E6,0,152,9.0882,0.2605,20.0567,37.205,0.7324
S5-E6,0,153,7.8915,0.2200,20.1720,37.015,0.7308
S5-E6,0,154,7.9160,0.3247,20.7538,36.759,0.7290
S5-E6,0,155,7.6698,0.1149,20.3182,37.330,0.7293
S5-E6,0,156,7.7959,0.2406,19.9662,36.968,0.7318
S5-E6,0,157,8.0427,0.2257,19.2523,37.073,0.7325
S5-E6,0,158,7.4781,0.2337,19.7087,36.968,0.7306
S5-E6,0,159,8.0638,0.5893,20.0798,37.108,0.7294
S5-E6,0,160,8.2124,0.0365,19.7310,37.091,0.7303
S5-E6,0,161,7.6725,0.5097,20.9967,36.988,0.7313
S5-E6,0,162,8.2615,0.2018,20.0991,37.058,0.7293
S5-E6,0,163,8.2023,0.0567,20.6391,37.234,0.7274
S5-E6,0,164,7.4000,0.1721,20.2337,37.043,0.7282
S5-E6,0,165,7.9454,0.1902,21.3094,37.022,0.7286
S5-E6,0,166,7.9569,0.5438,19.9997,36.669,0.7276
S5-E6,0,167,7.9176,0.2082,20.1850,36.965,0.7282
S5-E6,0,168,8.6200,0.1977,20.1248,37.173,0.7284
S5-E6,0,169,7.8509,0.1832,19.4387,36.805,0.7278
S5-E6,0,170,7.5550,0.3977,20.9824,37.042,0.7273
S5-E6,0,171,8.1087,0.1389,19.7189,36.933,0.7263
S5-E6,0,172,7.9848,0.2396,19.2439,36.740,0.7253
S5-E6,0,173,8.6061,0.2770,20.0124,37.076,0.7254
S5-E6,0,174,7.9421,0.4274,20.4132,37.021,0.7264
S5-E6,0,175,8.2096,0.4117,20.8882,37.044,0.7260
S5-E6,0,176,7.8315,0.5663,20.8912,36.958,0.7275
S5-E6,0,177,8.2662,0.0438,20.8342,36.956,0.7303
S5-E6,0,178,7.7482,0.1929,20.6139,36.896,0.7305
S5-E6,0,179,8.0594,0.2584,20.5771,36.878,0.7320
S5-E6,0,180,7.7520,0.3663,20.4610,36.971,0.7331
S5-E6,0,181,7.7093,0.1683,20.2403,36.906,0.7313
S5-E6,0,182,7.6814,0.3172,19.2651,37.108,0.7282
S5-E6,0,183,8.1538,0.3753,19.1394,36.889,0.7265
S5-E6,0,184,7.6968,0.5102,20.5101,36.867,0.7299
S5-E6,0,185,8.2351,0.3723,18.8913,36.869,0.7347
S5-E6,0,186,8.6151,0.1147,20.3986,36.752,0.7361
S5-E6,0,187,9.0413,0.2466,20.2215,37.024,0.7354
S5-E6,0,188,8.5002,0.0000,20.7392,36.880,0.7343
S5-E6,0,189,8.6267,0.2950,19.9786,36.895,0.7354
S5-E6,0,190,8.8138,0.1833,19.7016,36.907,0.7367
S5-E6,0,191,8.3564,0.5253,20.3810,37.134,0.7381
S5-E6,0,192,8.4096,0.3946,21.2758,36.880,0.7386
S5-E6,0,193,9.2758,0.1569,20.6722,37.039,0.7380
S5-E6,0,194,8.5720,0.1265,20.1932,37.005,0.7363
S5-E6,0,195,9.1958,0.0806,19.2794,37.063,0.7378
S5-E6,0,196,8.4386,0.0000,20.3609,36.990,0.7392
S5-E6,0,197,8.6167,0.2908,19.6626,36.814,0.7363
S5-E6,0,198,8.6604,0.1820,20.5259,36.884,0.7332
S5-E6,0,199,8.4721,0.1870,20.8126,36.991,0.7340
S5-E6,0,200,8.7162,0.2715,20.9111,37.245,0.7355
S5-E6,0,201,8.7156,0.1156,21.2975,37.000,0.7362
S5-E6,0,202,8.5389,0.0000,19.4912,36.875,0.7378
S5-E6,0,203,8.5446,0.3766,20.3265,36.774,0.7393
S5-E6,0,204,8.1619,0.2032,19.2039,36.928,0.7400
S5-E6,0,205,8.3463,0.2089,20.3163,36.918,0.7388
S5-E6,0,206,8.4965,0.3094,20.3799,37.207,0.7342
S5-E6,0,207,7.9743,0.2589,20.0145,37.137,0.7305
S5-E6,0,208,8.2442,0.0639,20.4958,36.936,0.7284
S5-E6,0,209,7.8930,0.3940,20.6007,36.982,0.7289
S5-E6,0,210,8.7566,0.2788,19.7701,37.018,0.7313
S5-E6,0,211,8.2007,0.2460,20.8918,36.968,0.7341
S5-E6,0,212,8.7030,0.1175,20.4409,37.083,0.7355
S5-E6,0,213,7.7406,0.1917,20.3181,36.640,0.7329
S5-E6,0,214,8.0687,0.2742,21.1922,36.896,0.7276
S5-E6,0,215,8.3480,0.3518,20.5470,37.089,0.7255
S5-E6,0,216,8.1965,0.3558,20.0701,37.054,0.7286
S5-E6,0,217,8.1031,0.4028,20.0969,37.058,0.7326
S5-E6,0,218,8.1556,0.0000,20.2430,37.291,0.7357
S5-E6,0,219,7.5780,0.2108,20.2475,36.892,0.7343
S5-E6,0,220,8.3640,0.3373,19.8162,36.986,0.7305
S5-E6,0,221,8.1640,0.4577,21.2321,36.950,0.7276
S5-E6,0,222,8.0234,0.2334,20.7273,37.136,0.7247
S5-E6,0,223,7.6119,0.0428,21.0890,37.116,0.7241
S5-E6,0,224,8.0179,0.2328,20.8455,37.123,0.7255
S5-E6,0,225,7.5545,0.1538,19.5563,37.053,0.7252
S5-E6,0,226,7.6011,0.1242,21.3341,36.942,0.7228
S5-E6,0,227,7.9298,0.2133,19.6238,36.856,0.7221
S5-E6,0,228,7.3348,0.3523,19.7106,36.753,0.7253
S5-E6,0,229,7.6563,0.0000,20.1085,36.946,0.7266
S5-E6,0,230,7.9037,0.2519,21.6850,36.783,0.7251
S5-E6,0,231,8.0070,0.3708,20.7831,36.971,0.7259
S5-E6,0,232,7.6844,0.3488,20.6318,36.845,0.7268
S5-E6,0,233,7.6434,0.1062,20.2937,36.897,0.7280
S5-E6,0,234,7.8503,0.0914,19.7788,37.032,0.7278
S5-E6,0,235,8.0572,0.0830,21.0293,36.740,0.7272
S5-E6,0,236,8.0845,0.3913,20.7622,36.693,0.7273
S5-E6,0,237,7.9004,0.1969,20.2155,37.360,0.7279
S5-E6,0,238,8.0571,0.3426,20.7389,37.068,0.7300
S5-E6,0,239,7.9018,0.0669,20.7488,36.906,0.7312
S5-E6,0,240,7.6411,0.3684,19.9945,37.128,0.7315
S5-E6,0,241,8.1698,0.2636,19.7665,36.837,0.7310
S5-E6,0,242,7.7011,0.0918,20.7483,36.941,0.7315
S5-E6,0,243,8.1176,0.0683,20.5566,37.052,0.7317
S5-E6,0,244,8.4062,0.2428,20.2913,36.687,0.7317
S5-E6,0,245,7.9998,0.3448,20.1068,36.788,0.7317
S5-E6,0,246,8.4782,0.5337,19.9896,37.128,0.7331
S5-E6,0,247,8.6132,0.0000,20.2980,36.932,0.7357
S5-E6,0,248,8.5501,0.3224,18.8949,36.870,0.7370
S5-E6,0,249,8.4468,0.2434,21.0903,36.905,0.7368
S5-E6,0,250,8.0148,0.4626,20.0096,36.986,0.7362
S5-E6,0,251,8.2655,0.2082,19.7513,37.082,0.7357
S5-E6,0,252,8.2859,0.3550,20.1722,36.911,0.7358
S5-E6,0,253,8.2511,0.3111,20.6593,36.926,0.7360
S5-E6,0,254,8.7992,0.1589,19.4625,36.951,0.7366
S5-E6,0,255,8.3333,0.2868,20.2876,36.996,0.7376
S5-E6,0,256,8.2072,0.3191,20.4789,37.130,0.7363
S5-E6,0,257,8.6561,0.3023,21.0617,37.026,0.7334
S5-E6,0,258,8.3679,0.3687,20.2669,37.085,0.7347
S5-E6,0,259,7.7714,0.0000,20.2899,37.043,0.7368
S5-E6,0,260,8.8236,0.0000,19.9203,36.944,0.7367
S5-E6,0,261,8.9366,0.2290,20.4611,37.183,0.7366
S5-E6,0,262,8.4198,0.2512,20.7581,36.783,0.7362
S5-E6,0,263,8.7301,0.0929,21.1123,37.005,0.7357
S5-E6,0,264,8.7129,0.1202,20.1049,37.225,0.7377
S5-E6,0,265,8.5395,0.0223,20.7297,36.847,0.7402
S5-E6,0,266,9.0643,0.3607,20.0681,36.748,0.7399
S5-E6,0,267,8.4127,0.1437,20.6890,36.715,0.7330
S5-E6,0,268,8.6043,0.5914,19.1271,36.813,0.7039
S5-E6,0,269,7.9678,0.2922,18.9143,37.029,0.6759
S5-E6,0,270,7.8781,0.1447,18.4056,36.709,0.6688
S5-E6,0,271,8.4769,0.2358,20.7408,36.808,0.6779
S5-E6,0,272,8.2649,0.4393,18.9927,37.089,0.6897
S5-E6,0,273,8.0947,0.0663,19.9870,37.074,0.6883
S5-E6,0,274,7.9183,0.1871,20.1899,36.908,0.6557
S5-E6,0,275,7.4347,0.2334,19.3793,36.844,0.6254
S5-E6,0,276,8.1725,0.4018,19.3215,36.556,0.6202
S5-E6,0,277,8.0841,0.3031,19.3487,37.045,0.6333
S5-E6,0,278,7.6904,0.1899,18.4432,36.938,0.6476
S5-E6,0,279,7.6467,0.2789,17.5974,37.093,0.6510
S5-E6,0,280,7.8371,0.1108,18.9883,37.093,0.6457
S5-E6,0,281,7.1817,0.2911,19.5740,37.065,0.6394
S5-E6,0,282,7.5320,0.2705,18.5350,37.007,0.6375
S5-E6,0,283,7.1519,0.0635,18.3767,37.049,0.6388
S5-E6,0,284,7.4439,0.0000,18.5635,37.103,0.6415
S5-E6,0,285,7.5782,0.2064,18.1057,37.143,0.6420
S5-E6,0,286,7.7968,0.1143,18.2031,37.148,0.6388
S5-E6,0,287,7.2159,0.1186,19.1635,37.367,0.6348
S5-E6,0,288,7.5981,0.3732,18.0356,37.085,0.6344
S5-E6,0,289,7.8740,0.3604,17.8150,37.056,0.6382
S5-E6,0,290,6.9167,0.2096,17.4770,36.758,0.6423
S5-E6,0,291,7.5832,0.1821,18.4715,37.036,0.6440
S5-E6,0,292,7.6595,0.0534,18.9604,37.081,0.6526
S5-E6,0,293,7.3014,0.2321,17.5813,36.982,0.6641
S5-E6,0,294,7.7608,0.2880,17.4411,36.787,0.6678
S5-E6,0,295,7.4606,0.2624,18.2759,36.971,0.6644
S5-E6,0,296,7.5065,0.4083,18.1615,36.844,0.6599
S5-E6,0,297,7.2891,0.0000,18.6296,37.101,0.6566
S5-E6,0,298,7.5311,0.1978,18.5906,37.276,0.6572
S5-E6,0,299,7.2820,0.3158,18.7517,37.001,0.6590
S5-E6,0,300,7.9413,0.3652,18.3605,36.858,0.6586
S5-E6,0,301,8.1854,0.4843,19.3656,36.901,0.6583
S5-E6,0,302,7.7324,0.3053,18.7532,36.793,0.6577
S5-E6,0,303,7.5110,0.3107,19.5682,37.142,0.6568
S5-E6,0,304,7.5052,0.3103,18.6762,37.132,0.6569
S5-E6,0,305,7.0807,0.3095,17.1197,37.072,0.6568
S5-E6,0,306,7.7568,0.0683,19.2458,36.996,0.6563
S5-E6,0,307,7.5573,0.2113,18.6152,36.836,0.6563
S5-E6,0,308,7.6787,0.1265,17.8909,37.279,0.6573
S5-E6,0,309,7.8291,0.2917,18.0885,37.094,0.6578
S5-E6,0,310,7.3574,0.2103,17.9751,37.073,0.6592
S5-E6,0,311,7.8487,0.0278,18.8136,37.299,0.6607
S5-E6,0,312,7.5072,0.2014,18.8785,37.168,0.6590
S5-E6,0,313,7.6134,0.0976,18.0838,36.960,0.6553
S5-E6,0,314,7.1950,0.1803,19.3352,37.089,0.6557
S5-E6,0,315,7.3099,0.0618,18.5543,36.301,0.6309
S5-E6,0,316,7.0072,0.3592,17.6573,35.589,0.4693
S5-E6,0,317,6.7715,0.0866,17.1064,36.431,0.3232
S5-E6,0,318,7.1074,0.1118,17.0654,36.558,0.3054
S5-E6,0,319,6.4202,0.0000,15.4398,37.071,0.3676
S5-E6,0,320,6.5174,0.0000,15.7832,36.962,0.4222
S5-E6,0,321,6.7415,0.2203,15.8341,36.747,0.4315
S5-E6,0,322,6.0215,0.1885,15.3718,36.688,0.4115
S5-E6,0,323,6.8379,0.2695,14.9939,36.918,0.3933
S5-E6,0,324,5.8821,0.1001,14.8674,37.106,0.3899
S5-E6,0,325,5.9217,0.0096,14.3956,36.656,0.3968
S5-E6,0,326,6.1692,0.1953,14.3563,36.931,0.4040
S5-E6,0,327,5.6078,0.1625,13.2676,37.183,0.4053
S5-E6,0,328,5.8543,0.2602,14.2863,37.188,0.4020
S5-E6,0,329,5.6536,0.0000,13.4245,37.040,0.3979
S5-E6,0,330,5.5826,0.4018,14.0858,36.998,0.3954
S5-E6,0,331,5.2021,0.2988,14.3479,37.129,0.3939
S5-E6,0,332,5.1974,0.0056,13.2206,37.045,0.3942
S5-E6,0,333,5.7131,0.3039,14.2076,36.907,0.3957
S5-E6,0,334,5.4973,0.0438,13.6535,36.934,0.3966
S5-E6,0,335,5.0722,0.0000,13.9481,36.848,0.3968
S5-E6,0,336,5.3470,0.2509,12.8026,36.813,0.3957
S5-E6,0,337,5.3375,0.0358,13.3884,36.855,0.3951
S5-E6,0,338,5.4895,0.2289,13.4298,37.104,0.3952
S5-E6,0,339,5.2071,0.1516,12.8270,37.258,0.3956
S5-E6,0,340,5.5034,0.2259,12.6310,36.916,0.3960
S5-E6,0,341,5.4074,0.5989,13.0009,37.005,0.3971
S5-E6,0,342,5.1722,0.3448,13.1073,36.881,0.3978
S5-E6,0,343,4.9747,0.1181,13.1712,36.881,0.3967
S5-E6,0,344,5.1413,0.0483,12.8320,37.073,0.3959
S5-E6,0,345,5.0728,0.0000,12.7233,36.912,0.3946
S5-E6,0,346,5.5494,0.1325,12.6113,37.004,0.3939
S5-E6,0,347,5.3643,0.2461,12.5416,37.104,0.3947
S5-E6,0,348,4.8990,0.0000,12.3152,37.089,0.3967
S5-E6,0,349,4.8376,0.0000,12.0900,37.237,0.3960
S5-E6,0,350,4.8413,0.1360,12.5339,36.920,0.3917
S5-E6,0,351,5.1127,0.2413,13.4303,37.016,0.3889
S5-E6,0,352,5.1416,0.0960,13.0630,36.828,0.3895
S5-E6,0,353,5.3133,0.3483,12.7965,37.031,0.3924
S5-E6,0,354,5.1882,0.3651,12.8186,37.042,0.3956
S5-E6,0,355,5.0089,0.2630,12.7848,37.140,0.3977
S5-E6,0,356,5.3817,0.2035,12.5251,36.914,0.3978
S5-E6,0,357,5.3108,0.1838,12.8047,36.886,0.3969
S5-E6,0,358,5.4293,0.0897,12.6453,36.966,0.3955
S5-E6,0,359,5.3918,0.3648,12.9568,36.949,0.3943
S5-E6,0,360,5.0922,0.0826,12.2073,37.101,0.3945
S5-E6,0,361,5.4719,0.0000,12.7827,37.232,0.3951
S5-E6,0,362,5.2348,0.3886,12.8879,36.953,0.3953
S5-E6,0,363,5.5213,0.0965,11.8353,37.021,0.3952
S5-E6,0,364,4.8688,0.1480,12.5927,37.316,0.3945
S5-E6,0,365,5.0627,0.0000,13.1047,36.715,0.3948
S5-E6,0,366,5.5063,0.2805,12.3163,37.270,0.3956
S5-E6,0,367,5.4349,0.5995,13.2513,37.943,0.4241
S5-E6,0,368,5.3745,0.5961,13.9811,38.121,0.5878
S5-E6,0,369,5.8845,0.9431,14.0520,38.045,0.7488
S5-E6,0,370,6.2960,0.5260,14.4417,37.814,0.8146
S5-E6,0,371,6.5552,0.3283,15.9272,37.280,0.8203
S5-E6,0,372,6.8736,0.2079,15.8166,37.275,0.7963
S5-E6,0,373,6.5923,0.5509,16.2066,37.255,0.7587
S5-E6,0,374,7.2397,0.3360,16.2141,37.053,0.7288
S5-E6,0,375,7.3409,0.4263,16.5075,36.994,0.7209
S5-E6,0,376,7.5804,0.1660,18.2645,37.374,0.7284
S5-E6,0,377,7.4243,0.5759,17.6704,37.066,0.7360
S5-E6,0,378,7.8091,0.3079,17.3970,36.842,0.7390
S5-E6,0,379,7.3431,0.1722,17.6669,37.257,0.7403
S5-E6,0,380,8.3510,0.0000,18.6716,37.140,0.7406
S5-E6,0,381,7.7353,0.2416,18.6998,36.895,0.7375
S5-E6,0,382,7.7158,0.3721,19.5429,36.634,0.7334
S5-E6,0,383,8.6031,0.3998,19.0564,37.154,0.7324
S5-E6,0,384,8.4411,0.1658,19.2281,37.063,0.7365
S5-E6,0,385,8.3971,0.0000,18.5786,37.201,0.7389
S5-E6,0,386,8.0589,0.4364,19.7476,37.043,0.7376
S5-E6,0,387,8.3950,0.3026,19.7580,37.030,0.7356
S5-E6,0,388,7.8678,0.3254,18.9539,36.992,0.7335
S5-E6,0,389,8.1937,0.3895,18.4671,36.678,0.7341
S5-E6,0,390,7.8558,0.1532,19.0332,36.956,0.7374
S5-E6,0,391,8.0500,0.3235,19.2221,37.073,0.7390
S5-E6,0,392,9.0587,0.4054,18.8767,37.003,0.7392
S5-E6,0,393,8.2023,0.1500,20.6410,36.940,0.7387
S5-E6,0,394,8.2843,0.0844,20.1668,36.864,0.7358
S5-E6,0,395,7.8911,0.3431,19.6797,37.091,0.7339
S5-E6,0,396,7.8881,0.0940,19.2347,37.037,0.7325
S5-E6,0,397,8.2887,0.0426,19.8377,37.227,0.7339
S5-E6,0,398,7.7779,0.4378,18.9382,37.093,0.7371
S5-E6,0,399,8.4934,0.2691,20.3220,37.085,0.7385
S5-E6,1,0,8.8425,0.2461,19.9386,34.042,0.7356
S5-E6,1,1,9.2225,0.2876,19.7546,34.294,0.7349
S5-E6,1,2,8.3939,0.3290,21.2385,34.320,0.7449
S5-E6,1,3,8.7037,0.0705,21.3185,34.011,0.7502
S5-E6,1,4,8.9246,0.1453,20.9749,33.964,0.7487
S5-E6,1,5,9.2600,0.0748,22.1192,34.286,0.7455
S5-E6,1,6,8.7506,0.2210,22.4722,34.105,0.7438
S5-E6,1,7,8.5223,0.1295,20.7387,34.136,0.7432
S5-E6,1,8,9.2086,0.4482,20.8898,34.175,0.7432
S5-E6,1,9,8.4261,0.0000,23.0108,33.643,0.7438
S5-E6,1,10,8.9293,0.1219,20.1162,34.062,0.7438
S5-E6,1,11,8.6172,0.0983,20.7095,33.952,0.7433
S5-E6,1,12,9.5506,0.3623,21.6343,34.001,0.7437
S5-E6,1,13,9.1733,0.1956,21.8770,33.953,0.7433
S5-E6,1,14,8.9813,0.2546,22.5654,33.976,0.7424
S5-E6,1,15,8.8410,0.2207,21.7255,33.951,0.7423
S5-E6,1,16,9.4176,0.0798,21.1892,33.796,0.7432
S5-E6,1,17,8.8807,0.1340,21.1507,33.937,0.7438
S5-E6,1,18,9.1601,0.1691,20.4867,33.895,0.7428
S5-E6,1,19,9.1150,0.0677,22.3953,33.606,0.7216
S5-E6,1,20,9.1218,0.1215,21.2946,33.316,0.6178
S5-E6,1,21,8.9061,0.0000,20.7907,33.426,0.5380
S5-E6,1,22,9.0808,0.2961,21.1365,33.911,0.5396
S5-E6,1,23,8.5101,0.0000,20.9345,33.977,0.5796
S5-E6,1,24,8.1592,0.0969,21.0065,33.929,0.6057
S5-E6,1,25,8.3383,0.0000,19.7044,33.728,0.6042
S5-E6,1,26,8.0617,0.2285,20.9404,33.814,0.5910
S5-E6,1,27,7.7751,0.2784,20.4802,34.142,0.5849
S5-E6,1,28,7.6759,0.3485,18.7929,34.171,0.5881
S5-E6,1,29,8.2120,0.2761,19.1092,34.015,0.5943
S5-E6,1,30,7.9118,0.0000,19.3202,34.001,0.5974
S5-E6,1,31,7.8831,0.2301,19.4864,33.992,0.5957
S5-E6,1,32,7.3401,0.0148,19.3477,34.165,0.5932
S5-E6,1,33,7.8899,0.0860,18.6263,34.062,0.5929
S5-E6,1,34,7.9964,0.1843,19.2388,33.983,0.5943
S5-E6,1,35,6.9486,0.2824,18.8374,33.803,0.5954
S5-E6,1,36,7.8967,0.1626,18.6993,34.059,0.5942
S5-E6,1,37,7.4253,0.0000,18.0449,33.740,0.5930
S5-E6,1,38,7.9728,0.2823,18.8182,33.943,0.5940
S5-E6,1,39,8.0564,0.0087,18.9327,33.978,0.5948
S5-E6,1,40,7.6999,0.2686,18.9178,33.980,0.5944
S5-E6,1,41,7.2158,0.0107,18.9768,33.947,0.5940
S5-E6,1,42,7.4317,0.0000,17.9574,33.908,0.5988
S5-E6,1,43,7.5355,0.1209,19.1835,34.505,0.6216
S5-E6,1,44,7.2759,0.2728,18.5141,34.155,0.6398
S5-E6,1,45,8.3229,0.1904,19.0627,34.071,0.6405
S5-E6,1,46,7.6887,0.2353,18.2852,34.010,0.6324
S5-E6,1,47,7.5097,0.0000,19.1987,33.936,0.6262
S5-E6,1,48,7.3283,0.0459,18.9623,34.051,0.6247
S5-E6,1,49,7.5059,0.3613,20.7115,34.031,0.6259
S5-E6,1,50,7.0658,0.0937,18.6191,33.939,0.6275
S5-E6,1,51,7.0259,0.2756,19.9305,33.842,0.6276
S5-E6,1,52,8.1640,0.0000,18.9294,34.150,0.6263
S5-E6,1,53,7.4497,0.0401,19.5399,34.206,0.6256
S5-E6,1,54,8.0563,0.0502,19.3676,33.946,0.6263
S5-E6,1,55,7.1690,0.3422,19.8720,34.265,0.6280
S5-E6,1,56,7.6957,0.1524,18.1557,33.743,0.6248
S5-E6,1,57,7.9365,0.0849,18.9616,33.861,0.6079
S5-E6,1,58,7.4005,0.0335,18.3828,33.631,0.5953
S5-E6,1,59,7.7165,0.1210,19.0730,34.102,0.5958
S5-E6,1,60,7.3347,0.2629,18.5864,33.896,0.6027
S5-E6,1,61,8.1319,0.3319,18.4060,34.199,0.6059
S5-E6,1,62,7.5853,0.2902,18.4714,34.253,0.6049
S5-E6,1,63,7.6670,0.3522,18.9585,33.958,0.6035
S5-E6,1,64,7.3554,0.0431,18.3697,34.283,0.6034
S5-E6,1,65,7.8829,0.5089,19.1816,33.754,0.6046
S5-E6,1,66,7.7058,0.0000,18.2093,34.010,0.6053
S5-E6,1,67,7.2996,0.1678,18.2303,33.906,0.6049
S5-E6,1,68,7.7515,0.0000,18.9866,34.020,0.6039
S5-E6,1,69,7.1954,0.3064,18.9568,33.969,0.6025
S5-E6,1,70,7.7973,0.2761,18.5509,34.351,0.6032
S5-E6,1,71,7.3286,0.1479,19.2152,34.288,0.6058
S5-E6,1,72,7.5335,0.2275,19.4526,33.759,0.6057
S5-E6,1,73,7.3072,0.1590,18.8694,34.029,0.6043
S5-E6,1,74,7.4248,0.0000,18.7419,34.219,0.6045
S5-E6,1,75,7.5879,0.0194,19.2751,33.943,0.6048
S5-E6,1,76,7.7944,0.0420,18.2269,34.001,0.6049
S5-E6,1,77,7.6276,0.0598,18.3937,34.104,0.6053
S5-E6,1,78,7.6410,0.0000,18.6823,34.264,0.6057
S5-E6,1,79,8.3055,0.2874,17.3007,33.961,0.6060
S5-E6,1,80,7.5492,0.0000,19.0958,33.872,0.6059
S5-E6,1,81,8.3883,0.1494,18.5517,34.110,0.6007
S5-E6,1,82,7.3593,0.4107,18.6175,33.880,0.5815
S5-E6,1,83,6.9844,0.2795,17.6243,33.785,0.5683
S5-E6,1,84,7.2849,0.0879,18.4269,33.836,0.5685
S5-E6,1,85,8.0595,0.0633,17.3202,34.166,0.5752
S5-E6,1,86,7.6960,0.0927,17.2114,34.021,0.5801
S5-E6,1,87,7.8896,0.0000,17.8366,34.115,0.5799
S5-E6,1,88,7.6470,0.0000,18.3442,33.557,0.5774
S5-E6,1,89,7.6262,0.1008,16.9249,34.042,0.5761
S5-E6,1,90,7.4800,0.1252,18.2487,34.222,0.5762
S5-E6,1,91,7.7616,0.0858,17.8165,34.024,0.5772
S5-E6,1,92,7.7147,0.1400,18.7824,34.104,0.5784
S5-E6,1,93,7.0633,0.2266,18.1094,33.934,0.5792
S5-E6,1,94,7.4806,0.2636,18.2916,34.002,0.5795
S5-E6,1,95,7.4622,0.1652,17.5874,33.923,0.5793
S5-E6,1,96,7.7838,0.3103,18.0967,34.135,0.5785
S5-E6,1,97,7.5296,0.2818,17.3089,34.054,0.5777
S5-E6,1,98,7.9980,0.4567,16.6263,34.072,0.5776
S5-E6,1,99,7.2525,0.0206,16.6935,33.706,0.5785
S5-E6,1,100,7.3842,0.4805,18.6160,37.144,0.0000
S5-E6,1,101,7.8467,0.3490,17.5031,38.767,0.2800
S5-E6,1,102,7.3117,0.4913,18.1171,38.522,0.7421
S5-E6,1,103,8.2134,0.1489,19.1658,37.834,0.9368
S5-E6,1,104,7.1459,0.1507,17.8667,36.743,0.8989
S5-E6,1,105,8.6767,0.0256,18.3118,36.531,0.7624
S5-E6,1,106,7.8924,0.3367,19.4623,36.660,0.6588
S5-E6,1,107,8.3551,0.1993,17.9683,37.085,0.6453
S5-E6,1,108,8.1942,0.0111,18.5583,37.396,0.6848
S5-E6,1,109,8.3243,0.4813,17.8794,37.133,0.7224
S5-E6,1,110,8.2014,0.2356,19.2090,37.154,0.7305
S5-E6,1,111,8.1846,0.3505,18.6047,37.247,0.7194
S5-E6,1,112,8.2789,0.3670,19.6657,36.858,0.7071
S5-E6,1,113,7.7494,0.2305,18.6616,36.941,0.7012
S5-E6,1,114,8.0691,0.1840,19.4602,36.889,0.7020
S5-E6,1,115,7.4350,0.3622,19.5169,37.173,0.7052
S5-E6,1,116,7.6547,0.1299,19.1290,37.032,0.7075
S5-E6,1,117,8.0672,0.1259,18.2848,36.848,0.7049
S5-E6,1,118,8.8746,0.1610,19.4362,36.794,0.7012
S5-E6,1,119,7.8553,0.2756,19.3866,37.033,0.7000
S5-E6,1,120,7.7381,0.0035,19.8820,36.967,0.7007
S5-E6,1,121,7.9522,0.4331,19.4525,36.920,0.6999
S5-E6,1,122,7.6629,0.0000,19.2717,36.945,0.6987
S5-E6,1,123,7.6964,0.1246,19.4358,36.857,0.6984
S5-E6,1,124,7.4617,0.4868,19.3064,36.873,0.7008
S5-E6,1,125,8.1486,0.0564,19.4782,36.771,0.7037
S5-E6,1,126,8.5480,0.0000,19.5970,37.004,0.7051
S5-E6,1,127,7.3256,0.0851,18.9904,36.833,0.7072
S5-E6,1,128,8.4564,0.1851,19.8268,37.127,0.7086
S5-E6,1,129,7.9530,0.1634,18.0562,37.008,0.7088
S5-E6,1,130,7.4512,0.2705,19.3667,36.969,0.7073
S5-E6,1,131,8.0740,0.0238,19.2982,36.933,0.7047
S5-E6,1,132,7.8273,0.2330,19.6848,36.967,0.7019
S5-E6,1,133,7.5449,0.2748,20.7101,36.980,0.7017
S5-E6,1,134,8.2377,0.0259,19.7481,37.043,0.7043
S5-E6,1,135,7.9861,0.2708,19.2875,36.869,0.7070
S5-E6,1,136,8.5875,0.2322,19.6936,36.784,0.7066
S5-E6,1,137,7.9821,0.2323,19.9850,37.037,0.7037
S5-E6,1,138,7.9071,0.1189,19.8620,36.899,0.7006
S5-E6,1,139,7.8985,0.2697,19.8810,37.144,0.7001
S5-E6,1,140,7.1544,0.0105,20.3660,36.880,0.7020
S5-E6,1,141,8.6056,0.1272,18.6514,37.077,0.7031
S5-E6,1,142,7.8901,0.2500,20.5179,37.127,0.7020
S5-E6,1,143,8.5220,0.4980,18.6281,37.015,0.7035
S5-E6,1,144,8.0848,0.2920,20.3054,37.064,0.7071
S5-E6,1,145,8.2707,0.4143,20.4190,36.962,0.7085
S5-E6,1,146,8.2859,0.2551,20.2493,37.122,0.7095
S5-E6,1,147,7.9130,0.0294,18.7646,36.972,0.7096
S5-E6,1,148,8.2457,0.2021,17.9751,37.026,0.7064
S5-E6,1,149,7.9448,0.1820,20.0771,37.019,0.7036
S5-E6,1,150,8.5811,0.0852,19.1261,37.141,0.7040
S5-E6,1,151,7.6187,0.3721,19.5174,36.816,0.7070
S5-E6,1,152,7.9065,0.4754,18.8529,36.770,0.7093
S5-E6,1,153,8.2142,0.2703,19.7494,36.888,0.7093
S5-E6,1,154,8.2722,0.3028,19.9552,36.957,0.7101
S5-E6,1,155,8.7628,0.2142,19.1688,37.000,0.7118
S5-E6,1,156,8.5453,0.5102,19.3232,36.957,0.7121
S5-E6,1,157,8.4064,0.2388,19.4121,36.831,0.7133
S5-E6,1,158,8.6527,0.4261,20.1865,37.093,0.7142
S5-E6,1,159,8.0645,0.1659,18.8086,36.860,0.7119
S5-E6,1,160,8.1926,0.1192,19.5177,37.041,0.7075
S5-E6,1,161,9.1588,0.3613,19.6631,37.063,0.7053
S5-E6,1,162,8.1393,0.0000,19.2357,37.139,0.7070
S5-E6,1,163,8.0190,0.2462,19.3949,36.776,0.7104
S5-E6,1,164,7.8903,0.1979,20.2377,37.043,0.7115
S5-E6,1,165,7.9804,0.2051,19.4886,36.991,0.7098
S5-E6,1,166,7.8346,0.2649,20.0198,37.128,0.7069
S5-E6,1,167,7.9345,0.0654,19.8707,36.929,0.7043
S5-E6,1,168,8.3902,0.2988,19.0876,36.988,0.7037
S5-E6,1,169,8.1957,0.4271,19.1973,36.914,0.7061
S5-E6,1,170,7.9271,0.2537,18.7776,36.921,0.7095
S5-E6,1,171,8.6720,0.3123,19.1215,37.228,0.7096
S5-E6,1,172,8.5669,0.1089,19.9211,37.213,0.7087
S5-E6,1,173,8.5123,0.1680,19.7206,37.025,0.7098
S5-E6,1,174,8.3663,0.2931,18.9887,37.017,0.7108
S5-E6,1,175,8.4800,0.3014,19.2868,36.897,0.7115
S5-E6,1,176,8.4917,0.1280,19.0633,37.054,0.7123
S5-E6,1,177,8.7934,0.4354,19.8853,37.102,0.7115
S5-E6,1,178,8.0000,0.2370,20.2425,36.699,0.7095
S5-E6,1,179,8.8632,0.0000,18.7946,37.003,0.7092
S5-E6,1,180,8.2048,0.0246,19.7882,36.821,0.7088
S5-E6,1,181,8.1180,0.2645,19.8785,36.746,0.7083
S5-E6,1,182,7.9580,0.3007,18.5981,37.006,0.7075
S5-E6,1,183,7.8736,0.1531,20.0842,37.026,0.7071
S5-E6,1,184,7.5594,0.2577,19.1243,36.870,0.7074
S5-E6,1,185,7.7922,0.1418,20.5491,36.733,0.7087
S5-E6,1,186,8.1631,0.1567,19.6798,36.864,0.7083
S5-E6,1,187,7.8037,0.0000,20.0242,36.822,0.7070
S5-E6,1,188,8.0485,0.4453,18.6333,36.660,0.7056
S5-E6,1,189,8.2481,0.1729,19.4076,36.838,0.7047
S5-E6,1,190,8.6435,0.0515,19.8436,36.970,0.7057
S5-E6,1,191,7.7485,0.1117,19.9917,36.724,0.7063
S5-E6,1,192,8.1541,0.1287,18.4855,36.977,0.7058
S5-E6,1,193,7.7142,0.2725,19.8637,37.211,0.7052
S5-E6,1,194,7.9140,0.0472,19.6611,37.128,0.7037
S5-E6,1,195,8.0727,0.4667,20.1266,36.791,0.7016
S5-E6,1,196,8.1068,0.2178,18.9414,36.854,0.7012
S5-E6,1,197,7.8900,0.0145,18.8514,37.052,0.7032
S5-E6,1,198,7.7663,0.4131,20.1011,37.140,0.7053
S5-E6,1,199,7.9639,0.2847,20.3690,36.898,0.7072
S5-E6,1,200,7.7004,0.3114,20.5369,37.293,0.7066
S5-E6,1,201,7.6311,0.0673,19.7190,36.980,0.7057
S5-E6,1,202,8.1903,0.2266,19.5571,37.171,0.7055
S5-E6,1,203,8.3606,0.1142,18.5908,37.312,0.7051
S5-E6,1,204,8.3006,0.0000,19.0855,36.816,0.7062
S5-E6,1,205,8.0937,0.1304,20.0664,36.881,0.7074
S5-E6,1,206,8.7024,0.1425,20.0127,36.952,0.7068
S5-E6,1,207,8.4136,0.3996,19.8465,36.967,0.7067
S5-E6,1,208,8.1609,0.2652,20.2630,37.078,0.7077
S5-E6,1,209,8.3493,0.2567,19.7455,36.853,0.7078
S5-E6,1,210,8.1238,0.4515,19.8414,37.198,0.7054
S5-E6,1,211,8.4060,0.2187,20.1615,37.042,0.7032
S5-E6,1,212,8.1731,0.4633,20.0538,36.724,0.7058
S5-E6,1,213,8.1070,0.0503,19.8007,36.937,0.7099
S5-E6,1,214,8.4506,0.0596,19.1123,37.069,0.7098
S5-E6,1,215,8.7749,0.4014,19.6592,36.902,0.7072
S5-E6,1,216,7.9963,0.0661,19.4128,37.114,0.7059
S5-E6,1,217,8.0417,0.0488,19.5608,36.920,0.7057
S5-E6,1,218,7.1726,0.2094,19.8130,37.085,0.7053
S5-E6,1,219,8.0545,0.2853,20.1450,37.088,0.7059
S5-E6,1,220,8.0918,0.4345,19.8142,37.110,0.7057
S5-E6,1,221,8.1415,0.1065,20.1966,36.855,0.7069
S5-E6,1,222,8.4698,0.3986,19.8243,36.834,0.7091
S5-E6,1,223,8.1917,0.2695,19.2207,37.002,0.7106
S5-E6,1,224,8.0417,0.0799,18.9686,36.911,0.7111
S5-E6,1,225,8.2977,0.3148,20.5884,37.097,0.7117
S5-E6,1,226,8.2850,0.1859,20.4247,36.733,0.7100
S5-E6,1,227,8.0460,0.1690,19.7273,37.304,0.7051
S5-E6,1,228,8.2573,0.0749,19.0972,37.180,0.7037
S5-E6,1,229,8.1270,0.2091,20.1615,37.152,0.7076
S5-E6,1,230,8.4110,0.3789,20.3569,37.144,0.7105
S5-E6,1,231,7.9290,0.0628,19.9661,37.192,0.7099
S5-E6,1,232,8.3598,0.0054,18.6189,36.811,0.7074
S5-E6,1,233,8.2718,0.2555,19.3155,37.085,0.7060
S5-E6,1,234,8.1544,0.0858,19.7268,37.217,0.7060
S5-E6,1,235,8.0822,0.2448,20.0930,36.915,0.7079
S5-E6,1,236,7.9259,0.0911,20.0163,37.045,0.7085
S5-E6,1,237,8.3435,0.4424,19.5778,36.811,0.7087
S5-E6,1,238,8.1222,0.2487,19.4556,37.002,0.7095
S5-E6,1,239,8.2832,0.3303,20.3284,37.078,0.7088
S5-E6,1,240,8.5092,0.1047,18.3992,36.967,0.7064
S5-E6,1,241,8.2635,0.3023,19.5933,37.079,0.7050
S5-E6,1,242,8.0240,0.0000,19.2506,37.062,0.7061
S5-E6,1,243,8.0004,0.2817,19.0765,37.060,0.7068
S5-E6,1,244,8.2064,0.3552,19.1155,36.886,0.7070
S5-E6,1,245,8.1577,0.2847,19.1998,37.099,0.7088
S5-E6,1,246,8.2654,0.1439,19.3812,36.961,0.7100
S5-E6,1,247,8.1223,0.2975,18.5304,37.147,0.7093
S5-E6,1,248,7.9794,0.0631,19.5997,37.083,0.7089
S5-E6,1,249,8.6677,0.1526,19.5403,36.914,0.7080
S5-E6,1,250,8.7424,0.1388,18.9528,36.805,0.7080
S5-E6,1,251,8.7187,0.0943,19.7751,36.928,0.7088
S5-E6,1,252,8.2534,0.3324,19.4516,37.093,0.7097
S5-E6,1,253,7.9428,0.1272,19.4094,37.131,0.7104
S5-E6,1,254,8.1571,0.0667,19.1171,36.935,0.7113
S5-E6,1,255,8.5649,0.1058,19.2135,37.029,0.7123
S5-E6,1,256,8.1686,0.0000,19.4869,37.171,0.7120
S5-E6,1,257,8.3807,0.0821,19.4718,37.034,0.7105
S5-E6,1,258,8.7390,0.2668,19.3781,37.134,0.7096
S5-E6,1,259,8.2267,0.1796,18.9041,36.941,0.7105
S5-E6,1,260,8.5467,0.3575,18.9308,37.101,0.7099
S5-E6,1,261,8.8030,0.2016,19.1421,37.002,0.7083
S5-E6,1,262,8.1909,0.3311,19.8910,36.869,0.7086
S5-E6,1,263,9.0104,0.1288,19.3823,37.102,0.7089
S5-E6,1,264,8.1162,0.3716,18.7232,37.247,0.7092
S5-E6,1,265,8.6666,0.5212,20.3538,37.135,0.7098
S5-E6,1,266,8.3583,0.0338,19.2718,36.929,0.7100
S5-E6,1,267,7.9992,0.2475,18.5651,37.003,0.7106
S5-E6,1,268,7.9366,0.1040,19.2213,37.090,0.7111
S5-E6,1,269,8.3758,0.0177,19.4939,37.058,0.7099
S5-E6,1,270,7.8714,0.0568,19.4537,36.779,0.7070
S5-E6,1,271,8.0632,0.1791,19.3014,36.892,0.7052
S5-E6,1,272,7.9162,0.3146,19.6046,37.392,0.7050
S5-E6,1,273,8.2702,0.1158,19.8685,37.121,0.7059
S5-E6,1,274,8.5569,0.1542,20.0061,36.988,0.7071
S5-E6,1,275,8.6881,0.1696,19.7914,36.923,0.7081
S5-E6,1,276,8.4580,0.1505,18.9855,36.821,0.7106
S5-E6,1,277,9.1019,0.2064,19.6849,36.846,0.7117
S5-E6,1,278,8.0179,0.3335,19.0279,37.177,0.7110
S5-E6,1,279,8.4806,0.3071,18.8578,36.944,0.7091
S5-E6,1,280,8.2985,0.2008,20.2317,36.810,0.7099
S5-E6,1,281,7.6778,0.2941,18.8998,37.203,0.7108
S5-E6,1,282,8.5474,0.0757,19.2070,36.755,0.7092
S5-E6,1,283,8.2194,0.4219,19.0228,36.684,0.7031
S5-E6,1,284,8.0485,0.0776,18.4679,36.567,0.6644
S5-E6,1,285,7.9152,0.2374,19.5936,36.746,0.6251
S5-E6,1,286,8.3399,0.0621,19.3269,36.913,0.6163
S5-E6,1,287,7.4072,0.3083,17.6203,36.678,0.6306
S5-E6,1,288,8.1335,0.2369,18.5642,37.092,0.6470
S5-E6,1,289,8.1405,0.0000,18.4771,36.973,0.6524
S5-E6,1,290,7.8752,0.0000,18.5311,36.703,0.6483
S5-E6,1,291,7.6234,0.3658,19.7521,36.922,0.6429
S5-E6,1,292,6.9170,0.1537,18.9802,37.201,0.6406
S5-E6,1,293,7.8725,0.2705,18.1704,36.960,0.6404
S5-E6,1,294,7.2386,0.0560,19.9649,37.053,0.6403
S5-E6,1,295,8.0523,0.4901,18.4964,36.951,0.6431
S5-E6,1,296,7.8329,0.0780,18.5674,37.077,0.6454
S5-E6,1,297,7.6657,0.0252,18.7015,37.163,0.6454
S5-E6,1,298,8.1067,0.4673,17.6851,37.134,0.6465
S5-E6,1,299,8.2843,0.3855,17.3677,36.981,0.6458
S5-E6,1,300,8.2138,0.3268,18.6366,36.869,0.6415
S5-E6,1,301,7.2574,0.3111,17.5132,36.988,0.6392
S5-E6,1,302,7.2429,0.0000,18.4748,36.849,0.6423
S5-E6,1,303,7.5676,0.0000,18.7904,37.264,0.6464
S5-E6,1,304,7.9887,0.0000,17.6232,37.067,0.6476
S5-E6,1,305,7.2497,0.3072,18.2419,37.157,0.6453
S5-E6,1,306,7.9006,0.4991,18.0692,37.166,0.6424
S5-E6,1,307,7.8119,0.2724,17.8749,37.029,0.6386
S5-E6,1,308,7.6696,0.0504,18.9047,36.903,0.6367
S5-E6,1,309,7.5409,0.1002,18.8095,37.024,0.6365
S5-E6,1,310,7.4090,0.1969,17.9701,37.108,0.6358
S5-E6,1,311,7.2785,0.2477,18.2639,37.185,0.6368
S5-E6,1,312,6.9739,0.2088,18.1200,37.045,0.6384
S5-E6,1,313,7.6219,0.1339,18.3746,36.971,0.6383
S5-E6,1,314,7.1886,0.3431,18.8413,37.020,0.6378
S5-E6,1,315,7.4792,0.1664,17.7398,36.978,0.6386
S5-E6,1,316,7.9238,0.0966,17.6471,37.167,0.6396
S5-E6,1,317,7.3429,0.1820,17.6648,37.063,0.6412
S5-E6,1,318,7.3683,0.4950,18.8399,37.278,0.6433
S5-E6,1,319,7.3232,0.1474,18.7040,36.933,0.6441
S5-E6,1,320,7.4455,0.0271,18.1764,37.141,0.6430
S5-E6,1,321,7.3558,0.1297,19.1096,36.930,0.6393
S5-E6,1,322,6.8264,0.1889,18.4495,36.821,0.6359
S5-E6,1,323,7.6910,0.4810,17.9636,36.799,0.6356
S5-E6,1,324,7.4147,0.1693,18.6876,37.233,0.6371
S5-E6,1,325,7.6586,0.0750,18.2369,36.857,0.6374
S5-E6,1,326,7.7217,0.1265,17.9434,36.935,0.6367
S5-E6,1,327,7.9792,0.0047,18.8606,37.186,0.6374
S5-E6,1,328,7.3489,0.2215,17.5269,37.299,0.6399
S5-E6,1,329,7.3803,0.0000,18.3946,37.107,0.6415
S5-E6,1,330,7.2785,0.0879,18.7030,36.920,0.6411
S5-E6,1,331,7.9296,0.2330,18.0650,37.104,0.6405
S5-E6,1,332,7.5419,0.2459,17.1629,36.835,0.6399
S5-E6,1,333,7.8224,0.3386,17.7371,36.591,0.6401
S5-E6,1,334,7.0562,0.0651,17.6013,36.874,0.6401
S5-E6,1,335,7.1353,0.2673,17.7878,36.872,0.6394
S5-E6,1,336,7.4546,0.1874,18.8192,36.992,0.6384
S5-E6,1,337,7.4573,0.4471,18.4969,36.927,0.6387
S5-E6,1,338,7.6507,0.5696,18.3297,37.099,0.6395
S5-E6,1,339,7.0199,0.1426,17.5437,36.882,0.6385
S5-E6,1,340,7.1552,0.3428,17.3867,37.078,0.6361
S5-E6,1,341,7.1619,0.1005,18.0737,36.995,0.6361
S5-E6,1,342,7.3217,0.2003,17.9648,36.936,0.6382
S5-E6,1,343,7.1040,0.5012,16.5291,36.950,0.6399
S5-E6,1,344,7.7452,0.0991,18.3273,37.155,0.6397
S5-E6,1,345,7.5945,0.2679,18.1334,36.851,0.6396
S5-E6,1,346,7.3058,0.3062,18.7962,37.141,0.6396
S5-E6,1,347,7.4263,0.0806,18.5699,36.994,0.6374
S5-E6,1,348,7.3093,0.1313,17.7943,36.966,0.6361
S5-E6,1,349,7.2550,0.1305,17.1330,37.039,0.6371
S5-E6,1,350,7.2236,0.5585,18.5550,37.202,0.6362
S5-E6,1,351,7.5864,0.2978,18.1612,37.136,0.6341
S5-E6,1,352,7.1958,0.2046,18.1341,37.230,0.6340
S5-E6,1,353,7.4088,0.0702,17.8716,37.302,0.6356
S5-E6,1,354,7.0338,0.3844,18.7087,37.044,0.6378
S5-E6,1,355,6.9238,0.3293,17.9100,36.843,0.6390
S5-E6,1,356,7.5460,0.3889,18.1549,37.081,0.6394
S5-E6,1,357,7.7738,0.1498,17.9556,37.121,0.6395
S5-E6,1,358,7.6102,0.1765,17.8444,37.160,0.6401
S5-E6,1,359,7.4320,0.0000,17.8451,37.052,0.6389
S5-E6,1,360,7.3686,0.3172,19.1087,37.000,0.6357
S5-E6,1,361,7.2966,0.1060,18.6950,36.947,0.6329
S5-E6,1,362,7.1953,0.2901,17.8903,37.151,0.6334
S5-E6,1,363,7.2000,0.2907,18.4334,36.935,0.6376
S5-E6,1,364,6.6332,0.0278,18.4718,37.126,0.6409
S5-E6,1,365,7.3001,0.0000,17.9614,37.115,0.6375
S5-E6,1,366,7.2304,0.4548,17.4279,36.752,0.6340
S5-E6,1,367,7.0844,0.2950,18.1346,37.029,0.6347
S5-E6,1,368,7.0198,0.2427,18.1975,37.107,0.6358
S5-E6,1,369,7.1161,0.0343,17.5796,37.237,0.6378
S5-E6,1,370,7.4272,0.2372,17.8381,36.877,0.6372
S5-E6,1,371,7.5616,0.2546,17.9927,37.056,0.6355
S5-E6,1,372,7.5754,0.0000,18.5438,36.854,0.6356
S5-E6,1,373,8.0965,0.4151,18.7549,37.467,0.6498
S5-E6,1,374,7.5280,0.3078,18.6520,37.547,0.7365
S5-E6,1,375,7.9436,0.2168,19.0888,37.608,0.8295
S5-E6,1,376,8.1087,0.0661,19.1250,37.337,0.8610
S5-E6,1,377,8.0197,0.4283,20.5200,37.077,0.8405
S5-E6,1,378,8.1573,0.1245,19.5082,37.288,0.8063
S5-E6,1,379,7.9361,0.2647,18.9636,37.092,0.7862
S5-E6,1,380,8.3323,0.2270,19.9287,37.153,0.7849
S5-E6,1,381,8.4261,0.2048,19.7417,37.388,0.7909
S5-E6,1,382,8.3143,0.2037,20.6214,37.202,0.7969
S5-E6,1,383,8.2044,0.1497,21.1622,36.952,0.8013
S5-E6,1,384,8.9033,0.3369,21.1585,36.940,0.7992
S5-E6,1,385,8.7947,0.2812,20.9130,36.914,0.7936
S5-E6,1,386,7.9861,0.3706,20.7525,37.049,0.7921
S5-E6,1,387,8.8956,0.3285,19.8702,36.787,0.7945
S5-E6,1,388,8.9740,0.2594,21.9382,37.121,0.7975
S5-E6,1,389,8.6070,0.3614,21.0000,36.990,0.7993
S5-E6,1,390,8.5170,0.2379,21.9925,37.338,0.7991
S5-E6,1,391,9.1936,0.3351,21.4103,37.020,0.7987
S5-E6,1,392,8.6634,0.4012,21.8240,36.870,0.7992
S5-E6,1,393,9.0544,0.2304,21.2344,37.291,0.8002
S5-E6,1,394,8.6313,0.0000,21.0812,37.016,0.8017
S5-E6,1,395,8.7023,0.1057,21.1174,37.077,0.8011
S5-E6,1,396,8.5902,0.2871,20.7106,37.058,0.8001
S5-E6,1,397,8.9277,0.3066,23.0220,37.309,0.7995
S5-E6,1,398,8.5992,0.5254,20.7071,36.845,0.7979
S5-E6,1,399,9.5039,0.3094,20.8364,36.690,0.7945
S5-E6,2,0,8.2307,0.0657,19.1765,33.926,0.6394
S5-E6,2,1,8.3462,0.2769,20.1882,33.887,0.6393
S5-E6,2,2,8.5284,0.3031,19.7333,34.071,0.6401
S5-E6,2,3,8.5107,0.0697,19.1306,33.971,0.6406
S5-E6,2,4,8.2061,0.0000,20.0776,33.940,0.6401
S5-E6,2,5,8.2526,0.2378,19.7004,34.077,0.6391
S5-E6,2,6,8.3649,0.1520,19.3806,34.103,0.6388
S5-E6,2,7,8.2910,0.3803,19.2670,33.810,0.6381
S5-E6,2,8,7.5651,0.0266,20.3522,33.994,0.6380
S5-E6,2,9,7.4154,0.2757,19.4616,33.910,0.6387
S5-E6,2,10,7.9520,0.0078,19.5526,33.734,0.6378
S5-E6,2,11,7.9532,0.0855,19.5383,33.855,0.6360
S5-E6,2,12,7.9520,0.0334,19.4515,33.908,0.6367
S5-E6,2,13,8.2001,0.1054,18.8787,33.894,0.6388
S5-E6,2,14,8.5060,0.0000,19.3359,33.989,0.6388
S5-E6,2,15,8.1102,0.2942,18.8976,34.090,0.6370
S5-E6,2,16,7.7954,0.4410,19.8438,34.331,0.6364
S5-E6,2,17,7.9918,0.0000,18.9168,33.685,0.6322
S5-E6,2,18,7.1512,0.3170,19.6321,33.583,0.6034
S5-E6,2,19,8.1332,0.1825,19.1775,33.814,0.5798
S5-E6,2,20,8.2612,0.1156,19.2186,33.966,0.5793
S5-E6,2,21,8.2438,0.0241,19.1292,33.998,0.5909
S5-E6,2,22,8.5408,0.2005,18.2087,33.932,0.5985
S5-E6,2,23,8.0657,0.2242,18.9703,34.308,0.5986
S5-E6,2,24,7.8648,0.0511,18.7275,34.178,0.5952
S5-E6,2,25,7.8240,0.1719,18.4160,34.020,0.5929
S5-E6,2,26,8.8469,0.0253,19.0418,33.754,0.5933
S5-E6,2,27,8.0405,0.1119,18.7490,34.372,0.5950
S5-E6,2,28,7.7354,0.2331,18.6700,33.985,0.5958
S5-E6,2,29,7.2758,0.1215,19.2520,34.167,0.5950
S5-E6,2,30,7.0156,0.2726,19.3894,33.696,0.5944
S5-E6,2,31,8.2020,0.1149,18.9604,33.991,0.5945
S5-E6,2,32,8.2746,0.1492,18.5248,34.009,0.5954
S5-E6,2,33,7.7313,0.2684,18.2980,33.820,0.5960
S5-E6,2,34,7.9492,0.0894,18.7647,34.167,0.5954
S5-E6,2,35,7.9839,0.3276,18.5041,34.135,0.5954
S5-E6,2,36,8.3271,0.0000,17.9236,34.123,0.5963
S5-E6,2,37,7.6896,0.1744,18.1771,33.907,0.5964
S5-E6,2,38,7.6886,0.1955,18.2733,33.817,0.5953
S5-E6,2,39,7.6279,0.3098,18.1804,33.806,0.5946
S5-E6,2,40,7.7974,0.0000,18.9244,33.992,0.5942
S5-E6,2,41,7.7275,0.0815,18.2596,34.093,0.5949
S5-E6,2,42,7.6113,0.1627,17.9414,33.991,0.5963
S5-E6,2,43,7.4494,0.1272,18.1609,34.123,0.5963
S5-E6,2,44,8.2527,0.3145,18.6536,34.049,0.5949
S5-E6,2,45,7.9077,0.2211,18.2682,34.133,0.5944
S5-E6,2,46,7.4857,0.1796,18.6562,34.015,0.5954
S5-E6,2,47,8.1899,0.0444,18.3456,34.153,0.5956
S5-E6,2,48,7.9177,0.3954,18.3158,33.778,0.5953
S5-E6,2,49,7.7281,0.2285,17.4101,33.880,0.5956
S5-E6,2,50,8.1221,0.0000,18.0106,33.807,0.5951
S5-E6,2,51,7.8545,0.0000,17.3862,34.109,0.5940
S5-E6,2,52,7.2943,0.1868,17.5223,34.116,0.5943
S5-E6,2,53,7.4840,0.0000,18.2015,34.165,0.5952
S5-E6,2,54,7.6950,0.2045,18.4901,34.074,0.5955
S5-E6,2,55,7.4741,0.1183,17.1083,34.060,0.5957
S5-E6,2,56,7.9570,0.3572,18.1207,34.004,0.5957
S5-E6,2,57,8.0598,0.1572,17.4622,34.183,0.5955
S5-E6,2,58,7.7682,0.1803,19.2226,33.948,0.5951
S5-E6,2,59,7.4352,0.2632,17.7505,34.351,0.5942
S5-E6,2,60,7.5413,0.1574,19.1770,34.074,0.5932
S5-E6,2,61,6.9013,0.1508,18.8912,34.172,0.5928
S5-E6,2,62,7.3983,0.2640,18.7586,34.182,0.5926
S5-E6,2,63,7.3255,0.0804,19.1470,33.804,0.5923
S5-E6,2,64,7.1692,0.1593,18.2201,34.092,0.5930
S5-E6,2,65,7.1611,0.2759,17.7972,34.018,0.5944
S5-E6,2,66,7.2167,0.2762,17.8301,33.978,0.5953
S5-E6,2,67,7.5728,0.0000,17.0468,33.965,0.5956
S5-E6,2,68,7.2907,0.0973,18.1248,34.098,0.5952
S5-E6,2,69,7.4705,0.0974,18.6244,33.758,0.5940
S5-E6,2,70,7.4297,0.1720,18.9475,33.801,0.5932
S5-E6,2,71,7.4658,0.3141,18.0351,34.001,0.5940
S5-E6,2,72,7.4540,0.2357,17.8684,34.435,0.5947
S5-E6,2,73,7.8263,0.3161,18.5962,33.873,0.5950
S5-E6,2,74,7.1976,0.3987,18.7198,34.174,0.5944
S5-E6,2,75,7.4418,0.1959,18.7133,34.192,0.5930
S5-E6,2,76,7.1174,0.1417,18.0798,34.104,0.5931
S5-E6,2,77,7.4105,0.3485,18.1223,33.840,0.5940
S5-E6,2,78,7.0532,0.1539,17.6203,34.041,0.5949
S5-E6,2,79,7.6482,0.2127,18.8127,34.074,0.5950
S5-E6,2,80,7.2079,0.0761,18.0902,33.776,0.5947
S5-E6,2,81,7.2614,0.1289,18.6205,33.982,0.5934
S5-E6,2,82,7.4812,0.2471,18.6304,33.795,0.5920
S5-E6,2,83,6.8845,0.2880,17.5314,33.927,0.5928
S5-E6,2,84,7.4566,0.0000,18.7374,33.718,0.5944
S5-E6,2,85,7.5930,0.0000,17.9237,33.729,0.5949
S5-E6,2,86,7.1060,0.1029,17.6289,34.006,0.5938
S5-E6,2,87,7.4891,0.1411,19.1693,33.947,0.5935
S5-E6,2,88,7.1117,0.4222,18.6660,34.022,0.5945
S5-E6,2,89,7.9041,0.1112,17.8415,33.738,0.5945
S5-E6,2,90,7.4784,0.1991,18.2886,33.872,0.5947
S5-E6,2,91,7.2477,0.1423,19.4725,33.992,0.5953
S5-E6,2,92,7.8894,0.3123,18.4930,33.993,0.5956
S5-E6,2,93,7.8175,0.0619,17.3809,34.162,0.5959
S5-E6,2,94,7.7412,0.2205,17.2370,34.003,0.5955
S5-E6,2,95,7.5258,0.2390,17.5468,33.980,0.5945
S5-E6,2,96,7.5573,0.3896,18.9709,33.923,0.5941
S5-E6,2,97,7.4634,0.3784,19.5046,34.029,0.5951
S5-E6,2,98,7.4066,0.0636,18.5610,34.057,0.5959
S5-E6,2,99,7.3518,0.0000,17.0252,34.120,0.5959
S5-E6,2,100,7.3403,0.1922,17.7208,36.921,0.0008
S5-E6,2,101,7.1093,0.2763,18.2478,38.454,0.2951
S5-E6,2,102,7.5453,0.1729,17.1358,38.284,0.7471
S5-E6,2,103,7.6054,0.2508,18.4572,37.216,0.8974
S5-E6,2,104,7.9295,0.2095,17.6813,36.493,0.8082
S5-E6,2,105,7.8023,0.2326,18.3728,36.745,0.6542
S5-E6,2,106,7.5921,0.0000,19.0591,36.811,0.5743
S5-E6,2,107,7.7395,0.3776,18.2561,37.139,0.5891
S5-E6,2,108,7.7239,0.2320,18.9136,37.101,0.6406
S5-E6,2,109,7.4400,0.4667,18.5321,37.265,0.6716
S5-E6,2,110,8.0624,0.0865,18.2445,36.939,0.6695
S5-E6,2,111,7.4771,0.1645,18.6612,36.793,0.6531
S5-E6,2,112,7.5205,0.0000,18.6419,36.752,0.6405
S5-E6,2,113,7.3312,0.0893,18.0897,37.182,0.6382
S5-E6,2,114,7.4864,0.2156,18.2086,37.086,0.6442
S5-E6,2,115,7.2592,0.4185,18.0046,36.892,0.6490
S5-E6,2,116,7.5808,0.0000,17.6318,37.018,0.6499
S5-E6,2,117,7.6333,0.0000,18.3737,36.907,0.6475
S5-E6,2,118,7.8164,0.0299,17.5141,37.215,0.6468
S5-E6,2,119,7.8634,0.2032,18.3739,36.868,0.6495
S5-E6,2,120,8.4782,0.2132,17.8744,37.117,0.6502
S5-E6,2,121,8.1540,0.2166,19.0814,37.013,0.6490
S5-E6,2,122,7.4853,0.1092,18.1187,36.759,0.6504
S5-E6,2,123,7.9077,0.1692,18.3203,37.041,0.6512
S5-E6,2,124,7.8122,0.1487,17.8802,36.910,0.6488
S5-E6,2,125,7.4668,0.1573,19.0498,36.934,0.6448
S5-E6,2,126,7.0457,0.1078,18.2984,37.050,0.6434
S5-E6,2,127,7.2678,0.3679,17.7182,37.150,0.6443
S5-E6,2,128,7.2005,0.0000,16.7273,37.095,0.6452
S5-E6,2,129,7.5868,0.0928,18.4952,37.181,0.6454
S5-E6,2,130,7.6944,0.2113,18.7216,37.277,0.6457
S5-E6,2,131,7.4692,0.1427,17.4737,36.915,0.6458
S5-E6,2,132,7.8366,0.3586,17.8788,37.067,0.6446
S5-E6,2,133,7.6016,0.2179,18.6542,36.812,0.6429
S5-E6,2,134,7.7929,0.1991,18.7918,37.120,0.6461
S5-E6,2,135,7.8807,0.3226,17.6241,36.853,0.6499
S5-E6,2,136,7.4953,0.0000,18.1387,36.630,0.6494
S5-E6,2,137,8.0842,0.2961,18.7120,36.863,0.6468
S5-E6,2,138,7.7899,0.0000,19.5547,36.761,0.6454
S5-E6,2,139,7.3172,0.3693,18.2720,37.169,0.6459
S5-E6,2,140,7.8496,0.0699,18.1501,37.150,0.6478
S5-E6,2,141,6.7763,0.1384,19.3002,36.916,0.6498
S5-E6,2,142,7.2495,0.2172,18.0696,36.760,0.6489
S5-E6,2,143,7.6659,0.3237,18.2392,37.084,0.6452
S5-E6,2,144,8.4077,0.2329,19.0379,36.929,0.6438
S5-E6,2,145,7.6511,0.1506,17.7830,36.997,0.6447
S5-E6,2,146,7.3968,0.1594,18.0690,36.887,0.6466
S5-E6,2,147,7.8418,0.2744,17.6822,37.170,0.6474
S5-E6,2,148,6.9675,0.2478,18.2355,36.949,0.6474
S5-E6,2,149,7.2977,0.2785,18.3330,36.817,0.6466
S5-E6,2,150,7.6826,0.1854,17.3657,37.006,0.6436
S5-E6,2,151,7.9968,0.3217,18.4920,36.950,0.6432
S5-E6,2,152,7.5280,0.3386,17.7508,36.891,0.6463
S5-E6,2,153,7.4671,0.1845,17.6706,37.095,0.6483
S5-E6,2,154,7.3178,0.3053,18.3042,37.036,0.6472
S5-E6,2,155,7.6137,0.3935,18.0551,37.223,0.6457
S5-E6,2,156,6.9724,0.0564,18.1139,37.018,0.6448
S5-E6,2,157,7.6365,0.3381,18.3244,37.211,0.6435
S5-E6,2,158,6.7402,0.3235,18.3319,37.337,0.6442
S5-E6,2,159,7.5395,0.1199,18.6036,37.083,0.6465
S5-E6,2,160,7.7403,0.3007,17.9552,36.835,0.6476
S5-E6,2,161,7.4776,0.0167,18.9065,37.110,0.6468
S5-E6,2,162,8.1443,0.2241,18.7888,36.962,0.6453
S5-E6,2,163,7.1248,0.1055,18.2136,36.913,0.6453
S5-E6,2,164,7.3957,0.2635,18.2662,37.060,0.6461
S5-E6,2,165,7.2231,0.4948,17.9424,37.148,0.6471
S5-E6,2,166,7.4886,0.4977,17.5732,36.843,0.6468
S5-E6,2,167,7.5485,0.1947,18.2758,37.101,0.6454
S5-E6,2,168,7.7307,0.1176,17.6955,36.950,0.6463
S5-E6,2,169,7.5313,0.2506,18.5574,36.619,0.6480
S5-E6,2,170,7.5544,0.5104,17.3819,37.034,0.6483
S5-E6,2,171,6.9713,0.3333,18.3471,37.026,0.6458
S5-E6,2,172,7.8373,0.0000,18.1292,36.840,0.6412
S5-E6,2,173,7.5865,0.2585,18.4558,37.080,0.6390
S5-E6,2,174,7.7186,0.0854,18.2552,36.854,0.6388
S5-E6,2,175,7.6446,0.1878,17.9702,36.972,0.6402
S5-E6,2,176,7.2715,0.5312,18.1891,36.989,0.6426
S5-E6,2,177,7.5410,0.4210,18.7688,37.165,0.6458
S5-E6,2,178,7.7571,0.0203,17.9712,36.588,0.6479
S5-E6,2,179,7.9513,0.2868,17.5830,37.113,0.6475
S5-E6,2,180,7.7382,0.3704,17.6477,36.821,0.6435
S5-E6,2,181,7.2035,0.1146,17.6571,36.845,0.6401
S5-E6,2,182,7.1108,0.4053,18.1316,37.001,0.6408
S5-E6,2,183,7.5535,0.0986,17.6049,37.016,0.6445
S5-E6,2,184,7.2840,0.0000,17.8179,37.255,0.6465
S5-E6,2,185,7.6087,0.3673,18.7071,37.003,0.6463
S5-E6,2,186,7.5362,0.2356,18.5534,36.950,0.6449
S5-E6,2,187,7.6979,0.1360,17.9449,37.130,0.6443
S5-E6,2,188,7.1384,0.2464,18.1037,37.024,0.6451
S5-E6,2,189,7.1396,0.1716,18.1036,36.946,0.6456
S5-E6,2,190,7.0999,0.2398,17.5897,37.200,0.6455
S5-E6,2,191,7.2231,0.0000,17.4775,37.167,0.6443
S5-E6,2,192,7.5774,0.3678,17.5515,37.032,0.6437
S5-E6,2,193,7.3310,0.5792,18.1764,37.225,0.6456
S5-E6,2,194,8.1624,0.4489,18.1333,37.020,0.6472
S5-E6,2,195,7.2237,0.1547,17.6729,37.072,0.6464
S5-E6,2,196,7.5762,0.2223,18.0484,37.004,0.6444
S5-E6,2,197,7.0857,0.2859,17.7105,37.204,0.6427
S5-E6,2,198,7.4512,0.1767,18.5635,37.296,0.6451
S5-E6,2,199,7.3432,0.2730,17.9808,37.109,0.6464
S5-E6,2,200,7.9998,0.1265,18.2227,36.879,0.6469
S5-E6,2,201,7.9554,0.3666,17.9646,36.735,0.6480
S5-E6,2,202,7.4065,0.2286,17.5242,36.985,0.6487
S5-E6,2,203,7.4640,0.1075,18.4200,37.026,0.6468
S5-E6,2,204,7.2083,0.1327,18.0446,36.978,0.6438
S5-E6,2,205,7.8080,0.0000,17.3495,37.043,0.6426
S5-E6,2,206,7.7168,0.1872,18.1777,37.054,0.6427
S5-E6,2,207,7.5463,0.3253,18.3975,36.932,0.6439
S5-E6,2,208,7.4320,0.2076,18.3691,36.841,0.6462
S5-E6,2,209,7.3975,0.1699,19.1095,36.902,0.6470
S5-E6,2,210,7.5055,0.1399,17.3885,37.015,0.6450
S5-E6,2,211,7.5878,0.0288,18.3599,37.284,0.6422
S5-E6,2,212,7.7600,0.3246,18.3595,36.894,0.6417
S5-E6,2,213,7.4145,0.4590,17.6672,36.902,0.6450
S5-E6,2,214,7.3811,0.1620,17.3974,37.122,0.6478
S5-E6,2,215,7.2207,0.0000,18.5094,36.906,0.6474
S5-E6,2,216,7.5127,0.1508,18.8229,36.959,0.6450
S5-E6,2,217,6.9429,0.2197,17.8042,36.997,0.6439
S5-E6,2,218,7.3469,0.1604,18.1847,37.122,0.6448
S5-E6,2,219,7.6806,0.2568,18.9856,36.980,0.6443
S5-E6,2,220,7.4546,0.2887,17.3911,36.842,0.6444
S5-E6,2,221,7.3649,0.4334,17.5127,37.000,0.6458
S5-E6,2,222,7.4117,0.1805,17.9364,37.184,0.6461
S5-E6,2,223,7.4525,0.0000,17.6916,36.981,0.6455
S5-E6,2,224,7.4908,0.0121,18.3421,37.070,0.6445
S5-E6,2,225,7.3851,0.4265,18.8749,37.181,0.6448
S5-E6,2,226,7.9335,0.1241,18.4222,37.006,0.6463
S5-E6,2,227,7.6592,0.2068,18.5872,36.862,0.6478
S5-E6,2,228,7.3640,0.2572,17.8092,36.930,0.6469
S5-E6,2,229,7.5807,0.2866,17.9067,36.963,0.6454
S5-E6,2,230,7.5215,0.2646,19.0534,37.206,0.6481
S5-E6,2,231,7.7863,0.0638,18.0846,36.954,0.6517
S5-E6,2,232,7.2158,0.2439,18.3776,37.104,0.6535
S5-E6,2,233,7.5807,0.2911,17.7758,37.170,0.6516
S5-E6,2,234,6.7666,0.4309,17.4454,36.970,0.6473
S5-E6,2,235,7.6748,0.2667,18.1231,36.945,0.6432
S5-E6,2,236,7.4070,0.2505,18.5407,36.886,0.6405
S5-E6,2,237,7.0741,0.1939,18.5414,37.092,0.6424
S5-E6,2,238,7.3713,0.2441,18.2708,37.089,0.6449
S5-E6,2,239,7.7278,0.1171,18.0681,37.007,0.6446
S5-E6,2,240,7.4440,0.1709,19.4374,36.770,0.6440
S5-E6,2,241,8.1739,0.2196,18.2272,37.105,0.6451
S5-E6,2,242,7.7291,0.2005,18.0382,36.855,0.6462
S5-E6,2,243,7.4074,0.1820,17.3721,37.120,0.6473
S5-E6,2,244,7.7006,0.0670,17.2560,36.732,0.6475
S5-E6,2,245,7.1794,0.2410,18.1563,37.084,0.6470
S5-E6,2,246,7.5707,0.0637,18.8409,36.915,0.6460
S5-E6,2,247,7.7073,0.3429,17.6097,37.062,0.6468
S5-E6,2,248,7.7574,0.1282,18.9239,37.039,0.6472
S5-E6,2,249,7.2117,0.2579,17.9383,37.110,0.6473
S5-E6,2,250,7.5114,0.2232,19.1144,37.109,0.6458
S5-E6,2,251,7.6029,0.2761,18.0515,36.950,0.6438
S5-E6,2,252,7.9048,0.2499,17.3614,37.024,0.6454
S5-E6,2,253,8.2020,0.2136,17.7027,37.125,0.6502
S5-E6,2,254,8.1386,0.1193,17.9466,37.119,0.6530
S5-E6,2,255,7.4878,0.2838,18.2076,37.105,0.6524
S5-E6,2,256,7.5222,0.1728,18.4017,37.038,0.6491
S5-E6,2,257,7.8696,0.1232,17.7340,37.035,0.6461
S5-E6,2,258,7.7720,0.0000,19.0003,37.261,0.6456
S5-E6,2,259,7.8987,0.2382,17.9255,36.779,0.6461
S5-E6,2,260,7.3479,0.3655,17.4752,37.009,0.6479
S5-E6,2,261,7.6852,0.0362,18.6515,37.214,0.6491
S5-E6,2,262,8.2196,0.0000,18.5714,36.711,0.6479
S5-E6,2,263,7.6791,0.5697,17.4564,36.846,0.6473
S5-E6,2,264,7.5965,0.3069,17.2710,37.004,0.6489
S5-E6,2,265,7.2380,0.0000,18.3951,37.340,0.6496
S5-E6,2,266,8.5249,0.4803,17.5928,36.861,0.6500
S5-E6,2,267,7.2235,0.3033,18.4421,36.797,0.6504
S5-E6,2,268,7.4570,0.1808,18.1489,37.190,0.6486
S5-E6,2,269,7.4490,0.5046,18.0264,37.078,0.6471
S5-E6,2,270,8.0078,0.0859,17.4452,36.875,0.6463
S5-E6,2,271,7.7421,0.1046,18.7455,36.983,0.6464
S5-E6,2,272,7.8656,0.0000,17.9781,36.942,0.6484
S5-E6,2,273,7.4212,0.0264,17.7765,36.746,0.6499
S5-E6,2,274,7.9388,0.0000,18.8131,37.218,0.6498
S5-E6,2,275,7.5611,0.1608,18.1978,36.998,0.6494
S5-E6,2,276,7.6901,0.1114,18.3350,36.973,0.6492
S5-E6,2,277,7.6004,0.2721,17.3011,36.824,0.6488
S5-E6,2,278,6.9793,0.2963,19.1380,36.891,0.6475
S5-E6,2,279,7.5398,0.1885,17.8383,36.987,0.6465
S5-E6,2,280,7.4329,0.3752,18.1750,37.058,0.6470
S5-E6,2,281,7.6617,0.2400,17.8120,36.965,0.6463
S5-E6,2,282,7.6019,0.4699,17.9726,37.000,0.6441
S5-E6,2,283,7.5660,0.0499,18.2578,37.064,0.6437
S5-E6,2,284,7.4159,0.0000,17.4980,36.917,0.6456
S5-E6,2,285,7.8685,0.0000,18.2066,37.191,0.6463
S5-E6,2,286,7.3910,0.5295,18.2139,36.835,0.6463
S5-E6,2,287,7.8066,0.1460,18.6935,36.874,0.6468
S5-E6,2,288,7.3543,0.1948,18.4769,36.979,0.6470
S5-E6,2,289,7.0129,0.0893,18.5862,36.926,0.6466
S5-E6,2,290,7.1825,0.0000,18.4511,37.310,0.6421
S5-E6,2,291,7.1939,0.1412,18.3072,36.933,0.6360
S5-E6,2,292,6.9569,0.2741,17.5561,37.098,0.6353
S5-E6,2,293,7.3539,0.0450,18.2145,36.880,0.6391
S5-E6,2,294,6.8324,0.3061,18.4856,36.870,0.6451
S5-E6,2,295,7.1458,0.4256,17.8304,37.230,0.6469
S5-E6,2,296,7.5069,0.3733,18.3474,36.982,0.6429
S5-E6,2,297,7.3631,0.0988,19.0068,36.820,0.6392
S5-E6,2,298,7.6365,0.1506,16.8245,37.103,0.6380
S5-E6,2,299,7.3204,0.1052,17.2543,37.405,0.6410
S5-E6,2,300,7.1970,0.0000,18.2252,36.881,0.6465
S5-E6,2,301,7.8411,0.1913,17.8486,37.307,0.6498
S5-E6,2,302,7.5469,0.1575,18.6468,36.729,0.6500
S5-E6,2,303,7.5594,0.0010,17.8923,37.145,0.6465
S5-E6,2,304,7.7239,0.2707,17.7550,36.828,0.6435
S5-E6,2,305,7.5257,0.4825,17.6637,36.886,0.6446
S5-E6,2,306,7.9565,0.3992,18.2364,37.246,0.6472
S5-E6,2,307,7.7593,0.1734,17.8584,36.848,0.6496
S5-E6,2,308,7.4019,0.2266,17.7956,36.923,0.6498
S5-E6,2,309,7.4534,0.0000,17.5209,36.909,0.6489
S5-E6,2,310,7.5934,0.3345,17.4723,37.046,0.6483
S5-E6,2,311,7.7230,0.4144,20.0027,37.081,0.6470
S5-E6,2,312,7.2849,0.2158,18.3029,37.105,0.6458
S5-E6,2,313,7.8007,0.3702,18.0998,36.932,0.6473
S5-E6,2,314,7.8431,0.2623,19.8980,36.966,0.6491
S5-E6,2,315,7.4278,0.2510,17.8849,37.037,0.6491
S5-E6,2,316,6.8692,0.6313,17.5020,37.128,0.6477
S5-E6,2,317,7.9728,0.2279,17.8031,37.162,0.6469
S5-E6,2,318,7.8460,0.0284,17.8068,37.241,0.6482
S5-E6,2,319,7.4419,0.4572,16.6303,36.789,0.6504
S5-E6,2,320,7.7376,0.3848,18.4872,36.910,0.6509
S5-E6,2,321,8.2041,0.4091,18.6194,36.735,0.6492
S5-E6,2,322,7.8243,0.0000,18.9243,37.182,0.6453
S5-E6,2,323,7.8787,0.0000,17.9516,36.891,0.6418
S5-E6,2,324,7.9998,0.0716,17.4300,36.900,0.6445
S5-E6,2,325,8.0517,0.1475,18.7584,36.811,0.6432
S5-E6,2,326,8.1398,0.0000,17.7897,36.971,0.6093
S5-E6,2,327,7.3092,0.1605,18.0605,36.897,0.5746
S5-E6,2,328,7.6911,0.4118,17.1790,36.795,0.5678
S5-E6,2,329,6.9350,0.0514,17.8738,36.813,0.5819
S5-E6,2,330,7.7780,0.2508,17.8446,36.926,0.5962
S5-E6,2,331,7.6021,0.6209,17.8799,36.985,0.6009
S5-E6,2,332,7.4935,0.1093,16.5060,36.938,0.5969
S5-E6,2,333,7.1823,0.2629,16.6118,37.251,0.5914
S5-E6,2,334,7.4822,0.1085,17.9735,37.121,0.5899
S5-E6,2,335,7.4834,0.3019,18.1760,36.962,0.5916
S5-E6,2,336,7.4873,0.0821,17.0473,36.952,0.5943
S5-E6,2,337,6.8687,0.1963,17.1825,36.884,0.5953
S5-E6,2,338,7.3561,0.4270,17.0278,36.949,0.5942
S5-E6,2,339,6.8850,0.4055,17.2938,36.628,0.5908
S5-E6,2,340,6.7571,0.1205,16.2718,37.002,0.5877
S5-E6,2,341,7.5288,0.1267,17.0849,37.007,0.5874
S5-E6,2,342,6.9809,0.3325,17.8934,36.745,0.5899
S5-E6,2,343,6.9059,0.4295,17.5553,36.758,0.5900
S5-E6,2,344,6.7218,0.3015,16.2845,37.098,0.5891
S5-E6,2,345,6.2504,0.1275,16.4838,36.916,0.5890
S5-E6,2,346,7.1799,0.1971,16.6005,36.971,0.5875
S5-E6,2,347,6.4337,0.3329,17.1159,37.131,0.5862
S5-E6,2,348,6.6570,0.3126,17.2145,37.003,0.5856
S5-E6,2,349,7.3076,0.3825,16.1715,36.921,0.5869
S5-E6,2,350,6.9568,0.2047,17.3900,37.131,0.5884
S5-E6,2,351,6.5867,0.2326,17.9790,36.830,0.5878
S5-E6,2,352,6.6266,0.4483,16.7589,37.101,0.5859
S5-E6,2,353,6.6352,0.2355,16.3337,36.772,0.5839
S5-E6,2,354,6.7953,0.1988,17.1411,36.773,0.5842
S5-E6,2,355,6.7506,0.0600,16.9680,37.056,0.5863
S5-E6,2,356,6.9499,0.1485,16.5108,37.177,0.5871
S5-E6,2,357,6.3643,0.0666,16.8690,37.218,0.5865
S5-E6,2,358,6.3411,0.2421,16.2694,36.971,0.5850
S5-E6,2,359,6.9964,0.0000,17.9166,37.050,0.5826
S5-E6,2,360,6.9424,0.5934,16.8454,36.874,0.5840
S5-E6,2,361,7.2119,0.2891,17.1701,37.425,0.5865
S5-E6,2,362,6.4736,0.0760,16.3574,36.698,0.5860
S5-E6,2,363,7.6256,0.0886,16.3859,37.189,0.5859
S5-E6,2,364,7.2838,0.1337,16.6654,37.132,0.5879
S5-E6,2,365,7.5413,0.4028,18.0337,37.013,0.5896
S5-E6,2,366,6.6991,0.3493,16.3279,36.725,0.5899
S5-E6,2,367,6.9965,0.0202,17.1186,37.353,0.5901
S5-E6,2,368,7.0800,0.0219,16.2939,36.872,0.5895
S5-E6,2,369,6.7753,0.3048,16.6199,36.908,0.5885
S5-E6,2,370,7.0932,0.0187,16.6410,37.095,0.5884
S5-E6,2,371,6.7187,0.2739,18.0383,37.066,0.5874
S5-E6,2,372,6.7917,0.3595,18.0264,37.273,0.5872
S5-E6,2,373,6.6575,0.1237,16.8639,36.997,0.5878
S5-E6,2,374,6.8256,0.2043,16.7581,36.872,0.5875
S5-E6,2,375,6.8495,0.2927,16.0969,36.964,0.5880
S5-E6,2,376,7.2537,0.2169,17.8874,36.940,0.5907
S5-E6,2,377,7.3746,0.0594,17.3233,36.907,0.5918
S5-E6,2,378,6.9749,0.0000,15.9955,37.060,0.5890
S5-E6,2,379,7.2503,0.2503,17.9104,37.117,0.5847
S5-E6,2,380,6.7812,0.1576,16.8510,36.994,0.5845
S5-E6,2,381,6.8876,0.1803,18.0242,37.046,0.5848
S5-E6,2,382,6.8228,0.0000,16.3284,36.759,0.5853
S5-E6,2,383,7.1228,0.1793,17.0667,36.950,0.5859
S5-E6,2,384,6.7549,0.1812,16.1174,37.219,0.5856
S5-E6,2,385,6.9025,0.1683,16.9076,36.912,0.5871
S5-E6,2,386,7.5203,0.6373,16.7268,37.160,0.5886
S5-E6,2,387,6.5925,0.2070,17.3265,36.882,0.5894
S5-E6,2,388,6.8503,0.3684,17.5944,36.889,0.5882
S5-E6,2,389,6.8165,0.2384,16.3256,37.108,0.5863
S5-E6,2,390,6.6490,0.3513,16.0872,36.949,0.5850
S5-E6,2,391,6.6785,0.3554,15.8923,37.070,0.5846
S5-E6,2,392,6.9228,0.2718,17.2633,36.959,0.5858
S5-E6,2,393,6.5499,0.2663,15.9996,37.053,0.5861
S5-E6,2,394,6.7257,0.1118,16.6199,37.041,0.5856
S5-E6,2,395,6.7760,0.3990,16.8737,37.026,0.5855
S5-E6,2,396,7.2316,0.0000,16.5723,36.958,0.5853
S5-E6,2,397,6.9744,0.2316,17.5254,37.300,0.5875
S5-E6,2,398,7.1933,0.2102,16.3782,36.978,0.5909
S5-E6,2,399,7.3444,0.0000,16.2080,37.000,0.5915
S5-E7,0,0,5.4850,0.0087,11.7096,34.224,0.3808
S5-E7,0,1,5.5527,0.1104,11.7956,34.171,0.3774
S5-E7,0,2,5.6119,0.0703,12.6334,33.746,0.3543
S5-E7,0,3,5.2561,0.0940,12.3997,34.075,0.3422
S5-E7,0,4,5.2469,0.0000,12.6940,33.902,0.3453
S5-E7,0,5,5.2631,0.1799,11.9008,33.857,0.3528
S5-E7,0,6,4.8923,0.0000,12.8855,33.979,0.3565
S5-E7,0,7,5.2014,0.0169,11.7710,33.938,0.3558
S5-E7,0,8,5.2089,0.1314,12.2751,33.995,0.3541
S5-E7,0,9,5.1833,0.1607,12.4797,33.824,0.3537
S5-E7,0,10,5.2195,0.0000,12.9480,33.963,0.3537
S5-E7,0,11,5.3398,0.2698,12.5517,33.918,0.3534
S5-E7,0,12,5.4234,0.1506,12.5864,33.580,0.3532
S5-E7,0,13,4.9819,0.0502,12.0156,33.932,0.3544
S5-E7,0,14,5.1044,0.2512,12.1836,33.941,0.3552
S5-E7,0,15,4.9815,0.0000,12.6631,34.039,0.3546
S5-E7,0,16,5.2090,0.0532,11.8011,34.091,0.3535
S5-E7,0,17,5.4031,0.0000,12.3636,33.876,0.3527
S5-E7,0,18,4.9531,0.2573,12.1148,34.005,0.3534
S5-E7,0,19,5.0085,0.0977,11.8644,33.901,0.3545
S5-E7,0,20,5.1797,0.2485,12.2694,33.889,0.3544
S5-E7,0,21,5.0514,0.0089,12.3635,33.839,0.3531
S5-E7,0,22,5.2693,0.1482,11.5181,33.952,0.3522
S5-E7,0,23,4.4815,0.0753,12.0023,33.876,0.3526
S5-E7,0,24,4.7771,0.0000,11.6439,34.030,0.3533
S5-E7,0,25,5.0424,0.0946,12.2204,34.090,0.3539
S5-E7,0,26,5.2529,0.2247,11.4247,34.132,0.3547
S5-E7,0,27,5.3442,0.1428,12.0977,34.057,0.3548
S5-E7,0,28,4.9164,0.0000,12.4776,33.827,0.3537
S5-E7,0,29,4.8867,0.3010,11.9756,34.093,0.3533
S5-E7,0,30,5.0748,0.1228,11.8681,33.978,0.3538
S5-E7,0,31,5.0612,0.2238,12.2961,33.757,0.3539
S5-E7,0,32,4.9232,0.0346,12.3660,34.024,0.3531
S5-E7,0,33,4.8562,0.1073,12.0225,33.844,0.3524
S5-E7,0,34,5.2501,0.1145,12.2443,34.085,0.3531
S5-E7,0,35,5.1274,0.0545,12.0969,33.946,0.3541
S5-E7,0,36,5.3875,0.0000,11.9976,34.465,0.3550
S5-E7,0,37,5.4206,0.0315,12.1814,33.848,0.3551
S5-E7,0,38,5.2578,0.0887,12.0377,34.077,0.3546
S5-E7,0,39,5.1545,0.0160,12.6277,33.935,0.3534
S5-E7,0,40,4.9030,0.0330,12.3306,33.760,0.3527
S5-E7,0,41,5.2386,0.1026,12.5559,34.052,0.3532
S5-E7,0,42,5.2033,0.2546,11.1484,33.792,0.3536
S5-E7,0,43,5.0495,0.2358,11.4345,33.938,0.3540
S5-E7,0,44,5.1203,0.1414,11.3618,33.834,0.3543
S5-E7,0,45,5.3150,0.0357,12.0726,33.736,0.3544
S5-E7,0,46,5.3341,0.2844,12.5650,33.780,0.3542
S5-E7,0,47,5.0385,0.3284,12.1393,33.976,0.3538
S5-E7,0,48,5.5842,0.0000,12.5951,33.859,0.3538
S5-E7,0,49,5.1640,0.0100,12.2587,33.958,0.3540
S5-E7,0,50,5.3039,0.0000,12.4856,34.202,0.3541
S5-E7,0,51,4.7984,0.1347,12.0331,34.054,0.3540
S5-E7,0,52,4.9236,0.0808,12.4012,33.692,0.3539
S5-E7,0,53,4.9146,0.1282,11.8910,33.979,0.3536
S5-E7,0,54,4.8943,0.3783,12.1689,34.245,0.3536
S5-E7,0,55,4.9682,0.1824,11.9722,33.694,0.3536
S5-E7,0,56,5.1779,0.2691,12.0691,34.014,0.3540
S5-E7,0,57,5.1753,0.2547,12.2410,34.111,0.3545
S5-E7,0,58,5.4026,0.3079,12.8413,35.203,0.3979
S5-E7,0,59,6.1083,0.3086,13.4901,35.531,0.6353
S5-E7,0,60,5.7548,0.3735,14.3579,34.860,0.8384
S5-E7,0,61,6.2588,0.1550,15.0880,34.563,0.8610
S5-E7,0,62,6.4564,0.3060,15.8799,34.358,0.7756
S5-E7,0,63,6.6237,0.3478,15.7710,34.214,0.7032
S5-E7,0,64,6.6111,0.2377,17.1800,34.516,0.6922
S5-E7,0,65,7.3379,0.1505,16.7925,34.300,0.7155
S5-E7,0,66,7.2878,0.3101,17.7281,34.263,0.7329
S5-E7,0,67,7.8075,0.0939,18.3843,34.017,0.7321
S5-E7,0,68,7.7285,0.6220,17.1109,33.908,0.7227
S5-E7,0,69,7.9032,0.3871,17.3981,34.287,0.7164
S5-E7,0,70,8.0078,0.0296,19.2179,34.195,0.7166
S5-E7,0,71,8.1514,0.3501,18.9871,34.107,0.7193
S5-E7,0,72,7.8418,0.2148,19.1806,34.207,0.7207
S5-E7,0,73,7.6723,0.3250,19.9421,33.953,0.7187
S5-E7,0,74,8.4549,0.5033,19.9448,34.052,0.7154
S5-E7,0,75,7.4355,0.1650,19.4131,33.890,0.7142
S5-E7,0,76,7.8209,0.0387,20.1174,34.013,0.7150
S5-E7,0,77,8.1342,0.2250,19.1935,33.940,0.7161
S5-E7,0,78,8.0609,0.0761,19.4946,33.822,0.7163
S5-E7,0,79,7.8661,0.2703,21.1755,34.174,0.7156
S5-E7,0,80,7.7519,0.0409,20.8143,34.309,0.7147
S5-E7,0,81,8.7725,0.0000,21.2990,33.886,0.7153
S5-E7,0,82,8.3881,0.2923,21.9368,34.012,0.7172
S5-E7,0,83,8.4235,0.0976,20.8938,34.060,0.7183
S5-E7,0,84,8.1006,0.1760,20.2838,33.933,0.7184
S5-E7,0,85,8.7017,0.4255,21.0935,33.989,0.7184
S5-E7,0,86,8.0990,0.2996,19.2791,34.228,0.7186
S5-E7,0,87,8.7802,0.0000,21.1616,33.848,0.7183
S5-E7,0,88,8.9284,0.1586,21.2475,34.013,0.7174
S5-E7,0,89,8.9573,0.1241,21.0217,34.204,0.7167
S5-E7,0,90,8.4255,0.1251,21.3205,34.010,0.7161
S5-E7,0,91,8.7323,0.0839,20.7792,33.912,0.7158
S5-E7,0,92,8.4443,0.1678,20.7753,33.987,0.7169
S5-E7,0,93,8.5277,0.0000,21.3820,33.926,0.7175
S5-E7,0,94,8.5387,0.3140,21.3227,34.163,0.7161
S5-E7,0,95,8.8418,0.3204,20.9296,33.895,0.7157
S5-E7,0,96,8.1356,0.0753,21.7021,34.018,0.7171
S5-E7,0,97,8.8398,0.1279,20.6121,33.994,0.7176
S5-E7,0,98,8.9031,0.1023,21.5255,33.981,0.7175
S5-E7,0,99,8.9828,0.0000,21.5072,34.076,0.7188
S5-E7,0,100,8.8878,0.0759,22.4563,32.730,1.0000
S5-E7,0,101,8.6864,0.2231,21.7149,31.013,1.0000
S5-E7,0,102,8.6358,0.2728,21.0114,29.926,0.8828
S5-E7,0,103,8.9901,0.2754,20.8531,30.412,0.5754
S5-E7,0,104,9.0045,0.0499,21.1266,31.480,0.5470
S5-E7,0,105,9.5005,0.1556,22.1982,31.312,0.6942
S5-E7,0,106,8.5722,0.4215,22.3041,31.340,0.7683
S5-E7,0,107,9.0781,0.2970,21.7840,30.933,0.7353
S5-E7,0,108,8.6038,0.0752,20.6838,31.153,0.6833
S5-E7,0,109,9.2709,0.2464,21.2322,31.186,0.6747
S5-E7,0,110,9.3350,0.2150,22.1433,31.290,0.6940
S5-E7,0,111,9.3591,0.2095,22.5594,31.120,0.7076
S5-E7,0,112,8.7035,0.3709,20.3481,30.920,0.7046
S5-E7,0,113,8.9575,0.2583,21.9229,31.167,0.6962
S5-E7,0,114,8.2837,0.0405,20.3097,31.219,0.6939
S5-E7,0,115,8.8122,0.3092,21.0725,30.958,0.6967
S5-E7,0,116,9.9968,0.0994,21.4656,31.146,0.6995
S5-E7,0,117,8.5466,0.0000,20.7667,30.862,0.6991
S5-E7,0,118,9.0012,0.2489,21.5668,31.104,0.6975
S5-E7,0,119,8.3086,0.4029,22.3771,30.970,0.6966
S5-E7,0,120,8.8037,0.3884,19.8249,30.965,0.6962
S5-E7,0,121,7.9649,0.1067,20.8996,31.357,0.6977
S5-E7,0,122,8.6702,0.0266,21.4847,30.969,0.6994
S5-E7,0,123,8.8746,0.2949,20.6865,31.132,0.6997
S5-E7,0,124,8.7642,0.1526,20.5166,30.979,0.6991
S5-E7,0,125,9.2561,0.0000,20.7673,30.816,0.6994
S5-E7,0,126,8.5931,0.1488,20.6456,30.890,0.6996
S5-E7,0,127,9.3529,0.3515,20.2065,31.162,0.6993
S5-E7,0,128,9.6440,0.0000,22.2623,31.323,0.6993
S5-E7,0,129,8.5733,0.1277,22.0146,30.900,0.6977
S5-E7,0,130,9.1286,0.1224,21.1486,31.334,0.6969
S5-E7,0,131,8.9520,0.0883,20.9364,31.061,0.6978
S5-E7,0,132,8.9672,0.4461,22.3442,31.132,0.6983
S5-E7,0,133,8.9963,0.2436,21.7450,31.210,0.6995
S5-E7,0,134,9.4864,0.4143,21.0368,30.846,0.6999
S5-E7,0,135,8.8762,0.3533,21.7126,30.837,0.6986
S5-E7,0,136,9.2314,0.5139,21.7295,30.909,0.6974
S5-E7,0,137,8.5071,0.0000,20.4586,31.015,0.6971
S5-E7,0,138,8.6222,0.4690,20.8488,31.006,0.6981
S5-E7,0,139,9.2923,0.3292,20.4988,31.392,0.6983
S5-E7,0,140,8.3670,0.2768,20.5289,31.118,0.6963
S5-E7,0,141,9.2508,0.3486,21.9337,30.632,0.6942
S5-E7,0,142,8.9790,0.0347,21.5000,30.955,0.6955
S5-E7,0,143,8.6019,0.2305,22.0524,30.915,0.6997
S5-E7,0,144,9.3066,0.2984,20.9878,31.263,0.7009
S5-E7,0,145,8.4460,0.2080,21.1904,31.049,0.6987
S5-E7,0,146,8.9111,0.3058,21.0968,30.900,0.6976
S5-E7,0,147,9.1617,0.3908,20.4315,30.893,0.6997
S5-E7,0,148,9.6349,0.2493,21.0972,30.816,0.7017
S5-E7,0,149,9.0238,0.0965,22.3723,31.096,0.6990
S5-E7,0,150,9.1206,0.1469,19.5947,30.929,0.6969
S5-E7,0,151,9.1373,0.2886,21.3715,30.909,0.6978
S5-E7,0,152,9.1802,0.4083,21.5564,31.277,0.6986
S5-E7,0,153,8.7588,0.2582,21.5084,30.867,0.6990
S5-E7,0,154,9.5562,0.2872,21.9977,31.098,0.6984
S5-E7,0,155,8.7034,0.2699,21.3042,31.057,0.6958
S5-E7,0,156,8.9839,0.3414,20.9187,30.912,0.6954
S5-E7,0,157,8.9475,0.4680,21.1570,30.919,0.6996
S5-E7,0,158,8.5983,0.1655,22.4936,30.721,0.7000
S5-E7,0,159,9.0349,0.2962,21.3751,30.959,0.6968
S5-E7,0,160,9.2395,0.3694,21.6082,30.952,0.6958
S5-E7,0,161,8.8641,0.1133,22.1245,30.962,0.6968
S5-E7,0,162,8.8995,0.1935,20.9921,30.935,0.6978
S5-E7,0,163,8.7853,0.0047,20.9635,30.986,0.6974
S5-E7,0,164,8.4216,0.2230,20.9451,31.078,0.6968
S5-E7,0,165,8.7821,0.1869,20.6065,30.853,0.6989
S5-E7,0,166,9.1484,0.0000,22.0735,30.966,0.7006
S5-E7,0,167,8.6754,0.1546,20.8713,31.150,0.6995
S5-E7,0,168,8.9685,0.0000,20.7489,31.303,0.6974
S5-E7,0,169,8.8089,0.2986,21.9031,30.877,0.6965
S5-E7,0,170,8.3248,0.2119,20.0188,31.132,0.6960
S5-E7,0,171,8.7762,0.2275,21.7542,30.922,0.6964
S5-E7,0,172,8.5749,0.4874,21.0390,31.170,0.6975
S5-E7,0,173,8.6144,0.0741,22.3986,31.158,0.6973
S5-E7,0,174,9.2151,0.2753,21.1519,30.921,0.6982
S5-E7,0,175,8.5256,0.0923,21.0438,31.182,0.7021
S5-E7,0,176,8.9786,0.3705,21.3052,30.846,0.7025
S5-E7,0,177,8.3628,0.1766,21.5373,31.098,0.6983
S5-E7,0,178,8.4891,0.2030,20.5926,30.881,0.6965
S5-E7,0,179,9.1369,0.3557,21.1810,31.344,0.6979
S5-E7,0,180,8.3917,0.5171,21.9349,31.113,0.6984
S5-E7,0,181,8.8081,0.4868,21.5013,31.090,0.6978
S5-E7,0,182,8.7653,0.3374,21.7368,31.126,0.6975
S5-E7,0,183,8.8500,0.0827,20.7714,31.184,0.6976
S5-E7,0,184,8.7563,0.1597,22.0621,30.940,0.6977
S5-E7,0,185,8.7241,0.5631,21.3843,30.804,0.6975
S5-E7,0,186,8.4769,0.1368,21.8286,30.934,0.6972
S5-E7,0,187,8.4061,0.3414,21.5434,31.060,0.6985
S5-E7,0,188,8.1655,0.1192,21.5497,30.871,0.6994
S5-E7,0,189,8.9166,0.3380,21.0237,31.285,0.7025
S5-E7,0,190,9.4128,0.5599,21.5874,31.245,0.7256
S5-E7,0,191,8.6429,0.2909,22.1448,31.092,0.7448
S5-E7,0,192,8.8102,0.0000,20.7976,31.139,0.7432
S5-E7,0,193,9.0704,0.1626,21.3307,31.216,0.7330
S5-E7,0,194,8.6650,0.4158,21.3408,31.209,0.7292
S5-E7,0,195,8.9233,0.2977,22.2016,30.847,0.7303
S5-E7,0,196,9.1305,0.2122,20.6430,31.151,0.7322
S5-E7,0,197,9.5514,0.3371,21.4415,31.228,0.7346
S5-E7,0,198,9.2253,0.2458,22.0930,31.049,0.7338
S5-E7,0,199,9.5508,0.1020,21.8184,30.900,0.7302
S5-E7,0,200,9.3418,0.3826,21.6614,30.578,0.7106
S5-E7,0,201,9.2418,0.1724,21.5803,30.290,0.6016
S5-E7,0,202,8.6357,0.1197,20.7073,30.616,0.5171
S5-E7,0,203,8.1798,0.2483,19.7355,30.904,0.5266
S5-E7,0,204,8.7744,0.1911,20.5781,31.006,0.5735
S5-E7,0,205,8.1024,0.1623,19.7226,31.078,0.5975
S5-E7,0,206,7.5052,0.0533,19.4018,30.815,0.5891
S5-E7,0,207,8.2530,0.0000,20.7082,30.790,0.5734
S5-E7,0,208,8.0869,0.4624,19.2025,31.122,0.5699
S5-E7,0,209,7.7024,0.0457,19.1568,31.069,0.5777
S5-E7,0,210,8.1557,0.1443,18.6254,31.096,0.5841
S5-E7,0,211,8.3027,0.0000,19.9387,31.018,0.5838
S5-E7,0,212,7.4596,0.5199,19.0365,30.977,0.5805
S5-E7,0,213,8.1225,0.4035,20.3221,31.040,0.5801
S5-E7,0,214,7.9109,0.3224,18.1797,31.152,0.5830
S5-E7,0,215,8.2153,0.0000,18.8747,30.879,0.5849
S5-E7,0,216,8.4606,0.1023,19.1920,30.902,0.5850
S5-E7,0,217,8.1589,0.0137,18.1615,30.767,0.5841
S5-E7,0,218,7.8052,0.3149,20.0178,30.966,0.5828
S5-E7,0,219,8.5174,0.1629,18.8060,30.992,0.5812
S5-E7,0,220,7.9354,0.3531,18.7339,30.862,0.5811
S5-E7,0,221,8.2006,0.2252,18.3855,30.715,0.5828
S5-E7,0,222,8.2443,0.1048,19.3818,30.792,0.5836
S5-E7,0,223,7.3715,0.0000,19.5091,30.862,0.5840
S5-E7,0,224,8.0146,0.0533,18.5109,31.142,0.5843
S5-E7,0,225,8.0579,0.4292,18.6985,30.856,0.5834
S5-E7,0,226,7.6705,0.3284,17.7326,30.964,0.5823
S5-E7,0,227,7.2226,0.0000,17.8285,30.989,0.5812
S5-E7,0,228,7.7450,0.1584,18.4221,30.757,0.5811
S5-E7,0,229,7.6025,0.0704,18.3730,31.240,0.5824
S5-E7,0,230,7.5049,0.4000,17.6488,31.208,0.5847
S5-E7,0,231,7.5927,0.0000,20.1032,31.072,0.5860
S5-E7,0,232,7.4146,0.0000,18.3739,31.180,0.5849
S5-E7,0,233,7.6716,0.3847,19.0685,31.091,0.5831
S5-E7,0,234,7.5203,0.0279,18.9997,31.030,0.5826
S5-E7,0,235,7.8465,0.2257,18.5355,30.963,0.5836
S5-E7,0,236,7.0886,0.2520,17.6496,30.901,0.5849
S5-E7,0,237,7.9651,0.0399,18.0835,31.047,0.5849
S5-E7,0,238,7.6036,0.3742,17.9825,31.047,0.5839
S5-E7,0,239,7.6504,0.2178,18.6596,30.771,0.5838
S5-E7,0,240,7.5827,0.3568,17.9681,30.877,0.5836
S5-E7,0,241,7.5900,0.1488,19.0424,30.881,0.5835
S5-E7,0,242,7.9059,0.0196,17.9610,31.050,0.5846
S5-E7,0,243,7.4186,0.2035,18.2611,31.010,0.5838
S5-E7,0,244,7.4552,0.4533,18.4702,31.128,0.5826
S5-E7,0,245,7.8298,0.1499,18.5591,30.716,0.5848
S5-E7,0,246,8.3630,0.0000,17.8867,30.944,0.5868
S5-E7,0,247,7.6955,0.3362,18.3813,30.859,0.5854
S5-E7,0,248,8.5061,0.2736,18.8611,30.792,0.5835
S5-E7,0,249,8.7443,0.1938,18.5806,30.779,0.5840
S5-E7,0,250,7.7765,0.3607,18.8881,31.283,0.5858
S5-E7,0,251,8.2917,0.0000,20.0125,30.936,0.5859
S5-E7,0,252,8.1747,0.0999,17.8995,31.257,0.5845
S5-E7,0,253,8.0915,0.2831,19.8787,31.301,0.5818
S5-E7,0,254,8.3240,0.0000,17.9069,31.285,0.5820
S5-E7,0,255,8.2283,0.3077,19.0568,31.158,0.5846
S5-E7,0,256,7.8433,0.3732,17.9653,30.324,0.5587
S5-E7,0,257,7.9388,0.1560,18.1493,30.130,0.4231
S5-E7,0,258,8.4993,0.0000,18.0884,30.362,0.3229
S5-E7,0,259,7.5932,0.0684,16.0754,30.970,0.3317
S5-E7,0,260,6.9201,0.0000,16.9566,31.073,0.3833
S5-E7,0,261,6.5725,0.0000,16.3763,30.885,0.4098
S5-E7,0,262,6.5103,0.4145,16.0249,30.603,0.4037
S5-E7,0,263,6.6631,0.1789,15.5271,30.717,0.3902
S5-E7,0,264,6.4242,0.2785,14.9560,30.978,0.3867
S5-E7,0,265,6.2282,0.2940,15.4917,31.144,0.3923
S5-E7,0,266,5.9619,0.2004,14.8078,30.976,0.3980
S5-E7,0,267,6.0454,0.4658,15.2643,30.940,0.3989
S5-E7,0,268,5.8434,0.3883,14.9180,30.911,0.3965
S5-E7,0,269,5.8534,0.3068,14.1916,30.645,0.3968
S5-E7,0,270,6.0973,0.2325,15.1306,30.854,0.3997
S5-E7,0,271,6.0174,0.2616,14.0620,30.673,0.4008
S5-E7,0,272,5.5984,0.0484,14.0865,31.118,0.3995
S5-E7,0,273,5.7405,0.0956,14.1704,31.060,0.3979
S5-E7,0,274,5.7940,0.1682,13.5191,31.179,0.3976
S5-E7,0,275,5.7813,0.2055,13.8946,30.956,0.3987
S5-E7,0,276,5.8542,0.4569,13.3666,31.061,0.3996
S5-E7,0,277,5.9059,0.0794,13.2270,31.180,0.4001
S5-E7,0,278,6.0767,0.0568,14.1668,30.979,0.4003
S5-E7,0,279,5.7845,0.1060,13.9291,30.984,0.4001
S5-E7,0,280,6.0354,0.2506,13.6682,30.937,0.4005
S5-E7,0,281,5.6335,0.2413,13.6140,31.023,0.4002
S5-E7,0,282,6.0653,0.1467,13.6588,30.858,0.4000
S5-E7,0,283,5.6857,0.3138,14.0838,30.806,0.3998
S5-E7,0,284,5.3340,0.3649,13.6450,31.106,0.3996
S5-E7,0,285,5.2798,0.0121,13.7056,31.038,0.3995
S5-E7,0,286,6.0892,0.0813,13.5869,31.145,0.3996
S5-E7,0,287,5.4525,0.4519,13.4027,30.827,0.4002
S5-E7,0,288,5.3616,0.0187,13.5008,31.050,0.3996
S5-E7,0,289,5.2229,0.0678,13.2354,31.036,0.3986
S5-E7,0,290,5.6573,0.0414,13.6376,31.072,0.3985
S5-E7,0,291,5.5052,0.1227,13.4001,30.981,0.4004
S5-E7,0,292,5.3844,0.0000,13.8558,31.225,0.4020
S5-E7,0,293,5.3725,0.1146,13.5642,30.988,0.4008
S5-E7,0,294,5.4659,0.1335,13.1301,30.995,0.3996
S5-E7,0,295,5.3514,0.1742,14.0279,31.140,0.3999
S5-E7,0,296,5.5287,0.2348,13.1657,30.998,0.4002
S5-E7,0,297,5.5394,0.1788,13.7356,31.353,0.4006
S5-E7,0,298,5.1836,0.1718,13.3466,30.993,0.4012
S5-E7,0,299,5.4174,0.1271,13.4624,30.993,0.4004
S5-E7,0,300,5.5300,0.0207,13.0219,30.720,0.3989
S5-E7,0,301,5.8907,0.2511,13.3519,30.903,0.3994
S5-E7,0,302,5.4735,0.2933,13.3377,30.916,0.4010
S5-E7,0,303,5.2143,0.1093,13.2674,31.165,0.4009
S5-E7,0,304,5.3955,0.3073,13.0111,31.144,0.4007
S5-E7,0,305,5.0304,0.0380,13.4459,31.253,0.4000
S5-E7,0,306,5.4418,0.2772,12.5962,31.134,0.3976
S5-E7,0,307,4.9796,0.0000,13.2513,31.001,0.3987
S5-E7,0,308,5.3046,0.0655,13.1622,30.988,0.4019
S5-E7,0,309,5.1694,0.1211,13.4892,30.777,0.4024
S5-E7,0,310,5.3189,0.0428,13.5591,30.911,0.4012
S5-E7,0,311,5.7219,0.0067,12.9739,30.986,0.4005
S5-E7,0,312,5.6071,0.1765,13.6111,31.045,0.4008
S5-E7,0,313,5.5418,0.1647,13.8165,31.103,0.4003
S5-E7,0,314,5.4932,0.0579,12.9916,30.954,0.4000
S5-E7,0,315,5.0869,0.3890,12.7539,30.858,0.4004
S5-E7,0,316,5.3338,0.1598,13.7097,30.794,0.4003
S5-E7,0,317,5.1694,0.2563,13.5652,31.312,0.3999
S5-E7,0,318,5.2418,0.1289,12.7502,31.345,0.3993
S5-E7,0,319,5.2373,0.1107,13.4028,30.792,0.4012
S5-E7,0,320,5.2575,0.0000,13.5196,31.208,0.4028
S5-E7,0,321,5.5901,0.2771,13.1857,31.004,0.4017
S5-E7,0,322,5.6650,0.0000,13.1742,30.888,0.4005
S5-E7,0,323,5.4376,0.2453,12.9784,31.082,0.4007
S5-E7,0,324,5.4917,0.0875,13.1560,31.322,0.4013
S5-E7,0,325,5.3232,0.1255,14.3176,31.185,0.4010
S5-E7,0,326,5.3776,0.2849,12.5156,31.136,0.4000
S5-E7,0,327,5.7169,0.1156,13.2248,30.995,0.3994
S5-E7,0,328,5.6732,0.2665,13.5811,30.968,0.3989
S5-E7,0,329,5.5920,0.1537,12.6326,30.890,0.3991
S5-E7,0,330,5.5650,0.1191,13.4519,30.705,0.4010
S5-E7,0,331,5.5903,0.1059,14.4078,31.844,0.4333
S5-E7,0,332,6.1729,0.3251,14.8964,32.232,0.6445
S5-E7,0,333,6.7776,0.0000,15.3708,31.862,0.8365
S5-E7,0,334,6.7820,0.3992,16.8797,30.908,0.8308
S5-E7,0,335,7.0747,0.0000,17.0131,31.226,0.7281
S5-E7,0,336,6.7962,0.4850,15.6593,29.502,0.6204
S5-E7,0,337,6.6522,0.2100,16.1351,29.507,0.3331
S5-E7,0,338,6.3361,0.3045,14.8138,30.103,0.1218
S5-E7,0,339,6.0913,0.1851,14.7917,30.890,0.1415
S5-E7,0,340,5.8792,0.0000,13.8933,31.032,0.2486
S5-E7,0,341,5.4679,0.0612,13.8851,30.848,0.3002
S5-E7,0,342,5.4091,0.2344,12.6958,30.667,0.2851
S5-E7,0,343,5.7303,0.2177,13.5863,30.756,0.2576
S5-E7,0,344,5.1699,0.1791,12.8039,30.806,0.2511
S5-E7,0,345,5.0632,0.1171,12.0780,30.752,0.2610
S5-E7,0,346,4.7609,0.1287,12.0118,30.812,0.2700
S5-E7,0,347,4.9337,0.1448,11.4690,30.885,0.2717
S5-E7,0,348,4.6537,0.0672,12.0772,30.968,0.2701
S5-E7,0,349,5.1305,0.6581,12.1737,32.228,0.3063
S5-E7,0,350,5.2038,0.0000,12.8732,32.553,0.5521
S5-E7,0,351,5.4220,0.2284,12.7453,31.897,0.7792
S5-E7,0,352,5.6009,0.2086,14.5874,31.139,0.7805
S5-E7,0,353,6.0318,0.3286,15.1387,31.044,0.6642
S5-E7,0,354,6.0298,0.2221,15.3555,31.246,0.5970
S5-E7,0,355,6.7336,0.0556,15.4727,31.233,0.6167
S5-E7,0,356,6.6018,0.2997,16.0484,31.152,0.6553
S5-E7,0,357,7.0587,0.4725,16.1713,31.053,0.6634
S5-E7,0,358,6.8404,0.2040,16.3055,30.821,0.6461
S5-E7,0,359,7.4713,0.2602,17.0582,30.958,0.6301
S5-E7,0,360,7.4584,0.2595,16.3712,31.091,0.6291
S5-E7,0,361,7.3232,0.2178,17.9780,31.242,0.6359
S5-E7,0,362,7.9410,0.3536,17.1567,31.346,0.6384
S5-E7,0,363,7.6866,0.4241,17.3426,31.146,0.6358
S5-E7,0,364,8.2683,0.3162,17.9502,31.041,0.6322
S5-E7,0,365,7.5966,0.0909,17.6646,31.129,0.6293
S5-E7,0,366,7.7678,0.1747,17.8827,31.107,0.6294
S5-E7,0,367,7.5684,0.3165,18.7682,31.039,0.6346
S5-E7,0,368,7.4682,0.0000,17.9897,30.774,0.6368
S5-E7,0,369,7.4643,0.2215,17.3148,31.009,0.6327
S5-E7,0,370,7.6855,0.1486,18.7007,30.946,0.6288
S5-E7,0,371,7.9591,0.1126,18.9496,30.970,0.6295
S5-E7,0,372,8.0027,0.0336,18.6309,31.042,0.6316
S5-E7,0,373,7.7295,0.1268,18.3458,31.007,0.6331
S5-E7,0,374,8.0323,0.3126,18.8818,30.840,0.6314
S5-E7,0,375,7.9417,0.2367,19.5321,30.963,0.6297
S5-E7,0,376,7.5513,0.4306,19.6933,31.043,0.6311
S5-E7,0,377,7.7501,0.0112,18.5339,31.024,0.6321
S5-E7,0,378,8.1831,0.2292,19.3805,31.066,0.6311
S5-E7,0,379,7.9594,0.4909,18.4418,31.097,0.6298
S5-E7,0,380,8.2918,0.1779,19.2620,30.925,0.6303
S5-E7,0,381,8.5002,0.1627,18.0052,31.014,0.6305
S5-E7,0,382,8.4435,0.0000,20.0681,30.984,0.6316
S5-E7,0,383,7.2764,0.0925,19.3747,30.773,0.6338
S5-E7,0,384,8.3222,0.1758,20.4727,31.182,0.6309
S5-E7,0,385,8.3436,0.0444,18.2902,30.759,0.6261
S5-E7,0,386,8.0462,0.2779,19.9436,31.045,0.6272
S5-E7,0,387,7.7283,0.2322,18.8588,30.912,0.6325
S5-E7,0,388,8.0902,0.0887,19.3222,31.093,0.6353
S5-E7,0,389,8.5678,0.3006,20.1734,30.859,0.6328
S5-E7,0,390,8.4385,0.3388,19.2097,30.908,0.6283
S5-E7,0,391,8.2293,0.3518,18.6189,30.968,0.6276
S5-E7,0,392,8.3027,0.1248,19.2322,31.176,0.6301
S5-E7,0,393,7.6252,0.3637,19.0334,31.074,0.6307
S5-E7,0,394,8.0347,0.2088,19.3092,30.970,0.6286
S5-E7,0,395,8.7845,0.3810,19.6797,30.941,0.6285
S5-E7,0,396,8.3195,0.1897,18.4008,31.085,0.6312
S5-E7,0,397,8.4445,0.2343,19.6082,31.010,0.6342
S5-E7,0,398,8.4912,0.2228,19.1948,31.160,0.6330
S5-E7,0,399,8.3054,0.3033,18.9998,30.368,0.6162
S5-E7,1,0,8.0429,0.1485,20.6672,34.008,0.6674
S5-E7,1,1,7.9643,0.1651,20.5613,33.604,0.6680
S5-E7,1,2,8.5748,0.1854,19.8476,34.064,0.6676
S5-E7,1,3,8.3931,0.1344,20.5283,34.046,0.6674
S5-E7,1,4,8.0743,0.2383,20.0024,33.981,0.6659
S5-E7,1,5,8.8009,0.1743,20.8982,33.996,0.6649
S5-E7,1,6,7.9109,0.1913,20.7745,33.678,0.6588
S5-E7,1,7,7.6675,0.0193,20.0213,33.842,0.6250
S5-E7,1,8,8.3250,0.1316,19.6798,33.860,0.5989
S5-E7,1,9,8.2283,0.0000,20.0522,34.287,0.5993
S5-E7,1,10,8.1500,0.2137,19.9653,33.834,0.6127
S5-E7,1,11,8.1085,0.2987,20.2074,33.846,0.6216
S5-E7,1,12,8.3548,0.0000,19.7240,33.636,0.6214
S5-E7,1,13,8.6242,0.0393,19.1372,34.027,0.6173
S5-E7,1,14,8.1633,0.1900,20.1859,33.924,0.6148
S5-E7,1,15,8.3180,0.1685,19.2889,34.012,0.6148
S5-E7,1,16,7.5617,0.0000,18.7418,34.104,0.6161
S5-E7,1,17,7.8269,0.2713,19.1255,34.257,0.6169
S5-E7,1,18,7.5639,0.1258,19.1207,34.199,0.6162
S5-E7,1,19,7.8983,0.0109,18.9482,34.067,0.6159
S5-E7,1,20,7.8358,0.0000,18.9430,34.101,0.6170
S5-E7,1,21,7.7485,0.0459,19.7279,34.059,0.6184
S5-E7,1,22,7.9598,0.1334,19.3427,34.116,0.6190
S5-E7,1,23,8.0437,0.1065,17.4120,34.053,0.6190
S5-E7,1,24,7.9153,0.0000,19.7932,34.039,0.6192
S5-E7,1,25,8.0654,0.2423,19.3652,33.878,0.6185
S5-E7,1,26,8.2482,0.0277,18.5703,34.000,0.6178
S5-E7,1,27,8.2621,0.2263,18.7245,34.023,0.6175
S5-E7,1,28,8.2732,0.0000,20.0105,33.992,0.6177
S5-E7,1,29,8.9136,0.1560,19.5486,34.252,0.6180
S5-E7,1,30,8.4490,0.2133,18.5298,34.017,0.6178
S5-E7,1,31,8.4537,0.2523,18.7712,33.997,0.6179
S5-E7,1,32,7.9317,0.1496,18.4038,33.875,0.6189
S5-E7,1,33,7.9050,0.0071,19.3723,34.048,0.6192
S5-E7,1,34,8.1673,0.2030,19.6210,34.012,0.6177
S5-E7,1,35,7.9246,0.0908,18.0745,34.032,0.6164
S5-E7,1,36,8.3440,0.4036,18.2772,34.234,0.6164
S5-E7,1,37,7.3187,0.2525,18.7281,33.793,0.6175
S5-E7,1,38,7.1194,0.3093,19.4689,34.035,0.6180
S5-E7,1,39,8.0444,0.1323,18.6072,34.025,0.6177
S5-E7,1,40,8.2174,0.2733,18.8422,33.871,0.6175
S5-E7,1,41,8.0835,0.1620,18.9067,34.014,0.6180
S5-E7,1,42,8.0933,0.2182,19.3833,34.159,0.6188
S5-E7,1,43,8.0713,0.0741,19.5046,34.084,0.6189
S5-E7,1,44,7.7340,0.0000,18.5248,33.942,0.6184
S5-E7,1,45,7.3431,0.1569,20.2353,33.713,0.6177
S5-E7,1,46,8.1886,0.2144,19.3598,33.832,0.6170
S5-E7,1,47,7.6400,0.0000,19.0716,34.116,0.6159
S5-E7,1,48,8.6602,0.1039,18.6556,34.279,0.6166
S5-E7,1,49,7.3362,0.0529,18.5386,34.155,0.6189
S5-E7,1,50,7.5531,0.0000,18.2449,33.913,0.6191
S5-E7,1,51,7.8377,0.0501,19.5201,33.990,0.6166
S5-E7,1,52,7.1879,0.1048,19.7842,33.748,0.6147
S5-E7,1,53,8.1031,0.1475,19.6490,34.191,0.6150
S5-E7,1,54,7.2931,0.0000,19.6332,34.048,0.6152
S5-E7,1,55,7.6444,0.3614,18.4590,33.989,0.6157
S5-E7,1,56,7.7944,0.3016,18.3848,34.097,0.6160
S5-E7,1,57,7.5914,0.2850,19.0907,34.028,0.6155
S5-E7,1,58,7.1577,0.3086,17.8511,34.124,0.6151
S5-E7,1,59,7.9046,0.0326,19.0455,33.966,0.6156
S5-E7,1,60,7.2320,0.0877,18.3625,33.839,0.6166
S5-E7,1,61,7.6406,0.1714,19.4540,34.087,0.6168
S5-E7,1,62,7.6839,0.0000,18.5241,34.061,0.6163
S5-E7,1,63,7.3523,0.0000,18.8927,34.159,0.6163
S5-E7,1,64,7.1989,0.2792,18.2339,34.036,0.6172
S5-E7,1,65,8.0061,0.0520,19.3852,34.239,0.6178
S5-E7,1,66,7.8893,0.1559,19.2115,33.843,0.6175
S5-E7,1,67,8.2387,0.0388,17.7109,34.071,0.6171
S5-E7,1,68,7.6504,0.1192,18.6464,34.049,0.6169
S5-E7,1,69,7.5134,0.0000,19.4541,34.051,0.6170
S5-E7,1,70,7.8627,0.3350,19.4214,33.755,0.6174
S5-E7,1,71,7.5923,0.0000,18.0774,34.001,0.6173
S5-E7,1,72,7.3702,0.2373,19.3142,34.027,0.6167
S5-E7,1,73,7.5546,0.3664,19.9146,34.183,0.6165
S5-E7,1,74,7.7612,0.1617,19.4926,34.026,0.6171
S5-E7,1,75,7.6202,0.0241,18.2821,33.959,0.6173
S5-E7,1,76,7.6028,0.3361,19.4366,34.102,0.6173
S5-E7,1,77,7.6996,0.4316,18.6798,33.914,0.6168
S5-E7,1,78,7.7790,0.3254,19.0081,34.042,0.6169
S5-E7,1,79,8.1742,0.0000,19.1733,34.084,0.6182
S5-E7,1,80,8.5120,0.0000,19.0148,33.751,0.6182
S5-E7,1,81,7.7206,0.1880,19.0848,33.753,0.6182
S5-E7,1,82,8.4364,0.2282,18.8851,33.827,0.6188
S5-E7,1,83,8.6409,0.1047,17.9308,34.113,0.6188
S5-E7,1,84,7.7580,0.3397,18.9367,34.010,0.6183
S5-E7,1,85,7.5164,0.5291,18.4475,34.174,0.6172
S5-E7,1,86,7.2736,0.1020,17.9310,34.047,0.6160
S5-E7,1,87,8.0018,0.0918,19.6968,33.666,0.6160
S5-E7,1,88,8.2759,0.0059,18.4254,33.981,0.6175
S5-E7,1,89,7.5522,0.3912,18.9542,34.074,0.6184
S5-E7,1,90,7.7621,0.0782,17.8282,34.216,0.6179
S5-E7,1,91,7.8681,0.1036,18.6058,33.988,0.6175
S5-E7,1,92,8.2281,0.1499,18.5596,34.198,0.6170
S5-E7,1,93,7.8590,0.0080,18.0301,33.980,0.6172
S5-E7,1,94,7.5186,0.3056,18.0235,34.045,0.6176
S5-E7,1,95,7.8397,0.2837,19.4928,33.985,0.6178
S5-E7,1,96,7.7712,0.1577,17.8692,34.073,0.6182
S5-E7,1,97,8.4546,0.3053,18.9328,33.861,0.6177
S5-E7,1,98,8.0428,0.2628,19.7329,33.951,0.6178
S5-E7,1,99,7.9015,0.1064,18.7856,33.897,0.6179
S5-E7,1,100,8.0426,0.0614,19.1549,31.883,1.0000
S5-E7,1,101,7.5801,0.5467,18.6268,29.691,0.9714
S5-E7,1,102,8.4214,0.0465,17.9488,29.816,0.6180
S5-E7,1,103,7.7873,0.2771,18.3000,31.156,0.3952
S5-E7,1,104,8.1110,0.2293,19.1844,31.685,0.5038
S5-E7,1,105,7.8397,0.0000,18.6466,31.128,0.6565
S5-E7,1,106,7.2962,0.0867,18.9984,30.958,0.6784
S5-E7,1,107,8.0763,0.1065,18.0012,30.724,0.6177
S5-E7,1,108,7.2477,0.2209,18.9113,31.138,0.5754
S5-E7,1,109,7.1571,0.0000,17.5966,31.226,0.5832
S5-E7,1,110,7.8012,0.0532,19.1589,31.288,0.6061
S5-E7,1,111,8.1831,0.2174,18.2436,30.946,0.6156
S5-E7,1,112,8.3289,0.3009,18.0810,30.926,0.6092
S5-E7,1,113,7.9245,0.0695,19.1232,30.757,0.6012
S5-E7,1,114,7.6526,0.0862,18.2433,31.044,0.6008
S5-E7,1,115,7.3283,0.0923,18.6438,30.947,0.6031
S5-E7,1,116,8.4624,0.0010,19.5803,31.072,0.6045
S5-E7,1,117,7.9175,0.1755,18.5163,31.039,0.6036
S5-E7,1,118,7.3303,0.2670,19.1134,31.080,0.6018
S5-E7,1,119,7.2660,0.5879,19.4227,30.955,0.6010
S5-E7,1,120,7.5085,0.3452,18.5557,31.036,0.6024
S5-E7,1,121,7.4258,0.4306,18.3970,31.211,0.6049
S5-E7,1,122,7.9479,0.1874,18.9629,30.974,0.6043
S5-E7,1,123,7.7136,0.0891,19.6258,30.767,0.6037
S5-E7,1,124,7.7995,0.0683,17.9501,30.994,0.6059
S5-E7,1,125,7.8178,0.0587,20.1286,31.056,0.6055
S5-E7,1,126,8.3497,0.1901,17.9330,31.019,0.6036
S5-E7,1,127,8.2915,0.1271,18.1251,31.052,0.6043
S5-E7,1,128,7.9093,0.2424,18.3449,30.942,0.6058
S5-E7,1,129,8.1521,0.3557,19.1121,30.966,0.6031
S5-E7,1,130,8.4726,0.1240,18.3986,30.812,0.6012
S5-E7,1,131,7.8692,0.6030,18.8915,30.914,0.6027
S5-E7,1,132,7.7510,0.1231,18.9852,31.159,0.6041
S5-E7,1,133,7.8234,0.1422,18.8976,31.188,0.6049
S5-E7,1,134,8.4546,0.3554,19.6380,30.869,0.6033
S5-E7,1,135,8.0880,0.1437,19.2439,30.566,0.5930
S5-E7,1,136,7.4740,0.2151,18.4663,30.678,0.5475
S5-E7,1,137,7.8321,0.4125,18.3290,30.815,0.5141
S5-E7,1,138,7.6123,0.0000,17.4911,30.768,0.5185
S5-E7,1,139,7.9192,0.2347,18.4671,31.084,0.5363
S5-E7,1,140,7.7275,0.2181,18.0587,31.021,0.5451
S5-E7,1,141,8.0145,0.1023,17.9541,31.337,0.5427
S5-E7,1,142,7.6637,0.3209,17.8175,30.941,0.5373
S5-E7,1,143,7.5574,0.1510,18.5066,30.921,0.5354
S5-E7,1,144,6.9851,0.4555,18.2820,30.746,0.5378
S5-E7,1,145,7.2392,0.0095,16.3025,31.069,0.5400
S5-E7,1,146,7.9442,0.3333,18.8254,30.857,0.5401
S5-E7,1,147,8.0274,0.0997,17.9852,30.884,0.5397
S5-E7,1,148,7.1009,0.0752,17.1071,30.905,0.5388
S5-E7,1,149,6.9106,0.2403,17.1956,31.042,0.5382
S5-E7,1,150,7.7384,0.0820,16.9418,30.892,0.5382
S5-E7,1,151,7.1060,0.1173,17.3994,31.151,0.5396
S5-E7,1,152,7.1400,0.2939,17.3118,30.887,0.5424
S5-E7,1,153,7.4958,0.1452,17.8859,30.828,0.5423
S5-E7,1,154,7.2025,0.4266,17.5038,30.936,0.5396
S5-E7,1,155,6.6644,0.3448,17.3351,31.074,0.5380
S5-E7,1,156,6.6719,0.1606,17.5285,31.049,0.5377
S5-E7,1,157,7.4158,0.5343,17.5307,31.173,0.5399
S5-E7,1,158,6.6104,0.0000,16.5125,30.795,0.5417
S5-E7,1,159,6.9305,0.1028,17.1597,30.918,0.5409
S5-E7,1,160,7.2782,0.2633,17.5509,30.747,0.5395
S5-E7,1,161,6.7944,0.3807,16.6027,31.134,0.5405
S5-E7,1,162,6.8222,0.2480,17.3226,31.070,0.5417
S5-E7,1,163,6.9021,0.1483,17.5609,30.896,0.5417
S5-E7,1,164,7.1387,0.0000,17.1748,30.990,0.5421
S5-E7,1,165,7.2560,0.0188,16.7714,31.115,0.5414
S5-E7,1,166,6.6202,0.5448,16.4509,30.743,0.5403
S5-E7,1,167,6.6970,0.4699,16.6764,31.071,0.5395
S5-E7,1,168,6.9066,0.3560,16.8193,31.053,0.5396
S5-E7,1,169,6.8429,0.0291,17.1066,31.131,0.5405
S5-E7,1,170,7.1765,0.2146,17.0525,30.644,0.5414
S5-E7,1,171,7.0519,0.0452,17.6360,30.837,0.5413
S5-E7,1,172,7.2240,0.0554,17.3154,30.984,0.5415
S5-E7,1,173,7.3184,0.3404,17.5117,30.889,0.5417
S5-E7,1,174,6.9430,0.1045,17.3765,30.659,0.5409
S5-E7,1,175,6.4823,0.1043,16.3344,30.876,0.5407
S5-E7,1,176,7.1010,0.2270,17.9051,31.108,0.5413
S5-E7,1,177,6.9116,0.0000,17.6321,30.870,0.5412
S5-E7,1,178,7.3846,0.1132,16.6824,31.019,0.5404
S5-E7,1,179,6.7315,0.2262,17.1942,30.907,0.5415
S5-E7,1,180,7.3788,0.0000,16.2160,30.958,0.5422
S5-E7,1,181,6.4205,0.0000,16.7014,31.053,0.5409
S5-E7,1,182,6.7863,0.3584,17.1374,31.231,0.5390
S5-E7,1,183,7.2569,0.3345,16.7907,30.776,0.5383
S5-E7,1,184,6.6394,0.1111,16.7279,31.203,0.5407
S5-E7,1,185,6.4110,0.3540,16.4380,31.114,0.5429
S5-E7,1,186,6.5711,0.0549,16.2961,31.091,0.5426
S5-E7,1,187,6.9309,0.3040,17.2620,30.836,0.5417
S5-E7,1,188,7.3117,0.3339,16.7965,30.930,0.5400
S5-E7,1,189,6.8723,0.3767,16.7503,31.156,0.5400
S5-E7,1,190,7.3929,0.1330,17.2738,30.750,0.5418
S5-E7,1,191,7.0763,0.1737,17.7416,31.043,0.5426
S5-E7,1,192,7.7209,0.2309,16.5087,30.744,0.5413
S5-E7,1,193,6.5665,0.2512,17.4250,30.897,0.5404
S5-E7,1,194,6.7007,0.1231,17.1464,31.075,0.5407
S5-E7,1,195,7.1777,0.1226,17.3248,30.973,0.5407
S5-E7,1,196,6.9910,0.0785,17.5587,30.889,0.5412
S5-E7,1,197,7.2278,0.3767,16.6662,30.959,0.5413
S5-E7,1,198,6.1127,0.3827,17.1725,31.078,0.5417
S5-E7,1,199,7.8040,0.2840,16.8452,30.778,0.5416
S5-E7,1,200,7.1682,0.1353,16.9800,30.981,0.5405
S5-E7,1,201,6.9431,0.2312,17.1516,30.773,0.5403
S5-E7,1,202,7.1805,0.4051,16.6945,30.891,0.5392
S5-E7,1,203,7.1912,0.3702,16.5003,30.975,0.5386
S5-E7,1,204,7.0814,0.1453,15.9254,30.939,0.5402
S5-E7,1,205,6.7698,0.1435,15.7702,31.023,0.5404
S5-E7,1,206,7.1648,0.3275,17.3432,31.129,0.5406
S5-E7,1,207,7.0540,0.0000,17.1547,30.953,0.5415
S5-E7,1,208,7.0616,0.0000,16.9594,30.746,0.5411
S5-E7,1,209,6.9203,0.2338,17.1865,30.994,0.5405
S5-E7,1,210,7.2616,0.0724,17.2199,31.136,0.5405
S5-E7,1,211,7.0151,0.1056,18.1587,31.043,0.5461
S5-E7,1,212,7.1183,0.2272,18.3316,31.469,0.5771
S5-E7,1,213,7.0038,0.2636,17.2875,31.294,0.6020
S5-E7,1,214,6.8182,0.3984,17.9410,31.065,0.6000
S5-E7,1,215,7.2295,0.4428,17.5478,30.667,0.5851
S5-E7,1,216,6.8605,0.0163,18.7558,31.012,0.5778
S5-E7,1,217,6.9613,0.0066,17.4259,31.186,0.5815
S5-E7,1,218,7.4669,0.1778,17.6738,31.155,0.5862
S5-E7,1,219,6.7758,0.5078,17.3966,30.774,0.5864
S5-E7,1,220,7.2056,0.1943,17.4604,31.018,0.5848
S5-E7,1,221,8.0259,0.4662,18.4625,30.875,0.5842
S5-E7,1,222,7.5970,0.2121,17.7156,31.078,0.5854
S5-E7,1,223,7.7417,0.0000,17.7625,31.030,0.5877
S5-E7,1,224,7.6419,0.2971,17.8143,31.332,0.5859
S5-E7,1,225,7.1726,0.2795,18.4281,30.750,0.5825
S5-E7,1,226,7.5296,0.3259,18.3129,30.970,0.5817
S5-E7,1,227,7.4298,0.2004,17.9722,31.096,0.5824
S5-E7,1,228,7.3346,0.3092,17.4210,30.913,0.5844
S5-E7,1,229,7.6939,0.0267,18.2931,30.914,0.5855
S5-E7,1,230,7.5969,0.0429,17.6911,31.146,0.5857
S5-E7,1,231,7.0286,0.2846,18.3129,30.961,0.5842
S5-E7,1,232,7.8030,0.0516,18.6685,31.155,0.5827
S5-E7,1,233,7.7040,0.1796,18.9208,30.967,0.5834
S5-E7,1,234,7.4690,0.4206,16.7807,30.995,0.5836
S5-E7,1,235,7.3557,0.1697,17.9546,30.924,0.5834
S5-E7,1,236,7.4526,0.2826,17.4769,31.113,0.5829
S5-E7,1,237,7.9842,0.4832,18.0833,30.978,0.5824
S5-E7,1,238,7.8447,0.2820,17.6715,30.905,0.5826
S5-E7,1,239,7.7950,0.4167,18.0474,31.000,0.5839
S5-E7,1,240,7.4570,0.0494,18.5186,30.877,0.5847
S5-E7,1,241,7.2654,0.4813,18.0133,31.190,0.5839
S5-E7,1,242,7.8878,0.1933,17.9104,30.824,0.5824
S5-E7,1,243,7.7086,0.4766,18.3093,31.095,0.5825
S5-E7,1,244,7.6993,0.1683,17.8683,31.104,0.5832
S5-E7,1,245,8.0474,0.2733,17.7641,31.175,0.5928
S5-E7,1,246,8.0399,0.6129,19.3870,31.390,0.6539
S5-E7,1,247,7.8981,0.2503,18.3868,31.395,0.7028
S5-E7,1,248,7.4265,0.5007,18.8157,31.181,0.6965
S5-E7,1,249,8.1494,0.5157,18.9282,30.869,0.6700
S5-E7,1,250,7.8263,0.1078,18.2917,31.268,0.6585
S5-E7,1,251,8.4598,0.0465,18.3915,30.877,0.6648
S5-E7,1,252,8.4597,0.1843,19.1962,30.867,0.6734
S5-E7,1,253,8.4080,0.4307,19.3035,31.235,0.6741
S5-E7,1,254,8.1867,0.3040,19.8426,31.137,0.6712
S5-E7,1,255,8.4026,0.0109,19.6734,30.990,0.6675
S5-E7,1,256,8.6883,0.1966,19.2139,31.221,0.6642
S5-E7,1,257,8.5622,0.2114,19.1071,31.084,0.6635
S5-E7,1,258,8.7274,0.4800,19.7027,31.034,0.6660
S5-E7,1,259,8.1934,0.0000,19.2796,31.171,0.6693
S5-E7,1,260,8.1311,0.2479,19.8433,30.973,0.6692
S5-E7,1,261,8.1016,0.1210,20.1634,31.099,0.6677
S5-E7,1,262,8.5291,0.4742,20.2248,30.784,0.6660
S5-E7,1,263,7.9302,0.2067,20.3101,30.950,0.6649
S5-E7,1,264,8.9963,0.0000,19.1593,30.899,0.6650
S5-E7,1,265,8.1291,0.1113,20.8641,31.084,0.6671
S5-E7,1,266,8.1934,0.2205,19.8625,31.025,0.6676
S5-E7,1,267,7.8880,0.1606,19.8897,30.969,0.6652
S5-E7,1,268,8.0102,0.1861,19.9438,30.961,0.6647
S5-E7,1,269,8.7434,0.4717,21.4660,31.094,0.6663
S5-E7,1,270,8.9297,0.2063,20.1785,31.087,0.6675
S5-E7,1,271,7.9069,0.2421,20.0634,30.705,0.6665
S5-E7,1,272,8.2777,0.1105,19.3367,30.891,0.6666
S5-E7,1,273,8.3099,0.1608,19.9770,31.100,0.6676
S5-E7,1,274,8.3705,0.1384,20.2114,30.987,0.6666
S5-E7,1,275,8.3191,0.1770,19.8749,30.832,0.6653
S5-E7,1,276,8.7214,0.1953,20.1900,31.302,0.6645
S5-E7,1,277,8.0609,0.3047,21.0637,30.806,0.6649
S5-E7,1,278,8.9333,0.1441,19.5862,31.378,0.6654
S5-E7,1,279,8.3784,0.3325,21.4508,30.821,0.6667
S5-E7,1,280,8.5586,0.2271,20.1270,31.128,0.6675
S5-E7,1,281,7.7588,0.2855,20.2839,30.811,0.6668
S5-E7,1,282,8.7657,0.3376,20.7626,30.894,0.6637
S5-E7,1,283,8.1996,0.2265,20.7277,31.267,0.6647
S5-E7,1,284,9.2191,0.3443,20.2949,30.894,0.6674
S5-E7,1,285,7.8754,0.0311,21.0280,31.230,0.6681
S5-E7,1,286,8.9622,0.3391,20.0117,30.592,0.6678
S5-E7,1,287,8.6535,0.0000,20.4257,31.113,0.6664
S5-E7,1,288,8.5274,0.4817,19.8440,31.015,0.6654
S5-E7,1,289,8.3541,0.2620,19.9770,31.051,0.6644
S5-E7,1,290,8.3217,0.1737,20.7032,30.958,0.6644
S5-E7,1,291,8.5478,0.1861,19.9155,31.295,0.6653
S5-E7,1,292,8.9716,0.2225,21.2142,30.906,0.6665
S5-E7,1,293,8.4658,0.1115,20.8307,31.024,0.6677
S5-E7,1,294,7.9082,0.2798,20.9449,30.685,0.6674
S5-E7,1,295,8.1192,0.1009,20.2086,31.026,0.6657
S5-E7,1,296,8.4665,0.1013,20.6692,30.971,0.6653
S5-E7,1,297,9.1082,0.0880,21.0431,31.132,0.6659
S5-E7,1,298,8.6508,0.2459,20.1084,30.915,0.6658
S5-E7,1,299,8.8432,0.0000,20.9802,30.986,0.6662
S5-E7,1,300,8.5041,0.1562,20.6171,30.847,0.6657
S5-E7,1,301,8.0801,0.3149,19.7310,30.963,0.6659
S5-E7,1,302,8.3083,0.0000,19.6375,31.183,0.6667
S5-E7,1,303,8.6633,0.1450,20.2214,30.925,0.6668
S5-E7,1,304,8.9826,0.4060,19.9190,30.962,0.6673
S5-E7,1,305,8.7395,0.1512,20.3518,30.971,0.6669
S5-E7,1,306,8.7929,0.4654,21.2196,30.799,0.6668
S5-E7,1,307,8.9271,0.2262,20.9037,30.947,0.6663
S5-E7,1,308,8.2365,0.0728,20.6668,30.916,0.6655
S5-E7,1,309,9.0893,0.0196,20.2011,30.710,0.6662
S5-E7,1,310,8.5786,0.2061,20.1384,31.366,0.6654
S5-E7,1,311,8.7624,0.1340,21.1901,30.984,0.6636
S5-E7,1,312,8.6265,0.2545,19.7902,31.132,0.6643
S5-E7,1,313,8.4544,0.3277,20.7069,30.793,0.6663
S5-E7,1,314,8.9874,0.3563,20.3316,30.970,0.6664
S5-E7,1,315,8.2659,0.1400,20.9135,31.108,0.6664
S5-E7,1,316,8.4884,0.0244,21.1815,30.948,0.6665
S5-E7,1,317,8.9336,0.3244,20.2467,31.165,0.6664
S5-E7,1,318,8.1166,0.1910,21.6031,30.938,0.6654
S5-E7,1,319,8.9212,0.1714,20.8717,31.192,0.6647
S5-E7,1,320,8.7007,0.0000,20.8226,30.981,0.6665
S5-E7,1,321,8.9171,0.3654,20.3410,30.979,0.6679
S5-E7,1,322,8.4372,0.4135,20.5307,31.070,0.6682
S5-E7,1,323,9.1652,0.3967,21.1907,30.838,0.6667
S5-E7,1,324,8.8245,0.3895,20.5209,30.811,0.6637
S5-E7,1,325,8.8779,0.3291,19.8760,30.810,0.6631
S5-E7,1,326,8.0372,0.4812,22.2998,31.104,0.6657
S5-E7,1,327,8.3053,0.2357,19.8078,30.978,0.6677
S5-E7,1,328,8.3806,0.3535,20.0911,30.916,0.6666
S5-E7,1,329,8.8767,0.2174,20.8611,31.329,0.6653
S5-E7,1,330,8.9039,0.0000,20.9742,30.973,0.6651
S5-E7,1,331,8.5131,0.3230,21.5578,31.012,0.6677
S5-E7,1,332,8.1000,0.0924,21.0561,30.845,0.6679
S5-E7,1,333,8.7721,0.5663,19.8148,30.931,0.6653
S5-E7,1,334,8.5958,0.1756,21.2195,31.200,0.6648
S5-E7,1,335,8.7043,0.3187,20.7335,31.081,0.6664
S5-E7,1,336,8.9238,0.5246,20.9311,30.982,0.6652
S5-E7,1,337,9.0539,0.2125,20.4883,30.965,0.6634
S5-E7,1,338,8.8731,0.2820,20.9792,30.988,0.6652
S5-E7,1,339,8.2344,0.5855,21.0858,30.918,0.6662
S5-E7,1,340,8.6163,0.3468,19.2699,31.048,0.6660
S5-E7,1,341,8.2588,0.1844,19.2069,31.350,0.6654
S5-E7,1,342,8.4081,0.2953,21.3401,30.935,0.6653
S5-E7,1,343,8.1663,0.1495,20.3993,31.367,0.6675
S5-E7,1,344,8.6876,0.2611,20.5242,30.846,0.6671
S5-E7,1,345,8.5193,0.3245,20.8344,31.016,0.6636
S5-E7,1,346,8.3216,0.3524,20.9749,30.893,0.6629
S5-E7,1,347,8.0399,0.3091,20.4099,30.783,0.6652
S5-E7,1,348,8.1105,0.2653,20.1236,31.019,0.6675
S5-E7,1,349,7.8025,0.2853,19.6897,30.989,0.6673
S5-E7,1,350,8.3808,0.1536,20.8468,31.053,0.6670
S5-E7,1,351,8.4425,0.0866,20.6970,30.876,0.6671
S5-E7,1,352,8.3736,0.2748,20.3194,31.077,0.6666
S5-E7,1,353,8.8415,0.2961,20.1401,30.942,0.6663
S5-E7,1,354,8.2181,0.1058,20.6328,31.005,0.6649
S5-E7,1,355,8.7251,0.3594,20.0819,31.008,0.6665
S5-E7,1,356,8.6556,0.4011,20.3692,31.002,0.6675
S5-E7,1,357,8.5150,0.3715,20.4886,30.764,0.6666
S5-E7,1,358,8.6089,0.2829,20.6963,30.859,0.6665
S5-E7,1,359,8.5650,0.4371,21.1391,30.995,0.6665
S5-E7,1,360,8.0838,0.1335,20.0704,30.949,0.6650
S5-E7,1,361,8.2602,0.2001,20.6244,30.691,0.6645
S5-E7,1,362,8.4925,0.0000,21.6408,31.021,0.6658
S5-E7,1,363,8.8552,0.1651,20.8833,30.759,0.6650
S5-E7,1,364,8.1556,0.2705,20.3592,31.207,0.6654
S5-E7,1,365,8.6337,0.1868,19.8778,30.963,0.6665
S5-E7,1,366,8.5844,0.1986,19.6872,30.935,0.6667
S5-E7,1,367,9.1641,0.0234,20.4173,31.253,0.6676
S5-E7,1,368,8.9350,0.5125,20.5341,30.916,0.6674
S5-E7,1,369,9.0295,0.3559,21.0480,31.241,0.6671
S5-E7,1,370,9.1907,0.1934,21.0259,30.735,0.6672
S5-E7,1,371,8.7633,0.2401,20.7477,30.566,0.6663
S5-E7,1,372,8.6786,0.2726,19.4287,31.066,0.6647
S5-E7,1,373,8.5683,0.2352,20.4797,31.286,0.6639
S5-E7,1,374,8.4391,0.3513,20.5751,30.854,0.6650
S5-E7,1,375,8.8913,0.1509,19.7560,31.067,0.6656
S5-E7,1,376,8.8056,0.3037,20.6264,30.847,0.6561
S5-E7,1,377,8.3272,0.2446,19.3424,30.782,0.6071
S5-E7,1,378,8.7937,0.0605,19.0514,30.845,0.5706
S5-E7,1,379,8.4151,0.0051,20.2686,31.108,0.5766
S5-E7,1,380,7.8432,0.0000,20.4881,31.028,0.5964
S5-E7,1,381,8.2886,0.2700,19.8518,30.982,0.6025
S5-E7,1,382,8.2386,0.1534,18.4465,30.954,0.5985
S5-E7,1,383,8.3987,0.1771,19.4718,30.943,0.5952
S5-E7,1,384,8.5792,0.2166,20.0917,30.863,0.5963
S5-E7,1,385,8.5693,0.2288,19.4208,30.920,0.5998
S5-E7,1,386,8.2414,0.1247,18.5609,31.063,0.6013
S5-E7,1,387,8.1854,0.0223,19.8276,31.017,0.6000
S5-E7,1,388,8.0834,0.5227,19.0161,30.918,0.5986
S5-E7,1,389,7.7282,0.2623,18.5663,31.155,0.5987
S5-E7,1,390,8.5245,0.1374,18.9319,30.969,0.5985
S5-E7,1,391,8.0216,0.2020,19.7524,31.238,0.5985
S5-E7,1,392,8.1386,0.0604,19.3643,30.886,0.5987
S5-E7,1,393,7.5018,0.1836,19.1428,30.774,0.5992
S5-E7,1,394,7.4526,0.3068,18.9749,31.251,0.6002
S5-E7,1,395,7.5852,0.1141,18.7148,30.976,0.6005
S5-E7,1,396,7.3355,0.2761,18.6114,30.954,0.5991
S5-E7,1,397,7.6984,0.1066,18.5113,30.976,0.5991
S5-E7,1,398,7.9504,0.2448,19.1921,30.947,0.5997
S5-E7,1,399,7.8389,0.0748,19.1880,31.116,0.6002
