episode,hour,biomass,substrate,product,temperature,cooling_duty
0,0,7.3646,0.1032,17.2240,33.948,0.5746
0,1,7.9788,0.0000,17.9480,33.850,0.5750
0,2,7.4721,0.0000,17.8319,33.982,0.5748
0,3,7.4626,0.1075,17.6008,34.215,0.5741
0,4,7.2559,0.3025,18.4172,34.086,0.5739
0,5,7.3588,0.1143,16.9552,34.028,0.5745
0,6,7.1161,0.1617,18.0348,33.873,0.5757
0,7,7.3590,0.1499,17.9534,33.666,0.5757
0,8,7.1248,0.0000,17.5851,33.985,0.5744
0,9,7.8099,0.3530,17.7811,34.098,0.5737
0,10,7.1087,0.0000,18.1920,33.963,0.5744
0,11,7.9847,0.0338,17.6298,33.746,0.5747
0,12,7.2639,0.0000,17.8533,34.156,0.5747
0,13,7.6899,0.1239,17.5102,34.167,0.5755
0,14,7.0761,0.3289,18.0155,34.128,0.5760
0,15,7.4643,0.1082,18.1419,33.922,0.5755
0,16,7.3172,0.1157,18.8127,33.981,0.5746
0,17,7.9593,0.2504,18.0405,34.051,0.5745
0,18,7.1618,0.5331,18.4100,34.141,0.5748
0,19,8.0049,0.2452,18.5493,33.979,0.5752
0,20,7.2833,0.0000,17.2168,33.885,0.5750
0,21,7.3305,0.0000,18.1309,34.000,0.5743
0,22,7.3021,0.0000,18.0178,33.898,0.5744
0,23,8.1963,0.1635,18.3634,33.889,0.5749
0,24,7.0843,0.4679,17.2297,34.000,0.5755
0,25,7.1497,0.2467,18.1098,34.132,0.5759
0,26,6.6273,0.0778,18.5740,34.103,0.5749
0,27,7.8093,0.1844,17.7348,34.039,0.5743
0,28,7.1469,0.0000,17.7397,33.823,0.5755
0,29,7.4930,0.4880,18.1501,33.937,0.5758
0,30,7.6076,0.2138,18.5280,33.856,0.5742
0,31,7.2693,0.0000,18.8277,33.973,0.5736
0,32,7.1721,0.0000,17.2491,34.034,0.5744
0,33,7.4845,0.1266,17.7896,34.251,0.5753
0,34,7.5348,0.1562,17.8535,33.899,0.5751
0,35,7.7156,0.0000,18.1228,34.028,0.5742
0,36,7.2995,0.0642,17.9849,33.929,0.5736
0,37,7.0481,0.2317,17.9711,33.982,0.5735
0,38,7.3891,0.0896,17.8541,34.022,0.5730
0,39,6.8732,0.0000,17.4011,34.073,0.5724
0,40,6.9978,0.2903,17.6768,34.064,0.5733
0,41,7.0971,0.2192,17.7852,34.053,0.5744
0,42,7.3794,0.1215,17.3679,34.193,0.5747
0,43,7.3983,0.5381,18.2680,33.933,0.5744
0,44,7.4083,0.2471,17.9028,33.784,0.5733
0,45,7.0733,0.1116,18.5032,33.877,0.5726
0,46,7.4109,0.0000,18.0955,33.896,0.5733
0,47,7.3590,0.0644,17.6179,33.964,0.5747
0,48,7.7941,0.0682,17.9890,33.719,0.5754
0,49,7.7093,0.1575,18.0006,33.857,0.5750
0,50,7.1179,0.4499,18.1149,34.039,0.5754
0,51,8.1280,0.0000,18.5525,33.905,0.5765
0,52,7.5157,0.0000,17.3079,34.199,0.5764
0,53,7.4132,0.2397,17.3375,33.962,0.5761
0,54,8.0208,0.2914,18.5003,34.381,0.5973
0,55,7.6545,0.2850,18.8196,34.435,0.7048
0,56,8.3098,0.2387,18.5460,34.650,0.7903
0,57,8.6513,0.2654,18.8404,34.326,0.7915
0,58,8.6229,0.3951,19.3040,34.174,0.7493
0,59,8.4654,0.0000,20.1089,34.257,0.7205
0,60,8.2178,0.0000,19.5474,33.974,0.7194
0,61,8.2965,0.2722,18.6574,34.259,0.7312
0,62,8.5165,0.0000,19.5410,33.839,0.7387
0,63,8.2447,0.2651,20.7599,34.119,0.7367
0,64,8.1478,0.0134,18.9684,32.832,0.6848
0,65,8.2553,0.0000,19.7402,32.566,0.4572
0,66,8.0420,0.0584,18.7608,33.189,0.2901
0,67,7.6803,0.2286,19.2755,33.964,0.2965
0,68,7.2372,0.0000,16.8208,33.856,0.3803
0,69,7.5172,0.1847,17.3183,33.859,0.4328
0,70,7.5214,0.2272,17.4043,33.810,0.4297
0,71,6.7468,0.0000,17.1408,33.818,0.4058
0,72,6.6966,0.0000,16.3410,33.759,0.3941
0,73,6.3784,0.1314,16.1350,33.949,0.3986
0,74,6.3481,0.1140,16.0477,33.893,0.4070
0,75,6.0095,0.2231,15.4703,33.727,0.4108
0,76,6.1337,0.1129,15.4230,33.675,0.4104
0,77,6.3301,0.2554,15.3566,34.109,0.4086
0,78,5.6462,0.0396,15.2719,34.011,0.4080
0,79,6.1944,0.0000,14.6762,34.085,0.4079
0,80,5.7897,0.0000,14.8805,34.021,0.4086
0,81,5.9974,0.0053,14.8822,34.107,0.4095
0,82,5.7152,0.2696,14.6660,34.030,0.4098
0,83,5.9592,0.1182,14.6122,33.990,0.4100
0,84,5.9838,0.2713,14.5583,33.976,0.4095
0,85,5.4124,0.0565,14.3720,33.876,0.4089
0,86,6.2124,0.3418,15.2881,34.090,0.4092
0,87,5.8399,0.0000,13.7294,33.784,0.4098
0,88,6.0007,0.2143,13.9497,33.996,0.4102
0,89,5.4681,0.3233,13.8352,33.963,0.4102
0,90,5.1804,0.1419,14.2204,34.187,0.4096
0,91,5.6527,0.2883,13.3012,34.031,0.4084
0,92,5.5375,0.1606,13.9299,34.010,0.4084
0,93,5.2603,0.0614,14.1244,34.005,0.4089
0,94,5.7741,0.0716,13.9847,34.299,0.4088
0,95,5.8811,0.5062,14.3350,33.900,0.4093
0,96,5.6956,0.0000,13.4685,34.149,0.4098
0,97,5.2258,0.0000,13.2806,34.085,0.4099
0,98,5.9006,0.2358,13.6360,34.044,0.4087
0,99,5.5677,0.2886,14.2670,33.762,0.4081
0,100,5.5973,0.0000,13.3334,34.369,0.4094
0,101,5.5786,0.0572,13.0090,33.736,0.4103
0,102,5.4652,0.0000,14.0618,34.175,0.4099
0,103,5.4967,0.1504,13.2303,33.950,0.4092
0,104,5.6623,0.1787,14.1535,34.616,0.4382
0,105,6.5693,0.3319,13.7112,34.985,0.5890
0,106,6.1808,0.3282,15.5651,34.471,0.7114
0,107,6.3405,0.3140,14.9461,34.146,0.7180
0,108,6.9353,0.2367,15.6669,34.175,0.6626
0,109,6.8211,0.0801,16.4539,34.307,0.6223
0,110,7.4211,0.2195,17.3550,34.042,0.6205
0,111,7.3143,0.0000,17.5325,34.384,0.6366
0,112,7.2918,0.3135,16.6982,34.078,0.6461
0,113,7.5547,0.3968,16.8782,34.051,0.6430
0,114,6.7805,0.5174,17.7303,34.112,0.6353
0,115,7.3150,0.3635,17.9969,34.146,0.6308
0,116,7.1824,0.1341,17.9938,34.056,0.6301
0,117,7.6557,0.2042,17.4435,33.833,0.6307
0,118,7.6819,0.2636,17.5153,34.067,0.6324
0,119,7.4541,0.0768,18.3487,34.655,0.6497
0,120,8.1343,0.2542,17.6356,34.451,0.7343
0,121,7.7757,0.1290,19.2852,34.242,0.8029
0,122,8.5570,0.0664,20.2649,34.211,0.8071
0,123,8.1675,0.2815,19.0166,33.884,0.7751
0,124,8.5025,0.0636,22.0720,33.771,0.7497
0,125,8.1693,0.0000,19.8429,33.993,0.7481
0,126,8.3996,0.0808,20.6804,34.186,0.7582
0,127,7.8918,0.0700,19.6658,34.102,0.7647
0,128,8.7791,0.0264,20.6841,34.056,0.7635
0,129,8.7781,0.2107,20.1858,34.053,0.7594
0,130,8.5927,0.2062,21.7804,33.961,0.7583
0,131,8.5335,0.0000,20.2631,34.056,0.7591
0,132,8.9123,0.0000,19.7431,33.997,0.7580
0,133,8.9364,0.3334,21.4207,33.929,0.7563
0,134,9.2121,0.4955,21.6473,34.034,0.7564
0,135,9.1337,0.4016,21.5565,34.272,0.7575
0,136,9.0092,0.0000,22.1616,34.063,0.7580
0,137,8.6000,0.3221,21.7675,34.083,0.7580
0,138,9.4627,0.2439,22.2163,34.185,0.7580
0,139,9.3952,0.1234,21.6657,33.734,0.7580
0,140,9.0621,0.0000,21.9243,34.150,0.7586
0,141,9.5304,0.4209,22.6256,34.228,0.7591
0,142,9.6457,0.1921,21.9680,34.296,0.7586
0,143,9.3112,0.2382,22.0604,33.817,0.7586
0,144,8.8896,0.1975,22.1676,33.954,0.7590
0,145,9.5274,0.1789,22.1850,33.826,0.7589
0,146,9.0556,0.3123,22.4651,34.153,0.7592
0,147,9.2876,0.3468,21.9608,34.009,0.7597
0,148,9.2727,0.0689,22.0346,33.797,0.7594
0,149,9.6095,0.1122,20.9544,33.803,0.7578
0,150,10.3871,0.2920,21.6454,34.053,0.7575
0,151,9.7705,0.2163,21.9183,34.037,0.7594
0,152,9.7809,0.0438,21.8767,34.037,0.7608
0,153,9.6515,0.1637,22.3791,33.730,0.7609
0,154,9.0831,0.4156,22.8710,34.122,0.7588
0,155,9.3701,0.4062,21.6720,34.059,0.7564
0,156,9.4279,0.3910,22.8759,34.179,0.7558
0,157,8.9919,0.2530,22.2121,34.048,0.7561
0,158,8.6129,0.3836,20.9104,34.143,0.7574
0,159,9.6924,0.0614,22.3174,33.964,0.7584
0,160,9.2940,0.0743,21.4861,34.029,0.7580
0,161,9.3732,0.4750,21.8224,34.139,0.7559
0,162,8.9086,0.4722,21.8331,34.243,0.7559
0,163,10.3364,0.3354,21.3627,34.030,0.7582
0,164,8.8928,0.0000,20.9347,33.999,0.7592
0,165,9.3233,0.3308,21.5898,33.961,0.7583
0,166,9.3200,0.4102,22.2035,33.902,0.7569
0,167,9.4620,0.0271,22.4558,33.768,0.7570
0,168,9.9315,0.0000,23.7215,33.936,0.7586
0,169,9.9018,0.0000,22.3210,33.947,0.7595
0,170,9.1700,0.2303,22.1238,34.057,0.7579
0,171,9.4051,0.1681,23.0351,33.922,0.7559
0,172,9.3444,0.1617,22.1956,33.826,0.7558
0,173,8.8811,0.1082,22.2324,33.832,0.7465
0,174,9.1251,0.0000,22.8181,33.856,0.6922
0,175,9.1828,0.0213,23.5397,33.828,0.6478
0,176,9.1275,0.1150,22.0087,33.669,0.6472
0,177,8.5943,0.1658,22.3091,34.014,0.6693
0,178,9.3142,0.0357,21.8269,34.087,0.6851
0,179,8.6413,0.0000,21.2647,34.028,0.6844
0,180,8.5329,0.1963,21.6620,33.941,0.6758
0,181,8.5378,0.1878,20.8124,33.895,0.6722
0,182,9.5286,0.3984,20.6580,33.983,0.6751
0,183,9.2456,0.0560,21.6545,34.162,0.6793
0,184,8.6368,0.0000,21.5289,33.770,0.6806
0,185,8.4723,0.3133,20.8373,33.894,0.6791
0,186,9.0406,0.2598,20.1034,34.003,0.6784
0,187,9.1418,0.3930,20.5337,33.989,0.6796
0,188,8.3093,0.0442,20.2456,34.125,0.6807
0,189,8.5107,0.1844,20.4580,33.906,0.6805
0,190,8.3585,0.1235,20.8436,34.163,0.6788
0,191,8.2199,0.2105,20.0872,34.041,0.6765
0,192,8.2704,0.1589,20.6600,34.105,0.6761
0,193,8.4325,0.3880,21.3288,33.539,0.6771
0,194,8.4191,0.1532,20.5699,34.061,0.6777
0,195,8.4529,0.3395,20.5886,33.875,0.6779
0,196,7.9388,0.0096,21.4312,33.816,0.6777
0,197,8.0909,0.1656,21.5471,33.804,0.6769
0,198,8.4003,0.1968,19.4437,33.838,0.6766
0,199,7.6008,0.2456,19.8728,34.183,0.6778
0,200,8.1196,0.0191,19.9931,33.932,0.6786
0,201,8.7071,0.2169,19.1507,34.108,0.6784
0,202,8.5400,0.0939,20.6216,34.013,0.6780
0,203,8.7587,0.2116,21.0799,33.996,0.6783
0,204,8.6403,0.2295,20.1870,33.703,0.6790
0,205,8.6455,0.0000,20.2888,33.889,0.6792
0,206,9.1338,0.3168,20.8011,34.145,0.6791
0,207,8.4577,0.2891,19.5777,34.195,0.6782
0,208,8.3865,0.1029,20.7838,33.858,0.6777
0,209,8.2311,0.0655,20.7486,33.920,0.6788
0,210,8.8506,0.2946,20.1477,33.921,0.6801
0,211,8.5826,0.1514,19.4369,33.891,0.6804
0,212,8.0218,0.0000,19.0990,32.912,0.6320
0,213,7.5598,0.0000,19.1230,32.769,0.4054
0,214,7.7398,0.4335,18.1699,33.009,0.2386
0,215,7.2904,0.1157,18.1012,33.901,0.2449
0,216,7.0803,0.0000,17.6543,33.818,0.3284
0,217,6.5748,0.0000,16.3307,33.696,0.3806
0,218,6.8018,0.4761,16.9467,33.566,0.3778
0,219,6.6107,0.0000,15.7568,33.675,0.3539
0,220,6.8884,0.0000,15.5993,33.937,0.3421
0,221,6.5222,0.0000,15.1198,33.913,0.3475
0,222,5.9310,0.2040,14.9488,33.893,0.3570
0,223,6.1793,0.3533,14.6210,34.070,0.3609
0,224,6.0899,0.1277,15.1506,33.666,0.3595
0,225,5.6216,0.0000,15.0084,34.013,0.3570
0,226,6.1301,0.0593,13.8484,34.050,0.3564
0,227,5.6085,0.0214,14.0763,33.890,0.3574
0,228,5.5610,0.0000,14.3901,34.032,0.3580
0,229,5.1264,0.0976,14.0904,34.044,0.3581
0,230,5.3806,0.0000,12.9122,33.977,0.3579
0,231,5.0569,0.0000,13.0108,33.616,0.3576
0,232,5.2583,0.0818,13.0296,34.103,0.3578
0,233,5.2631,0.1557,13.3719,34.029,0.3585
0,234,5.5088,0.0700,12.7575,34.141,0.3589
0,235,5.4334,0.2397,12.6406,33.849,0.3588
0,236,5.8860,0.0731,12.9469,33.863,0.3586
0,237,5.3009,0.2621,13.0212,33.946,0.3587
0,238,5.4741,0.3331,12.9621,34.096,0.3585
0,239,5.1163,0.1331,13.0043,33.981,0.3584
0,240,5.5079,0.3942,12.4507,34.098,0.3583
0,241,5.4586,0.1644,12.9232,33.951,0.3577
0,242,5.3248,0.1497,13.0418,34.105,0.3580
0,243,5.1916,0.2287,12.5387,33.742,0.3579
0,244,4.9485,0.0042,12.0473,34.102,0.3570
0,245,5.2241,0.0478,12.3006,34.221,0.3565
0,246,4.9751,0.1204,12.4505,34.017,0.3565
0,247,4.8815,0.1309,12.5030,33.741,0.3571
0,248,5.4491,0.1005,12.2218,33.963,0.3581
0,249,5.0168,0.1903,12.5501,34.097,0.3585
0,250,4.4423,0.0254,12.0005,34.031,0.3580
0,251,5.0327,0.0166,12.5482,33.759,0.3563
0,252,4.9350,0.0000,12.1370,34.028,0.3554
0,253,5.4666,0.2128,11.9557,34.019,0.3565
0,254,4.9523,0.3049,12.0958,33.825,0.3579
0,255,4.8876,0.0267,12.3394,33.882,0.3587
0,256,4.8768,0.0001,13.0183,33.939,0.3575
0,257,4.9487,0.0000,12.7567,34.030,0.3563
0,258,4.7476,0.3724,11.3269,33.979,0.3564
0,259,5.4586,0.0000,12.0806,33.944,0.3567
0,260,5.3776,0.2318,12.1168,34.263,0.3573
0,261,5.0220,0.0000,12.6800,34.297,0.3578
0,262,4.9468,0.0357,12.5296,33.987,0.3573
0,263,5.4432,0.1658,12.1502,33.955,0.3567
0,264,5.0217,0.5011,12.1269,33.918,0.3567
0,265,5.2933,0.0342,11.9838,33.722,0.3569
0,266,5.0086,0.0000,12.2292,33.924,0.3572
0,267,4.8571,0.0000,12.8888,34.063,0.3576
0,268,4.9224,0.0900,12.4812,34.134,0.3571
0,269,4.8320,0.0000,12.8365,34.020,0.3565
0,270,4.7316,0.0000,11.7885,33.663,0.3562
0,271,5.0626,0.0000,12.5219,34.100,0.3563
0,272,5.0523,0.0535,12.0984,33.912,0.3567
0,273,5.2256,0.0000,12.4933,33.914,0.3572
0,274,5.0498,0.0000,12.0693,34.100,0.3583
0,275,5.0081,0.0000,12.1409,33.766,0.3588
0,276,5.1229,0.0000,12.5073,33.787,0.3585
0,277,5.2383,0.0000,11.9584,33.974,0.3577
0,278,5.1652,0.1064,11.8970,34.024,0.3568
0,279,4.6963,0.0101,11.8568,34.058,0.3570
0,280,5.1083,0.4999,12.1992,34.029,0.3577
0,281,5.0991,0.0439,11.5981,34.099,0.3581
0,282,5.3323,0.0000,12.5478,34.039,0.3578
0,283,5.0723,0.0000,11.7955,33.940,0.3573
0,284,4.8757,0.3031,12.8208,33.522,0.3573
0,285,4.9577,0.0782,12.7315,33.902,0.3571
0,286,5.0477,0.2824,12.1103,33.828,0.3573
0,287,4.8593,0.2491,12.4126,34.306,0.3573
0,288,4.9810,0.2449,12.2167,34.201,0.3567
0,289,5.1715,0.1344,12.2888,34.171,0.3571
0,290,5.3366,0.0770,12.1006,34.157,0.3581
0,291,5.3482,0.2892,12.1810,34.107,0.3585
0,292,5.1762,0.0241,12.1784,33.937,0.3577
0,293,4.8900,0.2925,11.8990,34.033,0.3574
0,294,4.8913,0.0260,12.5186,34.111,0.3584
0,295,5.5045,0.0000,12.0027,34.080,0.3587
0,296,4.9496,0.1470,12.2395,33.888,0.3584
0,297,5.3148,0.0000,12.3119,33.947,0.3578
0,298,5.4088,0.4308,12.3561,33.920,0.3570
0,299,5.5408,0.1594,12.2249,33.897,0.3572
0,300,4.9144,0.0000,11.9443,34.054,0.3582
0,301,5.6923,0.0000,13.4303,33.977,0.3583
0,302,5.0821,0.0751,11.8932,33.841,0.3574
0,303,5.1522,0.0611,12.0341,34.216,0.3573
0,304,5.2596,0.1342,12.5176,34.118,0.3578
0,305,4.8107,0.0805,12.6227,34.120,0.3579
0,306,5.0561,0.0545,12.7264,33.800,0.3578
0,307,5.4362,0.1954,12.3278,33.924,0.3579
0,308,5.0455,0.0003,11.8582,34.096,0.3575
0,309,5.0491,0.0639,13.0839,33.920,0.3569
0,310,5.0402,0.2605,12.3487,33.801,0.3568
0,311,4.9021,0.0000,12.3855,34.198,0.3573
0,312,4.8329,0.2024,12.3214,34.004,0.3580
0,313,5.0484,0.1677,11.9446,34.062,0.3574
0,314,5.0433,0.2114,11.4257,33.947,0.3565
0,315,5.0085,0.0000,12.2658,34.166,0.3566
0,316,4.8374,0.0509,12.0055,34.140,0.3573
0,317,4.8827,0.0683,12.1169,33.929,0.3574
0,318,5.0747,0.2139,12.5958,33.929,0.3569
0,319,4.8394,0.1838,11.8736,34.145,0.3569
0,320,5.0332,0.0000,12.4348,34.014,0.3577
0,321,5.3098,0.2027,12.3355,34.074,0.3576
0,322,4.9683,0.0347,11.9977,33.960,0.3570
0,323,5.2228,0.1359,12.0278,33.944,0.3572
0,324,5.1621,0.0757,12.1287,34.135,0.3579
0,325,5.0314,0.1041,12.4017,33.778,0.3584
0,326,4.7459,0.0796,12.2031,34.265,0.3573
0,327,5.1407,0.0000,11.9790,34.040,0.3567
0,328,5.5896,0.3859,13.1027,35.284,0.3958
0,329,5.8424,0.2230,13.3612,35.606,0.6019
0,330,6.1623,0.0000,14.1242,35.021,0.7757
0,331,7.0446,0.0000,14.6827,34.351,0.7925
0,332,7.1979,0.0000,15.1955,34.092,0.7164
0,333,6.8824,0.0699,15.3339,34.090,0.6541
0,334,7.2251,0.0397,15.6487,34.197,0.6453
0,335,7.2534,0.0000,15.6210,34.158,0.6662
0,336,7.6055,0.2285,16.5246,34.166,0.6838
0,337,7.1805,0.0846,17.1882,34.130,0.6853
0,338,7.8433,0.1905,16.9397,33.870,0.6750
0,339,8.0678,0.0000,17.4235,34.152,0.6658
0,340,7.5742,0.2152,17.8571,34.149,0.6655
0,341,7.8723,0.0519,18.4321,34.196,0.6689
0,342,8.4992,0.1589,18.1696,34.013,0.6703
0,343,8.1019,0.4530,18.2498,34.035,0.6694
0,344,8.8256,0.0000,18.3308,34.262,0.6687
0,345,8.1756,0.1019,18.5982,33.976,0.6690
0,346,8.5217,0.2327,19.3723,33.968,0.6683
0,347,7.8278,0.4382,19.8766,34.141,0.6667
0,348,7.9608,0.1689,18.9863,33.877,0.6663
0,349,8.1833,0.2506,18.7196,33.734,0.6667
0,350,8.3927,0.0000,19.0992,34.232,0.6669
0,351,8.4929,0.0881,18.5853,34.086,0.6665
0,352,7.3342,0.0472,20.0683,34.130,0.6660
0,353,8.3577,0.0000,19.6649,34.095,0.6659
0,354,7.6767,0.2005,19.3274,33.747,0.6668
0,355,7.9816,0.0439,19.7939,34.235,0.6682
0,356,7.9668,0.0055,19.7090,33.963,0.6680
0,357,8.3524,0.0944,19.9005,34.054,0.6674
0,358,8.2613,0.0000,19.9871,33.919,0.6679
0,359,8.4109,0.1574,21.0207,34.005,0.6687
0,360,8.7826,0.2188,19.8763,33.933,0.6690
0,361,8.4991,0.3118,20.8307,34.083,0.6695
0,362,8.3382,0.0000,20.2204,33.930,0.6693
0,363,7.9348,0.0310,19.4707,34.026,0.6677
0,364,8.6757,0.3030,19.3727,33.986,0.6662
0,365,7.7662,0.1119,20.3057,33.827,0.6513
0,366,7.5628,0.0319,19.9999,33.622,0.5793
0,367,7.7191,0.3378,18.9355,33.576,0.5249
0,368,7.4957,0.3258,18.5402,33.922,0.5268
0,369,8.0421,0.3648,18.6451,34.365,0.5541
0,370,7.6767,0.2407,18.9897,33.940,0.5705
0,371,7.7606,0.0413,18.4133,33.942,0.5696
0,372,7.1292,0.2412,18.5720,34.030,0.5626
0,373,7.3135,0.2630,18.4983,34.013,0.5586
0,374,7.2142,0.1293,18.1758,33.756,0.5601
0,375,7.5501,0.1912,19.1043,33.967,0.5630
0,376,7.2506,0.3217,17.3976,33.907,0.5641
0,377,7.4456,0.2163,17.7398,33.689,0.5637
0,378,7.4136,0.2510,18.1833,34.016,0.5624
0,379,6.9441,0.0000,18.1169,33.939,0.5620
0,380,7.2652,0.1345,18.7225,33.893,0.5635
0,381,7.1660,0.1811,18.1194,34.251,0.5648
0,382,7.1480,0.2498,18.0299,34.043,0.5646
0,383,7.4399,0.2684,17.3364,33.947,0.5645
0,384,7.3090,0.1004,17.4810,34.006,0.5655
0,385,7.1856,0.2718,17.4560,33.993,0.5662
0,386,7.5934,0.1057,17.9372,34.235,0.5654
0,387,7.2733,0.0000,19.1978,34.049,0.5643
0,388,6.8964,0.0662,16.9662,34.176,0.5640
0,389,7.3267,0.1213,17.4790,34.038,0.5645
0,390,7.7101,0.0000,17.1277,34.095,0.5654
0,391,7.3303,0.1637,16.6825,33.781,0.5658
0,392,7.9819,0.1023,17.5736,33.927,0.5663
0,393,7.3475,0.2355,18.0965,34.042,0.5672
0,394,8.0444,0.1104,17.4319,34.181,0.5666
0,395,7.7019,0.2181,18.7569,33.934,0.5659
0,396,8.1440,0.0000,19.0810,33.889,0.5662
0,397,7.7439,0.1077,18.6371,33.750,0.5666
0,398,7.0551,0.0000,16.5434,33.859,0.5667
0,399,7.7834,0.1619,18.7166,34.138,0.5659
1,0,7.8894,0.2096,19.2272,33.902,0.6349
1,1,8.4935,0.1098,19.2729,34.116,0.6354
1,2,8.5336,0.2113,20.7862,33.825,0.6357
1,3,8.0859,0.1895,19.1838,33.826,0.6364
1,4,8.3751,0.4157,19.7757,33.928,0.6362
1,5,8.4153,0.5200,19.1357,34.128,0.6351
1,6,8.4363,0.0863,19.5864,33.943,0.6354
1,7,8.7929,0.1457,19.3754,34.334,0.6370
1,8,8.8838,0.2459,19.5877,34.131,0.6369
1,9,8.3644,0.2610,18.9208,33.885,0.6355
1,10,8.0513,0.1297,18.6524,34.030,0.6345
1,11,7.7377,0.1131,19.4868,33.996,0.6338
1,12,7.9014,0.0000,18.8277,34.135,0.6330
1,13,7.7722,0.1663,19.1388,33.995,0.6325
1,14,7.6496,0.0000,19.3793,34.061,0.6335
1,15,8.0868,0.0000,19.0239,34.040,0.6345
1,16,8.2609,0.3006,18.5138,33.912,0.6338
1,17,7.6889,0.3662,19.6801,33.953,0.6332
1,18,7.6438,0.2070,19.3496,33.677,0.6329
1,19,7.8398,0.1384,18.9428,33.757,0.6329
1,20,8.9905,0.1910,18.9621,33.958,0.6346
1,21,7.6973,0.0820,19.7540,33.747,0.6357
1,22,8.2350,0.0960,19.9116,33.765,0.6349
1,23,8.1264,0.0115,19.3892,34.030,0.6334
1,24,7.8531,0.5153,18.8835,34.266,0.6326
1,25,7.4278,0.0765,20.3204,34.146,0.6325
1,26,8.4881,0.0764,18.7274,34.031,0.6328
1,27,8.2941,0.2056,19.4264,33.739,0.6337
1,28,7.7420,0.4036,18.6909,33.744,0.6346
1,29,7.9473,0.1673,19.5210,33.985,0.6346
1,30,8.2457,0.1497,19.6758,33.989,0.6344
1,31,7.8448,0.1210,18.8283,34.238,0.6338
1,32,7.9565,0.0000,18.6482,33.710,0.6324
1,33,7.8479,0.2207,19.3176,34.101,0.6312
1,34,7.6755,0.1474,19.6958,33.946,0.6320
1,35,7.9562,0.2940,19.2087,33.992,0.6333
1,36,8.1436,0.2995,18.8832,33.976,0.6335
1,37,7.5885,0.0000,18.7940,34.087,0.6331
1,38,7.4816,0.0074,20.1036,33.953,0.6326
1,39,7.8636,0.0286,19.6008,33.907,0.6316
1,40,8.0173,0.0789,19.6207,34.507,0.6320
1,41,7.8725,0.0331,18.7769,34.116,0.6341
1,42,7.6400,0.2665,20.2259,33.702,0.6344
1,43,7.9665,0.1818,19.1622,33.889,0.6329
1,44,7.4349,0.0000,19.1203,33.922,0.6328
1,45,7.4317,0.1463,20.0985,33.897,0.6333
1,46,8.2644,0.1332,20.3592,33.935,0.6326
1,47,8.5755,0.2652,18.5743,34.199,0.6326
1,48,8.3506,0.2704,18.9855,33.912,0.6342
1,49,7.4484,0.0046,19.1817,33.868,0.6352
1,50,8.3532,0.0000,18.3510,34.032,0.6350
1,51,8.1671,0.2086,18.5128,33.886,0.6334
1,52,7.5062,0.1500,19.9111,33.729,0.6321
1,53,8.2974,0.0000,19.0194,33.967,0.6324
1,54,7.9720,0.4587,19.7559,33.885,0.6337
1,55,7.7743,0.2434,18.7510,33.979,0.6342
1,56,7.8534,0.1540,18.9503,33.961,0.6334
1,57,7.5908,0.3219,18.7116,33.893,0.6328
1,58,7.2314,0.3590,20.0711,34.240,0.6328
1,59,8.3265,0.1021,19.3591,34.205,0.6334
1,60,8.7204,0.3322,18.6612,34.247,0.6343
1,61,7.9884,0.0454,19.7562,34.007,0.6348
1,62,7.6951,0.0000,19.2347,34.072,0.6335
1,63,7.8541,0.1975,19.3122,34.233,0.6322
1,64,7.8074,0.2590,19.0785,34.037,0.6330
1,65,8.2675,0.1957,20.2428,34.027,0.6345
1,66,8.0472,0.0645,19.2492,33.960,0.6335
1,67,8.0563,0.0905,18.6748,34.146,0.6233
1,68,8.6156,0.2247,18.5644,33.845,0.6150
1,69,7.8012,0.3354,18.4889,33.765,0.6147
1,70,7.5758,0.1945,19.6357,34.304,0.6208
1,71,7.8646,0.0000,19.7869,34.141,0.6371
1,72,7.3544,0.0000,19.4400,34.046,0.6486
1,73,7.6612,0.2205,19.0143,33.983,0.6482
1,74,7.7135,0.0580,20.7154,33.816,0.6419
1,75,8.5296,0.3911,19.8739,33.929,0.6376
1,76,8.0257,0.0263,19.3817,33.864,0.6380
1,77,7.9847,0.0000,19.5567,33.814,0.6396
1,78,7.6898,0.0000,18.7565,34.143,0.6405
1,79,7.3917,0.0199,19.6562,33.840,0.6402
1,80,7.7282,0.1424,19.4235,33.928,0.6388
1,81,7.9799,0.2111,18.8935,34.278,0.6379
1,82,7.6553,0.0000,18.7173,34.123,0.6385
1,83,7.3410,0.2782,19.7589,34.152,0.6397
1,84,7.5492,0.0375,18.5716,34.074,0.6405
1,85,7.4003,0.0436,19.3564,34.089,0.6408
1,86,8.1069,0.3041,18.7740,34.230,0.6402
1,87,7.6443,0.1625,20.8412,34.203,0.6402
1,88,7.6169,0.0000,19.4561,34.161,0.6400
1,89,7.4967,0.0000,18.8481,34.060,0.6397
1,90,8.2411,0.1992,19.1203,34.096,0.6397
1,91,7.8938,0.0312,20.3542,33.680,0.6396
1,92,7.9833,0.1570,18.6017,34.088,0.6403
1,93,8.0208,0.3580,19.9016,33.927,0.6410
1,94,8.2085,0.1749,19.5659,34.001,0.6403
1,95,8.4715,0.0138,19.1801,34.129,0.6395
1,96,8.1784,0.3126,19.3959,33.937,0.6398
1,97,8.8552,0.0771,18.8802,33.928,0.6411
1,98,8.6943,0.1865,19.4233,34.166,0.6426
1,99,7.8957,0.3018,19.3748,34.004,0.6430
1,100,7.7204,0.0000,19.4174,34.019,0.6424
1,101,7.8928,0.0798,19.7754,33.801,0.6408
1,102,8.3596,0.3986,19.3062,34.062,0.6393
1,103,8.0471,0.0000,19.8303,34.012,0.6397
1,104,8.0413,0.2764,19.3458,34.163,0.6402
1,105,7.9391,0.1122,19.3291,34.217,0.6409
1,106,7.6879,0.2543,19.9782,34.104,0.6408
1,107,7.7964,0.0000,20.5642,34.132,0.6387
1,108,8.4128,0.1707,20.2961,34.040,0.6384
1,109,8.1046,0.0000,20.0413,34.304,0.6401
1,110,8.1815,0.0262,19.4186,34.034,0.6412
1,111,7.3159,0.0184,20.2652,34.146,0.6410
1,112,7.6724,0.1190,18.9679,33.826,0.6401
1,113,8.2616,0.0274,20.3751,34.297,0.6399
1,114,8.1626,0.3934,18.5260,33.901,0.6411
1,115,7.7492,0.0964,18.5582,33.693,0.6420
1,116,8.3330,0.3448,19.5294,34.171,0.6410
1,117,7.9231,0.0099,19.3380,34.307,0.6397
1,118,7.8550,0.2157,19.1968,34.094,0.6392
1,119,8.4910,0.1812,18.4140,34.137,0.6398
1,120,7.6299,0.0000,18.5941,33.754,0.6407
1,121,8.3562,0.2381,18.7808,33.847,0.6405
1,122,8.0943,0.3830,18.7597,34.108,0.6405
1,123,8.0358,0.1701,20.1256,33.874,0.6416
1,124,7.9028,0.2913,19.4205,34.027,0.6423
1,125,8.4469,0.0114,19.3965,34.036,0.6420
1,126,8.6000,0.0000,18.5501,34.070,0.6411
1,127,8.7705,0.0713,19.2657,33.753,0.6409
1,128,8.7946,0.3828,19.1548,33.941,0.6420
1,129,8.5812,0.0000,19.5062,33.869,0.6434
1,130,9.6272,0.1871,19.0237,33.921,0.6430
1,131,8.4727,0.0000,18.5740,33.927,0.6418
1,132,8.8008,0.1815,19.6919,33.967,0.6416
1,133,8.2030,0.2133,19.6820,33.808,0.6416
1,134,8.4307,0.3978,20.5854,34.232,0.6414
1,135,8.1546,0.0982,19.6755,34.031,0.6404
1,136,7.9493,0.0125,19.2056,33.840,0.6390
1,137,8.8039,0.4320,19.3365,33.747,0.6391
1,138,8.4641,0.0000,19.7507,34.033,0.6406
1,139,8.0420,0.2282,18.2892,34.152,0.6408
1,140,8.0157,0.0765,19.2004,33.917,0.6401
1,141,7.6647,0.1265,20.4559,33.973,0.6407
1,142,7.9743,0.1404,19.3048,33.979,0.6411
1,143,8.2950,0.2131,18.8523,33.850,0.6415
1,144,8.3456,0.2023,19.6079,33.916,0.6413
1,145,8.3270,0.1103,18.7843,34.084,0.6403
1,146,8.5008,0.0222,19.8520,33.861,0.6402
1,147,9.0034,0.0000,18.2208,33.841,0.6404
1,148,8.3299,0.3180,18.8602,33.736,0.6406
1,149,8.0819,0.0000,19.8774,33.908,0.6408
1,150,8.1628,0.4161,19.1508,33.715,0.6406
1,151,7.8551,0.0254,19.6761,34.208,0.6398
1,152,8.2621,0.0040,20.0284,33.843,0.6383
1,153,8.0852,0.0000,19.7179,34.179,0.6383
1,154,8.0733,0.0176,18.9773,33.948,0.6402
1,155,8.0040,0.1138,19.9398,33.971,0.6410
1,156,8.0241,0.2090,20.5747,34.034,0.6398
1,157,7.9434,0.0762,18.8651,33.827,0.6389
1,158,8.2787,0.2723,19.0452,34.180,0.6400
1,159,8.1347,0.0727,19.3481,34.301,0.6407
1,160,8.1385,0.0000,19.7942,33.927,0.6400
1,161,7.7866,0.1891,19.5050,34.134,0.6396
1,162,7.8926,0.2029,19.6624,33.979,0.6401
1,163,8.0759,0.3374,19.5452,33.780,0.6403
1,164,7.8286,0.0000,19.0221,34.098,0.6404
1,165,8.6216,0.2210,19.8281,34.070,0.6401
1,166,8.4696,0.0984,20.5172,34.162,0.6396
1,167,7.6549,0.2123,19.8584,34.050,0.6398
1,168,7.7990,0.3032,19.9629,33.978,0.6397
1,169,8.1391,0.0952,19.2670,34.138,0.6392
1,170,8.6514,0.0065,20.2913,33.935,0.6395
1,171,7.9818,0.2047,18.9119,33.792,0.6401
1,172,8.3358,0.4197,19.8500,34.023,0.6404
1,173,8.0482,0.3527,19.5313,34.259,0.6410
1,174,8.1097,0.2821,18.8520,33.885,0.6418
1,175,8.6982,0.2909,19.3957,33.990,0.6414
1,176,8.6458,0.3675,18.4458,34.260,0.6402
1,177,8.1629,0.0915,19.3397,34.243,0.6391
1,178,8.2168,0.2890,19.6831,34.045,0.6392
1,179,8.1233,0.0000,20.5377,34.095,0.6407
1,180,8.1526,0.0575,19.4323,33.589,0.6409
1,181,7.9624,0.1031,19.7687,33.983,0.6396
1,182,8.0251,0.0518,19.0569,34.010,0.6393
1,183,7.9340,0.1367,19.0178,33.861,0.6400
1,184,8.1512,0.1559,18.7630,33.756,0.6408
1,185,8.1818,0.2774,20.0370,33.830,0.6417
1,186,8.6870,0.1309,19.4167,33.875,0.6420
1,187,7.7726,0.1752,19.0718,34.414,0.6417
1,188,7.6595,0.1058,19.7258,33.866,0.6406
1,189,8.1621,0.0830,20.5697,33.839,0.6394
1,190,8.3370,0.1897,19.3523,34.035,0.6393
1,191,7.5280,0.1004,19.0577,34.062,0.6393
1,192,8.1011,0.0097,19.0710,33.960,0.6390
1,193,7.8983,0.0000,18.7690,33.997,0.6343
1,194,8.5991,0.3248,19.6165,33.990,0.6105
1,195,9.0502,0.1610,18.6039,34.020,0.5924
1,196,8.4569,0.2897,18.4836,33.976,0.5923
1,197,8.4142,0.2805,20.2093,33.732,0.6010
1,198,8.0374,0.2110,19.2241,34.067,0.6076
1,199,8.2186,0.1787,18.6711,34.138,0.6078
1,200,8.2093,0.0429,18.7162,33.863,0.6048
1,201,8.0122,0.0590,18.9278,34.070,0.6028
1,202,8.4200,0.0919,19.8728,33.865,0.6025
1,203,7.8845,0.2273,19.3474,34.034,0.6038
1,204,7.5204,0.3328,17.9736,33.906,0.6052
1,205,7.4215,0.0000,18.8249,33.898,0.6041
1,206,7.8016,0.1755,18.8957,33.889,0.6032
1,207,7.4956,0.1756,18.6575,34.086,0.6043
1,208,7.6553,0.4167,19.5015,33.849,0.6048
1,209,8.0135,0.3221,19.0100,33.975,0.6047
1,210,7.6678,0.0000,19.2524,34.089,0.6043
1,211,7.6983,0.0334,17.8308,33.840,0.6039
1,212,7.6740,0.2288,19.9911,33.914,0.6032
1,213,7.9293,0.0000,18.4091,34.106,0.6034
1,214,8.0697,0.1252,17.8852,33.940,0.6049
1,215,7.7185,0.0000,19.4714,33.901,0.6052
1,216,8.0386,0.0769,18.0016,33.787,0.6050
1,217,8.1536,0.2089,18.8532,33.988,0.6049
1,218,8.2194,0.0000,19.2201,33.985,0.6045
1,219,8.2257,0.0000,18.0369,34.110,0.6044
1,220,7.6808,0.0218,17.5356,33.926,0.6049
1,221,7.7923,0.0000,18.9216,34.183,0.6051
1,222,7.8988,0.1079,17.5562,34.112,0.5995
1,223,7.5688,0.1720,18.1938,33.818,0.5750
1,224,7.3173,0.2009,18.0478,34.031,0.5563
1,225,7.9719,0.1871,19.4507,33.955,0.5561
1,226,7.4477,0.1400,18.2053,33.708,0.5656
1,227,7.6618,0.0000,18.4577,34.126,0.5726
1,228,7.5899,0.0394,17.1099,33.857,0.5725
1,229,7.8086,0.0000,18.5716,33.970,0.5687
1,230,7.6154,0.1900,17.8966,34.052,0.5677
1,231,7.1134,0.2007,17.4307,33.914,0.5697
1,232,7.3815,0.3792,18.4585,33.984,0.5713
1,233,6.9698,0.1491,17.5111,33.871,0.5717
1,234,7.2617,0.0000,18.1929,33.734,0.5711
1,235,7.1054,0.0963,17.6615,34.071,0.5699
1,236,7.4578,0.0000,18.8030,33.982,0.5692
1,237,6.9215,0.0000,17.6507,34.249,0.5697
1,238,7.8672,0.0460,17.9978,34.166,0.5705
1,239,7.4048,0.1227,17.8136,33.960,0.5702
1,240,7.7018,0.0000,18.2425,33.845,0.5700
1,241,8.2005,0.2053,17.1378,34.026,0.5707
1,242,7.4733,0.0393,18.5246,34.055,0.5716
1,243,7.4742,0.0743,17.3451,33.582,0.5714
1,244,7.1753,0.0000,18.2412,33.986,0.5698
1,245,7.2631,0.0898,16.5207,34.260,0.5684
1,246,7.3768,0.1572,18.0233,34.205,0.5683
1,247,7.1456,0.1060,18.8681,33.945,0.5685
1,248,7.3915,0.0379,18.0700,34.067,0.5696
1,249,6.8893,0.1942,17.7601,33.943,0.5708
1,250,7.6142,0.2458,17.7711,34.124,0.5708
1,251,7.2277,0.1672,17.1793,34.049,0.5709
1,252,7.7256,0.1829,17.8783,33.948,0.5704
1,253,7.5582,0.1903,18.4672,34.144,0.5692
1,254,7.1466,0.3620,17.9923,34.302,0.5690
1,255,7.2700,0.1899,17.3191,34.047,0.5695
1,256,7.0790,0.1571,17.3131,34.200,0.5696
1,257,7.7489,0.1657,17.5434,34.052,0.5694
1,258,6.7272,0.4088,18.1313,34.068,0.5690
1,259,7.5363,0.1881,17.4262,33.897,0.5683
1,260,7.5214,0.0360,17.1629,33.747,0.5690
1,261,6.7364,0.0610,17.9647,33.626,0.5700
1,262,7.2391,0.2086,17.2234,34.011,0.5693
1,263,6.8447,0.0000,17.0286,34.178,0.5687
1,264,6.8406,0.0000,17.1204,34.102,0.5690
1,265,7.3160,0.0241,16.4605,33.905,0.5694
1,266,7.0010,0.0979,18.0539,33.922,0.5698
1,267,7.6756,0.1479,18.1173,33.880,0.5699
1,268,7.7672,0.0525,17.5882,34.201,0.5690
1,269,7.3123,0.2574,17.6877,33.997,0.5683
1,270,7.2557,0.2237,16.8898,34.086,0.5687
1,271,7.1759,0.0793,18.1188,33.896,0.5697
1,272,7.3049,0.0000,17.4964,33.888,0.5710
1,273,7.1565,0.3581,18.2671,33.989,0.5714
1,274,7.3613,0.0000,17.2249,34.024,0.5712
1,275,7.5419,0.0000,18.3125,34.085,0.5704
1,276,7.6217,0.0000,17.9784,34.090,0.5693
1,277,7.8989,0.1435,18.1181,33.844,0.5690
1,278,7.0127,0.0000,17.6010,34.240,0.5697
1,279,7.2758,0.1171,16.7145,33.955,0.5693
1,280,7.5097,0.0284,17.7293,33.858,0.5691
1,281,7.3586,0.0888,17.2553,34.250,0.5705
1,282,7.2410,0.2190,17.9084,33.900,0.5714
1,283,7.7165,0.0000,16.7792,34.136,0.5706
1,284,7.7071,0.3059,18.0885,33.969,0.5694
1,285,7.4213,0.0000,18.0192,34.007,0.5699
1,286,7.8807,0.0060,16.6141,34.119,0.5699
1,287,7.3590,0.1524,18.2433,34.164,0.5691
1,288,7.1254,0.0000,17.5760,33.963,0.5697
1,289,7.0511,0.2897,17.1404,34.040,0.5703
1,290,7.2876,0.2080,17.5240,33.967,0.5703
1,291,7.3361,0.0438,17.2985,34.095,0.5706
1,292,7.2083,0.3096,17.3379,34.022,0.5703
1,293,7.1597,0.1137,17.8251,34.187,0.5700
1,294,7.2897,0.2564,17.9559,33.945,0.5703
1,295,6.9071,0.1440,17.4964,34.011,0.5702
1,296,7.5787,0.2263,17.9815,34.130,0.5702
1,297,7.0495,0.2137,17.6107,34.159,0.5704
1,298,7.4521,0.0000,17.3728,33.931,0.5705
1,299,7.1878,0.2486,17.9919,34.012,0.5705
1,300,7.4494,0.0000,17.5019,34.066,0.5703
1,301,7.1795,0.3909,17.9791,33.468,0.5590
1,302,7.9331,0.1912,18.0400,33.885,0.5048
1,303,6.9865,0.3417,17.9413,33.606,0.4641
1,304,7.1742,0.0277,16.5870,34.159,0.4646
1,305,7.6765,0.0043,16.7459,33.845,0.4845
1,306,7.0729,0.0000,16.5474,33.958,0.4983
1,307,7.6755,0.0000,17.1982,34.127,0.4986
1,308,6.8371,0.0676,15.9995,33.767,0.4934
1,309,6.4191,0.1041,16.8162,33.819,0.4896
1,310,6.9697,0.0881,16.9124,33.713,0.4893
1,311,6.5308,0.2305,16.5625,33.776,0.4916
1,312,6.6060,0.0000,16.3846,34.022,0.4935
1,313,6.7662,0.0654,16.7359,34.356,0.4936
1,314,7.3497,0.1694,15.9282,33.965,0.4924
1,315,7.6054,0.0000,15.5101,34.138,0.4919
1,316,7.1414,0.1906,15.9879,34.049,0.4928
1,317,7.3898,0.0000,15.8871,34.019,0.4935
1,318,7.0286,0.0649,16.8080,33.841,0.4935
1,319,6.8312,0.1400,16.1380,33.822,0.4931
1,320,6.8951,0.2761,16.2112,34.091,0.4930
1,321,6.4292,0.1138,16.2697,34.007,0.4930
1,322,7.3402,0.0542,14.2717,33.998,0.4924
1,323,6.4551,0.2034,15.5240,34.055,0.4914
1,324,6.2714,0.1896,16.4183,34.026,0.4907
1,325,6.3311,0.4611,15.5204,34.249,0.4915
1,326,6.8405,0.0854,15.6548,33.878,0.4924
1,327,6.6772,0.0000,15.0044,34.080,0.4916
1,328,6.1063,0.0754,15.2575,33.852,0.4905
1,329,6.0547,0.0000,15.2250,34.259,0.4912
1,330,6.1881,0.0000,15.8469,34.147,0.4926
1,331,6.1771,0.4093,15.8602,34.020,0.4926
1,332,6.6247,0.0000,16.0456,34.087,0.4919
1,333,6.0404,0.4445,15.9412,34.077,0.4918
1,334,6.6152,0.0000,16.0873,34.032,0.4917
1,335,6.0159,0.1673,16.2358,33.946,0.4909
1,336,6.6484,0.1106,15.2028,33.993,0.4908
1,337,6.6081,0.1814,14.2706,34.339,0.4912
1,338,6.5107,0.2274,15.3681,33.899,0.4907
1,339,6.4701,0.0083,15.8737,34.026,0.4900
1,340,6.0927,0.0544,16.4171,34.282,0.4909
1,341,6.6637,0.1070,15.1324,33.762,0.4917
1,342,6.0850,0.0000,14.7494,34.011,0.4911
1,343,6.3155,0.1729,14.9167,33.891,0.4907
1,344,6.3762,0.0636,15.3605,34.038,0.4910
1,345,6.2715,0.4244,14.9866,34.220,0.4917
1,346,6.4288,0.2161,15.2447,33.967,0.4918
1,347,6.1510,0.2486,14.6768,33.550,0.4918
1,348,6.7876,0.2542,16.2347,33.848,0.4917
1,349,6.0584,0.1976,15.9360,33.687,0.4918
1,350,6.5044,0.2277,15.4342,34.094,0.4919
1,351,6.2943,0.1924,15.4027,33.787,0.4917
1,352,6.3433,0.0000,15.1687,34.419,0.4926
1,353,6.4626,0.0225,16.2311,34.279,0.4936
1,354,6.7002,0.1327,16.2339,34.190,0.4936
1,355,6.8717,0.2717,15.4995,33.975,0.4931
1,356,6.9720,0.1626,16.1556,33.899,0.4928
1,357,6.7206,0.0164,15.4271,34.015,0.4919
1,358,6.4806,0.0000,15.1124,34.223,0.4915
1,359,7.1446,0.3140,15.7080,33.870,0.4919
1,360,6.5397,0.0000,14.7963,33.770,0.4923
1,361,6.7084,0.1488,15.1925,33.901,0.4929
1,362,6.7545,0.0000,15.1913,34.034,0.4928
1,363,6.2959,0.2853,14.9325,34.190,0.4923
1,364,6.6249,0.0610,15.8081,34.006,0.4918
1,365,6.5951,0.0000,16.1818,34.014,0.4929
1,366,6.2056,0.3358,16.2694,34.141,0.4966
1,367,6.9557,0.1010,14.8616,33.894,0.5107
1,368,7.2408,0.3364,15.1778,33.797,0.5217
1,369,6.8127,0.2572,16.2756,33.991,0.5211
1,370,6.4097,0.0518,16.2924,34.143,0.5144
1,371,6.5059,0.0000,15.7910,34.167,0.5109
1,372,6.8021,0.1768,15.5030,33.875,0.5124
1,373,6.1206,0.0000,15.6853,33.879,0.5150
1,374,7.0971,0.2090,16.6265,34.010,0.5160
1,375,6.7462,0.0000,16.0431,33.945,0.5158
1,376,7.4638,0.0000,15.7433,33.964,0.5150
1,377,6.9995,0.3941,16.3686,33.911,0.5133
1,378,6.8210,0.0668,16.9452,33.843,0.5122
1,379,6.8096,0.0971,16.1048,33.963,0.5129
1,380,6.6355,0.2027,16.1692,33.906,0.5142
1,381,7.4758,0.2774,15.5048,34.110,0.5149
1,382,7.3394,0.3371,16.1095,33.947,0.5149
1,383,7.0867,0.3079,15.7548,33.656,0.5143
1,384,6.9248,0.0637,16.4422,33.916,0.5146
1,385,6.9767,0.0807,16.5155,33.983,0.5148
1,386,7.1580,0.0000,15.2141,33.764,0.5138
1,387,6.9992,0.1406,16.4902,34.012,0.5125
1,388,6.7281,0.2650,15.8253,33.987,0.5124
1,389,6.6658,0.0242,16.2879,34.018,0.5132
1,390,6.7699,0.3456,16.4904,33.868,0.5132
1,391,6.6240,0.0600,16.6834,34.321,0.5121
1,392,6.9336,0.1869,15.8069,33.974,0.5115
1,393,7.0974,0.0000,15.2550,33.800,0.5132
1,394,6.9833,0.0834,15.6743,33.926,0.5155
1,395,6.9072,0.1822,16.9443,34.135,0.5164
1,396,6.6921,0.0484,15.2126,34.363,0.5151
1,397,6.8416,0.0499,15.9440,34.111,0.5135
1,398,6.6762,0.0857,15.5440,33.831,0.5131
1,399,6.6826,0.1373,17.1607,34.022,0.5135
2,0,8.4311,0.0000,19.0048,33.701,0.6217
2,1,8.6563,0.1336,18.8500,33.830,0.6202
2,2,7.9850,0.2377,18.4623,33.684,0.6189
2,3,7.7200,0.1553,19.0750,33.944,0.6197
2,4,8.4210,0.3849,19.6262,33.904,0.6220
2,5,8.3627,0.1643,19.5869,33.648,0.6231
2,6,7.9109,0.2353,19.0408,33.990,0.6223
2,7,8.5333,0.0000,19.5509,33.831,0.6210
2,8,7.6951,0.1413,18.8571,34.139,0.6202
2,9,7.4035,0.2063,18.6078,34.033,0.6201
2,10,7.1670,0.1346,18.3782,33.186,0.5809
2,11,7.5544,0.0000,17.7097,32.737,0.3942
2,12,6.6017,0.0000,17.7376,33.182,0.2560
2,13,6.8110,0.1219,16.8916,34.024,0.2607
2,14,6.3598,0.0000,16.8276,33.872,0.3295
2,15,5.9518,0.0650,16.5095,34.033,0.3721
2,16,6.1007,0.0807,15.6452,33.669,0.3685
2,17,5.8705,0.0411,15.6325,33.734,0.3492
2,18,5.7811,0.0312,14.2582,34.064,0.3410
2,19,5.9439,0.0000,15.0206,33.848,0.3450
2,20,5.7424,0.2070,14.4137,34.048,0.3516
2,21,5.9508,0.2771,14.2256,33.818,0.3549
2,22,5.4689,0.0928,14.0648,34.125,0.3550
2,23,5.5898,0.2270,14.0492,33.707,0.3537
2,24,5.3339,0.1331,13.7505,33.985,0.3526
2,25,5.4269,0.0000,13.4633,34.033,0.3526
2,26,5.5392,0.0000,14.0277,33.946,0.3526
2,27,5.1382,0.0000,12.9080,33.936,0.3528
2,28,5.0128,0.1623,13.4538,33.984,0.3539
2,29,5.3172,0.1531,12.4857,33.849,0.3544
2,30,5.6666,0.0000,12.7411,33.762,0.3538
2,31,5.6340,0.0230,13.0296,33.956,0.3545
2,32,5.4408,0.0022,12.7092,33.898,0.3555
2,33,5.2906,0.1719,13.0765,33.913,0.3546
2,34,5.1829,0.1758,12.9242,34.006,0.3537
2,35,5.1419,0.0000,13.3401,33.927,0.3532
2,36,4.7434,0.2320,12.7351,34.114,0.3532
2,37,4.9593,0.4630,12.6701,33.980,0.3539
2,38,5.5436,0.3885,12.7069,33.928,0.3539
2,39,4.9144,0.2907,12.5831,34.031,0.3536
2,40,5.3033,0.2786,12.4585,34.188,0.3533
2,41,5.1496,0.3995,12.4817,34.061,0.3528
2,42,4.9774,0.0000,12.3638,34.074,0.3530
2,43,5.1628,0.1595,12.4442,34.015,0.3539
2,44,5.3025,0.0146,12.3562,34.065,0.3548
2,45,5.2998,0.0879,13.4440,33.947,0.3551
2,46,5.0124,0.2260,11.7736,33.916,0.3546
2,47,5.3580,0.0000,11.9381,33.971,0.3537
2,48,5.2027,0.4284,12.9124,33.934,0.3538
2,49,5.0384,0.0581,11.7129,34.063,0.3546
2,50,5.2105,0.1604,12.3455,33.882,0.3545
2,51,5.1944,0.0000,12.6758,33.880,0.3538
2,52,5.2600,0.1094,11.9969,34.064,0.3539
2,53,5.4584,0.1298,12.6856,33.935,0.3544
2,54,5.2950,0.0983,11.6473,33.952,0.3545
2,55,4.9805,0.0629,12.2810,34.088,0.3542
2,56,5.1222,0.0384,12.1091,34.119,0.3536
2,57,5.1221,0.3616,12.0048,34.249,0.3532
2,58,5.2250,0.0000,12.3927,33.861,0.3536
2,59,5.5641,0.3208,11.7959,33.795,0.3540
2,60,4.7193,0.2910,11.7688,34.005,0.3538
2,61,4.9706,0.3198,12.1132,34.156,0.3535
2,62,5.1396,0.1174,11.8412,34.106,0.3540
2,63,5.2047,0.0241,11.5722,34.008,0.3547
2,64,5.3803,0.0000,12.5476,34.106,0.3550
2,65,5.0831,0.0000,11.9869,33.807,0.3552
2,66,5.0049,0.2670,11.5093,33.823,0.3545
2,67,4.6876,0.0000,12.0356,33.978,0.3536
2,68,5.2982,0.0000,11.8762,34.076,0.3538
2,69,5.0419,0.0000,12.2253,34.132,0.3551
2,70,5.0923,0.2953,12.0227,33.755,0.3562
2,71,5.6722,0.0122,12.3610,33.836,0.3559
2,72,5.4229,0.0489,11.9006,33.949,0.3553
2,73,5.3691,0.1071,12.4347,34.058,0.3553
2,74,5.7706,0.1707,12.3508,33.883,0.3558
2,75,5.3287,0.1268,11.9756,34.102,0.3560
2,76,5.0191,0.0000,12.4803,33.911,0.3554
2,77,5.2840,0.0826,12.4966,33.922,0.3546
2,78,5.4118,0.0000,11.3048,34.282,0.3545
2,79,5.7794,0.2296,12.5934,33.887,0.3552
2,80,5.3465,0.0294,12.4807,34.019,0.3554
2,81,5.2599,0.0306,11.1098,33.938,0.3540
2,82,5.2853,0.3554,12.2462,33.978,0.3533
2,83,4.9048,0.0000,12.5156,34.281,0.3543
2,84,5.1975,0.0000,12.5699,33.945,0.3551
2,85,5.7726,0.4235,12.5337,34.024,0.3552
2,86,5.4190,0.2764,12.1896,33.994,0.3545
2,87,5.4229,0.2037,11.9950,33.778,0.3535
2,88,5.1649,0.3074,12.3977,34.127,0.3531
2,89,5.7221,0.0391,11.5105,34.095,0.3536
2,90,5.3169,0.1932,12.0561,33.865,0.3545
2,91,5.0755,0.0809,12.2668,33.780,0.3553
2,92,5.7640,0.3301,11.8171,33.982,0.3550
2,93,5.0678,0.0810,12.1696,34.104,0.3544
2,94,4.9497,0.2064,12.5375,34.160,0.3535
2,95,5.1908,0.0000,12.4237,33.790,0.3531
2,96,5.2805,0.2999,12.0761,33.956,0.3531
2,97,5.1748,0.2494,11.9918,33.902,0.3528
2,98,5.2280,0.0422,12.1623,34.055,0.3530
2,99,5.2802,0.2764,12.3460,33.880,0.3537
2,100,5.3298,0.0000,12.1268,34.019,0.3542
2,101,5.0935,0.0000,12.4171,34.064,0.3544
2,102,4.8995,0.0946,12.0265,34.002,0.3543
2,103,5.1322,0.0854,11.2584,34.014,0.3541
2,104,5.2805,0.1270,12.3491,34.094,0.3541
2,105,5.1292,0.2061,11.3635,33.751,0.3538
2,106,5.0464,0.3444,12.3910,34.358,0.3536
2,107,5.0959,0.0000,11.5138,34.049,0.3536
2,108,4.7123,0.2396,12.6976,33.950,0.3531
2,109,5.2683,0.2175,12.1203,33.990,0.3526
2,110,5.0716,0.3176,11.8953,33.794,0.3528
2,111,4.9192,0.4011,11.5557,34.093,0.3530
2,112,4.8819,0.0857,11.8967,34.182,0.3532
2,113,5.0332,0.0000,12.8766,34.126,0.3541
2,114,5.0445,0.0000,12.6697,33.788,0.3544
2,115,4.8205,0.2528,12.4578,34.159,0.3536
2,116,4.9481,0.4071,12.2632,34.013,0.3529
2,117,4.7146,0.3047,12.5891,34.025,0.3526
2,118,5.0210,0.0000,12.0673,33.730,0.3525
2,119,4.8199,0.1981,12.0593,33.953,0.3530
2,120,5.1124,0.1525,11.8501,33.980,0.3535
2,121,4.9065,0.1079,12.1000,34.039,0.3534
2,122,4.7822,0.0082,12.0033,34.209,0.3529
2,123,4.8185,0.4669,12.3289,34.796,0.3765
2,124,5.2431,0.0000,12.4262,34.931,0.5049
2,125,5.8441,0.3235,13.7240,34.539,0.6106
2,126,5.8451,0.0478,13.2030,34.480,0.6181
2,127,5.6748,0.0000,14.3411,33.884,0.5730
2,128,5.4939,0.0000,14.7659,33.972,0.5371
2,129,6.3872,0.0302,14.4809,33.978,0.5339
2,130,5.9676,0.1981,14.0063,33.934,0.5476
2,131,6.3677,0.2430,14.3674,34.128,0.5554
2,132,6.2305,0.0000,15.4650,34.159,0.5532
2,133,5.9922,0.2101,15.5105,34.057,0.5478
2,134,6.3952,0.0478,15.2579,34.095,0.5452
2,135,6.4447,0.0000,15.8712,34.272,0.5461
2,136,6.8505,0.1769,16.0014,33.977,0.5470
2,137,6.4541,0.3785,15.9082,34.049,0.5479
2,138,6.9982,0.0727,15.1662,33.807,0.5490
2,139,7.0693,0.1595,15.1536,33.959,0.5483
2,140,7.2792,0.2854,15.4541,33.725,0.5467
2,141,6.7702,0.3142,16.3832,33.962,0.5455
2,142,7.2370,0.2976,16.6750,34.050,0.5457
2,143,6.8675,0.0299,16.0814,33.793,0.5461
2,144,6.6850,0.1087,16.0739,33.589,0.5468
2,145,6.5362,0.0353,16.5344,33.859,0.5480
2,146,6.9699,0.1370,16.6850,33.865,0.5482
2,147,7.0655,0.3618,16.8473,34.025,0.5465
2,148,7.2290,0.1135,17.2280,34.139,0.5450
2,149,6.8128,0.0936,16.1247,33.967,0.5456
2,150,6.3613,0.1910,17.2903,33.750,0.5465
2,151,7.4049,0.0666,17.0794,34.087,0.5470
2,152,6.7132,0.1362,15.8821,34.223,0.5475
2,153,7.1840,0.0977,16.6249,33.745,0.5476
2,154,6.6128,0.1020,16.3050,33.959,0.5470
2,155,6.5126,0.1548,17.1353,33.738,0.5459
2,156,6.3156,0.0000,16.8406,34.155,0.5448
2,157,6.7064,0.2432,17.1824,33.963,0.5445
2,158,6.2616,0.2668,16.5877,33.670,0.5450
2,159,6.7003,0.2491,16.3050,34.206,0.5452
2,160,6.7690,0.0712,16.6796,34.001,0.5455
2,161,7.3458,0.1684,16.3977,33.720,0.5465
2,162,6.7020,0.1319,16.3729,33.851,0.5474
2,163,6.5073,0.0008,16.3914,33.712,0.5467
2,164,6.5287,0.1876,17.0430,33.821,0.5458
2,165,6.3511,0.1408,16.8647,33.862,0.5449
2,166,6.9497,0.0090,17.6911,34.200,0.5563
2,167,7.1963,0.3365,17.1903,34.416,0.6193
2,168,7.6609,0.0995,17.1696,34.154,0.6699
2,169,6.9183,0.0000,17.9901,34.257,0.6729
2,170,7.2343,0.1399,18.4961,34.038,0.6509
2,171,7.9704,0.2214,17.8338,33.952,0.6327
2,172,7.4645,0.1157,18.5553,34.310,0.6311
2,173,8.2307,0.3705,18.5466,34.285,0.6385
2,174,7.7979,0.0000,18.2710,34.152,0.6431
2,175,7.7410,0.1967,17.4247,34.056,0.6414
2,176,7.6569,0.3072,18.6635,34.028,0.6375
2,177,7.8876,0.0000,18.1353,33.962,0.6356
2,178,7.9051,0.0000,18.1234,34.319,0.6361
2,179,7.4992,0.2067,17.9314,34.213,0.6376
2,180,7.7994,0.1654,18.1943,33.922,0.6374
2,181,7.5580,0.1803,19.2769,34.130,0.6357
2,182,7.4398,0.1479,18.7789,34.145,0.6354
2,183,7.4069,0.1351,19.0415,34.066,0.6361
2,184,7.9727,0.4997,18.2497,34.109,0.6370
2,185,7.9941,0.1312,19.1963,34.216,0.6377
2,186,7.4436,0.2001,19.4217,34.025,0.6373
2,187,7.7677,0.2419,19.1351,34.005,0.6368
2,188,7.7692,0.2061,18.8870,34.053,0.6362
2,189,7.5305,0.3122,18.9917,33.827,0.6353
2,190,7.5989,0.0000,19.2679,33.952,0.6361
2,191,7.8665,0.0000,17.9622,34.163,0.6379
2,192,8.5229,0.0000,18.6497,34.074,0.6387
2,193,7.8465,0.0000,19.6896,34.153,0.6382
2,194,8.7045,0.0000,18.2569,34.049,0.6374
2,195,8.5640,0.0000,19.4464,34.061,0.6383
2,196,8.2082,0.0000,19.2484,33.706,0.6391
2,197,8.2939,0.2477,19.4173,33.862,0.6380
2,198,7.9800,0.0669,19.8158,34.162,0.6377
2,199,7.9448,0.0167,18.9222,33.811,0.6377
2,200,8.5155,0.0765,18.8828,34.070,0.6358
2,201,8.3448,0.3007,19.0089,34.025,0.6354
2,202,8.5580,0.2406,19.3894,34.165,0.6378
2,203,7.9235,0.0810,19.0844,33.844,0.6389
2,204,7.8892,0.0280,19.7585,33.825,0.6368
2,205,8.2847,0.1657,18.4595,33.911,0.6352
2,206,7.5130,0.1792,20.2172,33.990,0.6363
2,207,7.7868,0.2089,20.3912,34.039,0.6377
2,208,7.8374,0.2760,19.9531,33.738,0.6377
2,209,8.4678,0.2773,19.3248,34.122,0.6373
2,210,7.7761,0.2294,20.0841,34.068,0.6375
2,211,7.7153,0.3292,19.0602,33.939,0.6372
2,212,8.0813,0.0154,18.5964,33.926,0.6365
2,213,8.2591,0.1719,19.2685,34.339,0.6364
2,214,7.8315,0.0276,19.6454,33.776,0.6376
2,215,7.6559,0.0472,19.5223,34.271,0.6389
2,216,8.5493,0.2210,18.5777,33.723,0.6386
2,217,8.1705,0.2804,20.6019,33.810,0.6381
2,218,7.9024,0.3643,19.4450,33.688,0.6380
2,219,8.7869,0.1040,20.3613,33.849,0.6382
2,220,7.3613,0.0810,19.5766,33.914,0.6387
2,221,8.5996,0.0000,18.1469,34.000,0.6378
2,222,7.9572,0.2805,20.0177,34.312,0.6372
2,223,8.3211,0.0000,19.7733,34.230,0.6379
2,224,7.8158,0.0306,19.4990,33.784,0.6376
2,225,8.1460,0.3756,19.0466,34.360,0.6372
2,226,8.0724,0.0045,19.8079,34.018,0.6369
2,227,7.7544,0.1898,19.6201,34.032,0.6365
2,228,7.9337,0.0979,19.5206,33.862,0.6370
2,229,7.8927,0.0491,18.3297,34.150,0.6374
2,230,7.8661,0.0556,19.7238,33.917,0.6378
2,231,8.0310,0.0371,18.7617,33.980,0.6379
2,232,7.7930,0.6072,19.9088,33.799,0.6373
2,233,8.0251,0.3343,18.9335,34.079,0.6377
2,234,8.1994,0.1365,19.5883,34.035,0.6389
2,235,9.0193,0.0000,19.5129,34.149,0.6393
2,236,8.1073,0.2467,19.1417,34.030,0.6394
2,237,8.4714,0.1324,19.2844,34.020,0.6389
2,238,9.1483,0.3984,19.2657,33.766,0.6387
2,239,8.3030,0.2248,19.0901,34.026,0.6393
2,240,8.0959,0.1796,18.3685,34.154,0.6397
2,241,8.5176,0.0214,20.4398,34.179,0.6391
2,242,8.2419,0.1251,19.3119,33.762,0.6374
2,243,8.3917,0.1651,19.5931,33.748,0.6371
2,244,8.3079,0.1309,19.6181,34.141,0.6383
2,245,8.2078,0.3871,18.6983,33.780,0.6390
2,246,8.5254,0.3612,19.0107,34.093,0.6393
2,247,8.4485,0.1473,19.5792,33.889,0.6389
2,248,8.8039,0.0000,18.9515,33.919,0.6385
2,249,8.3239,0.0380,19.2033,33.865,0.6389
2,250,8.4846,0.2057,19.1539,34.186,0.6391
2,251,8.0407,0.1608,20.0095,34.125,0.6383
2,252,8.0983,0.1269,19.7202,33.936,0.6369
2,253,8.2095,0.2086,20.2329,33.944,0.6360
2,254,8.3901,0.0862,19.4878,34.093,0.6368
2,255,7.8099,0.4522,20.1408,33.866,0.6389
2,256,7.9573,0.0000,18.7168,33.882,0.6395
2,257,7.7974,0.0000,19.3231,34.169,0.6384
2,258,7.8733,0.0000,19.7183,33.846,0.6372
2,259,8.5644,0.2485,20.3931,33.953,0.6369
2,260,8.3905,0.0000,19.2315,34.112,0.6376
2,261,8.4376,0.0270,19.9659,34.111,0.6380
2,262,8.2526,0.4296,20.3728,34.222,0.6381
2,263,7.7804,0.4410,19.2834,34.012,0.6375
2,264,7.7422,0.1480,18.9231,34.024,0.6370
2,265,7.4913,0.4192,19.3038,34.075,0.6367
2,266,8.7250,0.0080,19.5388,33.883,0.6370
2,267,8.1583,0.0000,19.4912,34.002,0.6382
2,268,7.9939,0.2632,20.4526,33.933,0.6383
2,269,8.7254,0.3389,19.4965,33.970,0.6371
2,270,8.2117,0.1652,19.8601,33.940,0.6369
2,271,8.1873,0.1162,18.9693,34.145,0.6378
2,272,8.3294,0.1875,19.0485,34.213,0.6378
2,273,7.7753,0.3866,18.6314,33.680,0.6365
2,274,8.1065,0.3815,18.8331,33.941,0.6362
2,275,7.9376,0.1800,18.8608,33.848,0.6374
2,276,7.8652,0.1788,19.4781,34.025,0.6381
2,277,8.5458,0.0000,20.9917,33.722,0.6381
2,278,7.8198,0.1000,19.6670,33.982,0.6374
2,279,8.0511,0.0687,20.3398,33.851,0.6362
2,280,8.0251,0.4599,19.7034,33.973,0.6350
2,281,7.8623,0.0783,18.8820,33.968,0.6351
2,282,7.5650,0.3701,19.4217,33.874,0.6363
2,283,8.1998,0.2306,19.6455,33.886,0.6376
2,284,7.8429,0.2226,19.7020,34.215,0.6380
2,285,8.3109,0.0000,19.9865,33.868,0.6380
2,286,8.6898,0.2081,19.2739,33.802,0.6380
2,287,7.6143,0.3550,18.5018,33.787,0.6377
2,288,8.1819,0.0784,19.9988,34.020,0.6375
2,289,7.6345,0.1498,20.1407,33.954,0.6372
2,290,7.8703,0.2693,19.6329,33.773,0.6369
2,291,8.2513,0.1067,19.4511,33.842,0.6364
2,292,8.0904,0.3408,18.8364,33.880,0.6372
2,293,7.7142,0.1731,19.6938,33.737,0.6382
2,294,8.4479,0.2770,20.3647,34.007,0.6387
2,295,8.1091,0.1293,19.0419,34.051,0.6390
2,296,8.9834,0.0719,18.6200,34.151,0.6393
2,297,8.4750,0.0331,20.1587,34.103,0.6403
2,298,8.3857,0.0000,19.9284,33.931,0.6403
2,299,8.2059,0.0107,19.9994,34.024,0.6393
2,300,8.8533,0.2141,18.8630,33.823,0.6383
2,301,8.3821,0.0000,20.2048,33.933,0.6389
2,302,8.3271,0.0334,19.6471,33.991,0.6399
2,303,8.5969,0.2364,19.9652,33.790,0.6386
2,304,7.8850,0.0000,18.4815,33.896,0.6373
2,305,8.2232,0.4359,19.7199,33.952,0.6377
2,306,8.2657,0.3206,19.9358,34.015,0.6382
2,307,8.2209,0.2459,18.7953,34.253,0.6374
2,308,8.5053,0.0000,20.2627,33.972,0.6368
2,309,8.8467,0.4328,18.9660,33.895,0.6376
2,310,8.3015,0.1878,19.3292,34.041,0.6386
2,311,8.3331,0.2317,18.6135,33.970,0.6382
2,312,8.4337,0.1005,18.4499,34.263,0.6381
2,313,8.6212,0.3169,19.2146,34.069,0.6392
2,314,8.2914,0.0341,19.5320,33.923,0.6398
2,315,8.2661,0.2851,19.9121,34.109,0.6391
2,316,8.0517,0.3747,17.9520,33.713,0.6382
2,317,8.5481,0.1040,18.4997,34.128,0.6373
2,318,8.1959,0.1435,19.0808,34.055,0.6371
2,319,8.9533,0.1138,19.0363,34.005,0.6378
2,320,8.2602,0.1706,18.3719,34.066,0.6391
2,321,8.1339,0.0946,19.6712,33.842,0.6396
2,322,8.0104,0.0936,19.9224,34.027,0.6380
2,323,7.6154,0.5243,19.2031,33.951,0.6369
2,324,9.0117,0.5117,19.2860,34.028,0.6373
2,325,8.5343,0.0000,18.8789,33.868,0.6381
2,326,7.4448,0.0375,19.7061,33.959,0.6374
2,327,8.0546,0.1837,19.4767,34.285,0.6351
2,328,7.7945,0.0003,18.8706,33.896,0.6347
2,329,7.8090,0.0068,19.4142,34.129,0.6369
2,330,7.6207,0.0000,19.6065,34.053,0.6382
2,331,7.9108,0.0391,19.1635,34.227,0.6376
2,332,7.3608,0.0000,19.0139,33.988,0.6369
2,333,8.0863,0.3887,18.8611,34.035,0.6370
2,334,8.2841,0.2598,19.0961,34.107,0.6374
2,335,7.9653,0.0000,19.8008,33.932,0.6373
2,336,8.0618,0.3208,18.7853,33.705,0.6365
2,337,8.0954,0.1264,18.7735,33.740,0.6352
2,338,7.7554,0.2122,19.7201,33.873,0.6359
2,339,7.9059,0.0575,18.9321,33.913,0.6378
2,340,7.2783,0.2993,19.7990,34.065,0.6385
2,341,8.9599,0.1142,21.0219,33.948,0.6377
2,342,8.1338,0.1810,19.0117,33.740,0.6377
2,343,8.7340,0.0000,19.5033,33.951,0.6388
2,344,7.9664,0.0000,19.4335,33.942,0.6392
2,345,8.1290,0.1235,20.3006,34.173,0.6390
2,346,7.6463,0.0242,18.3992,34.077,0.6381
2,347,8.0626,0.0701,19.0606,33.969,0.6370
2,348,8.2568,0.0915,18.9374,33.899,0.6366
2,349,7.8130,0.3411,18.6727,33.924,0.6374
2,350,8.6161,0.0000,20.1250,34.057,0.6387
2,351,8.3124,0.1204,18.7084,34.010,0.6390
2,352,7.8219,0.0841,20.0081,34.027,0.6381
2,353,8.2904,0.1744,19.5093,34.009,0.6370
2,354,8.1105,0.1775,18.9755,33.933,0.6366
2,355,8.2229,0.3163,19.8243,34.120,0.6380
2,356,8.3450,0.0000,19.8121,34.098,0.6393
2,357,8.2206,0.0000,18.6893,33.871,0.6389
2,358,8.5738,0.1272,19.7122,34.098,0.6381
2,359,8.3572,0.0193,18.7605,34.186,0.6370
2,360,7.9110,0.1634,19.1598,33.962,0.6370
2,361,8.4611,0.0673,18.9351,34.035,0.6380
2,362,8.0249,0.1439,18.9748,34.074,0.6391
2,363,8.6600,0.0436,19.1646,33.825,0.6390
2,364,8.2602,0.0458,19.6185,34.100,0.6380
2,365,8.3192,0.2750,18.1540,33.993,0.6382
2,366,8.4147,0.0945,19.6988,34.046,0.6391
2,367,8.0123,0.0000,20.6380,34.140,0.6399
2,368,8.4873,0.3977,18.8408,33.746,0.6407
2,369,8.4422,0.2814,19.8094,34.091,0.6397
2,370,7.9943,0.2820,18.8175,34.114,0.6382
2,371,8.2762,0.5414,19.8259,33.935,0.6376
2,372,7.4000,0.1498,20.3703,33.882,0.6372
2,373,7.8345,0.3229,20.1878,34.075,0.6381
2,374,8.1261,0.2527,18.4528,34.040,0.6391
2,375,8.6178,0.0469,20.1498,33.877,0.6395
2,376,7.9900,0.2660,18.9040,34.202,0.6396
2,377,8.8926,0.2341,19.5323,33.992,0.6394
2,378,9.2707,0.0000,18.6811,33.951,0.6392
2,379,8.4967,0.0000,19.3515,34.220,0.6378
2,380,8.7844,0.1797,18.3572,34.005,0.6372
2,381,8.4131,0.4226,18.7201,33.731,0.6388
2,382,7.9332,0.1523,19.5180,34.194,0.6396
2,383,7.8420,0.1044,20.8394,33.990,0.6380
2,384,8.2045,0.0000,19.3067,33.963,0.6358
2,385,8.3855,0.1620,17.9411,34.234,0.6349
2,386,7.9986,0.0739,18.9757,33.904,0.6360
2,387,8.0844,0.1994,19.7564,33.967,0.6381
2,388,7.7351,0.2487,18.3794,33.918,0.6393
2,389,8.2404,0.1653,20.0420,33.948,0.6387
2,390,8.0652,0.2684,19.9763,34.266,0.6372
2,391,8.1315,0.0319,20.2880,33.900,0.6361
2,392,8.5857,0.1698,19.2384,34.007,0.6359
2,393,8.1975,0.1844,18.7609,34.142,0.6372
2,394,8.3066,0.1401,18.7070,34.152,0.6387
2,395,8.2432,0.2892,20.3444,33.949,0.6389
2,396,8.3615,0.0284,18.7819,33.924,0.6379
2,397,7.7940,0.3449,18.9673,33.796,0.6367
2,398,8.2373,0.3064,19.4279,34.076,0.6366
2,399,8.3082,0.1377,19.0060,34.122,0.6375
3,0,7.6492,0.0111,18.0528,33.830,0.5745
3,1,7.3346,0.1346,18.4112,33.916,0.5728
3,2,7.5315,0.3066,16.9056,33.975,0.5726
3,3,7.8214,0.0000,18.0543,34.008,0.5732
3,4,7.6475,0.0102,18.2297,33.855,0.5732
3,5,7.1614,0.1844,18.4205,34.111,0.5737
3,6,7.7483,0.0000,18.0160,33.948,0.5745
3,7,7.5330,0.4010,16.8616,34.026,0.5741
3,8,7.4506,0.1678,17.7867,34.043,0.5729
3,9,7.4602,0.1749,17.8652,33.890,0.5722
3,10,7.5244,0.2804,17.2749,33.931,0.5732
3,11,7.2620,0.1696,17.8689,34.336,0.5742
3,12,7.3780,0.2753,17.2017,34.012,0.5743
3,13,7.4685,0.1825,17.1728,34.179,0.5742
3,14,7.5902,0.0000,17.3024,34.169,0.5744
3,15,7.5611,0.1343,17.8392,34.279,0.5746
3,16,7.6497,0.2558,18.2387,33.787,0.5747
3,17,6.9533,0.0171,18.1271,33.816,0.5742
3,18,7.1074,0.4598,18.3639,34.222,0.5735
3,19,7.7525,0.0000,17.7069,34.125,0.5733
3,20,7.2683,0.1542,18.6129,33.979,0.5735
3,21,7.2806,0.2222,17.7578,34.069,0.5740
3,22,7.5182,0.1718,17.5439,34.049,0.5747
3,23,7.1079,0.2532,17.6938,34.099,0.5741
3,24,7.2109,0.1737,17.9808,33.996,0.5735
3,25,7.8140,0.2339,18.1586,34.021,0.5739
3,26,7.8829,0.0069,18.2402,34.037,0.5744
3,27,8.0443,0.0000,16.6356,34.073,0.5745
3,28,7.1956,0.2353,17.5464,33.903,0.5732
3,29,7.1357,0.0848,17.7847,34.177,0.5726
3,30,7.5608,0.3727,17.9263,34.139,0.5738
3,31,7.4597,0.1806,17.2478,34.234,0.5749
3,32,8.2354,0.3501,18.3272,33.722,0.5743
3,33,7.1944,0.2579,18.1465,34.073,0.5726
3,34,7.1494,0.0029,17.1726,33.855,0.5725
3,35,7.0963,0.0201,17.6202,34.118,0.5728
3,36,7.3573,0.0000,18.0733,34.052,0.5726
3,37,7.1815,0.3743,18.0772,34.074,0.5731
3,38,7.5824,0.5287,17.2988,33.973,0.5736
3,39,7.1072,0.0000,17.8392,33.996,0.5736
3,40,7.5079,0.2572,17.6195,33.978,0.5735
3,41,7.5697,0.1787,18.4889,33.929,0.5736
3,42,7.2175,0.0000,16.7071,34.012,0.5734
3,43,7.6998,0.0268,17.8466,34.161,0.5727
3,44,7.0893,0.0000,17.8062,34.033,0.5723
3,45,6.5874,0.1150,17.5530,33.965,0.5726
3,46,7.4584,0.0567,17.2198,33.736,0.5731
3,47,7.2023,0.0000,18.3552,33.942,0.5730
3,48,8.0944,0.2528,18.2755,33.944,0.5734
3,49,7.4892,0.1667,16.6822,33.972,0.5745
3,50,7.3647,0.3707,17.7240,33.702,0.5746
3,51,7.3997,0.2143,16.9710,34.039,0.5734
3,52,7.3942,0.1484,17.5075,33.902,0.5723
3,53,7.2253,0.0000,17.9659,34.068,0.5719
3,54,7.1697,0.0120,15.8641,34.064,0.5724
3,55,7.2069,0.4895,17.8370,34.093,0.5730
3,56,7.0453,0.0000,18.9154,33.917,0.5733
3,57,7.3916,0.1136,17.9610,34.255,0.5874
3,58,7.5612,0.2506,18.1512,34.378,0.6558
3,59,7.2486,0.5481,18.0558,34.199,0.6892
3,60,8.1561,0.1273,18.0375,34.019,0.6709
3,61,7.4746,0.0000,18.4460,34.078,0.6423
3,62,7.2067,0.1530,18.6738,34.070,0.6318
3,63,7.6504,0.4282,18.2043,34.133,0.6368
3,64,7.7473,0.1855,18.4844,34.036,0.6447
3,65,7.2358,0.0343,18.7288,34.149,0.6470
3,66,7.3499,0.1983,18.7567,33.923,0.6436
3,67,7.6674,0.0016,18.7495,33.956,0.6457
3,68,8.2018,0.2272,18.9917,34.093,0.6706
3,69,8.4681,0.0530,19.5969,34.042,0.6919
3,70,7.5917,0.2717,19.0374,33.945,0.6943
3,71,7.9146,0.0000,19.8787,34.088,0.6861
3,72,8.1065,0.1071,18.9065,34.011,0.6789
3,73,8.2208,0.0000,19.5953,33.894,0.6775
3,74,8.2201,0.2076,20.1295,33.885,0.6798
3,75,8.2319,0.0334,19.8200,34.072,0.6814
3,76,7.9089,0.1097,19.2323,33.871,0.6810
3,77,8.6334,0.1810,20.3023,34.126,0.6801
3,78,8.3024,0.0589,19.8099,33.819,0.6806
3,79,8.2925,0.1495,19.7574,33.920,0.6816
3,80,7.9425,0.1534,19.0539,33.936,0.6815
3,81,8.0208,0.1882,20.0479,33.762,0.6801
3,82,8.6564,0.2047,20.4114,34.047,0.6792
3,83,8.8921,0.0000,19.4395,33.806,0.6797
3,84,8.5176,0.0159,20.7198,34.050,0.6803
3,85,8.3758,0.2640,19.6291,33.840,0.6804
3,86,8.0656,0.1538,20.0003,34.102,0.6812
3,87,8.3336,0.0000,20.3895,34.222,0.6816
3,88,8.4505,0.3195,20.0829,34.024,0.6809
3,89,8.6593,0.0148,20.7250,34.104,0.6808
3,90,8.8426,0.2842,20.8017,33.889,0.6807
3,91,8.9855,0.0536,19.6287,33.926,0.6804
3,92,9.1796,0.1096,21.2256,34.296,0.6803
3,93,8.6735,0.1044,20.8804,34.157,0.6810
3,94,8.6515,0.0000,19.2931,33.687,0.6818
3,95,9.2422,0.2843,19.9595,33.850,0.6813
3,96,8.7951,0.3815,21.2078,33.975,0.6803
3,97,8.7747,0.1963,21.3909,34.188,0.6800
3,98,8.5753,0.0537,20.2093,33.956,0.6803
3,99,8.8536,0.3971,19.5638,34.114,0.6808
3,100,8.3644,0.1910,19.7365,34.126,0.6807
3,101,8.6610,0.2087,20.7588,34.107,0.6802
3,102,8.8192,0.0198,20.9010,33.966,0.6803
3,103,8.4688,0.0000,19.4384,34.212,0.6806
3,104,7.9594,0.0000,19.9985,33.883,0.6805
3,105,8.1633,0.1419,20.6821,34.197,0.6796
3,106,8.9425,0.2052,19.7388,34.303,0.6800
3,107,7.8222,0.0715,20.4270,34.080,0.6804
3,108,8.5825,0.0000,20.2718,34.140,0.6792
3,109,8.6194,0.2479,19.4877,33.891,0.6794
3,110,8.8334,0.4368,21.1184,34.144,0.6809
3,111,8.8046,0.2129,20.5898,33.662,0.6814
3,112,9.1069,0.1437,19.7558,34.088,0.6815
3,113,8.9018,0.2806,19.6368,34.243,0.6810
3,114,9.1014,0.0000,19.9808,33.999,0.6799
3,115,9.0025,0.1928,20.0238,33.869,0.6799
3,116,9.1216,0.3648,20.7909,34.084,0.6805
3,117,8.6779,0.1376,20.1910,34.173,0.6813
3,118,9.2627,0.2917,20.4993,33.950,0.6827
3,119,8.1754,0.3775,19.1675,34.345,0.6826
3,120,8.8946,0.4257,20.5407,34.229,0.6809
3,121,9.1669,0.0000,20.7064,33.799,0.6796
3,122,8.5012,0.2970,19.6883,33.988,0.6798
3,123,8.4840,0.2825,20.8819,33.943,0.6804
3,124,8.3500,0.3874,20.1210,34.182,0.6800
3,125,8.6618,0.0530,20.3919,34.079,0.6801
3,126,8.4921,0.1347,20.4087,33.963,0.6808
3,127,8.7045,0.2585,20.2976,33.928,0.6802
3,128,8.4192,0.0870,19.7499,34.133,0.6792
3,129,8.2759,0.0693,21.0553,33.759,0.6785
3,130,8.4677,0.2841,19.7956,33.950,0.6799
3,131,8.1923,0.0029,19.5784,33.961,0.6822
3,132,8.7993,0.0000,20.2192,33.839,0.6826
3,133,8.9802,0.1324,20.7784,33.838,0.6811
3,134,7.9946,0.0000,20.0532,33.911,0.6797
3,135,8.0743,0.1713,20.7668,34.263,0.6796
3,136,8.1993,0.2216,19.4153,33.968,0.6803
3,137,8.8370,0.0723,20.7163,33.851,0.6807
3,138,8.7956,0.2919,20.1898,33.956,0.6810
3,139,8.2811,0.0000,20.6894,34.043,0.6816
3,140,8.7716,0.5704,21.9087,33.866,0.6812
3,141,8.5813,0.3120,20.2564,34.049,0.6803
3,142,8.9010,0.0000,21.0219,33.959,0.6810
3,143,8.3380,0.1988,20.1450,34.149,0.6815
3,144,9.3816,0.2427,19.7957,33.947,0.6819
3,145,8.4422,0.2117,20.0981,34.142,0.6823
3,146,8.9464,0.4504,20.1196,33.753,0.6810
3,147,8.5335,0.3615,21.2836,34.192,0.6809
3,148,9.1824,0.0000,20.0865,34.011,0.6826
3,149,8.7300,0.4277,20.8823,33.780,0.6829
3,150,9.0132,0.0000,20.8846,33.931,0.6820
3,151,8.3204,0.0998,20.6027,33.819,0.6809
3,152,9.1264,0.3137,19.5594,34.052,0.6797
3,153,8.8646,0.0699,20.3793,34.157,0.6795
3,154,8.2240,0.3330,20.1076,33.823,0.6802
3,155,8.0411,0.3046,20.9288,34.270,0.6797
3,156,8.2149,0.1293,21.2248,34.014,0.6780
3,157,8.5437,0.2144,20.5995,34.147,0.6778
3,158,8.2067,0.0000,20.6986,34.268,0.6791
3,159,8.4066,0.1014,19.9755,34.165,0.6806
3,160,8.0613,0.3457,20.6980,33.964,0.6808
3,161,8.7947,0.3024,21.1107,33.662,0.6792
3,162,8.7991,0.2139,20.0814,33.970,0.6787
3,163,8.7342,0.2987,21.1849,33.950,0.6808
3,164,8.2105,0.0010,19.4169,33.925,0.6824
3,165,8.9949,0.1675,21.3450,34.113,0.6819
3,166,8.4466,0.1566,20.1646,33.986,0.6805
3,167,8.7757,0.2851,20.0110,34.092,0.6793
3,168,8.3158,0.2920,20.3792,34.032,0.6788
3,169,8.0753,0.0000,20.6707,33.815,0.6790
3,170,7.6839,0.0955,20.6224,33.887,0.6790
3,171,8.2179,0.1885,19.1963,33.952,0.6788
3,172,8.5244,0.0000,20.1927,33.876,0.6790
3,173,8.3836,0.0000,20.3362,34.017,0.6800
3,174,8.8342,0.0000,19.5028,33.953,0.6814
3,175,8.2822,0.3141,19.9494,34.111,0.6818
3,176,8.8798,0.0986,20.5511,33.742,0.6812
3,177,8.7153,0.0037,20.7262,33.759,0.6813
3,178,8.8325,0.1437,20.4441,34.037,0.6808
3,179,8.0982,0.1174,20.5327,34.216,0.6792
3,180,8.0790,0.1422,19.9601,34.145,0.6792
3,181,8.0676,0.0796,20.7101,33.982,0.6804
3,182,8.3538,0.2196,20.2369,34.262,0.6816
3,183,9.0831,0.1661,20.5829,33.953,0.6819
3,184,8.6245,0.3290,21.4533,34.019,0.6814
3,185,8.3000,0.0000,20.6181,34.177,0.6807
3,186,9.1449,0.2242,20.7703,33.994,0.6801
3,187,8.1426,0.0000,21.5195,33.626,0.6798
3,188,8.0248,0.2714,21.0420,33.855,0.6796
3,189,8.8318,0.3059,20.3633,33.903,0.6796
3,190,8.0972,0.4613,21.5086,34.050,0.6801
3,191,8.2898,0.5714,20.1293,33.937,0.6801
3,192,8.5205,0.0300,20.3346,33.744,0.6785
3,193,8.5507,0.1409,21.0290,33.887,0.6779
3,194,8.3532,0.0220,19.4251,34.055,0.6798
3,195,7.9657,0.0000,20.3265,34.003,0.6813
3,196,8.2362,0.1138,20.1763,33.944,0.6799
3,197,7.8496,0.1972,20.6313,33.786,0.6785
3,198,8.3937,0.0394,21.1166,34.365,0.6791
3,199,8.2672,0.4066,20.7702,33.992,0.6808
3,200,8.3448,0.2350,20.2932,34.253,0.6814
3,201,8.3392,0.1591,20.7327,33.912,0.6802
3,202,7.2593,0.0000,20.3775,33.839,0.6680
3,203,8.5158,0.0472,19.9158,33.854,0.6143
3,204,7.6802,0.1246,18.7783,33.851,0.5742
3,205,8.5106,0.0894,19.4927,33.915,0.5754
3,206,8.8581,0.2481,19.1906,33.705,0.5960
3,207,7.9639,0.3695,19.8530,34.065,0.6104
3,208,7.6810,0.2907,19.8392,33.821,0.6097
3,209,7.4722,0.4545,19.3207,33.931,0.6019
3,210,7.3863,0.1130,19.1064,34.068,0.5986
3,211,7.5368,0.3481,19.1764,34.251,0.6004
3,212,8.4036,0.0995,18.8925,34.028,0.6031
3,213,7.7687,0.0791,20.1506,33.973,0.6058
3,214,7.8244,0.0000,19.7197,34.144,0.6060
3,215,7.8025,0.0130,19.1368,33.828,0.6044
3,216,8.7426,0.2761,18.6074,33.953,0.6032
3,217,7.8256,0.0000,18.6138,34.044,0.6022
3,218,8.0286,0.0000,18.9165,34.197,0.6024
3,219,7.4418,0.2123,18.1409,33.720,0.6037
3,220,7.6453,0.0018,19.8575,33.823,0.6044
3,221,7.7743,0.1835,20.2482,33.822,0.6037
3,222,7.4744,0.2506,18.1726,33.957,0.6032
3,223,7.5441,0.0377,18.7360,34.122,0.6033
3,224,7.4435,0.1485,17.7548,33.849,0.6030
3,225,7.6436,0.3486,18.8085,33.917,0.6031
3,226,7.2682,0.3362,17.9769,33.817,0.6034
3,227,7.6551,0.1173,18.2461,33.930,0.6043
3,228,7.6990,0.3643,18.1299,34.043,0.6059
3,229,8.3440,0.3137,18.5785,34.023,0.6057
3,230,7.9846,0.1956,18.7926,34.101,0.6045
3,231,7.7344,0.0000,18.7047,33.892,0.6041
3,232,7.8003,0.0062,18.5075,34.006,0.6041
3,233,7.9995,0.1267,18.1665,34.099,0.6041
3,234,7.9342,0.1452,17.6597,34.085,0.6048
3,235,8.3670,0.1885,19.3865,33.960,0.6044
3,236,7.3242,0.3052,18.6394,32.786,0.5575
3,237,7.0166,0.0347,17.3987,32.399,0.3391
3,238,6.7699,0.2874,16.6642,33.137,0.1785
3,239,6.3715,0.0000,15.9317,33.628,0.1842
3,240,6.7772,0.0421,14.6272,33.895,0.2639
3,241,6.3294,0.2738,14.8422,33.818,0.3132
3,242,6.2083,0.2354,13.6332,33.778,0.3098
3,243,5.3612,0.3107,15.1976,33.689,0.2872
3,244,5.6162,0.1925,14.4445,33.979,0.2760
3,245,5.0277,0.2472,13.4464,34.003,0.2808
3,246,5.3348,0.0554,13.3822,33.532,0.2902
3,247,5.2124,0.0170,12.7583,33.861,0.2942
3,248,5.3939,0.1893,13.9022,34.909,0.3335
3,249,5.9876,0.0635,13.7538,35.380,0.5492
3,250,6.2137,0.4207,13.7055,35.070,0.7281
3,251,6.3409,0.1930,14.6978,34.211,0.7403
3,252,5.9310,0.1011,15.4407,34.079,0.6609
3,253,6.7910,0.2254,15.2742,33.866,0.6006
3,254,6.7754,0.4027,16.1684,34.048,0.5963
3,255,7.2861,0.5326,16.1953,34.163,0.6184
3,256,6.6185,0.0000,16.7136,34.171,0.6321
3,257,6.9703,0.1561,16.8753,34.102,0.6297
3,258,6.5172,0.0727,17.5784,34.376,0.6196
3,259,6.7902,0.3717,17.8025,34.280,0.6122
3,260,6.8774,0.2713,16.9961,34.184,0.6127
3,261,7.0772,0.2835,16.2603,34.035,0.6170
3,262,7.6622,0.0037,18.4745,34.035,0.6186
3,263,7.4414,0.2217,18.4902,34.151,0.6180
3,264,6.8362,0.1259,17.0624,33.873,0.6165
3,265,7.5318,0.0000,17.4685,34.059,0.6160
3,266,7.2633,0.1109,17.7222,34.154,0.6170
3,267,7.5892,0.1414,18.9597,34.170,0.6179
3,268,7.2114,0.0000,17.0673,34.429,0.6253
3,269,7.7366,0.0000,18.3024,34.431,0.6613
3,270,7.8218,0.0171,18.0734,34.024,0.6901
3,271,7.9096,0.2871,18.8552,34.321,0.6901
3,272,7.5612,0.2359,18.3917,34.018,0.6745
3,273,7.6596,0.0274,19.2524,34.176,0.6637
3,274,7.7668,0.5040,20.4482,34.129,0.6640
3,275,8.1878,0.2291,18.8081,34.103,0.6688
3,276,8.1507,0.2041,19.7486,33.753,0.6717
3,277,8.5752,0.2322,19.0180,33.865,0.6726
3,278,8.4163,0.4249,18.9588,33.967,0.6727
3,279,8.5361,0.2249,19.1150,34.185,0.6723
3,280,8.2275,0.0000,19.2484,34.015,0.6712
3,281,8.4728,0.0000,19.0058,33.875,0.6696
3,282,8.4214,0.2276,19.6485,34.361,0.6690
3,283,8.0247,0.4829,18.8246,34.272,0.6679
3,284,8.0256,0.2213,20.8622,34.143,0.6680
3,285,8.7074,0.2082,20.6263,33.992,0.6701
3,286,8.4229,0.0244,19.3911,33.846,0.6711
3,287,7.7259,0.1708,19.4925,33.691,0.6713
3,288,8.4208,0.3208,20.1037,34.279,0.6703
3,289,8.3733,0.0493,19.5073,34.151,0.6690
3,290,8.1658,0.0000,20.4855,34.142,0.6695
3,291,8.4393,0.1709,21.0479,34.243,0.6715
3,292,8.5867,0.0149,19.3865,34.258,0.6731
3,293,7.7668,0.0868,21.2504,33.908,0.6714
3,294,8.3836,0.0000,20.1092,33.932,0.6680
3,295,8.7701,0.1251,19.8256,34.054,0.6673
3,296,9.0929,0.3541,19.3294,33.870,0.6692
3,297,8.1681,0.0903,20.2213,34.197,0.6706
3,298,7.9204,0.0716,20.3228,33.957,0.6701
3,299,8.4941,0.2041,20.1492,33.966,0.6686
3,300,7.7262,0.0667,20.5538,34.019,0.6677
3,301,7.7076,0.1269,20.8892,34.301,0.6676
3,302,7.8713,0.3119,21.4863,34.185,0.6679
3,303,8.3089,0.0000,20.2806,34.303,0.6685
3,304,8.1763,0.2252,19.1702,34.179,0.6691
3,305,8.0718,0.3456,19.9695,33.917,0.6692
3,306,8.8693,0.1083,20.2722,33.745,0.6704
3,307,8.6312,0.2557,20.2422,34.145,0.6710
3,308,8.1726,0.2013,20.5908,34.063,0.6703
3,309,7.8771,0.0730,19.8941,34.206,0.6701
3,310,8.9003,0.2097,19.5151,33.931,0.6697
3,311,7.8618,0.0059,20.3114,33.888,0.6705
3,312,8.2687,0.3202,19.5872,34.048,0.6711
3,313,7.9784,0.2579,19.4938,34.194,0.6696
3,314,8.2111,0.1984,21.3666,34.085,0.6691
3,315,8.5398,0.3077,20.5532,34.010,0.6697
3,316,8.6374,0.3176,19.4330,33.751,0.6701
3,317,8.1658,0.0000,19.6461,34.025,0.6702
3,318,8.2415,0.4154,20.1162,34.352,0.6707
3,319,9.2294,0.4258,19.7242,34.081,0.6707
3,320,8.6333,0.0305,19.3704,33.832,0.6700
3,321,8.5846,0.0406,21.0668,34.123,0.6695
3,322,8.1754,0.0000,20.6015,34.198,0.6696
3,323,8.5513,0.2212,21.5401,33.844,0.6702
3,324,8.2257,0.2082,21.2721,33.693,0.6708
3,325,8.6110,0.0326,20.3791,33.912,0.6707
3,326,9.1034,0.0477,20.6244,33.833,0.6697
3,327,8.4348,0.2265,19.6503,33.962,0.6694
3,328,8.4670,0.3057,19.5636,34.035,0.6705
3,329,8.2570,0.0052,20.0072,34.121,0.6712
3,330,8.3180,0.0000,19.8513,33.923,0.6705
3,331,8.6118,0.1280,19.4515,33.957,0.6702
3,332,9.1416,0.0000,21.0635,34.064,0.6708
3,333,8.8483,0.1663,21.3111,34.098,0.6714
3,334,8.4112,0.0819,20.3173,33.790,0.6715
3,335,8.6418,0.0878,19.7536,33.884,0.6708
3,336,8.1936,0.1727,19.2500,33.924,0.6709
3,337,8.6837,0.1949,19.7456,34.093,0.6716
3,338,8.7453,0.0000,20.5924,34.115,0.6716
3,339,8.3366,0.0000,20.3170,34.051,0.6709
3,340,9.9206,0.1701,20.4831,34.006,0.6699
3,341,8.1871,0.2458,20.4791,33.914,0.6697
3,342,8.7370,0.2271,20.3313,34.131,0.6694
3,343,8.6187,0.1153,19.8563,34.264,0.6686
3,344,8.3400,0.2919,19.4416,34.083,0.6683
3,345,8.2460,0.0728,19.3133,34.122,0.6687
3,346,9.2968,0.2834,20.4910,33.959,0.6691
3,347,7.7778,0.2803,20.0194,33.783,0.6700
3,348,8.9394,0.0000,20.0740,33.987,0.6712
3,349,8.9580,0.0589,20.3061,34.035,0.6716
3,350,7.9906,0.2121,20.7007,34.153,0.6717
3,351,8.6470,0.1044,20.4564,33.816,0.6714
3,352,7.8821,0.3476,20.0757,33.821,0.6692
3,353,8.2094,0.0000,21.8577,33.802,0.6674
3,354,8.0688,0.4010,20.1287,33.982,0.6681
3,355,8.2943,0.1680,19.8717,33.631,0.6695
3,356,8.0859,0.0069,21.0150,33.971,0.6691
3,357,8.2764,0.2186,19.5730,33.929,0.6677
3,358,8.1839,0.0000,19.2842,33.934,0.6682
3,359,7.9478,0.1552,20.0990,34.142,0.6699
3,360,8.7087,0.0491,18.8343,33.548,0.6709
3,361,8.1827,0.1794,19.4715,34.178,0.6704
3,362,7.6800,0.0584,20.6691,34.033,0.6683
3,363,7.8290,0.0000,20.3189,33.898,0.6669
3,364,7.9844,0.2033,19.8190,34.148,0.6671
3,365,8.2055,0.1251,19.2156,34.194,0.6679
3,366,7.7399,0.1680,19.5344,33.704,0.6680
3,367,8.1602,0.2687,20.1869,34.022,0.6680
3,368,8.3742,0.1407,20.0071,34.031,0.6692
3,369,8.0566,0.3171,18.9300,33.830,0.6698
3,370,7.8614,0.2145,19.0401,34.203,0.6696
3,371,8.9346,0.1304,20.8164,34.011,0.6695
3,372,8.3646,0.0000,20.1432,33.882,0.6695
3,373,8.1479,0.0000,20.9323,33.996,0.6699
3,374,8.6484,0.0000,19.9262,34.014,0.6698
3,375,7.6926,0.0566,19.0665,34.160,0.6690
3,376,8.0397,0.3984,20.3366,33.773,0.6676
3,377,7.7344,0.0603,19.7196,33.958,0.6676
3,378,7.8242,0.1089,20.0672,34.032,0.6692
3,379,8.0811,0.3674,19.8192,34.086,0.6693
3,380,8.5608,0.2212,20.4837,34.188,0.6690
3,381,8.5826,0.0000,20.7249,34.021,0.6698
3,382,7.9636,0.1446,19.8817,34.148,0.6696
3,383,8.2000,0.0000,20.7842,33.909,0.6694
3,384,8.0120,0.1050,20.5827,34.052,0.6703
3,385,9.1371,0.0495,20.1820,33.853,0.6708
3,386,8.1191,0.2120,20.4417,34.154,0.6706
3,387,8.4601,0.0000,19.4642,34.284,0.6699
3,388,8.2080,0.0699,20.4959,33.824,0.6693
3,389,8.2006,0.3246,20.7801,34.091,0.6699
3,390,8.4933,0.2142,19.6757,34.168,0.6701
3,391,8.6189,0.1336,20.2001,33.784,0.6693
3,392,8.8709,0.0230,19.9665,33.960,0.6687
3,393,8.3261,0.1937,20.1772,34.287,0.6696
3,394,8.3008,0.2193,21.2960,34.048,0.6709
3,395,8.7608,0.0306,20.0999,34.148,0.6710
3,396,8.4355,0.3462,20.4189,33.927,0.6708
3,397,8.7055,0.2516,19.9135,33.893,0.6709
3,398,7.7129,0.0442,19.9481,33.954,0.6704
3,399,8.8945,0.1021,19.7582,33.924,0.6705
4,0,6.7440,0.0000,16.5875,33.970,0.5024
4,1,7.4931,0.1178,16.1384,34.070,0.5025
4,2,7.1889,0.1782,15.6162,34.061,0.5027
4,3,6.7069,0.0959,16.8995,33.991,0.5024
4,4,6.3551,0.0447,16.1879,33.914,0.5013
4,5,6.5370,0.0010,15.8494,33.839,0.5004
4,6,6.6900,0.0000,16.4854,34.165,0.5008
4,7,6.7528,0.1775,15.6381,34.225,0.5018
4,8,7.1685,0.2247,16.7347,33.783,0.5026
4,9,6.8336,0.1998,16.2709,33.925,0.5021
4,10,6.7087,0.0020,16.8412,33.869,0.5016
4,11,6.2325,0.0893,15.9586,34.011,0.5014
4,12,6.8163,0.1678,16.4074,33.806,0.5015
4,13,6.9237,0.0000,16.7853,33.924,0.5022
4,14,6.4626,0.1363,16.3622,33.980,0.5024
4,15,6.3970,0.0000,16.9679,34.151,0.5026
4,16,6.5961,0.0000,16.0219,33.768,0.5020
4,17,6.6267,0.0000,16.8255,34.029,0.5010
4,18,6.7632,0.0763,15.9390,34.044,0.5010
4,19,6.4432,0.0418,15.0339,33.903,0.5017
4,20,6.7600,0.0000,15.8510,34.049,0.5021
4,21,7.1505,0.1126,15.6995,34.171,0.5021
4,22,6.4661,0.0544,16.4824,33.871,0.5023
4,23,6.5243,0.1071,16.0473,34.262,0.5027
4,24,6.6542,0.0881,16.0623,33.833,0.5026
4,25,7.0244,0.0000,15.8257,33.737,0.5021
4,26,6.9958,0.0983,16.0311,34.001,0.5022
4,27,7.1484,0.2949,16.2740,33.916,0.5027
4,28,7.0376,0.3138,15.9696,34.099,0.5027
4,29,6.6011,0.0000,15.5329,34.238,0.5021
4,30,6.7509,0.0000,15.6723,33.995,0.5015
4,31,6.7120,0.0000,16.2467,33.816,0.5019
4,32,6.9007,0.0000,16.0997,34.074,0.5022
4,33,6.8137,0.0000,15.6862,34.021,0.5021
4,34,6.8179,0.3243,15.3482,34.211,0.5025
4,35,6.7111,0.2997,16.0059,33.839,0.5026
4,36,6.3888,0.0000,16.4781,33.888,0.5023
4,37,6.6609,0.0000,15.8017,34.161,0.5023
4,38,6.8774,0.0000,14.6710,34.289,0.5023
4,39,6.6663,0.2523,15.3599,33.979,0.5018
4,40,7.1181,0.0039,16.3050,33.858,0.5018
4,41,6.7113,0.0707,15.8202,34.201,0.5027
4,42,6.6281,0.0000,15.4698,34.190,0.5036
4,43,6.5943,0.0365,15.6884,34.264,0.5034
4,44,6.7059,0.1133,16.0863,33.710,0.5021
4,45,7.0688,0.3047,15.9193,34.104,0.5011
4,46,6.5212,0.2732,15.4628,34.078,0.5017
4,47,6.6531,0.0742,15.3928,34.674,0.5220
4,48,6.9938,0.3086,16.4477,34.452,0.6214
4,49,7.0612,0.2238,16.2916,34.367,0.6994
4,50,7.2403,0.0931,17.0390,34.054,0.7008
4,51,7.1006,0.0000,17.0147,33.948,0.6639
4,52,6.9886,0.1931,17.8280,33.551,0.6378
4,53,7.8568,0.0509,18.1607,34.070,0.6372
4,54,8.0816,0.2531,17.9289,34.133,0.6482
4,55,7.5494,0.0076,18.8791,33.916,0.6556
4,56,8.0996,0.1892,17.6067,34.183,0.6549
4,57,7.1407,0.1313,17.9211,33.900,0.6494
4,58,8.0212,0.2602,18.6344,34.274,0.6451
4,59,7.8740,0.3185,18.2886,34.244,0.6452
4,60,8.2278,0.0000,18.8208,33.786,0.6470
4,61,7.7366,0.0260,19.0973,34.084,0.6473
4,62,7.8409,0.2036,19.1372,34.172,0.6468
4,63,7.1401,0.1514,18.2676,34.150,0.6462
4,64,7.5068,0.0319,19.2654,33.921,0.6460
4,65,7.6828,0.2812,19.8264,33.986,0.6461
4,66,8.2919,0.1847,18.0873,33.850,0.6466
4,67,7.9794,0.1375,18.3951,33.895,0.6476
4,68,7.7268,0.3028,19.4310,34.312,0.6481
4,69,7.4632,0.2986,18.9538,33.820,0.6471
4,70,8.0297,0.2952,19.5600,33.998,0.6454
4,71,8.1570,0.1662,18.3249,34.119,0.6459
4,72,8.6405,0.1465,18.7595,33.971,0.6474
4,73,7.7851,0.0000,18.8638,34.221,0.6480
4,74,7.8968,0.3304,19.7313,33.926,0.6468
4,75,8.5993,0.4023,20.3434,33.844,0.6463
4,76,7.9081,0.0478,19.2751,34.068,0.6470
4,77,8.3790,0.2465,19.9929,33.968,0.6474
4,78,8.6191,0.1190,19.8994,33.972,0.6479
4,79,8.2143,0.0000,20.6831,33.896,0.6458
4,80,8.4782,0.0449,18.8760,33.893,0.6307
4,81,8.1890,0.3083,19.5074,33.981,0.6184
4,82,7.5302,0.0000,19.9213,34.030,0.6181
4,83,7.3692,0.1968,19.3240,34.026,0.6233
4,84,7.4160,0.2077,19.0208,33.907,0.6268
4,85,8.2331,0.1218,19.2157,33.945,0.6271
4,86,7.7960,0.0776,18.9630,34.276,0.6263
4,87,8.0189,0.1551,19.5250,34.075,0.6255
4,88,7.8797,0.0935,20.6826,34.203,0.6256
4,89,7.9117,0.1886,19.2765,34.141,0.6269
4,90,7.9868,0.0000,18.7178,33.748,0.6276
4,91,8.4297,0.0789,18.5878,34.111,0.6273
4,92,8.1704,0.0884,19.5282,33.911,0.6268
4,93,8.7999,0.3583,19.1211,33.900,0.6264
4,94,7.7705,0.2308,19.1251,34.020,0.6259
4,95,8.0625,0.2345,18.5091,34.101,0.6261
4,96,8.3060,0.3710,18.4233,33.997,0.6267
4,97,8.4316,0.0572,19.4034,34.120,0.6268
4,98,8.0478,0.2552,20.1193,34.175,0.6264
4,99,8.0080,0.2723,18.6915,33.865,0.6262
4,100,7.8529,0.2484,19.1010,34.293,0.6273
4,101,7.8739,0.1491,18.6305,33.746,0.6280
4,102,8.7070,0.2211,18.6207,33.844,0.6273
4,103,8.1477,0.1573,18.5483,33.871,0.6261
4,104,8.4041,0.0000,19.3119,34.251,0.6259
4,105,7.4934,0.1864,18.8971,33.966,0.6265
4,106,7.6416,0.0482,19.3236,34.062,0.6260
4,107,8.0607,0.0000,19.0164,34.022,0.6253
4,108,7.9367,0.4313,18.8635,34.179,0.6259
4,109,7.7477,0.2480,19.1298,34.115,0.6264
4,110,8.2796,0.2367,20.8224,33.910,0.6261
4,111,8.1178,0.0000,18.7550,34.072,0.6270
4,112,8.0223,0.0375,18.6989,34.065,0.6285
4,113,7.7613,0.2666,19.9568,34.191,0.6282
4,114,8.5378,0.0488,19.3700,34.082,0.6272
4,115,7.4892,0.0570,20.2921,33.929,0.6264
4,116,7.9914,0.0412,19.6620,34.062,0.6257
4,117,7.5779,0.3127,19.1766,34.205,0.6256
4,118,8.2661,0.2270,20.1880,34.237,0.6255
4,119,7.9354,0.2667,20.1442,34.054,0.6262
4,120,7.9692,0.1438,18.7051,33.756,0.6270
4,121,9.0913,0.0163,18.9519,33.915,0.6267
4,122,8.2121,0.2801,19.3915,34.145,0.6264
4,123,8.7282,0.1044,19.0365,33.921,0.6261
4,124,7.5574,0.3385,20.0904,33.981,0.6262
4,125,8.2576,0.2687,19.7168,34.045,0.6259
4,126,7.8642,0.0000,18.0362,34.124,0.6257
4,127,7.3441,0.0245,18.4213,33.600,0.6258
4,128,7.9555,0.0000,19.3281,33.889,0.6250
4,129,8.0236,0.0000,19.2210,34.147,0.6249
4,130,7.8131,0.2510,19.6161,34.067,0.6256
4,131,7.1338,0.3778,19.7911,33.810,0.6263
4,132,7.2260,0.0500,18.7178,33.182,0.5821
4,133,7.3926,0.1125,18.1957,32.573,0.3714
4,134,7.2502,0.1112,16.5827,33.421,0.2157
4,135,6.9688,0.0000,16.8552,33.736,0.2207
4,136,6.2409,0.0000,16.1008,33.853,0.2980
4,137,6.3981,0.1901,15.3090,33.718,0.3465
4,138,6.6535,0.4297,15.5904,33.538,0.3436
4,139,6.1039,0.0789,15.4514,33.890,0.3217
4,140,5.6836,0.3456,15.1629,33.586,0.3106
4,141,5.5340,0.2921,14.4925,34.018,0.3147
4,142,5.5137,0.0332,14.6022,33.833,0.3235
4,143,5.3347,0.0000,13.3117,33.782,0.3275
4,144,5.5564,0.0306,12.8391,33.837,0.3262
4,145,5.9137,0.0788,12.6772,33.751,0.3247
4,146,5.2059,0.0843,13.3778,34.406,0.3249
4,147,5.4732,0.2717,12.2659,33.889,0.3255
4,148,5.4343,0.1902,12.6714,33.712,0.3258
4,149,5.5006,0.1441,12.7004,33.801,0.3259
4,150,4.7598,0.3832,12.6976,33.933,0.3263
4,151,4.8788,0.3675,12.0840,33.990,0.3262
4,152,5.2875,0.2954,12.4019,34.064,0.3263
4,153,5.1323,0.2322,11.9428,33.999,0.3270
4,154,5.2259,0.0000,11.9914,33.606,0.3271
4,155,5.2288,0.0057,11.8673,33.926,0.3267
4,156,5.3898,0.1346,12.0377,33.984,0.3263
4,157,5.5672,0.0796,12.5368,33.924,0.3260
4,158,4.7649,0.0000,12.3270,34.018,0.3261
4,159,4.9594,0.0202,11.7652,33.883,0.3257
4,160,4.8625,0.0617,11.4977,33.960,0.3256
4,161,4.8681,0.0863,11.7733,33.976,0.3259
4,162,5.1658,0.3713,11.8715,33.819,0.3261
4,163,5.3208,0.2658,12.3540,33.933,0.3262
4,164,5.0706,0.2220,12.7211,33.936,0.3295
4,165,4.7470,0.0439,11.2435,33.933,0.3476
4,166,5.1796,0.4123,11.3024,33.923,0.3619
4,167,5.0033,0.0650,12.1544,34.074,0.3630
4,168,5.0833,0.0837,11.9385,33.781,0.3569
4,169,5.1142,0.1414,11.9778,33.991,0.3514
4,170,5.0904,0.3634,12.2837,35.011,0.3826
4,171,5.2988,0.5024,12.8523,35.238,0.5623
4,172,5.5427,0.0768,13.6764,34.820,0.7142
4,173,5.9551,0.2003,13.2934,34.464,0.7270
4,174,6.1291,0.3508,14.1553,34.073,0.6611
4,175,6.1613,0.3782,15.1734,34.185,0.6108
4,176,6.9639,0.0000,14.7620,34.413,0.6065
4,177,7.0734,0.0382,16.1093,34.136,0.6237
4,178,6.9332,0.1919,14.9282,34.297,0.6347
4,179,6.7258,0.0712,16.9361,34.370,0.6334
4,180,6.7576,0.2542,16.3467,33.897,0.6272
4,181,7.1094,0.2035,16.7945,34.328,0.6230
4,182,7.3317,0.3051,17.7674,33.995,0.6220
4,183,7.1550,0.2011,16.0273,33.884,0.6229
4,184,7.3867,0.1510,16.6493,34.181,0.6233
4,185,7.5988,0.0000,18.4352,34.034,0.6228
4,186,7.9977,0.1130,16.8679,34.189,0.6223
4,187,7.7453,0.0814,16.9604,34.196,0.6227
4,188,7.4328,0.1206,17.8436,33.853,0.6228
4,189,7.2726,0.1732,17.6967,34.108,0.6219
4,190,7.8663,0.0000,18.1674,33.994,0.6218
4,191,8.3707,0.2660,18.2724,34.113,0.6225
4,192,7.4329,0.3562,18.8268,34.309,0.6235
4,193,7.4012,0.1407,17.5569,33.885,0.6223
4,194,7.7863,0.0000,18.0976,33.647,0.6207
4,195,8.0036,0.1153,17.9489,34.019,0.6219
4,196,7.8339,0.4017,18.2028,33.868,0.6230
4,197,7.8264,0.2855,18.8619,33.855,0.6221
4,198,8.3227,0.0367,18.5312,34.156,0.6214
4,199,8.2334,0.0000,18.7949,34.048,0.6222
4,200,8.3831,0.0000,20.0942,34.022,0.6234
4,201,7.8674,0.1405,19.0750,34.310,0.6244
4,202,7.7428,0.0844,19.4338,34.011,0.6242
4,203,7.9212,0.1579,17.9189,34.113,0.6231
4,204,8.1335,0.3138,18.4702,34.213,0.6224
4,205,8.1667,0.2869,17.7569,33.862,0.6229
4,206,8.5030,0.0028,18.8321,33.642,0.6235
4,207,8.0028,0.0372,18.4347,34.042,0.6236
4,208,8.0134,0.2188,19.0127,33.903,0.6235
4,209,8.0609,0.0955,18.8314,34.045,0.6227
4,210,8.3580,0.1619,18.9503,33.967,0.6219
4,211,8.1637,0.0000,18.4605,34.043,0.6226
4,212,8.3991,0.2006,19.5706,33.775,0.6238
4,213,8.3687,0.0809,19.2499,34.187,0.6247
4,214,8.4431,0.4218,19.1122,34.242,0.6260
4,215,8.7602,0.1862,19.4009,33.929,0.6249
4,216,7.8711,0.4440,18.8775,34.050,0.6229
4,217,7.4485,0.2419,19.2434,33.916,0.6227
4,218,8.3461,0.0491,18.6490,33.905,0.6217
4,219,7.7062,0.0000,20.2425,34.315,0.6207
4,220,7.9994,0.2279,19.8311,34.167,0.6216
4,221,8.2416,0.0000,19.3120,33.993,0.6230
4,222,7.7608,0.2827,20.0012,34.236,0.6238
4,223,7.5176,0.0566,18.5867,33.832,0.6235
4,224,8.2867,0.3982,19.1952,33.883,0.6222
4,225,7.9677,0.0781,19.0339,33.955,0.6215
4,226,8.7709,0.2662,19.0702,33.935,0.6223
4,227,7.4440,0.1662,18.0719,34.263,0.6242
4,228,7.5033,0.0000,19.7075,33.965,0.6253
4,229,8.1642,0.3120,19.0767,33.940,0.6240
4,230,7.8718,0.2456,18.6625,33.776,0.6222
4,231,7.9012,0.0745,18.8817,33.907,0.6217
4,232,8.4773,0.3184,18.3347,33.918,0.6231
4,233,7.7589,0.4393,18.4847,33.741,0.6246
4,234,8.2966,0.0943,18.5452,34.062,0.6254
4,235,7.7402,0.0000,18.6717,34.154,0.6254
4,236,8.6974,0.0649,18.3669,34.121,0.6242
4,237,8.0405,0.0000,18.3850,33.973,0.6230
4,238,8.4184,0.2066,18.6677,33.958,0.6239
4,239,7.9537,0.0000,19.1763,34.141,0.6251
4,240,8.6261,0.1286,18.7053,33.808,0.6245
4,241,7.9570,0.0000,17.9483,34.143,0.6231
4,242,8.2752,0.1252,18.9448,33.936,0.6226
4,243,7.9726,0.0512,19.3842,33.987,0.6231
4,244,8.2799,0.0000,18.5050,34.200,0.6234
4,245,8.3964,0.0377,19.3071,34.013,0.6229
4,246,7.9517,0.0685,18.8564,34.032,0.6232
4,247,7.5397,0.0000,19.2311,34.063,0.6237
4,248,7.9389,0.1228,18.3467,34.014,0.6224
4,249,8.1429,0.2393,19.3191,34.006,0.6202
4,250,8.3734,0.4263,17.9787,34.212,0.6205
4,251,7.9210,0.1228,19.2209,34.196,0.6228
4,252,7.6487,0.4473,18.4776,33.948,0.6226
4,253,8.3287,0.0571,18.9161,34.163,0.6214
4,254,7.8294,0.0000,18.6929,34.052,0.6221
4,255,8.1823,0.0828,18.5401,34.016,0.6229
4,256,7.3051,0.4244,19.2246,33.993,0.6226
4,257,7.9870,0.2211,19.1635,34.199,0.6220
4,258,8.4269,0.0000,19.2312,34.072,0.6226
4,259,7.5536,0.0562,19.0923,34.104,0.6232
4,260,7.5645,0.5174,18.2935,34.026,0.6217
4,261,7.9796,0.2224,18.5931,33.873,0.6212
4,262,7.3090,0.0000,18.8802,33.972,0.6223
4,263,7.7821,0.0968,18.5027,34.365,0.6228
4,264,8.1168,0.0729,19.0725,34.164,0.6227
4,265,7.9972,0.0469,18.7774,33.737,0.6231
4,266,8.1158,0.2597,20.0347,34.137,0.6238
4,267,8.3410,0.0000,18.7899,33.935,0.6243
4,268,7.5153,0.0000,18.9710,34.045,0.6233
4,269,7.5125,0.0000,18.3686,33.993,0.6219
4,270,8.0996,0.1665,19.5525,33.989,0.6218
4,271,7.8969,0.1283,19.9991,33.843,0.6218
4,272,8.0885,0.2518,19.1302,34.089,0.6221
4,273,7.8568,0.0957,18.2357,33.898,0.6234
4,274,8.2038,0.0676,19.3547,34.139,0.6238
4,275,7.4767,0.5322,19.9925,33.829,0.6225
4,276,7.8057,0.2177,18.9725,33.874,0.6216
4,277,8.1771,0.2012,20.3702,33.948,0.6214
4,278,7.5089,0.1723,18.7842,34.188,0.6215
4,279,7.9379,0.0647,19.4704,33.926,0.6216
4,280,7.9448,0.2786,18.2423,34.024,0.6222
4,281,7.8981,0.1103,18.9676,33.728,0.6233
4,282,8.2810,0.2442,19.9335,33.940,0.6230
4,283,8.0524,0.0000,18.2642,34.191,0.6219
4,284,7.6731,0.0229,19.4482,33.889,0.6204
4,285,7.8700,0.0177,18.9717,34.020,0.6190
4,286,7.6688,0.3207,18.6230,34.041,0.6193
4,287,8.0380,0.0832,19.0472,33.969,0.6212
4,288,7.5426,0.4607,19.7731,33.693,0.6229
4,289,7.3782,0.2159,19.3718,33.821,0.6222
4,290,7.7482,0.1876,20.3440,34.026,0.6211
4,291,7.6860,0.0000,18.3412,34.273,0.6217
4,292,8.0345,0.0255,18.5394,34.029,0.6219
4,293,7.5476,0.2452,19.1050,33.849,0.6228
4,294,7.7339,0.2921,18.1928,34.134,0.6239
4,295,7.8014,0.4616,18.8534,34.269,0.6231
4,296,7.8966,0.0981,20.2521,33.851,0.6220
4,297,8.1664,0.1036,18.6914,34.017,0.6216
4,298,7.6364,0.0590,19.4692,33.915,0.6222
4,299,7.5602,0.3545,18.8291,34.037,0.6232
4,300,7.4431,0.0998,19.4206,33.891,0.6231
4,301,7.3930,0.2855,19.2854,33.896,0.6229
4,302,7.4782,0.0542,19.2130,33.919,0.6230
4,303,7.9362,0.2470,20.2080,34.150,0.6220
4,304,8.8469,0.3313,19.5107,33.949,0.6219
4,305,7.8269,0.2559,18.1643,34.204,0.6241
4,306,8.2910,0.1104,18.3850,34.068,0.6251
4,307,8.5490,0.4801,18.9692,34.212,0.6233
4,308,8.7566,0.0000,18.9749,34.128,0.6186
4,309,8.1609,0.4337,18.5560,33.905,0.6155
4,310,8.6556,0.2602,18.4603,33.973,0.6145
4,311,7.7889,0.3040,18.2590,34.062,0.6151
4,312,8.4354,0.1509,19.0784,33.871,0.6159
4,313,7.6383,0.1827,18.9418,33.697,0.6161
4,314,7.8871,0.2684,19.5345,33.872,0.6161
4,315,8.0966,0.0084,18.0505,33.999,0.6161
4,316,8.2701,0.0000,18.5882,34.033,0.6164
4,317,8.7224,0.0983,19.1816,34.071,0.6174
4,318,7.6597,0.0207,19.3042,34.102,0.6177
4,319,7.3053,0.1284,19.6328,33.882,0.6163
4,320,8.1855,0.1430,18.8628,33.992,0.6156
4,321,8.1519,0.1333,17.7640,34.429,0.6153
4,322,8.2109,0.2123,18.7061,33.920,0.6152
4,323,7.8523,0.2112,19.2815,34.511,0.6164
4,324,8.5408,0.1600,17.6037,33.922,0.6176
4,325,8.3166,0.0234,18.6694,34.000,0.6184
4,326,8.2579,0.2842,20.3465,34.064,0.6177
4,327,8.6987,0.2868,18.5553,33.801,0.6161
4,328,8.2445,0.0000,18.3969,33.958,0.6157
4,329,7.5393,0.0000,18.1891,34.003,0.6165
4,330,7.3782,0.2483,19.0258,33.918,0.6158
4,331,7.2752,0.0526,18.8867,33.941,0.6138
4,332,8.3187,0.2704,19.2313,33.890,0.6134
4,333,8.0677,0.3763,19.6593,33.947,0.6146
4,334,7.6707,0.0138,18.2312,34.037,0.6153
4,335,7.1037,0.2128,17.5672,33.885,0.6154
4,336,7.4041,0.2348,18.2193,33.823,0.6154
4,337,7.8029,0.4089,18.8269,33.998,0.6153
4,338,8.1504,0.3166,18.2813,33.844,0.6157
4,339,7.6661,0.1858,19.7368,33.935,0.6166
4,340,7.3003,0.0784,18.8840,33.820,0.6174
4,341,8.1873,0.2451,18.6265,33.847,0.6169
4,342,7.9917,0.0879,18.9701,33.872,0.6163
4,343,8.8979,0.3477,19.4792,33.990,0.6166
4,344,8.3473,0.0401,18.7849,34.064,0.6165
4,345,7.9066,0.2038,19.9855,33.928,0.6168
4,346,8.1360,0.0090,19.2201,33.958,0.6176
4,347,8.1371,0.0000,19.6527,33.970,0.6171
4,348,7.3982,0.2559,19.3737,33.976,0.6154
4,349,7.4314,0.0502,18.7354,34.056,0.6140
4,350,7.8038,0.0000,17.9201,33.988,0.6151
4,351,7.9605,0.2892,19.1528,33.937,0.6167
4,352,7.2638,0.1025,19.6642,33.891,0.6164
4,353,8.4837,0.1595,19.0997,34.016,0.6157
4,354,7.8907,0.3079,18.5296,33.995,0.6158
4,355,8.0795,0.2500,17.9841,33.798,0.6170
4,356,7.6417,0.2015,17.8198,33.968,0.6173
4,357,8.0237,0.3244,18.6257,33.843,0.6158
4,358,7.4199,0.0000,19.0525,33.851,0.6039
4,359,7.5604,0.2580,18.5127,33.779,0.5515
4,360,7.5191,0.3701,18.5484,34.064,0.5124
4,361,7.8154,0.0897,18.3100,34.070,0.5138
4,362,7.4324,0.1177,17.9813,33.973,0.5329
4,363,7.5088,0.0617,17.4824,33.729,0.5453
4,364,7.6603,0.1692,18.5133,33.915,0.5457
4,365,7.3540,0.3607,17.0218,34.318,0.5500
4,366,7.4435,0.3890,18.5965,34.145,0.5952
4,367,7.3524,0.2867,17.9788,34.382,0.6349
4,368,7.5425,0.2191,18.3694,33.623,0.6396
4,369,8.1662,0.0000,18.2563,33.930,0.6219
4,370,8.0691,0.1158,18.5958,34.175,0.6075
4,371,7.5522,0.2299,18.8746,34.158,0.6069
4,372,7.1299,0.3590,18.2975,33.909,0.6121
4,373,8.0904,0.2236,17.6135,34.026,0.6148
4,374,7.3950,0.1039,17.8195,34.028,0.6141
4,375,7.4337,0.0000,17.8492,34.115,0.6125
4,376,7.7049,0.1024,18.3084,34.296,0.6128
4,377,8.2631,0.0479,18.7178,34.064,0.6142
4,378,8.0921,0.1243,18.9239,34.161,0.6135
4,379,7.2320,0.0000,18.6041,34.060,0.6118
4,380,7.8670,0.2235,18.2824,34.098,0.6113
4,381,7.5395,0.1503,18.3472,33.729,0.6111
4,382,7.3812,0.1070,18.9929,34.100,0.6105
4,383,7.9407,0.0000,18.6494,33.822,0.6104
4,384,7.5214,0.0000,18.4631,33.803,0.6111
4,385,7.5888,0.0000,18.6801,34.096,0.6113
4,386,7.9355,0.0555,19.1549,33.840,0.6111
4,387,7.5377,0.0000,18.4967,33.812,0.6113
4,388,7.3017,0.4056,19.0783,33.925,0.6123
4,389,7.9636,0.0614,19.3815,33.941,0.6133
4,390,7.8174,0.2668,17.9482,34.038,0.6137
4,391,8.5171,0.3178,18.9634,34.005,0.6136
4,392,7.7019,0.0000,19.2778,33.792,0.6125
4,393,7.2532,0.2365,17.8803,33.735,0.6117
4,394,7.6486,0.2089,17.9591,33.936,0.6116
4,395,8.2622,0.1196,18.5342,34.199,0.6115
4,396,7.6618,0.2145,17.7579,33.873,0.6116
4,397,7.4462,0.0151,19.0763,34.116,0.6118
4,398,7.4504,0.3283,18.6998,33.730,0.6121
4,399,7.8994,0.2209,19.0440,34.037,0.6115
5,0,8.1810,0.4171,19.1054,34.180,0.6647
5,1,7.6788,0.1553,20.4437,33.918,0.6646
5,2,8.0154,0.2155,18.8441,33.952,0.6638
5,3,8.0119,0.4080,19.7043,33.788,0.6633
5,4,7.7412,0.2041,20.2646,34.087,0.6640
5,5,7.9932,0.2189,19.8856,34.116,0.6647
5,6,8.0989,0.2549,18.6691,34.039,0.6661
5,7,8.3733,0.0000,20.7560,34.144,0.6673
5,8,7.1805,0.3310,19.2283,33.941,0.6663
5,9,9.2423,0.0000,20.9016,33.787,0.6643
5,10,8.5240,0.3478,20.3190,33.869,0.6639
5,11,8.2866,0.0000,21.6641,34.121,0.6650
5,12,8.3821,0.2963,19.3807,33.983,0.6656
5,13,7.8744,0.2638,21.1864,34.089,0.6657
5,14,8.7680,0.2279,19.9712,34.064,0.6656
5,15,8.1318,0.0366,20.7661,33.790,0.6656
5,16,9.0199,0.1815,19.2895,33.863,0.6651
5,17,7.9140,0.1195,19.6741,34.083,0.6646
5,18,8.0813,0.3204,19.7939,33.486,0.6641
5,19,8.5268,0.2130,20.4040,34.186,0.6642
5,20,8.1418,0.3317,20.7023,33.970,0.6654
5,21,8.1229,0.1894,18.8205,33.582,0.6653
5,22,8.4815,0.0791,18.7728,34.415,0.6641
5,23,8.5811,0.1376,19.6432,33.984,0.6643
5,24,8.3993,0.2080,19.4236,34.020,0.6654
5,25,8.2051,0.1382,20.3415,34.133,0.6647
5,26,8.3407,0.0000,19.2737,34.026,0.6623
5,27,8.2921,0.0046,19.6159,33.887,0.6616
5,28,7.8318,0.0434,20.0438,34.089,0.6635
5,29,7.7279,0.0000,20.2009,34.032,0.6645
5,30,7.9831,0.0000,19.5979,33.878,0.6644
5,31,8.3183,0.2903,19.9084,33.860,0.6647
5,32,8.5411,0.0784,20.2956,34.235,0.6655
5,33,8.8766,0.0473,20.1631,34.061,0.6665
5,34,7.8102,0.1422,20.3171,33.737,0.6658
5,35,8.4825,0.1051,20.3243,33.858,0.6640
5,36,8.8334,0.2315,20.6172,33.894,0.6639
5,37,8.0589,0.0263,20.0354,34.207,0.6654
5,38,8.0011,0.2520,19.2285,34.244,0.6658
5,39,8.3017,0.2069,20.4456,33.888,0.6653
5,40,8.6641,0.0830,18.6298,33.752,0.6652
5,41,8.5946,0.2575,18.9773,33.850,0.6646
5,42,8.0297,0.0966,19.8148,34.034,0.6653
5,43,8.2448,0.2034,20.3774,34.401,0.6663
5,44,9.0702,0.0000,20.2699,34.134,0.6654
5,45,9.0341,0.2377,20.1366,34.034,0.6658
5,46,8.5561,0.1261,20.7880,33.851,0.6675
5,47,8.4358,0.0305,20.8763,34.125,0.6678
5,48,8.5213,0.0000,19.8878,33.896,0.6658
5,49,8.6579,0.0719,19.7269,33.976,0.6650
5,50,8.6907,0.1757,19.9739,34.203,0.6661
5,51,8.7045,0.3990,20.5103,34.026,0.6663
5,52,8.4597,0.1704,19.3734,34.231,0.6653
5,53,8.8126,0.1607,20.6928,34.296,0.6648
5,54,8.3819,0.2149,21.5826,34.047,0.6661
5,55,9.4417,0.1032,19.9385,34.054,0.6663
5,56,8.7378,0.0000,20.0926,34.083,0.6654
5,57,8.7296,0.1061,20.0387,33.851,0.6655
5,58,8.1497,0.0954,21.3484,33.761,0.6661
5,59,8.4376,0.3805,19.7390,34.026,0.6659
5,60,9.0061,0.0156,19.6979,34.046,0.6655
5,61,8.4599,0.1800,19.9649,33.826,0.6659
5,62,9.0162,0.0000,19.6799,33.993,0.6668
5,63,7.9555,0.3605,20.7041,34.223,0.6670
5,64,8.6064,0.0000,20.6266,33.813,0.6669
5,65,8.2381,0.1846,19.3494,33.904,0.6667
5,66,8.5954,0.0000,20.7784,33.993,0.6663
5,67,8.6998,0.1272,20.6275,34.114,0.6651
5,68,9.1461,0.0142,21.3588,33.726,0.6641
5,69,8.2061,0.2101,21.1470,34.128,0.6659
5,70,8.5125,0.2686,19.8623,34.238,0.6678
5,71,9.0859,0.1711,19.8396,33.950,0.6676
5,72,7.9494,0.2008,21.0134,33.987,0.6665
5,73,8.5363,0.2539,20.9843,33.746,0.6651
5,74,8.2007,0.1169,19.2838,33.895,0.6646
5,75,7.9514,0.3948,20.2126,33.931,0.6652
5,76,8.3922,0.0243,19.9483,34.120,0.6658
5,77,8.4088,0.0000,19.7480,33.895,0.6659
5,78,8.5831,0.2354,19.2113,33.985,0.6658
5,79,7.9377,0.0764,19.1274,33.838,0.6649
5,80,7.8335,0.0000,20.0055,34.062,0.6633
5,81,8.0437,0.1877,20.3836,34.222,0.6621
5,82,7.5370,0.2831,20.1984,34.041,0.6627
5,83,8.1351,0.3380,19.5987,34.167,0.6644
5,84,8.8009,0.2083,21.0186,33.848,0.6657
5,85,8.4410,0.1168,19.5042,34.114,0.6662
5,86,7.9871,0.0000,19.2767,34.048,0.6661
5,87,9.4648,0.1664,19.7188,33.905,0.6653
5,88,8.5926,0.2804,19.7208,34.065,0.6655
5,89,8.2853,0.2049,19.5128,34.135,0.6668
5,90,9.1850,0.1227,19.0858,34.028,0.6674
5,91,9.7386,0.2162,19.0927,34.177,0.6737
5,92,8.6533,0.1679,20.1399,34.205,0.7038
5,93,8.7932,0.0330,20.7961,33.863,0.7258
5,94,8.7401,0.0000,20.2207,33.931,0.7244
5,95,8.7587,0.2012,19.8186,34.181,0.7137
5,96,8.6875,0.0000,20.4798,33.994,0.7079
5,97,8.4251,0.0000,20.7770,34.094,0.7082
5,98,8.9002,0.2256,20.3999,33.815,0.7099
5,99,8.6264,0.0000,21.0825,33.812,0.7098
5,100,8.8770,0.1567,20.7646,33.741,0.7083
5,101,8.3723,0.1071,20.4193,33.836,0.7081
5,102,8.6112,0.0939,20.3380,33.919,0.7081
5,103,8.7501,0.0000,20.7049,34.175,0.7082
5,104,8.0857,0.2698,21.3713,33.914,0.7086
5,105,8.3216,0.2608,19.9113,34.041,0.7078
5,106,8.8138,0.2915,21.5892,33.792,0.7071
5,107,8.8308,0.2930,20.3488,34.052,0.7084
5,108,8.6064,0.0000,21.3579,34.050,0.7101
5,109,8.7048,0.0000,20.1731,33.979,0.7101
5,110,9.4907,0.0000,21.1507,34.152,0.7091
5,111,8.8384,0.1509,21.3678,33.761,0.7096
5,112,9.1262,0.0552,20.6160,34.095,0.7102
5,113,9.0544,0.2237,19.6471,34.071,0.7093
5,114,8.7020,0.0000,20.7004,33.724,0.7080
5,115,8.8132,0.1364,21.2651,33.661,0.7081
5,116,8.8232,0.0617,21.0777,33.999,0.7086
5,117,9.0284,0.0000,21.1140,34.079,0.7094
5,118,8.4582,0.3271,20.8786,33.615,0.6978
5,119,8.1234,0.1144,20.1495,34.023,0.6401
5,120,8.3969,0.0000,20.1856,33.489,0.5974
5,121,8.4030,0.0000,20.2406,33.738,0.6030
5,122,8.3934,0.1906,20.5023,34.022,0.6289
5,123,8.6063,0.3686,19.6391,33.868,0.6444
5,124,7.8280,0.1176,19.6676,33.785,0.6431
5,125,7.9911,0.0904,21.4826,33.891,0.6343
5,126,8.0394,0.0595,20.0960,33.944,0.6289
5,127,7.9864,0.3811,20.0169,34.194,0.6299
5,128,8.0345,0.3522,20.4775,34.221,0.6335
5,129,7.7691,0.0000,18.8173,33.683,0.6362
5,130,7.4519,0.0568,19.1836,33.966,0.6365
5,131,8.6233,0.3141,20.0733,34.041,0.6354
5,132,7.9740,0.2663,19.3915,34.086,0.6349
5,133,7.8738,0.2870,20.0264,33.937,0.6351
5,134,7.3846,0.0000,20.5339,34.071,0.6348
5,135,8.4196,0.0000,17.8325,33.986,0.6345
5,136,7.7700,0.1494,18.8798,34.028,0.6347
5,137,7.6223,0.1621,19.7209,34.051,0.6353
5,138,7.7795,0.0000,19.9797,34.013,0.6349
5,139,7.4678,0.1102,20.4406,33.972,0.6334
5,140,7.8210,0.1318,18.8382,34.152,0.6335
5,141,8.3067,0.2435,19.7904,34.169,0.6353
5,142,7.5993,0.1389,19.1653,33.786,0.6365
5,143,8.3374,0.4431,20.2483,33.918,0.6363
5,144,8.0593,0.0000,19.9820,34.180,0.6351
5,145,7.9706,0.3116,19.6743,33.943,0.6347
5,146,7.9338,0.0000,18.9961,34.242,0.6353
5,147,7.8942,0.1863,18.8004,34.051,0.6366
5,148,7.9075,0.0285,18.8493,33.964,0.6364
5,149,8.2683,0.2439,19.0678,34.123,0.6348
5,150,7.6579,0.0000,19.6503,33.995,0.6344
5,151,7.6888,0.3712,19.6176,33.779,0.6340
5,152,7.6440,0.0805,20.3219,34.225,0.6335
5,153,7.5288,0.1716,20.1922,33.817,0.6344
5,154,7.7535,0.3499,19.7263,34.140,0.6348
5,155,7.7672,0.1679,18.7082,34.235,0.6346
5,156,7.6045,0.1060,18.9387,33.921,0.6351
5,157,7.6220,0.0000,20.3055,33.882,0.6356
5,158,7.6155,0.3996,19.6491,34.112,0.6348
5,159,7.6011,0.0000,19.3887,34.178,0.6337
5,160,7.1247,0.2427,19.2377,33.963,0.6338
5,161,7.9493,0.2765,19.7193,34.029,0.6351
5,162,7.2476,0.3124,19.5199,33.831,0.6355
5,163,7.9059,0.1003,19.3559,34.103,0.6357
5,164,8.1381,0.2684,19.3457,33.940,0.6366
5,165,7.9320,0.2083,20.5847,33.936,0.6363
5,166,8.2303,0.2939,20.3587,33.886,0.6350
5,167,8.1417,0.1266,19.3113,34.071,0.6350
5,168,7.7482,0.2270,19.1224,33.870,0.6365
5,169,8.2103,0.1272,20.0711,34.215,0.6373
5,170,7.8249,0.2051,19.6397,33.980,0.6366
5,171,7.6458,0.1663,18.4766,34.022,0.6360
5,172,7.9442,0.0775,20.2385,33.992,0.6355
5,173,7.7541,0.1707,18.8652,33.963,0.6355
5,174,8.5974,0.0347,18.5694,33.900,0.6366
5,175,8.2264,0.3229,19.2937,34.036,0.6377
5,176,7.9950,0.1486,18.4425,33.763,0.6376
5,177,8.1665,0.4400,19.6961,34.090,0.6367
5,178,7.8062,0.1258,19.9458,34.108,0.6359
5,179,8.0546,0.1031,19.7009,33.899,0.6351
5,180,7.6501,0.1621,18.9805,34.189,0.6356
5,181,8.1197,0.2378,19.3341,33.901,0.6364
5,182,8.3097,0.1885,19.7460,34.041,0.6366
5,183,7.7948,0.0000,18.9636,33.699,0.6362
5,184,8.0501,0.1662,19.2063,34.092,0.6349
5,185,7.9703,0.0718,19.3556,34.191,0.6342
5,186,7.9334,0.2087,19.6786,34.107,0.6349
5,187,8.3326,0.3440,19.5804,34.134,0.6351
5,188,8.0442,0.2248,20.0079,34.083,0.6354
5,189,7.8151,0.2437,19.7694,34.328,0.6363
5,190,7.6016,0.2826,19.4959,33.951,0.6361
5,191,7.8707,0.4057,18.4256,33.851,0.6354
5,192,8.2464,0.1797,20.0715,33.975,0.6350
5,193,7.9040,0.0000,18.4853,33.796,0.6350
5,194,8.0585,0.1933,18.6890,33.863,0.6354
5,195,7.3669,0.0755,19.1157,33.858,0.6360
5,196,8.0415,0.2535,19.9999,33.883,0.6360
5,197,8.1121,0.0000,19.0769,34.121,0.6356
5,198,8.7209,0.0000,18.5738,34.228,0.6360
5,199,7.7544,0.1053,18.5948,34.019,0.6363
5,200,7.6291,0.2464,19.9410,34.067,0.6351
5,201,7.9262,0.1183,18.6217,33.985,0.6340
5,202,8.4235,0.2390,19.3158,34.190,0.6340
5,203,8.1750,0.1378,19.0746,33.994,0.6343
5,204,8.1691,0.1834,18.9344,33.854,0.6345
5,205,8.4177,0.2453,19.8515,33.833,0.6346
5,206,8.4700,0.0000,18.8997,34.161,0.6341
5,207,8.1157,0.0214,18.4994,34.036,0.6329
5,208,7.9815,0.0000,19.4462,33.899,0.6326
5,209,8.0738,0.0190,18.8671,34.047,0.6334
5,210,7.9181,0.1296,18.2677,34.229,0.6334
5,211,8.4462,0.1364,18.9348,33.846,0.6338
5,212,7.7229,0.1186,19.6378,34.139,0.6348
5,213,7.6862,0.0589,19.1829,33.746,0.6350
5,214,8.4072,0.0000,18.6449,34.038,0.6357
5,215,8.6898,0.0222,19.2863,34.043,0.6360
5,216,8.5210,0.0769,19.0516,33.965,0.6348
5,217,7.6144,0.0230,18.6208,33.990,0.6337
5,218,7.7613,0.2094,19.1933,33.891,0.6335
5,219,8.5334,0.0000,19.3226,33.902,0.6340
5,220,7.9905,0.0354,19.0675,34.021,0.6344
5,221,7.9500,0.1373,19.2232,34.111,0.6344
5,222,8.0633,0.1380,19.5519,33.745,0.6347
5,223,8.1857,0.1225,20.0345,33.940,0.6352
5,224,8.0841,0.0000,19.3213,34.123,0.6344
5,225,7.9500,0.0000,18.7870,34.098,0.6332
5,226,8.0855,0.0088,18.6315,33.967,0.6329
5,227,7.9223,0.0000,19.1745,34.203,0.6330
5,228,8.0857,0.3026,18.7579,33.636,0.6338
5,229,7.9319,0.0000,20.4037,33.937,0.6341
5,230,7.9762,0.0050,19.0425,33.918,0.6331
5,231,7.2406,0.0000,19.3502,33.851,0.6323
5,232,7.5014,0.0000,19.6087,34.045,0.6328
5,233,8.0149,0.2670,18.8643,34.098,0.6337
5,234,8.1928,0.1135,19.2532,33.941,0.6340
5,235,7.6339,0.0000,19.3023,34.281,0.6340
5,236,7.8007,0.0672,19.0356,33.007,0.5964
5,237,7.5027,0.3262,17.0760,32.924,0.4147
5,238,7.0920,0.1437,17.5672,33.343,0.2788
5,239,6.8648,0.0000,16.9115,33.806,0.2825
5,240,6.7485,0.0000,16.2755,33.757,0.3498
5,241,6.7932,0.0854,15.8499,33.663,0.3924
5,242,6.1841,0.0999,15.5408,33.706,0.3901
5,243,5.6955,0.0612,16.1503,33.902,0.3712
5,244,5.9803,0.0588,16.1257,33.760,0.3618
5,245,6.1902,0.2065,15.2715,33.899,0.3653
5,246,6.0765,0.0000,14.8640,33.904,0.3730
5,247,6.4077,0.1096,13.9196,33.867,0.3766
5,248,5.6881,0.3877,15.0209,33.751,0.3753
5,249,5.3292,0.0000,14.3922,33.958,0.3734
5,250,5.8279,0.0000,13.6304,33.753,0.3732
5,251,5.3260,0.0419,13.9589,34.200,0.3742
5,252,5.6588,0.1798,14.0382,33.792,0.3754
5,253,5.7528,0.0000,13.6098,33.644,0.3754
5,254,5.4529,0.0623,13.7325,33.753,0.3747
5,255,5.7658,0.4461,13.6150,34.001,0.3743
5,256,5.7106,0.5363,13.5205,34.037,0.3746
5,257,5.7280,0.0898,13.5537,33.890,0.3753
5,258,4.9782,0.0000,12.8784,33.506,0.3614
5,259,5.1753,0.0000,12.5264,33.635,0.2945
5,260,4.7194,0.0747,12.3856,33.689,0.2442
5,261,5.1150,0.0000,12.3359,33.829,0.2452
5,262,4.5673,0.2576,11.9459,33.648,0.2691
5,263,4.7740,0.3155,11.7137,33.853,0.2834
5,264,4.5428,0.1265,11.5515,33.740,0.2823
5,265,4.8500,0.3251,12.1538,33.723,0.2762
5,266,4.2800,0.0000,11.4772,33.860,0.2734
5,267,4.6280,0.0000,11.9479,33.778,0.2745
5,268,4.8500,0.0748,11.7316,34.162,0.2772
5,269,4.7048,0.1333,11.4605,33.915,0.2788
5,270,4.6964,0.4205,10.6786,34.153,0.2781
5,271,4.5004,0.2237,10.7701,33.951,0.2763
5,272,4.6526,0.0323,11.0270,34.168,0.2748
5,273,4.2777,0.1459,11.3475,33.928,0.2750
5,274,4.3503,0.2068,10.9912,34.182,0.2764
5,275,4.3402,0.0000,10.4610,33.939,0.2770
5,276,4.3129,0.1325,10.1358,34.070,0.2770
5,277,4.3928,0.0441,10.6178,33.817,0.2772
5,278,4.2551,0.0727,11.0709,33.886,0.2775
5,279,4.7566,0.1636,10.4550,34.137,0.2776
5,280,4.4862,0.0000,10.5864,33.939,0.2776
5,281,4.1621,0.2043,10.3810,34.083,0.2775
5,282,4.2386,0.0000,10.2265,34.162,0.2770
5,283,4.4349,0.0055,11.0322,33.864,0.2769
5,284,4.6656,0.0045,10.5264,33.898,0.2775
5,285,4.6198,0.2573,10.2383,34.047,0.2777
5,286,4.2626,0.0502,10.5305,33.965,0.2772
5,287,3.9844,0.2664,10.8026,33.875,0.2768
5,288,4.2602,0.0377,10.1045,34.137,0.2769
5,289,4.4121,0.2744,10.2926,34.014,0.2768
5,290,4.4753,0.1263,9.8816,34.031,0.2765
5,291,4.2323,0.0000,10.3856,33.805,0.2767
5,292,4.1771,0.2234,10.1548,34.117,0.2766
5,293,4.3381,0.2002,10.2199,33.829,0.2765
5,294,4.2393,0.0910,10.0128,34.084,0.2764
5,295,4.1475,0.1105,10.5853,34.019,0.2766
5,296,4.2708,0.1475,10.3919,34.238,0.2770
5,297,4.1714,0.0000,10.6634,33.957,0.2770
5,298,4.7270,0.1347,10.1820,34.004,0.2771
5,299,4.1675,0.1683,10.0185,34.074,0.2774
5,300,4.3922,0.1608,9.8274,34.297,0.2769
5,301,4.2900,0.0948,10.5238,33.951,0.2763
5,302,4.2366,0.0000,10.2031,33.872,0.2761
5,303,4.1713,0.0514,10.3685,33.840,0.2762
5,304,3.9768,0.0000,10.0157,34.247,0.2757
5,305,3.8943,0.2646,9.8888,33.954,0.2754
5,306,3.7060,0.2311,10.3747,33.930,0.2758
5,307,3.7575,0.2251,10.3180,33.942,0.2761
5,308,4.1288,0.1856,9.5294,34.163,0.2765
5,309,4.1439,0.0000,10.0602,33.690,0.2768
5,310,4.0418,0.1624,10.1324,33.844,0.2769
5,311,3.8386,0.1699,9.7052,34.027,0.2766
5,312,4.1468,0.0339,10.4351,34.214,0.2768
5,313,3.9360,0.0985,10.0560,34.120,0.2772
5,314,4.2699,0.0212,9.7197,34.148,0.2769
5,315,4.1643,0.1605,10.0907,33.778,0.2767
5,316,4.2692,0.0000,9.9431,34.289,0.2771
5,317,4.2912,0.0000,10.1854,34.013,0.2771
5,318,4.1310,0.2598,9.9807,34.245,0.2762
5,319,4.1037,0.1327,10.2447,33.960,0.2755
5,320,4.2616,0.1153,10.1325,33.896,0.2767
5,321,4.1029,0.0000,10.4046,34.103,0.2774
5,322,4.2079,0.1619,10.6253,33.619,0.2764
5,323,3.9610,0.3541,10.0012,34.104,0.2762
5,324,3.8619,0.0301,10.2899,33.895,0.2764
5,325,4.1156,0.0000,10.6496,34.023,0.2767
5,326,4.1171,0.2024,9.9820,34.283,0.2768
5,327,3.8780,0.0000,10.0450,33.977,0.2762
5,328,3.8832,0.0672,10.6786,34.033,0.2756
5,329,4.0954,0.2725,10.4247,34.059,0.2760
5,330,4.2713,0.0000,9.8158,33.960,0.2772
5,331,4.0376,0.1691,10.5941,33.888,0.2778
5,332,4.1249,0.2240,9.6567,34.135,0.2776
5,333,4.2128,0.0220,10.2564,34.001,0.2772
5,334,4.5036,0.0000,9.7641,34.087,0.2769
5,335,4.2286,0.0000,9.7940,33.977,0.2769
5,336,4.5251,0.1269,9.9105,34.018,0.2769
5,337,4.1619,0.1629,9.8932,34.064,0.2771
5,338,4.2638,0.2640,10.4388,33.920,0.2769
5,339,3.9440,0.2758,9.8262,34.021,0.2760
5,340,3.8415,0.2331,10.1914,34.250,0.2756
5,341,4.1529,0.1717,9.5855,34.062,0.2756
5,342,4.1381,0.0058,10.1740,33.918,0.2759
5,343,4.0556,0.0221,10.0739,34.160,0.2771
5,344,4.1687,0.1929,10.5631,34.155,0.2774
5,345,3.9023,0.0000,10.0653,34.068,0.2766
5,346,4.0297,0.0529,9.8183,33.940,0.2756
5,347,3.7575,0.0000,10.5442,33.922,0.2757
5,348,4.1076,0.0817,10.2207,33.901,0.2770
5,349,4.0563,0.0000,10.2142,34.018,0.2775
5,350,4.2802,0.2755,10.4737,34.109,0.2769
5,351,3.9953,0.1037,9.8686,33.971,0.2759
5,352,4.1606,0.0744,9.8850,34.163,0.2751
5,353,4.2530,0.0648,10.2550,34.132,0.2758
5,354,3.9468,0.0600,9.4993,34.078,0.2770
5,355,3.8399,0.0000,10.5656,34.046,0.2770
5,356,4.1464,0.0000,10.2631,34.009,0.2759
5,357,4.1591,0.1380,9.7362,33.722,0.2759
5,358,4.3177,0.0000,9.8091,33.858,0.2760
5,359,4.3326,0.0292,10.4258,33.859,0.2756
5,360,4.1123,0.2018,9.5305,34.011,0.2762
5,361,4.1393,0.0623,10.2577,34.223,0.2767
5,362,4.0740,0.1407,10.0835,34.132,0.2768
5,363,4.1626,0.3748,10.1000,33.940,0.2763
5,364,4.1721,0.3984,10.1146,34.440,0.2762
5,365,4.1576,0.1920,10.0455,34.220,0.2767
5,366,4.1330,0.3551,10.4650,33.927,0.2768
5,367,3.8463,0.0049,10.0880,34.277,0.2762
5,368,4.1929,0.1368,10.3103,34.129,0.2754
5,369,4.0865,0.1939,10.3745,33.982,0.2759
5,370,4.0339,0.1723,10.0383,34.135,0.2767
5,371,4.1478,0.0000,9.9583,34.130,0.2769
5,372,4.2273,0.0267,9.7755,34.008,0.2767
5,373,4.0738,0.3668,10.0374,34.021,0.2760
5,374,4.1100,0.0571,9.8278,33.870,0.2759
5,375,4.3166,0.3251,10.2338,33.902,0.2765
5,376,4.0649,0.0000,9.7914,34.110,0.2767
5,377,4.0670,0.0000,10.7020,34.084,0.2767
5,378,4.0199,0.1917,10.3775,33.970,0.2764
5,379,3.7791,0.3044,9.8411,33.931,0.2757
5,380,4.3869,0.2504,10.1526,33.733,0.2759
5,381,4.2023,0.3139,9.9733,34.049,0.2764
5,382,3.9154,0.1809,9.9331,33.862,0.2764
5,383,4.0947,0.1698,10.5456,33.776,0.2766
5,384,4.3717,0.2108,10.5523,34.174,0.2770
5,385,4.0544,0.0830,10.1506,34.395,0.2774
5,386,4.2707,0.0766,10.0534,33.845,0.2776
5,387,4.3698,0.0000,9.9458,33.714,0.2774
5,388,4.1457,0.0664,10.2386,34.110,0.2772
5,389,3.9827,0.1186,10.2151,34.294,0.2770
5,390,4.5616,0.0000,9.7958,34.105,0.2767
5,391,4.6038,0.0882,10.2917,33.731,0.2767
5,392,4.8602,0.2392,10.9624,34.999,0.3151
5,393,4.8991,0.1629,11.2497,35.293,0.5261
5,394,5.2184,0.0434,12.3527,34.820,0.7072
5,395,5.2535,0.2224,11.9973,34.585,0.7263
5,396,5.4344,0.2900,12.7718,34.154,0.6510
5,397,5.7407,0.1346,13.9598,33.939,0.5886
5,398,6.5981,0.0192,14.6027,34.271,0.5817
5,399,5.9611,0.0267,13.7631,34.488,0.6043
6,0,7.8908,0.3535,18.2352,33.997,0.5929
6,1,8.5622,0.2861,17.3077,33.875,0.5937
6,2,7.8149,0.1769,18.6386,33.835,0.5950
6,3,7.8170,0.1800,18.2103,33.960,0.5953
6,4,7.7115,0.0000,18.0764,33.805,0.5946
6,5,7.8882,0.0905,17.4932,33.917,0.5936
6,6,7.8508,0.0000,17.7493,33.881,0.5935
6,7,7.6824,0.0000,18.6490,34.003,0.5937
6,8,7.5316,0.0000,16.9146,33.931,0.5939
6,9,7.5395,0.1457,18.5707,34.126,0.5938
6,10,7.3566,0.0000,17.7393,34.112,0.5941
6,11,7.6264,0.1231,18.2166,34.196,0.5940
6,12,7.8500,0.0000,18.5399,33.951,0.5924
6,13,7.5382,0.0198,17.8369,33.763,0.5914
6,14,7.4584,0.2662,19.0339,34.053,0.5923
6,15,7.2708,0.2713,17.9188,34.037,0.5931
6,16,7.7826,0.0093,18.0578,33.996,0.5924
6,17,7.3638,0.4029,17.8544,33.817,0.5915
6,18,6.8257,0.0552,18.2978,33.851,0.5905
6,19,7.2458,0.0000,17.6427,34.209,0.5908
6,20,7.6591,0.0000,17.8446,33.867,0.5963
6,21,6.8926,0.1600,19.2180,33.974,0.6166
6,22,7.2924,0.4197,17.2504,33.925,0.6310
6,23,8.1520,0.0751,19.0286,33.981,0.6301
6,24,7.2197,0.0860,18.0784,33.985,0.6233
6,25,7.6842,0.1560,18.4029,33.826,0.6187
6,26,8.0144,0.3354,19.1355,33.815,0.6194
6,27,7.3343,0.2890,18.3807,33.989,0.6211
6,28,6.8854,0.0000,18.1035,33.938,0.6204
6,29,7.5158,0.0231,18.2487,34.197,0.6198
6,30,8.2120,0.0000,18.7194,33.821,0.6199
6,31,7.5355,0.0886,19.1356,34.079,0.6199
6,32,7.5783,0.0130,19.2182,34.226,0.6207
6,33,7.7383,0.1003,19.4151,33.960,0.6210
6,34,7.2827,0.1575,18.0626,32.789,0.5746
6,35,6.8942,0.0000,16.8125,32.690,0.3570
6,36,6.6164,0.0000,16.9406,33.079,0.1967
6,37,6.0051,0.3347,15.3579,33.696,0.2027
6,38,5.9104,0.0113,15.9974,34.200,0.2815
6,39,6.0655,0.0717,14.5193,33.654,0.3298
6,40,5.5248,0.0021,15.9321,33.698,0.3273
6,41,6.1173,0.2641,14.4733,33.971,0.3063
6,42,5.4836,0.0000,14.2940,33.946,0.2962
6,43,5.5043,0.1303,14.2058,34.076,0.3004
6,44,5.3116,0.2460,13.1735,33.858,0.3077
6,45,5.7912,0.0000,13.6506,33.726,0.3106
6,46,5.5879,0.0389,13.2933,34.068,0.3100
6,47,5.7173,0.1180,13.2451,35.217,0.3505
6,48,6.1883,0.1855,13.9912,35.532,0.5714
6,49,5.8141,0.3610,15.4644,34.925,0.7552
6,50,6.2757,0.1617,16.1110,34.181,0.7698
6,51,6.0893,0.2120,15.7691,34.057,0.6884
6,52,6.9798,0.0934,14.8449,33.842,0.6237
6,53,6.8701,0.2916,16.5960,34.175,0.6179
6,54,7.4000,0.1947,16.4116,34.479,0.6434
6,55,8.3617,0.0410,17.8162,33.983,0.6607
6,56,7.1923,0.1473,16.1805,34.340,0.6584
6,57,7.2738,0.2399,17.1624,34.270,0.6472
6,58,7.4339,0.0342,18.4245,34.066,0.6403
6,59,7.3663,0.4450,17.3015,34.099,0.6403
6,60,7.2747,0.1025,18.0746,34.148,0.6425
6,61,7.3988,0.4213,17.1546,33.813,0.6438
6,62,7.9136,0.1458,17.5617,33.924,0.6432
6,63,7.9271,0.1499,18.3945,33.940,0.6428
6,64,8.1391,0.2822,18.6956,34.072,0.6425
6,65,8.0550,0.3408,18.0634,34.404,0.6417
6,66,7.6338,0.0765,18.3775,33.973,0.6418
6,67,7.5917,0.2019,17.8797,33.961,0.6425
6,68,7.8611,0.3903,18.4301,33.973,0.6429
6,69,8.4946,0.1059,18.4281,34.048,0.6428
6,70,7.9913,0.0933,18.2037,33.990,0.6413
6,71,8.2015,0.2788,19.8773,33.828,0.6405
6,72,7.9165,0.1488,18.9998,33.836,0.6414
6,73,7.9964,0.0000,19.2782,33.745,0.6423
6,74,7.7994,0.2037,18.5877,34.245,0.6419
6,75,7.4822,0.0000,19.4258,33.993,0.6402
6,76,7.6685,0.3006,19.1393,34.236,0.6389
6,77,8.0204,0.2000,19.5733,34.222,0.6398
6,78,8.2205,0.1895,19.4173,34.199,0.6417
6,79,7.7935,0.4826,18.4810,33.965,0.6421
6,80,7.7301,0.3230,20.3191,33.888,0.6414
6,81,7.8863,0.1507,18.5294,34.083,0.6414
6,82,8.3709,0.4795,18.9693,34.133,0.6414
6,83,8.0170,0.4026,19.3778,33.945,0.6412
6,84,7.6620,0.2202,19.1794,34.056,0.6409
6,85,7.6043,0.3583,18.9283,33.892,0.6401
6,86,8.3137,0.3156,19.8586,33.958,0.6399
6,87,8.3851,0.2932,19.2997,33.958,0.6410
6,88,7.5265,0.0497,18.7907,34.036,0.6413
6,89,8.1130,0.0628,19.4713,33.929,0.6405
6,90,7.7300,0.2406,19.8505,33.889,0.6406
6,91,8.1827,0.0129,19.5130,33.949,0.6415
6,92,8.2454,0.2376,19.9933,33.954,0.6417
6,93,8.4631,0.2810,18.4341,33.725,0.6420
6,94,7.5452,0.0000,19.2748,34.032,0.6417
6,95,7.3100,0.2869,19.5487,34.296,0.6405
6,96,8.1681,0.0000,20.0908,34.020,0.6402
6,97,7.8442,0.4705,20.1560,34.172,0.6414
6,98,8.5278,0.0325,19.6582,34.118,0.6422
6,99,8.0037,0.1086,20.1166,33.991,0.6414
6,100,7.8119,0.0156,19.8080,34.037,0.6402
6,101,7.4637,0.0986,18.9125,33.824,0.6402
6,102,7.7604,0.0000,19.3362,33.773,0.6406
6,103,7.8591,0.2642,19.5240,34.015,0.6397
6,104,7.0726,0.2047,19.8897,34.094,0.6395
6,105,8.1912,0.0917,18.6309,34.028,0.6403
6,106,8.2677,0.0000,18.9537,33.989,0.6413
6,107,7.2594,0.0034,18.8662,33.967,0.6409
6,108,7.7424,0.1178,19.2581,34.093,0.6390
6,109,7.5233,0.0185,18.9964,34.091,0.6383
6,110,7.9856,0.0000,19.6131,33.889,0.6401
6,111,7.8154,0.3139,19.7086,33.945,0.6424
6,112,7.9088,0.0900,19.4155,34.138,0.6422
6,113,7.9075,0.0000,19.7346,34.079,0.6404
6,114,7.6663,0.1877,19.3989,33.742,0.6397
6,115,8.1153,0.0473,20.3728,33.944,0.6407
6,116,8.2644,0.3344,18.5033,34.160,0.6414
6,117,8.0753,0.0000,19.6197,34.072,0.6409
6,118,7.7886,0.4012,18.6037,33.930,0.6413
6,119,8.0741,0.2962,19.7331,34.049,0.6417
6,120,8.0407,0.1382,19.5087,34.134,0.6416
6,121,8.3804,0.2274,18.7910,33.982,0.6427
6,122,7.9238,0.1300,19.4055,33.703,0.6432
6,123,9.1916,0.2967,19.1792,33.979,0.6431
6,124,9.7608,0.2292,19.9418,34.127,0.6428
6,125,8.3060,0.1045,19.3935,34.111,0.6430
6,126,8.9988,0.1405,20.1437,34.087,0.6443
6,127,8.2791,0.4416,19.5911,34.211,0.6453
6,128,8.8077,0.1835,18.9417,33.692,0.6444
6,129,8.2597,0.0000,19.9680,33.850,0.6425
6,130,8.6423,0.0000,19.8376,33.849,0.6413
6,131,8.3083,0.0929,19.0063,34.152,0.6420
6,132,9.2628,0.4039,18.8235,33.993,0.6441
6,133,8.3430,0.0000,19.4615,33.930,0.6448
6,134,8.3978,0.2837,20.1909,34.098,0.6436
6,135,8.9415,0.1459,19.3463,34.067,0.6421
6,136,8.2417,0.5575,19.2967,34.127,0.6416
6,137,7.9936,0.0000,19.3417,33.811,0.6412
6,138,8.6353,0.1221,18.7748,33.930,0.6410
6,139,8.0605,0.2810,20.1437,34.055,0.6411
6,140,8.1763,0.2320,18.2393,33.743,0.6407
6,141,8.3284,0.2819,18.3420,34.003,0.6401
6,142,7.9613,0.0343,18.8643,33.729,0.6408
6,143,7.7857,0.1201,19.1752,34.040,0.6422
6,144,8.0198,0.0000,19.4596,33.959,0.6426
6,145,8.1538,0.2549,20.6468,34.056,0.6416
6,146,8.4948,0.2919,19.0729,33.860,0.6401
6,147,8.1366,0.0043,19.4401,34.000,0.6410
6,148,8.2769,0.0851,19.0496,33.924,0.6422
6,149,8.3163,0.0000,19.1153,33.806,0.6420
6,150,8.0314,0.1826,20.0023,34.136,0.6421
6,151,8.1632,0.1172,20.2473,33.865,0.6414
6,152,7.7469,0.0000,20.6887,34.023,0.6399
6,153,8.4684,0.3931,19.5736,34.161,0.6401
6,154,7.4997,0.2443,19.2824,34.105,0.6416
6,155,7.8027,0.0125,19.6831,34.085,0.6416
6,156,8.0209,0.2445,19.2471,34.196,0.6406
6,157,7.7089,0.1523,19.7616,34.054,0.6399
6,158,8.3259,0.1912,18.8379,34.211,0.6402
6,159,7.6211,0.0202,19.1915,34.043,0.6415
6,160,8.1086,0.1782,19.6816,33.975,0.6426
6,161,8.9113,0.1596,19.7236,34.150,0.6420
6,162,7.6356,0.0702,19.4656,33.838,0.6403
6,163,7.6592,0.0000,18.8302,34.197,0.6395
6,164,8.1546,0.1233,19.0128,34.060,0.6404
6,165,7.8195,0.1965,19.1202,34.114,0.6415
6,166,7.9035,0.1256,19.1886,34.018,0.6410
6,167,7.9903,0.3666,19.2156,33.997,0.6404
6,168,7.7952,0.2865,19.6130,34.255,0.6407
6,169,8.2263,0.0089,20.0973,33.868,0.6413
6,170,8.3944,0.0000,20.4365,34.120,0.6424
6,171,8.2632,0.1791,18.7822,33.931,0.6431
6,172,8.3170,0.0000,19.0414,33.910,0.6424
6,173,7.5755,0.0782,19.1508,34.090,0.6418
6,174,8.3437,0.0252,19.5027,34.065,0.6419
6,175,8.2914,0.0000,20.0994,33.846,0.6424
6,176,8.1328,0.5112,19.1363,33.948,0.6420
6,177,8.7557,0.0349,18.8892,34.130,0.6414
6,178,8.5650,0.3409,19.0347,33.805,0.6413
6,179,7.5534,0.0370,19.5529,34.391,0.6404
6,180,7.7836,0.0000,20.1154,33.986,0.6396
6,181,7.9227,0.4881,18.5724,34.084,0.6400
6,182,8.7046,0.2041,19.3062,33.601,0.6421
6,183,7.7886,0.0000,19.1654,34.100,0.6433
6,184,7.6151,0.0000,20.2475,33.990,0.6422
6,185,7.9947,0.0239,20.1062,33.983,0.6407
6,186,7.9807,0.2936,19.3888,34.112,0.6409
6,187,8.5245,0.1785,19.6161,34.150,0.6419
6,188,8.0056,0.2538,20.4809,33.814,0.6431
6,189,7.9861,0.0000,19.1046,33.992,0.6438
6,190,7.8942,0.0000,20.1869,34.090,0.6420
6,191,7.9139,0.2399,19.0559,34.197,0.6410
6,192,8.2938,0.4011,19.7187,34.219,0.6420
6,193,8.8653,0.0341,20.3237,34.050,0.6423
6,194,8.6773,0.4337,20.9177,34.196,0.6428
6,195,8.1127,0.0000,18.6163,33.849,0.6433
6,196,8.6562,0.0791,18.7128,34.062,0.6435
6,197,8.6175,0.2279,18.4318,34.244,0.6431
6,198,7.9719,0.5060,19.4261,34.185,0.6418
6,199,7.8069,0.0000,20.8318,34.170,0.6403
6,200,8.0119,0.0000,19.5782,34.195,0.6403
6,201,8.2731,0.1524,20.7993,34.100,0.6425
6,202,9.1146,0.1499,18.1314,33.952,0.6439
6,203,8.5924,0.2483,19.8706,34.230,0.6431
6,204,8.2294,0.0183,19.2240,34.020,0.6415
6,205,8.3367,0.3221,19.8964,34.105,0.6408
6,206,8.5796,0.1599,20.4283,33.876,0.6410
6,207,8.4454,0.0000,19.3515,34.042,0.6414
6,208,8.4698,0.0000,18.6569,33.973,0.6426
6,209,9.1909,0.1868,19.2580,33.900,0.6433
6,210,7.6098,0.0000,18.2971,33.906,0.6344
6,211,7.9843,0.0926,19.6945,33.924,0.5910
6,212,8.0735,0.1347,18.8793,34.130,0.5577
6,213,8.0275,0.1846,19.4964,33.791,0.5583
6,214,8.0274,0.0746,19.6981,34.885,0.6131
6,215,8.1098,0.2245,19.2225,35.287,0.8168
6,216,8.7051,0.2592,19.8849,34.542,0.9728
6,217,9.0063,0.1264,22.1849,34.349,0.9772
6,218,8.7023,0.2523,22.2972,34.328,0.9006
6,219,9.3772,0.2732,21.0808,34.045,0.8437
6,220,9.4241,0.2381,22.1876,33.901,0.8394
6,221,9.6353,0.3833,22.4085,33.870,0.8623
6,222,9.4191,0.1893,23.1095,34.087,0.8781
6,223,9.4935,0.3973,23.1542,34.078,0.8762
6,224,9.4633,0.2296,22.2282,33.956,0.8666
6,225,9.7183,0.1529,24.3494,34.238,0.8599
6,226,9.3184,0.1185,22.9412,34.073,0.8592
6,227,9.8260,0.5054,23.9842,34.225,0.8612
6,228,10.4245,0.1196,23.3610,33.942,0.8642
6,229,9.7816,0.1399,22.9218,34.098,0.8635
6,230,9.5614,0.1816,23.8054,33.844,0.8601
6,231,9.8898,0.3834,24.5288,33.906,0.8597
6,232,10.4045,0.1875,24.1368,34.222,0.8612
6,233,9.7249,0.1353,23.6281,34.213,0.8623
6,234,9.8803,0.2579,25.0027,34.031,0.8619
6,235,11.2778,0.1811,23.5531,33.949,0.8613
6,236,10.5353,0.4900,26.4463,34.138,0.8615
6,237,9.7466,0.3790,25.0832,34.213,0.8629
6,238,10.2597,0.0416,23.3026,33.735,0.8639
6,239,10.5212,0.2126,25.2667,33.827,0.8635
6,240,10.6635,0.2721,24.0329,34.036,0.8626
6,241,10.8932,0.1303,24.1217,34.271,0.8617
6,242,10.6390,0.0094,23.8979,34.142,0.8621
6,243,10.4575,0.2088,24.6976,34.027,0.8629
6,244,11.1952,0.1578,24.2758,33.949,0.8627
6,245,9.2229,0.1539,24.5193,33.926,0.8627
6,246,10.5555,0.4767,24.9223,34.019,0.8624
6,247,9.8460,0.2244,24.0118,34.024,0.8614
6,248,10.3310,0.3854,25.6884,33.730,0.8610
6,249,10.3185,0.5326,24.7160,33.945,0.8609
6,250,10.2431,0.3871,23.6536,33.878,0.8606
6,251,10.0248,0.1202,24.3573,34.052,0.8610
6,252,10.4255,0.4507,24.7778,34.036,0.8617
6,253,9.5887,0.3594,24.7342,33.974,0.8612
6,254,10.3228,0.3245,24.5724,33.944,0.8614
6,255,10.1771,0.4892,24.5631,34.052,0.8618
6,256,9.8307,0.4277,25.0686,34.262,0.8625
6,257,10.3754,0.1852,24.9849,34.132,0.8627
6,258,10.3237,0.2881,25.2444,34.067,0.8625
6,259,10.6916,0.1796,25.5367,33.899,0.8619
6,260,10.1949,0.1446,26.7448,34.324,0.8605
6,261,10.3455,0.2866,24.9246,33.957,0.8608
6,262,10.7684,0.3288,25.6389,33.901,0.8619
6,263,10.4961,0.3117,24.8933,34.008,0.8616
6,264,11.1133,0.2022,24.5078,33.921,0.8613
6,265,10.6886,0.1993,23.8643,34.089,0.8607
6,266,11.0252,0.0000,24.5663,33.878,0.8607
6,267,10.2888,0.1469,24.9402,34.064,0.8636
6,268,9.8942,0.3322,26.3249,33.769,0.8650
6,269,10.2103,0.3500,25.1909,33.903,0.8637
6,270,10.2277,0.2192,24.7294,33.483,0.8624
6,271,10.1644,0.4047,24.6337,34.105,0.8605
6,272,10.0730,0.4040,24.5880,33.974,0.8597
6,273,10.0838,0.1263,24.8104,34.198,0.8600
6,274,9.4440,0.0600,24.5759,33.936,0.8605
6,275,9.6429,0.1626,24.3106,33.879,0.8600
6,276,9.5373,0.1241,24.3491,33.484,0.8277
6,277,9.2712,0.3066,23.2139,32.908,0.6659
6,278,8.9621,0.0775,23.9158,33.082,0.5394
6,279,9.2533,0.1920,23.4851,33.895,0.5412
6,280,9.4327,0.0000,21.9800,34.046,0.6124
6,281,8.8037,0.2549,23.4899,34.019,0.6938
6,282,8.6953,0.1073,22.2681,34.058,0.7235
6,283,8.7468,0.2717,22.1991,33.648,0.7050
6,284,8.6933,0.0000,23.6833,33.793,0.6791
6,285,8.9275,0.1989,21.7099,34.132,0.6703
6,286,8.6189,0.2919,21.1057,33.972,0.6787
6,287,8.5889,0.4437,22.8039,33.717,0.6897
6,288,8.8382,0.2508,23.9156,33.925,0.6924
6,289,8.6350,0.5853,21.0913,33.893,0.6882
6,290,8.4047,0.0000,21.2336,34.003,0.6839
6,291,8.1619,0.1697,20.9076,33.961,0.6833
6,292,8.4386,0.4946,20.7428,34.126,0.6855
6,293,8.0895,0.0762,21.4617,33.958,0.6863
6,294,9.3008,0.2183,21.6721,34.208,0.6857
6,295,8.2053,0.0000,21.9638,33.953,0.6857
6,296,8.7204,0.0830,21.9620,33.861,0.6857
6,297,8.1448,0.0000,22.2292,34.135,0.6853
6,298,8.3779,0.0791,20.6404,33.893,0.6847
6,299,7.8597,0.0552,19.9968,33.866,0.6837
6,300,8.1375,0.1132,20.6892,33.763,0.6844
6,301,7.9878,0.3215,19.8970,34.008,0.6864
6,302,8.3653,0.0817,21.5309,34.233,0.6853
6,303,8.3315,0.2786,21.1605,34.306,0.6819
6,304,7.5679,0.2617,20.0541,33.918,0.6812
6,305,7.7432,0.2136,20.3859,34.200,0.6836
6,306,7.6993,0.0000,19.9510,33.951,0.6847
6,307,8.6769,0.4547,20.4687,34.133,0.6843
6,308,8.3266,0.2306,20.9360,33.992,0.6835
6,309,7.6657,0.0000,20.8425,33.967,0.6841
6,310,7.9729,0.0068,20.5180,33.942,0.6852
6,311,7.8927,0.2577,20.6967,34.142,0.6859
6,312,8.0750,0.1503,20.6733,33.990,0.6867
6,313,8.3952,0.1328,20.5074,34.194,0.6855
6,314,7.8945,0.0000,20.3023,34.040,0.6844
6,315,8.5078,0.0827,20.4974,33.945,0.6855
6,316,8.1310,0.1300,21.1218,34.031,0.6868
6,317,8.9437,0.0000,19.9757,33.855,0.6870
6,318,8.2260,0.0495,20.0583,33.726,0.6863
6,319,9.0792,0.1720,21.1936,34.040,0.6863
6,320,8.5568,0.0000,19.8677,33.826,0.6869
6,321,8.9438,0.1311,20.8323,34.094,0.6877
6,322,9.1624,0.0000,20.7112,33.928,0.6883
6,323,9.2869,0.0329,20.2959,34.278,0.6888
6,324,9.9814,0.0656,20.5731,34.019,0.6898
6,325,9.4931,0.1855,20.8697,33.914,0.6900
6,326,8.9677,0.2699,21.2977,34.102,0.6882
6,327,8.5670,0.0000,20.6437,33.996,0.6869
6,328,8.5669,0.1258,21.2534,34.275,0.6864
6,329,8.5720,0.2190,20.4799,34.111,0.6861
6,330,8.9078,0.0000,19.6401,34.099,0.6870
6,331,8.7558,0.1953,21.1263,33.981,0.6883
6,332,9.2546,0.1385,20.3015,34.281,0.6884
6,333,8.9643,0.2461,20.5855,33.980,0.6872
6,334,8.7531,0.1324,21.0133,34.017,0.6864
6,335,8.6338,0.0000,21.1032,34.156,0.6857
6,336,8.0301,0.3331,20.0827,34.212,0.6857
6,337,8.3106,0.3196,20.6990,33.692,0.6866
6,338,8.5232,0.2497,20.4918,33.840,0.6863
6,339,8.7712,0.2505,21.1038,34.128,0.6852
6,340,8.5840,0.2505,21.3235,33.973,0.6841
6,341,8.3097,0.0000,19.7139,34.099,0.6848
6,342,8.7592,0.2396,20.2477,33.843,0.6828
6,343,8.4233,0.0000,20.1876,33.932,0.6707
6,344,8.1082,0.0946,19.7431,33.948,0.6620
6,345,8.4274,0.1141,20.2662,33.877,0.6621
6,346,8.6034,0.5268,20.3424,34.056,0.6656
6,347,8.1665,0.3688,20.3864,34.169,0.6677
6,348,8.1016,0.0635,20.7901,34.056,0.6686
6,349,8.4879,0.1322,20.6984,34.078,0.6681
6,350,8.2144,0.3748,20.3550,34.098,0.6670
6,351,8.1074,0.0346,21.6829,34.043,0.6665
6,352,7.8627,0.2837,21.3716,34.160,0.6663
6,353,8.6261,0.2858,20.9024,33.994,0.6664
6,354,9.0575,0.1558,20.6028,34.022,0.6672
6,355,7.8579,0.3410,19.6036,34.142,0.6688
6,356,7.9315,0.0000,20.3691,34.208,0.6687
6,357,8.4813,0.2149,19.5832,33.968,0.6669
6,358,7.7257,0.1907,20.3495,34.170,0.6652
6,359,7.7708,0.1247,19.8548,33.942,0.6654
6,360,7.9809,0.2687,21.0318,34.323,0.6673
6,361,8.4997,0.1419,20.0107,34.152,0.6682
6,362,8.1566,0.0000,19.8055,33.864,0.6685
6,363,8.8238,0.0194,20.1131,34.198,0.6694
6,364,8.4648,0.4716,19.5945,33.935,0.6694
6,365,8.2198,0.0836,20.4215,34.088,0.6682
6,366,8.0507,0.1316,20.6731,34.028,0.6671
6,367,8.2594,0.0894,20.9938,34.149,0.6664
6,368,7.9784,0.2921,20.2155,34.025,0.6676
6,369,8.5199,0.2449,19.2165,33.932,0.6684
6,370,8.0713,0.0000,20.4670,33.982,0.6673
6,371,7.7420,0.2264,20.6021,34.202,0.6668
6,372,8.6098,0.1573,21.3725,33.942,0.6667
6,373,8.3914,0.3538,20.5455,33.598,0.6671
6,374,8.2285,0.0953,19.8047,34.003,0.6688
6,375,8.7042,0.0053,20.2921,33.811,0.6697
6,376,8.6117,0.1932,20.7330,33.798,0.6684
6,377,9.2477,0.4946,19.9574,33.824,0.6670
6,378,8.9724,0.0000,20.8201,33.778,0.6669
6,379,7.6057,0.3030,20.1216,34.197,0.6674
6,380,8.0915,0.1268,19.9310,33.680,0.6666
6,381,8.6671,0.0000,20.1832,33.691,0.6666
6,382,8.2160,0.1857,20.3020,34.040,0.6685
6,383,8.1955,0.2334,20.7576,33.964,0.6692
6,384,8.8288,0.1724,19.8020,33.917,0.6681
6,385,8.4285,0.0708,19.9109,34.162,0.6681
6,386,8.6890,0.3110,20.4282,33.940,0.6685
6,387,8.4847,0.2077,19.7195,34.088,0.6681
6,388,8.3235,0.0142,19.9044,34.030,0.6679
6,389,8.1169,0.2497,19.2595,34.092,0.6675
6,390,8.9899,0.1324,19.8659,34.506,0.6806
6,391,9.0068,0.1917,20.3852,34.303,0.7467
6,392,8.1103,0.3441,20.2085,34.300,0.7998
6,393,8.4337,0.0000,22.0414,34.022,0.8017
6,394,8.8253,0.0000,20.5346,33.745,0.7758
6,395,9.4152,0.0303,21.3090,33.849,0.7572
6,396,8.8478,0.2429,21.2399,34.020,0.7568
6,397,9.4541,0.0197,21.0408,34.213,0.7649
6,398,9.4078,0.2198,20.3151,34.088,0.7690
6,399,8.7883,0.0504,21.0275,34.099,0.7678
7,0,7.6922,0.2454,19.2738,34.044,0.5707
7,1,7.2557,0.0000,18.1504,34.080,0.5694
7,2,7.1689,0.0000,17.2189,34.161,0.5687
7,3,7.6366,0.1848,18.0243,33.828,0.5684
7,4,7.1743,0.1133,17.8895,34.187,0.5686
7,5,7.2950,0.5564,18.3623,33.987,0.5695
7,6,6.9466,0.2370,17.9641,34.262,0.5696
7,7,7.4926,0.1538,18.7205,34.339,0.5691
7,8,6.8998,0.1849,17.1841,34.138,0.5701
7,9,6.9121,0.3606,17.7424,34.023,0.5712
7,10,7.3056,0.1652,17.8638,33.596,0.5706
7,11,7.4178,0.0552,18.1080,33.928,0.5695
7,12,6.9603,0.0000,18.0300,33.981,0.5689
7,13,7.0396,0.1353,17.7277,33.918,0.5694
7,14,7.0759,0.0195,17.2417,34.148,0.5758
7,15,7.3525,0.4005,17.6884,34.221,0.6039
7,16,7.2396,0.0000,18.1941,34.090,0.6259
7,17,7.2029,0.1157,18.7290,34.173,0.6254
7,18,6.8177,0.1592,18.2247,34.304,0.6135
7,19,6.8586,0.1155,17.0607,33.895,0.6057
7,20,7.5309,0.0000,17.8509,34.238,0.6065
7,21,7.2635,0.3298,18.7123,34.070,0.6105
7,22,7.3708,0.2596,18.0445,34.243,0.6126
7,23,7.8226,0.0830,18.6007,34.188,0.6121
7,24,7.5519,0.0500,19.0207,33.895,0.6112
7,25,7.6565,0.0843,18.8867,33.976,0.6104
7,26,7.9619,0.2029,18.4591,34.011,0.6091
7,27,7.5345,0.0000,18.0254,34.147,0.6100
7,28,7.3518,0.0000,18.3093,33.826,0.6117
7,29,7.5235,0.5155,19.0783,33.945,0.6116
7,30,7.6179,0.2793,18.2593,33.954,0.6104
7,31,8.1003,0.4784,17.7915,33.833,0.6097
7,32,7.4128,0.2238,19.9272,34.015,0.6095
7,33,7.5302,0.0283,18.5662,34.096,0.6093
7,34,7.5518,0.0456,18.8755,33.984,0.6091
7,35,7.1533,0.3370,19.3796,33.906,0.6088
7,36,8.2992,0.0573,19.8687,34.262,0.6086
7,37,8.0190,0.3416,19.1561,33.599,0.6090
7,38,7.7708,0.3183,17.9981,33.940,0.6098
7,39,7.8029,0.3287,19.0170,34.374,0.6097
7,40,7.6414,0.1206,19.1511,33.984,0.6092
7,41,7.3310,0.5033,19.2737,34.298,0.6101
7,42,7.7153,0.0000,19.4696,34.106,0.6106
7,43,7.5704,0.3953,19.0180,34.171,0.6106
7,44,8.0687,0.0154,18.0088,34.100,0.6108
7,45,7.3407,0.0608,19.6528,34.192,0.6103
7,46,7.4542,0.0956,17.9839,34.025,0.6104
7,47,7.3608,0.0729,19.3957,33.793,0.6103
7,48,7.8946,0.1529,17.7552,33.990,0.6088
7,49,7.6276,0.2146,18.3713,34.163,0.6081
7,50,8.0081,0.1143,17.8915,33.918,0.6096
7,51,7.8291,0.1696,18.4082,34.003,0.6111
7,52,7.3801,0.0310,19.2549,34.114,0.6108
7,53,7.6394,0.2970,18.9931,33.874,0.6092
7,54,7.5048,0.0774,17.3228,33.932,0.6085
7,55,7.6873,0.1183,18.0422,33.772,0.6099
7,56,7.9493,0.1971,18.3278,34.054,0.6115
7,57,8.0242,0.1723,19.1779,34.291,0.6111
7,58,7.7842,0.4759,19.2815,33.869,0.6096
7,59,8.7847,0.3475,17.8728,34.123,0.6093
7,60,7.6638,0.2196,18.3733,34.064,0.6108
7,61,7.4402,0.0000,19.1742,33.820,0.6114
7,62,7.5876,0.3808,18.5213,34.127,0.6112
7,63,7.6797,0.0000,18.8893,33.731,0.6111
7,64,7.6126,0.2501,17.5384,34.048,0.6100
7,65,8.0447,0.0951,19.4043,33.860,0.6092
7,66,7.2971,0.2037,19.1436,33.796,0.6091
7,67,7.6845,0.1395,18.5151,34.059,0.6095
7,68,7.9916,0.2310,18.5809,34.176,0.6100
7,69,7.4737,0.1137,17.9233,34.103,0.6110
7,70,7.8753,0.2009,18.5201,34.122,0.6112
7,71,8.2299,0.0000,17.9738,33.780,0.6098
7,72,8.0017,0.2218,18.0946,33.971,0.6095
7,73,8.1736,0.1193,18.2404,33.776,0.6105
7,74,8.1145,0.2046,19.6602,33.980,0.6115
7,75,7.9917,0.0609,19.1123,33.769,0.6116
7,76,7.7843,0.1225,17.9360,33.696,0.6111
7,77,7.5788,0.0898,18.6026,34.096,0.6102
7,78,7.8130,0.1016,17.3473,33.865,0.6098
7,79,8.4181,0.0000,18.1390,33.998,0.6103
7,80,8.0382,0.0495,17.7904,34.070,0.6114
7,81,7.7318,0.0878,19.0626,33.957,0.6115
7,82,7.8589,0.0000,18.2087,34.184,0.6094
7,83,7.6176,0.0217,18.6953,33.978,0.6081
7,84,7.3589,0.1496,18.8182,34.216,0.6090
7,85,7.5625,0.0601,19.3128,33.911,0.6105
7,86,7.7975,0.1716,19.0073,33.876,0.6112
7,87,7.8066,0.1360,18.7030,33.947,0.6107
7,88,7.9139,0.3645,18.9565,34.041,0.6104
7,89,7.9228,0.0153,18.0496,34.014,0.6100
7,90,7.7093,0.3340,18.5799,33.928,0.6092
7,91,7.3382,0.0135,19.3596,34.031,0.6088
7,92,7.8707,0.0000,18.4376,34.074,0.6085
7,93,7.3082,0.3613,18.8027,33.972,0.6084
7,94,7.5125,0.1477,18.4246,34.126,0.6095
7,95,7.4656,0.2772,18.7443,34.060,0.6096
7,96,7.1156,0.0732,18.5448,34.056,0.6086
7,97,7.2689,0.1952,18.8082,34.053,0.6083
7,98,7.4853,0.0582,18.3581,34.217,0.6090
7,99,7.5574,0.1111,18.3902,33.774,0.6093
7,100,7.5823,0.2734,19.0081,33.955,0.6091
7,101,7.4303,0.2966,17.7458,33.840,0.6104
7,102,7.6257,0.2506,18.7582,33.946,0.6115
7,103,7.6172,0.2685,19.2157,34.326,0.6105
7,104,7.5140,0.2642,18.1677,33.987,0.6099
7,105,8.4965,0.0905,18.7322,33.935,0.6102
7,106,7.6263,0.3910,18.5228,34.154,0.6108
7,107,7.5669,0.1602,18.8445,33.944,0.6128
7,108,7.6540,0.2180,18.2753,33.999,0.6180
7,109,7.7963,0.2702,19.1274,34.020,0.6206
7,110,7.7539,0.1873,17.8015,33.881,0.6202
7,111,8.4067,0.1538,18.4980,34.018,0.6189
7,112,7.7920,0.0493,18.6874,34.103,0.6189
7,113,8.0429,0.0108,18.6714,34.014,0.6197
7,114,7.6805,0.0000,18.9275,34.220,0.6195
7,115,7.5998,0.0284,18.5016,33.925,0.6182
7,116,8.0711,0.0000,17.9678,34.233,0.6180
7,117,8.2952,0.0000,19.2709,33.989,0.6188
7,118,8.1154,0.3022,19.3637,33.857,0.6187
7,119,8.0672,0.0777,18.4812,33.807,0.6188
7,120,8.2340,0.0392,18.6787,34.081,0.6194
7,121,8.2324,0.1476,18.4309,34.200,0.6195
7,122,8.2353,0.1603,18.7886,34.024,0.6195
7,123,8.3252,0.3329,20.0468,33.963,0.6198
7,124,8.3603,0.0738,19.1034,33.931,0.6246
7,125,7.2958,0.2038,19.8361,34.144,0.6472
7,126,8.5437,0.2164,18.6267,33.846,0.6631
7,127,7.9970,0.1405,18.8497,34.179,0.6617
7,128,8.0985,0.2331,18.5943,33.988,0.6535
7,129,7.6646,0.0240,19.3013,34.154,0.6486
7,130,7.8134,0.0000,19.6765,33.829,0.6495
7,131,7.4081,0.1018,18.9451,34.162,0.6518
7,132,8.0426,0.3059,18.9450,34.120,0.6532
7,133,8.3188,0.0077,20.1087,34.207,0.6537
7,134,7.6451,0.2041,19.1870,34.060,0.6529
7,135,8.3437,0.0724,18.8171,34.089,0.6513
7,136,7.5120,0.0936,18.4395,34.180,0.6500
7,137,7.8293,0.0555,19.3554,33.758,0.6502
7,138,8.4220,0.3486,20.1076,33.652,0.6511
7,139,8.6160,0.1419,19.9773,34.229,0.6516
7,140,9.0200,0.3060,19.7157,33.712,0.6515
7,141,8.6457,0.0000,19.4806,33.883,0.6518
7,142,9.1380,0.0000,19.3329,34.207,0.6518
7,143,8.5517,0.0000,19.8037,33.802,0.6518
7,144,8.1521,0.1425,18.5946,33.933,0.6524
7,145,9.0898,0.1245,18.8684,33.797,0.6530
7,146,8.9372,0.0000,19.2401,34.072,0.6534
7,147,8.7102,0.3820,20.0639,34.036,0.6531
7,148,8.2981,0.0171,18.4197,34.034,0.6522
7,149,8.8220,0.4771,18.7432,34.140,0.6514
7,150,8.5653,0.0627,19.3536,34.149,0.6520
7,151,9.2492,0.1447,19.9801,33.900,0.6527
7,152,8.7079,0.1219,20.3275,34.030,0.6521
7,153,8.0018,0.1630,19.3511,33.982,0.6510
7,154,8.0777,0.0000,19.7175,34.258,0.6502
7,155,8.2915,0.1088,18.7244,33.780,0.6507
7,156,8.3156,0.2916,20.4010,33.960,0.6517
7,157,8.4332,0.0000,19.1723,33.850,0.6508
7,158,9.0718,0.0000,19.2855,33.911,0.6496
7,159,7.8643,0.1993,18.9694,33.763,0.6502
7,160,7.9649,0.1800,19.7096,33.995,0.6514
7,161,7.9723,0.1163,19.5720,33.861,0.6510
7,162,8.2244,0.2596,19.8337,33.896,0.6499
7,163,8.3256,0.0291,18.3950,33.891,0.6497
7,164,7.6475,0.2883,19.7893,33.860,0.6506
7,165,8.0647,0.3402,19.2983,34.113,0.6515
7,166,7.7289,0.1247,19.2870,33.923,0.6513
7,167,8.0538,0.2430,19.6068,33.961,0.6506
7,168,7.9727,0.1273,19.7411,33.990,0.6502
7,169,7.7616,0.3530,19.1803,34.122,0.6498
7,170,7.9326,0.0516,19.2820,33.709,0.6500
7,171,8.3128,0.0000,18.3185,34.321,0.6504
7,172,8.1036,0.0345,18.6533,34.112,0.6508
7,173,8.2350,0.1099,19.4369,33.867,0.6516
7,174,7.7335,0.0000,19.1855,33.807,0.6512
7,175,8.6260,0.2578,20.2840,34.020,0.6501
7,176,7.7119,0.2982,19.7632,34.072,0.6511
7,177,9.0105,0.0000,19.3787,34.070,0.6533
7,178,8.7902,0.1614,20.2003,34.056,0.6539
7,179,8.7617,0.3215,19.2587,34.146,0.6526
7,180,8.0198,0.4971,20.2242,34.134,0.6509
7,181,8.2890,0.1421,19.6948,34.110,0.6501
7,182,8.0751,0.3230,20.5704,33.848,0.6507
7,183,8.2312,0.0837,19.9073,33.998,0.6516
7,184,8.5688,0.3583,19.6345,33.925,0.6522
7,185,8.0158,0.0137,20.0099,33.815,0.6519
7,186,8.1002,0.1551,19.7888,33.855,0.6502
7,187,8.5415,0.0000,19.7688,34.203,0.6499
7,188,8.5996,0.0769,20.2808,34.047,0.6510
7,189,8.3872,0.1909,19.4081,33.943,0.6523
7,190,8.0623,0.3011,19.2280,34.085,0.6532
7,191,7.7125,0.1694,20.0604,33.878,0.6529
7,192,8.1681,0.0678,19.1793,34.224,0.6523
7,193,8.5004,0.2426,20.7386,34.214,0.6525
7,194,8.3741,0.1682,20.6226,34.136,0.6530
7,195,8.9577,0.2711,18.9137,33.852,0.6536
7,196,7.7747,0.0000,19.5788,33.995,0.6535
7,197,7.8409,0.3768,19.5353,33.766,0.6520
7,198,7.9737,0.1024,18.6399,33.917,0.6509
7,199,8.7890,0.0978,19.5135,33.896,0.6518
7,200,9.3448,0.1117,18.8032,34.036,0.6528
7,201,8.6559,0.0000,19.4472,34.000,0.6531
7,202,8.3356,0.0000,18.9754,33.651,0.6526
7,203,8.0516,0.1199,19.1001,33.934,0.6512
7,204,8.6930,0.1871,19.0287,33.968,0.6497
7,205,8.4856,0.0000,19.6541,34.105,0.6506
7,206,8.0630,0.1121,19.2709,33.631,0.6529
7,207,8.3462,0.4947,19.7526,33.819,0.6534
7,208,8.3646,0.4946,20.4060,34.337,0.6531
7,209,8.4352,0.0578,19.1505,33.878,0.6524
7,210,8.6179,0.0629,20.7087,33.745,0.6513
7,211,8.5677,0.3685,19.4504,34.220,0.6508
7,212,8.3113,0.0000,19.7798,34.142,0.6516
7,213,8.7085,0.1571,18.5177,33.832,0.6531
7,214,8.0210,0.1283,19.6512,33.907,0.6527
7,215,8.3822,0.1329,19.5942,33.963,0.6504
7,216,8.2223,0.0325,19.8947,33.956,0.6500
7,217,8.5599,0.0891,20.6531,33.844,0.6507
7,218,8.3218,0.0000,20.6015,33.830,0.6516
7,219,8.0672,0.0000,20.8745,33.920,0.6529
7,220,7.6111,0.0508,19.5080,34.120,0.6531
7,221,8.6457,0.2710,19.1391,33.942,0.6524
7,222,8.5182,0.3140,20.3977,33.626,0.6517
7,223,7.8810,0.0334,19.6113,33.943,0.6512
7,224,7.7172,0.0000,21.2734,34.108,0.6506
7,225,8.4028,0.0385,19.1434,33.801,0.6501
7,226,8.5634,0.1484,19.5791,34.062,0.6503
7,227,8.3900,0.1352,20.1414,33.885,0.6504
7,228,8.2619,0.0000,19.3149,33.946,0.6507
7,229,8.4206,0.1934,19.4778,34.038,0.6515
7,230,8.2966,0.0371,18.9291,34.057,0.6516
7,231,8.3189,0.1976,19.9365,34.057,0.6508
7,232,8.3731,0.1201,19.7906,33.935,0.6498
7,233,7.7650,0.0000,18.5330,33.692,0.6490
7,234,8.3112,0.5319,19.4848,33.810,0.6483
7,235,8.7958,0.2818,20.0911,34.076,0.6487
7,236,7.6276,0.0800,19.4749,34.049,0.6499
7,237,7.9979,0.1795,19.2764,33.862,0.6496
7,238,8.4986,0.2793,20.7368,34.024,0.6475
7,239,8.0910,0.1451,19.2263,34.136,0.6474
7,240,8.3214,0.1258,20.0812,34.238,0.6494
7,241,8.2567,0.2003,18.5550,34.174,0.6508
7,242,8.2264,0.1066,19.2192,33.948,0.6511
7,243,8.3666,0.3602,19.8133,33.943,0.6504
7,244,9.1135,0.3821,19.7849,33.828,0.6491
7,245,9.5010,0.4000,18.8857,34.208,0.6493
7,246,8.8845,0.3116,19.6769,33.803,0.6507
7,247,9.0669,0.1292,19.2848,34.078,0.6510
7,248,8.6605,0.3350,19.5689,34.159,0.6504
7,249,8.6393,0.3037,20.4930,33.920,0.6497
7,250,8.6819,0.1706,20.4740,33.988,0.6489
7,251,7.9382,0.2843,19.5121,33.961,0.6491
7,252,8.5345,0.0196,19.4935,34.124,0.6497
7,253,8.9006,0.2164,19.6222,33.943,0.6499
7,254,8.5644,0.2807,19.9490,34.066,0.6505
7,255,8.4969,0.1884,18.8595,33.950,0.6502
7,256,8.6668,0.0000,19.8508,33.781,0.6496
7,257,8.7578,0.4513,20.7508,34.060,0.6497
7,258,7.6474,0.0730,19.9314,33.917,0.6500
7,259,8.2919,0.3104,20.1996,34.177,0.6506
7,260,8.4909,0.0203,18.9357,33.952,0.6508
7,261,8.7223,0.0864,19.9195,34.036,0.6508
7,262,8.2066,0.0602,19.4958,33.968,0.6506
7,263,8.5428,0.0958,20.0221,34.078,0.6500
7,264,8.8181,0.0000,20.6141,34.125,0.6490
7,265,9.0631,0.0991,19.4863,34.040,0.6492
7,266,8.5833,0.3386,20.7252,34.057,0.6502
7,267,9.0698,0.3549,19.4805,34.045,0.6508
7,268,8.6254,0.0000,19.2773,33.962,0.6506
7,269,7.7847,0.2738,20.5333,33.966,0.6502
7,270,7.8932,0.1977,20.0931,33.780,0.6502
7,271,7.7791,0.3687,19.7461,33.998,0.6504
7,272,8.3249,0.0919,19.8863,33.962,0.6499
7,273,8.2717,0.0548,19.9568,33.878,0.6487
7,274,8.1853,0.0000,20.9883,34.012,0.6476
7,275,8.1237,0.1989,19.7036,33.919,0.6477
7,276,8.4852,0.1906,20.0077,34.077,0.6485
7,277,7.8845,0.2741,19.0760,34.099,0.6495
7,278,7.9135,0.0889,19.7477,34.053,0.6498
7,279,8.6707,0.3966,18.8214,34.127,0.6495
7,280,8.2578,0.0469,19.4170,33.665,0.6499
7,281,8.4266,0.3339,19.7562,34.093,0.6490
7,282,8.0236,0.0742,20.1697,34.035,0.6474
7,283,8.1463,0.0775,18.9357,33.757,0.6479
7,284,8.3254,0.2656,19.3245,34.161,0.6492
7,285,7.1704,0.1000,19.2707,33.924,0.6496
7,286,8.5076,0.1080,19.6407,34.208,0.6492
7,287,7.8022,0.1406,19.8864,34.000,0.6474
7,288,7.8121,0.3788,20.0269,34.058,0.6470
7,289,8.3641,0.1641,19.0982,33.872,0.6492
7,290,7.7857,0.0935,20.3472,34.236,0.6510
7,291,8.5651,0.2168,19.8036,34.025,0.6503
7,292,8.0467,0.0000,19.9177,34.350,0.6495
7,293,8.4856,0.3632,19.5655,33.827,0.6498
7,294,8.4654,0.0000,19.5550,34.103,0.6497
7,295,8.8477,0.1857,19.6787,34.122,0.6502
7,296,8.9990,0.2175,21.1019,33.839,0.6510
7,297,8.2461,0.1372,19.9948,33.815,0.6513
7,298,8.3235,0.0416,20.6264,33.835,0.6510
7,299,9.2987,0.4870,19.9418,34.014,0.6508
7,300,8.8522,0.1519,18.9559,33.896,0.6512
7,301,8.9088,0.0521,19.4275,33.829,0.6511
7,302,8.0126,0.0192,20.0391,34.092,0.6503
7,303,8.2512,0.1642,19.0566,34.078,0.6504
7,304,8.9261,0.1763,21.7908,34.030,0.6506
7,305,8.9789,0.0000,20.1044,34.175,0.6506
7,306,8.1547,0.3901,19.0759,34.178,0.6506
7,307,8.3562,0.1797,19.2054,34.101,0.6502
7,308,8.3583,0.1060,20.7848,33.808,0.6492
7,309,8.4664,0.0797,19.5526,33.960,0.6486
7,310,8.8875,0.2791,19.6074,33.978,0.6493
7,311,8.6145,0.0639,19.4674,34.177,0.6498
7,312,8.1342,0.4396,19.1954,33.812,0.6498
7,313,8.3491,0.0825,20.1155,33.919,0.6500
7,314,8.4638,0.3127,19.7437,33.726,0.6497
7,315,7.3840,0.0000,20.1175,34.229,0.6490
7,316,8.3132,0.0563,19.2436,34.025,0.6478
7,317,8.2721,0.2669,19.2657,33.879,0.6479
7,318,7.6662,0.0092,19.8828,33.936,0.6496
7,319,8.4701,0.1379,20.0372,33.996,0.6498
7,320,7.5373,0.0151,19.7997,33.806,0.6488
7,321,8.0787,0.0488,19.3452,33.940,0.6492
7,322,8.4433,0.2976,19.7744,34.365,0.6505
7,323,8.1359,0.1598,19.4081,33.897,0.6511
7,324,8.7467,0.0033,19.5006,34.149,0.6501
7,325,7.9484,0.1987,19.7184,34.033,0.6491
7,326,8.4824,0.1407,19.8607,34.144,0.6489
7,327,8.1769,0.4097,19.8062,34.007,0.6491
7,328,8.2369,0.3576,19.3177,34.212,0.6491
7,329,8.8208,0.3149,20.9772,34.069,0.6501
7,330,8.3936,0.2528,19.8497,33.967,0.6512
7,331,8.1734,0.1663,19.6400,33.890,0.6502
7,332,8.6758,0.0000,20.2932,33.900,0.6487
7,333,8.1744,0.1129,19.9874,33.950,0.6484
7,334,8.1008,0.1058,20.1793,33.878,0.6481
7,335,7.8442,0.0393,19.5005,33.876,0.6482
7,336,7.5682,0.3276,19.4989,34.132,0.6488
7,337,7.9793,0.2198,19.7668,33.827,0.6487
7,338,8.6784,0.1304,19.7864,34.037,0.6492
7,339,8.7327,0.0085,19.9647,34.073,0.6497
7,340,8.0855,0.1335,19.3340,33.876,0.6483
7,341,7.8622,0.0000,20.0127,34.148,0.6475
7,342,8.2180,0.2987,18.5688,34.039,0.6482
7,343,7.8091,0.1028,20.2484,34.120,0.6475
7,344,8.1512,0.0878,19.2123,33.987,0.6459
7,345,7.7345,0.3607,18.9616,33.947,0.6464
7,346,8.0964,0.2906,20.9533,34.177,0.6493
7,347,8.0999,0.5376,19.1365,34.404,0.6504
7,348,7.8515,0.6160,20.0349,34.004,0.6493
7,349,8.0793,0.2515,19.4474,33.792,0.6478
7,350,8.0229,0.0172,20.1845,34.205,0.6472
7,351,8.2542,0.3577,19.6086,33.809,0.6478
7,352,8.3327,0.3761,19.0696,33.790,0.6489
7,353,8.3730,0.0628,20.3565,34.098,0.6493
7,354,8.3477,0.1932,20.7514,33.989,0.6494
7,355,7.6192,0.2439,19.4163,33.960,0.6493
7,356,8.3278,0.1965,19.2929,34.185,0.6488
7,357,8.0615,0.2393,19.3382,33.671,0.6349
7,358,8.3701,0.0582,19.0610,33.491,0.5665
7,359,8.2764,0.0000,19.4302,33.766,0.5136
7,360,7.7332,0.0000,19.3435,33.999,0.5146
7,361,7.7857,0.1331,18.2492,33.994,0.5408
7,362,7.6751,0.1973,18.9127,33.759,0.5573
7,363,7.8582,0.0389,18.2058,33.622,0.5558
7,364,7.2848,0.2910,17.7414,33.906,0.5479
7,365,7.7475,0.1729,18.2628,33.755,0.5457
7,366,7.5251,0.3384,17.4752,34.057,0.5486
7,367,7.4810,0.0000,18.2661,34.154,0.5512
7,368,7.3317,0.0000,17.5486,33.689,0.5514
7,369,7.4523,0.1743,17.1188,34.019,0.5504
7,370,6.8777,0.0000,18.8077,34.055,0.5499
7,371,7.4262,0.0281,17.6479,33.998,0.5499
7,372,7.2989,0.3744,17.4072,34.050,0.5507
7,373,6.9234,0.2756,18.1339,33.672,0.5514
7,374,7.3834,0.2011,17.0692,33.842,0.5513
7,375,7.5418,0.4965,16.5897,34.120,0.5512
7,376,7.7406,0.1172,17.3025,34.064,0.5512
7,377,7.7596,0.2736,18.1960,33.812,0.5516
7,378,7.3802,0.5348,18.2370,34.107,0.5517
7,379,7.1938,0.0988,17.1311,34.018,0.5510
7,380,7.2393,0.0000,18.0019,33.953,0.5504
7,381,7.4054,0.3504,17.3684,34.132,0.5505
7,382,6.8535,0.0000,16.2470,34.015,0.5505
7,383,7.2461,0.0393,16.6587,33.648,0.5502
7,384,7.1903,0.0000,17.7611,33.933,0.5502
7,385,6.3027,0.1262,17.0239,34.010,0.5498
7,386,6.9425,0.1884,17.4313,33.763,0.5495
7,387,6.5966,0.1814,17.2384,33.779,0.5483
7,388,6.6918,0.0647,17.4865,33.758,0.5396
7,389,7.3026,0.1956,17.0296,34.099,0.5325
7,390,7.3115,0.0000,17.5621,33.856,0.5327
7,391,7.8275,0.2054,17.3541,33.835,0.5364
7,392,6.8053,0.0000,17.0144,34.051,0.5388
7,393,6.8834,0.4288,17.8620,34.029,0.5388
7,394,7.3341,0.0000,17.3966,34.031,0.5369
7,395,7.3667,0.0188,16.8790,33.941,0.5357
7,396,6.8878,0.1251,16.3650,33.873,0.5360
7,397,7.2171,0.2876,17.2476,34.099,0.5366
7,398,7.2200,0.0000,17.6643,33.805,0.5371
7,399,7.1327,0.0506,16.2630,34.261,0.5376
8,0,4.3334,0.0000,10.5989,33.862,0.2898
8,1,4.6223,0.1842,10.3248,34.147,0.2895
8,2,4.5594,0.0000,10.1240,33.968,0.2893
8,3,4.2928,0.0314,10.8041,33.798,0.2898
8,4,4.3149,0.3890,10.2337,34.113,0.2907
8,5,4.3243,0.0000,10.1389,34.271,0.2913
8,6,4.2507,0.0000,10.9210,34.003,0.2911
8,7,4.3101,0.0000,9.9416,34.214,0.2900
8,8,4.1494,0.1706,10.7756,34.068,0.2900
8,9,4.4625,0.0533,10.5727,33.680,0.2914
8,10,4.6132,0.0000,10.4112,33.834,0.2914
8,11,4.7286,0.1740,9.9511,33.978,0.2905
8,12,4.2545,0.1271,10.7853,34.102,0.2905
8,13,4.4217,0.2830,10.5737,33.981,0.2909
8,14,4.4816,0.0000,10.7198,33.961,0.2912
8,15,4.4604,0.0363,10.8546,34.091,0.2906
8,16,4.5109,0.0000,10.4812,34.262,0.2902
8,17,4.2285,0.0000,10.2484,34.192,0.2908
8,18,4.3371,0.1199,11.1768,34.095,0.2906
8,19,4.0979,0.1990,10.6442,34.125,0.2895
8,20,4.2337,0.5047,10.7304,33.705,0.2892
8,21,4.5015,0.0000,10.6559,34.400,0.2898
8,22,4.4132,0.0000,10.1675,33.888,0.2907
8,23,4.2903,0.2056,10.5597,34.260,0.2914
8,24,4.4970,0.0000,10.2636,33.920,0.2909
8,25,4.6037,0.1744,10.4169,33.820,0.2899
8,26,4.1435,0.2865,10.6210,33.966,0.2896
8,27,4.5360,0.0545,10.1479,33.847,0.2900
8,28,4.3237,0.2705,10.0267,34.133,0.2900
8,29,4.3557,0.0000,10.2515,33.972,0.2902
8,30,3.9578,0.0000,10.0932,34.117,0.2909
8,31,4.3188,0.0947,10.1029,34.212,0.2903
8,32,4.4261,0.1096,10.9193,33.888,0.2897
8,33,4.2527,0.2309,10.6611,33.961,0.2900
8,34,4.1747,0.0000,10.1383,33.927,0.2905
8,35,4.1273,0.0000,10.3278,34.173,0.2902
8,36,4.3205,0.2009,10.7460,34.074,0.2902
8,37,4.1864,0.0000,10.4133,34.174,0.2910
8,38,4.2777,0.1778,10.0540,33.846,0.2909
8,39,4.2881,0.2290,10.5160,34.343,0.2902
8,40,4.6307,0.3283,9.9662,34.028,0.2902
8,41,4.2164,0.2674,10.8903,33.895,0.2903
8,42,4.0977,0.0406,10.6829,33.890,0.2903
8,43,4.4771,0.0000,10.6087,34.032,0.2906
8,44,4.1659,0.0000,10.6211,34.184,0.2905
8,45,4.2333,0.1215,10.3828,33.782,0.2897
8,46,4.4455,0.1039,10.2586,33.856,0.2896
8,47,4.2629,0.0000,10.5352,33.946,0.2901
8,48,4.6428,0.1280,10.7547,33.960,0.2904
8,49,4.3868,0.3109,10.3217,33.741,0.2907
8,50,4.2848,0.0986,10.1999,33.818,0.2908
8,51,4.3725,0.0758,10.2293,34.064,0.2905
8,52,4.8397,0.0000,10.9346,33.713,0.2900
8,53,4.4086,0.1368,9.8072,34.045,0.2901
8,54,4.6054,0.0000,9.9763,33.995,0.2908
8,55,4.4325,0.0504,10.8058,33.878,0.2904
8,56,4.9313,0.3046,10.9323,35.005,0.3266
8,57,4.8005,0.0000,11.0197,35.395,0.5374
8,58,5.0920,0.2801,12.2765,34.881,0.7236
8,59,5.9873,0.1511,12.8205,34.381,0.7441
8,60,6.0048,0.1232,13.5527,34.239,0.6650
8,61,5.9103,0.2377,13.9807,33.839,0.5998
8,62,6.4171,0.1591,13.0668,34.027,0.5915
8,63,6.5677,0.1110,14.7042,34.220,0.6134
8,64,6.3983,0.0000,15.2546,34.063,0.6293
8,65,6.3676,0.2118,15.4432,33.982,0.6279
8,66,7.2457,0.0923,16.3307,34.073,0.6197
8,67,7.1917,0.1013,16.9626,33.949,0.6137
8,68,7.0360,0.3313,16.9745,33.989,0.6140
8,69,7.2555,0.0433,16.2396,33.983,0.6163
8,70,7.2471,0.0860,16.2776,34.039,0.6168
8,71,7.4044,0.1195,17.6567,34.200,0.6171
8,72,7.8162,0.0000,16.3205,34.349,0.6169
8,73,8.0825,0.3747,17.6218,33.878,0.6162
8,74,7.3706,0.1170,18.1435,34.028,0.6159
8,75,7.4620,0.2083,18.0479,34.004,0.6156
8,76,7.7696,0.0406,18.1656,33.953,0.6150
8,77,7.9273,0.2822,17.8318,34.080,0.6145
8,78,8.1328,0.1677,17.5666,33.943,0.6152
8,79,7.8796,0.4731,18.9160,34.014,0.6159
8,80,8.0864,0.3842,17.6288,33.821,0.6158
8,81,6.9014,0.0000,17.8457,34.064,0.6150
8,82,8.0213,0.3065,18.9211,33.648,0.6143
8,83,7.9634,0.1445,19.0261,34.039,0.6146
8,84,8.0484,0.3010,17.7189,33.967,0.6150
8,85,7.8716,0.0482,17.9997,34.179,0.6147
8,86,7.6719,0.1914,18.3144,33.967,0.6148
8,87,7.5385,0.1448,17.9033,34.074,0.6153
8,88,7.8952,0.0333,19.5676,33.802,0.6151
8,89,7.8373,0.1703,18.1042,33.595,0.6146
8,90,7.3517,0.0864,18.3031,33.867,0.6140
8,91,7.1257,0.1102,19.0040,33.975,0.6135
8,92,7.6633,0.2518,18.7814,34.042,0.6141
8,93,7.8195,0.1150,18.7626,34.003,0.6149
8,94,7.9236,0.2614,18.9844,33.999,0.6160
8,95,8.0992,0.0234,18.6968,34.096,0.6170
8,96,8.1863,0.3120,18.2772,34.141,0.6159
8,97,7.5599,0.1896,20.4231,34.047,0.6139
8,98,7.2398,0.1714,17.8983,34.238,0.6130
8,99,7.9661,0.4047,18.9149,34.043,0.6137
8,100,7.9753,0.0000,18.4604,33.927,0.6165
8,101,7.9595,0.1166,19.3449,34.053,0.6173
8,102,7.8869,0.1123,19.0988,34.141,0.6148
8,103,8.2232,0.2488,19.2781,34.205,0.6127
8,104,7.9959,0.0508,19.2140,34.026,0.6136
8,105,8.2159,0.1206,18.7523,33.948,0.6165
8,106,7.8062,0.2663,17.8048,34.285,0.6165
8,107,7.7914,0.3165,18.6654,33.912,0.6138
8,108,7.7854,0.3072,19.8461,33.615,0.6127
8,109,7.4929,0.0907,19.1951,33.888,0.6137
8,110,7.8164,0.1439,18.3915,34.225,0.6160
8,111,7.8321,0.0000,19.1411,33.929,0.6174
8,112,8.0878,0.0978,18.4038,34.354,0.6165
8,113,7.1515,0.1530,18.0570,33.909,0.6150
8,114,7.7539,0.1905,18.0655,34.000,0.6148
8,115,8.4737,0.0085,18.5749,33.955,0.6149
8,116,8.0505,0.2114,17.3301,34.192,0.6150
8,117,8.1010,0.0000,18.4390,33.855,0.6157
8,118,8.1882,0.1500,19.2081,34.021,0.6158
8,119,7.8329,0.0992,19.5795,33.899,0.6150
8,120,7.6491,0.0627,19.1939,34.009,0.6145
8,121,7.6402,0.2474,19.0466,34.088,0.6150
8,122,7.6252,0.1949,19.6081,33.875,0.6158
8,123,8.0496,0.1870,18.7382,34.129,0.6153
8,124,7.8994,0.3543,19.0472,33.933,0.6149
8,125,7.7718,0.0000,19.9888,33.509,0.6154
8,126,8.7247,0.0000,18.0998,33.798,0.6144
8,127,7.5027,0.0000,19.4485,33.960,0.6130
8,128,7.7953,0.0347,19.3562,34.000,0.6135
8,129,8.2445,0.1026,17.8265,33.875,0.6149
8,130,7.9598,0.1416,18.4145,34.252,0.6182
8,131,7.4482,0.0750,19.3330,33.955,0.6276
8,132,7.6501,0.1286,18.8815,33.901,0.6339
8,133,8.4951,0.3388,19.3401,33.899,0.6330
8,134,7.5460,0.2305,19.0838,34.008,0.6293
8,135,7.9022,0.2205,19.3208,33.910,0.6277
8,136,8.2761,0.2198,18.6906,34.184,0.6284
8,137,7.6974,0.1460,18.5605,34.031,0.6285
8,138,7.3139,0.2249,18.6097,33.840,0.6264
8,139,6.8297,0.0684,18.4961,33.738,0.6058
8,140,7.4029,0.0000,18.3177,33.750,0.5293
8,141,8.0763,0.2394,18.3247,34.214,0.5450
8,142,7.2529,0.0436,18.4685,34.591,0.6139
8,143,7.6695,0.3241,17.8688,34.045,0.6499
8,144,7.6156,0.3799,18.6853,33.997,0.6399
8,145,7.5493,0.2521,18.8147,33.701,0.6165
8,146,7.4043,0.3343,19.3866,34.154,0.6068
8,147,7.9993,0.0000,18.6138,34.048,0.6115
8,148,7.8083,0.4787,19.4225,34.030,0.6182
8,149,7.5584,0.2795,18.2402,33.886,0.6237
8,150,7.2911,0.0483,18.7569,34.165,0.6369
8,151,7.7785,0.0000,19.5318,34.072,0.6458
8,152,7.9767,0.4190,17.9647,33.723,0.6456
8,153,7.7677,0.0390,19.6096,33.904,0.6412
8,154,7.1429,0.0668,20.2060,34.163,0.6383
8,155,8.0153,0.1017,19.8869,34.040,0.6374
8,156,7.6641,0.1249,17.8335,34.083,0.6378
8,157,7.3248,0.2291,19.2378,34.608,0.6387
8,158,7.4773,0.2258,19.0725,34.108,0.6394
8,159,7.6168,0.1639,19.0742,33.844,0.6397
8,160,8.0576,0.0373,19.3386,34.002,0.6397
8,161,7.7826,0.2896,19.4495,34.005,0.6394
8,162,7.6651,0.0734,18.9104,33.872,0.6383
8,163,8.1554,0.0698,19.4804,33.877,0.6376
8,164,8.1399,0.0000,18.6710,34.270,0.6378
8,165,7.8577,0.2258,18.4503,34.192,0.6378
8,166,7.8135,0.2953,21.0271,34.144,0.6379
8,167,7.8304,0.1034,19.2352,33.852,0.6383
8,168,8.2277,0.3546,19.4425,34.000,0.6392
8,169,7.7665,0.0000,19.3953,34.057,0.6402
8,170,7.9596,0.2445,18.4840,33.961,0.6405
8,171,7.5218,0.2460,19.6734,33.983,0.6397
8,172,7.5743,0.1483,19.8890,34.017,0.6375
8,173,7.8877,0.1618,18.0531,34.035,0.6372
8,174,8.0098,0.0000,19.2633,33.785,0.6388
8,175,8.1886,0.0000,19.9198,33.834,0.6387
8,176,7.9011,0.1564,19.4551,33.967,0.6381
8,177,7.8703,0.0761,19.6046,34.142,0.6385
8,178,8.4736,0.0355,18.9274,33.794,0.6396
8,179,8.2568,0.0849,19.1124,34.212,0.6396
8,180,7.8910,0.0000,19.6930,34.202,0.6379
8,181,7.5124,0.0777,18.6703,34.059,0.6372
8,182,7.9430,0.3038,19.9585,34.024,0.6376
8,183,8.1692,0.1128,18.9862,33.974,0.6381
8,184,7.7517,0.0655,18.9802,33.966,0.6402
8,185,7.6144,0.2626,18.8144,33.863,0.6414
8,186,8.5931,0.0000,18.9541,34.011,0.6390
8,187,7.7182,0.0000,19.3140,34.105,0.6367
8,188,8.3002,0.2856,19.3297,33.909,0.6375
8,189,8.2811,0.0000,18.9857,33.972,0.6389
8,190,7.9009,0.1122,19.6601,34.044,0.6394
8,191,7.9700,0.2075,18.9121,33.987,0.6387
8,192,8.2677,0.2320,18.7036,34.104,0.6382
8,193,7.4023,0.1700,19.9289,34.045,0.6378
8,194,7.6884,0.2936,20.2377,34.026,0.6369
8,195,7.6606,0.4368,19.7484,34.119,0.6373
8,196,7.7793,0.0000,19.5790,33.725,0.6388
8,197,7.5726,0.1427,18.4149,34.105,0.6393
8,198,7.6628,0.0000,20.0269,34.170,0.6385
8,199,7.7783,0.0933,20.3900,33.963,0.6377
8,200,7.5026,0.2362,18.4363,33.978,0.6369
8,201,7.4621,0.2696,18.8891,34.290,0.6373
8,202,7.9637,0.1395,18.7349,34.010,0.6393
8,203,7.5100,0.1852,19.4753,34.013,0.6404
8,204,8.3531,0.6057,18.7704,33.988,0.6395
8,205,8.1441,0.2215,20.0732,33.984,0.6379
8,206,7.8042,0.0000,20.2905,33.887,0.6380
8,207,8.4007,0.2369,19.2384,33.982,0.6405
8,208,7.8097,0.0000,19.5326,33.801,0.6411
8,209,7.8930,0.0000,18.4873,34.335,0.6393
8,210,7.9030,0.3362,18.5531,34.085,0.6385
8,211,8.5038,0.1466,19.2201,33.964,0.6388
8,212,7.8409,0.1238,19.1693,33.889,0.6397
8,213,7.8249,0.2023,18.7382,34.091,0.6394
8,214,8.4149,0.0964,20.0424,33.914,0.6384
8,215,7.3235,0.1344,18.6325,34.104,0.6388
8,216,8.7569,0.0000,18.3404,33.970,0.6385
8,217,8.3400,0.4192,20.2552,34.161,0.6378
8,218,7.8191,0.2610,19.9751,33.905,0.6389
8,219,8.2531,0.1410,19.3122,34.082,0.6397
8,220,8.4125,0.0000,18.9035,33.792,0.6391
8,221,7.9320,0.0885,19.4210,33.905,0.6393
8,222,8.1565,0.0962,20.6449,34.021,0.6399
8,223,8.5256,0.1951,19.7257,33.839,0.6410
8,224,9.1704,0.0515,18.3310,34.265,0.6416
8,225,9.0242,0.2818,20.6014,34.137,0.6411
8,226,9.2986,0.0989,19.1019,33.875,0.6404
8,227,8.3147,0.1187,19.0109,34.137,0.6405
8,228,8.9363,0.4827,19.4022,33.942,0.6411
8,229,8.0395,0.1964,19.2887,34.037,0.6412
8,230,8.0339,0.3060,21.2805,34.013,0.6407
8,231,8.5969,0.0000,19.7593,34.014,0.6402
8,232,8.5499,0.4335,19.7075,33.883,0.6397
8,233,8.0380,0.1135,19.4833,33.912,0.6397
8,234,8.2735,0.1526,18.3336,33.837,0.6399
8,235,8.5664,0.0000,18.9475,33.847,0.6400
8,236,8.6981,0.1494,20.0525,34.355,0.6409
8,237,8.4939,0.0000,19.8012,34.213,0.6422
8,238,8.3207,0.2472,19.9646,33.778,0.6361
8,239,8.2983,0.1455,18.8052,33.603,0.6061
8,240,8.0867,0.1556,19.8701,33.921,0.5835
8,241,7.7002,0.0000,18.4786,33.934,0.5830
8,242,8.3596,0.2453,18.8307,34.030,0.5934
8,243,7.9275,0.0000,19.4794,34.169,0.6137
8,244,8.1523,0.2809,18.9469,34.360,0.6775
8,245,8.0813,0.1638,19.1814,34.585,0.7237
8,246,8.4035,0.1782,19.7750,34.001,0.7214
8,247,8.0021,0.1220,19.3422,33.903,0.6968
8,248,8.2721,0.0197,18.8630,34.085,0.6813
8,249,7.9774,0.1963,20.2678,34.039,0.6825
8,250,7.7766,0.1284,19.6844,34.359,0.6897
8,251,7.9215,0.0976,20.3629,33.993,0.6925
8,252,8.5125,0.0807,20.0311,34.114,0.6906
8,253,8.9171,0.2372,20.7955,34.012,0.6890
8,254,9.4395,0.3382,19.2356,34.213,0.6891
8,255,8.3825,0.1619,20.2498,33.908,0.6894
8,256,8.5845,0.2719,20.0719,33.901,0.6896
8,257,8.7830,0.3353,20.6044,34.015,0.6899
8,258,8.6691,0.3697,19.5501,34.113,0.6890
8,259,8.7087,0.2298,19.9470,33.932,0.6873
8,260,8.6868,0.1934,20.2233,34.164,0.6875
8,261,9.1016,0.1132,20.7476,33.893,0.6883
8,262,8.8698,0.1522,21.0469,34.211,0.6895
8,263,8.2383,0.0000,19.6338,33.864,0.6907
8,264,8.4849,0.1522,19.8873,34.178,0.6902
8,265,8.7078,0.0000,20.1693,34.059,0.6892
8,266,9.3546,0.1753,20.8370,34.096,0.6901
8,267,8.7701,0.1065,20.4613,34.147,0.6906
8,268,9.2731,0.2088,21.2651,34.032,0.6901
8,269,9.6915,0.0000,20.3117,33.912,0.6897
8,270,9.4556,0.0223,20.0684,34.143,0.6901
8,271,9.2425,0.0933,21.0538,33.940,0.6908
8,272,9.0463,0.0019,19.0797,34.316,0.6907
8,273,8.9399,0.0635,20.1865,34.078,0.6897
8,274,8.9218,0.2635,19.9770,34.097,0.6884
8,275,8.7524,0.1243,20.1610,33.787,0.6887
8,276,8.3490,0.1387,21.5048,33.963,0.6894
8,277,9.0524,0.4536,21.5307,34.034,0.6896
8,278,9.2187,0.3550,20.3987,34.073,0.6896
8,279,8.8322,0.2028,20.6000,33.857,0.6893
8,280,8.7659,0.4602,20.7703,34.173,0.6889
8,281,8.7517,0.0000,21.0590,33.963,0.6892
8,282,8.1786,0.0000,21.0177,34.353,0.6897
8,283,8.9455,0.0000,21.0152,33.979,0.6890
8,284,8.4573,0.2420,19.9042,33.786,0.6882
8,285,8.4581,0.0913,20.8128,33.922,0.6878
8,286,8.5428,0.0293,20.6590,34.035,0.6877
8,287,8.2268,0.2918,20.6247,33.769,0.6877
8,288,8.1378,0.1600,21.6080,33.834,0.6880
8,289,9.1187,0.0232,20.8540,33.867,0.6889
8,290,8.7520,0.0000,19.9913,33.785,0.6897
8,291,8.3717,0.0000,20.5299,34.146,0.6898
8,292,8.2672,0.2106,20.9001,33.886,0.6891
8,293,8.7893,0.2383,19.9128,33.811,0.6878
8,294,8.8686,0.1691,19.7589,33.999,0.6874
8,295,8.7025,0.0000,20.3714,34.376,0.6888
8,296,8.7183,0.0518,20.6307,34.240,0.6895
8,297,8.6524,0.1990,20.7619,34.267,0.6892
8,298,8.4470,0.0000,20.9690,34.090,0.6887
8,299,8.2958,0.0558,20.1489,34.033,0.6884
8,300,8.6473,0.0000,20.1484,33.827,0.6876
8,301,8.6862,0.0000,20.9314,33.996,0.6868
8,302,8.0673,0.0043,20.7116,34.196,0.6866
8,303,8.8917,0.1049,20.6321,33.927,0.6875
8,304,8.4658,0.1418,19.8902,34.075,0.6880
8,305,8.4948,0.2794,20.2242,33.969,0.6885
8,306,8.7642,0.0828,20.4294,33.863,0.6893
8,307,8.3874,0.0982,20.1854,34.187,0.6897
8,308,9.5994,0.0000,21.2441,34.042,0.6896
8,309,8.8695,0.1733,20.6980,33.888,0.6890
8,310,8.9370,0.2435,20.6646,33.971,0.6891
8,311,8.6668,0.0000,20.8303,33.970,0.6901
8,312,8.8663,0.0000,20.8873,34.063,0.6909
8,313,9.1547,0.0939,20.7315,33.835,0.6908
8,314,9.1507,0.0000,20.3341,34.284,0.6907
8,315,8.5123,0.1651,22.0060,34.331,0.6907
8,316,8.9532,0.0000,20.0148,34.014,0.6897
8,317,8.4979,0.0033,20.6059,33.684,0.6881
8,318,8.8430,0.0958,20.6111,33.993,0.6872
8,319,9.0477,0.1540,20.1629,33.835,0.6876
8,320,9.0113,0.0263,20.7458,33.769,0.6883
8,321,8.1399,0.3549,20.9182,33.905,0.6889
8,322,8.4795,0.1346,19.1922,34.025,0.6890
8,323,9.0384,0.1954,20.7988,33.804,0.6889
8,324,8.4769,0.2821,20.5475,34.029,0.6895
8,325,9.1568,0.0440,20.7955,34.108,0.6897
8,326,9.0966,0.0158,21.1476,34.035,0.6898
8,327,8.2096,0.0162,20.7389,33.967,0.6900
8,328,8.0330,0.0000,21.1477,34.022,0.6887
8,329,9.4825,0.1917,20.7824,34.051,0.6876
8,330,9.0752,0.2410,21.6285,34.047,0.6879
8,331,8.6328,0.1588,21.4012,34.287,0.6885
8,332,9.4415,0.1387,20.3626,33.923,0.6892
8,333,8.6351,0.3621,20.0908,34.062,0.6897
8,334,8.0752,0.0129,19.8564,34.045,0.6896
8,335,8.3922,0.1958,21.3482,33.712,0.6887
8,336,8.1611,0.2244,20.7393,33.829,0.6875
8,337,8.9331,0.2023,20.6958,33.563,0.6880
8,338,8.7590,0.0000,21.0472,34.025,0.6897
8,339,8.8900,0.0163,20.1839,34.132,0.6901
8,340,9.3199,0.1101,20.2419,33.923,0.6900
8,341,8.5823,0.1022,20.8553,33.814,0.6900
8,342,8.2057,0.1614,20.6953,33.798,0.6890
8,343,9.4668,0.1937,21.3976,34.109,0.6880
8,344,8.4415,0.3043,20.4388,34.117,0.6881
8,345,9.3383,0.0000,21.0910,34.061,0.6893
8,346,8.6555,0.1359,20.4305,34.102,0.6905
8,347,8.3328,0.1796,20.8197,34.007,0.6899
8,348,9.1060,0.2869,20.8952,34.296,0.6884
8,349,8.8854,0.4710,20.2917,33.864,0.6883
8,350,8.8327,0.0716,20.1084,33.888,0.6893
8,351,9.3706,0.0000,20.0402,34.087,0.6892
8,352,9.0354,0.0000,19.7627,33.923,0.6880
8,353,9.0315,0.3225,19.6136,34.069,0.6886
8,354,8.2374,0.0000,20.2974,33.758,0.6896
8,355,8.3669,0.1135,20.6026,34.115,0.6888
8,356,9.4440,0.0590,20.4212,33.806,0.6881
8,357,8.3297,0.3801,20.0895,33.931,0.6891
8,358,8.4488,0.2774,21.7740,33.870,0.6905
8,359,8.6234,0.2194,20.7300,34.083,0.6905
8,360,8.2979,0.1770,21.0652,34.016,0.6891
8,361,8.7841,0.1010,20.9473,33.810,0.6883
8,362,8.9356,0.0000,20.7390,34.074,0.6893
8,363,9.0491,0.0412,20.0987,33.962,0.6905
8,364,9.4793,0.0054,20.6942,34.112,0.6899
8,365,8.6916,0.0000,20.6735,33.950,0.6886
8,366,9.0352,0.1776,21.0864,34.127,0.6891
8,367,8.8329,0.5111,21.0241,33.606,0.6901
8,368,8.5632,0.0130,21.7630,34.172,0.6895
8,369,8.6598,0.0369,21.3485,34.232,0.6885
8,370,8.2431,0.1790,19.3608,33.934,0.6875
8,371,8.1001,0.1858,21.1588,33.931,0.6871
8,372,8.7001,0.0989,20.9596,34.204,0.6884
8,373,8.9043,0.2205,20.6236,34.131,0.6892
8,374,8.9574,0.1775,20.4428,33.941,0.6889
8,375,8.9467,0.1981,19.7369,34.042,0.6885
8,376,7.5711,0.0319,21.6834,33.955,0.6886
8,377,9.0078,0.1433,20.8853,34.193,0.6879
8,378,8.1812,0.1988,20.7732,34.401,0.6868
8,379,8.7716,0.0000,20.3799,34.147,0.6866
8,380,8.6047,0.0000,20.5690,33.766,0.6877
8,381,9.0704,0.0252,21.2572,33.936,0.6900
8,382,8.8826,0.2898,21.5239,33.994,0.6903
8,383,8.8931,0.0000,20.9893,33.974,0.6889
8,384,8.2065,0.2935,21.4571,34.058,0.6882
8,385,8.3354,0.2472,20.8413,33.834,0.6879
8,386,7.6613,0.2721,20.1422,34.045,0.6864
8,387,7.6291,0.1083,20.3883,34.175,0.6851
8,388,8.5403,0.1070,19.8534,33.898,0.6852
8,389,8.3567,0.0407,21.1798,33.823,0.6854
8,390,8.2034,0.2435,19.8705,33.817,0.6864
8,391,7.8580,0.3336,21.2985,34.283,0.6883
8,392,8.8501,0.3209,19.2574,34.032,0.6890
8,393,8.1542,0.3876,20.1137,33.678,0.6881
8,394,8.2176,0.2405,20.8959,33.808,0.6872
8,395,8.4167,0.2580,20.2571,33.860,0.6875
8,396,8.5108,0.3534,20.9894,33.961,0.6876
8,397,8.2433,0.1944,19.6996,33.654,0.6872
8,398,8.8435,0.0000,21.0458,34.004,0.6877
8,399,8.1843,0.4779,20.6022,34.041,0.6880
9,0,7.6809,0.2014,19.5817,33.877,0.6329
9,1,8.2179,0.0749,18.9227,34.073,0.6333
9,2,7.0150,0.1982,18.7620,33.975,0.6350
9,3,7.3417,0.0400,19.7786,32.971,0.5958
9,4,7.2438,0.2007,17.9634,32.615,0.3988
9,5,7.3114,0.1093,17.1258,33.207,0.2503
9,6,6.7417,0.0000,17.3921,33.619,0.2535
9,7,6.4848,0.1408,17.0864,33.784,0.3266
9,8,6.3464,0.1976,16.4458,33.646,0.3735
9,9,6.5070,0.1815,17.0239,33.826,0.3715
9,10,6.2533,0.0356,15.0980,33.830,0.3505
9,11,6.0706,0.0207,15.2675,33.962,0.3397
9,12,5.8600,0.0000,15.1570,33.990,0.3438
9,13,5.8901,0.0000,14.4284,33.956,0.3518
9,14,6.5581,0.0000,14.1029,33.788,0.3554
9,15,5.7227,0.2432,13.8352,33.902,0.3548
9,16,5.9544,0.1821,13.9364,34.259,0.3535
9,17,6.1149,0.1845,14.0613,33.893,0.3527
9,18,5.4718,0.0000,13.5340,34.054,0.3530
9,19,5.6826,0.1311,12.8026,33.838,0.3537
9,20,5.4065,0.0476,13.5544,33.964,0.3541
9,21,5.2115,0.2145,13.2710,33.851,0.3541
9,22,5.4221,0.0000,13.0868,34.261,0.3540
9,23,5.4501,0.3173,13.0344,33.916,0.3541
9,24,5.4612,0.0000,13.5799,33.974,0.3535
9,25,5.4014,0.1295,12.7952,34.193,0.3532
9,26,5.2609,0.1139,12.4815,33.856,0.3538
9,27,5.2510,0.0068,13.7515,33.785,0.3545
9,28,5.1721,0.0000,12.6088,33.774,0.3548
9,29,5.3015,0.2740,12.8179,33.940,0.3547
9,30,5.4407,0.0000,12.8568,34.227,0.3547
9,31,5.4103,0.1796,12.7807,33.711,0.3543
9,32,5.4733,0.0802,13.0963,34.072,0.3532
9,33,5.0958,0.1614,12.2096,33.989,0.3532
9,34,5.3876,0.2887,12.7653,33.988,0.3532
9,35,5.4150,0.2991,12.6591,34.018,0.3533
9,36,5.2536,0.0850,12.7742,33.971,0.3538
9,37,4.7984,0.0000,12.3437,34.037,0.3532
9,38,5.0841,0.1902,12.2101,33.903,0.3526
9,39,5.0102,0.0734,12.6552,33.868,0.3530
9,40,4.9147,0.1689,12.1800,34.176,0.3542
9,41,4.8534,0.1152,12.3493,34.039,0.3546
9,42,5.1976,0.0929,12.4166,33.825,0.3535
9,43,5.0610,0.2941,12.4954,34.073,0.3528
9,44,4.9097,0.3710,11.7429,34.097,0.3530
9,45,5.0280,0.1632,11.6233,33.936,0.3535
9,46,5.1495,0.1002,12.1656,33.857,0.3537
9,47,5.3115,0.0000,11.9630,33.957,0.3536
9,48,5.4397,0.2138,11.9235,33.988,0.3540
9,49,5.1755,0.0098,12.0159,34.238,0.3543
9,50,5.1122,0.0173,11.6452,34.045,0.3540
9,51,5.1748,0.0883,11.4186,34.098,0.3531
9,52,5.1219,0.4345,11.8257,34.153,0.3526
9,53,5.0435,0.0000,11.9372,33.988,0.3532
9,54,5.2593,0.0000,12.6954,34.117,0.3536
9,55,5.2874,0.2879,12.3225,33.886,0.3528
9,56,4.7518,0.0956,12.2290,33.972,0.3522
9,57,4.7620,0.0000,12.1020,33.799,0.3524
9,58,4.6678,0.0319,11.7630,33.981,0.3530
9,59,4.6325,0.2647,12.2109,33.908,0.3530
9,60,5.0525,0.1152,12.0031,33.811,0.3531
9,61,5.0695,0.1027,12.1004,33.916,0.3534
9,62,5.7748,0.1483,11.9326,34.884,0.3860
9,63,5.3038,0.4215,12.7735,35.399,0.5629
9,64,6.0600,0.0000,14.1168,34.658,0.7103
9,65,6.1025,0.1873,13.1939,34.109,0.7215
9,66,6.3700,0.3822,14.8323,34.225,0.6573
9,67,6.4512,0.1918,15.5460,34.106,0.6070
9,68,6.6970,0.3092,15.0174,33.805,0.6027
9,69,6.6386,0.3590,15.7160,34.242,0.6191
9,70,6.7905,0.1885,15.9042,33.988,0.6213
9,71,6.6900,0.1067,15.9357,33.946,0.6109
9,72,7.0732,0.1095,16.0808,34.201,0.6029
9,73,7.2057,0.1812,16.1298,34.208,0.6032
9,74,7.3571,0.1438,16.7109,34.252,0.6068
9,75,7.2683,0.1062,16.3442,33.986,0.6079
9,76,6.9819,0.0680,17.3556,34.030,0.6073
9,77,6.9307,0.0000,17.2762,34.057,0.6068
9,78,7.1674,0.1353,17.2306,33.942,0.6062
9,79,7.4968,0.1448,16.7345,33.999,0.6061
9,80,7.7913,0.0017,16.5676,33.902,0.6067
9,81,7.8639,0.1833,17.2800,34.197,0.6073
9,82,7.1404,0.0378,17.4866,33.906,0.6078
9,83,7.5914,0.0000,17.6713,34.050,0.6067
9,84,7.4600,0.0991,17.2334,34.025,0.6057
9,85,7.7085,0.1401,17.5991,33.766,0.6059
9,86,7.3037,0.2650,18.5137,34.027,0.6061
9,87,7.5552,0.2245,17.4973,34.066,0.6060
9,88,7.2321,0.3091,18.5970,34.056,0.6068
9,89,7.5177,0.0629,17.5330,33.995,0.6073
9,90,7.7085,0.1354,18.3576,33.809,0.6066
9,91,7.6636,0.1241,17.5479,33.824,0.6065
9,92,7.4058,0.0828,17.5146,34.087,0.6057
9,93,7.9885,0.0000,18.3216,33.851,0.6051
9,94,7.9453,0.3841,18.5801,33.899,0.6069
9,95,8.3871,0.1804,18.1863,33.855,0.6090
9,96,8.0742,0.1214,19.0621,34.032,0.6089
9,97,7.6166,0.1978,18.3801,34.152,0.6077
9,98,7.6696,0.1983,18.5269,34.134,0.6066
9,99,7.4521,0.0569,18.0521,33.928,0.6060
9,100,7.9851,0.1860,18.2308,34.095,0.6064
9,101,7.5904,0.2263,18.2715,34.019,0.6070
9,102,8.0865,0.2478,18.2383,33.928,0.6074
9,103,8.2789,0.3149,19.0871,34.295,0.6070
9,104,7.5842,0.4066,18.1032,34.011,0.6065
9,105,7.9570,0.3222,18.7191,34.050,0.6069
9,106,8.1398,0.0000,18.4577,33.752,0.6074
9,107,7.7182,0.0758,18.5266,34.086,0.6072
9,108,7.9881,0.1854,17.9977,33.823,0.6067
9,109,7.3760,0.0457,18.2561,33.955,0.6067
9,110,7.6534,0.1049,18.9397,34.108,0.6060
9,111,8.0388,0.2036,18.9404,33.923,0.6056
9,112,8.0335,0.1033,18.0808,33.949,0.6060
9,113,7.5456,0.2778,18.4302,34.153,0.6065
9,114,7.2568,0.0899,18.3297,33.965,0.6064
9,115,7.5779,0.1726,17.6123,34.079,0.6055
9,116,7.3095,0.0000,18.2616,34.192,0.6052
9,117,7.3937,0.2243,19.0699,33.847,0.6062
9,118,7.3166,0.2195,19.4144,33.628,0.6073
9,119,7.6333,0.0208,18.6430,34.143,0.6071
9,120,7.8479,0.0888,18.1927,34.051,0.6060
9,121,7.4614,0.0338,18.4027,33.817,0.6055
9,122,7.7502,0.3860,18.3713,33.847,0.6056
9,123,7.4941,0.0000,18.5302,33.964,0.6066
9,124,7.8349,0.3189,18.0429,33.767,0.6073
9,125,7.4285,0.1951,18.0157,33.984,0.6070
9,126,7.1769,0.1750,17.8352,34.092,0.6073
9,127,7.8354,0.0000,18.6964,33.816,0.6078
9,128,7.8511,0.0883,18.3734,33.890,0.6078
9,129,7.9474,0.0128,18.7036,34.058,0.6072
9,130,7.7533,0.1671,18.8751,33.732,0.6073
9,131,7.7629,0.1451,18.4044,34.290,0.6080
9,132,7.8742,0.1032,19.4462,34.248,0.6081
9,133,7.4884,0.0117,18.7329,34.017,0.6077
9,134,8.0860,0.0000,18.9188,33.956,0.6074
9,135,7.5399,0.0669,18.5789,33.928,0.6071
9,136,7.5412,0.2445,19.6456,34.019,0.6070
9,137,7.9629,0.2431,17.3699,34.061,0.6067
9,138,7.6381,0.0000,19.0666,34.043,0.6066
9,139,7.4262,0.0000,18.6561,34.180,0.6073
9,140,7.5316,0.2482,18.2680,33.995,0.6076
9,141,7.9176,0.0142,18.6035,33.922,0.6076
9,142,7.7957,0.0000,18.4534,34.079,0.6068
9,143,7.6976,0.0637,17.8653,34.003,0.6060
9,144,7.4378,0.1382,19.0717,33.946,0.6065
9,145,7.7244,0.0885,18.0801,33.699,0.6084
9,146,8.4901,0.2539,18.5947,33.954,0.6100
9,147,8.4251,0.1954,19.6704,33.983,0.6098
9,148,7.9908,0.0000,19.3111,33.793,0.6083
9,149,7.9987,0.2987,19.6473,34.175,0.6073
9,150,7.5540,0.0756,18.2498,33.950,0.6081
9,151,8.2468,0.2972,18.4779,34.081,0.6087
9,152,7.6308,0.1960,18.6486,34.083,0.6082
9,153,7.5412,0.0000,17.5489,33.975,0.6074
9,154,7.3425,0.0879,19.2137,34.040,0.6062
9,155,8.6998,0.0000,19.9585,33.778,0.6064
9,156,8.2029,0.1515,18.0717,34.105,0.6082
9,157,8.4475,0.1320,19.0572,33.753,0.6085
9,158,7.8662,0.1504,19.2153,33.848,0.6079
9,159,7.9363,0.0993,17.7499,33.736,0.6079
9,160,8.3611,0.1017,18.0200,34.090,0.6081
9,161,8.2374,0.1930,19.0340,34.226,0.6087
9,162,8.4948,0.3545,18.2860,34.101,0.6087
9,163,7.5556,0.0969,19.1939,33.728,0.6076
9,164,8.1259,0.1737,18.4164,34.124,0.6024
9,165,7.5289,0.0000,20.0388,33.751,0.5800
9,166,7.6808,0.0183,18.5289,33.799,0.5630
9,167,8.5527,0.1018,17.3712,34.014,0.5632
9,168,8.3163,0.1386,17.9399,33.832,0.5721
9,169,7.9276,0.0000,18.6827,33.989,0.5786
9,170,7.6585,0.4203,17.5507,34.018,0.5785
9,171,8.1140,0.1661,18.3573,33.982,0.5748
9,172,7.7395,0.0624,18.8174,33.889,0.5726
9,173,7.8442,0.3255,17.6089,34.221,0.5728
9,174,7.5931,0.0321,18.9085,34.110,0.5732
9,175,7.0687,0.5806,17.9570,33.896,0.5733
9,176,8.0260,0.2447,18.6839,34.033,0.5742
9,177,7.2926,0.4067,17.9559,34.122,0.5752
9,178,7.1765,0.0000,18.4837,34.136,0.5743
9,179,7.2371,0.3112,18.2926,33.967,0.5731
9,180,7.3737,0.0852,17.4874,34.185,0.5737
9,181,7.9087,0.3018,18.1263,33.992,0.5748
9,182,8.0881,0.1275,18.2409,34.139,0.5755
9,183,7.2656,0.2923,18.0975,34.121,0.5753
9,184,7.4357,0.0042,18.5311,33.904,0.5745
9,185,7.4649,0.2681,17.9736,33.797,0.5752
9,186,7.5023,0.0000,18.2636,33.906,0.5760
9,187,7.2336,0.0000,18.0721,34.156,0.5749
9,188,8.0242,0.3116,17.0187,33.946,0.5737
9,189,7.2049,0.0451,18.9704,33.858,0.5732
9,190,7.6474,0.0814,17.9243,34.058,0.5738
9,191,7.2699,0.2669,17.4143,33.902,0.5751
9,192,7.2097,0.0234,17.8231,34.034,0.5756
9,193,7.4612,0.0232,18.2431,33.952,0.5754
9,194,8.0524,0.0179,17.7331,34.189,0.5748
9,195,7.8528,0.2092,17.8241,34.267,0.5745
9,196,7.2864,0.0453,17.3623,34.005,0.5748
9,197,7.2409,0.0008,16.9030,33.860,0.5744
9,198,7.3632,0.0818,17.5044,34.105,0.5743
9,199,7.3435,0.0203,18.1125,34.129,0.5744
9,200,7.4812,0.3010,18.5045,33.722,0.5740
9,201,6.6544,0.0573,17.9834,34.181,0.5732
9,202,7.6936,0.2853,16.6984,33.557,0.5723
9,203,6.9233,0.1725,17.4293,33.855,0.5734
9,204,7.3039,0.1294,18.0920,33.726,0.5712
9,205,8.2587,0.0000,17.7332,33.832,0.5500
9,206,7.6256,0.2577,18.4981,34.097,0.5324
9,207,7.3146,0.1542,17.3227,34.113,0.5320
9,208,7.0067,0.0849,17.4161,33.836,0.5403
9,209,7.0742,0.1602,17.6719,34.194,0.5450
9,210,7.7988,0.2835,17.7728,33.860,0.5438
9,211,7.0831,0.4248,17.1679,34.034,0.5419
9,212,7.0162,0.2097,19.1309,33.845,0.5412
9,213,7.0944,0.1464,17.8916,33.972,0.5416
9,214,7.2327,0.0000,17.0339,34.100,0.5427
9,215,6.9834,0.0000,16.8927,34.089,0.5423
9,216,6.6243,0.3546,17.9138,33.886,0.5419
9,217,7.3116,0.2041,17.1135,34.001,0.5428
9,218,6.8024,0.2017,17.1912,33.886,0.5431
9,219,6.7166,0.2294,16.2350,34.075,0.5422
9,220,7.0882,0.1586,16.8749,34.126,0.5419
9,221,7.0727,0.0000,16.8657,34.035,0.5424
9,222,7.4161,0.3100,16.3742,33.870,0.5431
9,223,6.6806,0.1253,16.2835,33.874,0.5432
9,224,6.9132,0.1089,17.0128,34.130,0.5433
9,225,7.1846,0.1929,18.0549,33.913,0.5436
9,226,7.6469,0.1758,16.5625,33.889,0.5433
9,227,7.2582,0.0000,16.4571,33.898,0.5429
9,228,7.4099,0.2569,17.1933,34.192,0.5442
9,229,7.1499,0.0277,16.3361,33.825,0.5457
9,230,7.6212,0.3990,17.1256,34.043,0.5454
9,231,7.1061,0.1284,16.4515,33.851,0.5449
9,232,8.2010,0.0140,17.6225,34.158,0.5445
9,233,7.9870,0.2513,16.7698,33.873,0.5437
9,234,7.1469,0.1562,17.5176,34.041,0.5430
9,235,7.3918,0.1040,16.8727,33.712,0.5434
9,236,7.4168,0.1144,17.1224,33.891,0.5445
9,237,7.3162,0.3462,17.8722,34.089,0.5436
9,238,6.4868,0.2912,16.9005,33.938,0.5419
9,239,7.6219,0.2906,17.5299,33.915,0.5423
9,240,7.3637,0.0561,16.6349,34.092,0.5435
9,241,7.1508,0.4063,17.0689,34.137,0.5437
9,242,6.8441,0.2148,17.1413,34.195,0.5432
9,243,7.3570,0.0076,16.7930,33.849,0.5427
9,244,7.1003,0.0017,15.9203,33.955,0.5429
9,245,7.5671,0.3855,17.2547,34.156,0.5436
9,246,6.9256,0.3188,17.3330,34.009,0.5431
9,247,7.0596,0.0000,16.4825,34.223,0.5415
9,248,7.2193,0.1587,17.1831,33.935,0.5410
9,249,7.0860,0.3063,16.7670,34.168,0.5422
9,250,7.0363,0.1762,17.5741,34.009,0.5437
9,251,6.9133,0.1477,16.4423,34.004,0.5441
9,252,7.0351,0.2471,16.8607,33.975,0.5431
9,253,7.5189,0.1037,16.6989,34.014,0.5423
9,254,7.5793,0.0597,17.0517,33.931,0.5425
9,255,6.9036,0.1340,16.3811,34.088,0.5436
9,256,7.8176,0.1349,16.9862,33.966,0.5443
9,257,7.6833,0.3273,15.9507,34.159,0.5436
9,258,7.0528,0.1739,16.7718,33.988,0.5429
9,259,7.4290,0.1099,17.9866,34.057,0.5428
9,260,7.2935,0.4084,16.7174,33.836,0.5432
9,261,7.7552,0.0000,16.7148,34.085,0.5437
9,262,6.9944,0.0132,16.5697,33.945,0.5434
9,263,7.1263,0.0000,16.1060,34.058,0.5429
9,264,7.0034,0.0000,16.5159,34.074,0.5427
9,265,7.4349,0.1842,16.9463,34.072,0.5428
9,266,7.3428,0.2357,17.5762,33.900,0.5427
9,267,7.0023,0.3811,17.0093,34.054,0.5430
9,268,7.4925,0.0000,17.1191,34.018,0.5445
9,269,7.1172,0.2166,17.5077,34.044,0.5446
9,270,7.6908,0.0000,17.0081,34.133,0.5435
9,271,7.2064,0.5453,16.8486,33.841,0.5422
9,272,7.2667,0.0000,17.2652,34.124,0.5417
9,273,7.3662,0.0000,16.7387,33.985,0.5433
9,274,7.0796,0.0000,16.1309,33.773,0.5450
9,275,7.5340,0.0522,16.2539,34.050,0.5452
9,276,6.8916,0.2612,17.0132,33.991,0.5435
9,277,6.4683,0.0829,16.5496,34.143,0.5419
9,278,6.9654,0.2478,17.6333,33.837,0.5420
9,279,7.2541,0.0264,16.9071,33.775,0.5434
9,280,7.0693,0.0000,17.2138,34.138,0.5443
9,281,7.5952,0.2087,16.8210,33.868,0.5448
9,282,7.3190,0.0845,17.4645,34.093,0.5448
9,283,7.2711,0.2955,17.1032,34.137,0.5434
9,284,7.1243,0.0000,16.4819,34.269,0.5430
9,285,7.3850,0.1688,17.1758,34.203,0.5429
9,286,6.8352,0.1644,16.4558,33.939,0.5421
9,287,7.2422,0.2787,17.2493,34.025,0.5420
9,288,6.7043,0.2394,17.3558,34.112,0.5423
9,289,6.5651,0.3542,17.5364,34.260,0.5419
9,290,6.4408,0.2270,17.0874,33.988,0.5411
9,291,6.6877,0.2683,17.1226,33.907,0.5411
9,292,6.7889,0.1557,17.0132,33.905,0.5422
9,293,6.3212,0.2259,16.1727,33.971,0.5425
9,294,6.5975,0.2097,16.8296,34.213,0.5424
9,295,6.9794,0.0000,17.3901,34.033,0.5426
9,296,6.8951,0.2032,16.9052,34.105,0.5424
9,297,6.9228,0.3532,17.3598,34.108,0.5424
9,298,6.8251,0.2038,17.4306,33.984,0.5425
9,299,7.1282,0.0000,16.8776,34.198,0.5427
9,300,6.7103,0.1423,16.9702,34.148,0.5427
9,301,6.6904,0.3147,16.5707,34.208,0.5428
9,302,6.8081,0.1238,17.1486,34.393,0.5421
9,303,6.7745,0.1915,16.6528,33.700,0.5408
9,304,7.1405,0.0027,17.7217,34.118,0.5410
9,305,7.0161,0.0000,18.3795,33.976,0.5437
9,306,6.6904,0.0409,17.1082,33.912,0.5450
9,307,6.6567,0.0687,16.1884,33.824,0.5436
9,308,7.1341,0.0949,16.5519,34.038,0.5421
9,309,7.5313,0.1730,16.8060,33.929,0.5419
9,310,7.1518,0.3056,16.8570,34.012,0.5438
9,311,7.1963,0.0000,17.1753,33.987,0.5457
9,312,6.9359,0.2481,16.4162,34.044,0.5456
9,313,7.5063,0.1963,17.3837,33.874,0.5436
9,314,7.2229,0.1066,17.3410,34.099,0.5425
9,315,7.3339,0.0048,17.1275,33.899,0.5424
9,316,6.9706,0.0000,17.1868,33.858,0.5429
9,317,7.2750,0.0000,16.6942,33.781,0.5434
9,318,7.1005,0.3551,16.1873,34.023,0.5425
9,319,7.2339,0.0000,17.5147,34.067,0.5422
9,320,7.5144,0.4357,16.1552,33.909,0.5429
9,321,7.3571,0.4002,16.8631,34.342,0.5434
9,322,7.6864,0.0652,16.0589,33.892,0.5435
9,323,7.5782,0.1678,17.3892,33.868,0.5434
9,324,7.0897,0.3830,16.3927,34.056,0.5440
9,325,6.9063,0.0557,16.8399,33.774,0.5443
9,326,7.0837,0.1052,18.3271,34.067,0.5432
9,327,6.9615,0.0605,17.1947,33.763,0.5416
9,328,7.1727,0.2777,17.0134,33.802,0.5407
9,329,6.6616,0.4565,17.3576,33.972,0.5418
9,330,6.9454,0.2415,17.0965,34.002,0.5428
9,331,6.6608,0.1781,17.1491,34.116,0.5425
9,332,7.0908,0.3323,16.7089,33.848,0.5421
9,333,6.8976,0.0000,17.2125,34.138,0.5420
9,334,7.0039,0.0000,16.6649,33.967,0.5423
9,335,7.1990,0.2005,17.1931,34.030,0.5421
9,336,6.6556,0.0000,17.0710,33.964,0.5417
9,337,7.1770,0.0144,16.5707,33.921,0.5425
9,338,6.9703,0.0930,16.6751,34.124,0.5433
9,339,6.6395,0.0000,16.4563,34.069,0.5424
9,340,6.9263,0.3708,16.7827,34.661,0.5623
9,341,7.7880,0.3237,17.6360,34.511,0.6705
9,342,7.6240,0.1887,17.6175,34.335,0.7586
9,343,7.5280,0.2435,19.1030,34.268,0.7631
9,344,7.9852,0.0529,19.6388,33.788,0.7225
9,345,7.8416,0.1781,18.0488,34.191,0.6936
9,346,7.9135,0.1295,18.0920,34.083,0.6928
9,347,8.3992,0.5202,18.1167,34.193,0.7037
9,348,8.5059,0.0411,19.1261,34.152,0.7101
9,349,8.6862,0.2241,19.5984,34.334,0.7087
9,350,8.0693,0.0119,18.7765,33.974,0.7043
9,351,8.0190,0.2571,19.7967,33.752,0.7008
9,352,8.3217,0.1064,20.7366,34.074,0.7000
9,353,8.3294,0.0000,20.8707,33.761,0.7015
9,354,8.5296,0.2265,19.4711,34.406,0.7031
9,355,8.4905,0.3094,19.4783,34.301,0.7030
9,356,8.5597,0.2981,20.6560,34.148,0.7023
9,357,8.6863,0.1831,21.1361,34.050,0.7017
9,358,8.9099,0.1400,19.8891,33.971,0.7011
9,359,8.5306,0.0389,19.9218,34.004,0.7006
9,360,8.8079,0.2729,20.5324,33.694,0.7019
9,361,9.0998,0.0000,20.6139,34.015,0.7036
9,362,9.1376,0.0000,19.5489,33.917,0.7038
9,363,8.8785,0.0000,20.5565,33.855,0.7032
9,364,8.4825,0.1081,20.3265,34.027,0.7020
9,365,8.1204,0.0000,21.0561,33.936,0.7011
9,366,8.5389,0.0000,20.8031,34.077,0.7006
9,367,9.2711,0.2680,20.4381,34.105,0.7004
9,368,8.4400,0.2411,21.5477,33.829,0.7005
9,369,9.1851,0.3705,20.5186,34.082,0.7007
9,370,8.1849,0.0613,20.7939,34.106,0.7017
9,371,8.4819,0.3188,22.5166,34.042,0.7020
9,372,9.2798,0.1377,20.5628,34.067,0.7022
9,373,8.9266,0.0159,20.8355,34.060,0.7022
9,374,8.2739,0.1853,21.0084,34.199,0.7007
9,375,8.5455,0.1179,20.0843,33.919,0.7006
9,376,9.0403,0.0689,21.9521,33.953,0.7010
9,377,8.5318,0.1895,21.0626,34.039,0.7017
9,378,8.6480,0.0181,21.1338,33.990,0.7029
9,379,8.7256,0.3130,20.7805,33.921,0.7030
9,380,8.8132,0.0000,21.9588,33.970,0.7031
9,381,8.6034,0.1526,20.7509,33.946,0.7032
9,382,8.9439,0.0000,21.0920,33.922,0.7020
9,383,9.6263,0.3047,21.4922,34.196,0.7010
9,384,8.5765,0.0000,20.3133,34.041,0.7020
9,385,8.6448,0.1044,20.7182,33.984,0.7024
9,386,9.5127,0.1222,20.9653,33.967,0.7019
9,387,8.6527,0.0000,20.9215,33.947,0.7020
9,388,9.3516,0.0319,21.3289,34.050,0.7024
9,389,8.6413,0.3040,21.3638,33.735,0.7022
9,390,8.8629,0.1808,22.0089,34.298,0.7016
9,391,8.6943,0.2568,19.9784,33.990,0.7009
9,392,8.4254,0.0631,20.2200,34.033,0.6999
9,393,8.6812,0.2819,19.2902,34.131,0.6999
9,394,8.5587,0.1592,19.4593,33.936,0.7019
9,395,8.5058,0.1964,21.7576,33.963,0.7038
9,396,8.9829,0.0428,21.3658,34.009,0.7039
9,397,8.9556,0.1084,21.1471,33.690,0.7025
9,398,9.5478,0.0843,21.5742,34.056,0.7018
9,399,8.7114,0.0000,21.0835,34.190,0.7020
10,0,8.0386,0.1753,19.5038,34.076,0.6458
10,1,8.3765,0.2088,20.2342,33.926,0.6460
10,2,8.1807,0.3022,19.6552,33.956,0.6462
10,3,8.4986,0.1380,19.7478,34.035,0.6457
10,4,8.3875,0.1441,20.5351,34.143,0.6451
10,5,7.7820,0.2037,19.9403,34.166,0.6454
10,6,7.8106,0.0744,18.7382,34.217,0.6458
10,7,8.6794,0.2831,19.4468,34.103,0.6458
10,8,8.2130,0.0281,19.5021,34.155,0.6457
10,9,8.0198,0.2314,20.1646,33.968,0.6458
10,10,8.8288,0.2226,19.8739,33.592,0.6461
10,11,8.3492,0.1864,19.8408,33.911,0.6458
10,12,8.1182,0.2686,19.4380,34.362,0.6453
10,13,8.5517,0.1959,20.4565,33.958,0.6457
10,14,7.8000,0.2183,19.6384,34.028,0.6461
10,15,8.4699,0.3285,19.1568,33.681,0.6464
10,16,8.1199,0.1492,18.1906,33.852,0.6455
10,17,7.8043,0.1171,18.8932,33.818,0.6449
10,18,8.1491,0.0098,19.5306,34.093,0.6455
10,19,8.1395,0.4388,19.5030,33.961,0.6464
10,20,7.8034,0.3668,19.2672,33.970,0.6463
10,21,7.4701,0.3445,20.0357,33.995,0.6448
10,22,8.6901,0.2090,19.5508,33.727,0.6436
10,23,8.9353,0.1094,18.2734,33.515,0.6443
10,24,8.4985,0.2566,18.9969,33.572,0.6460
10,25,8.8867,0.1501,19.7496,34.047,0.6467
10,26,9.0334,0.0643,19.6604,33.900,0.6468
10,27,7.9128,0.2088,18.9204,33.930,0.6467
10,28,8.2837,0.1182,19.9165,33.868,0.6463
10,29,8.0796,0.0988,20.1942,34.072,0.6466
10,30,8.2134,0.0000,19.1796,34.045,0.6464
10,31,7.7473,0.1298,18.9927,33.917,0.6456
10,32,8.0725,0.3400,19.7575,34.183,0.6447
10,33,8.4552,0.2805,19.3291,33.775,0.6437
10,34,8.0606,0.1505,20.9408,33.788,0.6452
10,35,7.8095,0.1555,19.5180,34.167,0.6473
10,36,8.5348,0.2347,19.8325,34.250,0.6468
10,37,7.8382,0.0511,19.1523,33.993,0.6453
10,38,7.4134,0.0093,18.6703,34.212,0.6442
10,39,7.6730,0.3371,19.8565,34.387,0.6431
10,40,7.9942,0.0000,19.6591,33.955,0.6430
10,41,7.4427,0.1370,19.2899,34.063,0.6440
10,42,8.3431,0.1791,19.3641,33.964,0.6454
10,43,8.2319,0.0000,19.5833,34.137,0.6469
10,44,8.4001,0.0000,18.0278,33.898,0.6470
10,45,7.7142,0.2244,19.4522,33.865,0.6454
10,46,8.1205,0.5052,20.3014,33.918,0.6445
10,47,7.6179,0.0871,18.8714,33.661,0.6446
10,48,7.8248,0.2145,19.5985,34.029,0.6450
10,49,7.6973,0.2171,20.5724,33.669,0.6452
10,50,7.4639,0.2786,19.4776,34.188,0.6444
10,51,8.1797,0.3537,19.4988,33.964,0.6436
10,52,8.0618,0.1924,18.6113,34.238,0.6441
10,53,7.8014,0.2844,19.5025,33.953,0.6453
10,54,8.1450,0.2603,19.3900,34.004,0.6470
10,55,8.2255,0.1426,19.6426,33.930,0.6475
10,56,7.9535,0.1313,19.0705,33.921,0.6465
10,57,8.2936,0.0532,19.4747,34.042,0.6455
10,58,7.8317,0.2817,20.0756,34.060,0.6451
10,59,7.9443,0.1679,20.1625,33.829,0.6455
10,60,8.0907,0.1134,20.6136,34.057,0.6466
10,61,8.6151,0.2903,20.1785,33.957,0.6476
10,62,8.0716,0.0000,19.3318,34.324,0.6472
10,63,8.2120,0.3474,18.2907,33.858,0.6452
10,64,8.1920,0.0000,19.6681,34.173,0.6443
10,65,8.4022,0.0000,19.9408,33.982,0.6459
10,66,8.1353,0.0589,19.9098,33.992,0.6474
10,67,8.5648,0.2667,20.5966,33.572,0.6465
10,68,8.7982,0.0097,19.9371,34.323,0.6461
10,69,8.9851,0.1070,19.2840,33.874,0.6464
10,70,8.1125,0.0000,19.2763,33.855,0.6467
10,71,9.0267,0.0802,20.1448,33.955,0.6482
10,72,8.2796,0.1341,19.1689,34.092,0.6481
10,73,8.5071,0.1937,19.2800,34.152,0.6457
10,74,8.2172,0.2467,19.3294,34.139,0.6442
10,75,7.8811,0.0907,19.9417,33.957,0.6451
10,76,7.7232,0.3482,19.3902,34.112,0.6469
10,77,8.1804,0.2878,20.1014,33.751,0.6475
10,78,7.9818,0.0080,18.3471,34.034,0.6467
10,79,7.9698,0.2391,19.4489,34.186,0.6456
10,80,7.7669,0.0736,19.4990,34.251,0.6457
10,81,8.5373,0.2351,19.4849,34.094,0.6461
10,82,8.7730,0.0919,18.7993,33.829,0.6471
10,83,8.3743,0.0384,19.1664,34.135,0.6488
10,84,8.8171,0.0000,18.4209,33.905,0.6484
10,85,8.2092,0.0552,18.5320,33.908,0.6470
10,86,8.2541,0.0842,18.4652,33.787,0.6464
10,87,8.9679,0.1330,19.4318,33.919,0.6466
10,88,8.5117,0.0000,19.7779,33.923,0.6477
10,89,8.4622,0.0000,19.9025,34.056,0.6478
10,90,8.2626,0.0000,19.5113,34.155,0.6473
10,91,8.0641,0.1941,19.9526,34.148,0.6468
10,92,8.3349,0.2569,20.3990,33.812,0.6460
10,93,8.5726,0.0000,20.3045,34.348,0.6460
10,94,8.7027,0.2697,19.8360,33.877,0.6469
10,95,8.4076,0.0000,19.5642,33.926,0.6477
10,96,9.1251,0.2444,19.2906,34.183,0.6478
10,97,8.3247,0.0276,19.3070,33.863,0.6476
10,98,7.8137,0.4359,18.9931,34.049,0.6470
10,99,8.0744,0.1135,20.1183,33.950,0.6460
10,100,8.0540,0.0000,19.7505,33.824,0.6456
10,101,8.8081,0.0000,20.1298,34.201,0.6461
10,102,8.2488,0.2495,19.8778,34.009,0.6472
10,103,8.4033,0.1772,19.5299,33.894,0.6474
10,104,8.8063,0.1852,18.7795,33.867,0.6469
10,105,8.6873,0.0000,20.2610,34.300,0.6467
10,106,8.1125,0.0000,20.2915,33.819,0.6474
10,107,8.3442,0.1147,19.4175,34.004,0.6483
10,108,8.8823,0.1989,19.8390,34.003,0.6476
10,109,8.7434,0.1050,19.6837,33.903,0.6466
10,110,7.9570,0.2812,18.9342,34.176,0.6469
10,111,8.1100,0.0958,19.5615,33.873,0.6474
10,112,8.4145,0.4019,20.0097,33.955,0.6468
10,113,8.1625,0.0343,19.7320,34.053,0.6465
10,114,8.0089,0.4490,19.5859,34.134,0.6466
10,115,8.8587,0.1666,19.8197,34.260,0.6456
10,116,7.7598,0.3907,20.6380,34.099,0.6452
10,117,7.9475,0.1111,18.9624,33.828,0.6460
10,118,8.7031,0.1671,20.3472,33.807,0.6462
10,119,8.1825,0.0000,18.9133,34.127,0.6459
10,120,8.3289,0.0000,19.0187,34.066,0.6466
10,121,8.0395,0.0999,19.9069,34.239,0.6470
10,122,8.2273,0.0145,18.0950,34.024,0.6459
10,123,8.3186,0.2336,19.4045,34.036,0.6450
10,124,8.7950,0.6006,18.9809,34.119,0.6457
10,125,8.2092,0.0000,19.6576,34.077,0.6468
10,126,8.5185,0.4062,19.4981,33.919,0.6467
10,127,7.9998,0.3798,18.7841,33.766,0.6474
10,128,8.7165,0.1570,20.1057,34.052,0.6483
10,129,8.4064,0.0000,20.1363,33.928,0.6484
10,130,8.2698,0.1161,20.0645,34.007,0.6473
10,131,8.2008,0.3173,20.3932,34.005,0.6457
10,132,8.1692,0.0000,18.6876,34.148,0.6463
10,133,8.1900,0.0000,19.5711,34.129,0.6470
10,134,9.2309,0.1976,20.0560,34.023,0.6465
10,135,8.6125,0.2471,18.9200,34.039,0.6458
10,136,7.6054,0.0000,19.8532,34.047,0.6452
10,137,8.1768,0.1769,20.3674,33.903,0.6448
10,138,7.8908,0.0000,19.7368,33.776,0.6452
10,139,8.1150,0.4900,19.6944,34.065,0.6461
10,140,8.4807,0.1351,20.7870,34.148,0.6459
10,141,8.3525,0.0000,19.6524,34.027,0.6454
10,142,8.3505,0.1812,20.1465,34.113,0.6455
10,143,8.2989,0.1990,20.3439,34.025,0.6452
10,144,8.4783,0.2407,18.7222,33.967,0.6451
10,145,7.7742,0.0000,20.0138,34.047,0.6456
10,146,7.6429,0.0990,20.1292,33.933,0.6455
10,147,7.8490,0.0000,19.9111,34.005,0.6407
10,148,8.0284,0.1581,19.2010,33.898,0.6177
10,149,8.0120,0.2801,18.3067,34.031,0.5999
10,150,7.9798,0.2246,19.5385,34.137,0.6008
10,151,7.6445,0.0000,18.1424,34.004,0.6099
10,152,7.1612,0.0000,20.3560,33.875,0.6149
10,153,7.9549,0.0112,18.4956,33.948,0.6144
10,154,8.1331,0.2100,18.5183,33.818,0.6135
10,155,7.2576,0.2398,19.1311,33.899,0.6124
10,156,7.9067,0.1063,19.3539,33.798,0.6115
10,157,7.8327,0.1295,18.2902,33.705,0.6122
10,158,7.7263,0.4035,19.1663,33.903,0.6136
10,159,7.7013,0.2236,19.1857,34.087,0.6150
10,160,8.5753,0.0000,19.7999,33.692,0.6148
10,161,7.4739,0.1651,18.7281,33.853,0.6133
10,162,7.9578,0.0541,18.8822,34.016,0.6119
10,163,7.6242,0.1126,18.3034,34.010,0.6122
10,164,7.9416,0.2548,19.5222,34.147,0.6131
10,165,7.7614,0.1818,18.3623,34.176,0.6138
10,166,8.4600,0.0694,17.6088,33.869,0.6138
10,167,7.5522,0.2037,19.1704,33.977,0.6130
10,168,7.2077,0.1002,18.9416,34.114,0.6130
10,169,7.6574,0.0000,18.6934,34.100,0.6129
10,170,8.0622,0.1102,18.0848,34.049,0.6125
10,171,6.8334,0.2823,19.0209,33.944,0.6128
10,172,7.9935,0.2213,18.3413,34.173,0.6139
10,173,8.2551,0.3053,19.8809,33.821,0.6152
10,174,8.1553,0.1491,19.3862,34.284,0.6155
10,175,7.8141,0.2440,18.4393,33.807,0.6151
10,176,8.0323,0.0394,18.0669,33.806,0.6140
10,177,8.0155,0.3056,18.9354,33.852,0.6127
10,178,8.2054,0.1835,18.8951,33.612,0.6123
10,179,7.1936,0.0000,19.0456,33.915,0.6133
10,180,8.3241,0.2522,18.6759,33.951,0.6140
10,181,7.3939,0.0000,19.6981,34.003,0.6134
10,182,8.2027,0.0414,18.0783,33.926,0.6127
10,183,8.6770,0.3675,19.5722,34.122,0.6126
10,184,8.2184,0.1992,19.1613,33.986,0.6133
10,185,7.2521,0.3483,20.0725,34.029,0.6140
10,186,7.4190,0.0804,19.2398,33.828,0.6135
10,187,7.7112,0.1336,17.6112,33.930,0.6132
10,188,7.6600,0.1794,18.4060,33.936,0.6134
10,189,7.9146,0.2281,18.1844,34.100,0.6134
10,190,7.7752,0.0000,18.5603,33.921,0.6136
10,191,7.9754,0.2642,19.2979,34.100,0.6140
10,192,7.5430,0.0198,19.2505,34.038,0.6146
10,193,8.0704,0.3490,19.1820,33.880,0.6148
10,194,8.0338,0.1940,19.5504,33.761,0.6147
10,195,7.8795,0.1763,18.4859,34.212,0.6143
10,196,8.1852,0.1955,18.4608,33.924,0.6127
10,197,7.8028,0.2529,18.2804,34.059,0.6119
10,198,7.9205,0.1494,19.2109,33.842,0.6135
10,199,8.0711,0.2181,20.4453,33.831,0.6148
10,200,7.8023,0.0000,18.3917,34.241,0.6145
10,201,8.0674,0.0904,18.6443,34.067,0.6135
10,202,8.5007,0.0592,18.5586,33.818,0.6132
10,203,8.2662,0.2205,18.8871,34.071,0.6133
10,204,8.1728,0.0316,19.5276,33.805,0.6142
10,205,7.8923,0.1786,18.0209,34.134,0.6154
10,206,8.5901,0.2434,19.3481,33.872,0.6149
10,207,7.6743,0.0384,19.2021,33.997,0.6135
10,208,7.8053,0.0000,18.2624,33.967,0.6125
10,209,7.4578,0.0000,18.7216,34.110,0.6125
10,210,7.7061,0.1511,19.2454,33.916,0.6131
10,211,8.3442,0.1173,18.1019,33.900,0.6134
10,212,7.9101,0.0000,19.0305,34.006,0.6133
10,213,7.7786,0.3996,19.1147,33.919,0.6130
10,214,8.1076,0.0000,18.1636,33.753,0.6130
10,215,7.6171,0.1825,18.7273,33.862,0.6142
10,216,7.7268,0.0000,18.5544,33.828,0.6157
10,217,7.5829,0.0268,17.6660,33.774,0.6156
10,218,7.5110,0.1785,18.7799,33.886,0.6139
10,219,7.9253,0.0631,18.4141,34.393,0.6120
10,220,7.4613,0.3242,19.2196,34.327,0.6111
10,221,7.8259,0.0963,19.0383,33.863,0.6121
10,222,7.8477,0.1646,19.2808,34.059,0.6144
10,223,7.8038,0.0668,19.0718,34.167,0.6151
10,224,7.5260,0.0000,18.9040,33.986,0.6138
10,225,7.6868,0.2363,18.6854,34.287,0.6126
10,226,7.8536,0.0000,18.5537,34.248,0.6136
10,227,7.7521,0.3228,19.0333,34.014,0.6144
10,228,8.0196,0.2609,18.3513,34.021,0.6132
10,229,8.1697,0.0833,18.8469,33.992,0.6125
10,230,7.7163,0.0618,17.7152,34.198,0.6139
10,231,8.3609,0.1301,18.8944,33.822,0.6154
10,232,8.2102,0.4464,17.9567,34.099,0.6148
10,233,8.0649,0.3176,18.4997,34.060,0.6139
10,234,8.2366,0.1952,18.1976,34.029,0.6139
10,235,7.9596,0.0047,19.0767,34.052,0.6138
10,236,7.8229,0.0000,18.4531,33.797,0.6123
10,237,7.8712,0.0000,18.9125,33.741,0.6119
10,238,7.8122,0.1813,18.5748,33.971,0.6133
10,239,8.7159,0.1858,18.5516,34.014,0.6142
10,240,8.5824,0.0000,18.9607,33.910,0.6144
10,241,7.8502,0.0000,19.4463,34.049,0.6154
10,242,8.4433,0.0000,17.9832,33.841,0.6157
10,243,8.5913,0.3424,19.0442,33.981,0.6149
10,244,8.1122,0.2437,18.7470,34.014,0.6148
10,245,7.8047,0.2807,18.1414,33.985,0.6141
10,246,7.8450,0.2099,17.9158,34.008,0.6131
10,247,8.0037,0.1923,18.9865,33.790,0.6136
10,248,8.5113,0.3940,18.6579,34.220,0.6150
10,249,8.5390,0.2049,18.0831,33.898,0.6161
10,250,7.9403,0.0083,18.4632,34.100,0.6152
10,251,7.4382,0.2018,17.6610,34.064,0.6135
10,252,8.3623,0.3449,19.7067,34.057,0.6132
10,253,8.3558,0.3127,19.0512,33.988,0.6138
10,254,8.0939,0.0924,19.1895,33.853,0.6149
10,255,8.1803,0.0000,18.8715,34.215,0.6164
10,256,8.6538,0.2611,18.4421,34.035,0.6161
10,257,7.8769,0.0824,18.4829,34.246,0.6143
10,258,8.0327,0.0000,18.0938,33.840,0.6136
10,259,7.8656,0.2843,17.8419,33.931,0.6136
10,260,8.7319,0.0698,19.4506,33.860,0.6145
10,261,8.2155,0.2506,18.9777,33.856,0.6156
10,262,7.6089,0.0000,18.2726,33.947,0.6152
10,263,8.1304,0.0300,18.6437,33.972,0.6134
10,264,7.9310,0.0492,18.3191,34.379,0.6125
10,265,7.7284,0.3593,19.0639,33.998,0.6131
10,266,7.4582,0.0464,18.2454,34.127,0.6134
10,267,8.3182,0.0253,18.5149,34.013,0.6125
10,268,7.4717,0.3008,19.2634,33.927,0.6111
10,269,7.7234,0.1004,17.7845,33.990,0.6113
10,270,8.0113,0.0643,18.8480,34.204,0.6126
10,271,7.7543,0.1393,18.6832,34.067,0.6138
10,272,8.0297,0.0633,19.4424,34.028,0.6142
10,273,8.2021,0.0271,19.1147,33.885,0.6148
10,274,7.7818,0.0000,18.3156,34.003,0.6146
10,275,7.8091,0.0514,19.8421,33.963,0.6138
10,276,7.4037,0.0888,18.7061,33.996,0.6130
10,277,7.8263,0.4628,18.5930,33.781,0.6118
10,278,7.5107,0.2734,19.8317,34.137,0.6122
10,279,7.9395,0.0000,18.1962,33.929,0.6140
10,280,7.4677,0.0616,18.9419,33.810,0.6154
10,281,8.0120,0.1210,18.1711,33.831,0.6153
10,282,7.9511,0.1507,19.1019,34.192,0.6142
10,283,7.5867,0.2649,17.9731,34.107,0.6133
10,284,8.0087,0.0000,19.2601,33.726,0.6132
10,285,7.9084,0.3741,18.9237,33.784,0.6136
10,286,7.4157,0.3618,18.1019,34.268,0.6134
10,287,7.5637,0.1156,18.1902,34.023,0.6134
10,288,7.9584,0.1649,18.8419,33.989,0.6131
10,289,7.4772,0.0582,18.5241,33.753,0.6125
10,290,8.1247,0.1375,18.5491,34.164,0.6132
10,291,8.5641,0.1843,19.9544,34.046,0.6142
10,292,7.5809,0.2844,18.1066,34.031,0.6141
10,293,7.9530,0.1364,19.0711,33.949,0.6131
10,294,7.6141,0.4100,18.5625,34.166,0.6127
10,295,7.6709,0.0000,18.5020,34.015,0.6137
10,296,7.8825,0.0000,18.7990,33.929,0.6138
10,297,8.1203,0.1113,18.4181,33.845,0.6133
10,298,7.9226,0.1691,19.2911,34.169,0.6136
10,299,7.6462,0.4846,18.3656,33.914,0.6129
10,300,7.6517,0.1221,17.9404,33.938,0.6124
10,301,7.8300,0.2490,19.0806,33.883,0.6127
10,302,7.6585,0.0983,17.9939,34.020,0.6126
10,303,7.8118,0.1459,18.7198,34.031,0.6122
10,304,8.2086,0.1775,20.4502,33.961,0.6126
10,305,7.6027,0.3930,19.7960,33.950,0.6135
10,306,7.7031,0.0957,18.1337,33.780,0.6136
10,307,7.7398,0.1019,18.5875,34.021,0.6136
10,308,7.4672,0.1494,17.6729,34.326,0.6140
10,309,8.5189,0.1640,18.7059,34.046,0.6143
10,310,8.6198,0.1281,17.7098,34.114,0.6148
10,311,8.5394,0.1299,18.0261,34.277,0.6154
10,312,7.8289,0.0791,18.7137,34.049,0.6153
10,313,7.9978,0.2290,18.2832,34.013,0.6144
10,314,8.0163,0.2934,19.1068,33.976,0.6144
10,315,8.1584,0.1168,18.9279,33.997,0.6145
10,316,8.1621,0.2081,17.9459,33.986,0.6141
10,317,8.0275,0.0000,18.9288,33.671,0.6139
10,318,7.7294,0.1373,18.7859,34.162,0.6135
10,319,7.8205,0.1738,18.8691,33.797,0.6128
10,320,7.5870,0.1306,18.2807,34.138,0.6130
10,321,8.0425,0.2561,18.2232,33.897,0.6136
10,322,8.4130,0.3176,19.0031,33.999,0.6141
10,323,8.2526,0.3387,19.0981,33.968,0.6155
10,324,7.9243,0.0603,18.2439,33.808,0.6158
10,325,8.6049,0.1997,18.7363,33.880,0.6144
10,326,8.1609,0.1696,18.5492,33.999,0.6139
10,327,7.9841,0.2620,20.2179,33.913,0.6145
10,328,8.1399,0.2028,17.7224,33.887,0.6145
10,329,7.4831,0.1329,18.1031,33.779,0.6142
10,330,7.9218,0.1763,19.4530,34.069,0.6148
10,331,7.5284,0.0000,18.7491,33.949,0.6147
10,332,7.5270,0.1485,18.8399,33.890,0.6143
10,333,7.8401,0.0000,18.6811,33.885,0.6147
10,334,8.1026,0.0000,18.6006,33.781,0.6147
10,335,8.4013,0.2495,19.0504,33.798,0.6148
10,336,8.1616,0.2371,18.5641,33.931,0.6145
10,337,8.2749,0.0157,19.1189,33.930,0.6142
10,338,8.3538,0.2330,18.7467,34.000,0.6143
10,339,7.9766,0.1281,18.7250,34.184,0.6142
10,340,7.8085,0.1156,18.2876,33.995,0.6141
10,341,7.7204,0.0913,19.0506,33.989,0.6143
10,342,7.9165,0.2958,18.5718,33.993,0.6140
10,343,8.0544,0.2773,18.2800,34.054,0.6132
10,344,8.1699,0.0801,18.8383,33.760,0.6124
10,345,7.8392,0.0000,17.8452,34.038,0.6124
10,346,7.4865,0.1688,19.0315,33.976,0.6143
10,347,7.9543,0.0244,18.2393,33.961,0.6196
10,348,8.0052,0.1048,18.6968,34.113,0.6233
10,349,7.8731,0.0000,18.0913,34.136,0.6228
10,350,8.6458,0.0000,19.6929,34.320,0.6214
10,351,8.5881,0.0477,19.2825,33.929,0.6205
10,352,7.6836,0.0685,18.7911,34.223,0.6195
10,353,7.9363,0.1411,19.6862,34.008,0.6188
10,354,7.7180,0.1882,19.1555,34.120,0.6187
10,355,8.1428,0.2370,19.0445,34.126,0.6196
10,356,7.4495,0.2542,19.0822,33.890,0.6203
10,357,7.4971,0.0000,18.9079,33.892,0.6206
10,358,7.8988,0.0108,18.8468,33.848,0.6205
10,359,8.0054,0.0384,19.3403,33.709,0.6199
10,360,8.1677,0.0568,19.3478,33.948,0.6196
10,361,8.2529,0.3139,19.2357,34.169,0.6199
10,362,8.1201,0.2035,19.2932,33.833,0.6202
10,363,8.3923,0.4034,18.8139,33.944,0.6202
10,364,7.8726,0.1476,18.1799,34.271,0.6198
10,365,7.7781,0.2786,18.1770,33.693,0.6187
10,366,8.3366,0.0902,19.7826,34.046,0.6187
10,367,7.5464,0.0458,19.4155,34.094,0.6201
10,368,8.0601,0.1589,19.5648,34.257,0.6208
10,369,7.7759,0.0498,19.5356,33.961,0.6203
10,370,8.1261,0.0000,18.7281,33.953,0.6202
10,371,7.7662,0.0325,19.1084,34.178,0.6198
10,372,7.9804,0.1520,18.7739,33.945,0.6189
10,373,7.3477,0.0000,18.6816,34.121,0.6187
10,374,7.3811,0.0017,18.4726,33.798,0.6187
10,375,7.5050,0.3838,18.7771,34.159,0.6183
10,376,7.5123,0.0252,18.4632,33.907,0.6179
10,377,7.9879,0.0000,18.4989,34.249,0.6188
10,378,7.3594,0.2096,18.5074,34.043,0.6248
10,379,7.6225,0.4706,18.0529,34.149,0.6299
10,380,7.5350,0.3254,19.5031,34.006,0.6301
10,381,8.0647,0.1672,18.6209,33.975,0.6282
10,382,7.6371,0.1590,18.1508,34.020,0.6266
10,383,7.9494,0.1394,19.2000,33.840,0.6262
10,384,7.7417,0.1215,20.3973,33.814,0.6266
10,385,8.0187,0.2556,19.8051,33.978,0.6270
10,386,7.5858,0.3028,19.5471,34.067,0.6267
10,387,8.0954,0.1276,18.2417,33.862,0.6260
10,388,7.6756,0.0000,19.3468,34.040,0.6268
10,389,7.9595,0.2302,19.7623,34.057,0.6275
10,390,8.1301,0.0000,18.5426,33.627,0.6117
10,391,7.5232,0.2502,19.4793,33.162,0.5349
10,392,7.3145,0.1345,17.2304,33.484,0.4763
10,393,7.2769,0.3677,18.1614,34.073,0.4772
10,394,7.0208,0.0276,17.7617,33.940,0.5070
10,395,6.9036,0.0000,17.5109,33.711,0.5261
10,396,7.3864,0.1344,17.1713,34.020,0.5251
10,397,6.9696,0.0903,17.0672,33.786,0.5172
10,398,7.1719,0.0000,16.6738,33.940,0.5137
10,399,7.3492,0.1807,17.6421,33.898,0.5151
11,0,7.9795,0.3105,16.8296,34.201,0.5519
11,1,8.1236,0.0000,17.4430,34.137,0.5525
11,2,7.8204,0.0000,17.3391,33.648,0.5518
11,3,7.2001,0.1749,16.6412,34.135,0.5507
11,4,7.5039,0.0000,18.0226,33.900,0.5490
11,5,7.3227,0.0000,17.0023,34.132,0.5475
11,6,7.4716,0.0000,17.5019,33.816,0.5481
11,7,7.7086,0.0000,17.1088,34.132,0.5497
11,8,7.8185,0.3339,17.5597,34.078,0.5509
11,9,7.2437,0.0385,16.7052,33.999,0.5515
11,10,7.3778,0.1744,17.0735,34.065,0.5505
11,11,7.7073,0.1731,16.9078,33.787,0.5489
11,12,7.0037,0.3125,16.9881,34.131,0.5480
11,13,7.7404,0.2244,17.1985,33.916,0.5482
11,14,7.7732,0.1480,17.3347,33.831,0.5496
11,15,7.5396,0.2924,16.1850,33.699,0.5509
11,16,7.2788,0.2277,16.2729,34.204,0.5506
11,17,7.7081,0.0496,17.4722,34.086,0.5495
11,18,7.7164,0.1859,16.9152,33.804,0.5491
11,19,7.3186,0.1378,16.8505,33.925,0.5485
11,20,6.9437,0.2842,16.6920,34.286,0.5489
11,21,7.6729,0.1110,17.6286,33.963,0.5504
11,22,7.5342,0.1196,17.3517,33.922,0.5514
11,23,6.9246,0.1755,17.3691,34.057,0.5510
11,24,7.3533,0.1899,17.4342,33.855,0.5499
11,25,7.3278,0.1159,16.4931,34.225,0.5488
11,26,7.2529,0.1952,17.5930,33.923,0.5483
11,27,6.8393,0.3520,18.1071,34.513,0.5690
11,28,7.3196,0.0192,18.2437,34.581,0.6722
11,29,8.0449,0.1966,18.5915,34.561,0.7534
11,30,8.1266,0.2878,18.1066,33.994,0.7549
11,31,7.6992,0.1425,18.3995,33.918,0.7158
11,32,7.5779,0.1499,18.6959,34.229,0.6884
11,33,8.5489,0.3530,18.7299,34.215,0.6884
11,34,8.0209,0.1445,18.2846,34.200,0.7079
11,35,8.0548,0.1393,19.2593,34.041,0.7232
11,36,8.4058,0.2564,19.3211,34.068,0.7222
11,37,8.9529,0.3635,19.9319,34.026,0.7130
11,38,9.1121,0.0000,19.8745,33.873,0.7066
11,39,8.3533,0.2114,19.2231,34.132,0.7076
11,40,8.6106,0.0549,19.4638,34.126,0.7110
11,41,8.3999,0.2136,20.8077,33.930,0.7108
11,42,8.1707,0.0000,20.1066,34.178,0.7094
11,43,8.7707,0.1834,21.0248,33.900,0.7090
11,44,8.4013,0.3331,20.9590,33.862,0.7096
11,45,8.8017,0.0000,20.2403,34.039,0.7095
11,46,8.9407,0.1080,20.2546,33.899,0.7096
11,47,8.8456,0.2956,21.3616,34.030,0.7102
11,48,8.7650,0.0000,21.0107,34.091,0.7099
11,49,8.7858,0.0292,20.7152,34.206,0.7092
11,50,8.5986,0.0416,22.5367,34.301,0.7085
11,51,8.4110,0.0611,20.5081,34.235,0.7088
11,52,8.8632,0.0000,22.8996,33.930,0.7100
11,53,9.0175,0.2579,20.2381,33.997,0.7108
11,54,8.8531,0.2209,20.7191,34.113,0.7100
11,55,8.5143,0.3708,20.6772,34.152,0.7084
11,56,8.6341,0.0612,20.5547,33.943,0.7078
11,57,9.2151,0.0475,21.7155,34.334,0.7084
11,58,8.6116,0.0106,21.0345,34.052,0.7096
11,59,9.8570,0.0523,19.9508,33.947,0.7106
11,60,8.6280,0.0801,21.3959,33.861,0.7110
11,61,8.8738,0.2216,21.7473,33.920,0.7106
11,62,8.4991,0.2768,20.4143,33.882,0.7097
11,63,8.9731,0.1576,21.1121,34.234,0.7085
11,64,8.6697,0.3072,20.6597,33.914,0.7084
11,65,8.8920,0.0000,21.6306,34.351,0.7092
11,66,8.9722,0.0004,21.6226,33.845,0.7088
11,67,9.2213,0.1955,21.1379,33.890,0.7090
11,68,8.8832,0.2756,21.5104,34.116,0.7087
11,69,8.0403,0.0000,20.1958,33.696,0.7086
11,70,8.6838,0.0405,21.1702,34.240,0.7091
11,71,8.8331,0.1370,19.8107,34.302,0.7083
11,72,8.3963,0.3406,20.4089,32.870,0.6546
11,73,8.3786,0.0000,20.0025,32.944,0.4010
11,74,7.5352,0.2066,19.0759,32.975,0.2126
11,75,7.4285,0.0346,18.3342,33.862,0.2192
11,76,7.4987,0.2197,17.3476,33.896,0.3135
11,77,6.5674,0.1961,17.0505,34.626,0.4040
11,78,7.3007,0.0702,17.4807,34.727,0.5567
11,79,7.9460,0.2216,17.5204,34.099,0.6508
11,80,7.6005,0.0000,18.3216,34.036,0.6382
11,81,6.7115,0.0000,17.0108,33.742,0.5838
11,82,7.1548,0.0389,18.1868,34.337,0.5533
11,83,6.9700,0.0336,17.7985,33.814,0.5587
11,84,7.5560,0.0000,17.4578,33.933,0.5752
11,85,7.7144,0.4521,18.7354,33.995,0.5827
11,86,6.9021,0.0572,17.4826,33.855,0.5801
11,87,6.9801,0.2052,17.9503,33.622,0.5742
11,88,7.2631,0.0750,17.9600,34.188,0.5708
11,89,7.0699,0.0000,16.7062,33.864,0.5705
11,90,7.4821,0.1140,18.2849,33.916,0.5719
11,91,7.1389,0.1595,17.7311,34.007,0.5734
11,92,7.5815,0.0000,17.5614,34.111,0.5734
11,93,7.5683,0.0000,17.1384,33.844,0.5722
11,94,7.3262,0.0068,17.1175,33.982,0.5718
11,95,7.4442,0.0000,17.7191,33.991,0.5714
11,96,7.6543,0.4712,17.7271,34.025,0.5716
11,97,7.3326,0.0451,17.7349,34.008,0.5730
11,98,7.3269,0.1513,18.3216,34.241,0.5732
11,99,6.6854,0.0000,16.4447,32.830,0.5349
11,100,7.2015,0.0648,16.8943,32.727,0.3553
11,101,6.8840,0.0900,16.0373,33.251,0.2231
11,102,6.2660,0.2031,16.2241,33.891,0.2276
11,103,6.2738,0.0000,15.1437,33.882,0.2931
11,104,5.5227,0.2919,15.1763,33.756,0.3338
11,105,5.9643,0.1687,13.9214,33.685,0.3313
11,106,5.6294,0.0000,13.9105,33.849,0.3127
11,107,5.7336,0.2186,13.9921,33.858,0.3037
11,108,5.6796,0.2296,13.3403,33.935,0.3080
11,109,5.7160,0.3152,12.9177,33.944,0.3152
11,110,4.9583,0.0000,13.4347,33.920,0.3180
11,111,5.3734,0.2752,12.9763,33.894,0.3164
11,112,5.1251,0.0000,12.7376,33.778,0.3143
11,113,5.0370,0.1561,13.3307,33.729,0.3139
11,114,5.5730,0.3146,13.3193,35.419,0.3591
11,115,5.7184,0.0000,13.4166,35.814,0.5985
11,116,6.2366,0.5026,14.6853,34.976,0.7991
11,117,6.2280,0.2428,15.1998,34.140,0.8192
11,118,6.4083,0.0330,15.8256,34.302,0.7342
11,119,6.4815,0.3783,16.1131,34.185,0.6647
11,120,7.2828,0.2150,16.6463,34.371,0.6559
11,121,7.1533,0.0796,16.3689,34.260,0.6794
11,122,7.5582,0.2817,16.8972,34.212,0.6955
11,123,6.9888,0.1568,16.9520,34.071,0.6948
11,124,7.9474,0.3092,17.3988,34.256,0.6870
11,125,7.6448,0.3679,17.8410,34.138,0.6800
11,126,7.5826,0.0601,17.8321,33.999,0.6776
11,127,8.2075,0.0192,18.7079,34.262,0.6789
11,128,7.9644,0.0000,17.9046,34.092,0.6813
11,129,8.6003,0.0000,17.4275,34.166,0.6811
11,130,7.5731,0.1968,19.2599,33.965,0.6795
11,131,8.3041,0.0000,19.7472,34.100,0.6797
11,132,8.1762,0.2748,18.2129,33.822,0.6807
11,133,8.4887,0.1572,19.5523,34.038,0.6802
11,134,8.2786,0.0000,18.9302,33.978,0.6794
11,135,8.2550,0.4361,19.3459,33.829,0.6789
11,136,8.3323,0.4006,20.5644,33.977,0.6778
11,137,8.5631,0.2653,18.9003,34.062,0.6771
11,138,8.3482,0.3861,21.1864,34.082,0.6777
11,139,8.2189,0.2937,20.9683,33.723,0.6784
11,140,8.8341,0.1007,20.9566,33.793,0.6776
11,141,9.0485,0.0278,19.4117,34.166,0.6775
11,142,9.0778,0.1262,19.6026,33.950,0.6788
11,143,8.9406,0.0000,19.9727,33.938,0.6796
11,144,8.3552,0.1695,20.3928,34.264,0.6787
11,145,8.3242,0.0000,20.2821,33.900,0.6782
11,146,8.3810,0.2627,21.2036,33.799,0.6780
11,147,7.8239,0.0465,19.3097,34.040,0.6775
11,148,7.6233,0.2604,20.7795,34.137,0.6776
11,149,8.5777,0.0000,20.4568,34.003,0.6780
11,150,8.1420,0.1228,21.1378,33.664,0.6783
11,151,7.8336,0.3207,20.4948,33.820,0.6778
11,152,8.5247,0.0884,21.7269,33.832,0.6770
11,153,7.8026,0.3952,19.7410,34.045,0.6774
11,154,8.5745,0.1459,19.4036,33.852,0.6777
11,155,8.5714,0.0000,20.6763,33.903,0.6779
11,156,8.8887,0.1431,20.1976,34.131,0.6786
11,157,8.5966,0.1772,20.6268,34.219,0.6798
11,158,7.7796,0.1290,19.6855,34.046,0.6789
11,159,7.9128,0.2427,19.7535,33.947,0.6765
11,160,8.5449,0.0000,20.6672,34.138,0.6771
11,161,8.5969,0.0846,20.7613,33.800,0.6791
11,162,7.9660,0.3699,20.6067,34.097,0.6796
11,163,8.1963,0.1384,20.4166,33.992,0.6776
11,164,8.1622,0.0000,19.4221,34.120,0.6759
11,165,8.8585,0.2054,19.9944,33.996,0.6775
11,166,8.3162,0.1438,19.6224,33.803,0.6799
11,167,8.4936,0.3272,19.7774,34.136,0.6796
11,168,7.9695,0.1463,20.8444,33.989,0.6779
11,169,8.4695,0.4118,20.3273,33.988,0.6778
11,170,8.2770,0.1260,20.6779,33.889,0.6786
11,171,8.4471,0.4217,20.2645,33.717,0.6789
11,172,8.4351,0.1902,19.6086,34.297,0.6782
11,173,8.2572,0.0000,21.3066,33.948,0.6784
11,174,8.4636,0.0976,20.1320,34.219,0.6791
11,175,8.0110,0.0000,20.8099,34.184,0.6790
11,176,8.3606,0.0701,20.4882,33.891,0.6789
11,177,8.1170,0.2064,20.8095,34.064,0.6785
11,178,8.1491,0.0401,19.9210,33.911,0.6783
11,179,8.3258,0.3700,20.9958,34.061,0.6781
11,180,8.4349,0.1549,20.3546,34.073,0.6782
11,181,8.2193,0.2972,21.3254,33.857,0.6782
11,182,8.4637,0.4143,20.2198,34.007,0.6780
11,183,8.6346,0.3399,19.5224,34.085,0.6786
11,184,9.1006,0.0281,20.1172,33.881,0.6780
11,185,8.6020,0.3856,20.2693,33.918,0.6780
11,186,8.6941,0.3025,20.3881,34.013,0.6791
11,187,8.8162,0.2488,19.7649,34.117,0.6793
11,188,8.5414,0.0581,19.9429,33.828,0.6713
11,189,7.9154,0.4931,20.3981,33.868,0.6330
11,190,7.5551,0.1987,19.8760,33.975,0.6035
11,191,8.3620,0.0000,20.0588,34.001,0.6038
11,192,8.3702,0.1138,19.8565,33.924,0.6185
11,193,8.0982,0.0542,19.4448,33.876,0.6282
11,194,7.9966,0.3294,18.9469,34.002,0.6272
11,195,8.5423,0.1329,19.6980,33.866,0.6226
11,196,8.3244,0.3006,19.6745,33.984,0.6221
11,197,7.9350,0.0780,19.0894,33.740,0.6246
11,198,8.3365,0.1867,19.5133,33.929,0.6267
11,199,9.1613,0.1720,19.8553,33.933,0.6267
11,200,8.4599,0.0881,20.1495,34.063,0.6264
11,201,8.0379,0.1880,19.8783,34.156,0.6269
11,202,8.6080,0.1389,19.4677,33.976,0.6262
11,203,8.7674,0.3479,19.2010,33.993,0.6249
11,204,7.8546,0.0623,20.3815,34.097,0.6249
11,205,8.1125,0.0000,18.4842,33.913,0.6255
11,206,7.7999,0.0000,18.8196,33.954,0.6258
11,207,8.4500,0.2042,18.9838,34.103,0.6256
11,208,7.3875,0.3321,19.3630,34.059,0.6251
11,209,8.3982,0.2021,20.0801,34.048,0.6250
11,210,8.7255,0.1432,19.0974,34.111,0.6252
11,211,7.8433,0.2818,17.8304,32.804,0.5806
11,212,6.8119,0.0217,16.7195,32.492,0.3710
11,213,7.5070,0.0000,18.4411,32.959,0.2171
11,214,7.2637,0.1925,17.1404,33.819,0.2231
11,215,6.6112,0.2874,16.0814,34.092,0.2999
11,216,7.2469,0.0655,16.2193,33.758,0.3476
11,217,6.4145,0.0778,15.3730,33.915,0.3450
11,218,6.2004,0.1342,16.5427,33.852,0.3234
11,219,6.3803,0.3130,14.5928,33.808,0.3123
11,220,5.9273,0.0000,14.1210,34.003,0.3166
11,221,5.4027,0.0387,14.2212,33.949,0.3244
11,222,6.3687,0.0000,13.9032,33.984,0.3276
11,223,5.2341,0.1545,13.7675,34.162,0.3269
11,224,5.7025,0.0759,13.1996,34.176,0.3252
11,225,5.2285,0.2935,13.7999,34.121,0.3249
11,226,5.1496,0.0000,12.8405,33.888,0.3255
11,227,5.5090,0.3333,13.1834,34.860,0.3640
11,228,5.3265,0.2551,13.3347,35.373,0.5700
11,229,6.2076,0.2604,14.4530,35.079,0.7419
11,230,6.8746,0.1468,15.3584,34.255,0.7552
11,231,6.2669,0.3618,15.2855,34.413,0.6791
11,232,6.2189,0.0000,15.4944,34.140,0.6199
11,233,6.6998,0.1221,15.8487,34.149,0.6152
11,234,7.5350,0.0967,17.4644,34.159,0.6382
11,235,7.6391,0.2675,16.9210,34.209,0.6563
11,236,7.5280,0.2297,16.5643,34.208,0.6654
11,237,7.6354,0.1187,17.3884,34.232,0.6631
11,238,7.8764,0.1874,16.9048,34.247,0.6554
11,239,7.5266,0.0000,17.1055,34.093,0.6510
11,240,7.8180,0.3675,18.0541,33.882,0.6512
11,241,7.9923,0.3451,18.8272,34.198,0.6532
11,242,8.0736,0.0000,17.7517,34.156,0.6547
11,243,7.9266,0.3347,19.0590,33.905,0.6545
11,244,7.7384,0.4528,19.0009,33.862,0.6454
11,245,7.6231,0.0485,18.6741,33.679,0.6080
11,246,7.6272,0.0000,18.0705,33.700,0.5803
11,247,7.5125,0.0000,19.5685,34.001,0.5812
11,248,8.1954,0.1266,18.8299,34.137,0.5950
11,249,7.4278,0.3163,18.3778,34.335,0.6029
11,250,7.9417,0.0524,18.5523,34.148,0.6026
11,251,7.4977,0.2026,18.5643,34.038,0.6000
11,252,7.5657,0.3166,18.2145,34.353,0.5980
11,253,7.2421,0.1799,18.3624,33.873,0.5982
11,254,8.0362,0.1720,17.9779,33.716,0.5996
11,255,8.0402,0.1333,18.1870,34.206,0.5997
11,256,7.7746,0.0539,18.5556,33.920,0.5993
11,257,7.3204,0.2429,18.3276,34.101,0.6002
11,258,8.1232,0.2387,17.8045,34.223,0.6006
11,259,7.9113,0.0670,18.1597,33.877,0.6000
11,260,7.7114,0.3416,18.5437,34.091,0.5996
11,261,7.9858,0.1856,18.2262,33.646,0.5994
11,262,7.5396,0.3140,18.0175,34.069,0.5996
11,263,7.6581,0.1763,18.1352,34.177,0.5998
11,264,8.3617,0.3381,17.7338,33.857,0.6002
11,265,7.2901,0.0135,18.1911,34.006,0.6006
11,266,7.7705,0.3911,18.7474,33.966,0.6006
11,267,7.7208,0.2825,18.1200,33.820,0.6001
11,268,7.6178,0.1927,19.5742,33.915,0.5992
11,269,7.5614,0.1443,18.4280,34.496,0.5992
11,270,7.7850,0.0458,18.2780,34.159,0.6089
11,271,8.2628,0.2575,19.1231,34.307,0.6556
11,272,7.9640,0.1944,18.5795,34.407,0.6928
11,273,8.0822,0.1453,19.5590,33.957,0.6939
11,274,8.1350,0.2483,19.2071,34.068,0.6758
11,275,7.9325,0.2605,19.6281,34.011,0.6622
11,276,8.2805,0.1116,19.0950,33.896,0.6620
11,277,7.8150,0.2151,20.2925,34.056,0.6686
11,278,8.8969,0.0000,19.1888,33.773,0.6718
11,279,8.4212,0.0321,18.7267,33.992,0.6710
11,280,8.2853,0.0827,19.4872,33.851,0.6687
11,281,7.6506,0.1200,19.6945,34.068,0.6670
11,282,8.3548,0.1773,20.4137,33.984,0.6664
11,283,8.4177,0.0000,18.3346,33.993,0.6663
11,284,8.8566,0.0255,19.3268,34.121,0.6672
11,285,9.2180,0.1515,19.7209,34.178,0.6686
11,286,8.5719,0.0663,19.4708,33.891,0.6700
11,287,8.5198,0.3858,19.3383,33.903,0.6695
11,288,8.4937,0.0000,20.4363,34.023,0.6682
11,289,8.8837,0.1147,20.1304,34.171,0.6686
11,290,9.2670,0.2167,19.6248,33.976,0.6696
11,291,8.7868,0.1501,20.2894,33.928,0.6694
11,292,8.9688,0.1781,19.8015,34.098,0.6690
11,293,8.8061,0.4381,20.3234,33.877,0.6686
11,294,8.9696,0.0000,19.2739,33.764,0.6680
11,295,8.5280,0.0875,20.7103,34.203,0.6671
11,296,8.2484,0.2090,19.5904,33.868,0.6672
11,297,7.7562,0.2662,19.9667,34.086,0.6675
11,298,8.7525,0.0652,19.4671,34.064,0.6668
11,299,8.8012,0.0000,20.5973,33.810,0.6663
11,300,8.1220,0.3020,19.0766,34.179,0.6661
11,301,7.7863,0.0099,19.6466,33.913,0.6658
11,302,8.8628,0.3867,20.4247,33.733,0.6659
11,303,8.8503,0.0768,20.5508,34.199,0.6659
11,304,8.6574,0.1812,19.6866,33.931,0.6671
11,305,8.9672,0.0928,20.3489,34.178,0.6693
11,306,8.8896,0.3751,20.4727,34.172,0.6698
11,307,7.9846,0.2506,20.0980,33.737,0.6675
11,308,8.3520,0.0932,19.6907,33.952,0.6657
11,309,8.5474,0.1072,19.8604,33.960,0.6663
11,310,7.8648,0.2701,20.0067,34.183,0.6674
11,311,8.4175,0.2232,19.6982,33.924,0.6690
11,312,7.7813,0.1180,20.2604,33.810,0.6685
11,313,8.4901,0.0000,20.2478,34.295,0.6664
11,314,8.5686,0.0000,19.7065,33.913,0.6662
11,315,7.4391,0.0978,19.6195,34.201,0.6660
11,316,8.5119,0.0000,20.2703,33.944,0.6660
11,317,8.2386,0.0000,19.2012,33.953,0.6667
11,318,8.2599,0.0000,19.9490,33.988,0.6672
11,319,8.6418,0.2607,18.9413,33.915,0.6671
11,320,8.2156,0.1403,19.6606,33.843,0.6665
11,321,8.6119,0.0000,20.6690,34.092,0.6659
11,322,7.9692,0.1654,20.4557,34.001,0.6664
11,323,8.4494,0.0315,19.8058,34.000,0.6682
11,324,8.6573,0.4710,20.1459,33.868,0.6679
11,325,8.4248,0.3386,19.5099,33.855,0.6659
11,326,7.5639,0.0654,20.0046,34.155,0.6644
11,327,9.2434,0.1456,20.8265,34.082,0.6650
11,328,8.1946,0.0805,19.9030,34.050,0.6671
11,329,8.0480,0.4501,19.8832,33.937,0.6673
11,330,8.1580,0.1955,19.8020,34.284,0.6649
11,331,8.0891,0.3243,20.1277,33.898,0.6639
11,332,8.3812,0.2433,19.8610,34.098,0.6653
11,333,8.2341,0.3184,20.6107,33.948,0.6674
11,334,8.7895,0.4570,21.9009,33.974,0.6672
11,335,7.4812,0.1460,20.6051,34.012,0.6658
11,336,7.8245,0.1772,20.7155,34.515,0.6656
11,337,8.7082,0.0000,19.8883,34.141,0.6654
11,338,7.8467,0.1812,20.1178,34.035,0.6651
11,339,7.4815,0.3195,20.3644,33.815,0.6653
11,340,7.8398,0.0445,20.1646,33.993,0.6655
11,341,8.0553,0.0000,19.6293,33.873,0.6656
11,342,8.4103,0.2461,19.3070,33.789,0.6663
11,343,9.1264,0.0000,20.8652,34.012,0.6665
11,344,8.6836,0.1345,19.7951,33.967,0.6675
11,345,8.3336,0.3757,20.8247,34.049,0.6687
11,346,8.3315,0.0000,20.8315,34.254,0.6684
11,347,7.9079,0.2455,20.7900,33.954,0.6678
11,348,8.4051,0.2757,19.7356,33.916,0.6667
11,349,8.7920,0.1153,19.3357,34.068,0.6662
11,350,8.8464,0.1349,20.3423,33.962,0.6677
11,351,9.1338,0.1572,19.7205,34.180,0.6692
11,352,9.1350,0.0000,19.7212,33.803,0.6696
11,353,8.4701,0.0000,20.3643,34.079,0.6690
11,354,8.8451,0.0000,19.7512,33.701,0.6678
11,355,8.8913,0.1949,19.9701,33.895,0.6675
11,356,7.8915,0.0000,19.6633,34.075,0.6675
11,357,9.3401,0.0101,20.7218,33.803,0.6668
11,358,8.1375,0.3244,20.7182,33.959,0.6673
11,359,8.8456,0.0986,18.8836,33.964,0.6683
11,360,9.0110,0.0116,19.9699,34.129,0.6674
11,361,8.2374,0.1079,20.1940,33.970,0.6671
11,362,8.8775,0.0817,19.2697,33.916,0.6675
11,363,8.5832,0.1995,19.5654,34.203,0.6674
11,364,7.9997,0.0000,20.3314,33.925,0.6675
11,365,9.2390,0.2361,21.1416,33.851,0.6681
11,366,8.7375,0.1571,20.6513,34.127,0.6686
11,367,8.7520,0.3782,20.4562,33.965,0.6679
11,368,8.1998,0.4059,20.6926,34.112,0.6673
11,369,8.3049,0.4770,20.9074,33.939,0.6671
11,370,8.7584,0.1776,19.8975,34.139,0.6663
11,371,8.3287,0.1958,19.2861,34.005,0.6661
11,372,8.5198,0.0000,20.2480,34.029,0.6671
11,373,8.2974,0.1808,20.1914,34.202,0.6683
11,374,8.6762,0.2892,19.3325,34.070,0.6686
11,375,8.6657,0.3816,19.7512,33.844,0.6685
11,376,8.0794,0.3662,21.7061,34.197,0.6673
11,377,8.5842,0.1807,20.0079,33.865,0.6661
11,378,8.0443,0.3390,20.0947,33.894,0.6669
11,379,7.9358,0.0000,20.1416,33.900,0.6673
11,380,8.0646,0.1926,20.8614,34.276,0.6669
11,381,8.0512,0.1558,20.7086,34.177,0.6666
11,382,8.5312,0.2982,21.0448,34.163,0.6671
11,383,8.7499,0.0247,20.5387,34.052,0.6686
11,384,8.6505,0.1625,19.5408,33.984,0.6691
11,385,8.1119,0.0025,20.9779,34.087,0.6676
11,386,8.0942,0.1838,21.3526,33.921,0.6659
11,387,8.5433,0.2183,21.3947,34.073,0.6654
11,388,8.4492,0.1280,20.3648,33.970,0.6664
11,389,8.8624,0.1100,20.2335,34.087,0.6677
11,390,7.4015,0.2144,20.6364,34.111,0.6676
11,391,9.5000,0.0746,19.3933,34.287,0.6676
11,392,8.0397,0.2114,19.8400,34.072,0.6677
11,393,8.8138,0.2289,20.0452,33.964,0.6670
11,394,8.3526,0.4073,19.3353,33.752,0.6655
11,395,8.4920,0.0218,19.2684,34.050,0.6654
11,396,8.4471,0.0768,20.8825,34.230,0.6669
11,397,8.9217,0.0127,19.8815,33.988,0.6683
11,398,8.7241,0.0016,19.7295,34.184,0.6682
11,399,9.0202,0.3845,20.1636,34.233,0.6675
12,0,7.3360,0.1297,17.8218,34.227,0.5680
12,1,7.0734,0.3546,17.6743,33.937,0.5685
12,2,7.3701,0.0000,17.6235,33.876,0.5682
12,3,7.1375,0.0172,17.0322,34.121,0.5672
12,4,7.5664,0.2561,17.1282,34.050,0.5675
12,5,7.2304,0.1895,18.0100,33.993,0.5687
12,6,7.8741,0.2702,17.4605,33.865,0.5683
12,7,7.2340,0.4296,17.0300,34.082,0.5672
12,8,7.1555,0.0000,17.1680,33.648,0.5678
12,9,7.3661,0.2508,18.2751,33.961,0.5695
12,10,7.6588,0.2628,18.0065,34.090,0.5702
12,11,6.9357,0.2964,18.1937,33.751,0.5699
12,12,6.8978,0.1620,18.0885,33.931,0.5689
12,13,7.3314,0.1574,18.1145,33.928,0.5683
12,14,7.3652,0.0000,17.2674,34.198,0.5683
12,15,7.6921,0.1802,17.9700,34.043,0.5683
12,16,7.4511,0.0843,18.0163,34.263,0.5694
12,17,7.2927,0.0662,18.3119,34.185,0.5700
12,18,7.3555,0.2101,18.0382,33.760,0.5681
12,19,7.1169,0.3510,17.7005,33.958,0.5664
12,20,7.6594,0.0000,17.1417,34.124,0.5665
12,21,7.1960,0.2795,17.9782,34.012,0.5678
12,22,7.2420,0.3914,16.7798,33.970,0.5696
12,23,6.5646,0.1196,18.4862,33.853,0.5693
12,24,6.8783,0.0860,16.9560,34.232,0.5675
12,25,7.6288,0.1683,17.6803,34.053,0.5668
12,26,7.2077,0.0000,17.5683,33.857,0.5672
12,27,7.3441,0.0293,16.9970,34.101,0.5683
12,28,7.0399,0.0000,17.2893,33.900,0.5691
12,29,7.2344,0.0328,18.2800,34.087,0.5684
12,30,7.1553,0.4426,16.8763,33.963,0.5674
12,31,7.2083,0.3768,17.2649,34.073,0.5667
12,32,7.1376,0.1684,17.4088,33.874,0.5667
12,33,6.7659,0.0931,16.8904,34.264,0.5669
12,34,6.7831,0.2066,17.5987,33.976,0.5677
12,35,6.9728,0.3124,17.9716,33.789,0.5687
12,36,7.5126,0.2411,17.6389,34.159,0.5689
12,37,6.9151,0.0000,17.7604,33.938,0.5676
12,38,6.7397,0.1258,17.0306,33.989,0.5657
12,39,7.4394,0.0000,17.4206,33.835,0.5661
12,40,7.2376,0.0000,17.3716,33.853,0.5681
12,41,6.8229,0.0000,17.7162,34.257,0.5694
12,42,6.9598,0.1270,17.6029,33.812,0.5685
12,43,7.5338,0.0773,17.8474,34.045,0.5675
12,44,7.2554,0.0000,17.4574,33.960,0.5679
12,45,6.6979,0.2011,18.3814,34.127,0.5682
12,46,6.8407,0.5384,17.6519,34.051,0.5677
12,47,7.0417,0.0027,17.4187,33.813,0.5683
12,48,6.9501,0.0854,17.5563,34.068,0.5695
12,49,7.8630,0.3586,18.5288,34.567,0.5836
12,50,7.2313,0.1553,17.7690,34.419,0.6551
12,51,7.8395,0.0743,18.1469,34.419,0.7116
12,52,8.1976,0.1313,17.8676,33.918,0.7124
12,53,7.5125,0.0626,18.7901,33.977,0.6793
12,54,8.1221,0.0000,18.4372,33.984,0.6315
12,55,7.4624,0.3113,18.7981,34.027,0.6090
12,56,7.9691,0.2467,19.3026,33.930,0.6169
12,57,7.2974,0.2093,19.2371,34.133,0.6319
12,58,7.3492,0.0000,17.9665,33.999,0.6381
12,59,7.8157,0.0000,18.2598,34.001,0.6349
12,60,7.7825,0.1915,19.2203,34.106,0.6292
12,61,7.6877,0.1197,18.7608,34.130,0.6272
12,62,8.3288,0.1855,19.2669,34.116,0.6296
12,63,7.6937,0.0000,18.0866,34.032,0.6324
12,64,7.7582,0.1505,19.4343,33.985,0.6325
12,65,7.7576,0.0244,18.7463,34.130,0.6311
12,66,8.2643,0.2666,18.0309,33.838,0.6303
12,67,7.6890,0.3143,18.7933,33.703,0.6300
12,68,7.8867,0.2957,19.4499,33.862,0.6306
12,69,7.5194,0.1659,19.6093,34.141,0.6310
12,70,7.4073,0.0000,19.5533,34.133,0.6309
12,71,7.2425,0.1927,18.4963,34.032,0.6308
12,72,8.0229,0.2278,19.3997,33.680,0.6301
12,73,8.3431,0.1824,19.0733,33.986,0.6299
12,74,7.9235,0.0000,18.1717,34.248,0.6307
12,75,7.7468,0.2085,20.2631,34.227,0.6321
12,76,7.7708,0.0195,18.0087,33.752,0.6325
12,77,8.1850,0.0000,18.3822,33.877,0.6316
12,78,7.1460,0.0876,19.0017,33.892,0.6305
12,79,7.6126,0.1507,18.9971,34.000,0.6299
12,80,8.3649,0.0436,19.3426,33.855,0.6304
12,81,7.9973,0.3201,19.4249,34.084,0.6311
12,82,8.3062,0.0941,19.4587,34.065,0.6311
12,83,7.4834,0.3213,18.8825,34.283,0.6316
12,84,7.9186,0.1915,20.5000,33.880,0.6327
12,85,7.9979,0.2072,19.5703,34.073,0.6327
12,86,7.9907,0.0366,18.6512,33.929,0.6321
12,87,8.4478,0.2868,19.4976,33.954,0.6322
12,88,8.0937,0.2106,19.7643,34.175,0.6325
12,89,8.0204,0.1745,19.1285,34.196,0.6321
12,90,8.4246,0.2013,19.8595,33.988,0.6321
12,91,8.0625,0.2338,18.2328,34.065,0.6331
12,92,7.8650,0.1118,19.5394,34.041,0.6329
12,93,8.1695,0.0938,18.3111,34.098,0.6328
12,94,7.9673,0.1460,19.1919,34.036,0.6328
12,95,8.1044,0.1525,17.6636,33.910,0.6320
12,96,8.1432,0.2455,18.5768,34.179,0.6311
12,97,7.6896,0.1881,18.9212,33.803,0.6308
12,98,8.5072,0.4087,20.3526,34.112,0.6316
12,99,7.5215,0.1270,19.5271,33.987,0.6326
12,100,7.8148,0.5636,19.6630,34.114,0.6318
12,101,7.6700,0.0000,19.9750,34.006,0.6308
12,102,7.8116,0.2205,20.1542,34.020,0.6313
12,103,8.1772,0.0549,18.6806,33.966,0.6316
12,104,8.0816,0.1923,18.8820,34.042,0.6326
12,105,7.9244,0.1473,19.4059,34.280,0.6337
12,106,7.7476,0.4669,19.7106,34.016,0.6334
12,107,8.6381,0.2529,18.5043,33.782,0.6319
12,108,8.2034,0.0088,19.6673,33.897,0.6312
12,109,7.8037,0.0981,18.9217,33.961,0.6313
12,110,7.9001,0.1266,19.4888,34.147,0.6314
12,111,7.6549,0.0000,18.9514,33.903,0.6321
12,112,7.7563,0.0289,19.3343,34.094,0.6323
12,113,7.6842,0.2216,20.2411,33.917,0.6317
12,114,7.9960,0.2759,18.9550,34.203,0.6313
12,115,7.8881,0.1418,18.7639,33.903,0.6311
12,116,7.9375,0.2543,19.0661,34.048,0.6316
12,117,8.5253,0.1148,19.3671,34.069,0.6312
12,118,8.2561,0.3577,19.5346,33.841,0.6296
12,119,8.1296,0.1134,19.3409,33.896,0.6298
12,120,7.7209,0.1590,19.1001,34.062,0.6313
12,121,7.7067,0.0000,19.2808,33.796,0.6322
12,122,7.8793,0.1300,19.4139,33.930,0.6313
12,123,7.6184,0.1139,18.8654,33.861,0.6302
12,124,7.7592,0.3381,18.9526,33.898,0.6302
12,125,7.6001,0.1174,19.7243,34.152,0.6308
12,126,7.4776,0.0000,19.4698,32.443,0.5853
12,127,6.7163,0.3634,18.6888,32.452,0.3662
12,128,6.9616,0.0000,16.8280,33.224,0.2041
12,129,6.6341,0.1533,16.7456,33.611,0.2098
12,130,6.4526,0.1563,17.1266,33.539,0.2900
12,131,6.0565,0.2722,14.8755,33.894,0.3399
12,132,6.1036,0.0337,15.2280,33.706,0.3372
12,133,6.4534,0.2828,14.9513,33.554,0.3148
12,134,5.7530,0.0718,14.5820,33.914,0.3035
12,135,5.5135,0.0000,14.9050,33.780,0.3075
12,136,5.4603,0.0000,13.6928,33.883,0.3152
12,137,5.0098,0.0048,13.3599,34.033,0.3189
12,138,5.6905,0.1852,13.4748,33.857,0.3186
12,139,5.3849,0.0000,13.3036,33.827,0.3177
12,140,5.2008,0.1196,12.3815,33.822,0.3177
12,141,5.4477,0.1175,12.5953,33.954,0.3179
12,142,4.8761,0.0806,12.4109,34.084,0.3185
12,143,5.0179,0.1580,12.3418,33.896,0.3188
12,144,4.9147,0.2314,12.7588,33.918,0.3187
12,145,5.6750,0.2408,11.8008,33.932,0.3186
12,146,5.0981,0.2103,12.1288,34.061,0.3185
12,147,5.0944,0.0295,11.9276,33.849,0.3184
12,148,4.6950,0.0000,11.9755,34.058,0.3183
12,149,5.1606,0.0000,11.8499,34.169,0.3187
12,150,4.6482,0.1505,11.5311,33.931,0.3188
12,151,4.8128,0.2264,12.0596,33.816,0.3189
12,152,5.0007,0.2070,11.7952,34.049,0.3193
12,153,4.8461,0.0000,11.5366,33.911,0.3194
12,154,5.2148,0.3960,11.9864,34.304,0.3191
12,155,4.8513,0.0929,11.4435,34.123,0.3183
12,156,5.1049,0.0971,11.8442,34.147,0.3177
12,157,5.1882,0.2017,11.3896,33.969,0.3178
12,158,4.7440,0.0000,11.5121,34.056,0.3189
12,159,4.7862,0.2584,11.5159,33.909,0.3193
12,160,4.8364,0.1206,11.5485,33.926,0.3184
12,161,4.7102,0.0483,11.7436,33.862,0.3183
12,162,5.2006,0.0214,12.3676,33.641,0.3190
12,163,4.8568,0.1119,11.5141,33.889,0.3188
12,164,4.7048,0.1946,10.6842,33.969,0.3183
12,165,4.9789,0.0000,11.3016,34.072,0.3180
12,166,4.5402,0.0433,10.8001,33.792,0.3181
12,167,4.5807,0.1183,12.4205,34.015,0.3178
12,168,4.7046,0.2784,11.2120,33.944,0.3176
12,169,4.8687,0.0961,10.9210,34.222,0.3181
12,170,4.7642,0.2656,11.4594,34.331,0.3183
12,171,4.4978,0.1209,11.1441,33.906,0.3181
12,172,4.7804,0.0000,11.4641,34.005,0.3175
12,173,4.8317,0.1678,11.4018,34.282,0.3174
12,174,4.6741,0.0000,11.7967,33.993,0.3178
12,175,4.6361,0.1504,10.7185,34.064,0.3180
12,176,5.4591,0.0000,10.8413,33.898,0.3179
12,177,4.9060,0.1521,11.3603,34.032,0.3181
12,178,4.5236,0.1607,11.1402,33.694,0.3184
12,179,4.5257,0.0000,11.2591,34.075,0.3175
12,180,4.5224,0.1815,11.5633,34.117,0.3169
12,181,4.8155,0.0000,11.2593,33.965,0.3168
12,182,4.5241,0.1172,11.4096,34.204,0.3179
12,183,4.4453,0.1488,11.0999,33.984,0.3189
12,184,4.6158,0.2383,11.6517,34.012,0.3182
12,185,4.3940,0.0123,11.2556,33.839,0.3179
12,186,4.9007,0.0000,11.0829,34.079,0.3181
12,187,4.5679,0.0000,11.5394,33.890,0.3182
12,188,4.7784,0.0405,11.0082,33.972,0.3183
12,189,4.8495,0.0202,12.1065,33.932,0.3187
12,190,4.5931,0.0648,11.2579,33.689,0.3187
12,191,4.8738,0.0000,11.0044,33.992,0.3187
12,192,4.6152,0.0495,11.1574,34.094,0.3184
12,193,4.8078,0.0000,11.4130,33.937,0.3178
12,194,4.7910,0.0000,11.6305,34.218,0.3176
12,195,4.6016,0.0000,11.1511,33.993,0.3175
12,196,4.4386,0.1608,11.2679,33.820,0.3174
12,197,4.9504,0.1950,10.6097,34.101,0.3182
12,198,4.7896,0.0000,11.3248,34.243,0.3190
12,199,4.6679,0.1715,11.1732,34.043,0.3188
12,200,5.0121,0.1959,11.5347,33.953,0.3187
12,201,4.8999,0.2841,11.4180,33.881,0.3184
12,202,4.8592,0.2765,11.7484,33.976,0.3181
12,203,4.6669,0.0000,11.6919,33.869,0.3180
12,204,4.3638,0.1441,11.3726,34.076,0.3184
12,205,4.5924,0.0547,10.9741,33.982,0.3184
12,206,4.7216,0.3277,10.8901,34.055,0.3174
12,207,4.5437,0.0803,10.6986,33.753,0.3175
12,208,4.5464,0.1648,11.5106,33.853,0.3186
12,209,4.5624,0.1199,11.5618,33.973,0.3189
12,210,4.8066,0.1106,10.7576,33.959,0.3187
12,211,4.6607,0.0277,10.6090,33.956,0.3184
12,212,4.6162,0.2548,11.4730,33.881,0.3181
12,213,4.7279,0.3072,10.9008,33.992,0.3182
12,214,4.4552,0.1911,10.9643,34.060,0.3180
12,215,4.6651,0.2257,10.9825,34.448,0.3177
12,216,4.9450,0.0984,11.8511,34.346,0.3178
12,217,4.4832,0.1789,11.0641,34.317,0.3176
12,218,4.5270,0.0000,12.2500,35.065,0.3522
12,219,5.1840,0.3879,13.0406,35.409,0.5471
12,220,5.6136,0.0803,14.0998,34.894,0.7139
12,221,5.4975,0.2762,13.7718,34.708,0.7310
12,222,6.5286,0.1759,14.4355,34.052,0.6625
12,223,5.9165,0.3377,13.3681,34.384,0.6070
12,224,6.4925,0.1520,14.8033,34.280,0.6004
12,225,6.3947,0.0000,15.4905,34.196,0.6181
12,226,6.9362,0.2260,15.7046,34.005,0.6296
12,227,6.9844,0.1501,15.2616,33.994,0.6281
12,228,6.9820,0.0000,16.3892,34.130,0.6219
12,229,6.7236,0.2128,16.1648,34.196,0.6175
12,230,7.5726,0.0000,17.5345,34.079,0.6180
12,231,7.5371,0.1893,16.2548,34.192,0.6197
12,232,7.3353,0.1298,16.8194,34.272,0.6200
12,233,7.1182,0.0000,17.6920,33.878,0.6189
12,234,7.1455,0.0000,17.6914,33.934,0.6176
12,235,7.3795,0.1840,16.9778,34.292,0.6171
12,236,7.0356,0.2967,16.5049,34.356,0.6170
12,237,7.4574,0.2719,17.0189,34.048,0.6177
12,238,7.5993,0.0000,17.5736,33.958,0.6182
12,239,7.6344,0.0000,18.1169,34.067,0.6180
12,240,7.5357,0.2689,17.1747,33.867,0.6177
12,241,7.7589,0.0034,18.0340,34.183,0.6176
12,242,7.9191,0.2270,18.3239,33.980,0.6181
12,243,7.5678,0.0366,18.6396,33.940,0.6186
12,244,7.7250,0.1897,18.3578,34.233,0.6184
12,245,7.8851,0.1789,18.3857,34.004,0.6182
12,246,7.6809,0.4243,18.4387,33.956,0.6176
12,247,7.4926,0.1624,18.9273,33.922,0.6170
12,248,7.5042,0.0000,19.3359,33.795,0.6179
12,249,8.4044,0.1611,17.4575,33.660,0.6185
12,250,7.4057,0.0000,18.6097,33.898,0.6189
12,251,7.7422,0.3561,18.1395,34.235,0.6193
12,252,8.1818,0.1376,18.1521,34.112,0.6191
12,253,7.4089,0.0780,18.9287,34.106,0.6181
12,254,8.8488,0.0056,18.8358,33.781,0.6171
12,255,8.2930,0.0000,17.6999,34.091,0.6182
12,256,8.0301,0.2551,19.1344,33.982,0.6198
12,257,8.0844,0.3156,18.3751,34.012,0.6190
12,258,8.2240,0.2171,19.6528,34.076,0.6172
12,259,7.7394,0.2505,18.7985,34.073,0.6166
12,260,7.3440,0.1003,18.4344,33.989,0.6169
12,261,8.2153,0.1594,18.0989,34.151,0.6175
12,262,7.7436,0.1004,18.4372,34.137,0.6182
12,263,7.4805,0.1095,18.7512,33.985,0.6197
12,264,7.9194,0.1718,19.0102,34.160,0.6202
12,265,7.8231,0.0000,18.4446,33.903,0.6186
12,266,8.2671,0.1717,19.0639,34.085,0.6173
12,267,7.5767,0.2072,19.2872,34.059,0.6173
12,268,7.9804,0.0709,19.0398,33.998,0.6179
12,269,7.4767,0.2515,18.6702,33.904,0.6183
12,270,7.7758,0.5749,18.7333,33.942,0.6186
12,271,7.7405,0.1949,19.4586,33.980,0.6179
12,272,8.2963,0.1989,19.0121,34.128,0.6174
12,273,7.7296,0.1967,19.0365,34.337,0.6182
12,274,8.3255,0.0000,18.9592,33.930,0.6183
12,275,7.7837,0.0000,18.2562,33.732,0.6185
12,276,7.4959,0.1144,18.6435,33.687,0.6185
12,277,8.0833,0.0000,18.3459,34.361,0.6266
12,278,8.5169,0.2694,19.1177,33.921,0.6678
12,279,7.7811,0.0000,19.6315,34.280,0.6997
12,280,8.3451,0.0903,18.5182,34.007,0.7011
12,281,8.1474,0.1576,19.5998,33.584,0.6864
12,282,8.0971,0.1874,20.7248,34.144,0.6750
12,283,8.6081,0.1396,18.8433,33.926,0.6729
12,284,7.9773,0.0559,20.0899,33.855,0.6765
12,285,8.1418,0.0000,19.6760,34.222,0.6799
12,286,8.3950,0.0000,19.5991,34.329,0.6800
12,287,8.2980,0.2608,20.2913,33.992,0.6781
12,288,8.0559,0.1801,20.0952,34.218,0.6773
12,289,7.9614,0.1404,18.7857,34.198,0.6773
12,290,8.4129,0.1919,20.6632,33.804,0.6770
12,291,8.1912,0.4492,19.5402,33.766,0.6771
12,292,8.1841,0.2283,18.9182,33.886,0.6775
12,293,8.1671,0.4344,19.7597,34.028,0.6775
12,294,8.8438,0.2117,20.5301,34.317,0.6767
12,295,8.7242,0.1391,21.0199,33.964,0.6769
12,296,8.0449,0.0032,19.8708,33.858,0.6774
12,297,8.2105,0.1681,20.2915,34.267,0.6769
12,298,8.1466,0.2222,19.9457,33.606,0.6767
12,299,8.2432,0.1559,19.8352,34.038,0.6770
12,300,8.3468,0.3709,19.5116,33.939,0.6779
12,301,8.0207,0.0000,20.5381,34.016,0.6789
12,302,8.0643,0.0342,20.2928,33.901,0.6787
12,303,8.0665,0.0604,19.0171,33.881,0.6765
12,304,7.8496,0.0661,20.9046,33.753,0.6755
12,305,7.9982,0.2746,21.6202,34.114,0.6763
12,306,8.7690,0.3099,19.7876,33.699,0.6757
12,307,7.8515,0.1411,19.8287,33.811,0.6746
12,308,8.3475,0.4069,19.9354,34.106,0.6758
12,309,8.5244,0.2025,19.6803,34.229,0.6769
12,310,7.9272,0.0684,19.3585,33.857,0.6760
12,311,8.5823,0.0771,20.2669,33.914,0.6757
12,312,7.7046,0.1465,20.7923,33.679,0.6758
12,313,8.4950,0.0000,19.7740,34.094,0.6760
12,314,8.2367,0.3111,19.6224,33.947,0.6764
12,315,7.8231,0.1687,20.3223,34.252,0.6761
12,316,8.0397,0.4266,20.4705,34.044,0.6757
12,317,8.1921,0.2272,20.4241,34.042,0.6762
12,318,8.2114,0.0981,21.0739,33.868,0.6779
12,319,8.6561,0.2680,20.0492,33.599,0.6785
12,320,8.1062,0.2169,21.2968,34.068,0.6783
12,321,7.9540,0.1198,21.0215,33.964,0.6771
12,322,7.9352,0.2251,20.2032,34.108,0.6761
12,323,8.6087,0.3138,20.1825,33.992,0.6760
12,324,8.5679,0.5780,20.7215,33.934,0.6764
12,325,9.0981,0.1250,19.5447,33.879,0.6772
12,326,8.0892,0.0973,20.2902,33.978,0.6782
12,327,8.5365,0.1044,19.1441,34.291,0.6787
12,328,8.4443,0.4352,20.2457,33.991,0.6784
12,329,8.8393,0.0000,19.8575,34.040,0.6784
12,330,8.8696,0.1411,19.2137,33.897,0.6780
12,331,8.5667,0.0266,20.1043,33.932,0.6784
12,332,8.4196,0.0655,20.9164,33.987,0.6785
12,333,8.7256,0.2816,20.0759,33.978,0.6782
12,334,8.0737,0.0141,20.2039,33.877,0.6787
12,335,8.4207,0.2360,20.0256,33.979,0.6712
12,336,8.2320,0.0000,19.9389,33.804,0.6351
12,337,8.8876,0.0000,19.8877,34.043,0.6074
12,338,8.2245,0.2139,19.1276,33.885,0.6078
12,339,9.0464,0.1021,19.0854,33.914,0.6224
12,340,9.3016,0.0797,20.3137,34.003,0.6314
12,341,8.7302,0.0459,19.6025,33.900,0.6310
12,342,8.4139,0.2220,20.0681,34.040,0.6268
12,343,8.4260,0.1979,19.4910,33.851,0.6246
12,344,9.0224,0.2108,19.2761,34.193,0.6255
12,345,7.8436,0.1144,18.8511,33.994,0.6273
12,346,8.1408,0.2647,19.3204,33.912,0.6278
12,347,8.6968,0.2768,18.3127,34.206,0.6272
12,348,8.2724,0.3360,18.8704,34.076,0.6272
12,349,7.8435,0.6587,20.0045,34.002,0.6266
12,350,8.3191,0.1925,19.5727,33.888,0.6264
12,351,8.1546,0.0000,19.1901,33.684,0.6268
12,352,7.9427,0.0678,19.0647,33.818,0.6264
12,353,7.8641,0.0000,19.3426,33.947,0.6258
12,354,7.8718,0.2589,18.8626,33.567,0.6255
12,355,7.4916,0.0000,19.2178,34.039,0.6256
12,356,7.5036,0.2295,19.7626,34.054,0.6255
12,357,7.7107,0.1634,19.0407,34.304,0.6247
12,358,7.6614,0.3933,18.9913,34.175,0.6247
12,359,7.6437,0.3596,19.3303,34.135,0.6261
12,360,7.7424,0.1252,18.9944,33.944,0.6269
12,361,8.3793,0.0000,20.0290,34.209,0.6264
12,362,7.4409,0.0025,18.9027,33.796,0.6244
12,363,7.4695,0.1441,18.6307,34.088,0.6223
12,364,7.6043,0.2728,19.3030,34.106,0.6219
12,365,7.4863,0.1748,18.3532,34.377,0.6227
12,366,7.7732,0.0186,18.9363,33.928,0.6248
12,367,7.8438,0.2466,18.6037,33.840,0.6271
12,368,8.2848,0.1396,18.7590,33.804,0.6273
12,369,8.0873,0.0000,19.4685,33.942,0.6264
12,370,7.8940,0.1541,19.1557,34.121,0.6254
12,371,7.5313,0.0304,18.8118,34.028,0.6252
12,372,8.2039,0.1293,18.9598,33.929,0.6261
12,373,8.0829,0.1475,19.6534,33.917,0.6270
12,374,7.5478,0.0000,18.1639,33.958,0.6265
12,375,7.6824,0.0922,18.9008,34.019,0.6256
12,376,8.2691,0.1030,18.5810,33.859,0.6263
12,377,7.8741,0.0000,18.8171,33.767,0.6273
12,378,8.4698,0.1666,18.6457,33.929,0.6269
12,379,8.3192,0.0742,19.8792,34.131,0.6261
12,380,7.8871,0.0136,19.2446,33.934,0.6263
12,381,8.0341,0.1665,18.7451,33.957,0.6264
12,382,7.9077,0.4107,19.0082,34.001,0.6263
12,383,8.4386,0.2256,19.2763,33.833,0.6264
12,384,8.0938,0.0000,19.1783,33.986,0.6261
12,385,7.8021,0.1669,18.7081,34.084,0.6256
12,386,8.4049,0.1187,18.7250,33.747,0.6254
12,387,7.6940,0.0000,19.6556,33.926,0.6265
12,388,8.3425,0.2618,18.7240,33.853,0.6281
12,389,8.7896,0.1696,18.9621,34.158,0.6282
12,390,7.9541,0.1509,18.6955,33.861,0.6272
12,391,7.8377,0.1442,20.4366,33.979,0.6252
12,392,7.6470,0.2101,19.8301,33.905,0.6240
12,393,8.4875,0.0824,18.9275,34.044,0.6246
12,394,7.6401,0.0055,18.7520,33.951,0.6259
12,395,8.2880,0.2324,19.1585,34.021,0.6265
12,396,7.9297,0.1366,19.2517,33.743,0.6257
12,397,7.7601,0.0477,18.1574,34.162,0.6253
12,398,8.0021,0.0011,18.0940,33.801,0.6258
12,399,7.7746,0.2244,18.4640,34.202,0.6254
13,0,8.2964,0.4367,21.0592,34.018,0.6711
13,1,7.8611,0.0066,21.7859,34.045,0.6713
13,2,8.3180,0.0000,20.1742,33.817,0.6724
13,3,8.7954,0.2090,21.1580,33.977,0.6740
13,4,8.1075,0.0000,20.3707,34.098,0.6747
13,5,7.9790,0.0000,18.8404,34.007,0.6743
13,6,8.5915,0.1849,20.4665,33.863,0.6743
13,7,7.9598,0.3697,20.7110,33.819,0.6744
13,8,8.1743,0.2541,19.7281,34.087,0.6734
13,9,9.0996,0.0483,20.3621,34.023,0.6721
13,10,7.9705,0.2360,19.3535,33.978,0.6727
13,11,8.4848,0.1587,20.3206,34.065,0.6733
13,12,7.9889,0.0000,21.0483,34.208,0.6732
13,13,8.3615,0.4100,20.8662,34.134,0.6727
13,14,8.4212,0.0500,19.9960,33.943,0.6716
13,15,7.7847,0.0604,20.5605,34.269,0.6720
13,16,8.1223,0.1850,20.5589,34.328,0.6725
13,17,7.8793,0.1048,19.0709,33.974,0.6729
13,18,7.9924,0.1375,20.1671,33.944,0.6733
13,19,7.9880,0.1885,19.3970,34.095,0.6737
13,20,8.0853,0.2731,20.1907,34.044,0.6737
13,21,7.7639,0.1445,19.8772,33.993,0.6722
13,22,8.0064,0.1066,21.0102,33.802,0.6709
13,23,7.4028,0.1720,19.4370,33.830,0.6713
13,24,8.3033,0.2644,20.2866,33.967,0.6718
13,25,8.1881,0.0850,21.3941,34.010,0.6729
13,26,8.2686,0.4190,20.2306,34.136,0.6750
13,27,8.4074,0.1151,20.6223,34.070,0.6749
13,28,8.1783,0.2794,21.1010,34.010,0.6729
13,29,8.3490,0.2978,20.3739,33.879,0.6726
13,30,7.9570,0.0614,20.5417,34.024,0.6736
13,31,8.3882,0.2368,20.2916,34.105,0.6731
13,32,8.2840,0.2138,19.6228,33.829,0.6721
13,33,8.0170,0.0529,20.2523,34.047,0.6723
13,34,8.3168,0.0000,20.1877,34.525,0.6728
13,35,8.5055,0.1440,20.3914,33.904,0.6734
13,36,8.3685,0.0845,19.4669,33.918,0.6742
13,37,8.0973,0.1599,19.7612,34.007,0.6745
13,38,8.9140,0.1138,19.1596,33.869,0.6745
13,39,8.3782,0.2405,20.3150,34.120,0.6751
13,40,7.8098,0.0358,20.4658,34.081,0.6750
13,41,8.0419,0.0339,20.6679,34.074,0.6735
13,42,8.8759,0.1040,21.2706,34.285,0.6723
13,43,9.3073,0.1072,19.2229,33.842,0.6731
13,44,8.3428,0.1465,20.2254,34.293,0.6744
13,45,8.3070,0.4737,20.9271,33.720,0.6743
13,46,8.1952,0.2415,20.0633,34.034,0.6735
13,47,8.3027,0.0007,19.5683,34.064,0.6740
13,48,9.5078,0.0668,20.0115,33.969,0.6758
13,49,8.9445,0.4008,19.6240,33.944,0.6762
13,50,8.2572,0.0874,21.0275,34.142,0.6755
13,51,7.8666,0.0641,21.3944,33.970,0.6743
13,52,8.1026,0.0983,19.5290,33.864,0.6721
13,53,8.0108,0.0584,20.9140,33.717,0.6707
13,54,7.9820,0.0937,20.1242,33.850,0.6712
13,55,8.7823,0.1073,20.2321,34.025,0.6737
13,56,8.7075,0.0000,21.2637,34.218,0.6764
13,57,8.3650,0.1503,19.9919,34.052,0.6766
13,58,8.4670,0.1563,21.0718,34.098,0.6755
13,59,8.3833,0.0000,20.4528,33.945,0.6742
13,60,8.4809,0.0774,20.9326,34.059,0.6732
13,61,8.3696,0.1295,20.2816,34.131,0.6731
13,62,8.4045,0.3053,20.8626,34.216,0.6736
13,63,8.5115,0.0000,21.4102,34.112,0.6742
13,64,8.3500,0.0412,19.9946,33.943,0.6752
13,65,8.3729,0.0970,19.5214,34.118,0.6752
13,66,8.9079,0.4028,19.4666,34.232,0.6735
13,67,8.9435,0.0876,20.3310,33.897,0.6736
13,68,8.7308,0.3506,20.9532,33.845,0.6755
13,69,8.0621,0.0602,20.4859,34.155,0.6757
13,70,8.5529,0.1679,20.4916,34.108,0.6745
13,71,8.5877,0.3967,19.8309,34.313,0.6738
13,72,8.5308,0.0000,20.5148,34.110,0.6744
13,73,8.5182,0.3480,20.1589,34.051,0.6751
13,74,9.0150,0.1968,19.4163,33.988,0.6748
13,75,8.3938,0.0695,20.4335,33.824,0.6755
13,76,8.5718,0.1426,19.4867,33.951,0.6762
13,77,9.1499,0.3586,19.2428,33.906,0.6752
13,78,8.8995,0.1966,20.2958,33.949,0.6743
13,79,8.7957,0.1140,21.0182,33.943,0.6738
13,80,8.2810,0.3379,21.2476,33.789,0.6743
13,81,8.9622,0.1787,19.6479,34.131,0.6745
13,82,9.1786,0.0659,19.8045,33.917,0.6735
13,83,8.7260,0.1147,20.4555,34.309,0.6723
13,84,8.0628,0.1204,20.1629,33.932,0.6730
13,85,8.3029,0.1395,20.8790,34.203,0.6743
13,86,8.7114,0.2019,19.7427,34.060,0.6739
13,87,8.4453,0.1839,20.0717,34.160,0.6733
13,88,8.1097,0.0586,20.8301,34.042,0.6727
13,89,8.0062,0.0187,20.1887,34.147,0.6726
13,90,8.5723,0.4552,20.2073,33.642,0.6739
13,91,8.2627,0.2872,20.2951,33.883,0.6742
13,92,7.8337,0.0000,21.0617,34.290,0.6734
13,93,8.1700,0.2130,21.6221,33.794,0.6722
13,94,8.2332,0.0390,20.7328,33.969,0.6722
13,95,8.9726,0.1448,19.5705,34.116,0.6729
13,96,8.0129,0.1112,19.5710,33.993,0.6737
13,97,8.3868,0.0000,20.4149,33.889,0.6754
13,98,8.6201,0.0000,20.5407,33.980,0.6755
13,99,8.6145,0.1514,19.6248,33.834,0.6741
13,100,7.9949,0.5097,20.1503,34.006,0.6733
13,101,8.4515,0.1844,21.1853,33.806,0.6731
13,102,7.9547,0.0798,20.6263,34.181,0.6730
13,103,7.8942,0.0985,20.4592,34.027,0.6725
13,104,8.6772,0.2016,20.1134,33.854,0.6731
13,105,8.7508,0.1839,20.1978,33.976,0.6755
13,106,8.0924,0.1779,20.2587,33.952,0.6774
13,107,8.2677,0.1835,20.2180,33.871,0.6769
13,108,8.7058,0.0000,19.0859,34.064,0.6746
13,109,8.4870,0.1582,21.1443,34.037,0.6726
13,110,8.9630,0.2620,19.9382,34.198,0.6724
13,111,8.3989,0.1240,19.9540,33.938,0.6741
13,112,8.5376,0.2078,19.9079,33.893,0.6752
13,113,8.2716,0.0000,20.1976,34.053,0.6742
13,114,9.0552,0.0148,20.0736,34.085,0.6726
13,115,8.9090,0.0217,20.0506,34.304,0.6733
13,116,8.9173,0.0365,21.3701,34.037,0.6758
13,117,7.9076,0.4399,20.8735,33.808,0.6753
13,118,7.8581,0.0594,21.0628,33.988,0.6725
13,119,8.1888,0.1360,20.4496,34.088,0.6711
13,120,8.1386,0.1550,21.5866,34.054,0.6721
13,121,8.8605,0.2333,19.8033,34.145,0.6736
13,122,8.8346,0.0732,20.6475,34.072,0.6749
13,123,9.4962,0.2276,19.9511,33.677,0.6756
13,124,8.9151,0.4742,20.5398,33.841,0.6755
13,125,8.6420,0.2029,20.3139,33.929,0.6756
13,126,8.4453,0.0631,20.9886,34.182,0.6759
13,127,8.3555,0.1066,21.3954,34.020,0.6759
13,128,8.7834,0.0071,21.0736,33.960,0.6753
13,129,9.2502,0.2709,20.4470,34.046,0.6733
13,130,8.9162,0.2241,20.9206,34.401,0.6723
13,131,8.4545,0.1689,20.1942,34.145,0.6734
13,132,9.1594,0.0966,19.6115,34.087,0.6737
13,133,8.8377,0.1492,19.9137,34.187,0.6734
13,134,8.1056,0.0301,20.1774,33.979,0.6741
13,135,8.2718,0.1662,20.0768,33.944,0.6745
13,136,8.2985,0.1612,19.3034,34.177,0.6740
13,137,8.5971,0.0493,21.0791,34.006,0.6738
13,138,9.1746,0.0943,19.9398,34.175,0.6740
13,139,8.6603,0.0030,19.5078,34.199,0.6743
13,140,8.4571,0.3762,20.1903,33.705,0.6742
13,141,8.3091,0.0594,19.5871,34.069,0.6733
13,142,8.3120,0.4240,20.8174,33.887,0.6734
13,143,8.3214,0.2333,21.1284,33.996,0.6737
13,144,8.4942,0.2529,21.0206,34.067,0.6729
13,145,8.2180,0.1931,19.8707,34.147,0.6726
13,146,8.7043,0.1682,19.6122,33.911,0.6730
13,147,7.6732,0.0000,20.3682,33.721,0.6734
13,148,8.1032,0.3013,21.3203,33.951,0.6724
13,149,7.9431,0.0444,20.5261,33.983,0.6711
13,150,7.9526,0.1801,20.1463,33.937,0.6711
13,151,8.2872,0.0000,18.7877,33.862,0.6715
13,152,8.3292,0.0000,19.9863,34.089,0.6729
13,153,8.2570,0.3435,20.8279,33.937,0.6746
13,154,8.8750,0.2513,19.3578,33.854,0.6750
13,155,8.2883,0.0000,20.6271,34.055,0.6744
13,156,7.8865,0.0000,19.8445,34.212,0.6737
13,157,8.4326,0.3165,19.9000,34.058,0.6739
13,158,8.6639,0.1132,20.1861,33.989,0.6736
13,159,8.6709,0.0468,19.7336,33.868,0.6731
13,160,8.2092,0.0000,21.9275,34.304,0.6734
13,161,8.2350,0.0004,19.7781,34.069,0.6737
13,162,8.9854,0.2994,19.8325,33.787,0.6743
13,163,8.7867,0.2948,19.7071,34.001,0.6746
13,164,8.5230,0.2392,19.3597,33.803,0.6737
13,165,8.5602,0.0721,20.7039,34.301,0.6732
13,166,7.7908,0.3372,21.3416,34.094,0.6736
13,167,8.1525,0.0000,20.4179,34.019,0.6739
13,168,8.7104,0.2680,19.9796,34.021,0.6732
13,169,8.5114,0.2376,19.7131,34.076,0.6734
13,170,8.9926,0.1996,21.1095,33.756,0.6744
13,171,8.5044,0.2384,21.6935,33.597,0.6743
13,172,8.2612,0.1637,20.2395,33.968,0.6735
13,173,8.4186,0.0000,20.8445,33.978,0.6734
13,174,8.7855,0.3107,20.2857,34.123,0.6745
13,175,8.6481,0.0775,20.3827,33.917,0.6755
13,176,9.1911,0.1406,19.7870,34.116,0.6757
13,177,8.5465,0.0000,20.4113,33.784,0.6752
13,178,8.5822,0.0360,20.2153,34.018,0.6738
13,179,9.1163,0.0053,20.3666,34.017,0.6726
13,180,8.4190,0.0000,20.3913,33.898,0.6737
13,181,9.1631,0.2140,20.6412,33.843,0.6752
13,182,7.6254,0.0056,20.2293,34.015,0.6751
13,183,8.6112,0.3307,20.4343,33.965,0.6740
13,184,8.3319,0.0000,20.1858,33.799,0.6739
13,185,9.1186,0.0874,20.0282,34.015,0.6746
13,186,9.0666,0.1593,19.9686,33.811,0.6751
13,187,8.5924,0.2952,19.6402,34.130,0.6751
13,188,8.4074,0.1714,20.7281,34.133,0.6740
13,189,8.5091,0.0000,20.6757,34.143,0.6738
13,190,8.7334,0.1677,20.1840,33.876,0.6742
13,191,8.4349,0.2965,19.7401,33.944,0.6738
13,192,7.7058,0.4233,19.9492,32.845,0.6182
13,193,8.1992,0.0395,19.2627,32.353,0.3578
13,194,7.3154,0.1030,17.4316,32.995,0.1660
13,195,7.1127,0.0170,17.5720,33.649,0.1734
13,196,6.7437,0.1081,16.8892,33.788,0.2698
13,197,6.3956,0.0254,15.7990,34.150,0.3296
13,198,6.6592,0.0000,15.7095,33.682,0.3254
13,199,6.1680,0.2683,15.0507,33.747,0.2984
13,200,6.4296,0.0781,14.6858,33.842,0.2855
13,201,5.8010,0.0000,14.7835,33.731,0.2908
13,202,6.0113,0.2134,14.2171,33.860,0.3006
13,203,5.5843,0.0000,14.3176,34.997,0.3413
13,204,5.6288,0.2296,13.8853,35.121,0.5224
13,205,6.0902,0.2376,14.6695,34.832,0.6628
13,206,6.5285,0.3009,14.7850,34.149,0.6658
13,207,6.3914,0.2861,14.9880,34.068,0.6011
13,208,7.1350,0.2049,15.3569,34.282,0.5563
13,209,7.5059,0.0000,16.1269,34.263,0.5550
13,210,6.9094,0.3932,16.2139,34.184,0.5740
13,211,6.8657,0.0134,17.0324,34.177,0.5846
13,212,6.4563,0.0483,16.6126,33.920,0.5807
13,213,7.0656,0.0924,15.5885,34.158,0.5724
13,214,6.9810,0.0810,15.9722,33.861,0.5685
13,215,6.7500,0.1234,16.5098,34.105,0.5695
13,216,7.0698,0.2376,17.3151,33.817,0.5708
13,217,6.8681,0.2195,16.8333,33.943,0.5717
13,218,6.9806,0.0944,16.2296,33.888,0.5715
13,219,7.1903,0.0607,17.5210,33.933,0.5704
13,220,6.8821,0.2410,17.6953,33.976,0.5709
13,221,7.0143,0.0722,16.9776,34.138,0.5709
13,222,7.1275,0.1519,17.3288,33.852,0.5703
13,223,7.7869,0.2508,17.3477,34.017,0.5706
13,224,7.1587,0.2149,17.3689,34.135,0.5706
13,225,7.1384,0.2346,17.6688,34.053,0.5701
13,226,7.6564,0.0000,16.7887,34.121,0.5703
13,227,7.6251,0.0678,17.6892,33.809,0.5719
13,228,7.3114,0.2680,17.0987,34.155,0.5725
13,229,7.6963,0.2324,16.9538,34.179,0.5718
13,230,7.5009,0.2722,17.5655,33.856,0.5712
13,231,6.6971,0.1525,18.2120,33.858,0.5702
13,232,7.5734,0.1088,18.3003,33.665,0.5700
13,233,7.7397,0.1801,17.1004,33.906,0.5710
13,234,7.5056,0.2195,18.7475,34.093,0.5710
13,235,7.2146,0.0000,17.7455,34.058,0.5706
13,236,7.3239,0.1030,16.8975,33.818,0.5708
13,237,7.4588,0.1332,16.8560,34.050,0.5712
13,238,7.7457,0.2476,17.7609,33.999,0.5720
13,239,7.6018,0.0983,17.1864,34.022,0.5716
13,240,7.5842,0.0000,18.2993,33.779,0.5703
13,241,7.4322,0.2090,18.1167,33.985,0.5699
13,242,6.6358,0.2895,17.8545,33.996,0.5697
13,243,6.6095,0.2474,16.8725,33.905,0.5682
13,244,6.9739,0.0586,17.6058,34.089,0.5675
13,245,6.8113,0.1318,17.4203,34.218,0.5691
13,246,7.2003,0.2432,17.9377,34.255,0.5707
13,247,6.8235,0.3345,17.5698,34.208,0.5708
13,248,7.8283,0.0985,17.3825,34.062,0.5696
13,249,6.6721,0.0863,17.5071,34.037,0.5686
13,250,6.6713,0.4159,18.5458,33.936,0.5695
13,251,7.1871,0.3558,17.8349,33.894,0.5710
13,252,7.5990,0.0185,17.0027,33.933,0.5715
13,253,7.3653,0.0000,18.0366,33.917,0.5713
13,254,7.3766,0.2611,17.2280,33.972,0.5703
13,255,7.2006,0.4577,18.7763,34.137,0.5694
13,256,7.2448,0.0531,17.5476,34.209,0.5699
13,257,7.7302,0.1972,17.4316,33.954,0.5706
13,258,6.8807,0.0000,18.4295,34.100,0.5705
13,259,6.9968,0.3973,17.7117,34.085,0.5696
13,260,7.6140,0.0172,18.5815,34.128,0.5688
13,261,7.4224,0.0303,18.0448,33.774,0.5694
13,262,6.6463,0.3099,18.0372,34.265,0.5704
13,263,7.2133,0.2202,17.4046,33.928,0.5698
13,264,6.9923,0.3041,18.1947,34.218,0.5688
13,265,7.1135,0.0072,16.8305,33.885,0.5688
13,266,7.2095,0.0000,18.4983,34.144,0.5696
13,267,7.6532,0.0843,17.4201,34.187,0.5707
13,268,7.3166,0.2195,18.1924,33.991,0.5717
13,269,7.4638,0.3558,17.6228,34.071,0.5716
13,270,7.4122,0.0679,19.0659,34.201,0.5708
13,271,7.4696,0.0000,18.0773,33.958,0.5700
13,272,7.5661,0.1667,16.9252,33.974,0.5702
13,273,7.3611,0.0178,16.6524,33.980,0.5716
13,274,7.4319,0.0000,17.9937,33.856,0.5724
13,275,7.6443,0.0430,17.4345,33.784,0.5719
13,276,7.2026,0.2530,17.7903,33.927,0.5712
13,277,7.5298,0.1267,17.6915,34.037,0.5705
13,278,7.6687,0.0710,17.5405,34.338,0.5702
13,279,7.0411,0.2016,17.9888,34.085,0.5712
13,280,7.0762,0.0000,16.9755,34.104,0.5718
13,281,7.4081,0.0000,18.6928,34.187,0.5715
13,282,8.1030,0.1694,17.4432,34.033,0.5716
13,283,7.8150,0.3849,17.5264,34.363,0.5716
13,284,7.6212,0.0000,17.3418,33.801,0.5702
13,285,7.3744,0.3113,18.8753,33.833,0.5695
13,286,7.5229,0.0000,17.6998,33.793,0.5702
13,287,7.4469,0.1509,18.3881,33.785,0.5704
13,288,7.3787,0.2461,16.7075,33.977,0.5701
13,289,7.1525,0.3354,17.5694,33.914,0.5694
13,290,7.4697,0.0847,17.2880,33.969,0.5694
13,291,7.6264,0.0000,17.5022,33.944,0.5698
13,292,7.4459,0.0555,17.8524,33.832,0.5703
13,293,7.2944,0.0941,17.8439,34.153,0.5706
13,294,7.3579,0.0641,17.3367,33.808,0.5704
13,295,7.6470,0.0000,17.8125,33.921,0.5697
13,296,7.2593,0.1090,17.7713,34.066,0.5698
13,297,7.1342,0.1429,18.0761,34.179,0.5703
13,298,7.0676,0.0000,17.9593,33.718,0.5708
13,299,7.2972,0.1702,17.9042,34.105,0.5713
13,300,7.1942,0.2250,16.6095,33.896,0.5710
13,301,7.2542,0.3420,18.0227,33.876,0.5705
13,302,6.9323,0.0744,16.6438,34.000,0.5694
13,303,7.3155,0.2307,17.5672,33.635,0.5684
13,304,7.8328,0.1087,17.8870,34.140,0.5690
13,305,7.0866,0.0000,18.0390,34.123,0.5705
13,306,7.1338,0.3123,17.6635,33.990,0.5716
13,307,7.1325,0.0630,17.5257,34.039,0.5712
13,308,6.5800,0.0000,16.9352,34.046,0.5696
13,309,7.2588,0.0000,17.2033,34.123,0.5685
13,310,7.6915,0.2529,16.5702,34.148,0.5687
13,311,7.3895,0.0696,16.8803,33.774,0.5698
13,312,7.0460,0.0235,18.6016,33.848,0.5708
13,313,7.7110,0.4397,17.6090,33.977,0.5708
13,314,7.1230,0.0000,17.4112,34.001,0.5707
13,315,7.4884,0.0000,16.5934,33.935,0.5705
13,316,7.3896,0.2661,17.7383,33.928,0.5702
13,317,7.5996,0.2120,17.8673,34.020,0.5710
13,318,7.2226,0.2134,17.5023,34.023,0.5715
13,319,7.4499,0.1781,17.1304,33.923,0.5712
13,320,7.4300,0.1206,17.5774,33.957,0.5707
13,321,7.9850,0.1859,17.3279,34.032,0.5716
13,322,7.7065,0.2047,17.2006,34.088,0.5732
13,323,7.5910,0.0000,17.2687,34.016,0.5725
13,324,7.3461,0.2780,17.2965,34.023,0.5706
13,325,6.9826,0.2628,17.4245,34.099,0.5700
13,326,6.6808,0.1219,17.0501,34.049,0.5707
13,327,7.6467,0.0126,18.2999,33.825,0.5713
13,328,7.8169,0.1746,16.7291,34.080,0.5711
13,329,7.4885,0.1174,17.5134,34.006,0.5703
13,330,7.6917,0.1122,16.8804,34.015,0.5698
13,331,7.6347,0.0556,18.2506,34.072,0.5698
13,332,7.5140,0.5950,18.1419,33.972,0.5711
13,333,7.9505,0.3122,17.6154,34.092,0.5713
13,334,8.0767,0.0982,17.9987,33.983,0.5707
13,335,7.2231,0.0000,16.9171,33.175,0.5362
13,336,6.9999,0.2410,16.4471,32.958,0.3707
13,337,6.3671,0.0000,16.1534,33.477,0.2477
13,338,6.5431,0.0379,15.6758,33.643,0.2510
13,339,6.1521,0.1885,16.0495,33.966,0.3114
13,340,6.1142,0.0359,15.1519,33.701,0.3493
13,341,6.0850,0.0291,14.5006,33.682,0.3469
13,342,5.7183,0.1318,14.5524,33.913,0.3299
13,343,5.5366,0.3453,14.9984,33.984,0.3219
13,344,5.1953,0.1427,13.3516,33.859,0.3253
13,345,5.3516,0.1683,14.2261,34.159,0.3312
13,346,5.3429,0.0000,12.9322,33.786,0.3342
13,347,5.3469,0.0473,13.2925,34.738,0.3637
13,348,5.2413,0.2830,14.6731,35.004,0.5232
13,349,5.5761,0.1096,14.2613,34.576,0.6545
13,350,5.5270,0.2293,14.8513,34.246,0.6622
13,351,5.9196,0.0009,14.9595,34.130,0.6031
13,352,6.4199,0.0000,15.2284,34.341,0.5588
13,353,6.3616,0.1612,15.2344,34.145,0.5571
13,354,6.5432,0.0570,16.2525,33.924,0.5744
13,355,6.7888,0.1508,15.9466,34.214,0.5854
13,356,6.4555,0.3211,16.0033,33.720,0.5845
13,357,7.3867,0.4778,16.4411,34.066,0.5876
13,358,7.1039,0.3260,16.5777,34.542,0.6315
13,359,7.1038,0.1331,16.2212,34.265,0.6696
13,360,7.4517,0.0951,17.1634,34.205,0.6718
13,361,7.8661,0.1492,17.1822,33.969,0.6534
13,362,7.1349,0.0038,17.2744,34.208,0.6393
13,363,7.6510,0.0000,18.4300,34.022,0.6376
13,364,7.2416,0.0000,17.6288,34.005,0.6424
13,365,7.5949,0.2310,17.9426,34.136,0.6460
13,366,7.5906,0.2879,18.7624,33.991,0.6463
13,367,7.7389,0.2389,17.7085,34.010,0.6452
13,368,8.0178,0.3698,17.9137,33.959,0.6444
13,369,7.7476,0.0358,18.2294,34.011,0.6440
13,370,8.1500,0.2699,18.6639,34.044,0.6433
13,371,7.3979,0.2397,17.3489,33.672,0.6428
13,372,7.7291,0.4421,18.9634,33.832,0.6424
13,373,8.1558,0.0000,19.7299,34.232,0.6423
13,374,7.5786,0.5344,19.0361,33.944,0.6426
13,375,7.7618,0.0000,19.2580,34.180,0.6424
13,376,7.6641,0.1046,18.8203,33.913,0.6425
13,377,7.8534,0.0906,18.6642,33.986,0.6435
13,378,8.1333,0.2331,19.8851,34.059,0.6443
13,379,8.0460,0.4767,18.7173,33.944,0.6367
13,380,7.7254,0.0257,19.5260,33.486,0.5998
13,381,8.1217,0.2776,19.2631,33.912,0.5717
13,382,8.3195,0.3128,19.1571,33.897,0.5722
13,383,8.1110,0.1665,18.0779,33.917,0.5866
13,384,8.8864,0.2947,17.8902,33.927,0.5956
13,385,8.0038,0.0865,19.1283,34.028,0.5947
13,386,7.9039,0.2087,18.5117,33.899,0.5903
13,387,7.8356,0.1932,18.8224,33.887,0.5882
13,388,7.7235,0.0998,18.2874,34.181,0.6012
13,389,7.7077,0.3141,18.6115,34.657,0.6662
13,390,8.0305,0.2236,19.5774,34.176,0.7173
13,391,8.2274,0.2335,18.9403,33.929,0.7188
13,392,8.5657,0.1620,19.1129,34.006,0.6944
13,393,8.5561,0.1861,19.1981,33.999,0.6775
13,394,8.5870,0.2828,19.6539,34.160,0.6769
13,395,8.3958,0.1086,19.7370,34.373,0.6833
13,396,8.1938,0.2035,18.8219,34.047,0.6883
13,397,8.5358,0.2650,20.4612,34.059,0.6885
13,398,8.8334,0.0680,20.5320,33.867,0.6854
13,399,9.4639,0.3058,19.8636,34.229,0.6828
14,0,7.0546,0.3224,18.6797,33.829,0.6001
14,1,7.7554,0.4445,19.5961,33.674,0.5982
14,2,7.2916,0.2358,18.6072,34.287,0.5981
14,3,7.3344,0.0325,18.5577,33.840,0.5991
14,4,7.4454,0.2495,18.0041,34.373,0.5993
14,5,8.0556,0.3173,18.7196,34.070,0.5996
14,6,7.4364,0.1929,19.0413,34.370,0.6085
14,7,7.4737,0.0831,19.2102,34.083,0.6513
14,8,7.7751,0.0895,18.1273,34.208,0.6849
14,9,8.0708,0.2496,19.1922,34.206,0.6858
14,10,7.4368,0.0000,19.7296,34.179,0.6695
14,11,7.9116,0.4087,18.9210,33.813,0.6576
14,12,8.0658,0.2934,19.0133,33.825,0.6565
14,13,7.7715,0.1188,17.9340,33.907,0.6619
14,14,8.0996,0.1906,19.5175,34.088,0.6660
14,15,7.2832,0.3474,19.0607,34.311,0.6650
14,16,8.5240,0.2340,18.3840,34.183,0.6621
14,17,8.2875,0.2598,19.6945,34.127,0.6601
14,18,8.0408,0.0000,18.2682,33.869,0.6602
14,19,8.1651,0.2106,18.9768,34.019,0.6610
14,20,7.8345,0.0403,19.5596,34.012,0.6618
14,21,8.2702,0.2432,19.3516,33.840,0.6614
14,22,7.8603,0.1481,19.7451,33.891,0.6597
14,23,7.9842,0.3611,19.8306,33.838,0.6593
14,24,7.7880,0.0888,20.0304,33.996,0.6605
14,25,7.5024,0.2226,19.7710,34.291,0.6614
14,26,7.4753,0.1808,19.0922,33.997,0.6612
14,27,8.3601,0.2849,19.4950,33.912,0.6605
14,28,7.9474,0.2050,19.6058,33.812,0.6524
14,29,7.6389,0.0000,19.5838,33.982,0.6115
14,30,7.4411,0.0000,19.6311,33.741,0.5803
14,31,7.5362,0.4368,19.7059,34.037,0.5809
14,32,8.3238,0.1901,19.5339,34.039,0.5965
14,33,7.8552,0.3537,18.8511,34.008,0.6077
14,34,8.2695,0.2595,19.9186,33.814,0.6072
14,35,8.0582,0.4321,19.2335,34.084,0.6021
14,36,7.8407,0.1018,18.5502,33.988,0.6009
14,37,8.3904,0.3638,19.5358,33.868,0.6031
14,38,8.9574,0.1534,19.7351,33.848,0.6054
14,39,7.7392,0.0000,19.8665,34.024,0.6064
14,40,7.9425,0.0809,18.9456,33.951,0.6049
14,41,7.4011,0.3425,18.5397,33.870,0.6031
14,42,8.0214,0.2190,18.7743,33.928,0.6029
14,43,8.2043,0.1626,18.4377,33.933,0.6044
14,44,7.6921,0.1186,18.8833,33.930,0.6058
14,45,8.3366,0.1142,18.0067,34.113,0.6058
14,46,7.7639,0.1312,18.4285,34.116,0.6054
14,47,8.4397,0.0000,17.6400,33.986,0.6053
14,48,8.2369,0.1769,18.1099,34.022,0.6055
14,49,7.4062,0.0000,19.6031,34.062,0.6054
14,50,7.3712,0.0000,19.7150,33.884,0.6042
14,51,7.1573,0.1350,19.1576,34.028,0.6020
14,52,7.5248,0.2400,18.0778,34.049,0.6005
14,53,8.5329,0.0020,18.3299,34.048,0.6013
14,54,7.2790,0.1311,18.3637,34.073,0.6041
14,55,7.9231,0.1021,17.9854,34.046,0.6064
14,56,7.9448,0.0084,18.1408,33.993,0.6057
14,57,8.0850,0.0000,18.2287,33.961,0.6044
14,58,7.9074,0.1867,17.7946,34.162,0.6037
14,59,7.8185,0.3001,18.9233,33.902,0.6030
14,60,7.3976,0.1070,18.4918,33.927,0.6024
14,61,7.7883,0.1203,18.7161,33.873,0.6033
14,62,7.1478,0.0982,18.5705,33.814,0.6039
14,63,7.5612,0.0096,17.9621,33.834,0.6026
14,64,8.0527,0.0000,17.5626,33.909,0.6015
14,65,7.8089,0.0361,17.5611,34.303,0.6023
14,66,7.1381,0.1700,17.6980,34.154,0.6042
14,67,7.4865,0.2307,18.7688,34.056,0.6047
14,68,7.8433,0.2731,18.8020,34.216,0.6029
14,69,7.3358,0.1446,18.2440,33.861,0.6018
14,70,8.0874,0.0000,18.9720,33.820,0.6021
14,71,7.7401,0.0282,19.2853,33.980,0.6037
14,72,8.0970,0.4976,19.6203,33.750,0.6054
14,73,7.9264,0.1086,18.7265,33.887,0.6056
14,74,8.0966,0.2233,17.4093,33.813,0.6055
14,75,8.2032,0.2528,18.9509,34.185,0.6047
14,76,7.6733,0.0000,17.7038,34.033,0.6041
14,77,7.5808,0.3440,17.9203,34.214,0.6044
14,78,8.1769,0.0685,18.7798,33.598,0.6049
14,79,7.7665,0.0997,19.5713,34.050,0.6053
14,80,8.3665,0.2951,18.8451,33.978,0.6056
14,81,8.3929,0.2517,18.7556,34.018,0.6046
14,82,7.6166,0.0944,18.3682,33.731,0.6031
14,83,7.9609,0.3470,18.1743,34.070,0.6030
14,84,8.2696,0.2856,18.7223,33.977,0.6042
14,85,7.3975,0.3903,18.4455,34.034,0.6051
14,86,7.8122,0.0485,17.5686,34.338,0.6147
14,87,8.0366,0.4255,18.8184,34.213,0.6647
14,88,8.3436,0.2043,17.8912,33.940,0.7046
14,89,8.1003,0.0646,19.6989,33.971,0.7059
14,90,8.0460,0.1476,18.3318,33.978,0.6863
14,91,8.6304,0.1280,19.7372,34.056,0.6727
14,92,8.7721,0.2152,18.4440,34.041,0.6730
14,93,8.3264,0.1820,19.6203,33.927,0.6792
14,94,8.2547,0.1284,20.0287,34.167,0.6821
14,95,8.5666,0.0675,20.3456,33.963,0.6804
14,96,8.5041,0.0000,19.7053,34.021,0.6781
14,97,8.8392,0.0463,20.6817,33.989,0.6784
14,98,8.8786,0.0373,20.4537,34.192,0.6800
14,99,8.7821,0.2739,20.6822,33.958,0.6797
14,100,8.5408,0.0844,20.5739,33.907,0.6784
14,101,8.9374,0.1252,19.9702,34.105,0.6773
14,102,9.3735,0.0494,19.7183,34.045,0.6774
14,103,8.5890,0.2205,20.3229,33.536,0.6787
14,104,8.8380,0.3953,20.3956,34.051,0.6796
14,105,8.0357,0.0458,19.5883,34.044,0.6795
14,106,8.9346,0.1058,19.1196,33.859,0.6788
14,107,9.0904,0.0000,20.1289,33.900,0.6777
14,108,8.4750,0.2712,20.7717,33.988,0.6780
14,109,8.9778,0.1380,19.4843,33.832,0.6787
14,110,8.6421,0.3196,20.3328,34.039,0.6780
14,111,8.3407,0.0000,19.3322,33.812,0.6765
14,112,8.4604,0.0721,20.3754,34.364,0.6759
14,113,8.2278,0.2154,19.4962,33.716,0.6770
14,114,8.5599,0.1024,20.6036,33.994,0.6782
14,115,8.5659,0.3307,20.1624,33.816,0.6783
14,116,8.8764,0.1848,20.5456,33.805,0.6779
14,117,8.9248,0.0770,20.1217,34.044,0.6783
14,118,8.5747,0.4060,21.4266,34.068,0.6793
14,119,8.3731,0.3759,20.1663,33.995,0.6794
14,120,8.4014,0.2708,19.8689,33.983,0.6778
14,121,7.9170,0.5877,19.6584,33.823,0.6767
14,122,8.3628,0.0467,19.6897,33.839,0.6768
14,123,8.8846,0.1509,20.0955,33.911,0.6773
14,124,8.8541,0.0000,20.0910,33.722,0.6769
14,125,8.1130,0.1742,20.8793,34.108,0.6761
14,126,8.4563,0.0033,21.1479,34.203,0.6769
14,127,8.1864,0.0000,20.8424,33.744,0.6787
14,128,8.3812,0.0000,19.9251,34.029,0.6795
14,129,8.3110,0.0000,20.4668,33.849,0.6793
14,130,8.6953,0.0414,19.6590,34.047,0.6786
14,131,8.2471,0.0000,20.4724,34.084,0.6775
14,132,8.1573,0.3764,19.6255,33.861,0.6762
14,133,8.3757,0.0000,20.8176,34.000,0.6755
14,134,8.3209,0.1760,20.2235,34.127,0.6756
14,135,8.6770,0.1734,20.9290,33.918,0.6760
14,136,8.6116,0.1774,21.3199,34.340,0.6768
14,137,8.6886,0.2504,19.8318,34.045,0.6782
14,138,8.2549,0.0760,21.3901,34.030,0.6788
14,139,8.1558,0.1488,20.3774,34.018,0.6786
14,140,8.5476,0.0000,20.6325,34.122,0.6778
14,141,7.9112,0.0000,20.4619,32.738,0.6280
14,142,8.0095,0.0000,18.7720,32.368,0.3970
14,143,7.1730,0.0000,17.9346,33.166,0.2268
14,144,6.6937,0.2272,17.4076,33.471,0.2333
14,145,7.3957,0.0000,17.9926,33.812,0.3188
14,146,6.7957,0.1266,16.8846,33.489,0.3721
14,147,6.3218,0.0750,16.3105,33.688,0.3688
14,148,6.1663,0.3601,15.5382,33.790,0.3450
14,149,5.8434,0.0213,15.1151,33.915,0.3335
14,150,6.2546,0.3888,15.5496,34.094,0.3379
14,151,5.8624,0.1570,15.0918,33.984,0.3461
14,152,5.8371,0.1388,14.8465,33.988,0.3498
14,153,5.3938,0.3761,15.0785,34.076,0.3489
14,154,5.5529,0.0466,13.8170,34.303,0.3468
14,155,5.5138,0.2059,13.8687,34.148,0.3461
14,156,5.1364,0.0000,14.1463,34.159,0.3468
14,157,5.7569,0.3791,13.5864,33.942,0.3477
14,158,5.5886,0.0602,13.5461,34.196,0.3491
14,159,5.3413,0.0000,13.3296,34.035,0.3496
14,160,5.3281,0.1218,13.5631,34.006,0.3488
14,161,5.6477,0.0743,13.3347,33.672,0.3481
14,162,5.4002,0.0751,13.6779,33.938,0.3486
14,163,5.0803,0.0000,12.9309,33.920,0.3494
14,164,5.2903,0.1969,13.0736,33.853,0.3493
14,165,5.2845,0.1682,12.7761,33.934,0.3491
14,166,5.4741,0.0000,12.6485,34.135,0.3489
14,167,4.8174,0.0000,13.3125,34.030,0.3488
14,168,4.8300,0.4406,12.5628,33.974,0.3487
14,169,5.0518,0.0574,12.2791,34.212,0.3483
14,170,4.7720,0.1479,12.1897,33.863,0.3484
14,171,4.7903,0.2030,12.2452,33.951,0.3488
14,172,5.1238,0.4611,12.3753,34.087,0.3490
14,173,5.0763,0.0000,11.8247,33.873,0.3487
14,174,5.2280,0.2037,12.0422,34.000,0.3484
14,175,4.4762,0.1163,11.8562,33.694,0.3483
14,176,4.7351,0.0000,12.4771,34.230,0.3478
14,177,4.8000,0.0000,12.0016,34.220,0.3473
14,178,5.0132,0.1597,12.2935,33.938,0.3472
14,179,4.7955,0.1010,12.6403,34.080,0.3483
14,180,4.8647,0.0000,12.3393,34.000,0.3494
14,181,4.7409,0.0647,12.2200,33.814,0.3492
14,182,5.1142,0.2947,12.2798,33.865,0.3489
14,183,5.0206,0.1940,11.5740,34.048,0.3489
14,184,5.3565,0.1987,11.7632,34.126,0.3491
14,185,5.2406,0.3177,11.8587,33.858,0.3487
14,186,4.9267,0.2185,11.8156,33.770,0.3484
14,187,5.4429,0.0729,12.1847,33.694,0.3485
14,188,5.0680,0.1660,11.9399,33.883,0.3486
14,189,4.9917,0.0831,11.6348,34.158,0.3487
14,190,4.7984,0.1807,11.8187,34.062,0.3483
14,191,4.7759,0.0465,12.2500,33.874,0.3472
14,192,5.1193,0.0000,12.0704,33.771,0.3398
14,193,5.0524,0.3000,11.6809,33.554,0.3034
14,194,4.7714,0.0000,11.4447,33.849,0.2748
14,195,4.4456,0.0899,11.8183,33.976,0.2738
14,196,4.9050,0.2046,11.0641,34.149,0.2865
14,197,4.5345,0.1825,11.4283,33.863,0.2955
14,198,4.7348,0.2031,11.0016,34.032,0.2959
14,199,4.7142,0.0848,11.6200,33.970,0.2926
14,200,4.7222,0.0902,11.2316,34.029,0.2908
14,201,4.6106,0.1471,10.8901,34.051,0.2916
14,202,4.4974,0.0000,11.0353,34.050,0.2927
14,203,4.5324,0.1992,11.1334,34.070,0.2928
14,204,4.5180,0.0968,11.5082,33.994,0.2925
14,205,4.4977,0.2597,10.6351,33.916,0.2923
14,206,4.0578,0.0955,11.0700,34.038,0.2922
14,207,4.4328,0.0000,10.0456,34.251,0.2918
14,208,3.9693,0.1357,10.5754,33.858,0.2917
14,209,4.2265,0.0886,10.3952,33.896,0.2922
14,210,4.1750,0.0000,10.9143,33.886,0.2928
14,211,4.5750,0.0000,9.9941,33.972,0.2932
14,212,4.6046,0.0000,11.0640,34.084,0.2931
14,213,4.5645,0.0000,10.9446,34.022,0.2927
14,214,4.5677,0.1239,11.3755,33.830,0.2921
14,215,4.3167,0.0000,10.7901,33.930,0.2915
14,216,4.4018,0.2560,10.9157,33.764,0.2918
14,217,3.9962,0.1317,10.3987,33.940,0.2922
14,218,4.2292,0.1828,10.3278,34.039,0.2923
14,219,4.7042,0.1198,10.8061,34.159,0.2922
14,220,4.2387,0.1809,10.8562,33.876,0.2923
14,221,4.2861,0.0000,10.9415,34.024,0.2929
14,222,4.5289,0.1461,11.0397,33.910,0.2931
14,223,4.3368,0.2825,10.7829,34.195,0.2928
14,224,4.3638,0.0000,9.9855,34.017,0.2928
14,225,4.0576,0.0574,10.8246,33.907,0.2929
14,226,4.1802,0.0223,10.6460,33.909,0.2925
14,227,4.4897,0.2283,10.4905,34.266,0.2922
14,228,3.9853,0.0461,11.1068,33.991,0.2928
14,229,4.3554,0.0000,10.8908,33.841,0.2930
14,230,4.4313,0.0391,10.7459,33.638,0.2920
14,231,3.9140,0.2331,10.2300,33.947,0.2913
14,232,4.1954,0.1162,9.9417,33.840,0.2917
14,233,4.5743,0.0002,10.9308,34.004,0.2922
14,234,4.3611,0.0000,10.5258,33.793,0.2922
14,235,4.1760,0.0222,10.5398,33.950,0.2922
14,236,4.4140,0.0021,10.3386,33.961,0.2924
14,237,4.4876,0.2306,10.8425,33.901,0.2925
14,238,4.4976,0.1725,10.7357,33.963,0.2926
14,239,4.5050,0.0961,10.2650,34.231,0.2931
14,240,4.5031,0.0238,10.1838,33.932,0.2929
14,241,4.3796,0.0000,10.4258,34.072,0.2926
14,242,4.2525,0.0000,10.6190,34.080,0.2925
14,243,4.5779,0.0885,10.3022,33.777,0.2925
14,244,4.4030,0.2545,10.3807,33.894,0.2927
14,245,4.3597,0.0000,9.7802,34.133,0.2928
14,246,4.4594,0.0648,10.6817,34.000,0.2930
14,247,4.4795,0.1770,10.5724,33.920,0.2931
14,248,4.6017,0.0000,10.7915,34.126,0.2930
14,249,4.6496,0.0000,10.3631,33.974,0.2927
14,250,4.5714,0.1146,10.3214,34.131,0.2927
14,251,4.4316,0.0117,11.0422,33.930,0.2934
14,252,4.5931,0.0884,10.5233,33.893,0.2934
14,253,4.1327,0.0150,10.3442,34.157,0.2922
14,254,4.3073,0.2870,10.6554,34.042,0.2913
14,255,4.3428,0.3433,10.5518,33.932,0.2917
14,256,4.6443,0.4652,9.7407,33.846,0.2927
14,257,4.5348,0.2374,10.4390,34.035,0.2935
14,258,4.7537,0.1775,10.3276,33.923,0.2929
14,259,4.5095,0.0850,10.9528,34.192,0.2924
14,260,4.8187,0.2876,10.6569,34.038,0.2928
14,261,4.6965,0.2761,10.2496,34.162,0.2931
14,262,4.5618,0.0000,10.7694,33.989,0.2935
14,263,4.4301,0.1264,9.9154,33.946,0.2936
14,264,4.3987,0.0000,9.9403,33.991,0.2929
14,265,4.5290,0.1659,11.0594,34.128,0.2926
14,266,4.6711,0.2763,10.4834,34.160,0.2932
14,267,4.6908,0.2381,10.4649,34.161,0.2935
14,268,4.6334,0.0394,10.8257,33.726,0.2936
14,269,4.9664,0.3798,11.2657,34.161,0.2933
14,270,4.6770,0.1594,10.5939,33.964,0.2929
14,271,4.6604,0.2459,10.5065,33.894,0.2923
14,272,4.7163,0.0000,10.8826,33.827,0.2923
14,273,4.5751,0.1449,10.8549,33.993,0.2929
14,274,4.3148,0.1456,10.4301,34.225,0.2930
14,275,4.3648,0.1469,10.8597,34.104,0.2928
14,276,4.2599,0.1248,10.3156,34.059,0.2928
14,277,4.3487,0.2948,10.8205,33.978,0.2927
14,278,4.9643,0.3250,10.6421,34.185,0.2927
14,279,4.4583,0.0000,10.7830,33.979,0.2928
14,280,4.6013,0.1396,10.8659,34.174,0.2927
14,281,4.4184,0.1382,10.3711,33.593,0.2922
14,282,4.3133,0.0000,10.8933,33.576,0.2915
14,283,4.5739,0.0588,10.9491,34.170,0.2916
14,284,4.3005,0.3194,10.8403,33.806,0.2924
14,285,4.2137,0.0000,10.3130,33.999,0.2933
14,286,4.5196,0.0596,10.9400,34.079,0.2935
14,287,4.6021,0.0000,10.7338,33.968,0.2932
14,288,4.2810,0.2812,10.5547,34.079,0.2923
14,289,4.5760,0.0000,10.6824,34.009,0.2919
14,290,4.5076,0.0881,10.6933,34.111,0.2930
14,291,4.6066,0.1684,10.4524,33.783,0.2937
14,292,4.0100,0.0629,10.6111,33.950,0.2928
14,293,4.0207,0.1500,10.3322,33.936,0.2912
14,294,4.1303,0.0412,10.7782,33.976,0.2899
14,295,4.5764,0.0621,10.6069,34.343,0.2908
14,296,4.3903,0.2977,10.4795,34.155,0.2925
14,297,4.1720,0.0943,10.2197,33.980,0.2930
14,298,4.4509,0.2299,10.4650,34.054,0.2922
14,299,4.1495,0.2546,10.6267,34.174,0.2916
14,300,4.2597,0.0917,11.4034,33.959,0.2918
14,301,4.2638,0.2929,10.1070,33.972,0.2929
14,302,4.2974,0.3080,10.4997,34.124,0.2935
14,303,3.9862,0.2555,10.5637,34.137,0.2934
14,304,4.4055,0.0070,10.3644,34.123,0.2931
14,305,4.5253,0.0000,10.6358,33.679,0.2932
14,306,4.2956,0.0000,10.0268,34.021,0.2941
14,307,4.4498,0.2422,10.0083,34.221,0.2950
14,308,4.4193,0.2739,10.8478,34.106,0.2947
14,309,4.3821,0.2171,10.4080,33.990,0.2939
14,310,4.4358,0.0239,10.1398,34.195,0.2937
14,311,4.6064,0.0194,10.5493,34.186,0.2941
14,312,4.2818,0.0248,10.8408,34.173,0.2942
14,313,4.7200,0.0952,10.2033,34.282,0.2936
14,314,4.3456,0.1119,10.6108,34.281,0.2931
14,315,4.3763,0.1315,10.2714,33.863,0.2932
14,316,4.6652,0.2363,10.6171,33.752,0.2937
14,317,4.4722,0.0000,10.4064,34.053,0.2948
14,318,4.2303,0.2848,10.1834,34.141,0.2950
14,319,4.5597,0.1220,10.4137,33.994,0.2940
14,320,4.5661,0.0635,10.1518,34.015,0.2941
14,321,4.3808,0.3371,10.3944,33.778,0.2943
14,322,4.4925,0.3265,10.6947,33.973,0.2937
14,323,4.5573,0.0072,10.2150,34.101,0.2938
14,324,4.3370,0.1674,10.4012,33.950,0.2942
14,325,4.3720,0.2400,10.5649,33.947,0.2939
14,326,4.5322,0.0000,10.2170,34.008,0.2932
14,327,4.3291,0.0925,9.7329,33.962,0.2935
14,328,4.1569,0.1731,10.6544,33.923,0.2934
14,329,4.1129,0.1210,10.6539,34.177,0.2928
14,330,4.2428,0.1611,10.3584,34.048,0.2929
14,331,4.1806,0.0186,10.6435,33.827,0.2934
14,332,4.3502,0.0000,10.7035,34.027,0.2939
14,333,4.5160,0.0586,10.1608,33.936,0.2941
14,334,4.2251,0.2096,10.1670,33.967,0.2941
14,335,4.1143,0.0109,10.6857,34.244,0.2942
14,336,4.5547,0.1026,11.1105,34.061,0.2941
14,337,4.6519,0.0000,10.6427,33.773,0.2936
14,338,4.3680,0.0620,10.7127,34.036,0.2939
14,339,4.6969,0.1551,10.5143,34.067,0.2952
14,340,4.3549,0.1379,10.7136,33.955,0.2954
14,341,4.4679,0.0000,10.0253,34.042,0.2941
14,342,4.4204,0.0000,10.3603,33.972,0.2924
14,343,4.3380,0.0463,10.5669,34.196,0.2920
14,344,4.2296,0.0000,10.3684,33.954,0.2927
14,345,4.3093,0.3991,10.6429,34.023,0.2931
14,346,4.2243,0.1754,10.8828,34.168,0.2932
14,347,4.0752,0.0354,10.3142,34.058,0.2934
14,348,4.4490,0.3907,10.9672,33.872,0.2934
14,349,4.1761,0.0000,11.3671,33.843,0.2932
14,350,4.3694,0.3545,10.9189,33.920,0.2931
14,351,4.1346,0.0000,11.1892,33.916,0.2932
14,352,4.1457,0.2368,10.8089,33.898,0.2934
14,353,4.2155,0.1124,10.4748,34.033,0.2936
14,354,4.4059,0.2075,10.0602,34.003,0.2935
14,355,4.7260,0.0000,10.5393,34.018,0.2934
14,356,4.3260,0.0417,10.0489,33.959,0.2936
14,357,4.3312,0.0000,10.5873,34.044,0.2937
14,358,4.2017,0.0000,10.3185,34.451,0.2943
14,359,4.7652,0.2037,10.6295,33.891,0.2950
14,360,4.2256,0.0000,10.5537,34.255,0.2950
14,361,4.3303,0.3668,10.6635,34.115,0.2942
14,362,4.4123,0.2125,10.9608,34.162,0.2935
14,363,4.3852,0.0000,10.3111,34.082,0.2938
14,364,4.6605,0.1567,10.6414,34.204,0.2936
14,365,4.0622,0.3086,11.1541,34.075,0.2934
14,366,4.2996,0.4165,10.4654,33.869,0.2938
14,367,4.4159,0.4398,10.5980,34.078,0.2936
14,368,4.3274,0.0211,10.3011,34.019,0.2938
14,369,4.6082,0.0944,9.9301,34.193,0.2942
14,370,4.4666,0.0261,10.5936,34.101,0.2940
14,371,4.5482,0.1696,10.4412,34.112,0.2935
14,372,4.4920,0.1290,10.4190,34.044,0.2936
14,373,4.5715,0.1349,10.7645,34.172,0.2941
14,374,4.3321,0.2396,10.7020,33.952,0.2946
14,375,4.2957,0.0000,10.5422,34.079,0.2946
14,376,4.1263,0.0000,10.5004,33.868,0.2935
14,377,4.3247,0.0315,10.3969,33.956,0.2924
14,378,4.5275,0.0424,10.8693,33.977,0.2927
14,379,4.3892,0.2285,10.9769,33.991,0.2948
14,380,4.5091,0.2786,10.7880,33.796,0.2956
14,381,4.5208,0.0000,10.5121,34.172,0.2950
14,382,4.2323,0.1704,10.4701,34.165,0.2946
14,383,4.4106,0.2697,10.5976,33.681,0.2941
14,384,4.3973,0.1893,10.9034,33.781,0.2941
14,385,4.3990,0.2510,10.6558,33.914,0.2944
14,386,4.6427,0.0000,11.0732,33.959,0.2942
14,387,4.7722,0.2029,10.7718,34.101,0.2943
14,388,4.3850,0.0396,10.7387,33.997,0.2948
14,389,4.6793,0.2829,10.6796,33.955,0.2947
14,390,4.3085,0.1091,11.0593,34.002,0.2943
14,391,4.8272,0.0187,10.7967,34.039,0.2941
14,392,4.5676,0.0130,10.3167,34.043,0.2940
14,393,4.7211,0.1859,10.2944,33.957,0.2939
14,394,4.6407,0.0000,10.4730,34.157,0.2943
14,395,4.6926,0.0411,10.3583,34.064,0.2945
14,396,4.3463,0.0881,9.9394,33.799,0.2941
14,397,4.4339,0.3646,10.4726,33.755,0.2945
14,398,4.5754,0.0053,10.3845,33.955,0.2948
14,399,4.5417,0.0000,10.3027,34.073,0.2941
15,0,8.2321,0.0443,18.4212,33.806,0.6380
15,1,7.3545,0.2665,18.0105,34.098,0.6385
15,2,8.1960,0.2005,19.6882,33.673,0.6381
15,3,7.7385,0.4484,19.0069,34.214,0.6379
15,4,8.1008,0.0988,19.6485,34.087,0.6383
15,5,8.5635,0.0690,19.9170,33.742,0.6387
15,6,8.3951,0.0526,19.4968,33.771,0.6381
15,7,8.5443,0.1036,19.9980,34.200,0.6380
15,8,8.0357,0.0000,18.8784,33.916,0.6392
15,9,8.2456,0.0831,19.0846,33.813,0.6403
15,10,8.1449,0.1120,19.0704,34.077,0.6399
15,11,8.3399,0.0709,19.1916,34.021,0.6380
15,12,7.9716,0.0000,18.9922,33.874,0.6362
15,13,8.5237,0.0305,19.0529,33.847,0.6359
15,14,7.4782,0.0898,18.9976,33.987,0.6376
15,15,8.0931,0.1308,19.4527,34.228,0.6390
15,16,7.9361,0.0000,20.3682,33.843,0.6381
15,17,7.8778,0.0404,19.1378,33.940,0.6372
15,18,7.8823,0.3336,18.7870,33.745,0.6371
15,19,8.4364,0.2668,19.5950,34.184,0.6370
15,20,7.7903,0.0937,18.6752,33.930,0.6384
15,21,8.3063,0.3631,18.7461,34.025,0.6398
15,22,7.5125,0.0638,19.4254,34.014,0.6390
15,23,8.2940,0.1634,19.5073,33.769,0.6382
15,24,8.5575,0.1662,19.2933,34.045,0.6383
15,25,8.6131,0.1513,19.3583,33.705,0.6387
15,26,8.3802,0.0416,19.6306,33.798,0.6398
15,27,8.2435,0.0000,19.6380,34.371,0.6392
15,28,7.7019,0.2576,18.9382,34.087,0.6373
15,29,7.4748,0.2793,18.0657,34.091,0.6367
15,30,8.3847,0.4561,19.7618,34.130,0.6371
15,31,7.6683,0.3077,18.7631,34.115,0.6376
15,32,7.9518,0.0000,18.6540,34.340,0.6387
15,33,8.2601,0.1224,18.6361,33.809,0.6386
15,34,8.0394,0.0866,18.3237,34.184,0.6383
15,35,7.9369,0.1197,17.9079,33.944,0.6387
15,36,7.9373,0.1599,18.9342,34.053,0.6380
15,37,8.3777,0.0664,19.9726,34.400,0.6381
15,38,8.5946,0.0523,19.2023,34.064,0.6388
15,39,8.4151,0.1711,19.3582,33.928,0.6382
15,40,8.4684,0.3620,19.5794,34.097,0.6375
15,41,8.5644,0.0487,19.6619,34.084,0.6375
15,42,8.8515,0.0000,20.2719,34.038,0.6388
15,43,8.0479,0.2766,19.6314,34.167,0.6398
15,44,8.7531,0.2007,19.0940,34.256,0.6384
15,45,7.9306,0.1075,19.3283,34.225,0.6364
15,46,8.2335,0.2822,20.2606,33.906,0.6367
15,47,7.5054,0.3285,19.8039,33.681,0.6380
15,48,8.0081,0.1924,19.2204,34.184,0.6372
15,49,7.8009,0.0000,20.1255,33.837,0.6362
15,50,7.6527,0.0151,19.4574,33.592,0.6367
15,51,7.7935,0.1721,18.8196,33.986,0.6365
15,52,7.5736,0.0720,19.3703,34.144,0.6363
15,53,7.9085,0.0000,19.8328,34.080,0.6366
15,54,8.2841,0.2235,19.2061,33.907,0.6366
15,55,7.7756,0.1224,18.9396,33.973,0.6362
15,56,7.6907,0.1026,19.6455,34.308,0.6358
15,57,7.9508,0.1133,19.4892,34.122,0.6364
15,58,7.9088,0.0000,19.1446,33.962,0.6368
15,59,7.3186,0.4818,18.8336,34.011,0.6363
15,60,7.5939,0.0000,19.4063,33.810,0.6358
15,61,7.8480,0.2512,19.8177,34.029,0.6353
15,62,7.5192,0.1033,20.4330,33.788,0.6358
15,63,7.2515,0.1649,19.3394,34.148,0.6362
15,64,7.1226,0.0000,19.8525,33.853,0.6363
15,65,7.6015,0.1040,19.7572,34.129,0.6366
15,66,7.8584,0.3963,20.1077,33.912,0.6376
15,67,8.1947,0.0981,19.4271,33.885,0.6391
15,68,7.7304,0.3051,20.3789,34.046,0.6390
15,69,8.1122,0.1607,20.3341,33.997,0.6388
15,70,7.8715,0.1501,18.6404,33.910,0.6387
15,71,8.0964,0.2584,19.9559,33.888,0.6385
15,72,8.2130,0.5343,19.0919,34.148,0.6389
15,73,8.5916,0.1459,18.4534,33.848,0.6398
15,74,7.9556,0.1017,19.1778,34.058,0.6395
15,75,8.1698,0.3319,20.1524,33.878,0.6368
15,76,7.7682,0.0000,18.5934,34.294,0.6356
15,77,8.3888,0.1810,19.1886,33.657,0.6366
15,78,7.2138,0.2555,20.1915,33.990,0.6370
15,79,7.5229,0.3635,19.1312,33.910,0.6376
15,80,8.0004,0.0000,18.8057,33.624,0.6382
15,81,7.5215,0.1938,18.8050,33.746,0.6381
15,82,7.4590,0.0104,19.9780,34.011,0.6377
15,83,7.7692,0.2433,18.6704,33.989,0.6368
15,84,8.2152,0.1400,18.6842,33.991,0.6364
15,85,7.8419,0.0251,20.0571,34.040,0.6373
15,86,8.3601,0.4048,19.2748,33.830,0.6378
15,87,8.0230,0.3362,19.5039,33.886,0.6371
15,88,7.3192,0.0166,19.1979,33.835,0.6362
15,89,7.8238,0.1761,20.0574,33.982,0.6359
15,90,7.3610,0.0836,20.0320,33.978,0.6365
15,91,7.7877,0.0379,18.6242,34.090,0.6327
15,92,7.6709,0.1432,19.1330,33.742,0.6057
15,93,7.3835,0.0000,19.9221,33.959,0.5832
15,94,7.4833,0.0811,19.9436,34.051,0.5817
15,95,7.5722,0.1932,19.3226,33.938,0.5919
15,96,7.8471,0.0553,19.2173,34.025,0.6006
15,97,8.0121,0.0000,19.0348,34.012,0.6018
15,98,7.5369,0.0000,18.7044,34.176,0.5986
15,99,7.7647,0.1445,18.8026,33.831,0.5966
15,100,7.9028,0.4523,18.2067,33.928,0.5968
15,101,7.6354,0.2563,18.3753,34.001,0.5975
15,102,7.5440,0.2031,19.6176,33.951,0.5979
15,103,7.5287,0.1939,18.9177,34.123,0.5983
15,104,7.7866,0.1869,17.8321,34.190,0.5988
15,105,7.8160,0.1630,18.9276,34.220,0.6061
15,106,7.3968,0.0000,19.0703,34.228,0.6404
15,107,7.9795,0.1966,19.4851,34.372,0.6667
15,108,8.1172,0.0000,19.2752,34.054,0.6684
15,109,7.1812,0.1812,19.0952,34.204,0.6566
15,110,8.1788,0.4100,19.4746,34.187,0.6463
15,111,7.9113,0.2115,19.0243,33.818,0.6451
15,112,7.9739,0.0677,19.3305,33.969,0.6488
15,113,7.6967,0.0499,19.5352,34.192,0.6510
15,114,7.9537,0.1773,19.0110,33.908,0.6500
15,115,7.8617,0.2917,19.5041,34.141,0.6487
15,116,8.0812,0.1290,19.1973,33.809,0.6487
15,117,7.7068,0.3852,18.8075,34.335,0.6495
15,118,7.8908,0.0000,19.5147,33.904,0.6504
15,119,8.0997,0.0103,19.3519,34.163,0.6511
15,120,7.8923,0.3843,18.9339,33.766,0.6505
15,121,8.3008,0.1343,19.6800,34.181,0.6485
15,122,8.0451,0.1765,20.4831,33.772,0.6474
15,123,8.2747,0.1777,19.8113,34.111,0.6481
15,124,8.6570,0.1911,19.1707,34.016,0.6494
15,125,7.6867,0.0865,18.2113,34.220,0.6501
15,126,7.5283,0.0851,19.5511,33.963,0.6467
15,127,8.3284,0.0000,19.0534,34.022,0.6309
15,128,7.4751,0.1007,20.0465,33.985,0.6186
15,129,7.9620,0.1618,19.5607,33.957,0.6175
15,130,8.2485,0.3490,18.7025,34.082,0.6224
15,131,8.3893,0.3816,20.3468,34.079,0.6262
15,132,7.7363,0.0000,18.6183,33.987,0.6270
15,133,8.1783,0.0000,20.5081,34.134,0.6275
15,134,7.6747,0.1642,19.4200,34.089,0.6284
15,135,7.5567,0.3152,20.0495,34.197,0.6278
15,136,8.3790,0.3153,18.9803,33.741,0.6263
15,137,7.9791,0.1444,19.2192,33.963,0.6264
15,138,8.0319,0.2118,19.4953,33.550,0.6273
15,139,7.3656,0.3402,18.9367,34.253,0.6278
15,140,7.5256,0.4053,18.8172,34.151,0.6267
15,141,8.0333,0.0869,18.0457,33.848,0.6254
15,142,8.1313,0.0000,18.9428,33.977,0.6263
15,143,8.1499,0.0491,18.4574,33.878,0.6277
15,144,7.8144,0.0126,20.0355,34.020,0.6280
15,145,7.8282,0.2185,19.8336,34.054,0.6278
15,146,7.6010,0.2975,18.7269,34.193,0.6273
15,147,7.5665,0.2194,19.5357,33.791,0.6260
15,148,7.7570,0.1575,19.5583,33.625,0.6249
15,149,8.0079,0.1172,18.7628,33.932,0.6259
15,150,8.2913,0.3302,19.1347,33.793,0.6278
15,151,7.4822,0.3138,18.7995,34.271,0.6282
15,152,8.1812,0.2575,18.9869,33.879,0.6277
15,153,8.3543,0.0000,19.0238,34.072,0.6268
15,154,7.6563,0.3655,19.0687,34.165,0.6266
15,155,7.5561,0.1084,19.3712,33.737,0.6269
15,156,7.3408,0.2384,19.4644,33.972,0.6277
15,157,7.4190,0.4715,18.5872,33.967,0.6275
15,158,7.7736,0.2406,18.7056,34.260,0.6267
15,159,7.8677,0.1992,18.8994,34.116,0.6271
15,160,8.2267,0.2385,18.1838,34.167,0.6278
15,161,8.3641,0.1074,18.3986,34.130,0.6281
15,162,7.6447,0.3044,18.5134,34.158,0.6272
15,163,8.3387,0.2408,20.1016,33.760,0.6262
15,164,7.7963,0.1239,18.2631,33.853,0.6276
15,165,7.9357,0.1773,19.1068,33.946,0.6286
15,166,8.0775,0.0000,18.6872,34.148,0.6279
15,167,7.6626,0.0000,20.1660,33.992,0.6269
15,168,7.4079,0.0000,18.5687,32.770,0.5792
15,169,7.7287,0.2856,17.8375,32.347,0.3562
15,170,6.5357,0.0000,17.5002,33.469,0.1923
15,171,6.7958,0.0000,16.8829,33.693,0.1984
15,172,6.1606,0.0000,15.1306,33.874,0.2801
15,173,6.2681,0.1210,15.7921,33.469,0.3310
15,174,6.5755,0.0000,15.5991,33.668,0.3277
15,175,6.5105,0.0000,14.4236,33.750,0.3046
15,176,6.0722,0.1397,14.5420,33.754,0.2933
15,177,5.5088,0.0247,14.3736,33.932,0.2980
15,178,5.9253,0.1388,13.6392,34.005,0.3069
15,179,5.3193,0.3437,13.6175,33.848,0.3107
15,180,5.0330,0.2068,13.2796,34.092,0.3091
15,181,5.3463,0.2564,13.2683,34.044,0.3065
15,182,5.0929,0.0659,12.9120,34.099,0.3061
15,183,4.8382,0.1773,13.4437,33.912,0.3069
15,184,4.5081,0.0024,12.6805,34.087,0.3074
15,185,4.9209,0.1770,12.0679,33.889,0.3078
15,186,4.6639,0.2359,12.3476,33.900,0.3079
15,187,4.6467,0.3485,11.9660,34.151,0.3080
15,188,5.1885,0.0948,12.2141,34.210,0.3083
15,189,5.0541,0.0660,11.6529,33.910,0.3082
15,190,4.5680,0.0000,12.4996,34.008,0.3082
15,191,4.3136,0.2041,11.5430,34.120,0.3075
15,192,4.3071,0.0517,11.9592,33.823,0.3068
15,193,4.5067,0.3440,11.7904,34.198,0.3073
15,194,4.8425,0.0678,11.8625,34.029,0.3080
15,195,4.7272,0.2765,12.0488,34.063,0.3082
15,196,4.8575,0.0037,11.5984,33.887,0.3081
15,197,4.3547,0.2373,11.3159,34.056,0.3074
15,198,4.2099,0.1517,11.1578,34.158,0.3072
15,199,4.4339,0.3981,11.1355,33.798,0.3074
15,200,4.6281,0.0000,11.5253,33.943,0.3078
15,201,4.7846,0.0717,11.2505,34.058,0.3089
15,202,4.3214,0.2494,11.3062,33.968,0.3088
15,203,4.7163,0.1850,11.0329,33.912,0.3081
15,204,4.8260,0.0000,11.2832,33.804,0.3083
15,205,4.7348,0.0149,11.0182,33.859,0.3085
15,206,4.7446,0.1960,11.0984,33.958,0.3088
15,207,4.7833,0.1361,11.5565,33.961,0.3094
15,208,4.2373,0.4458,11.4922,33.819,0.3087
15,209,4.7147,0.1239,10.8673,34.259,0.3076
15,210,4.8492,0.5286,10.6028,34.102,0.3084
15,211,4.7980,0.0862,10.8474,34.065,0.3094
15,212,4.3113,0.0782,10.6898,33.739,0.3089
15,213,4.6446,0.0000,10.6321,33.837,0.3083
15,214,4.9278,0.2898,11.2280,33.961,0.3082
15,215,4.8699,0.0000,10.4990,33.917,0.3084
15,216,4.4646,0.2767,11.3279,33.842,0.3090
15,217,4.6328,0.0583,10.5348,33.944,0.3092
15,218,5.0554,0.2495,11.4116,33.951,0.3090
15,219,4.7171,0.1992,11.0002,34.080,0.3087
15,220,4.8611,0.3527,10.5474,33.864,0.3087
15,221,4.6824,0.0260,10.9783,34.068,0.3090
15,222,4.7670,0.1577,10.7816,33.903,0.3088
15,223,4.5675,0.2322,10.5189,33.762,0.3082
15,224,4.9542,0.0639,10.8862,33.975,0.3078
15,225,4.7938,0.0144,11.3588,33.676,0.3084
15,226,4.6013,0.0949,10.7118,34.030,0.3089
15,227,4.7757,0.1690,10.9414,33.968,0.3087
15,228,4.6313,0.0396,11.1806,34.159,0.3093
15,229,4.9444,0.0766,10.7597,33.650,0.3102
15,230,4.7110,0.0000,10.8391,33.698,0.3096
15,231,4.4561,0.1095,11.1105,33.751,0.3086
15,232,4.9140,0.0000,10.7410,33.993,0.3083
15,233,4.6926,0.0000,10.6194,33.884,0.3082
15,234,4.8027,0.1147,10.5456,33.723,0.3088
15,235,4.9263,0.1623,11.5718,34.088,0.3095
15,236,4.9148,0.0597,10.7964,33.737,0.3095
15,237,4.6820,0.0424,11.2491,33.901,0.3090
15,238,4.6976,0.2705,10.8890,34.099,0.3085
15,239,4.7674,0.0865,10.8580,34.093,0.3080
15,240,4.5433,0.3553,11.0740,34.223,0.3077
15,241,4.7694,0.0322,11.2490,34.236,0.3083
15,242,4.7604,0.0000,11.2188,34.258,0.3089
15,243,4.8014,0.3549,12.1603,35.132,0.3501
15,244,5.1264,0.2177,12.9291,35.535,0.5887
15,245,6.0310,0.1397,13.6741,35.248,0.8004
15,246,6.2655,0.1919,13.6113,34.357,0.8274
15,247,5.7568,0.4005,14.4124,34.314,0.7410
15,248,6.8206,0.2808,14.9217,34.311,0.6651
15,249,6.4084,0.0000,15.1646,34.133,0.6530
15,250,7.0775,0.1254,15.1037,34.675,0.6781
15,251,6.6246,0.1846,16.6547,34.469,0.6969
15,252,7.0895,0.3565,17.1056,33.682,0.6959
15,253,7.0614,0.2457,17.3837,34.252,0.6868
15,254,7.5084,0.1015,18.0508,34.205,0.6806
15,255,7.1300,0.1717,17.4941,33.707,0.6788
15,256,7.3928,0.1809,17.9077,33.986,0.6794
15,257,7.8657,0.3886,17.6141,33.762,0.6818
15,258,7.7597,0.2607,17.9952,33.933,0.6842
15,259,8.6916,0.1721,19.0645,33.795,0.6835
15,260,7.8932,0.1466,18.5892,33.832,0.6805
15,261,7.6302,0.3577,19.0538,34.127,0.6788
15,262,8.2667,0.0000,19.7213,34.409,0.6793
15,263,8.6294,0.1610,18.6276,34.131,0.6806
15,264,8.3615,0.1291,19.2367,34.062,0.6820
15,265,8.8301,0.3301,19.7142,34.012,0.6819
15,266,8.0843,0.0057,18.9162,33.856,0.6808
15,267,8.5427,0.0372,19.5083,33.906,0.6800
15,268,8.4038,0.2492,19.2773,33.981,0.6802
15,269,8.2429,0.1522,20.1935,34.089,0.6812
15,270,8.3641,0.0000,19.5246,33.787,0.6810
15,271,7.9541,0.1101,19.0999,33.806,0.6793
15,272,8.1406,0.4248,20.7865,33.748,0.6786
15,273,9.1647,0.0000,19.1677,34.000,0.6807
15,274,8.6867,0.2220,20.3681,33.769,0.6834
15,275,9.1308,0.1659,20.2908,33.950,0.6836
15,276,8.5726,0.1758,20.3501,34.206,0.6818
15,277,8.9420,0.0000,18.9658,34.020,0.6801
15,278,8.4627,0.0728,19.9787,33.968,0.6789
15,279,8.5164,0.0890,20.7776,34.167,0.6791
15,280,8.1356,0.1735,19.7812,34.011,0.6796
15,281,8.1192,0.3609,20.6490,34.180,0.6794
15,282,9.2594,0.1642,20.2726,34.220,0.6801
15,283,8.3575,0.2462,20.5348,33.988,0.6809
15,284,8.5768,0.2253,20.3253,33.944,0.6798
15,285,8.5300,0.4037,19.6875,33.928,0.6785
15,286,8.7208,0.0064,19.7231,33.949,0.6789
15,287,8.5160,0.0664,20.5943,34.184,0.6795
15,288,8.4670,0.0349,21.6333,33.954,0.6795
15,289,7.8524,0.1411,19.2773,34.001,0.6800
15,290,8.6147,0.1811,20.4969,34.072,0.6801
15,291,8.2258,0.0906,20.7252,33.850,0.6800
15,292,8.4671,0.2225,19.7026,34.087,0.6797
15,293,8.4298,0.3055,19.2513,33.326,0.6614
15,294,7.8578,0.0000,19.1395,33.324,0.5736
15,295,8.3146,0.0000,18.5560,33.546,0.5067
15,296,7.9014,0.2658,19.1153,33.725,0.5090
15,297,8.0237,0.0000,18.1558,34.144,0.5431
15,298,7.9206,0.0839,18.9529,34.032,0.5637
15,299,7.1304,0.1620,18.4928,33.919,0.5619
15,300,7.0913,0.0606,18.0439,34.119,0.5522
15,301,7.5950,0.0187,18.6403,33.930,0.5478
15,302,7.6077,0.2997,18.3874,33.647,0.5505
15,303,7.2026,0.0764,18.4197,34.006,0.5544
15,304,7.1709,0.3167,18.5851,33.934,0.5557
15,305,7.0977,0.0000,17.3010,33.687,0.5553
15,306,7.9485,0.1150,18.0018,33.960,0.5543
15,307,6.9981,0.2512,17.7726,34.038,0.5546
15,308,7.3623,0.0541,17.9075,33.847,0.5560
15,309,7.4428,0.1973,17.9223,33.946,0.5566
15,310,7.2536,0.0000,18.0922,34.056,0.5557
15,311,7.8884,0.1863,16.7559,33.910,0.5549
15,312,7.7670,0.1816,17.5041,33.881,0.5557
15,313,7.3350,0.4701,16.9340,34.038,0.5567
15,314,6.8925,0.2093,18.2745,33.749,0.5570
15,315,7.1373,0.2816,17.1323,34.165,0.5564
15,316,7.7701,0.0000,17.1279,33.911,0.5550
15,317,6.9032,0.0000,16.9425,33.937,0.5544
15,318,6.8680,0.1792,17.0856,34.132,0.5546
15,319,7.6387,0.2388,17.7665,34.030,0.5550
15,320,7.2255,0.4132,17.3059,34.118,0.5553
15,321,7.1364,0.2487,17.0183,33.955,0.5563
15,322,7.2691,0.0641,16.6181,34.162,0.5567
15,323,6.9856,0.2338,17.4697,33.701,0.5554
15,324,6.7832,0.0413,16.8225,33.906,0.5542
15,325,7.1913,0.0000,18.1547,33.886,0.5541
15,326,7.3048,0.0015,17.2057,34.083,0.5554
15,327,7.3268,0.0000,17.4267,34.126,0.5564
15,328,7.3085,0.3731,17.4223,34.090,0.5563
15,329,7.3532,0.2219,17.1647,33.956,0.5559
15,330,7.3180,0.1032,17.5792,33.880,0.5560
15,331,7.4087,0.0000,17.3824,33.889,0.5562
15,332,7.2688,0.2119,17.1480,34.071,0.5568
15,333,7.4405,0.2774,18.2338,34.087,0.5572
15,334,6.9743,0.1729,17.6951,34.000,0.5568
15,335,7.5506,0.1332,17.4385,34.007,0.5561
15,336,6.5589,0.1270,16.8210,33.959,0.5553
15,337,7.3601,0.3258,17.5111,33.632,0.5550
15,338,6.9760,0.2116,17.1835,33.985,0.5552
15,339,7.1254,0.0616,16.7439,34.073,0.5552
15,340,7.2850,0.1524,16.5706,33.776,0.5547
15,341,7.0805,0.0083,18.1718,34.367,0.5685
15,342,7.7854,0.2436,16.7087,34.649,0.6369
15,343,7.3307,0.3843,18.4833,34.165,0.6891
15,344,7.6624,0.0991,18.5345,34.125,0.6897
15,345,7.3224,0.5076,18.3870,33.914,0.6657
15,346,7.9804,0.2917,18.6639,34.100,0.6471
15,347,8.0239,0.0290,18.7634,34.036,0.6455
15,348,7.6508,0.1003,18.4145,34.052,0.6527
15,349,7.9315,0.3175,18.3905,33.857,0.6577
15,350,7.7619,0.1730,18.2068,34.059,0.6580
15,351,8.0277,0.0000,18.3833,34.067,0.6548
15,352,8.0087,0.3374,19.6448,34.228,0.6514
15,353,7.8560,0.1264,18.8389,34.125,0.6513
15,354,7.8705,0.0378,18.9359,34.059,0.6528
15,355,7.8216,0.1995,19.2661,33.996,0.6537
15,356,7.9145,0.1447,18.5164,33.827,0.6533
15,357,8.6051,0.1988,19.0620,33.945,0.6524
15,358,8.4888,0.2422,19.0659,34.053,0.6518
15,359,8.5933,0.1935,19.4548,33.975,0.6520
15,360,8.7741,0.1222,18.3455,33.918,0.6527
15,361,8.3387,0.0000,18.2659,34.065,0.6536
15,362,7.7295,0.0364,19.6514,34.091,0.6545
15,363,8.8437,0.0717,19.6723,34.184,0.6545
15,364,8.0746,0.2100,18.8016,34.203,0.6530
15,365,8.2568,0.2234,19.5244,33.859,0.6512
15,366,8.2375,0.1775,19.7347,33.957,0.6512
15,367,8.2413,0.3158,18.6439,33.931,0.6519
15,368,8.1872,0.0000,18.7931,34.042,0.6523
15,369,7.7482,0.1574,18.8670,34.105,0.6523
15,370,8.1598,0.0844,18.3974,33.812,0.6526
15,371,8.2007,0.2721,20.6359,34.219,0.6530
15,372,8.2934,0.3583,20.0141,33.755,0.6529
15,373,7.8620,0.0000,19.6605,34.220,0.6525
15,374,8.0338,0.2790,19.2365,34.107,0.6526
15,375,8.4404,0.2909,19.2369,33.869,0.6528
15,376,7.6839,0.3081,19.5143,33.948,0.6524
15,377,8.4546,0.3260,19.8210,34.228,0.6510
15,378,7.1628,0.3670,20.3501,33.977,0.6508
15,379,8.8212,0.1761,19.3936,34.156,0.6523
15,380,7.8874,0.1489,20.1636,34.024,0.6529
15,381,7.9281,0.2236,18.9495,33.783,0.6521
15,382,7.7670,0.0000,20.6321,33.842,0.6511
15,383,8.1167,0.4058,19.9905,34.098,0.6504
15,384,7.7865,0.2576,19.7060,33.808,0.6510
15,385,8.6346,0.0639,19.0480,33.996,0.6526
15,386,7.9833,0.0000,20.2234,34.099,0.6535
15,387,8.3373,0.2358,19.4320,33.776,0.6526
15,388,8.6188,0.2361,19.2787,33.991,0.6514
15,389,8.4057,0.4863,19.7827,34.243,0.6514
15,390,8.5751,0.3669,19.9024,34.018,0.6528
15,391,8.6833,0.0693,19.6880,33.916,0.6538
15,392,8.1039,0.1053,19.4822,33.916,0.6538
15,393,8.3790,0.5588,19.0031,33.951,0.6538
15,394,8.6807,0.1230,21.0133,34.260,0.6533
15,395,8.4175,0.3542,20.1524,34.052,0.6521
15,396,7.8106,0.1494,19.9794,33.994,0.6515
15,397,8.0943,0.2820,19.8478,34.302,0.6521
15,398,8.5866,0.3487,19.1942,34.112,0.6536
15,399,7.9602,0.0000,19.9279,33.833,0.6539
16,0,8.0788,0.3778,20.4476,34.037,0.7067
16,1,8.6285,0.2497,22.0246,34.024,0.7054
16,2,9.1257,0.0000,20.6774,34.263,0.7063
16,3,8.8126,0.0956,22.5902,34.050,0.7085
16,4,8.8219,0.0319,20.2048,34.036,0.7093
16,5,9.3701,0.3288,21.5222,33.828,0.7080
16,6,9.1489,0.3787,21.0249,33.931,0.7072
16,7,9.2104,0.3326,21.9468,33.999,0.7075
16,8,8.3600,0.1675,20.6130,34.201,0.7075
16,9,9.4824,0.0000,21.2299,33.823,0.7073
16,10,8.4284,0.4879,20.5664,33.996,0.7075
16,11,8.8502,0.3291,21.4760,34.061,0.7067
16,12,8.8625,0.2639,21.4144,33.796,0.7070
16,13,8.6038,0.0343,21.5031,34.077,0.7080
16,14,8.9959,0.5166,21.3742,34.327,0.7075
16,15,8.3441,0.1166,21.9437,33.139,0.6841
16,16,8.1407,0.1558,20.2420,33.381,0.5715
16,17,7.6113,0.1859,21.0466,33.522,0.4852
16,18,7.9429,0.2363,19.3153,33.820,0.4864
16,19,8.3388,0.1744,19.8343,34.037,0.5306
16,20,7.9406,0.3865,20.2253,33.903,0.5594
16,21,7.7251,0.0352,19.3674,34.035,0.5578
16,22,7.0585,0.0000,19.6099,33.741,0.5444
16,23,7.4226,0.0168,19.4030,34.098,0.5376
16,24,7.5379,0.2364,19.5358,33.725,0.5400
16,25,8.0608,0.2190,18.4995,34.185,0.5454
16,26,7.0263,0.0000,17.8282,33.952,0.5482
16,27,7.6549,0.0490,18.6272,33.891,0.5477
16,28,7.3674,0.1796,18.1608,34.092,0.5464
16,29,7.3021,0.5173,17.5230,34.099,0.5457
16,30,6.6413,0.0741,17.9812,34.181,0.5455
16,31,7.1919,0.4914,17.6695,34.431,0.5656
16,32,7.0516,0.4000,17.7297,34.725,0.6682
16,33,7.8494,0.4472,18.6742,34.452,0.7497
16,34,7.1331,0.4140,17.8753,34.077,0.7516
16,35,7.4075,0.2080,17.8954,34.079,0.7118
16,36,7.3457,0.0957,18.4637,34.047,0.6853
16,37,7.3385,0.1512,19.7234,34.062,0.6874
16,38,7.7214,0.4299,19.3258,34.215,0.6992
16,39,7.9729,0.1900,19.1684,33.968,0.7057
16,40,8.1963,0.2336,19.6143,34.023,0.7034
16,41,7.5113,0.3495,19.6674,34.274,0.6967
16,42,8.0640,0.0202,19.2173,34.253,0.6938
16,43,7.8743,0.0000,18.8054,34.018,0.6957
16,44,8.5226,0.1085,20.8144,34.161,0.6981
16,45,9.1691,0.2525,20.1860,34.141,0.6981
16,46,8.6303,0.0530,19.2591,33.912,0.6976
16,47,8.2047,0.3964,19.9150,34.153,0.6971
16,48,8.5126,0.1636,20.2974,33.949,0.6962
16,49,8.4454,0.2710,21.2774,33.993,0.6961
16,50,8.8526,0.1296,19.8309,33.885,0.6970
16,51,9.2495,0.0000,19.3381,34.269,0.6985
16,52,8.7835,0.0000,21.0608,34.098,0.6996
16,53,8.3209,0.0434,20.0662,34.102,0.6986
16,54,8.3972,0.0000,19.3970,33.274,0.6792
16,55,7.8763,0.1389,19.6930,33.309,0.5938
16,56,7.9040,0.1846,19.5903,33.760,0.5298
16,57,7.9671,0.1568,19.8629,33.852,0.5322
16,58,8.3044,0.3884,20.3769,34.047,0.5649
16,59,7.6138,0.0149,18.7817,33.900,0.5862
16,60,7.4505,0.3084,18.2798,33.909,0.5857
16,61,8.1697,0.0805,18.7039,33.979,0.5757
16,62,7.2920,0.1004,20.2260,33.987,0.5705
16,63,7.5373,0.1774,18.4598,33.591,0.5715
16,64,7.5760,0.1618,18.8143,33.985,0.5739
16,65,7.9427,0.0161,18.4843,33.924,0.5760
16,66,6.8706,0.2874,18.3193,33.892,0.5772
16,67,7.4016,0.0259,17.8170,34.168,0.5777
16,68,7.8663,0.2456,18.7812,33.989,0.5778
16,69,7.0228,0.2631,18.1091,33.931,0.5773
16,70,7.6641,0.2554,17.7673,34.108,0.5766
16,71,7.2960,0.1919,18.3663,33.914,0.5771
16,72,7.0631,0.2456,18.4221,33.745,0.5780
16,73,7.3724,0.0000,18.3747,34.337,0.5777
16,74,7.0690,0.0000,17.9879,33.916,0.5767
16,75,7.5188,0.1947,17.4199,33.886,0.5765
16,76,7.5350,0.2935,18.5054,34.145,0.5772
16,77,7.5834,0.4825,18.5596,34.091,0.5779
16,78,6.9163,0.4761,18.4502,34.062,0.5787
16,79,8.3856,0.0774,18.4059,34.118,0.5783
16,80,7.5448,0.0000,17.6056,33.995,0.5778
16,81,7.6959,0.2011,18.4315,34.096,0.5782
16,82,7.6460,0.2000,18.0655,33.722,0.5785
16,83,7.3133,0.0193,17.2609,34.197,0.5781
16,84,7.6767,0.1074,18.6940,34.077,0.5772
16,85,7.8923,0.0000,18.5744,33.907,0.5763
16,86,7.6927,0.0000,17.7715,34.160,0.5768
16,87,7.2617,0.0678,18.4885,33.768,0.5778
16,88,7.3267,0.1611,17.5184,33.890,0.5769
16,89,7.3253,0.1663,17.2171,33.971,0.5757
16,90,7.3709,0.0786,18.0485,34.125,0.5764
16,91,7.6510,0.0000,17.6338,34.021,0.5780
16,92,7.2831,0.1095,17.6461,34.102,0.5787
16,93,7.7005,0.0524,17.3525,34.198,0.5785
16,94,7.1476,0.2362,16.7719,34.240,0.5774
16,95,6.9801,0.0000,17.5333,33.975,0.5758
16,96,7.7758,0.1941,16.8760,34.042,0.5756
16,97,7.4820,0.2423,17.6712,33.958,0.5771
16,98,6.6510,0.0112,17.4855,34.036,0.5785
16,99,7.8291,0.0000,18.4339,34.058,0.5781
16,100,6.9177,0.2274,18.0438,33.930,0.5776
16,101,7.5883,0.1594,17.6373,33.928,0.5772
16,102,7.1229,0.0000,17.8849,33.996,0.5768
16,103,7.3918,0.0000,17.4961,34.256,0.5774
16,104,7.6067,0.0713,18.0082,33.942,0.5790
16,105,7.5254,0.0000,18.3167,33.857,0.5797
16,106,6.8337,0.1017,18.7027,34.157,0.5779
16,107,7.0111,0.0648,18.3533,33.847,0.5761
16,108,7.3465,0.1747,17.3972,33.933,0.5758
16,109,7.3638,0.0771,17.7291,33.813,0.5764
16,110,7.7377,0.1631,17.6943,33.708,0.5776
16,111,6.4376,0.0000,17.7291,33.931,0.5780
16,112,7.2605,0.2456,18.2083,34.033,0.5768
16,113,7.2518,0.0000,17.8679,33.864,0.5767
16,114,7.5038,0.0839,17.3826,34.094,0.5778
16,115,7.5982,0.0000,18.3135,33.904,0.5780
16,116,7.0977,0.2270,18.5714,33.966,0.5772
16,117,8.0098,0.0879,17.5020,34.168,0.5767
16,118,7.7834,0.1417,17.9439,33.807,0.5774
16,119,7.4016,0.1793,18.1716,33.892,0.5781
16,120,7.7359,0.1197,18.1541,33.933,0.5783
16,121,7.3707,0.1459,18.1026,34.042,0.5780
16,122,6.9889,0.4493,17.9431,34.097,0.5769
16,123,7.5394,0.0632,17.2664,33.936,0.5757
16,124,7.5637,0.3135,17.7841,34.124,0.5761
16,125,7.3144,0.0632,17.5076,34.287,0.5774
16,126,7.0051,0.4382,17.6873,34.174,0.5783
16,127,7.5639,0.2824,18.2373,33.626,0.5783
16,128,7.6007,0.1376,16.6704,33.996,0.5780
16,129,7.0241,0.0000,18.2246,34.101,0.5779
16,130,7.1166,0.1239,17.4659,33.892,0.5770
16,131,8.2535,0.0569,17.0878,33.900,0.5764
16,132,7.3443,0.0191,18.6171,33.987,0.5779
16,133,7.3785,0.1800,18.1911,34.067,0.5794
16,134,7.5003,0.0987,18.0032,33.820,0.5789
16,135,7.1663,0.0202,17.5402,34.298,0.5777
16,136,7.4304,0.1357,18.3157,33.734,0.5771
16,137,7.7943,0.0000,17.9433,33.951,0.5765
16,138,7.0884,0.0000,18.2244,34.175,0.5767
16,139,7.0204,0.0000,17.9167,33.785,0.5775
16,140,6.9422,0.3687,18.1212,33.920,0.5777
16,141,7.3507,0.0797,17.8443,33.833,0.5771
16,142,7.3795,0.0346,17.7185,34.012,0.5776
16,143,7.8621,0.0000,17.6960,34.305,0.5783
16,144,6.7794,0.2975,17.9433,33.804,0.5774
16,145,6.9639,0.1231,19.0907,33.789,0.5765
16,146,7.3975,0.1089,17.3435,33.836,0.5765
16,147,7.7135,0.1022,18.1246,34.087,0.5778
16,148,7.2084,0.0114,18.5659,33.889,0.5793
16,149,7.6516,0.1048,18.1150,33.928,0.5790
16,150,7.1995,0.0000,17.9405,33.980,0.5773
16,151,7.4422,0.1856,18.9522,34.003,0.5765
16,152,7.4816,0.0000,18.5561,33.923,0.5770
16,153,7.3166,0.3074,17.6270,33.843,0.5779
16,154,7.5977,0.0924,17.1318,33.799,0.5784
16,155,7.2795,0.1831,17.6251,33.853,0.5781
16,156,7.2307,0.0000,18.5992,33.966,0.5764
16,157,7.3274,0.3358,17.1145,33.834,0.5754
16,158,7.3068,0.0398,18.4027,34.104,0.5766
16,159,7.9034,0.1454,17.6673,34.006,0.5766
16,160,6.9609,0.1741,17.4068,34.098,0.5757
16,161,7.2211,0.1686,17.7832,33.798,0.5755
16,162,7.2541,0.3081,18.5723,33.979,0.5757
16,163,7.4781,0.1484,17.5218,34.059,0.5764
16,164,6.9638,0.0000,17.7728,33.764,0.5768
16,165,7.5932,0.0000,17.1833,34.237,0.5769
16,166,6.8655,0.1918,17.5544,33.924,0.5780
16,167,7.1646,0.0000,17.8071,33.977,0.5797
16,168,7.1999,0.1199,17.4440,33.997,0.5794
16,169,7.8748,0.0000,17.4711,33.902,0.5774
16,170,6.9211,0.0107,16.6897,33.760,0.5765
16,171,7.3089,0.0311,18.7006,33.967,0.5772
16,172,7.4461,0.0546,17.9443,33.938,0.5779
16,173,7.4815,0.1268,17.4630,33.977,0.5785
16,174,7.8140,0.3235,17.1877,34.393,0.5901
16,175,7.0433,0.0042,17.8622,34.195,0.6502
16,176,7.8600,0.0763,18.2265,34.234,0.6984
16,177,7.6650,0.1357,18.1210,33.938,0.6998
16,178,7.5308,0.1631,18.1969,34.004,0.6769
16,179,8.0261,0.1575,18.9846,34.113,0.6608
16,180,7.7557,0.0933,18.9676,34.252,0.6603
16,181,7.7095,0.3175,18.5696,34.027,0.6666
16,182,8.0314,0.4023,19.1609,34.078,0.6707
16,183,7.6388,0.0000,19.2704,33.909,0.6704
16,184,8.8534,0.0410,18.4749,34.037,0.6681
16,185,8.9175,0.0058,20.3841,34.008,0.6670
16,186,7.9328,0.0000,18.9885,34.053,0.6664
16,187,8.1682,0.2164,19.1666,33.970,0.6660
16,188,8.5322,0.1826,19.7243,33.874,0.6656
16,189,8.1877,0.0516,18.9644,34.179,0.6650
16,190,8.1778,0.2121,19.2873,34.089,0.6654
16,191,8.0531,0.4601,20.0620,33.819,0.6663
16,192,8.0936,0.1495,19.4753,34.013,0.6668
16,193,8.4107,0.1647,20.0326,34.234,0.6668
16,194,8.3771,0.2444,19.4615,34.074,0.6670
16,195,8.6176,0.1401,20.0237,34.038,0.6670
16,196,8.7220,0.1167,20.2498,33.625,0.6668
16,197,7.6855,0.1445,19.9115,33.795,0.6672
16,198,8.5559,0.0000,19.8216,34.040,0.6669
16,199,9.1265,0.1968,20.0225,34.098,0.6659
16,200,8.3360,0.0952,20.0474,34.026,0.6665
16,201,8.0520,0.0000,19.8983,34.061,0.6680
16,202,8.4506,0.3986,19.3860,34.267,0.6672
16,203,8.0730,0.2394,20.7119,34.018,0.6657
16,204,8.7276,0.2583,19.2194,33.915,0.6655
16,205,7.7533,0.0000,19.0779,34.203,0.6658
16,206,8.2459,0.1977,20.3260,34.048,0.6655
16,207,8.3826,0.2021,20.3777,33.984,0.6655
16,208,8.5830,0.1266,18.8301,33.881,0.6657
16,209,8.2363,0.0000,19.1955,34.167,0.6654
16,210,8.6321,0.2968,20.3262,34.183,0.6663
16,211,8.4597,0.0000,19.6987,33.994,0.6670
16,212,8.5482,0.1395,19.3562,33.717,0.6577
16,213,8.3733,0.0000,18.8303,33.675,0.6124
16,214,7.7422,0.2076,20.0430,33.893,0.5769
16,215,8.5880,0.0000,19.7594,34.029,0.5773
16,216,8.2960,0.2632,19.8258,33.923,0.5952
16,217,7.8590,0.2238,19.6890,33.765,0.6071
16,218,7.3588,0.1133,18.9763,33.946,0.6069
16,219,7.6897,0.1229,18.6936,34.089,0.6012
16,220,7.5485,0.1143,19.9180,34.009,0.5980
16,221,8.1100,0.2521,19.1544,33.878,0.5985
16,222,8.4376,0.2513,18.3719,34.322,0.6011
16,223,8.1353,0.1359,18.9595,33.717,0.6034
16,224,8.0018,0.3047,17.9809,34.216,0.6042
16,225,7.9941,0.1492,19.8678,34.198,0.6037
16,226,7.5631,0.1366,18.3464,34.098,0.6032
16,227,8.0697,0.0703,18.3346,33.837,0.6035
16,228,7.9114,0.0376,18.5636,33.931,0.6035
16,229,8.6793,0.1954,18.1205,33.970,0.6028
16,230,7.5715,0.0000,18.7200,33.965,0.6017
16,231,7.5077,0.1943,18.3197,34.015,0.6016
16,232,7.7673,0.3915,19.5583,34.012,0.6028
16,233,7.1959,0.0222,18.8063,33.969,0.6038
16,234,7.6265,0.0000,18.0533,33.854,0.6037
16,235,8.0628,0.0850,18.8367,33.982,0.6032
16,236,7.6698,0.1046,18.7698,33.970,0.6029
16,237,7.6600,0.2972,18.8792,34.137,0.6029
16,238,7.6365,0.1468,18.4098,33.660,0.6026
16,239,7.9248,0.1924,18.6463,33.849,0.6022
16,240,8.2254,0.1552,18.2175,33.716,0.6018
16,241,8.5660,0.0000,18.2795,33.888,0.6020
16,242,7.7100,0.1914,18.1931,34.063,0.6034
16,243,7.7707,0.0000,18.2375,34.034,0.6038
16,244,7.5721,0.0022,18.3796,33.822,0.6027
16,245,7.4244,0.0000,18.1557,33.961,0.6012
16,246,8.0555,0.2728,18.7633,33.751,0.6009
16,247,7.2601,0.3563,17.4645,34.127,0.6023
16,248,7.4179,0.2597,19.2204,33.995,0.6036
16,249,7.9230,0.2190,18.3493,33.896,0.6031
16,250,7.3077,0.2049,19.1457,34.123,0.6017
16,251,7.7316,0.3063,18.6747,34.057,0.5975
16,252,7.5314,0.0000,18.6846,34.140,0.5859
16,253,7.1347,0.1593,19.4253,33.785,0.5774
16,254,7.6084,0.0000,18.5582,34.079,0.5697
16,255,8.3637,0.3798,18.5396,34.149,0.5679
16,256,7.7298,0.0086,17.9883,33.961,0.5710
16,257,7.5245,0.1206,16.8519,33.854,0.5736
16,258,7.2053,0.3131,18.3687,33.839,0.5736
16,259,7.5558,0.3981,17.8596,33.986,0.5719
16,260,7.7535,0.1240,17.3699,33.916,0.5711
16,261,6.9009,0.2636,18.5428,34.283,0.5714
16,262,7.7102,0.0952,18.1756,33.847,0.5717
16,263,7.4142,0.3073,16.9966,33.987,0.5720
16,264,6.9219,0.0000,18.3015,33.868,0.5725
16,265,7.2681,0.0946,18.2139,33.868,0.5718
16,266,6.9980,0.0478,17.9443,33.590,0.5716
16,267,7.6942,0.1470,17.6415,33.699,0.5729
16,268,7.2315,0.0455,17.4490,33.748,0.5742
16,269,7.7919,0.2574,18.3201,33.994,0.5747
16,270,7.6432,0.0000,17.2848,33.769,0.5737
16,271,8.0828,0.0575,18.2664,33.835,0.5728
16,272,7.5726,0.0648,18.0706,34.051,0.5728
16,273,7.2434,0.0000,17.0845,34.174,0.5725
16,274,7.0515,0.5879,18.3516,33.945,0.5720
16,275,7.4388,0.1502,17.6521,34.174,0.5718
16,276,6.8039,0.1091,17.5505,34.065,0.5722
16,277,7.6223,0.0921,16.9040,34.115,0.5734
16,278,7.6844,0.3098,17.8017,33.847,0.5741
16,279,7.2336,0.0632,17.9873,34.223,0.5743
16,280,7.5677,0.2876,17.4069,34.077,0.5734
16,281,7.2876,0.0849,17.8731,33.983,0.5722
16,282,7.3305,0.0000,16.9680,34.171,0.5726
16,283,7.4034,0.2672,18.3404,34.113,0.5731
16,284,8.1075,0.0000,17.9433,34.220,0.5735
16,285,7.5690,0.2862,17.7111,33.995,0.5738
16,286,7.2856,0.1734,17.9539,34.183,0.5729
16,287,7.1524,0.0406,18.2446,33.928,0.5721
16,288,7.8825,0.2991,16.9547,33.828,0.5721
16,289,7.8539,0.1091,18.2283,34.120,0.5726
16,290,7.5601,0.1186,18.4959,34.100,0.5730
16,291,6.8315,0.0000,16.9623,33.798,0.5733
16,292,7.2629,0.6519,16.8886,33.723,0.5732
16,293,7.4507,0.0977,18.2979,34.213,0.5726
16,294,6.9005,0.2288,17.2191,33.877,0.5723
16,295,7.5021,0.1249,17.9993,33.796,0.5721
16,296,7.5502,0.0000,17.5302,34.257,0.5723
16,297,6.7388,0.0000,18.0521,33.954,0.5729
16,298,7.2884,0.2078,17.7372,33.824,0.5734
16,299,7.4070,0.1180,17.3103,33.842,0.5731
16,300,7.8885,0.1653,18.3354,34.146,0.5720
16,301,7.0189,0.0000,16.8833,34.346,0.5718
16,302,7.0256,0.0431,17.6679,33.959,0.5723
16,303,7.1847,0.0501,17.4011,33.959,0.5724
16,304,7.2443,0.3035,16.8008,34.107,0.5726
16,305,7.5396,0.0000,17.5762,34.163,0.5721
16,306,7.6039,0.0937,18.5150,34.110,0.5720
16,307,7.6387,0.2470,17.5422,34.286,0.5727
16,308,6.8962,0.3442,17.0111,34.120,0.5727
16,309,7.2262,0.3857,17.8866,34.249,0.5724
16,310,7.3436,0.0000,17.0536,33.922,0.5727
16,311,7.3015,0.0997,17.3546,33.693,0.5731
16,312,7.6105,0.1599,17.2767,34.054,0.5737
16,313,7.5465,0.1949,17.1831,34.210,0.5728
16,314,7.3053,0.0302,17.5980,33.957,0.5707
16,315,7.0938,0.0000,17.7683,33.948,0.5705
16,316,7.0426,0.0000,17.2428,34.121,0.5717
16,317,7.5766,0.1106,17.7034,34.201,0.5727
16,318,7.3719,0.2867,17.4535,34.225,0.5725
16,319,7.5966,0.1346,17.7477,33.833,0.5718
16,320,6.8075,0.2650,17.0322,33.926,0.5723
16,321,7.1901,0.1899,19.0310,33.910,0.5732
16,322,7.3134,0.2467,18.6835,34.151,0.5730
16,323,6.8122,0.2528,17.9582,34.272,0.5722
16,324,7.2959,0.0389,18.0534,34.177,0.5715
16,325,7.1688,0.4458,16.6110,34.368,0.5715
16,326,7.6366,0.1147,17.2285,33.926,0.5715
16,327,7.2166,0.2273,17.0559,33.829,0.5720
16,328,7.4768,0.1783,18.9724,33.912,0.5728
16,329,7.9364,0.1362,16.7745,33.821,0.5730
16,330,7.5744,0.2008,16.9918,33.997,0.5726
16,331,7.1388,0.1994,18.0489,34.058,0.5717
16,332,7.2908,0.1891,18.0908,34.179,0.5717
16,333,7.1110,0.1617,18.2636,34.071,0.5720
16,334,7.2393,0.0704,17.5658,34.138,0.5724
16,335,7.2299,0.1381,17.7226,34.047,0.5727
16,336,6.9105,0.0699,17.7455,34.062,0.5726
16,337,7.1092,0.2724,17.6563,34.184,0.5729
16,338,6.7713,0.2740,17.0837,33.759,0.5728
16,339,6.7133,0.0694,17.3018,34.025,0.5724
16,340,6.7048,0.0561,18.1640,34.002,0.5716
16,341,7.5510,0.0303,18.6513,34.121,0.5710
16,342,6.8887,0.1564,18.4471,34.089,0.5714
16,343,6.5593,0.1410,17.8351,33.823,0.5716
16,344,7.1158,0.2475,17.6071,34.205,0.5720
16,345,7.0497,0.0436,17.7606,34.160,0.5720
16,346,7.6242,0.0000,18.0323,33.876,0.5711
16,347,7.5215,0.3837,18.1005,33.721,0.5706
16,348,7.0663,0.1404,18.1939,34.145,0.5711
16,349,7.2492,0.0962,18.6374,34.075,0.5717
16,350,7.3367,0.0474,17.3091,33.950,0.5726
16,351,7.1434,0.2098,17.8284,34.083,0.5733
16,352,7.4850,0.0724,16.9445,34.130,0.5731
16,353,7.6958,0.1168,16.9071,34.079,0.5726
16,354,7.6494,0.2062,17.6897,33.858,0.5727
16,355,7.1942,0.2036,17.4859,34.193,0.5730
16,356,7.1554,0.3507,18.2665,33.960,0.5724
16,357,7.6116,0.0000,18.3034,33.746,0.5723
16,358,7.4635,0.0000,18.1857,34.098,0.5731
16,359,7.1473,0.0588,17.4024,34.182,0.5730
16,360,7.5506,0.1560,17.6531,33.955,0.5718
16,361,7.0135,0.1397,17.9027,33.992,0.5719
16,362,7.4588,0.1532,17.5088,33.984,0.5728
16,363,6.6303,0.1462,17.9755,34.278,0.5724
16,364,6.9053,0.3979,17.4747,33.879,0.5709
16,365,6.9237,0.1298,16.6544,34.093,0.5701
16,366,7.1357,0.1627,18.1694,33.804,0.5683
16,367,7.6193,0.2075,17.4689,33.814,0.5675
16,368,6.8135,0.1116,18.3028,34.068,0.5676
16,369,7.0952,0.2945,16.8038,33.851,0.5675
16,370,7.0703,0.0037,17.6668,34.349,0.5675
16,371,7.4178,0.2439,16.8540,34.104,0.5674
16,372,7.6134,0.2823,18.0848,33.871,0.5715
16,373,6.9538,0.3527,18.2513,33.984,0.5908
16,374,7.5890,0.0000,18.0808,34.119,0.6057
16,375,7.6105,0.2716,18.1069,33.820,0.6050
16,376,7.8579,0.0689,18.3930,33.965,0.5975
16,377,7.7408,0.0000,17.5398,33.837,0.5940
16,378,8.2883,0.1434,18.5891,34.015,0.5948
16,379,7.6807,0.3676,18.6865,34.157,0.5965
16,380,7.2352,0.1569,18.0799,33.993,0.5969
16,381,7.3671,0.3322,18.7748,33.643,0.5954
16,382,7.0416,0.2140,17.3015,34.099,0.5939
16,383,7.3181,0.1934,17.3847,34.004,0.5932
16,384,7.4002,0.0000,18.1051,34.046,0.5940
16,385,7.2184,0.0575,18.0527,34.250,0.5950
16,386,7.5991,0.0000,18.6983,34.021,0.5949
16,387,7.2149,0.0676,18.6200,34.013,0.5949
16,388,7.4067,0.0000,18.0535,34.015,0.5949
16,389,7.6783,0.3328,17.9398,33.966,0.5944
16,390,7.4732,0.0000,18.3115,33.903,0.5941
16,391,7.8506,0.1937,17.3363,33.881,0.5949
16,392,8.0732,0.1070,17.8195,34.096,0.5968
16,393,7.2701,0.0576,18.1920,33.912,0.5977
16,394,7.6718,0.1011,18.0163,33.819,0.5971
16,395,7.9373,0.0533,18.9062,34.010,0.5955
16,396,7.9208,0.1499,17.2913,34.002,0.5944
16,397,8.3517,0.3082,17.7909,34.355,0.6063
16,398,7.8184,0.1914,17.7886,33.961,0.6503
16,399,7.6590,0.0246,18.9490,33.771,0.6162
17,0,8.1703,0.0000,19.3043,33.847,0.6274
17,1,7.7051,0.2288,18.7438,33.733,0.6256
17,2,7.7463,0.0370,18.8197,34.092,0.6238
17,3,7.8791,0.0000,19.2453,33.990,0.6240
17,4,7.8022,0.1798,19.5374,34.051,0.6246
17,5,8.3029,0.0678,18.9963,34.069,0.6244
17,6,7.6295,0.2523,18.6724,34.255,0.6249
17,7,8.1763,0.2723,19.3522,34.048,0.6258
17,8,7.8576,0.0610,19.6062,34.287,0.6269
17,9,8.0760,0.1703,18.7631,33.675,0.6274
17,10,8.0457,0.0000,18.1204,34.275,0.6264
17,11,8.1280,0.0000,18.8900,34.239,0.6251
17,12,8.0778,0.1917,18.9420,33.970,0.6250
17,13,7.3599,0.1073,19.7728,34.046,0.6258
17,14,8.0134,0.3385,18.3434,33.901,0.6260
17,15,8.0143,0.0000,19.3117,33.982,0.6260
17,16,8.0128,0.2061,19.5172,34.160,0.6264
17,17,7.6428,0.2167,19.0605,33.804,0.6269
17,18,8.4668,0.0000,18.7396,34.227,0.6262
17,19,7.9152,0.1264,18.3939,33.998,0.6251
17,20,7.7330,0.0000,17.6530,34.013,0.6248
17,21,8.4118,0.2148,19.0656,34.011,0.6245
17,22,7.8964,0.2937,17.7981,34.097,0.6247
17,23,8.1360,0.1194,19.4348,33.967,0.6251
17,24,7.8230,0.1062,18.9104,34.033,0.6252
17,25,8.1873,0.1833,18.9158,33.752,0.6261
17,26,8.8724,0.2766,18.1871,33.875,0.6267
17,27,7.6092,0.1399,19.4056,34.143,0.6265
17,28,8.2545,0.0000,18.8527,34.042,0.6266
17,29,7.9927,0.1270,19.6207,33.822,0.6269
17,30,8.3968,0.2433,19.3297,33.927,0.6272
17,31,8.1233,0.3645,19.6518,33.763,0.6268
17,32,7.6833,0.0000,18.3323,33.940,0.6255
17,33,8.3136,0.1630,19.1213,33.937,0.6246
17,34,8.6674,0.0912,18.9502,33.935,0.6253
17,35,7.7895,0.0711,19.7720,33.759,0.6257
17,36,7.8591,0.0650,19.3187,34.167,0.6249
17,37,7.6131,0.0694,19.1109,33.744,0.6239
17,38,7.9494,0.2272,18.3322,33.920,0.6239
17,39,7.7445,0.2661,19.0477,33.917,0.6255
17,40,7.7135,0.4029,19.3109,34.012,0.6266
17,41,7.6423,0.0558,18.6977,34.040,0.6259
17,42,7.2284,0.2858,18.3425,34.040,0.6242
17,43,7.9045,0.5763,18.1176,34.183,0.6242
17,44,8.2580,0.0661,19.3315,33.931,0.6255
17,45,7.8835,0.0340,19.7394,34.228,0.6266
17,46,7.7826,0.0966,18.3613,33.932,0.6266
17,47,8.0400,0.1541,19.3578,34.261,0.6254
17,48,7.8976,0.0000,19.4570,33.809,0.6248
17,49,8.1266,0.0643,19.0626,34.113,0.6249
17,50,7.7951,0.2569,18.3281,33.887,0.6247
17,51,7.6706,0.0978,19.2802,33.797,0.6246
17,52,7.4324,0.0164,18.2248,34.074,0.6240
17,53,8.1556,0.1333,19.2861,34.120,0.6225
17,54,7.2142,0.3974,18.4339,34.341,0.6227
17,55,7.5997,0.1598,19.3893,34.056,0.6246
17,56,7.2505,0.3390,18.5185,34.015,0.6251
17,57,8.0502,0.0283,18.8448,34.022,0.6243
17,58,7.7968,0.1505,18.7546,34.093,0.6247
17,59,7.8436,0.3275,19.4239,34.034,0.6258
17,60,7.2541,0.2401,18.4297,33.969,0.6266
17,61,7.8961,0.2617,18.2205,34.089,0.6259
17,62,7.4068,0.3844,19.6671,33.935,0.6246
17,63,7.7796,0.0533,19.5647,34.079,0.6243
17,64,7.4990,0.0755,19.2595,34.091,0.6244
17,65,7.6474,0.0000,19.9356,33.709,0.6246
17,66,7.7878,0.2679,18.2159,33.894,0.6248
17,67,7.7609,0.3538,19.6502,33.966,0.6247
17,68,8.1408,0.4214,19.7806,34.199,0.6246
17,69,7.5796,0.0000,18.2800,33.986,0.6255
17,70,8.1458,0.4913,19.7671,33.976,0.6259
17,71,7.6924,0.1738,19.0019,33.997,0.6246
17,72,7.6689,0.0000,19.1165,34.011,0.6244
17,73,8.0070,0.3468,19.8327,33.850,0.6263
17,74,8.1093,0.0000,18.9482,33.932,0.6274
17,75,9.4817,0.0721,18.9368,33.725,0.6265
17,76,8.4551,0.0000,18.6171,33.843,0.6258
17,77,8.5697,0.4690,19.9014,33.891,0.6260
17,78,7.6848,0.0220,18.7274,33.968,0.6259
17,79,7.7301,0.3016,18.6156,34.165,0.6256
17,80,8.0937,0.0000,19.5524,34.267,0.6253
17,81,8.5815,0.2355,18.6477,34.059,0.6255
17,82,8.4480,0.1847,17.9581,33.884,0.6269
17,83,8.9216,0.1489,19.4351,34.037,0.6278
17,84,8.4353,0.0572,19.2675,34.675,0.6459
17,85,8.4899,0.1828,19.1414,34.755,0.7385
17,86,8.8255,0.0927,20.2687,34.721,0.8120
17,87,9.4287,0.2420,20.2688,34.076,0.8128
17,88,8.8045,0.2914,20.1154,33.798,0.7776
17,89,8.9729,0.1804,19.4441,34.071,0.7533
17,90,9.4364,0.1916,20.7511,33.961,0.7508
17,91,8.4563,0.0147,20.2215,34.321,0.7592
17,92,8.8043,0.3827,21.6790,33.857,0.7658
17,93,9.1986,0.1161,22.0695,34.054,0.7655
17,94,8.9078,0.1344,21.0031,33.246,0.7216
17,95,8.7541,0.2629,20.6678,32.798,0.5252
17,96,8.4015,0.1269,20.3262,33.294,0.3798
17,97,8.1616,0.2626,18.5497,33.826,0.3857
17,98,7.9474,0.1783,18.9979,34.314,0.4595
17,99,8.0276,0.0272,19.4721,34.010,0.5052
17,100,7.6221,0.0115,18.3368,33.642,0.5025
17,101,7.1814,0.2117,18.8054,33.777,0.4815
17,102,7.3839,0.0000,17.6249,33.816,0.4707
17,103,7.5951,0.4445,17.2845,34.008,0.4745
17,104,6.9076,0.0600,17.6409,33.845,0.4832
17,105,7.7265,0.2358,16.8974,33.751,0.4873
17,106,7.1689,0.0883,16.2221,33.944,0.4861
17,107,7.4284,0.1885,16.3234,34.103,0.4835
17,108,7.2114,0.1971,16.6560,34.140,0.4826
17,109,6.5943,0.1185,16.2043,34.078,0.4838
17,110,7.3007,0.0000,15.9374,33.997,0.4852
17,111,6.3930,0.1587,16.0136,33.846,0.4851
17,112,6.5933,0.2039,16.7963,34.103,0.4833
17,113,6.7928,0.0000,16.8438,33.952,0.4820
17,114,6.1093,0.2547,15.7685,34.068,0.4827
17,115,6.2861,0.3662,15.4501,34.101,0.4837
17,116,6.3898,0.1187,16.1037,34.000,0.4849
17,117,6.0779,0.0361,16.2297,33.939,0.4856
17,118,7.0798,0.0000,15.7232,33.877,0.4850
17,119,7.1077,0.0070,15.8623,34.038,0.4845
17,120,6.4452,0.1433,16.0163,34.146,0.4850
17,121,6.2757,0.3887,15.8368,34.075,0.4855
17,122,6.8251,0.1830,16.9449,33.787,0.4852
17,123,6.6438,0.1358,15.3388,33.959,0.4844
17,124,5.9807,0.0000,16.3657,34.041,0.4838
17,125,6.1918,0.1363,14.9836,34.198,0.4832
17,126,6.4597,0.1322,15.7205,33.970,0.4827
17,127,6.4708,0.0463,15.0983,34.844,0.5056
17,128,6.9416,0.2582,15.8885,34.816,0.6252
17,129,6.7681,0.1937,16.1276,34.494,0.7222
17,130,6.9081,0.0000,16.7322,34.062,0.7270
17,131,7.0514,0.1557,16.4576,34.213,0.6841
17,132,6.8662,0.1576,17.3064,33.970,0.6516
17,133,7.2569,0.0189,17.9184,33.821,0.6479
17,134,6.8105,0.1078,17.8020,34.326,0.6593
17,135,7.5747,0.2210,18.4052,34.054,0.6672
17,136,6.5894,0.0499,18.7806,34.251,0.6667
17,137,7.8629,0.0000,18.7515,34.295,0.6626
17,138,7.7806,0.0000,19.1203,34.249,0.6587
17,139,7.6303,0.0313,18.8626,33.962,0.6588
17,140,7.2179,0.1290,18.4619,34.348,0.6620
17,141,7.7619,0.0118,19.9146,33.687,0.6626
17,142,7.6352,0.2038,19.1628,34.006,0.6614
17,143,8.0158,0.1987,18.7810,34.268,0.6610
17,144,7.6732,0.0000,19.5726,34.003,0.6603
17,145,7.5655,0.2290,20.1395,34.021,0.6601
17,146,7.8175,0.3291,19.5453,33.961,0.6607
17,147,8.4897,0.0000,19.5826,34.096,0.6608
17,148,7.7341,0.1715,20.4243,34.021,0.6613
17,149,7.8712,0.1206,20.0044,34.063,0.6614
17,150,8.4038,0.0288,19.8497,34.064,0.6621
17,151,7.6942,0.3808,19.7519,33.875,0.6628
17,152,8.1226,0.2319,20.0687,34.019,0.6611
17,153,8.6339,0.0137,19.6935,34.106,0.6587
17,154,8.4576,0.0856,19.4403,34.091,0.6591
17,155,7.9586,0.0000,19.3364,34.195,0.6609
17,156,8.0661,0.0775,19.5376,33.893,0.6610
17,157,8.0439,0.0190,19.5950,33.975,0.6594
17,158,7.8532,0.2478,20.0603,33.901,0.6586
17,159,8.0170,0.3500,21.2582,34.248,0.6595
17,160,8.3617,0.1721,19.5542,33.781,0.6614
17,161,8.3102,0.0000,19.4962,33.977,0.6625
17,162,8.1664,0.2636,19.1402,34.312,0.6618
17,163,7.8919,0.2572,20.2115,33.765,0.6605
17,164,8.3970,0.0000,20.4111,34.057,0.6606
17,165,8.1181,0.1237,19.5394,33.929,0.6603
17,166,8.0611,0.4659,19.8803,34.140,0.6597
17,167,8.3278,0.1120,18.8729,33.747,0.6608
17,168,8.3225,0.1000,19.9938,34.038,0.6615
17,169,8.3371,0.1432,18.9830,33.865,0.6608
17,170,8.5137,0.0005,18.3125,34.002,0.6601
17,171,7.8459,0.0000,19.7053,33.687,0.6593
17,172,8.0092,0.0520,19.0106,33.894,0.6591
17,173,8.8272,0.1424,20.3822,33.881,0.6607
17,174,7.7630,0.0000,19.8617,34.060,0.6633
17,175,8.3834,0.1330,20.1069,34.134,0.6631
17,176,8.5522,0.1193,19.9593,33.826,0.6603
17,177,8.1948,0.3326,19.3438,33.992,0.6586
17,178,8.6931,0.1034,20.0633,33.944,0.6603
17,179,7.8202,0.0000,19.9312,34.158,0.6623
17,180,7.9531,0.3439,19.3128,33.999,0.6621
17,181,7.7821,0.2158,18.8401,34.198,0.6609
17,182,8.3997,0.0000,19.1295,34.171,0.6598
17,183,8.5397,0.2728,19.4340,33.993,0.6604
17,184,7.8837,0.0000,19.3314,34.126,0.6616
17,185,8.1891,0.0148,21.0976,34.101,0.6625
17,186,8.8619,0.1055,20.0271,33.792,0.6626
17,187,8.1557,0.2759,20.4011,33.871,0.6628
17,188,9.2485,0.0000,19.5034,34.054,0.6630
17,189,8.5154,0.3479,19.7724,34.131,0.6628
17,190,8.1968,0.1318,20.1110,34.002,0.6621
17,191,8.4333,0.3922,19.6359,34.046,0.6616
17,192,8.5598,0.3706,20.0144,33.929,0.6618
17,193,8.1668,0.0000,19.2138,34.196,0.6617
17,194,8.5303,0.1301,19.5768,34.201,0.6615
17,195,8.5769,0.3354,20.9444,34.137,0.6616
17,196,8.0250,0.2246,18.8591,34.260,0.6612
17,197,8.3489,0.0000,19.0880,33.832,0.6601
17,198,8.0759,0.0052,19.4567,34.165,0.6598
17,199,8.2285,0.4294,20.3456,34.178,0.6605
17,200,8.2365,0.0000,20.1349,34.113,0.6606
17,201,8.1544,0.0185,19.6160,33.978,0.6601
17,202,8.2987,0.0000,20.8263,34.014,0.6606
17,203,8.8054,0.0000,20.5397,34.138,0.6616
17,204,8.3324,0.0592,20.3902,33.743,0.6611
17,205,8.0867,0.1492,19.6100,34.158,0.6606
17,206,8.0546,0.0000,20.5965,34.091,0.6617
17,207,9.1655,0.2352,20.4011,33.856,0.6626
17,208,8.1497,0.1816,20.4754,34.124,0.6620
17,209,8.2225,0.0725,19.6828,33.930,0.6611
17,210,7.7122,0.1457,19.3805,33.403,0.6451
17,211,7.8102,0.0000,18.7626,33.172,0.5678
17,212,8.1654,0.0725,19.4683,33.655,0.5096
17,213,7.8953,0.0000,19.4628,34.000,0.5116
17,214,7.9113,0.3537,18.8851,33.931,0.5402
17,215,7.5191,0.3629,19.8918,34.000,0.5585
17,216,7.7058,0.0661,18.6864,34.000,0.5584
17,217,7.7122,0.2713,17.8911,34.201,0.5509
17,218,7.0780,0.0192,18.2234,34.005,0.5455
17,219,7.9309,0.1291,18.5775,34.044,0.5461
17,220,7.8536,0.0000,17.9546,34.129,0.5508
17,221,7.1912,0.0000,18.6585,34.065,0.5532
17,222,7.3796,0.2956,19.4362,34.050,0.5524
17,223,7.1388,0.2044,18.3486,33.823,0.5512
17,224,7.7233,0.1380,17.3978,34.039,0.5506
17,225,7.2599,0.0000,17.9760,33.724,0.5511
17,226,7.2540,0.0000,17.4312,33.313,0.5237
17,227,6.6514,0.0000,16.6863,33.161,0.3880
17,228,6.5682,0.1945,16.4696,33.560,0.2862
17,229,6.6852,0.1163,15.5435,33.879,0.2882
17,230,6.1814,0.1301,15.4030,33.943,0.3382
17,231,6.5045,0.2966,16.0716,33.982,0.3705
17,232,6.0437,0.0223,15.9633,33.867,0.3695
17,233,6.1154,0.0942,15.4411,33.985,0.3555
17,234,6.0897,0.0012,14.3483,33.892,0.3479
17,235,5.8104,0.1637,15.0880,33.824,0.3505
17,236,5.5909,0.1560,14.0829,34.152,0.3558
17,237,5.7960,0.1073,14.4388,33.867,0.3575
17,238,5.7440,0.0441,14.2857,34.093,0.3558
17,239,5.5665,0.3043,13.9428,34.051,0.3543
17,240,5.3213,0.6049,14.1749,33.859,0.3536
17,241,5.3893,0.0000,13.3512,34.180,0.3536
17,242,5.5247,0.0826,13.1020,34.217,0.3541
17,243,5.3927,0.0000,12.3423,34.056,0.3548
17,244,5.1183,0.1241,13.0966,34.039,0.3550
17,245,4.8408,0.0847,13.1012,33.878,0.3546
17,246,5.1122,0.2120,12.7268,33.988,0.3546
17,247,5.2716,0.2411,12.4507,33.944,0.3546
17,248,5.0733,0.1010,12.5166,33.935,0.3546
17,249,5.9864,0.2920,12.4686,33.739,0.3546
17,250,5.1744,0.0000,12.6054,34.126,0.3551
17,251,5.2858,0.2237,12.7428,33.877,0.3553
17,252,5.2323,0.1888,12.6159,34.168,0.3548
17,253,5.3495,0.1603,12.3201,33.674,0.3548
17,254,5.7557,0.1634,12.5707,33.916,0.3548
17,255,5.2019,0.3090,13.0733,34.015,0.3546
17,256,5.4418,0.0461,12.9762,33.985,0.3546
17,257,5.1837,0.0000,11.5004,34.056,0.3543
17,258,5.4431,0.2259,12.3080,34.163,0.3539
17,259,4.9267,0.1788,12.4789,34.199,0.3547
17,260,5.2376,0.2185,12.6318,34.126,0.3555
17,261,4.9334,0.0300,12.6084,34.195,0.3551
17,262,5.1165,0.1485,12.3420,33.805,0.3548
17,263,5.1213,0.0000,12.6509,34.043,0.3548
17,264,5.2332,0.0306,11.5453,34.047,0.3551
17,265,5.2742,0.0000,11.9874,33.539,0.3549
17,266,4.9865,0.2140,11.7043,34.060,0.3547
17,267,5.3576,0.0079,11.9768,34.061,0.3544
17,268,4.9428,0.0242,12.7280,34.070,0.3543
17,269,4.9668,0.3615,12.7707,34.077,0.3549
17,270,5.3916,0.0000,12.5416,34.200,0.3546
17,271,5.3128,0.1909,11.7132,33.812,0.3549
17,272,5.7417,0.1073,11.5547,34.312,0.3556
17,273,5.3891,0.1745,12.5582,34.096,0.3554
17,274,5.1575,0.0040,12.1485,34.244,0.3549
17,275,5.2203,0.0597,13.2062,34.824,0.3869
17,276,5.6782,0.1408,13.3041,35.392,0.5639
17,277,5.9440,0.1770,14.1100,34.729,0.7130
17,278,6.2234,0.1220,13.6978,34.239,0.7247
17,279,6.2673,0.2570,14.9467,34.031,0.6588
17,280,6.0228,0.1163,15.1006,34.260,0.6087
17,281,6.9523,0.2306,15.1956,34.083,0.6039
17,282,6.8644,0.0901,15.9660,34.069,0.6218
17,283,6.3960,0.2325,16.0290,34.004,0.6342
17,284,7.0077,0.1874,16.1982,33.927,0.6333
17,285,7.1491,0.6231,16.3309,33.993,0.6256
17,286,7.0696,0.0911,17.3999,34.010,0.6210
17,287,7.2963,0.2616,17.5204,34.059,0.6208
17,288,7.5711,0.6425,16.6911,34.191,0.6217
17,289,7.1419,0.1419,17.4514,34.126,0.6230
17,290,7.1205,0.2269,17.3879,34.257,0.6233
17,291,7.1278,0.0660,16.9028,34.145,0.6221
17,292,7.4140,0.0000,17.6483,33.671,0.6212
17,293,7.3172,0.3329,17.6747,33.900,0.6215
17,294,7.3308,0.0994,18.2631,34.022,0.6221
17,295,7.5840,0.0000,17.2865,34.309,0.6218
17,296,8.1060,0.1312,19.1851,33.994,0.6210
17,297,7.6295,0.2594,17.9247,34.336,0.6220
17,298,7.2862,0.4569,18.4006,33.753,0.6227
17,299,8.2371,0.1146,18.6690,33.866,0.6228
17,300,7.4864,0.3285,18.0058,34.001,0.6233
17,301,8.2156,0.0000,18.3010,34.090,0.6232
17,302,8.2224,0.4268,18.5201,33.716,0.6230
17,303,7.8091,0.0429,18.5890,33.836,0.6228
17,304,8.0928,0.0769,19.1490,34.028,0.6225
17,305,8.3510,0.1033,18.1767,34.054,0.6231
17,306,8.3657,0.1941,18.2078,34.035,0.6245
17,307,8.9177,0.0373,18.2421,34.115,0.6253
17,308,8.3354,0.0901,19.0481,33.761,0.6248
17,309,8.7712,0.2269,18.6621,33.687,0.6243
17,310,7.7447,0.2914,18.3679,32.699,0.5756
17,311,7.3752,0.2263,16.7863,32.677,0.3533
17,312,7.2114,0.0000,16.0343,32.922,0.1918
17,313,6.4363,0.3150,16.7288,33.735,0.1993
17,314,6.5463,0.0217,16.7085,34.155,0.2807
17,315,6.5971,0.0000,15.6714,33.836,0.3305
17,316,6.0664,0.3228,15.2924,33.757,0.3269
17,317,6.0414,0.0000,15.4520,33.908,0.3036
17,318,5.9271,0.0558,14.5795,33.717,0.2930
17,319,5.5462,0.0000,14.9575,33.549,0.2988
17,320,5.5948,0.1976,13.3226,33.915,0.3076
17,321,5.5886,0.1066,13.1148,33.941,0.3107
17,322,5.4442,0.1674,12.8074,33.875,0.3092
17,323,4.8210,0.2634,12.6817,34.113,0.3073
17,324,5.2220,0.5724,12.5690,34.263,0.3068
17,325,5.2953,0.0690,12.2570,33.881,0.3075
17,326,5.3154,0.2448,11.9954,33.817,0.3088
17,327,5.1009,0.0000,12.7193,33.723,0.3092
17,328,4.9219,0.1551,11.9469,34.253,0.3085
17,329,5.0368,0.0789,11.5921,34.156,0.3078
17,330,4.5749,0.1187,11.5674,33.839,0.3077
17,331,4.7107,0.2802,11.8439,34.072,0.3074
17,332,4.7080,0.2716,11.8711,33.990,0.3072
17,333,4.6513,0.0000,12.1722,33.981,0.3077
17,334,4.9944,0.0000,12.3204,34.058,0.3084
17,335,4.9106,0.0000,11.2924,33.976,0.3084
17,336,4.6912,0.0189,11.6532,34.213,0.3081
17,337,4.6575,0.2752,11.5077,33.992,0.3077
17,338,4.6994,0.2124,11.7129,33.971,0.3070
17,339,4.8800,0.1258,11.4832,33.987,0.3075
17,340,4.9685,0.1156,11.1146,33.969,0.3091
17,341,5.0144,0.2440,11.3264,33.802,0.3096
17,342,4.3140,0.0000,11.6284,33.981,0.3090
17,343,4.5660,0.0000,10.8444,34.220,0.3085
17,344,4.8435,0.0220,11.5677,33.907,0.3084
17,345,4.7863,0.0000,10.8469,33.943,0.3088
17,346,4.9059,0.0000,11.0923,34.059,0.3091
17,347,4.3405,0.2195,11.4536,34.139,0.3086
17,348,4.8770,0.1110,10.5710,34.009,0.3077
17,349,4.6280,0.0728,11.0600,33.749,0.3074
17,350,4.4521,0.0024,10.8255,34.105,0.3076
17,351,4.5145,0.2465,11.0667,33.809,0.3074
17,352,4.9797,0.1908,11.1459,34.130,0.3076
17,353,4.6044,0.0000,11.4364,33.971,0.3082
17,354,4.5641,0.1132,11.3128,34.046,0.3081
17,355,4.3684,0.3397,10.6832,33.798,0.3077
17,356,4.5361,0.4121,11.1358,34.162,0.3075
17,357,4.6843,0.0000,10.7586,34.099,0.3077
17,358,4.6397,0.0664,11.0166,33.787,0.3079
17,359,4.6149,0.0000,11.3736,34.042,0.3079
17,360,4.5226,0.0000,10.5990,34.200,0.3078
17,361,4.6033,0.0000,11.3585,34.093,0.3071
17,362,4.3094,0.1903,11.3473,33.991,0.3067
17,363,4.3348,0.0000,11.2333,33.996,0.3069
17,364,4.5177,0.0639,10.6946,33.922,0.3079
17,365,4.2664,0.1069,10.3450,34.216,0.3090
17,366,4.3915,0.1959,10.9099,34.092,0.3081
17,367,4.5948,0.1861,11.3846,33.796,0.3068
17,368,4.4646,0.0000,10.3347,33.857,0.3071
17,369,4.2039,0.2825,11.3918,33.982,0.3077
17,370,4.1543,0.1395,10.7082,33.706,0.3077
17,371,4.6597,0.0000,10.8328,34.033,0.3069
17,372,4.5846,0.0775,10.6743,33.757,0.3063
17,373,4.7024,0.0557,10.6517,34.202,0.3072
17,374,4.6065,0.0981,10.6066,34.348,0.3084
17,375,4.4312,0.3254,10.9877,34.173,0.3085
17,376,4.7387,0.1203,10.2478,34.405,0.3078
17,377,4.6710,0.0204,10.8512,33.997,0.3075
17,378,4.4986,0.1494,10.8943,34.334,0.3075
17,379,4.5256,0.0000,11.3540,34.185,0.3071
17,380,4.4461,0.2772,10.9435,34.034,0.3068
17,381,4.3589,0.0420,10.9280,33.982,0.3069
17,382,4.7731,0.1638,11.2614,33.960,0.3075
17,383,4.4268,0.0245,11.4875,34.069,0.3082
17,384,4.6268,0.0112,11.1203,33.994,0.3078
17,385,4.6043,0.0488,10.6613,33.938,0.3080
17,386,4.6207,0.0000,10.9662,34.162,0.3087
17,387,4.5922,0.0000,10.9439,34.051,0.3078
17,388,4.5869,0.1694,10.9033,33.927,0.3068
17,389,4.1066,0.0000,11.5035,34.193,0.3074
17,390,4.5460,0.1445,10.5442,33.877,0.3087
17,391,4.7146,0.3121,11.6624,34.161,0.3093
17,392,4.6231,0.3097,10.4861,34.205,0.3086
17,393,4.5289,0.0000,10.8935,33.965,0.3075
17,394,4.5219,0.2234,11.1962,33.926,0.3072
17,395,4.4472,0.0000,11.5826,33.866,0.3077
17,396,4.6972,0.0000,11.2660,34.164,0.3080
17,397,4.6063,0.2729,11.1762,33.804,0.3074
17,398,4.2936,0.1282,11.3780,33.926,0.3070
17,399,4.2495,0.2012,10.9607,34.017,0.3068
18,0,7.1640,0.2783,17.7408,34.017,0.5950
18,1,8.3111,0.0379,17.3983,34.319,0.5949
18,2,7.6049,0.0916,18.2423,33.987,0.5963
18,3,7.7199,0.0000,18.8188,33.994,0.5963
18,4,7.3566,0.3956,18.6456,33.988,0.5942
18,5,8.0863,0.1742,17.7435,34.338,0.5936
18,6,7.2646,0.1443,18.7777,34.110,0.5937
18,7,7.7117,0.0000,18.1761,34.044,0.5939
18,8,7.4164,0.0521,18.6108,33.702,0.5948
18,9,7.0622,0.2155,19.1733,34.203,0.5943
18,10,7.2598,0.4424,18.8766,34.007,0.5935
18,11,7.4973,0.0225,19.0039,33.945,0.5942
18,12,7.1283,0.2296,18.1823,34.058,0.5958
18,13,7.6164,0.0703,19.3237,33.792,0.5963
18,14,8.3697,0.1910,18.0925,34.013,0.5960
18,15,7.6420,0.2327,17.6694,33.942,0.5958
18,16,7.7395,0.3380,17.8797,33.972,0.5955
18,17,7.3550,0.0892,19.2810,34.227,0.5962
18,18,8.1933,0.0000,18.3829,34.171,0.5964
18,19,8.0586,0.2453,18.2226,33.957,0.5951
18,20,7.7906,0.1192,17.9659,34.020,0.5943
18,21,7.9704,0.2092,18.6542,34.137,0.5943
18,22,7.1319,0.0000,18.4054,34.008,0.5948
18,23,7.7483,0.0901,17.4371,33.994,0.5953
18,24,7.6542,0.1362,18.3306,34.064,0.5955
18,25,7.6464,0.0078,18.1663,34.055,0.5956
18,26,7.9476,0.0290,18.2796,33.925,0.5948
18,27,7.9750,0.1946,19.0055,34.038,0.5937
18,28,6.8449,0.1809,18.7616,34.325,0.5938
18,29,7.4487,0.0959,17.9804,33.828,0.5939
18,30,7.0476,0.0000,18.2418,34.169,0.5935
18,31,7.6842,0.2526,17.8093,33.992,0.5935
18,32,6.9216,0.3025,18.8620,33.606,0.5934
18,33,6.9515,0.0000,17.8945,33.979,0.5930
18,34,7.0292,0.0510,18.0157,34.250,0.5935
18,35,7.4383,0.0000,17.8491,34.077,0.5943
18,36,7.2668,0.2769,18.3699,33.826,0.5937
18,37,7.4667,0.0000,18.4134,33.803,0.5929
18,38,7.0651,0.0000,18.9885,34.133,0.5931
18,39,7.1914,0.0000,18.2949,34.329,0.5935
18,40,6.7738,0.0000,17.6672,33.978,0.5931
18,41,7.2282,0.3616,18.4008,33.912,0.5922
18,42,7.7313,0.4624,18.5283,33.983,0.5925
18,43,7.9001,0.4366,16.9684,34.093,0.5942
18,44,7.6526,0.0858,19.4908,33.860,0.5948
18,45,7.4349,0.1175,19.4748,33.799,0.5940
18,46,6.9214,0.1615,18.7154,33.891,0.5928
18,47,7.0417,0.0000,18.7146,33.922,0.5924
18,48,7.3518,0.0000,17.4389,33.949,0.5932
18,49,7.5596,0.1517,18.5049,34.188,0.5940
18,50,7.3941,0.0000,18.8783,34.026,0.5950
18,51,7.7018,0.2594,17.8561,34.076,0.5959
18,52,7.3205,0.0000,18.1213,33.824,0.5952
18,53,7.1852,0.0000,17.7595,33.952,0.5939
18,54,8.0236,0.3826,19.0175,33.821,0.5932
18,55,7.5718,0.0432,18.5211,33.929,0.5940
18,56,7.3380,0.0000,17.9986,34.232,0.5950
18,57,7.4957,0.2999,18.7672,33.968,0.5955
18,58,7.2614,0.3561,18.1991,33.907,0.5955
18,59,7.6926,0.0000,19.0824,33.923,0.5945
18,60,7.6477,0.2571,19.6568,34.224,0.5937
18,61,7.5654,0.3443,18.1170,33.889,0.5942
18,62,7.6406,0.3441,17.8090,34.073,0.5948
18,63,7.8834,0.2200,18.4884,33.970,0.5938
18,64,7.0154,0.4505,18.1711,34.042,0.5935
18,65,7.6169,0.0337,19.1995,34.179,0.5945
18,66,7.6706,0.0571,18.4891,33.748,0.5956
18,67,7.5856,0.1247,18.1263,33.877,0.5959
18,68,7.5265,0.0606,18.7549,33.897,0.5947
18,69,7.1820,0.1529,18.2791,34.044,0.5923
18,70,7.8936,0.0135,18.5961,33.979,0.6002
18,71,7.6371,0.0000,17.5834,34.394,0.6471
18,72,7.2876,0.0796,18.5406,34.262,0.6849
18,73,7.9204,0.0220,18.6480,33.766,0.6856
18,74,7.2453,0.1031,19.5517,33.942,0.6681
18,75,7.9447,0.0000,17.8540,34.231,0.6565
18,76,7.9706,0.1644,19.8653,33.935,0.6563
18,77,7.8158,0.0758,19.0092,33.934,0.6604
18,78,7.7615,0.2661,19.4548,33.783,0.6628
18,79,7.1943,0.1784,19.5052,33.871,0.6632
18,80,7.5184,0.0695,19.8037,34.023,0.6616
18,81,8.2068,0.1180,18.0083,33.799,0.6603
18,82,7.7066,0.0028,19.6974,33.951,0.6616
18,83,7.8853,0.2177,20.0154,33.983,0.6641
18,84,8.4027,0.2156,20.3977,33.992,0.6642
18,85,8.2025,0.3724,19.6812,33.881,0.6616
18,86,8.7368,0.1377,20.1755,34.029,0.6607
18,87,8.1353,0.3044,19.8230,34.455,0.6619
18,88,7.8379,0.0000,20.1249,34.251,0.6616
18,89,8.1751,0.0827,20.2518,34.089,0.6602
18,90,8.2008,0.2611,19.8565,34.035,0.6601
18,91,7.6244,0.1662,20.1272,34.212,0.6609
18,92,7.9876,0.0000,19.8622,33.708,0.6614
18,93,8.2467,0.2206,18.6028,34.116,0.6617
18,94,8.1243,0.1781,19.6727,33.927,0.6610
18,95,8.2465,0.1132,19.4459,33.902,0.6604
18,96,7.9266,0.2703,20.4930,33.974,0.6599
18,97,8.3168,0.2868,20.4018,34.054,0.6599
18,98,7.9689,0.1399,19.9024,34.049,0.6610
18,99,8.1726,0.0210,19.4145,33.937,0.6615
18,100,7.2566,0.1702,19.5725,33.955,0.6614
18,101,7.8085,0.0293,19.7005,34.183,0.6608
18,102,8.3708,0.0000,19.8995,34.102,0.6597
18,103,8.4059,0.1045,21.3798,33.731,0.6601
18,104,8.0237,0.2927,19.8460,34.089,0.6618
18,105,8.7634,0.0000,20.0838,33.846,0.6623
18,106,7.6030,0.1704,20.4091,34.224,0.6622
18,107,7.9359,0.0583,18.5237,33.895,0.6617
18,108,8.3079,0.2494,19.7652,34.014,0.6606
18,109,8.0980,0.0835,19.5489,33.936,0.6605
18,110,8.3066,0.1880,19.8187,34.104,0.6618
18,111,8.4736,0.3606,19.0048,34.149,0.6622
18,112,8.2114,0.2472,20.0804,33.988,0.6622
18,113,8.2052,0.0659,18.9884,34.093,0.6615
18,114,8.5142,0.1452,18.8176,33.645,0.6607
18,115,8.4221,0.1950,20.1119,34.220,0.6612
18,116,8.1188,0.3929,19.2991,34.018,0.6618
18,117,8.3759,0.3299,20.3166,33.957,0.6623
18,118,8.5034,0.2149,19.3679,34.020,0.6623
18,119,8.2124,0.0849,19.4299,33.898,0.6616
18,120,8.8657,0.0718,20.0208,33.654,0.6614
18,121,8.7812,0.2299,20.1558,34.237,0.6624
18,122,7.9297,0.0580,20.6359,34.022,0.6625
18,123,8.4040,0.0000,19.3438,33.991,0.6622
18,124,9.0457,0.2640,19.1295,34.059,0.6627
18,125,8.4669,0.1569,20.3365,34.158,0.6623
18,126,8.0458,0.0315,19.9476,33.787,0.6613
18,127,8.2773,0.2403,19.9668,33.817,0.6613
18,128,8.1802,0.2181,19.6138,33.922,0.6616
18,129,8.3341,0.2106,19.4987,33.789,0.6612
18,130,8.4399,0.2042,19.5268,34.109,0.6613
18,131,8.3753,0.2585,19.5828,33.924,0.6614
18,132,7.9236,0.1832,19.2616,33.878,0.6609
18,133,7.7682,0.0000,19.1102,33.961,0.6607
18,134,8.1416,0.2288,19.4372,33.843,0.6608
18,135,8.8122,0.1968,19.8731,34.185,0.6614
18,136,8.6700,0.0636,20.0991,34.202,0.6623
18,137,8.4354,0.0606,19.5970,34.338,0.6618
18,138,7.7541,0.0000,20.5793,33.365,0.6487
18,139,8.1806,0.1714,19.1974,33.566,0.5875
18,140,8.4945,0.0472,18.9350,33.551,0.5412
18,141,8.5649,0.0594,19.7822,34.005,0.5428
18,142,7.8530,0.5702,20.1854,33.799,0.5659
18,143,7.7392,0.1809,19.5533,34.132,0.5805
18,144,8.6044,0.0987,18.4965,34.109,0.5799
18,145,8.2722,0.0000,18.7331,34.038,0.5739
18,146,7.4332,0.0205,19.0185,34.171,0.5707
18,147,8.1048,0.0000,19.2356,33.925,0.5719
18,148,6.9931,0.0421,17.6267,33.817,0.5746
18,149,7.5527,0.2277,18.7973,33.958,0.5747
18,150,6.9604,0.0570,18.2512,33.848,0.5738
18,151,7.5501,0.1497,17.9378,34.017,0.5729
18,152,7.3793,0.1709,18.2668,33.767,0.5730
18,153,7.7008,0.0555,17.4342,33.512,0.5745
18,154,7.5788,0.2233,19.5256,33.995,0.5753
18,155,8.2803,0.1034,18.2388,34.012,0.5760
18,156,7.9764,0.0000,18.6390,34.187,0.5768
18,157,7.1414,0.2413,17.8827,34.168,0.5763
18,158,7.6731,0.0030,17.4771,33.809,0.5745
18,159,7.1910,0.0035,18.7334,34.037,0.5727
18,160,6.8989,0.0035,18.3456,33.883,0.5727
18,161,6.9646,0.0642,18.1992,34.027,0.5729
18,162,7.3318,0.1001,18.7974,34.074,0.5729
18,163,7.7993,0.0000,17.8007,34.076,0.5732
18,164,7.2535,0.3603,17.2468,34.098,0.5742
18,165,6.8339,0.2001,17.8685,33.890,0.5754
18,166,7.4628,0.3104,18.1150,34.028,0.5751
18,167,7.7538,0.1382,17.6916,33.911,0.5748
18,168,7.4696,0.1426,18.2592,34.089,0.5756
18,169,7.8495,0.3813,17.5195,33.866,0.5757
18,170,7.5301,0.2216,17.7283,34.082,0.5752
18,171,7.2267,0.3517,17.4107,33.974,0.5747
18,172,7.0860,0.0000,17.8238,34.166,0.5743
18,173,7.8698,0.0498,18.1074,34.068,0.5746
18,174,7.6225,0.1698,17.7944,33.859,0.5750
18,175,6.8281,0.0000,17.9688,33.700,0.5750
18,176,7.4812,0.0000,17.7939,34.016,0.5749
18,177,7.1786,0.3717,18.8636,33.835,0.5753
18,178,7.8998,0.3264,18.2871,34.194,0.5760
18,179,7.2157,0.1750,17.7581,34.054,0.5755
18,180,7.6035,0.0892,17.2553,34.060,0.5744
18,181,7.8241,0.0907,17.3463,33.901,0.5749
18,182,7.4443,0.0000,18.7951,34.007,0.5762
18,183,7.6747,0.1673,18.1977,34.062,0.5760
18,184,7.1666,0.4681,18.1114,34.210,0.5742
18,185,7.5411,0.0000,18.2429,34.074,0.5739
18,186,7.4042,0.3748,19.1586,33.911,0.5745
18,187,7.5929,0.0893,18.8182,33.991,0.5754
18,188,7.9130,0.0000,18.3399,33.909,0.5766
18,189,7.6266,0.2585,18.7521,33.877,0.5759
18,190,7.9510,0.0220,16.9102,34.019,0.5750
18,191,7.5198,0.1873,16.8481,34.040,0.5747
18,192,7.3404,0.3215,18.1380,34.186,0.5743
18,193,7.8890,0.2065,17.3351,33.916,0.5750
18,194,8.3357,0.2055,16.8346,33.646,0.5759
18,195,7.1818,0.0000,18.6836,34.018,0.5758
18,196,7.6168,0.2845,18.6185,33.979,0.5744
18,197,7.4873,0.0000,18.0118,33.880,0.5733
18,198,7.1662,0.1887,17.7363,34.179,0.5741
18,199,7.3923,0.0463,17.8331,34.137,0.5751
18,200,7.6723,0.0291,17.2635,33.753,0.5752
18,201,6.9052,0.2841,18.1362,33.989,0.5749
18,202,6.5651,0.0000,17.1115,33.880,0.5743
18,203,7.3746,0.0965,17.9663,34.016,0.5736
18,204,7.4143,0.0000,17.7493,34.029,0.5738
18,205,6.9763,0.0000,18.4769,34.173,0.5772
18,206,7.0367,0.0625,18.0568,34.176,0.5904
18,207,7.1428,0.0000,18.4692,33.826,0.6007
18,208,7.5649,0.0000,18.5247,34.078,0.6007
18,209,7.5035,0.0123,17.9592,33.770,0.5953
18,210,7.5461,0.0065,18.6120,33.855,0.5922
18,211,7.4061,0.4103,18.2515,33.785,0.5932
18,212,7.5404,0.0000,17.7807,33.793,0.5954
18,213,7.2860,0.0000,16.9200,34.015,0.5963
18,214,7.8468,0.3952,17.8301,33.756,0.5954
18,215,7.3351,0.0640,17.8303,33.955,0.5940
18,216,7.3505,0.3931,18.8263,33.980,0.5941
18,217,7.7142,0.3413,17.4099,34.114,0.5942
18,218,7.6747,0.0000,17.4884,33.725,0.5938
18,219,7.4588,0.2341,17.6589,33.851,0.5950
18,220,7.3760,0.0000,18.3456,33.833,0.5951
18,221,7.3021,0.0502,17.6010,33.912,0.5938
18,222,7.6719,0.0430,17.6504,34.091,0.5934
18,223,7.5081,0.0433,17.7885,33.977,0.5943
18,224,7.3249,0.0000,18.9673,33.683,0.5949
18,225,7.7228,0.1546,18.7992,33.598,0.5939
18,226,7.5267,0.0748,18.0472,33.995,0.5930
18,227,7.4759,0.0000,19.3075,33.730,0.5926
18,228,7.0631,0.1992,18.1893,34.075,0.5929
18,229,7.9791,0.2682,18.5378,33.704,0.5942
18,230,6.9859,0.2057,18.0564,33.948,0.5951
18,231,7.5909,0.2695,18.0756,34.041,0.5952
18,232,7.9852,0.1405,18.0473,34.069,0.5949
18,233,8.3176,0.0000,17.9456,34.235,0.5948
18,234,7.4931,0.4982,17.9268,34.025,0.5944
18,235,7.4246,0.1747,19.0198,34.125,0.5936
18,236,8.1083,0.4250,17.7462,34.378,0.5935
18,237,7.5903,0.2561,18.7129,34.158,0.5948
18,238,8.1467,0.2073,17.9283,33.981,0.5954
18,239,7.9942,0.0000,18.2019,34.256,0.5938
18,240,7.3996,0.2619,18.6148,34.208,0.5925
18,241,7.4896,0.3489,18.8178,34.052,0.5934
18,242,7.2912,0.0641,17.0140,33.910,0.5944
18,243,7.4630,0.0848,16.9468,34.245,0.5943
18,244,7.5266,0.0000,18.5386,33.830,0.5939
18,245,8.0552,0.1279,18.5497,34.339,0.5935
18,246,7.3746,0.0000,18.9935,34.137,0.5929
18,247,8.0108,0.1224,17.7703,34.030,0.5921
18,248,7.6223,0.0076,19.0146,34.057,0.5928
18,249,7.6577,0.0717,17.2349,33.908,0.5950
18,250,7.2456,0.3970,18.7762,33.959,0.5954
18,251,7.5199,0.1356,19.2154,34.099,0.5931
18,252,7.3963,0.1156,17.1182,34.083,0.5908
18,253,7.4641,0.5257,18.1337,34.131,0.5908
18,254,7.9195,0.1355,18.0998,34.163,0.5922
18,255,7.4976,0.1691,18.3123,33.965,0.5934
18,256,7.2418,0.1231,17.9400,33.786,0.5931
18,257,8.0170,0.0902,17.3182,33.864,0.5928
18,258,7.7613,0.0000,18.8653,34.002,0.5942
18,259,7.3218,0.0000,18.7656,33.850,0.5955
18,260,7.7484,0.2240,17.7606,34.014,0.5948
18,261,7.3146,0.0000,18.2873,34.093,0.5939
18,262,7.2272,0.0969,18.1200,33.850,0.5939
18,263,7.8461,0.1926,17.9149,33.908,0.5943
18,264,7.4247,0.1204,17.5726,34.046,0.5946
18,265,7.4669,0.1859,17.8982,34.286,0.5939
18,266,7.4866,0.0864,17.5507,34.018,0.5922
18,267,7.6835,0.1814,18.2370,34.188,0.5918
18,268,7.7192,0.0000,17.7415,34.342,0.5935
18,269,7.4998,0.2755,18.1619,34.181,0.5943
18,270,6.9942,0.1031,18.0238,33.746,0.5942
18,271,7.6350,0.3324,17.9856,34.272,0.5944
18,272,8.5766,0.0000,18.6676,34.085,0.5941
18,273,7.7350,0.0166,18.4252,34.008,0.5938
18,274,7.9026,0.1066,18.0837,33.982,0.5928
18,275,7.2869,0.1836,18.1534,33.899,0.5919
18,276,7.5629,0.2141,17.3298,33.778,0.5921
18,277,7.6108,0.3233,18.3073,34.099,0.5922
18,278,7.3916,0.1056,18.7776,33.958,0.5935
18,279,7.6658,0.0497,18.9734,34.005,0.5950
18,280,7.1941,0.0000,18.5073,34.198,0.5945
18,281,7.4389,0.2711,17.9250,33.999,0.5928
18,282,7.8191,0.1095,18.3276,34.091,0.5919
18,283,6.8904,0.0000,17.8618,33.853,0.5928
18,284,7.5189,0.0895,18.5417,33.939,0.5931
18,285,7.1899,0.1388,17.9233,34.028,0.5921
18,286,6.7983,0.0000,17.0221,34.008,0.5917
18,287,7.2106,0.2332,18.0324,34.038,0.5920
18,288,7.5237,0.2200,18.3771,33.900,0.5932
18,289,7.5534,0.2597,18.5995,34.096,0.5944
18,290,7.4662,0.0699,18.3539,34.191,0.5941
18,291,7.6459,0.0000,17.8521,33.967,0.5936
18,292,6.7086,0.2517,17.9576,33.966,0.5935
18,293,7.2100,0.0585,17.4712,33.827,0.5918
18,294,7.3056,0.0000,17.3955,33.950,0.5906
18,295,7.0071,0.1325,18.0848,33.948,0.5921
18,296,7.2269,0.0511,18.5455,34.206,0.5933
18,297,6.7905,0.1856,17.7150,33.847,0.5934
18,298,6.9298,0.1994,16.9623,34.080,0.5928
18,299,6.8517,0.1748,18.2829,33.935,0.5923
18,300,7.1071,0.2939,17.9416,34.326,0.5927
18,301,7.7728,0.1599,17.3236,34.067,0.5930
18,302,7.2088,0.0436,18.0729,33.579,0.5785
18,303,7.1683,0.1268,17.4225,33.437,0.5031
18,304,7.5842,0.2300,17.7375,33.892,0.4449
18,305,7.0029,0.0000,17.4180,34.177,0.4463
18,306,7.4711,0.0496,16.6872,33.688,0.4750
18,307,7.3516,0.2018,16.3702,33.788,0.4928
18,308,6.8065,0.3465,16.3961,33.935,0.4917
18,309,6.9052,0.0000,16.1996,33.818,0.4841
18,310,6.9982,0.0999,17.7438,33.858,0.4799
18,311,6.7669,0.0664,16.6044,34.232,0.4811
18,312,6.3076,0.2970,16.4557,33.791,0.4850
18,313,6.8515,0.0000,16.5756,33.798,0.4862
18,314,6.8205,0.1092,15.9848,34.059,0.4851
18,315,6.8932,0.1044,16.1557,33.961,0.4842
18,316,6.6124,0.2245,16.4324,33.839,0.4844
18,317,6.3533,0.2889,16.2434,33.971,0.4848
18,318,6.6225,0.1339,14.9248,33.931,0.4852
18,319,6.5854,0.0945,15.4300,33.867,0.4860
18,320,6.6861,0.0000,14.9021,33.970,0.4861
18,321,6.7159,0.0904,15.8653,34.084,0.4851
18,322,6.2820,0.1206,16.1706,33.957,0.4845
18,323,6.5283,0.1131,15.3694,33.974,0.4851
18,324,6.3823,0.0939,16.2176,33.952,0.4855
18,325,6.6364,0.2090,15.1506,33.815,0.4855
18,326,5.6657,0.1469,15.9052,33.784,0.4856
18,327,6.8491,0.2159,15.8581,33.865,0.4852
18,328,6.6037,0.0000,15.2723,34.302,0.4844
18,329,7.2409,0.0582,15.4518,34.046,0.4849
18,330,6.3310,0.3263,14.9923,33.852,0.4857
18,331,6.4120,0.2123,16.5596,33.925,0.4855
18,332,5.8644,0.1848,15.8612,33.793,0.4850
18,333,5.9928,0.1276,16.2815,33.979,0.4850
18,334,6.3871,0.1269,15.2539,34.334,0.4857
18,335,6.6523,0.0000,15.2912,34.072,0.4867
18,336,6.7632,0.0348,15.1805,34.268,0.4863
18,337,6.1151,0.1506,15.6520,33.695,0.4848
18,338,6.2654,0.1515,15.8804,34.050,0.4841
18,339,6.1029,0.0000,14.7347,34.102,0.4838
18,340,6.3130,0.1668,15.8558,33.909,0.4837
18,341,6.7958,0.3330,15.4639,34.091,0.4847
18,342,5.9657,0.3218,15.0274,34.042,0.4854
18,343,6.7306,0.3221,15.3604,33.761,0.4855
18,344,6.5701,0.1058,15.9649,34.014,0.4859
18,345,6.4699,0.2345,15.7824,33.614,0.4861
18,346,6.0649,0.1427,15.5075,33.877,0.4855
18,347,6.6912,0.3796,15.0183,33.876,0.4854
18,348,6.6384,0.1182,15.5004,33.721,0.4858
18,349,6.7821,0.0000,15.1274,33.947,0.4861
18,350,6.2869,0.0000,14.9468,34.172,0.4859
18,351,6.2655,0.0000,15.6833,34.204,0.4855
18,352,6.7871,0.1024,16.2783,33.993,0.4859
18,353,6.6614,0.2376,15.0414,33.904,0.4866
18,354,6.6896,0.0940,15.0466,34.081,0.4860
18,355,6.4636,0.1940,15.3286,34.097,0.4842
18,356,6.4969,0.3058,15.1700,33.753,0.4836
18,357,6.9664,0.2167,16.3869,33.836,0.4845
18,358,6.1931,0.3308,15.4118,34.235,0.4855
18,359,6.3954,0.2459,15.0998,33.715,0.4852
18,360,6.4758,0.2391,15.1769,33.777,0.4846
18,361,6.5686,0.1371,15.4929,33.866,0.4853
18,362,6.8124,0.3888,16.1796,33.874,0.4853
18,363,6.1945,0.1851,15.4716,34.390,0.4849
18,364,6.6244,0.0000,15.1562,34.067,0.4851
18,365,6.3909,0.0826,16.4474,33.987,0.4853
18,366,6.4797,0.0565,15.7900,34.105,0.4850
18,367,6.3892,0.0094,15.4779,34.125,0.4848
18,368,6.6297,0.3848,15.4753,33.709,0.4846
18,369,6.6783,0.2062,15.7712,34.125,0.4848
18,370,6.3439,0.1846,16.2830,33.944,0.4864
18,371,6.9341,0.2362,15.1877,33.899,0.4880
18,372,6.9446,0.0000,15.9550,34.102,0.4876
18,373,7.1745,0.0000,14.9297,33.989,0.4856
18,374,6.8893,0.1829,15.2423,34.045,0.4854
18,375,6.7225,0.2160,15.3871,34.060,0.4865
18,376,6.7700,0.1011,14.8364,33.981,0.4868
18,377,6.7647,0.1937,15.0982,34.197,0.4868
18,378,6.4631,0.0465,16.2308,33.944,0.4870
18,379,6.4631,0.4473,15.3241,33.921,0.4863
18,380,7.0334,0.1691,15.4690,33.876,0.4852
18,381,6.8265,0.2351,14.0144,33.943,0.4861
18,382,6.2596,0.2075,16.0481,34.150,0.4867
18,383,6.4883,0.0000,15.3719,33.934,0.4858
18,384,6.3764,0.2329,14.6548,33.995,0.4858
18,385,7.1490,0.1772,16.0221,34.150,0.4872
18,386,6.7213,0.0000,15.1325,34.062,0.4882
18,387,7.2566,0.2394,15.9767,34.144,0.4879
18,388,7.0515,0.2417,15.4945,34.299,0.4868
18,389,6.8159,0.1364,15.7007,33.943,0.4860
18,390,7.1432,0.1912,15.8177,34.020,0.4861
18,391,6.8614,0.4911,15.8123,33.940,0.4870
18,392,6.7247,0.0000,16.0577,33.827,0.4877
18,393,6.6969,0.1353,16.3524,34.100,0.4868
18,394,6.8891,0.3270,15.4570,33.751,0.4852
18,395,6.7648,0.1877,14.7575,33.731,0.4849
18,396,6.6257,0.0903,15.2773,34.012,0.4857
18,397,6.9834,0.2003,15.6916,33.886,0.4863
18,398,6.5235,0.0873,15.3214,33.684,0.4859
18,399,6.7396,0.0000,15.2059,34.070,0.4849
19,0,5.6110,0.0898,12.7417,33.870,0.3187
19,1,4.7992,0.1979,12.2009,34.033,0.3190
19,2,5.0249,0.0000,12.2055,33.821,0.3192
19,3,5.0290,0.0000,12.4031,33.703,0.3188
19,4,5.0406,0.0000,12.2580,34.151,0.3186
19,5,5.1614,0.0000,11.6051,34.200,0.3192
19,6,5.1050,0.0000,11.2226,34.164,0.3196
19,7,4.8771,0.1104,11.7819,33.965,0.3190
19,8,5.1728,0.0000,11.3412,34.024,0.3185
19,9,5.2210,0.1570,11.0913,33.923,0.3192
19,10,5.1025,0.3039,11.4241,33.786,0.3191
19,11,5.0860,0.2545,11.4496,34.086,0.3186
19,12,4.8469,0.3430,11.5393,33.737,0.3182
19,13,4.8869,0.0160,11.8536,33.906,0.3178
19,14,4.5929,0.3548,11.3061,34.048,0.3178
19,15,4.9296,0.0995,11.5112,33.978,0.3184
19,16,4.9837,0.0000,11.5958,34.073,0.3188
19,17,4.7985,0.2912,11.3214,34.071,0.3185
19,18,4.9685,0.2869,11.5590,34.102,0.3179
19,19,4.9464,0.0000,10.6266,34.115,0.3186
19,20,4.7350,0.2062,12.1356,34.190,0.3183
19,21,4.5795,0.2126,11.0548,33.945,0.3178
19,22,4.7655,0.0000,11.2991,34.229,0.3187
19,23,4.8068,0.2295,10.7247,34.152,0.3188
19,24,4.6676,0.2992,11.5008,33.919,0.3187
19,25,4.6186,0.0011,12.0916,33.988,0.3181
19,26,4.3173,0.3406,10.8424,34.198,0.3167
19,27,4.7317,0.1150,11.0180,33.897,0.3171
19,28,4.8503,0.4538,10.8669,33.942,0.3185
19,29,4.4846,0.0292,11.1885,34.186,0.3190
19,30,4.8566,0.0722,11.8438,34.138,0.3192
19,31,4.6091,0.0883,10.7473,33.801,0.3192
19,32,4.9978,0.1160,11.2934,33.979,0.3184
19,33,4.7291,0.0493,11.0234,33.749,0.3178
19,34,4.7344,0.1619,11.2688,34.226,0.3179
19,35,4.3947,0.2741,11.0384,34.084,0.3178
19,36,4.5403,0.0927,11.1831,34.045,0.3182
19,37,4.7810,0.1539,10.9389,34.013,0.3182
19,38,4.8305,0.0882,11.1544,34.084,0.3181
19,39,4.7464,0.0175,11.5479,34.067,0.3191
19,40,4.7719,0.0000,11.7027,34.021,0.3199
19,41,4.9225,0.3725,11.7314,34.908,0.3503
19,42,5.0571,0.3341,11.5830,35.063,0.5167
19,43,5.5492,0.2328,12.5572,34.638,0.6553
19,44,5.9519,0.2091,13.8109,34.382,0.6652
19,45,6.1633,0.0906,14.3441,34.123,0.6050
19,46,6.0206,0.1716,14.2912,34.316,0.5593
19,47,6.2012,0.1795,14.8597,34.233,0.5556
19,48,6.2807,0.0471,14.0148,34.299,0.5720
19,49,6.3138,0.0370,16.1661,34.082,0.5830
19,50,6.3389,0.3014,14.8150,34.278,0.5811
19,51,6.5975,0.1906,15.4213,33.882,0.5742
19,52,6.4638,0.2147,15.9040,34.190,0.5688
19,53,6.7114,0.0000,15.2092,34.191,0.5625
19,54,6.6215,0.0903,17.4816,34.282,0.5602
19,55,6.9025,0.1413,16.2696,33.803,0.5615
19,56,7.0234,0.0000,16.6788,33.982,0.5634
19,57,7.1938,0.0706,16.5222,33.940,0.5650
19,58,7.2787,0.0000,16.1407,33.837,0.5652
19,59,7.6010,0.2595,15.7404,34.098,0.5639
19,60,6.6617,0.0000,16.3586,34.028,0.5629
19,61,7.0439,0.4609,16.3146,34.153,0.5628
19,62,7.0104,0.0655,17.2258,34.120,0.5629
19,63,7.0917,0.2852,17.5327,34.026,0.5632
19,64,7.3596,0.0194,17.2980,33.911,0.5628
19,65,6.9023,0.2281,17.0088,33.707,0.5617
19,66,6.8930,0.4458,17.4883,34.013,0.5616
19,67,7.1943,0.1670,15.9259,34.206,0.5625
19,68,6.6950,0.0079,17.1514,33.992,0.5633
19,69,6.9851,0.2014,16.7953,34.006,0.5636
19,70,7.7393,0.1320,17.0932,34.039,0.5629
19,71,7.8732,0.0749,16.1309,33.900,0.5625
19,72,7.2067,0.2958,17.8384,34.095,0.5626
19,73,7.1784,0.2792,17.5513,33.972,0.5618
19,74,6.8311,0.0394,16.9338,34.098,0.5608
19,75,6.6736,0.0000,17.7264,34.116,0.5606
19,76,6.9292,0.0996,17.6716,33.950,0.5619
19,77,6.8138,0.1039,17.4260,34.149,0.5630
19,78,6.7922,0.0337,16.6968,34.174,0.5632
19,79,7.3114,0.3678,17.5781,34.036,0.5630
19,80,7.0225,0.0000,16.6107,34.076,0.5629
19,81,7.4996,0.0000,16.1982,33.921,0.5632
19,82,6.7477,0.1215,16.8203,33.777,0.5637
19,83,6.7327,0.0301,17.4158,34.057,0.5631
19,84,6.8559,0.1293,17.0703,34.054,0.5614
19,85,6.8769,0.0000,17.4805,34.111,0.5614
19,86,7.2380,0.1148,17.3971,32.829,0.5237
19,87,6.5185,0.0044,16.7746,32.938,0.3383
19,88,6.2152,0.2529,16.1702,33.534,0.2000
19,89,5.9031,0.0693,15.3984,33.867,0.2035
19,90,5.8773,0.0000,15.2683,34.110,0.2709
19,91,5.8416,0.4243,14.6329,34.567,0.3495
19,92,5.9449,0.1323,15.3643,34.999,0.5288
19,93,6.1791,0.0000,16.5278,34.664,0.6513
19,94,6.4916,0.0742,15.7374,34.412,0.6487
19,95,6.5439,0.0000,15.5258,34.061,0.6046
19,96,6.9041,0.1007,15.0665,34.289,0.5803
19,97,6.9503,0.0000,16.8171,34.121,0.5835
19,98,6.5578,0.0193,16.4574,34.254,0.5953
19,99,6.6073,0.2383,14.9421,33.996,0.5998
19,100,6.8933,0.1669,16.9599,33.879,0.5962
19,101,7.6750,0.1868,17.6991,34.155,0.5915
19,102,6.9038,0.1744,17.3889,33.805,0.5901
19,103,7.1135,0.1092,17.4924,34.048,0.5904
19,104,6.9514,0.0000,16.7520,34.154,0.5900
19,105,7.2140,0.0000,16.2819,33.929,0.5898
19,106,7.2135,0.0302,17.7170,34.030,0.5895
19,107,7.0500,0.2988,17.2594,34.025,0.5894
19,108,7.1340,0.0000,17.3714,34.136,0.5896
19,109,7.2000,0.1031,18.3630,33.780,0.5899
19,110,7.2799,0.1020,17.5767,33.920,0.5899
19,111,7.5165,0.1079,18.1489,34.079,0.5897
19,112,6.9509,0.1522,17.0643,33.711,0.5903
19,113,7.5075,0.0000,17.5164,34.115,0.5904
19,114,7.8886,0.2761,18.8608,33.843,0.5897
19,115,7.6484,0.0000,18.2096,33.696,0.5894
19,116,7.4177,0.3089,19.2711,33.844,0.5902
19,117,7.8951,0.2091,17.5275,34.084,0.5907
19,118,7.4378,0.0848,19.0272,33.948,0.5905
19,119,7.0077,0.1664,17.5376,34.116,0.5897
19,120,8.2186,0.1444,18.2880,34.081,0.5894
19,121,7.6072,0.1427,18.0320,34.127,0.5902
19,122,8.0306,0.0375,18.3323,34.007,0.5912
19,123,7.7286,0.1480,18.5899,33.821,0.5913
19,124,7.9193,0.0918,17.3141,33.804,0.5903
19,125,7.5828,0.1422,17.6990,34.106,0.5895
19,126,8.4825,0.0893,17.8683,33.915,0.5899
19,127,7.0710,0.0000,18.8118,34.073,0.5904
19,128,7.7520,0.1097,19.4786,34.183,0.5903
19,129,7.7104,0.0844,17.3817,34.092,0.5892
19,130,7.5912,0.2389,18.6980,34.082,0.5891
19,131,7.6905,0.0000,18.4609,34.184,0.5903
19,132,7.5819,0.0836,18.4599,34.151,0.5907
19,133,7.9780,0.2709,17.4901,33.814,0.5911
19,134,7.7753,0.0000,17.7965,33.875,0.5911
19,135,7.6048,0.0806,17.4233,34.050,0.5897
19,136,7.4909,0.0714,18.4917,34.410,0.5888
19,137,7.5351,0.0000,17.8258,34.178,0.5890
19,138,7.2902,0.0625,18.4581,33.817,0.5898
19,139,7.7716,0.1229,18.1377,34.002,0.5908
19,140,7.6032,0.4064,18.0150,33.651,0.5917
19,141,7.0853,0.0172,17.9855,34.148,0.5919
19,142,7.9514,0.0000,18.6258,33.843,0.5915
19,143,7.9545,0.1227,19.7689,33.996,0.5908
19,144,8.4005,0.0000,18.1372,34.005,0.5904
19,145,8.0359,0.1843,18.1947,33.936,0.5905
19,146,7.6898,0.0004,18.2881,33.752,0.5908
19,147,8.2530,0.3278,18.2173,33.998,0.5909
19,148,7.1130,0.0000,18.5583,33.916,0.5906
19,149,8.6147,0.1336,18.7946,33.891,0.5900
19,150,7.7359,0.2178,18.2642,33.890,0.5903
19,151,7.5620,0.2307,18.5805,33.938,0.5914
19,152,7.7751,0.1385,18.2203,34.037,0.5919
19,153,8.0713,0.1948,17.4275,33.788,0.5921
19,154,7.8870,0.1310,17.9135,33.949,0.5915
19,155,8.1732,0.1737,17.5975,33.930,0.5902
19,156,7.4755,0.0000,18.4261,34.305,0.5899
19,157,8.0551,0.0410,17.9632,34.025,0.5907
19,158,7.6014,0.3696,18.2274,34.083,0.5918
19,159,7.6988,0.2877,18.3682,33.906,0.5922
19,160,7.8658,0.2861,18.1449,34.215,0.5918
19,161,7.6450,0.3260,18.4661,33.974,0.5923
19,162,9.1171,0.2001,18.3040,34.027,0.5933
19,163,8.4180,0.1510,17.2199,34.016,0.5926
19,164,8.2274,0.1153,18.5139,33.661,0.5911
19,165,7.7322,0.0455,17.4931,34.072,0.5893
19,166,7.8114,0.3735,19.4075,33.852,0.5876
19,167,7.5238,0.2648,17.7693,34.003,0.5887
19,168,7.7051,0.0380,17.5813,33.933,0.5901
19,169,8.0062,0.1083,18.1564,34.121,0.5902
19,170,7.2367,0.0216,18.6026,33.967,0.5907
19,171,8.2893,0.1307,18.1521,34.045,0.5906
19,172,7.6740,0.0000,18.3293,34.030,0.5896
19,173,8.1370,0.3485,18.5374,33.977,0.5888
19,174,7.8148,0.2687,18.0886,33.898,0.5890
19,175,7.6672,0.0714,18.1760,34.023,0.5903
19,176,7.7170,0.0854,17.4468,34.038,0.5908
19,177,7.5000,0.4839,17.7887,34.051,0.5900
19,178,7.6035,0.0313,18.3091,34.152,0.5899
19,179,7.8781,0.0000,18.7499,34.203,0.5907
19,180,7.8439,0.0000,17.8546,34.104,0.5906
19,181,7.3515,0.0597,17.8888,34.018,0.5897
19,182,8.0884,0.6156,18.9486,34.128,0.5900
19,183,7.1605,0.0504,17.4688,34.082,0.5910
19,184,7.3011,0.3185,18.1560,34.019,0.5909
19,185,7.9906,0.1548,18.3940,33.925,0.5903
19,186,7.7216,0.3337,18.8578,33.817,0.5899
19,187,7.7193,0.1930,18.5507,34.091,0.5899
19,188,7.2122,0.0452,18.2390,33.874,0.5898
19,189,8.1223,0.0969,17.8957,34.105,0.5895
19,190,7.8641,0.1219,18.4184,34.228,0.5893
19,191,7.4577,0.1082,19.5086,33.913,0.5897
19,192,7.4612,0.2012,18.1195,34.072,0.5909
19,193,7.6081,0.0000,18.8904,34.095,0.5909
19,194,7.5152,0.0000,18.1274,33.864,0.5898
19,195,7.5729,0.0809,18.2465,34.048,0.5893
19,196,7.2951,0.1981,19.1497,34.000,0.5897
19,197,7.7939,0.3157,18.6697,34.214,0.5900
19,198,7.8261,0.0568,17.3595,33.824,0.5895
19,199,7.5878,0.3404,18.9660,33.950,0.5896
19,200,7.4768,0.0527,17.8436,34.036,0.5899
19,201,7.8579,0.1986,17.9872,34.178,0.5905
19,202,7.2923,0.3491,18.3668,34.228,0.5910
19,203,6.9037,0.0000,18.0495,34.105,0.5903
19,204,8.0065,0.2003,18.1575,34.244,0.5892
19,205,7.1823,0.2211,18.1243,33.703,0.5894
19,206,8.1138,0.1593,17.4595,34.100,0.5910
19,207,7.6694,0.4061,18.7515,33.915,0.5915
19,208,7.4641,0.0568,17.9047,34.220,0.5912
19,209,7.4173,0.0463,18.8029,34.180,0.5903
19,210,7.7236,0.3014,19.0613,34.130,0.5896
19,211,7.8060,0.0000,18.2748,34.032,0.5901
19,212,7.4222,0.1690,18.1776,33.879,0.5910
19,213,7.1318,0.1821,18.1740,33.680,0.5911
19,214,7.8917,0.2408,18.9961,34.154,0.5896
19,215,7.1096,0.0000,17.1362,34.003,0.5886
19,216,7.5080,0.1679,19.0436,34.112,0.5897
19,217,7.5195,0.0182,18.0089,33.915,0.5909
19,218,7.5630,0.0525,18.9154,34.075,0.5902
19,219,7.2420,0.1822,18.3972,34.258,0.5887
19,220,7.4131,0.0000,17.8871,34.123,0.5968
19,221,7.4725,0.2902,18.5835,34.206,0.6395
19,222,7.6120,0.1998,18.8465,34.226,0.6727
19,223,7.6042,0.1768,18.5158,34.100,0.6717
19,224,7.9461,0.1428,17.5289,33.679,0.6549
19,225,7.5083,0.3457,19.2493,34.293,0.6441
19,226,7.9454,0.0296,18.3636,33.855,0.6437
19,227,7.6418,0.0283,19.5906,34.066,0.6478
19,228,7.9498,0.3200,19.2643,33.938,0.6513
19,229,7.9241,0.0626,19.8288,34.183,0.6521
19,230,8.0327,0.0937,18.4773,33.932,0.6507
19,231,7.9709,0.1270,18.5885,33.759,0.6486
19,232,8.1460,0.0000,19.0580,34.085,0.6484
19,233,8.0782,0.1717,19.1679,34.144,0.6500
19,234,8.3131,0.0366,19.3792,33.994,0.6509
19,235,8.1580,0.1775,18.6309,33.840,0.6507
19,236,7.9008,0.0878,18.7631,33.827,0.6498
19,237,8.1026,0.2609,19.8714,34.193,0.6489
19,238,8.6641,0.2714,20.6610,34.003,0.6491
19,239,8.7377,0.5846,20.8164,33.789,0.6499
19,240,8.0121,0.2116,19.4822,33.939,0.6501
19,241,8.5224,0.1127,21.5909,34.220,0.6491
19,242,8.2802,0.2626,19.3575,33.962,0.6479
19,243,7.9739,0.0040,19.7146,34.305,0.6476
19,244,8.2321,0.0000,18.4552,34.119,0.6481
19,245,7.5839,0.0000,19.6329,33.878,0.6490
19,246,7.7849,0.1773,19.3703,33.823,0.6491
19,247,7.9832,0.0000,19.9228,34.128,0.6488
19,248,8.3109,0.0654,20.3285,33.940,0.6484
19,249,7.5092,0.1909,19.1170,33.890,0.6484
19,250,7.6741,0.2898,19.6994,33.940,0.6487
19,251,7.5100,0.1182,19.2568,34.076,0.6479
19,252,7.9250,0.3346,19.3987,33.651,0.6482
19,253,8.4457,0.0000,19.3892,34.213,0.6494
19,254,7.6102,0.2867,19.7777,33.836,0.6499
19,255,7.7967,0.2390,18.7262,33.929,0.6498
19,256,8.6813,0.3294,19.5492,33.996,0.6492
19,257,7.8522,0.1948,19.6001,33.708,0.6496
19,258,8.6655,0.0000,18.3078,33.874,0.6504
19,259,8.0878,0.1790,19.1303,33.998,0.6509
19,260,8.7442,0.2685,20.2304,33.868,0.6509
19,261,8.8996,0.2084,19.5067,34.103,0.6509
19,262,8.2560,0.3725,19.0371,33.842,0.6502
19,263,8.4288,0.2833,19.5251,33.825,0.6494
19,264,8.3503,0.0954,19.3874,34.098,0.6497
19,265,8.2759,0.0344,18.9867,34.248,0.6498
19,266,8.0037,0.2586,19.4089,34.042,0.6491
19,267,8.3365,0.2790,19.4008,34.003,0.6480
19,268,8.4566,0.3541,20.2913,34.023,0.6482
19,269,8.0419,0.3157,19.5519,33.988,0.6496
19,270,7.9291,0.1951,19.9355,34.323,0.6506
19,271,8.8124,0.0107,18.9749,34.248,0.6505
19,272,8.0860,0.0000,20.0853,33.737,0.6506
19,273,9.0073,0.2714,19.5061,33.974,0.6512
19,274,9.1305,0.0000,19.5606,33.919,0.6512
19,275,8.1455,0.2306,20.9628,34.018,0.6508
19,276,8.5540,0.0000,19.5671,34.070,0.6507
19,277,8.4134,0.4943,20.5105,33.790,0.6508
19,278,8.1698,0.1994,19.2404,33.860,0.6501
19,279,8.1077,0.0000,20.1523,33.657,0.6492
19,280,8.4501,0.4584,19.1593,34.157,0.6488
19,281,8.3703,0.0000,19.6569,33.963,0.6493
19,282,8.5199,0.3144,18.8873,33.962,0.6498
19,283,8.2087,0.3190,18.9335,34.239,0.6500
19,284,8.3566,0.2731,18.8235,34.180,0.6495
19,285,7.5262,0.2972,20.4215,33.779,0.6483
19,286,8.2032,0.0000,18.1775,34.107,0.6475
19,287,8.6464,0.1458,19.9212,34.165,0.6473
19,288,8.0148,0.0000,19.5530,33.936,0.6485
19,289,8.4830,0.2842,20.5033,33.840,0.6499
19,290,7.7573,0.3994,20.2159,33.999,0.6494
19,291,8.3271,0.4218,19.7242,34.066,0.6482
19,292,8.2256,0.0000,19.0612,33.956,0.6481
19,293,8.1587,0.2675,20.1493,34.030,0.6480
19,294,7.6638,0.0014,20.0147,33.890,0.6479
19,295,8.1655,0.0484,20.1463,34.177,0.6479
19,296,8.2732,0.1625,20.2639,33.855,0.6483
19,297,7.8785,0.1911,19.0718,34.084,0.6494
19,298,8.2742,0.0000,19.4539,34.132,0.6498
19,299,7.7484,0.1969,18.7349,34.044,0.6491
19,300,7.9345,0.2385,20.4588,33.997,0.6489
19,301,7.5019,0.1056,19.1972,33.840,0.6494
19,302,7.5813,0.2973,19.9779,33.988,0.6501
19,303,8.2559,0.3725,19.5260,34.063,0.6497
19,304,8.1352,0.1215,19.2633,33.910,0.6494
19,305,8.3373,0.0774,19.6940,34.170,0.6506
19,306,8.2904,0.3085,20.5077,34.226,0.6509
19,307,8.5098,0.1688,19.1433,34.185,0.6496
19,308,7.7266,0.2389,19.8741,34.095,0.6490
19,309,8.2690,0.0000,19.1640,33.802,0.6497
19,310,7.6641,0.2376,19.1340,33.989,0.6503
19,311,7.7794,0.0262,19.7058,34.022,0.6500
19,312,8.0744,0.1725,20.4954,34.037,0.6488
19,313,7.5497,0.1661,18.8047,33.950,0.6481
19,314,7.6241,0.3286,19.7006,34.281,0.6485
19,315,8.4770,0.3072,20.5618,34.057,0.6491
19,316,8.4655,0.2058,20.0421,33.889,0.6491
19,317,7.8149,0.0010,19.5274,34.132,0.6488
19,318,8.2654,0.0921,19.1106,33.909,0.6481
19,319,7.5727,0.0000,19.1028,33.973,0.6484
19,320,8.1620,0.0895,19.4203,34.071,0.6495
19,321,8.0422,0.1462,19.9221,33.930,0.6500
19,322,8.4500,0.0000,19.2019,33.965,0.6500
19,323,8.0744,0.0332,19.4516,33.924,0.6492
19,324,8.2702,0.0912,20.7918,33.955,0.6488
19,325,8.0494,0.1508,18.8348,34.008,0.6489
19,326,7.7340,0.2761,19.9346,33.812,0.6493
19,327,8.3308,0.2332,19.7144,33.916,0.6504
19,328,8.1154,0.2716,19.0197,34.227,0.6502
19,329,8.2118,0.1744,19.9178,34.206,0.6494
19,330,8.6475,0.1984,18.9827,33.923,0.6489
19,331,8.5619,0.0864,19.6693,33.916,0.6490
19,332,8.2853,0.1140,19.9778,33.837,0.6499
19,333,8.1121,0.1700,19.6079,33.945,0.6513
19,334,8.2628,0.1679,19.7453,34.069,0.6515
19,335,8.7999,0.3156,18.9785,33.982,0.6505
19,336,8.0760,0.1745,18.9201,33.833,0.6503
19,337,8.5683,0.1628,19.2264,34.054,0.6506
19,338,8.7577,0.4438,20.4191,33.761,0.6508
19,339,8.3097,0.4498,19.9453,33.857,0.6497
19,340,8.1800,0.0000,19.1800,34.044,0.6484
19,341,8.0227,0.1769,19.7203,34.186,0.6488
19,342,8.7980,0.0237,19.7851,34.072,0.6504
19,343,9.5377,0.2453,20.9379,33.738,0.6516
19,344,8.9307,0.0428,19.7398,34.069,0.6518
19,345,8.5582,0.2332,20.5078,33.967,0.6513
19,346,8.3723,0.0000,19.4520,33.975,0.6500
19,347,8.3099,0.0331,20.7472,33.952,0.6501
19,348,8.3299,0.1149,19.7940,33.783,0.6504
19,349,8.7671,0.0000,19.8755,33.965,0.6494
19,350,8.7882,0.2039,19.2292,33.894,0.6492
19,351,8.2407,0.3471,20.9511,34.242,0.6496
19,352,8.7758,0.1492,18.8483,34.045,0.6498
19,353,8.0716,0.0000,20.4782,34.134,0.6493
19,354,7.2151,0.0000,20.5380,34.233,0.6482
19,355,7.9664,0.0003,19.1025,33.905,0.6483
19,356,7.7561,0.1414,21.1439,34.003,0.6488
19,357,8.1301,0.0000,19.8938,34.035,0.6487
19,358,8.1525,0.2793,18.9498,33.958,0.6490
19,359,8.3862,0.0000,19.5291,34.090,0.6488
19,360,8.3299,0.0989,19.6890,34.084,0.6476
19,361,8.2859,0.0390,19.4470,33.932,0.6479
19,362,7.9843,0.3707,19.2207,33.945,0.6489
19,363,7.8353,0.0514,18.7111,34.107,0.6490
19,364,8.1250,0.2313,20.1161,33.878,0.6489
19,365,8.1445,0.2306,19.8527,33.963,0.6487
19,366,7.3481,0.1917,19.0028,33.985,0.6488
19,367,7.6196,0.3572,19.1724,33.980,0.6487
19,368,7.9781,0.0000,19.5705,34.065,0.6481
19,369,8.4111,0.0853,18.5944,33.538,0.6482
19,370,7.8159,0.0528,20.1143,33.992,0.6491
19,371,8.6613,0.0329,20.2773,34.155,0.6496
19,372,7.7754,0.3195,19.9764,33.839,0.6503
19,373,7.8086,0.2676,18.9275,34.206,0.6499
19,374,7.5082,0.1804,19.6200,34.144,0.6493
19,375,8.5199,0.1593,20.1620,34.113,0.6501
19,376,8.0359,0.0629,20.1006,34.152,0.6504
19,377,7.9325,0.1740,19.9870,33.902,0.6502
19,378,7.9572,0.0717,19.9662,33.815,0.6494
19,379,8.4832,0.1502,19.7045,33.916,0.6488
19,380,8.3329,0.0000,20.2287,33.863,0.6499
19,381,8.3171,0.1826,19.8128,33.998,0.6514
19,382,8.1586,0.0753,19.0472,33.734,0.6512
19,383,8.1701,0.0000,19.2047,33.959,0.6495
19,384,8.7089,0.2683,20.0999,33.849,0.6481
19,385,8.2488,0.2578,19.0811,34.140,0.6486
19,386,8.2340,0.0768,19.0637,33.944,0.6503
19,387,8.9015,0.1969,19.1629,34.167,0.6510
19,388,8.5677,0.2633,18.2307,34.311,0.6501
19,389,8.6149,0.0040,19.7077,33.954,0.6497
19,390,8.0666,0.0000,17.9111,34.318,0.6503
19,391,8.3785,0.0573,20.0125,34.139,0.6507
19,392,9.0161,0.0561,19.3638,34.060,0.6505
19,393,8.7567,0.0313,19.3548,34.022,0.6507
19,394,8.1328,0.0000,19.6233,34.399,0.6504
19,395,8.5117,0.1178,19.5597,34.106,0.6492
19,396,8.3366,0.2046,19.1882,34.042,0.6490
19,397,9.0171,0.2537,19.5315,33.999,0.6494
19,398,8.0268,0.1383,19.5802,34.104,0.6504
19,399,8.3547,0.0104,19.2337,34.027,0.6509
20,0,8.1898,0.0325,18.1671,34.177,0.6212
20,1,8.7426,0.2415,18.9218,33.909,0.6206
20,2,8.8476,0.0544,19.0387,33.954,0.6201
20,3,8.4663,0.2391,18.6550,34.072,0.6203
20,4,8.8867,0.1959,18.3284,34.265,0.6205
20,5,7.8350,0.2204,19.4180,33.726,0.6205
20,6,8.2353,0.2914,19.8922,33.992,0.6204
20,7,8.3026,0.4496,19.4841,33.862,0.6197
20,8,8.2266,0.0217,18.7683,33.863,0.6193
20,9,8.9816,0.0668,20.0076,33.920,0.6195
20,10,8.2095,0.2435,18.3268,33.692,0.6195
20,11,8.0578,0.2539,19.7652,33.843,0.6185
20,12,7.9094,0.0000,19.1299,33.889,0.6177
20,13,8.1119,0.0300,17.2075,34.019,0.6188
20,14,8.5178,0.0000,19.7438,34.185,0.6202
20,15,7.7431,0.0000,18.8065,34.146,0.6207
20,16,7.7072,0.2593,19.2382,33.997,0.6200
20,17,7.3545,0.0832,20.0218,33.720,0.6192
20,18,8.1125,0.0000,19.1429,34.063,0.6190
20,19,8.7315,0.1762,19.5182,33.982,0.6189
20,20,8.0469,0.2342,18.6798,33.854,0.6198
20,21,7.7216,0.1386,18.4238,34.233,0.6207
20,22,8.1804,0.3315,17.7619,34.042,0.6196
20,23,8.5438,0.0000,18.8427,33.774,0.6186
20,24,7.6639,0.0585,18.7004,34.322,0.6189
20,25,8.1773,0.1919,18.3388,33.911,0.6198
20,26,8.1833,0.0000,19.5032,33.859,0.6199
20,27,7.8297,0.3258,18.2900,33.843,0.6193
20,28,7.9567,0.3774,18.0972,33.970,0.6176
20,29,7.9793,0.0360,18.7163,34.241,0.6160
20,30,7.2523,0.0344,18.5341,34.293,0.6161
20,31,7.4743,0.3681,18.1274,34.078,0.6165
20,32,7.5488,0.0095,19.1772,33.885,0.6162
20,33,7.5781,0.2187,18.0656,34.045,0.6173
20,34,7.6135,0.0067,18.6533,33.922,0.6193
20,35,7.4594,0.0000,18.7982,34.020,0.6194
20,36,7.8955,0.5299,18.3653,33.963,0.6180
20,37,7.8460,0.0476,18.8203,33.946,0.6170
20,38,7.9563,0.0683,18.3506,34.089,0.6182
20,39,8.1138,0.0000,19.2452,33.938,0.6202
20,40,8.2771,0.0000,19.4025,34.125,0.6209
20,41,7.8188,0.1726,19.0581,34.252,0.6211
20,42,7.7866,0.1245,17.5455,34.066,0.6205
20,43,7.8707,0.0593,18.7456,34.228,0.6198
20,44,8.1737,0.2113,19.1941,33.808,0.6198
20,45,8.0958,0.2392,19.8916,33.903,0.6199
20,46,8.2417,0.0000,19.5332,33.964,0.6199
20,47,8.2005,0.0972,18.3446,34.182,0.6194
20,48,8.4550,0.0447,18.5038,33.791,0.6195
20,49,8.4516,0.2399,18.9025,34.069,0.6211
20,50,8.3205,0.0000,20.1381,33.755,0.6217
20,51,7.5281,0.2677,19.1798,34.129,0.6196
20,52,7.8915,0.4829,18.3695,34.227,0.6174
20,53,7.8072,0.1708,18.8202,34.026,0.6172
20,54,7.4330,0.0000,18.0568,34.004,0.6187
20,55,8.2718,0.2280,17.8493,34.170,0.6193
20,56,8.3596,0.0094,18.4149,34.220,0.6200
20,57,8.0315,0.0869,18.9721,33.889,0.6213
20,58,8.4061,0.1858,19.1636,34.029,0.6204
20,59,7.8484,0.1173,19.6488,34.094,0.6190
20,60,7.9574,0.2799,18.6527,33.999,0.6185
20,61,8.7839,0.0815,19.1554,34.095,0.6186
20,62,7.6586,0.0182,18.0865,34.247,0.6192
20,63,7.8103,0.1657,19.1471,33.791,0.6196
20,64,8.3564,0.2246,18.9514,33.868,0.6194
20,65,7.9809,0.0562,18.4041,33.992,0.6188
20,66,8.4226,0.1331,18.7766,33.999,0.6189
20,67,7.8260,0.3532,18.1695,33.855,0.6195
20,68,8.4503,0.1382,19.1189,33.814,0.6196
20,69,8.1649,0.1437,18.2889,33.972,0.6187
20,70,7.9396,0.0000,19.0060,34.005,0.6188
20,71,7.8199,0.3251,19.1588,33.906,0.6196
20,72,7.9806,0.0274,17.9689,34.003,0.6198
20,73,7.6037,0.0000,19.5386,33.868,0.6181
20,74,8.1196,0.2244,19.3982,34.177,0.6062
20,75,8.4122,0.4036,19.0249,33.918,0.5968
20,76,8.4199,0.0497,18.3202,34.134,0.5974
20,77,8.4827,0.1185,19.2956,34.166,0.6017
20,78,7.9025,0.1424,18.5310,34.229,0.6037
20,79,8.0771,0.3026,18.4635,33.788,0.6024
20,80,8.0442,0.3654,17.7743,33.835,0.6005
20,81,8.1547,0.1497,18.5387,33.943,0.6001
20,82,7.9259,0.0602,18.0856,34.033,0.6009
20,83,7.4146,0.3516,18.7928,33.903,0.6010
20,84,7.7405,0.2857,17.9954,34.101,0.6015
20,85,7.8340,0.0256,18.4437,33.878,0.6026
20,86,7.7151,0.3174,18.8528,34.224,0.6021
20,87,7.5034,0.2542,18.5564,33.715,0.6008
20,88,7.8963,0.0000,18.7617,33.928,0.6007
20,89,8.3057,0.1254,18.6103,33.728,0.6014
20,90,7.7963,0.0143,18.4141,33.907,0.6018
20,91,7.9102,0.0000,18.8575,33.734,0.6017
20,92,8.0491,0.3405,18.0044,33.955,0.6014
20,93,7.9048,0.0215,18.4107,34.136,0.6009
20,94,7.2547,0.0000,18.9305,33.943,0.6013
20,95,7.6520,0.0000,19.0084,33.802,0.6023
20,96,8.0227,0.0333,18.7686,33.979,0.6020
20,97,7.7970,0.0290,18.7550,34.079,0.6014
20,98,7.6899,0.1957,18.5931,33.981,0.6018
20,99,7.9428,0.1033,20.0628,33.964,0.6019
20,100,8.2095,0.1876,18.7345,33.943,0.6012
20,101,8.3868,0.4062,18.9372,34.064,0.6011
20,102,7.6914,0.0886,17.9395,34.158,0.6021
20,103,7.8814,0.2396,17.4457,33.973,0.6019
20,104,8.1381,0.0000,19.3580,33.610,0.6011
20,105,8.0139,0.2976,17.6175,33.907,0.6048
20,106,7.9117,0.3294,18.3408,34.285,0.6262
20,107,8.1936,0.1393,18.4577,33.918,0.6435
20,108,7.4088,0.1418,18.1230,33.941,0.6441
20,109,7.4861,0.0172,18.2699,34.227,0.6363
20,110,7.5242,0.3380,17.6884,33.854,0.6300
20,111,7.6034,0.4578,20.5640,33.910,0.6286
20,112,8.2571,0.5283,18.6252,34.175,0.6311
20,113,7.3252,0.0000,19.1059,34.098,0.6337
20,114,7.6288,0.1021,20.2818,33.862,0.6345
20,115,7.8410,0.0650,19.4763,33.847,0.6334
20,116,7.5557,0.2520,18.6747,33.883,0.6319
20,117,7.5344,0.3253,18.5624,33.879,0.6328
20,118,8.2736,0.2405,19.0852,33.903,0.6339
20,119,7.3389,0.2467,19.7039,34.127,0.6323
20,120,7.4918,0.0248,18.7878,34.199,0.6308
20,121,7.6074,0.4306,19.2346,34.089,0.6310
20,122,7.7777,0.2639,18.8549,33.663,0.6325
20,123,7.1018,0.4090,19.1950,34.144,0.6332
20,124,7.5447,0.1054,19.1838,33.991,0.6322
20,125,7.8735,0.0753,18.3179,34.099,0.6373
20,126,7.3880,0.0639,19.6637,34.195,0.6640
20,127,8.0605,0.2459,20.0518,34.056,0.6848
20,128,7.6115,0.0000,19.3313,33.848,0.6843
20,129,7.1057,0.0000,18.3190,32.641,0.6302
20,130,7.7083,0.0171,18.3620,32.719,0.4128
20,131,7.1380,0.1075,17.7229,33.243,0.2552
20,132,6.9402,0.1520,16.7309,33.874,0.2621
20,133,7.1120,0.2989,17.9805,33.819,0.3410
20,134,6.1689,0.0176,16.8474,33.833,0.3903
20,135,6.1182,0.0524,16.2704,33.601,0.3870
20,136,6.2669,0.0000,15.4196,33.756,0.3645
20,137,5.6362,0.0565,15.7400,33.814,0.3540
20,138,6.0982,0.0000,14.7646,33.852,0.3575
20,139,5.7064,0.2405,14.0374,33.926,0.3651
20,140,5.9484,0.0270,14.5605,34.142,0.3693
20,141,5.6022,0.1511,14.9431,34.067,0.3694
20,142,5.7361,0.0000,14.7233,33.971,0.3680
20,143,5.3970,0.0000,13.8779,34.284,0.3671
20,144,5.4144,0.0944,13.8842,33.824,0.3668
20,145,5.6695,0.0121,13.6163,34.000,0.3673
20,146,5.7207,0.1138,14.0212,33.622,0.3682
20,147,5.8879,0.0204,13.4019,34.137,0.3688
20,148,5.5879,0.0000,13.0903,34.245,0.3696
20,149,5.3567,0.0856,12.7977,34.281,0.3695
20,150,5.3516,0.3821,13.6841,34.270,0.3680
20,151,5.4801,0.0783,13.1607,33.777,0.3675
20,152,5.0197,0.0388,13.2589,34.358,0.3680
20,153,5.2575,0.1255,13.5643,33.784,0.3678
20,154,5.3515,0.1362,12.4882,34.162,0.3680
20,155,5.3541,0.2512,12.8820,34.032,0.3691
20,156,5.2716,0.0576,13.3238,34.088,0.3694
20,157,5.0491,0.0626,12.5678,34.117,0.3688
20,158,5.2136,0.0000,12.1814,34.073,0.3681
20,159,5.1175,0.3303,13.3860,34.019,0.3678
20,160,4.9625,0.0000,12.8907,33.923,0.3679
20,161,5.2445,0.2015,12.1984,33.987,0.3679
20,162,5.1226,0.1611,12.9327,34.093,0.3683
20,163,5.2253,0.0000,12.9379,33.913,0.3685
20,164,5.7955,0.2899,12.5468,33.968,0.3684
20,165,5.4786,0.0222,12.1233,34.068,0.3683
20,166,5.1082,0.0000,13.4889,33.950,0.3687
20,167,5.4476,0.1561,12.4515,34.071,0.3690
20,168,5.2728,0.1910,12.7980,34.180,0.3684
20,169,5.6213,0.0398,13.3236,33.831,0.3676
20,170,5.3395,0.0668,12.3191,33.968,0.3669
20,171,5.5219,0.0000,12.9775,33.969,0.3673
20,172,5.0970,0.3158,12.8687,34.121,0.3688
20,173,5.5582,0.1987,12.3533,34.191,0.3692
20,174,5.1288,0.1304,12.2138,33.946,0.3686
20,175,5.5507,0.0000,12.8243,34.230,0.3686
20,176,5.0777,0.0871,12.7227,33.985,0.3688
20,177,4.8655,0.2477,12.2563,34.272,0.3691
20,178,5.3165,0.1893,11.8363,33.804,0.3679
20,179,5.2955,0.1247,12.1142,33.831,0.3670
20,180,5.1162,0.1864,12.1147,34.034,0.3672
20,181,5.2231,0.1685,12.0399,33.784,0.3674
20,182,5.2692,0.0000,12.3171,34.027,0.3678
20,183,5.1049,0.0307,12.7365,34.250,0.3681
20,184,5.2778,0.1934,12.5147,33.985,0.3683
20,185,5.0503,0.0140,12.9285,34.106,0.3684
20,186,5.2531,0.2675,11.6696,34.382,0.3674
20,187,5.0381,0.0932,12.2908,34.153,0.3669
20,188,5.1602,0.0628,13.3042,34.076,0.3677
20,189,4.6855,0.2870,11.8895,33.530,0.3680
20,190,5.0602,0.1289,12.7568,33.932,0.3675
20,191,5.2099,0.2837,11.9816,34.045,0.3673
20,192,5.0483,0.4422,12.3917,33.914,0.3676
20,193,5.1415,0.2702,12.7115,33.971,0.3679
20,194,4.7702,0.0341,12.8792,34.273,0.3680
20,195,5.2426,0.3307,12.4921,33.926,0.3682
20,196,5.3464,0.1690,12.3735,33.888,0.3684
20,197,4.9262,0.1195,13.4619,34.164,0.3683
20,198,5.5413,0.2796,12.2982,34.625,0.3927
20,199,5.3912,0.0590,12.6733,34.990,0.5173
20,200,5.4752,0.4367,14.0106,34.585,0.6164
20,201,5.7956,0.1386,14.0334,34.119,0.6215
20,202,6.3507,0.1829,14.0247,33.926,0.5780
20,203,6.1510,0.1259,13.6132,34.192,0.5456
20,204,6.0923,0.0000,15.0890,34.165,0.5444
20,205,6.1257,0.1437,14.8354,34.027,0.5572
20,206,6.3699,0.2389,15.1029,33.985,0.5642
20,207,6.5445,0.4071,16.1145,33.895,0.5622
20,208,6.3988,0.2813,16.2539,33.968,0.5565
20,209,6.2645,0.0227,15.8180,34.218,0.5536
20,210,7.2755,0.3498,16.3906,34.144,0.5544
20,211,6.8132,0.0266,16.1461,34.015,0.5571
20,212,7.1841,0.0000,15.5396,34.165,0.5586
20,213,6.8881,0.2867,16.3900,34.044,0.5573
20,214,7.1377,0.0000,16.0803,33.890,0.5552
20,215,7.2892,0.0195,16.8916,33.895,0.5549
20,216,7.0665,0.1318,17.0747,33.929,0.5560
20,217,7.0588,0.0000,15.5455,34.391,0.5565
20,218,7.0970,0.0000,17.0249,33.972,0.5557
20,219,7.1534,0.0000,16.6736,33.847,0.5550
20,220,7.7293,0.1234,16.7405,34.037,0.5551
20,221,7.6044,0.4599,16.3024,33.798,0.5556
20,222,7.0219,0.0000,16.8780,33.923,0.5558
20,223,7.5319,0.0000,16.8602,34.050,0.5552
20,224,7.0642,0.3377,17.3189,33.894,0.5553
20,225,6.7178,0.2859,16.6228,34.058,0.5554
20,226,7.4605,0.0000,16.8152,33.869,0.5543
20,227,7.0887,0.1032,16.2411,33.941,0.5538
20,228,6.6899,0.0613,17.1272,33.783,0.5554
20,229,7.3593,0.0000,17.0599,34.128,0.5560
20,230,7.2422,0.1706,16.7709,34.119,0.5548
20,231,6.9802,0.2688,17.3500,33.913,0.5543
20,232,7.1028,0.0040,17.5379,33.743,0.5551
20,233,7.4093,0.1789,17.1186,33.873,0.5563
20,234,7.7927,0.0657,17.2930,34.014,0.5564
20,235,6.8230,0.1592,17.2394,33.963,0.5563
20,236,7.0611,0.0329,16.7519,34.119,0.5560
20,237,7.1232,0.0997,18.4604,33.894,0.5553
20,238,7.4783,0.2196,16.8957,34.063,0.5546
20,239,6.6695,0.4460,16.8679,34.099,0.5546
20,240,7.4785,0.2060,16.6584,33.929,0.5553
20,241,7.6192,0.0000,17.6366,34.049,0.5562
20,242,7.2237,0.0000,16.6009,33.584,0.5563
20,243,6.7451,0.0810,16.6311,34.120,0.5562
20,244,7.6835,0.1540,17.9737,34.040,0.5565
20,245,7.5640,0.2070,18.5116,33.936,0.5564
20,246,7.8255,0.1217,17.1643,34.104,0.5563
20,247,7.2217,0.0000,16.4038,34.199,0.5564
20,248,7.5317,0.0000,16.8534,34.063,0.5569
20,249,7.8305,0.1057,17.3265,34.215,0.5571
20,250,7.5706,0.3911,16.4942,34.041,0.5563
20,251,7.5753,0.1424,17.1463,34.022,0.5558
20,252,7.5672,0.0000,17.1905,34.101,0.5562
20,253,7.4790,0.1390,17.4082,34.015,0.5563
20,254,7.8332,0.0000,16.9560,33.961,0.5567
20,255,7.4527,0.0000,17.3748,33.861,0.5568
20,256,7.4527,0.4883,17.3003,33.994,0.5559
20,257,7.1781,0.1496,16.9883,34.070,0.5549
20,258,7.3531,0.3396,18.0819,33.896,0.5548
20,259,7.1680,0.0248,16.8529,34.092,0.5553
20,260,7.3404,0.0000,17.3303,33.672,0.5556
20,261,7.3657,0.0713,17.0507,33.854,0.5555
20,262,7.5452,0.1538,16.9525,33.986,0.5561
20,263,7.3675,0.0336,17.8917,34.132,0.5566
20,264,7.2073,0.1025,17.7911,33.807,0.5557
20,265,7.4641,0.0000,17.5005,34.051,0.5551
20,266,7.0937,0.1114,17.7167,33.976,0.5559
20,267,6.8527,0.0553,16.8027,34.277,0.5568
20,268,7.3966,0.4902,16.2655,34.199,0.5570
20,269,7.4746,0.2974,17.7719,33.943,0.5568
20,270,7.8026,0.0000,17.8281,33.738,0.5565
20,271,7.3920,0.1777,16.5448,34.033,0.5557
20,272,6.9543,0.3039,17.8237,34.138,0.5549
20,273,7.1933,0.1282,17.3640,33.842,0.5549
20,274,7.1369,0.3102,18.1967,34.208,0.5546
20,275,6.6828,0.1141,16.8546,34.096,0.5540
20,276,7.2194,0.4527,17.6796,33.752,0.5544
20,277,6.4694,0.1419,17.7357,34.202,0.5552
20,278,6.9058,0.1914,16.6348,33.980,0.5551
20,279,6.8958,0.1613,17.0122,33.989,0.5544
20,280,6.9746,0.2021,16.7893,34.002,0.5549
20,281,7.1565,0.3474,17.0629,34.143,0.5669
20,282,7.0196,0.3302,16.7548,34.430,0.6221
20,283,7.7698,0.0000,17.2830,34.336,0.6647
20,284,7.3300,0.1612,17.7511,34.225,0.6650
20,285,7.9663,0.1036,19.1547,33.922,0.6446
20,286,7.5511,0.2276,18.0040,34.079,0.6307
20,287,8.3109,0.1432,18.4582,33.800,0.6308
20,288,8.0151,0.0437,18.2822,34.161,0.6369
20,289,8.5789,0.1434,17.2632,34.093,0.6405
20,290,8.0062,0.0571,18.0600,33.925,0.6396
20,291,8.1292,0.2990,19.6024,33.953,0.6379
20,292,7.8385,0.3583,17.9148,34.132,0.6357
20,293,8.0167,0.2677,18.4679,33.798,0.6339
20,294,8.2615,0.4433,19.2090,33.821,0.6329
20,295,8.8881,0.0678,19.5041,33.824,0.6334
20,296,8.6766,0.1789,18.3898,33.838,0.6359
20,297,8.1540,0.3181,18.5338,34.405,0.6369
20,298,8.2516,0.0000,19.1960,33.621,0.6310
20,299,7.8157,0.0000,19.3076,34.005,0.6045
20,300,7.7224,0.0000,19.0498,34.067,0.5847
20,301,8.0080,0.2763,18.0011,34.024,0.5859
20,302,8.1730,0.3605,19.3907,34.040,0.5971
20,303,7.8633,0.0000,19.5044,33.899,0.6043
20,304,8.1431,0.1593,18.3127,33.892,0.6032
20,305,8.3330,0.2030,19.4969,33.964,0.5989
20,306,7.7458,0.3267,19.2197,34.138,0.5972
20,307,7.8708,0.0757,17.8347,33.791,0.5983
20,308,7.3440,0.1297,18.7412,33.845,0.5991
20,309,7.5010,0.0000,18.7552,34.011,0.5992
20,310,7.4908,0.1490,17.9808,33.877,0.6000
20,311,7.2445,0.1377,19.9358,34.240,0.6012
20,312,7.9754,0.2684,19.4773,34.248,0.6009
20,313,7.8945,0.0000,17.8986,34.139,0.6001
20,314,8.4418,0.2584,18.3106,33.973,0.6001
20,315,7.8704,0.4959,18.1021,34.064,0.6004
20,316,7.5879,0.1464,18.7571,34.224,0.6010
20,317,7.4931,0.1117,18.0567,33.897,0.6013
20,318,7.8592,0.0000,19.8583,34.099,0.6021
20,319,7.8033,0.1482,18.0920,34.173,0.6021
20,320,7.6484,0.1116,17.8816,34.245,0.6005
20,321,7.3491,0.0000,17.9954,33.894,0.5999
20,322,8.3445,0.1750,18.1594,33.983,0.6009
20,323,7.5905,0.1438,18.9386,34.215,0.6022
20,324,8.3293,0.0313,16.6530,34.103,0.6029
20,325,7.6464,0.0387,18.3017,34.033,0.6020
20,326,8.1949,0.4748,18.1378,33.992,0.5996
20,327,7.7876,0.2629,19.5092,33.931,0.5983
20,328,7.5442,0.0000,18.4764,33.763,0.5991
20,329,8.0300,0.2115,18.9078,33.934,0.5996
20,330,7.5107,0.0000,18.2164,34.135,0.5995
20,331,7.8502,0.1070,18.2542,33.864,0.5994
20,332,7.8456,0.1053,19.1187,33.594,0.6003
20,333,7.6171,0.0000,18.0520,33.982,0.6019
20,334,8.0433,0.0533,18.3835,33.959,0.6016
20,335,7.5104,0.0765,18.9676,34.083,0.5997
20,336,8.2475,0.2450,17.7143,34.241,0.5988
20,337,7.4136,0.0324,17.9176,34.105,0.5993
20,338,7.7308,0.0000,19.8215,33.765,0.6006
20,339,8.0936,0.1341,18.4483,34.070,0.6018
20,340,7.9191,0.0000,17.3094,34.077,0.6014
20,341,7.6936,0.0637,19.7422,33.632,0.6006
20,342,7.4523,0.1775,18.6577,33.833,0.6004
20,343,8.0829,0.1334,18.0282,34.171,0.6010
20,344,8.0937,0.1650,18.2938,34.317,0.6005
20,345,7.9747,0.0000,18.2221,33.899,0.5996
20,346,8.0828,0.0173,18.2519,34.069,0.5993
20,347,7.4183,0.0435,18.5482,34.014,0.5987
20,348,7.4535,0.0740,18.0970,33.832,0.5991
20,349,7.1449,0.0731,17.4900,33.943,0.6002
20,350,7.7819,0.2820,18.5971,33.946,0.6007
20,351,7.6217,0.0000,18.3018,34.034,0.6014
20,352,7.7097,0.2693,18.5609,34.078,0.6012
20,353,6.9572,0.0000,17.7711,34.023,0.5998
20,354,7.6835,0.1735,18.9851,33.903,0.5988
20,355,7.3521,0.0000,17.7032,34.133,0.5992
20,356,7.8398,0.4116,18.1481,34.111,0.6000
20,357,8.1399,0.0000,18.6665,34.159,0.6006
20,358,7.3954,0.0632,18.6692,34.174,0.5998
20,359,7.7803,0.0476,18.4461,34.016,0.5984
20,360,7.5924,0.4460,18.0237,34.205,0.5983
20,361,8.0060,0.3442,17.9865,34.104,0.6003
20,362,8.1530,0.3645,18.0198,33.909,0.6030
20,363,7.4341,0.1174,18.0993,34.123,0.6023
20,364,7.7744,0.0000,18.3722,33.913,0.6005
20,365,7.6111,0.2241,19.0936,34.073,0.6003
20,366,7.6007,0.0594,18.6429,34.206,0.6001
20,367,8.1808,0.1607,18.3223,33.969,0.6000
20,368,7.7100,0.0663,17.9414,33.820,0.6008
20,369,8.1732,0.1187,18.3492,33.821,0.6012
20,370,7.6162,0.0000,17.7814,34.088,0.6003
20,371,7.4845,0.1818,18.1812,34.204,0.5996
20,372,7.5052,0.0711,18.6344,34.051,0.5994
20,373,7.7877,0.1061,18.6286,34.079,0.5995
20,374,7.2998,0.0778,18.4559,33.824,0.6004
20,375,7.8096,0.1925,19.7587,34.103,0.6007
20,376,8.5240,0.2528,17.8134,34.231,0.6004
20,377,7.9773,0.0262,18.7434,34.011,0.5999
20,378,7.3239,0.0309,18.2689,34.267,0.5994
20,379,8.4408,0.0169,18.1191,34.263,0.6070
20,380,7.7849,0.2235,18.8452,34.452,0.6444
20,381,7.9428,0.0988,19.4803,34.335,0.6733
20,382,8.3398,0.3776,19.0406,33.907,0.6739
20,383,7.4376,0.0322,18.0750,33.960,0.6609
20,384,7.7024,0.0728,19.1457,33.926,0.6510
20,385,7.5170,0.0028,18.8470,34.025,0.6486
20,386,7.6297,0.1612,19.5451,33.906,0.6521
20,387,8.3466,0.0000,18.9893,34.059,0.6556
20,388,7.2156,0.1074,19.0408,34.019,0.6562
20,389,7.9340,0.0460,19.3921,34.057,0.6542
20,390,7.6341,0.3162,18.0482,34.215,0.6513
20,391,8.1127,0.1111,19.9803,33.856,0.6515
20,392,8.3417,0.0000,19.0067,34.124,0.6544
20,393,8.0490,0.0009,19.4414,33.704,0.6555
20,394,7.8800,0.1181,19.8733,33.857,0.6537
20,395,7.5298,0.0000,19.7408,33.794,0.6523
20,396,8.3970,0.3755,20.3248,33.964,0.6526
20,397,8.0861,0.0000,19.2661,34.048,0.6533
20,398,8.1054,0.0595,19.2880,33.956,0.6544
20,399,8.0734,0.1428,19.0958,33.851,0.6545
21,0,7.9108,0.2434,19.5335,34.024,0.6552
21,1,7.9795,0.0000,19.6299,33.757,0.6474
21,2,7.8487,0.3138,19.5927,33.702,0.6065
21,3,7.6186,0.2238,19.7521,33.754,0.5744
21,4,7.6128,0.1920,19.2781,33.839,0.5745
21,5,7.2950,0.0662,19.2582,34.014,0.5906
21,6,7.7282,0.0000,18.7169,34.027,0.6018
21,7,8.2939,0.3091,18.4844,33.916,0.6019
21,8,7.8970,0.2751,19.0040,34.112,0.5977
21,9,7.8143,0.0000,18.8722,34.202,0.5954
21,10,7.8054,0.3075,18.6206,33.928,0.5948
21,11,7.6547,0.0000,19.2195,33.894,0.5946
21,12,7.4467,0.0545,18.5188,34.139,0.5954
21,13,7.6876,0.3331,18.9770,33.918,0.5965
21,14,7.9447,0.4712,19.2036,33.929,0.5973
21,15,7.8489,0.1485,19.2944,34.048,0.5985
21,16,7.7589,0.0877,18.5567,34.121,0.5992
21,17,7.9483,0.0117,17.8221,33.914,0.5988
21,18,7.4038,0.2027,18.2967,34.135,0.5972
21,19,7.3194,0.1575,19.8421,33.805,0.5962
21,20,7.6136,0.3910,18.4959,34.249,0.5973
21,21,8.1558,0.1060,18.2769,34.148,0.5988
21,22,7.8698,0.0844,18.2736,33.896,0.5988
21,23,8.0425,0.0588,18.8973,34.193,0.5973
21,24,8.1764,0.2507,18.4437,33.912,0.5968
21,25,7.3518,0.2956,18.3765,33.943,0.5981
21,26,8.3009,0.2656,18.7205,34.172,0.5986
21,27,7.4592,0.0906,18.9126,34.242,0.5975
21,28,8.3787,0.1755,18.2495,33.959,0.5965
21,29,7.9569,0.3767,17.7384,33.908,0.5962
21,30,8.2386,0.2275,18.2177,33.969,0.5971
21,31,7.6815,0.2131,18.8540,34.087,0.5979
21,32,7.5145,0.2378,18.5493,34.474,0.5977
21,33,7.1830,0.0000,18.6112,33.864,0.5985
21,34,7.9938,0.0000,17.9398,33.965,0.5982
21,35,7.8326,0.1672,18.3313,33.915,0.5972
21,36,7.4052,0.0241,18.7901,33.956,0.5972
21,37,7.5317,0.0000,18.0872,34.283,0.5974
21,38,7.9706,0.2362,18.5860,34.041,0.5980
21,39,7.4630,0.1820,18.8977,34.079,0.5981
21,40,7.2324,0.1666,18.4428,33.895,0.5976
21,41,7.6065,0.1211,17.8010,34.028,0.5965
21,42,7.7713,0.0000,18.8347,33.900,0.5961
21,43,7.3631,0.1538,17.8453,34.098,0.5974
21,44,7.4347,0.2195,17.7519,34.141,0.5978
21,45,7.6594,0.2838,17.9464,34.035,0.5979
21,46,7.4140,0.0637,18.4744,33.981,0.5983
21,47,7.6956,0.3848,18.3704,33.888,0.5977
21,48,7.9239,0.0795,17.8847,34.016,0.5973
21,49,8.3526,0.2539,19.0648,34.046,0.5981
21,50,8.4650,0.2831,17.9935,33.798,0.5992
21,51,7.5500,0.0000,18.7388,34.098,0.5995
21,52,7.7110,0.1494,18.3119,34.183,0.5982
21,53,8.1178,0.0772,17.7659,33.746,0.5973
21,54,7.6942,0.0000,17.7750,33.930,0.5982
21,55,7.8243,0.3210,18.7107,34.073,0.5986
21,56,7.6792,0.1962,17.6717,33.993,0.5978
21,57,7.5922,0.0318,17.8727,33.713,0.5980
21,58,8.0173,0.0406,18.0860,33.964,0.5984
21,59,7.2778,0.1954,18.7165,34.034,0.5973
21,60,7.7313,0.1200,17.9341,33.736,0.5961
21,61,7.4132,0.0959,18.7844,33.931,0.5967
21,62,7.3039,0.0000,17.7636,34.067,0.5979
21,63,7.6866,0.1750,18.8183,33.877,0.5945
21,64,7.2599,0.2894,17.6400,33.901,0.5764
21,65,7.7677,0.2861,17.7573,33.877,0.5621
21,66,7.4223,0.3159,18.0682,34.135,0.5621
21,67,7.5869,0.0919,18.5905,34.018,0.5688
21,68,7.6510,0.0000,17.9323,34.397,0.5734
21,69,7.3261,0.0991,17.2158,34.113,0.5738
21,70,7.8168,0.2022,18.0017,34.097,0.5723
21,71,7.6283,0.5191,17.9363,34.032,0.5717
21,72,7.9413,0.2645,18.4722,33.730,0.5719
21,73,7.6488,0.2289,17.5349,33.815,0.5721
21,74,7.1072,0.1099,16.6391,34.158,0.5726
21,75,7.0564,0.1522,18.3139,34.061,0.5722
21,76,7.9780,0.0101,17.9864,33.976,0.5711
21,77,7.7816,0.0538,18.5688,34.200,0.5718
21,78,7.6007,0.1750,17.5431,33.754,0.5729
21,79,7.1481,0.2679,18.0439,34.130,0.5724
21,80,7.9379,0.1527,17.1696,33.994,0.5718
21,81,6.8880,0.1110,16.6922,33.833,0.5721
21,82,7.6942,0.0471,19.0937,33.899,0.5723
21,83,7.0520,0.0000,18.4848,33.939,0.5721
21,84,7.0739,0.2744,18.3073,33.936,0.5721
21,85,6.8824,0.0411,16.9506,33.815,0.5720
21,86,7.3760,0.2115,17.7908,33.847,0.5719
21,87,7.4826,0.2556,17.9786,34.207,0.5721
21,88,7.8677,0.3110,17.3254,34.095,0.5725
21,89,7.8858,0.0093,18.2374,34.108,0.5729
21,90,7.6907,0.0700,17.5128,34.028,0.5730
21,91,7.5312,0.1525,18.5598,33.907,0.5731
21,92,7.1054,0.2174,17.3666,34.221,0.5725
21,93,7.6114,0.2225,18.4253,33.993,0.5723
21,94,7.6508,0.1033,18.4003,33.850,0.5732
21,95,7.5484,0.3313,17.8060,33.726,0.5734
21,96,7.8778,0.0000,17.8824,33.887,0.5729
21,97,7.5456,0.2703,17.7922,33.950,0.5732
21,98,7.7518,0.0063,17.5701,33.877,0.5745
21,99,8.0088,0.1194,18.3744,34.322,0.5795
21,100,7.9225,0.0356,17.3522,34.053,0.5839
21,101,7.8894,0.1726,17.6917,33.892,0.5843
21,102,7.7355,0.1678,16.3650,33.997,0.5818
21,103,7.0839,0.3228,17.6278,34.101,0.5800
21,104,7.3176,0.1677,18.4767,34.178,0.5796
21,105,7.5526,0.0780,17.9030,34.245,0.5797
21,106,7.3029,0.1340,17.7444,33.808,0.5802
21,107,7.5331,0.0490,17.0809,34.071,0.5800
21,108,7.2174,0.0219,18.2872,34.016,0.5795
21,109,7.9371,0.1831,18.3579,34.188,0.5795
21,110,7.4845,0.1288,16.5946,34.271,0.5795
21,111,7.2483,0.2327,17.6893,33.778,0.5788
21,112,7.2407,0.1778,18.4710,33.939,0.5785
21,113,7.4121,0.1336,17.4186,34.006,0.5798
21,114,7.4883,0.0740,17.2704,33.786,0.5809
21,115,7.2091,0.2562,18.1580,34.145,0.5809
21,116,7.1754,0.0291,17.7254,34.065,0.5803
21,117,7.3550,0.0969,17.8848,34.089,0.5818
21,118,7.5314,0.0668,18.2660,33.870,0.5943
21,119,7.8482,0.1661,18.2675,33.975,0.6048
21,120,7.4530,0.4223,18.1524,34.201,0.6053
21,121,7.4689,0.1151,18.1482,33.943,0.6007
21,122,7.8664,0.4378,17.9492,34.017,0.5974
21,123,7.5784,0.2788,19.0995,34.087,0.5976
21,124,7.6738,0.1316,18.5627,33.906,0.5990
21,125,7.2772,0.0362,18.0542,34.003,0.5993
21,126,7.5102,0.0576,18.3162,33.828,0.5981
21,127,7.6963,0.0383,18.4426,33.785,0.5970
21,128,7.5014,0.4972,18.2142,33.837,0.5974
21,129,7.6976,0.0596,17.9993,34.101,0.5974
21,130,7.5094,0.4444,18.4951,33.844,0.5977
21,131,7.5548,0.0589,17.9602,34.008,0.5990
21,132,7.6897,0.0000,17.4252,33.923,0.5990
21,133,7.5630,0.3242,18.5799,33.899,0.5987
21,134,7.8711,0.0000,18.9387,34.212,0.5989
21,135,7.6207,0.1434,18.6918,34.063,0.5984
21,136,7.5232,0.2458,19.4651,33.951,0.5982
21,137,7.9038,0.2097,19.8347,33.876,0.5983
21,138,8.1066,0.0309,16.7814,34.057,0.5981
21,139,8.2240,0.0000,19.1179,33.943,0.5978
21,140,7.8286,0.0235,18.7890,34.098,0.5978
21,141,7.4299,0.0956,18.7615,33.794,0.5975
21,142,7.8317,0.0985,17.5283,34.099,0.5966
21,143,7.7079,0.1943,18.0473,33.984,0.5964
21,144,7.6784,0.1072,17.4499,33.908,0.5981
21,145,7.4533,0.3725,18.8011,33.938,0.6000
21,146,7.9181,0.0750,19.1726,34.123,0.5998
21,147,8.0584,0.0431,18.6518,34.075,0.5981
21,148,7.2290,0.2164,18.1207,34.107,0.5966
21,149,7.3525,0.2060,17.8305,34.029,0.5973
21,150,7.1678,0.0000,19.0604,33.908,0.5915
21,151,7.4503,0.1634,19.1098,33.575,0.5581
21,152,7.7305,0.1476,18.4137,33.620,0.5332
21,153,7.9503,0.1850,17.9301,34.050,0.5341
21,154,7.4650,0.3603,17.8395,34.072,0.5464
21,155,7.4963,0.3041,18.6007,33.870,0.5541
21,156,7.4255,0.0900,18.7172,34.211,0.5537
21,157,7.2722,0.2355,17.5626,34.072,0.5505
21,158,7.2282,0.3756,17.4515,33.822,0.5491
21,159,7.4117,0.2269,17.8952,33.896,0.5485
21,160,6.7121,0.0907,16.9933,34.009,0.5486
21,161,7.4410,0.2546,16.7757,34.254,0.5496
21,162,7.2173,0.0000,17.4478,34.004,0.5504
21,163,7.3292,0.0000,17.3712,34.066,0.5510
21,164,7.4923,0.2581,16.9571,33.970,0.5504
21,165,7.3725,0.2016,17.9303,33.799,0.5498
21,166,7.1051,0.2895,17.2115,33.906,0.5504
21,167,7.2475,0.0011,16.6371,34.106,0.5517
21,168,7.0596,0.2811,16.6536,34.052,0.5519
21,169,7.3111,0.0000,17.3872,34.226,0.5510
21,170,7.2026,0.0000,17.7782,33.966,0.5506
21,171,7.0834,0.0426,18.0284,34.108,0.5510
21,172,6.6945,0.2119,16.6078,33.918,0.5505
21,173,7.7104,0.1704,17.2892,33.989,0.5504
21,174,7.2007,0.0709,17.4069,33.834,0.5506
21,175,7.5068,0.0638,16.8949,33.823,0.5506
21,176,7.0990,0.2867,16.3284,33.933,0.5512
21,177,7.1648,0.1858,17.2158,33.975,0.5505
21,178,7.0463,0.1903,17.2834,33.906,0.5504
21,179,7.3962,0.0661,16.5103,33.930,0.5516
21,180,7.5938,0.0212,17.6667,34.026,0.5519
21,181,7.5263,0.0064,17.4625,33.723,0.5514
21,182,7.3018,0.0739,17.2920,33.935,0.5510
21,183,7.4319,0.1524,17.3111,34.053,0.5515
21,184,7.2585,0.1561,17.4542,33.979,0.5530
21,185,7.4694,0.0809,16.9889,34.111,0.5525
21,186,7.0906,0.0000,17.2343,33.617,0.5505
21,187,7.4531,0.0311,16.5474,33.833,0.5496
21,188,7.0042,0.1858,16.6593,34.057,0.5497
21,189,7.1395,0.1478,17.3364,34.149,0.5502
21,190,7.0343,0.0378,16.7193,33.786,0.5502
21,191,6.6851,0.0698,17.3077,34.116,0.5501
21,192,6.8787,0.3864,16.8694,34.044,0.5505
21,193,7.6111,0.2808,16.5400,34.064,0.5510
21,194,7.1247,0.0000,17.0540,34.015,0.5515
21,195,7.0078,0.0000,17.1047,33.849,0.5511
21,196,7.1951,0.1148,16.3694,33.897,0.5506
21,197,7.7071,0.0876,16.6075,34.039,0.5509
21,198,7.7527,0.0886,17.4827,33.801,0.5513
21,199,7.6996,0.1966,17.9171,33.828,0.5516
21,200,7.6585,0.0000,16.9931,34.183,0.5513
21,201,7.7683,0.0215,17.5343,33.976,0.5518
21,202,7.6580,0.1108,16.1672,34.168,0.5527
21,203,7.9347,0.0840,16.9011,34.103,0.5525
21,204,7.5942,0.0029,17.1278,33.976,0.5523
21,205,7.4875,0.0804,17.5028,34.193,0.5520
21,206,7.2546,0.2313,17.7292,33.934,0.5512
21,207,7.5580,0.0000,17.2981,34.028,0.5508
21,208,7.2285,0.0000,17.5270,34.057,0.5517
21,209,7.5917,0.4277,17.2263,34.139,0.5523
21,210,7.4542,0.1401,17.0658,33.932,0.5517
21,211,7.9395,0.0154,16.9078,33.908,0.5517
21,212,7.6195,0.0124,18.5224,33.973,0.5520
21,213,6.8764,0.0000,17.3132,33.744,0.5520
21,214,7.6742,0.0371,17.7287,33.992,0.5510
21,215,7.1146,0.4478,17.5546,33.950,0.5499
21,216,7.8173,0.2569,16.8835,34.269,0.5499
21,217,6.9550,0.2275,17.4556,33.851,0.5509
21,218,7.4627,0.0000,17.3154,33.888,0.5512
21,219,7.4480,0.0417,16.7567,33.947,0.5510
21,220,7.5281,0.3498,17.8520,34.206,0.5508
21,221,7.4124,0.1584,17.3675,33.805,0.5512
21,222,7.4249,0.1049,17.1865,34.141,0.5515
21,223,7.4418,0.3460,17.0849,33.652,0.5510
21,224,6.9422,0.1275,16.8878,34.017,0.5505
21,225,7.6770,0.0259,16.7563,33.954,0.5503
21,226,7.3684,0.0077,17.9820,34.162,0.5506
21,227,6.7307,0.2387,17.1727,33.945,0.5509
21,228,7.5882,0.2863,16.1099,33.639,0.5504
21,229,6.6712,0.0011,16.7494,34.065,0.5507
21,230,6.9644,0.0000,16.7782,34.013,0.5508
21,231,6.8894,0.1407,16.9861,34.313,0.5497
21,232,6.9248,0.3035,16.5736,34.161,0.5491
21,233,6.6642,0.2685,17.4289,34.126,0.5495
21,234,7.0992,0.1160,16.2372,33.908,0.5500
21,235,6.7843,0.1460,16.8720,33.908,0.5502
21,236,6.7018,0.0591,17.1937,34.132,0.5499
21,237,6.8892,0.4236,16.8412,34.062,0.5496
21,238,7.0953,0.0000,17.6667,34.074,0.5494
21,239,7.0461,0.0847,17.6953,33.789,0.5500
21,240,7.0268,0.2260,17.4790,34.213,0.5507
21,241,7.0527,0.1751,17.3455,33.931,0.5502
21,242,6.7684,0.1100,16.8984,34.202,0.5497
21,243,7.1362,0.5306,17.1445,33.989,0.5496
21,244,6.8495,0.0203,16.8073,34.086,0.5494
21,245,6.7146,0.3151,17.3989,33.932,0.5494
21,246,7.1344,0.2028,17.4790,34.167,0.5499
21,247,6.4621,0.1185,16.8186,33.696,0.5508
21,248,6.9736,0.0000,17.1292,33.719,0.5504
21,249,7.4340,0.0522,17.2698,33.959,0.5498
21,250,6.7109,0.0981,17.2072,34.015,0.5503
21,251,7.1222,0.0000,17.9394,33.782,0.5509
21,252,7.7480,0.1678,16.6169,34.154,0.5513
21,253,7.0281,0.1023,17.4420,34.000,0.5515
21,254,7.0031,0.2651,18.4353,34.047,0.5510
21,255,7.0196,0.0000,16.8693,34.276,0.5506
21,256,7.1311,0.2553,17.1272,33.902,0.5499
21,257,6.8877,0.1198,17.3337,34.120,0.5489
21,258,7.7257,0.3331,17.3076,34.170,0.5494
21,259,7.0463,0.4001,17.6816,34.406,0.5506
21,260,6.6257,0.0968,17.2247,33.577,0.5505
21,261,7.0058,0.1504,16.8416,34.134,0.5501
21,262,7.4627,0.1691,16.5769,33.656,0.5501
21,263,7.5172,0.0519,17.8213,33.891,0.5508
21,264,6.9782,0.0453,17.5058,34.229,0.5524
21,265,7.0896,0.0000,16.6102,33.994,0.5516
21,266,7.0732,0.1168,17.2684,34.142,0.5491
21,267,6.8304,0.0000,17.0298,34.115,0.5490
21,268,6.9688,0.2265,17.0076,34.072,0.5511
21,269,6.6483,0.1487,17.0541,34.083,0.5514
21,270,7.4889,0.0482,17.4642,33.821,0.5496
21,271,7.0669,0.1151,16.6019,34.140,0.5479
21,272,7.4778,0.2296,17.2114,33.769,0.5484
21,273,7.4205,0.1032,16.9275,34.038,0.5512
21,274,6.9878,0.2149,17.3799,33.850,0.5528
21,275,7.2000,0.0000,17.1592,33.899,0.5513
21,276,7.0597,0.0000,17.1196,33.906,0.5494
21,277,7.3404,0.2722,16.7922,34.032,0.5494
21,278,7.3940,0.0000,16.6486,34.145,0.5505
21,279,7.0951,0.2671,17.4740,34.067,0.5507
21,280,7.2959,0.2085,16.9778,34.018,0.5506
21,281,7.4646,0.0794,17.7006,33.997,0.5514
21,282,7.4121,0.2399,17.1871,34.298,0.5517
21,283,7.0133,0.1760,16.8680,34.046,0.5509
21,284,6.7536,0.0000,17.0603,34.225,0.5500
21,285,7.3264,0.1745,17.4060,33.987,0.5503
21,286,6.9320,0.1696,17.2973,33.962,0.5505
21,287,7.0909,0.1764,17.6116,34.455,0.5503
21,288,7.1753,0.2375,16.9256,33.964,0.5502
21,289,6.8932,0.3584,17.1056,33.901,0.5499
21,290,7.2528,0.2914,16.3417,33.951,0.5503
21,291,7.1769,0.3212,16.4972,34.029,0.5501
21,292,7.8009,0.0338,17.2183,33.994,0.5500
21,293,7.2029,0.0357,15.7078,33.988,0.5508
21,294,6.9435,0.0000,17.2322,33.814,0.5521
21,295,7.3777,0.1872,16.9959,34.306,0.5523
21,296,7.2649,0.0000,16.3625,33.799,0.5501
21,297,7.0493,0.0000,17.7565,34.203,0.5484
21,298,6.7746,0.0588,17.0574,34.007,0.5494
21,299,7.1019,0.2362,16.8727,33.966,0.5512
21,300,7.2338,0.0000,16.6360,34.145,0.5513
21,301,6.7299,0.0000,16.9335,33.952,0.5503
21,302,7.4295,0.3298,17.4944,34.032,0.5502
21,303,7.1815,0.0451,16.3518,34.108,0.5508
21,304,6.9427,0.0000,17.1734,34.124,0.5511
21,305,6.8980,0.0803,17.1848,34.086,0.5506
21,306,7.1806,0.0855,17.9216,34.034,0.5511
21,307,7.1948,0.0000,16.6275,34.227,0.5521
21,308,7.4940,0.0000,16.1615,34.011,0.5523
21,309,7.2614,0.3949,17.0799,33.682,0.5523
21,310,7.7051,0.2734,18.3322,34.046,0.5522
21,311,7.0570,0.0000,16.7435,33.735,0.5517
21,312,7.1758,0.1594,18.1472,34.004,0.5514
21,313,6.6971,0.3228,17.2057,33.975,0.5520
21,314,7.4790,0.3050,16.3286,33.680,0.5524
21,315,7.3347,0.0123,16.7750,33.838,0.5518
21,316,7.0818,0.2329,16.9269,34.111,0.5516
21,317,6.6008,0.1595,15.4971,33.931,0.5522
21,318,6.6696,0.1629,17.2795,33.826,0.5516
21,319,6.7149,0.0000,17.4536,34.012,0.5505
21,320,6.8968,0.1859,16.9879,34.041,0.5499
21,321,6.8744,0.5122,17.0742,33.848,0.5506
21,322,7.1582,0.4795,16.7248,34.003,0.5525
21,323,7.0243,0.4100,17.9111,34.179,0.5530
21,324,6.6157,0.1062,16.6058,33.974,0.5518
21,325,6.7076,0.1776,16.8668,34.072,0.5511
21,326,6.7863,0.0425,16.5074,34.032,0.5519
21,327,7.2951,0.0372,17.6033,33.938,0.5521
21,328,6.5967,0.1000,16.8589,34.365,0.5644
21,329,7.5081,0.0000,17.3040,34.344,0.6298
21,330,7.3875,0.1014,17.7985,34.144,0.6821
21,331,7.4923,0.0000,18.2956,34.057,0.6845
21,332,7.6134,0.2205,18.1235,34.319,0.6607
21,333,7.6099,0.4958,18.0164,33.930,0.6424
21,334,7.4921,0.3682,17.8980,34.082,0.6407
21,335,7.5247,0.0287,18.2799,34.082,0.6480
21,336,7.5615,0.1675,17.7478,34.062,0.6533
21,337,7.4077,0.0000,19.0356,33.754,0.6530
21,338,7.4804,0.4018,18.3686,34.027,0.6498
21,339,8.2360,0.0582,18.1547,33.893,0.6475
21,340,8.8049,0.0015,19.2666,34.080,0.6477
21,341,8.1884,0.2248,19.3491,34.012,0.6491
21,342,7.7885,0.4297,18.4808,33.730,0.6398
21,343,7.5670,0.3420,18.8726,33.474,0.5905
21,344,7.8094,0.1691,17.9700,34.175,0.5520
21,345,7.9627,0.1748,18.0826,33.821,0.5531
21,346,7.9763,0.1080,17.8601,33.865,0.5731
21,347,7.5854,0.1971,18.8182,34.061,0.5848
21,348,7.7801,0.1426,17.7368,34.010,0.5834
21,349,7.4645,0.1519,18.0635,33.670,0.5779
21,350,7.0192,0.0000,18.5864,33.929,0.5750
21,351,8.2124,0.0000,18.4346,33.826,0.5756
21,352,7.3220,0.2478,17.7771,34.336,0.5783
21,353,8.0929,0.2108,17.2360,33.991,0.5806
21,354,7.5197,0.0203,18.5059,34.144,0.5805
21,355,7.6950,0.0815,17.2448,33.992,0.5799
21,356,7.5776,0.2183,18.2036,34.142,0.5799
21,357,7.2321,0.0000,18.0058,34.022,0.5796
21,358,7.4565,0.0000,17.8255,33.824,0.5782
21,359,7.5127,0.4214,18.2361,34.153,0.5781
21,360,7.2799,0.2022,18.4325,33.971,0.5795
21,361,7.8215,0.1036,18.5524,34.134,0.5799
21,362,7.1579,0.4941,17.6085,34.053,0.5789
21,363,7.5022,0.2024,18.3270,34.020,0.5787
21,364,8.0997,0.1234,18.3109,34.038,0.5796
21,365,7.9435,0.2083,16.4265,34.131,0.5804
21,366,7.9589,0.1481,17.8406,34.132,0.5806
21,367,7.6809,0.2249,18.0284,33.916,0.5800
21,368,7.0100,0.3190,18.8989,33.974,0.5793
21,369,7.6088,0.2988,18.0380,33.999,0.5791
21,370,7.7958,0.3913,17.7174,34.035,0.5790
21,371,7.0287,0.0000,18.1251,34.163,0.5785
21,372,7.1389,0.3600,18.2390,33.999,0.5782
21,373,7.3401,0.1611,16.8501,33.764,0.5777
21,374,7.5917,0.0000,17.6992,33.913,0.5776
21,375,7.2947,0.4597,18.0401,34.127,0.5780
21,376,7.4845,0.3367,18.5246,33.915,0.5787
21,377,7.0489,0.1625,17.9773,33.720,0.5797
21,378,7.2487,0.1139,18.9103,34.065,0.5801
21,379,7.4298,0.2343,18.2294,34.253,0.5802
21,380,7.8118,0.1036,18.0469,33.859,0.5808
21,381,7.7104,0.2119,18.6740,34.013,0.5802
21,382,7.2726,0.0000,18.0373,34.034,0.5798
21,383,7.6176,0.4207,17.5501,34.176,0.5802
21,384,7.5541,0.2536,17.8510,33.797,0.5802
21,385,7.5513,0.0000,18.5076,34.008,0.5799
21,386,7.1051,0.2894,17.8479,33.803,0.5792
21,387,7.2712,0.1280,16.8557,33.746,0.5785
21,388,7.6991,0.1672,17.3764,33.985,0.5787
21,389,7.6701,0.0646,17.9567,33.965,0.5790
21,390,7.2307,0.2584,18.0997,33.987,0.5794
21,391,7.5977,0.4179,18.7358,34.151,0.5805
21,392,7.5113,0.2753,17.9432,33.991,0.5807
21,393,7.4900,0.0986,17.8659,33.725,0.5803
21,394,7.8152,0.0320,16.2911,33.730,0.5800
21,395,8.1059,0.0194,17.9399,33.838,0.5799
21,396,7.5685,0.2259,18.7939,33.858,0.5807
21,397,8.1394,0.0000,17.7413,33.984,0.5810
21,398,7.6829,0.4544,18.7468,34.110,0.5815
21,399,7.9463,0.0021,17.0578,33.909,0.5820
22,0,7.7765,0.4804,18.3114,33.894,0.6180
22,1,8.1155,0.1302,19.9280,33.826,0.6177
22,2,8.2476,0.1561,20.4329,33.987,0.6197
22,3,8.3318,0.1477,18.6314,34.058,0.6213
22,4,8.0450,0.1397,19.3944,34.049,0.6203
22,5,8.0945,0.0859,17.9169,33.691,0.6190
22,6,8.4815,0.2463,18.9391,34.076,0.6193
22,7,8.1916,0.1767,19.9125,33.838,0.6204
22,8,7.3012,0.1686,19.3584,33.824,0.6197
22,9,7.8145,0.2593,19.6372,33.822,0.6186
22,10,7.6213,0.0000,19.2871,33.923,0.6182
22,11,8.0290,0.2819,19.7162,34.339,0.6186
22,12,7.5464,0.5700,18.9314,33.965,0.6195
22,13,8.1268,0.2492,18.6178,33.811,0.6195
22,14,8.1670,0.0863,18.3841,33.920,0.6195
22,15,7.8663,0.2925,19.2834,34.025,0.6201
22,16,8.2066,0.0116,19.3522,33.900,0.6198
22,17,7.8843,0.1921,18.4070,34.021,0.6186
22,18,7.5229,0.1377,19.3635,34.025,0.6179
22,19,7.7428,0.2799,19.8069,33.968,0.6184
22,20,7.9294,0.0000,18.9940,34.076,0.6194
22,21,7.9444,0.0811,18.9790,33.990,0.6202
22,22,7.7529,0.2137,18.9720,33.930,0.6190
22,23,8.2573,0.1312,19.5168,34.318,0.6185
22,24,8.0206,0.1122,18.8957,33.864,0.6202
22,25,7.9529,0.1476,18.8057,34.099,0.6214
22,26,8.5102,0.0932,19.2835,34.042,0.6211
22,27,8.0008,0.2315,19.0430,33.913,0.6198
22,28,8.0414,0.0881,18.3202,33.919,0.6193
22,29,7.9836,0.0690,18.7710,33.719,0.6195
22,30,7.9919,0.3044,20.2575,33.912,0.6187
22,31,7.8739,0.0438,18.9650,34.026,0.6180
22,32,8.0400,0.1695,18.8169,34.004,0.6190
22,33,7.6051,0.1833,19.5828,34.197,0.6192
22,34,7.5534,0.0705,18.1778,34.441,0.6181
22,35,7.5327,0.2195,18.6336,33.784,0.6174
22,36,7.4945,0.1216,18.2007,33.927,0.6170
22,37,7.4714,0.1185,18.8434,33.851,0.6171
22,38,7.9651,0.0219,18.2315,33.825,0.6179
22,39,8.1564,0.4005,19.8028,33.865,0.6188
22,40,7.6926,0.0000,19.6911,33.829,0.6194
22,41,8.1676,0.0000,18.1001,33.731,0.6197
22,42,7.7871,0.4771,17.9820,33.730,0.6198
22,43,8.0645,0.0000,17.8913,34.109,0.6198
22,44,8.1870,0.1692,19.4619,34.017,0.6196
22,45,8.0500,0.2264,17.9353,34.066,0.6193
22,46,7.6287,0.1272,17.8932,34.094,0.6193
22,47,7.8708,0.0000,18.0922,34.018,0.6189
22,48,7.5939,0.0000,20.0358,33.995,0.6186
22,49,8.0720,0.1960,19.0268,33.892,0.6195
22,50,7.6632,0.3282,18.1261,34.052,0.6188
22,51,8.0559,0.0000,18.4631,33.904,0.6179
22,52,8.3222,0.2979,18.6867,33.755,0.6183
22,53,7.7745,0.2809,18.7564,34.068,0.6195
22,54,7.9263,0.3219,18.6652,33.889,0.6199
22,55,8.0082,0.1074,18.9790,33.661,0.6194
22,56,7.9921,0.1536,18.3131,33.991,0.6195
22,57,8.0991,0.1513,19.4185,34.231,0.6193
22,58,8.2803,0.2564,19.1778,33.808,0.6192
22,59,7.6123,0.2803,19.4882,34.133,0.6194
22,60,7.6081,0.1650,18.9858,33.876,0.6192
22,61,8.0426,0.0000,19.7924,34.074,0.6150
22,62,8.1509,0.0941,18.7340,33.824,0.5991
22,63,8.3772,0.2743,19.1572,34.051,0.5879
22,64,7.9892,0.2803,18.8182,33.967,0.5888
22,65,7.4310,0.2075,18.8949,34.019,0.5947
22,66,7.7469,0.6404,18.8832,33.847,0.5978
22,67,7.8034,0.2255,19.4781,34.095,0.5969
22,68,7.6726,0.3526,19.6868,34.010,0.5953
22,69,7.9206,0.0000,17.4865,34.026,0.5945
22,70,7.8929,0.1857,18.4187,33.882,0.5949
22,71,7.4046,0.1628,19.2098,33.736,0.5955
22,72,7.6656,0.0000,20.0116,33.916,0.5963
22,73,7.6096,0.1822,18.5834,34.029,0.5966
22,74,7.6635,0.0733,18.6997,33.862,0.5952
22,75,7.2048,0.1582,18.1789,33.813,0.5939
22,76,7.4024,0.1320,18.5237,33.603,0.5938
22,77,7.4973,0.0000,18.4494,34.009,0.5953
22,78,7.6416,0.0427,18.6609,34.144,0.5974
22,79,7.8355,0.0000,18.8668,33.961,0.5974
22,80,7.6924,0.2543,17.4983,33.866,0.5968
22,81,7.9541,0.1559,16.9698,34.063,0.5971
22,82,7.9267,0.1999,17.8116,34.080,0.5976
22,83,7.7108,0.2396,18.2827,33.974,0.5977
22,84,7.8481,0.1139,19.5511,33.955,0.5972
22,85,8.1687,0.2137,17.9052,34.289,0.5970
22,86,7.5777,0.0000,19.2389,34.029,0.5978
22,87,7.8097,0.0956,17.6451,33.902,0.5984
22,88,8.2538,0.0000,19.4724,34.048,0.5987
22,89,7.6821,0.0000,17.9243,34.300,0.5984
22,90,7.3126,0.1674,18.8069,33.865,0.5973
22,91,8.6335,0.2875,18.7514,33.850,0.5962
22,92,7.5608,0.0000,18.1956,33.824,0.5959
22,93,7.7521,0.0851,18.1729,33.913,0.5965
22,94,8.3570,0.0426,18.4988,34.015,0.5972
22,95,7.9085,0.2822,18.1460,34.117,0.5976
22,96,8.2337,0.2869,18.0050,33.760,0.5967
22,97,7.6320,0.1451,18.5167,34.077,0.5963
22,98,8.0106,0.2416,18.2632,34.085,0.5967
22,99,8.2059,0.1243,18.5643,34.023,0.5975
22,100,7.6063,0.1089,18.5257,34.067,0.5980
22,101,8.2600,0.0336,18.1345,34.249,0.5969
22,102,7.7641,0.3065,17.6754,33.929,0.5960
22,103,7.6331,0.0498,18.2318,34.059,0.5962
22,104,7.6143,0.1962,18.0697,34.031,0.5962
22,105,7.4210,0.2363,18.3534,33.967,0.5965
22,106,7.6148,0.3948,19.5544,34.048,0.5967
22,107,8.0935,0.2493,18.3276,34.039,0.5955
22,108,7.8337,0.3197,18.6539,33.911,0.5945
22,109,7.8507,0.1152,18.5857,34.016,0.5945
22,110,7.1175,0.1760,18.6006,33.991,0.5956
22,111,7.6286,0.4498,18.0243,34.224,0.5970
22,112,7.4582,0.0000,18.7711,33.950,0.5970
22,113,7.7467,0.2259,18.3278,34.029,0.5959
22,114,8.0052,0.0000,18.8463,33.953,0.5955
22,115,8.0501,0.1765,18.5249,33.709,0.5952
22,116,7.5496,0.0000,18.3873,33.695,0.5953
22,117,7.6809,0.0000,19.0649,33.856,0.5960
22,118,7.5435,0.4321,18.7967,34.147,0.5964
22,119,7.5667,0.2904,17.7032,34.210,0.5969
22,120,7.7210,0.3559,17.8517,34.215,0.5976
22,121,7.8473,0.0482,17.6936,34.295,0.5982
22,122,7.8154,0.1430,19.6451,34.014,0.5978
22,123,8.1283,0.0198,17.9231,34.246,0.5970
22,124,7.5825,0.0000,17.8186,34.172,0.6066
22,125,8.0963,0.1269,18.1811,34.203,0.6561
22,126,8.2279,0.0000,17.9732,34.119,0.6950
22,127,7.9579,0.3797,18.8235,34.073,0.6962
22,128,8.5745,0.0951,19.2698,33.996,0.6774
22,129,8.4528,0.0166,17.2700,34.021,0.6627
22,130,8.3006,0.1811,19.6496,34.134,0.6623
22,131,8.7474,0.1344,20.0709,34.156,0.6686
22,132,8.6090,0.0000,19.4659,34.323,0.6719
22,133,8.5712,0.4107,19.3153,34.192,0.6715
22,134,8.5446,0.0000,19.9013,34.169,0.6689
22,135,7.8166,0.3142,19.1301,34.232,0.6667
22,136,9.3874,0.0533,19.3288,33.982,0.6666
22,137,8.6208,0.1880,18.6307,34.123,0.6677
22,138,8.0870,0.2889,19.8710,33.766,0.6684
22,139,8.6151,0.3842,19.4133,33.887,0.6653
22,140,8.4733,0.1488,19.7878,34.306,0.6528
22,141,8.6450,0.1842,19.8208,33.660,0.6442
22,142,8.4637,0.1128,20.0607,34.005,0.6443
22,143,8.0983,0.4585,19.7120,33.775,0.6480
22,144,8.0480,0.1664,18.2491,33.987,0.6507
22,145,7.8042,0.0139,18.8841,33.852,0.6510
22,146,8.4051,0.2996,19.6474,34.159,0.6489
22,147,8.3619,0.1499,20.4031,34.268,0.6478
22,148,7.9275,0.0540,19.5529,33.913,0.6483
22,149,7.9908,0.0000,19.1254,34.197,0.6490
22,150,8.0661,0.3063,19.3024,33.944,0.6499
22,151,8.0667,0.2387,19.7945,34.207,0.6500
22,152,8.2998,0.0438,19.8473,34.095,0.6491
22,153,8.5479,0.0000,20.1920,34.006,0.6487
22,154,7.7376,0.2954,19.7637,33.934,0.6488
22,155,8.0361,0.1780,21.0609,34.165,0.6490
22,156,7.7919,0.1265,20.3390,34.251,0.6491
22,157,8.2572,0.0791,19.4894,33.861,0.6493
22,158,8.2540,0.0000,19.5450,34.005,0.6496
22,159,8.0147,0.0000,19.4105,33.926,0.6496
22,160,8.8608,0.0923,19.1853,34.126,0.6493
22,161,8.0347,0.1947,19.4056,34.175,0.6497
22,162,8.3365,0.2505,19.8263,34.073,0.6495
22,163,7.9463,0.0903,21.2529,33.883,0.6486
22,164,7.7139,0.1346,20.2409,34.125,0.6481
22,165,7.7092,0.2749,19.4473,34.185,0.6491
22,166,8.6668,0.4025,19.4471,33.953,0.6510
22,167,8.3022,0.1291,19.6788,34.255,0.6508
22,168,8.5682,0.0356,19.3639,34.083,0.6503
22,169,7.8229,0.1574,19.5378,33.965,0.6512
22,170,8.9234,0.0000,19.4443,34.085,0.6516
22,171,8.7974,0.1367,19.8354,34.185,0.6511
22,172,8.3920,0.1357,19.1323,33.986,0.6509
22,173,8.8457,0.2925,20.1754,33.761,0.6514
22,174,8.9055,0.4591,20.2141,34.107,0.6523
22,175,9.0644,0.2995,19.6836,33.634,0.6518
22,176,8.4826,0.0000,19.1600,34.087,0.6499
22,177,8.4247,0.3469,19.4110,34.084,0.6493
22,178,8.4030,0.0000,19.1217,34.113,0.6496
22,179,8.6136,0.2850,21.0823,34.115,0.6500
22,180,8.3352,0.2367,20.4584,33.784,0.6507
22,181,7.9551,0.2035,19.8110,33.855,0.6513
22,182,8.7044,0.1386,20.1087,33.880,0.6509
22,183,8.4926,0.3405,19.1038,34.067,0.6497
22,184,7.5994,0.1323,19.0517,33.783,0.6476
22,185,8.1113,0.1230,19.1107,34.133,0.6462
22,186,7.6776,0.0703,20.1114,33.826,0.6477
22,187,7.4288,0.2119,19.1640,33.889,0.6496
22,188,7.5584,0.0250,19.6198,33.871,0.6497
22,189,8.1731,0.0000,19.6305,34.158,0.6485
22,190,8.4548,0.1804,19.2230,33.888,0.6476
22,191,8.2105,0.4959,19.7414,33.849,0.6488
22,192,7.9394,0.1713,20.2850,33.927,0.6508
22,193,8.4500,0.2891,19.6641,34.193,0.6512
22,194,9.0249,0.2384,19.9122,33.642,0.6499
22,195,8.0914,0.3456,18.8063,34.010,0.6496
22,196,8.0280,0.0117,20.4330,34.232,0.6508
22,197,8.1585,0.1055,19.6565,33.989,0.6506
22,198,8.4067,0.0000,19.3362,34.077,0.6494
22,199,8.8525,0.0000,19.6190,34.061,0.6493
22,200,8.0439,0.2439,18.5532,34.089,0.6429
22,201,8.3311,0.0000,19.6110,33.936,0.6079
22,202,8.6219,0.1722,20.2960,33.882,0.5800
22,203,8.4294,0.3702,19.9395,34.047,0.5792
22,204,8.1832,0.0652,19.1604,34.063,0.5923
22,205,7.7416,0.0000,18.4689,33.986,0.6019
22,206,7.9273,0.3336,17.9845,34.140,0.6020
22,207,7.9691,0.1281,18.4941,34.072,0.5981
22,208,7.5332,0.2294,18.4895,33.925,0.5966
22,209,7.7454,0.1472,18.2349,34.102,0.5967
22,210,7.6535,0.2464,18.7083,33.763,0.5970
22,211,7.3355,0.3289,18.5304,34.018,0.5975
22,212,7.9810,0.4029,19.7158,34.025,0.5984
22,213,8.2797,0.0000,17.7423,34.141,0.5993
22,214,8.3453,0.1372,18.8310,34.284,0.5996
22,215,8.4056,0.0438,18.6783,34.079,0.5985
22,216,7.3986,0.1465,18.6984,33.865,0.5977
22,217,7.6499,0.0000,18.0364,34.046,0.5980
22,218,7.5944,0.0696,17.7219,33.984,0.5978
22,219,7.8745,0.0224,18.6573,34.107,0.5978
22,220,7.7018,0.0220,18.3532,34.001,0.5989
22,221,7.6388,0.1840,19.1295,34.046,0.5996
22,222,8.3621,0.0000,17.6285,33.871,0.5990
22,223,7.4244,0.3164,18.6781,33.861,0.5984
22,224,7.2562,0.3877,18.4122,33.765,0.5980
22,225,8.0731,0.3104,17.2343,34.164,0.5972
22,226,7.8016,0.0000,18.1631,33.882,0.5967
22,227,7.8566,0.0441,18.3750,34.138,0.5969
22,228,7.4220,0.3543,18.4131,33.709,0.5977
22,229,7.0889,0.0000,17.9108,33.906,0.5982
22,230,7.4918,0.0425,18.3083,33.978,0.5978
22,231,6.8764,0.2385,18.6842,34.080,0.5965
22,232,7.2325,0.2383,17.4561,33.790,0.5956
22,233,7.3329,0.0000,18.4873,33.887,0.5963
22,234,7.7312,0.0510,18.4803,33.902,0.5984
22,235,7.5839,0.0921,18.8501,34.097,0.5999
22,236,7.6699,0.0821,18.7735,33.799,0.6001
22,237,7.5369,0.0000,18.4360,34.100,0.5997
22,238,7.5134,0.4069,18.1206,34.073,0.5994
22,239,7.9988,0.1905,18.4877,33.868,0.5989
22,240,7.5410,0.2140,18.5799,34.023,0.5983
22,241,7.7091,0.0223,18.3289,34.236,0.5978
22,242,8.0634,0.1234,18.0577,33.939,0.5979
22,243,8.1713,0.2833,18.8211,33.806,0.5982
22,244,8.3541,0.1876,17.2552,34.005,0.5984
22,245,7.6397,0.0000,18.1691,34.145,0.5993
22,246,8.2721,0.0804,18.7188,33.977,0.5998
22,247,7.9451,0.0074,17.0334,34.165,0.5997
22,248,8.0730,0.0636,18.0579,34.188,0.5991
22,249,7.5324,0.0000,17.8216,34.139,0.5982
22,250,7.5096,0.1754,18.3512,34.055,0.5976
22,251,6.9257,0.2822,18.5877,33.856,0.5979
22,252,7.9661,0.1445,18.5773,34.058,0.5985
22,253,7.1913,0.0000,18.7550,34.001,0.5982
22,254,8.0569,0.0000,17.9346,34.139,0.5970
22,255,7.7396,0.0228,17.4057,34.185,0.5971
22,256,7.5531,0.3461,18.0353,33.840,0.5981
22,257,7.7353,0.0229,18.3875,33.821,0.5987
22,258,7.7098,0.3354,17.9319,33.950,0.5981
22,259,7.6997,0.1666,18.8049,34.049,0.5969
22,260,7.5277,0.0174,18.2300,34.059,0.5969
22,261,7.6567,0.1482,18.1104,34.026,0.5973
22,262,7.7709,0.2673,19.2938,34.002,0.5974
22,263,7.1247,0.1467,18.3388,33.700,0.5972
22,264,7.7182,0.0323,17.8433,34.030,0.5966
22,265,7.5454,0.0000,17.6099,33.942,0.5965
22,266,6.8753,0.1706,17.9529,33.938,0.5967
22,267,7.8599,0.0000,18.9295,34.041,0.5970
22,268,7.4074,0.2084,18.3187,34.210,0.5974
22,269,7.5819,0.0000,18.1151,34.031,0.5975
22,270,7.5562,0.0594,19.1521,34.212,0.5974
22,271,7.7539,0.2712,18.3997,33.775,0.5971
22,272,7.0502,0.1430,18.1240,34.009,0.5968
22,273,6.9991,0.1681,18.4567,34.307,0.5973
22,274,7.3122,0.1297,18.2309,34.113,0.5971
22,275,7.2065,0.0000,18.3045,33.599,0.5965
22,276,7.1432,0.2454,18.8398,33.949,0.5961
22,277,7.6463,0.0000,18.9672,33.986,0.5955
22,278,7.0333,0.2365,17.7176,34.078,0.5964
22,279,7.2025,0.0935,18.4044,34.117,0.5977
22,280,7.5094,0.0917,18.1439,33.858,0.5981
22,281,7.5001,0.2223,18.1024,34.026,0.5982
22,282,8.2154,0.3311,18.6381,34.092,0.5977
22,283,7.6354,0.2726,18.2812,34.032,0.5968
22,284,7.0069,0.0466,17.8784,33.835,0.5965
22,285,7.5886,0.1422,18.5103,34.131,0.5962
22,286,7.4050,0.0844,18.2899,33.740,0.5962
22,287,7.3958,0.0000,18.2044,33.983,0.5977
22,288,7.0629,0.3263,18.5559,34.155,0.5986
22,289,7.3135,0.2425,18.7010,33.868,0.5975
22,290,7.3500,0.1157,18.2289,34.081,0.5967
22,291,7.9995,0.3067,18.1168,34.029,0.5977
22,292,7.3992,0.1062,17.9161,33.875,0.5997
22,293,7.7504,0.4919,17.7845,34.018,0.5997
22,294,7.5868,0.3282,17.8377,34.206,0.5977
22,295,7.6014,0.1329,18.7149,34.035,0.5968
22,296,7.6259,0.2217,18.8170,34.035,0.5976
22,297,7.7328,0.3275,18.5093,33.945,0.5975
22,298,6.9073,0.5121,17.7025,34.192,0.5972
22,299,7.8853,0.0000,18.5579,33.976,0.5970
22,300,8.1127,0.3062,19.3820,34.019,0.5974
22,301,7.5477,0.0945,18.2696,34.017,0.5981
22,302,7.5853,0.1471,19.2735,34.164,0.5974
22,303,7.4013,0.2061,18.4905,33.946,0.5960
22,304,7.7043,0.0454,18.1791,34.167,0.5956
22,305,7.0990,0.1994,19.3556,33.986,0.5974
22,306,7.4075,0.2961,17.7802,34.076,0.5990
22,307,7.3983,0.0000,18.2590,34.073,0.5985
22,308,7.0489,0.3839,19.5984,33.798,0.5966
22,309,8.1243,0.2487,18.9394,33.827,0.5958
22,310,7.4125,0.2009,16.9606,34.164,0.5974
22,311,7.3741,0.0733,18.3103,34.134,0.5987
22,312,7.9563,0.0225,18.2547,34.273,0.5982
22,313,7.7714,0.1559,18.8664,34.217,0.5979
22,314,7.5753,0.2931,18.9281,34.022,0.5987
22,315,8.1065,0.2804,18.4882,34.041,0.5997
22,316,7.5131,0.0591,18.5007,33.873,0.5986
22,317,7.6178,0.1064,18.8894,33.919,0.5968
22,318,7.5909,0.1522,18.7158,33.979,0.5970
22,319,7.5316,0.1206,17.5669,34.087,0.5974
22,320,7.1816,0.1601,18.1019,34.006,0.5975
22,321,6.9789,0.2920,17.5777,34.103,0.5971
22,322,7.9822,0.1019,18.5658,34.201,0.5965
22,323,6.7183,0.0000,18.2868,33.670,0.5967
22,324,7.3388,0.2109,19.3977,33.992,0.5957
22,325,7.5699,0.1204,18.5433,34.259,0.5959
22,326,7.7540,0.0000,18.4202,33.798,0.5975
22,327,7.9006,0.2894,17.8548,34.360,0.5984
22,328,7.5794,0.3402,18.6662,33.745,0.5985
22,329,6.9675,0.2156,18.8573,34.196,0.5977
22,330,7.6140,0.2036,17.9480,33.752,0.5965
22,331,7.4655,0.1259,19.3281,33.910,0.5966
22,332,7.2320,0.2761,18.7723,33.973,0.5977
22,333,7.5810,0.3171,18.4435,34.139,0.5987
22,334,7.4496,0.1166,18.6122,33.972,0.5991
22,335,7.2886,0.1914,19.3944,34.080,0.5980
22,336,7.4934,0.0000,18.2271,33.847,0.5971
22,337,7.3171,0.2328,18.3440,33.843,0.5975
22,338,7.6212,0.0460,17.5806,34.124,0.5972
22,339,7.2935,0.0233,18.2868,33.933,0.5962
22,340,7.6015,0.0000,17.4765,34.061,0.5959
22,341,7.4005,0.0000,17.6070,34.143,0.5974
22,342,7.3976,0.4034,18.3093,33.793,0.5986
22,343,7.6490,0.1749,19.0667,33.620,0.5982
22,344,7.5651,0.1938,18.1178,33.879,0.5981
22,345,7.7758,0.3250,17.8523,34.090,0.5985
22,346,8.2748,0.2320,18.9202,33.866,0.5983
22,347,7.6477,0.2953,19.5784,33.986,0.5979
22,348,7.3414,0.0000,18.2530,34.071,0.5976
22,349,7.4592,0.0000,17.2450,34.264,0.5979
22,350,7.0288,0.1445,18.8545,33.884,0.5976
22,351,7.0473,0.1493,17.8430,33.964,0.5962
22,352,7.8236,0.1731,18.2853,33.988,0.5960
22,353,6.9096,0.2856,18.0180,34.010,0.5975
22,354,8.1212,0.3227,17.6350,34.006,0.5988
22,355,7.3652,0.0000,18.3779,34.192,0.5988
22,356,7.6747,0.1205,18.0643,34.095,0.5975
22,357,8.0515,0.2124,18.4348,34.062,0.5971
22,358,7.7422,0.1293,18.2643,33.931,0.5986
22,359,7.4386,0.1502,18.7661,34.124,0.5991
22,360,7.6809,0.2671,17.9037,34.291,0.5986
22,361,7.8156,0.0000,17.4593,34.222,0.5980
22,362,7.3364,0.1351,18.5979,33.745,0.5979
22,363,7.3567,0.1473,18.0689,33.919,0.5985
22,364,8.0783,0.2716,18.6139,34.127,0.5979
22,365,7.4524,0.0000,17.8551,34.015,0.5970
22,366,7.7155,0.2048,17.5622,33.942,0.5980
22,367,8.6277,0.1080,17.8647,33.918,0.5991
22,368,7.4912,0.2688,18.2167,33.932,0.5984
22,369,7.9644,0.1550,17.7323,34.142,0.5973
22,370,7.5527,0.0000,17.7621,33.989,0.5972
22,371,7.2751,0.2288,18.8845,34.145,0.5974
22,372,7.5683,0.1229,18.6509,34.085,0.5970
22,373,7.3707,0.0000,17.7850,34.089,0.5965
22,374,7.3633,0.1592,18.5707,34.016,0.5971
22,375,7.5708,0.0894,17.9988,33.915,0.5977
22,376,7.5350,0.4042,17.6739,34.399,0.5973
22,377,7.2894,0.0000,18.1692,33.875,0.5975
22,378,7.6917,0.2308,18.0610,34.257,0.5985
22,379,7.4486,0.2029,18.4811,33.940,0.5984
22,380,7.2734,0.2881,17.7279,34.089,0.5977
22,381,7.6619,0.2697,17.4378,33.835,0.5869
22,382,8.3199,0.1111,18.4774,33.565,0.5345
22,383,8.0007,0.1017,18.5579,33.948,0.4951
22,384,7.3136,0.0000,17.0234,33.859,0.4958
22,385,7.2310,0.0000,17.4779,34.127,0.5149
22,386,7.1504,0.0121,17.2943,33.929,0.5272
22,387,7.1207,0.0662,17.5153,33.827,0.5271
22,388,7.3824,0.2869,18.0465,34.030,0.5221
22,389,7.3047,0.1989,17.8980,33.923,0.5194
22,390,6.9006,0.1278,18.0246,33.988,0.5206
22,391,7.1324,0.2023,16.6092,34.067,0.5233
22,392,7.2503,0.0000,17.2477,34.129,0.5233
22,393,6.6787,0.0217,17.1669,33.821,0.5216
22,394,6.9011,0.0000,16.3303,33.811,0.5217
22,395,6.7284,0.1665,16.0104,33.702,0.5224
22,396,6.5845,0.1731,16.6117,34.143,0.5229
22,397,7.3848,0.0075,16.9653,33.930,0.5235
22,398,6.9429,0.0487,16.2801,33.871,0.5247
22,399,6.9549,0.0000,16.5564,33.924,0.5241
23,0,8.5755,0.0000,21.5204,33.941,0.7064
23,1,8.6415,0.0000,21.5773,33.966,0.7051
23,2,8.3107,0.0000,21.7397,34.053,0.7044
23,3,8.8944,0.2875,20.6813,34.188,0.7049
23,4,8.1827,0.0000,21.1163,34.082,0.7057
23,5,8.2514,0.0311,21.3863,34.007,0.7058
23,6,8.5211,0.2931,20.6612,33.943,0.7044
23,7,9.2803,0.0000,20.0060,34.119,0.7045
23,8,8.5129,0.0602,21.7614,33.803,0.7056
23,9,8.3387,0.0561,21.8964,34.148,0.7064
23,10,8.8296,0.0434,22.1630,33.836,0.7071
23,11,8.6670,0.2259,21.6610,34.030,0.7063
23,12,8.3847,0.0877,21.4584,34.017,0.7048
23,13,8.7657,0.4136,20.0513,34.061,0.7053
23,14,8.5419,0.1384,21.6561,34.024,0.7061
23,15,8.9511,0.1133,21.9192,33.975,0.7045
23,16,8.5201,0.3326,22.0787,34.143,0.7035
23,17,8.8196,0.3381,20.3696,34.288,0.7053
23,18,8.8315,0.1319,21.0314,34.003,0.7069
23,19,9.3780,0.0875,20.5974,33.949,0.7063
23,20,8.6724,0.3886,20.8407,33.950,0.7049
23,21,9.0303,0.0978,22.1512,34.053,0.7052
23,22,8.7684,0.2511,21.1274,33.924,0.7070
23,23,8.8325,0.1792,20.4545,33.987,0.7083
23,24,8.9178,0.1203,21.0626,33.987,0.7078
23,25,9.4385,0.0047,21.0718,34.139,0.7054
23,26,8.6874,0.4162,20.9453,34.026,0.7046
23,27,9.1837,0.1806,20.7674,34.088,0.7064
23,28,8.8792,0.0000,20.4291,34.015,0.7076
23,29,9.0402,0.0000,21.1471,34.257,0.7070
23,30,8.8752,0.1808,20.8852,33.692,0.7060
23,31,8.4999,0.1150,20.2160,34.000,0.7051
23,32,8.2293,0.0319,21.1515,33.912,0.7041
23,33,8.8583,0.1949,21.8940,33.901,0.7044
23,34,8.4890,0.1149,21.9694,34.005,0.7061
23,35,8.2613,0.3273,21.7789,33.756,0.7073
23,36,8.6379,0.2047,20.7702,34.245,0.7065
23,37,9.1483,0.1521,20.3670,33.930,0.7046
23,38,9.2611,0.0000,21.2424,34.195,0.7043
23,39,8.5973,0.1725,21.3184,34.065,0.7061
23,40,8.8659,0.0286,20.7545,33.970,0.7071
23,41,8.5746,0.2250,20.9556,33.963,0.7072
23,42,8.5351,0.3291,20.5707,33.930,0.7069
23,43,9.3382,0.1469,21.4396,34.055,0.7061
23,44,8.7944,0.0663,20.6825,34.004,0.7049
23,45,8.9274,0.0000,22.2646,33.839,0.7045
23,46,9.1506,0.3489,20.4025,34.096,0.7044
23,47,7.8282,0.2159,21.0742,33.862,0.7043
23,48,7.8475,0.0988,20.7123,33.813,0.7052
23,49,8.2222,0.2938,19.9381,33.312,0.6838
23,50,8.2667,0.2801,20.0314,33.251,0.5783
23,51,8.0809,0.3528,20.6115,33.682,0.4981
23,52,7.7047,0.2897,19.4799,34.067,0.4996
23,53,7.4340,0.0000,19.3911,34.086,0.5397
23,54,7.3697,0.0000,20.1353,33.866,0.5665
23,55,7.4702,0.2499,19.8067,33.983,0.5662
23,56,7.8099,0.1643,18.8675,33.984,0.5545
23,57,7.3845,0.0696,19.1768,34.010,0.5482
23,58,7.2491,0.0000,18.2874,34.230,0.5505
23,59,7.0039,0.0017,18.7304,33.986,0.5544
23,60,7.0638,0.0708,18.2509,34.069,0.5553
23,61,7.1563,0.0000,18.4274,33.872,0.5556
23,62,7.2765,0.2949,18.6136,33.987,0.5564
23,63,6.9907,0.3027,17.4236,34.214,0.5561
23,64,7.2309,0.0000,19.2285,34.178,0.5556
23,65,7.4300,0.0000,17.9726,33.898,0.5553
23,66,7.3032,0.0000,18.0547,34.100,0.5558
23,67,7.3175,0.0000,17.5807,33.883,0.5569
23,68,8.0130,0.0413,18.4531,33.999,0.5582
23,69,7.3175,0.0000,17.5130,34.024,0.5587
23,70,7.1240,0.0801,18.4630,33.884,0.5572
23,71,8.2082,0.1967,17.8276,34.011,0.5561
23,72,6.9514,0.1390,17.2080,34.132,0.5572
23,73,7.2401,0.0856,17.1802,34.105,0.5588
23,74,6.9519,0.1097,18.0510,33.949,0.5585
23,75,7.6317,0.3857,17.3641,33.839,0.5575
23,76,7.4501,0.0987,17.0584,34.033,0.5572
23,77,7.0693,0.2282,17.6562,33.760,0.5565
23,78,7.6666,0.1300,17.8563,34.243,0.5571
23,79,7.3862,0.0000,17.6975,33.908,0.5574
23,80,6.9135,0.1233,16.6367,34.000,0.5567
23,81,7.9814,0.4564,18.1378,34.131,0.5566
23,82,7.6382,0.0000,17.2164,33.747,0.5578
23,83,7.6323,0.1444,17.0563,34.043,0.5593
23,84,7.3283,0.1394,18.2043,33.971,0.5589
23,85,7.4677,0.0000,17.0633,34.077,0.5575
23,86,7.1792,0.0960,17.7551,33.973,0.5569
23,87,6.8156,0.1368,17.6976,34.067,0.5572
23,88,7.4893,0.0754,17.2551,34.130,0.5566
23,89,7.2607,0.2678,18.0380,34.249,0.5560
23,90,7.5222,0.0000,17.6093,34.119,0.5566
23,91,7.2424,0.1512,18.2281,33.667,0.5583
23,92,7.3457,0.1283,17.8003,33.958,0.5589
23,93,7.4227,0.1857,17.6929,33.960,0.5577
23,94,7.7274,0.3573,16.6716,33.956,0.5573
23,95,7.5502,0.1606,17.3674,33.890,0.5583
23,96,8.1766,0.2046,17.1987,34.125,0.5589
23,97,7.1298,0.1204,16.8582,33.998,0.5584
23,98,7.0758,0.0000,17.4285,34.121,0.5579
23,99,7.4739,0.3357,16.9647,33.979,0.5574
23,100,7.0578,0.2174,18.2434,34.048,0.5572
23,101,7.4496,0.1122,16.6899,34.327,0.5573
23,102,6.7771,0.2027,16.8609,33.947,0.5566
23,103,6.7601,0.2844,16.3805,34.083,0.5557
23,104,7.2182,0.2084,18.5288,33.861,0.5560
23,105,6.8805,0.0891,17.5427,33.875,0.5563
23,106,7.0625,0.2076,17.5760,34.088,0.5558
23,107,7.6454,0.0527,16.7868,33.944,0.5554
23,108,6.9532,0.0000,17.6983,34.171,0.5558
23,109,6.5764,0.2070,16.4154,33.787,0.5567
23,110,7.0544,0.0000,17.0376,34.104,0.5572
23,111,7.3369,0.0451,17.0676,34.149,0.5568
23,112,7.3891,0.1427,16.3733,33.928,0.5560
23,113,7.5088,0.1852,17.2837,33.882,0.5563
23,114,7.2899,0.1635,16.7288,33.997,0.5572
23,115,7.5047,0.0000,17.8097,33.850,0.5574
23,116,7.0318,0.4072,16.2665,34.037,0.5574
23,117,7.0586,0.1029,17.4282,33.647,0.5571
23,118,7.2378,0.3968,17.4221,33.938,0.5563
23,119,7.0798,0.2336,16.7929,33.949,0.5560
23,120,6.9311,0.4206,17.4058,33.793,0.5566
23,121,7.1962,0.2768,17.3890,34.039,0.5566
23,122,7.4618,0.0000,17.8647,33.674,0.5568
23,123,7.0859,0.0000,18.3387,33.894,0.5573
23,124,7.7972,0.0579,17.2446,34.102,0.5572
23,125,6.8780,0.2433,17.1809,34.223,0.5580
23,126,7.3117,0.0000,16.3845,33.830,0.5582
23,127,6.9427,0.1274,17.1673,34.025,0.5573
23,128,6.7129,0.0586,17.0878,34.103,0.5567
23,129,7.2337,0.1983,18.4663,33.904,0.5564
23,130,7.8828,0.0000,17.9285,33.916,0.5577
23,131,7.2286,0.1668,16.8990,33.843,0.5587
23,132,7.1227,0.0000,17.1845,34.192,0.5571
23,133,7.1579,0.0000,17.5685,33.964,0.5555
23,134,7.0224,0.3563,18.0396,34.085,0.5553
23,135,6.8903,0.3108,16.9233,33.950,0.5560
23,136,7.0199,0.2631,17.2415,33.963,0.5571
23,137,7.0374,0.0000,17.5934,34.010,0.5578
23,138,7.4439,0.1858,16.7779,33.959,0.5578
23,139,7.5180,0.2868,17.8659,34.054,0.5576
23,140,7.4871,0.2091,17.4602,34.034,0.5575
23,141,7.3987,0.0785,18.0043,34.093,0.5576
23,142,7.1759,0.0000,17.2773,34.296,0.5628
23,143,7.2792,0.4007,17.5773,34.019,0.5903
23,144,7.4105,0.1993,17.3395,34.261,0.6121
23,145,6.9864,0.0978,17.3575,34.251,0.6128
23,146,7.6338,0.1626,18.4809,33.945,0.6023
23,147,7.3003,0.2313,17.3367,33.717,0.5940
23,148,7.2428,0.2310,18.8634,34.004,0.5942
23,149,7.9330,0.0000,17.1542,34.317,0.5990
23,150,7.7919,0.0462,17.9720,34.018,0.6016
23,151,7.1502,0.0400,18.3583,33.725,0.6003
23,152,7.2955,0.2707,18.9911,34.135,0.5977
23,153,7.5357,0.2457,18.1813,34.058,0.5968
23,154,7.8104,0.3751,17.3952,33.849,0.5977
23,155,7.7625,0.0759,18.7127,34.033,0.5990
23,156,7.6903,0.2358,17.7101,33.865,0.5989
23,157,7.6004,0.0000,17.7629,33.680,0.5978
23,158,7.6122,0.2507,18.1941,34.074,0.5975
23,159,7.7142,0.2754,17.7734,34.051,0.5977
23,160,8.2797,0.1628,17.6696,33.825,0.5975
23,161,7.3556,0.1865,17.6243,33.963,0.5979
23,162,7.8066,0.0190,18.2653,34.091,0.5989
23,163,7.7540,0.4338,17.5285,33.748,0.5985
23,164,7.6842,0.0098,18.5043,34.045,0.5982
23,165,7.4509,0.2818,17.9901,33.754,0.5893
23,166,7.4286,0.1058,18.7066,33.785,0.5457
23,167,7.4831,0.1908,17.6806,33.930,0.5128
23,168,7.1465,0.1131,17.9364,33.943,0.5135
23,169,8.0375,0.1093,18.4592,34.071,0.5293
23,170,7.7645,0.0284,16.4885,33.850,0.5392
23,171,7.2362,0.0766,17.1897,33.732,0.5391
23,172,7.3425,0.0000,17.7742,33.720,0.5347
23,173,7.2643,0.0859,17.2397,34.007,0.5322
23,174,7.0919,0.1507,18.1188,34.148,0.5338
23,175,6.9144,0.3288,17.6142,34.018,0.5358
23,176,7.6321,0.2513,17.3638,33.978,0.5364
23,177,7.0297,0.0784,16.9024,34.025,0.5365
23,178,7.4673,0.1084,17.2233,33.854,0.5362
23,179,7.6493,0.0704,16.7210,34.148,0.5356
23,180,7.3009,0.0000,16.2735,33.889,0.5358
23,181,6.9290,0.3226,16.7591,33.945,0.5364
23,182,7.2239,0.0775,16.4978,34.036,0.5360
23,183,6.5092,0.1126,17.8217,34.018,0.5356
23,184,7.1521,0.0991,18.0614,33.979,0.5359
23,185,7.6748,0.2163,18.0674,34.070,0.5396
23,186,7.0475,0.3158,15.9913,34.175,0.5545
23,187,6.9464,0.0006,17.9683,33.952,0.5649
23,188,7.7453,0.0000,17.3077,34.044,0.5646
23,189,7.2297,0.2629,18.1481,34.118,0.5601
23,190,7.4337,0.3482,16.1209,34.108,0.5573
23,191,7.6075,0.1608,17.5853,34.006,0.5573
23,192,7.2863,0.1448,17.1172,33.987,0.5589
23,193,7.0440,0.0345,17.3471,33.894,0.5592
23,194,7.4219,0.2065,17.9205,34.281,0.5579
23,195,7.4433,0.0000,17.4375,33.802,0.5571
23,196,6.8228,0.0379,15.9963,33.906,0.5568
23,197,7.0132,0.1111,17.8655,34.096,0.5563
23,198,7.8168,0.1993,16.8565,34.074,0.5565
23,199,6.7530,0.0426,18.0123,34.123,0.5578
23,200,7.4283,0.0525,17.1379,33.941,0.5577
23,201,6.5861,0.2809,17.8588,33.773,0.5564
23,202,6.7087,0.3993,16.3253,34.179,0.5554
23,203,7.0597,0.2488,17.6155,34.180,0.5557
23,204,6.8572,0.0000,17.0420,33.909,0.5568
23,205,6.4593,0.2472,17.0113,33.818,0.5566
23,206,7.0300,0.1881,17.4204,33.855,0.5561
23,207,7.1493,0.0000,16.5463,34.051,0.5557
23,208,7.7661,0.2898,16.7634,33.803,0.5563
23,209,7.4506,0.0777,16.3759,33.872,0.5580
23,210,7.3652,0.2384,17.1983,34.021,0.5588
23,211,7.1083,0.0000,18.1807,34.131,0.5580
23,212,6.9073,0.1358,17.4337,33.840,0.5568
23,213,6.9068,0.4662,17.4104,33.923,0.5564
23,214,6.6429,0.1979,16.4652,33.822,0.5571
23,215,6.8068,0.0000,16.8273,34.062,0.5577
23,216,7.3298,0.0000,17.4418,34.105,0.5573
23,217,6.9107,0.0000,17.1878,34.198,0.5572
23,218,7.5558,0.3584,17.4993,33.748,0.5574
23,219,7.0265,0.3178,17.1800,34.017,0.5577
23,220,6.8486,0.2507,17.1156,33.885,0.5577
23,221,7.2523,0.0612,16.2915,34.064,0.5570
23,222,7.7436,0.0000,17.3477,34.113,0.5573
23,223,7.3889,0.0277,16.8866,33.912,0.5577
23,224,6.8644,0.3331,16.7018,33.981,0.5574
23,225,6.5010,0.0736,17.4009,33.703,0.5565
23,226,7.0398,0.3003,17.4361,33.828,0.5560
23,227,7.8636,0.2508,17.1645,33.709,0.5563
23,228,7.2867,0.2140,17.0656,34.004,0.5568
23,229,6.6390,0.2373,17.0424,33.877,0.5576
23,230,7.2406,0.0513,16.7635,33.897,0.5580
23,231,7.1013,0.4074,17.5695,33.826,0.5576
23,232,7.3190,0.2068,16.7111,33.790,0.5563
23,233,6.3637,0.0000,17.8503,34.015,0.5554
23,234,6.7759,0.0000,17.6308,34.081,0.5551
23,235,7.2352,0.2399,16.9782,33.965,0.5553
23,236,6.8358,0.4730,18.5513,34.096,0.5567
23,237,6.7103,0.0000,18.6569,33.965,0.5573
23,238,7.1865,0.0980,17.5426,33.924,0.5571
23,239,7.2620,0.0359,16.4640,34.073,0.5568
23,240,7.0690,0.0000,18.2491,34.074,0.5575
23,241,7.7176,0.1723,17.2933,34.026,0.5583
23,242,6.9668,0.2118,17.6668,34.280,0.5575
23,243,7.5978,0.0000,17.1732,34.325,0.5566
23,244,7.2001,0.0650,16.7308,34.025,0.5573
23,245,7.4150,0.4017,16.5558,33.910,0.5581
23,246,7.4133,0.1864,17.3351,33.940,0.5576
23,247,6.7430,0.1096,16.7474,34.214,0.5564
23,248,7.5910,0.1639,17.9317,33.682,0.5558
23,249,7.0572,0.0436,17.4812,33.844,0.5564
23,250,6.9924,0.2205,18.1178,34.073,0.5569
23,251,6.6856,0.0266,17.1023,33.920,0.5576
23,252,7.1755,0.1594,17.7726,34.003,0.5571
23,253,7.2958,0.2258,17.6187,33.908,0.5560
23,254,7.0852,0.2852,17.4321,34.017,0.5558
23,255,6.8677,0.1202,16.5444,34.215,0.5564
23,256,7.0574,0.3328,17.1946,34.202,0.5570
23,257,7.1112,0.1843,16.9508,33.843,0.5580
23,258,6.5333,0.0998,17.9888,33.977,0.5585
23,259,7.1284,0.3735,16.9985,33.955,0.5573
23,260,6.9632,0.2932,16.7089,33.854,0.5561
23,261,7.3649,0.1871,17.5284,34.152,0.5566
23,262,7.6447,0.1842,17.2074,33.845,0.5575
23,263,7.0166,0.0335,18.0265,34.342,0.5575
23,264,7.3270,0.2550,17.5041,33.800,0.5575
23,265,7.4755,0.0508,17.2821,34.047,0.5572
23,266,7.1269,0.1190,16.9726,34.164,0.5571
23,267,6.9011,0.2491,17.0937,33.853,0.5571
23,268,7.1314,0.3257,16.8353,33.937,0.5570
23,269,7.7136,0.0349,18.3385,33.962,0.5570
23,270,6.9422,0.2186,16.7724,33.980,0.5574
23,271,6.8446,0.0913,17.5585,33.928,0.5575
23,272,7.1146,0.2294,16.8989,34.224,0.5571
23,273,6.7119,0.1910,16.5098,33.924,0.5564
23,274,7.4361,0.5189,17.6934,34.054,0.5558
23,275,7.1191,0.0000,16.4673,34.123,0.5567
23,276,7.4528,0.2147,17.8927,33.918,0.5575
23,277,7.1870,0.0000,18.3386,33.933,0.5571
23,278,7.4178,0.0000,16.2675,33.833,0.5567
23,279,7.1190,0.3042,17.2689,33.874,0.5565
23,280,6.6469,0.1634,16.2220,33.905,0.5562
23,281,7.1711,0.2947,16.6222,34.251,0.5560
23,282,7.1500,0.2162,17.4528,33.994,0.5570
23,283,7.2073,0.0000,16.9541,34.004,0.5577
23,284,7.3277,0.3121,16.7027,33.950,0.5568
23,285,7.1237,0.1453,17.9683,34.118,0.5563
23,286,7.2856,0.0000,17.6447,34.117,0.5573
23,287,7.0866,0.1608,17.8597,34.021,0.5575
23,288,7.4840,0.0000,17.3146,34.098,0.5565
23,289,7.3031,0.2228,16.5201,33.876,0.5570
23,290,7.2742,0.1234,16.3654,34.100,0.5585
23,291,7.5275,0.0565,17.2479,34.024,0.5588
23,292,7.3794,0.0788,17.3194,33.739,0.5585
23,293,7.2851,0.0069,17.8979,33.900,0.5581
23,294,6.8763,0.1639,17.7619,34.107,0.5576
23,295,7.1969,0.2722,17.6852,33.818,0.5572
23,296,7.7285,0.0000,17.0467,33.936,0.5569
23,297,7.0774,0.0000,17.3507,34.178,0.5577
23,298,7.3617,0.1690,17.3118,33.827,0.5591
23,299,7.4938,0.1657,17.9224,33.875,0.5584
23,300,6.9749,0.2979,17.1826,34.164,0.5565
23,301,7.4337,0.0566,17.3523,34.160,0.5558
23,302,7.4149,0.2743,17.3360,34.183,0.5569
23,303,7.6547,0.0438,17.0168,33.928,0.5577
23,304,6.7132,0.1581,16.4975,33.782,0.5571
23,305,7.1503,0.2691,18.1228,34.000,0.5567
23,306,7.4411,0.2255,18.1050,33.784,0.5561
23,307,7.3796,0.0838,16.8401,33.820,0.5564
23,308,7.2487,0.3888,17.4017,33.946,0.5571
23,309,7.2018,0.0427,17.6620,34.050,0.5574
23,310,7.1409,0.1663,16.7462,33.923,0.5582
23,311,7.3340,0.0143,16.2819,33.967,0.5577
23,312,7.2236,0.1474,17.2412,34.208,0.5561
23,313,7.0488,0.4286,16.9424,34.125,0.5556
23,314,7.6257,0.0000,16.8437,34.001,0.5564
23,315,7.3587,0.3181,17.8420,33.808,0.5574
23,316,7.2580,0.1418,17.2390,33.994,0.5576
23,317,7.1539,0.0000,16.8601,33.965,0.5578
23,318,7.2833,0.3131,17.8381,33.843,0.5577
23,319,6.9793,0.2225,17.1414,34.021,0.5567
23,320,7.5213,0.2732,17.7943,33.989,0.5561
23,321,7.5434,0.1063,17.5680,34.001,0.5560
23,322,7.2663,0.3312,17.2836,33.827,0.5567
23,323,7.3065,0.2136,17.2458,33.272,0.5223
23,324,6.9635,0.0000,16.8932,32.760,0.3565
23,325,6.1746,0.0299,16.0057,33.482,0.2340
23,326,6.7684,0.0000,16.0658,33.697,0.2383
23,327,5.8434,0.0515,14.0474,33.855,0.2989
23,328,5.8254,0.0000,15.0016,33.910,0.3361
23,329,5.6800,0.0493,14.5466,33.520,0.3336
23,330,5.6469,0.3962,14.4477,33.772,0.3163
23,331,5.4652,0.2910,13.4003,33.684,0.3081
23,332,5.6341,0.0000,13.5190,33.825,0.3119
23,333,5.2295,0.0337,13.0892,34.024,0.3185
23,334,5.4341,0.0000,12.5608,33.776,0.3214
23,335,5.1597,0.0000,13.1475,33.927,0.3204
23,336,5.0695,0.1462,12.4453,33.849,0.3186
23,337,5.1331,0.1232,11.9303,34.089,0.3185
23,338,5.2846,0.1846,12.7108,33.876,0.3197
23,339,5.2351,0.0366,12.4074,34.196,0.3204
23,340,5.0262,0.0722,12.1589,34.032,0.3201
23,341,4.8805,0.0788,11.5456,33.867,0.3194
23,342,4.5523,0.0000,12.0549,33.828,0.3188
23,343,4.6911,0.0963,11.7622,34.093,0.3188
23,344,4.8826,0.0406,11.8228,33.891,0.3196
23,345,4.8534,0.0000,11.5894,34.030,0.3203
23,346,4.5763,0.1773,12.0230,34.218,0.3203
23,347,5.1651,0.1346,11.6541,33.722,0.3198
23,348,4.8011,0.1179,11.8946,34.190,0.3200
23,349,5.0050,0.0000,11.6359,34.056,0.3201
23,350,4.8516,0.1911,11.2276,34.061,0.3198
23,351,5.1755,0.0561,11.6761,33.996,0.3204
23,352,4.9695,0.1807,11.4377,33.892,0.3207
23,353,4.6847,0.1063,11.7560,33.916,0.3208
23,354,4.9384,0.1684,11.3079,34.262,0.3206
23,355,4.8092,0.1703,11.3164,33.938,0.3198
23,356,4.8524,0.1691,11.3611,33.887,0.3194
23,357,4.4811,0.0375,11.8643,33.832,0.3194
23,358,4.8003,0.2865,11.0514,34.192,0.3193
23,359,4.8506,0.1281,11.5060,33.974,0.3191
23,360,4.9656,0.1460,11.8494,34.082,0.3190
23,361,4.5200,0.1905,11.2507,33.894,0.3187
23,362,4.5136,0.0000,11.1104,33.894,0.3188
23,363,4.7163,0.2774,12.1406,34.213,0.3192
23,364,4.7521,0.2376,10.7864,34.027,0.3197
23,365,4.6350,0.2459,11.0840,34.251,0.3201
23,366,5.0842,0.0000,11.2596,34.198,0.3204
23,367,4.8561,0.1162,11.4215,33.789,0.3206
23,368,4.9829,0.3889,11.1905,34.035,0.3203
23,369,4.8014,0.0927,11.1643,34.008,0.3193
23,370,4.4976,0.0696,11.5921,34.170,0.3184
23,371,4.5578,0.0000,11.5063,33.936,0.3179
23,372,4.4020,0.2031,11.5501,33.860,0.3179
23,373,4.5084,0.2718,10.8395,33.787,0.3189
23,374,4.4999,0.0700,11.4773,33.710,0.3198
23,375,4.5360,0.1336,11.0856,34.338,0.3199
23,376,4.5576,0.0000,11.1614,33.814,0.3196
23,377,4.3666,0.0000,11.6420,33.892,0.3192
23,378,4.5309,0.2356,11.6378,33.920,0.3187
23,379,4.6366,0.1832,11.4257,34.079,0.3187
23,380,4.5642,0.1382,11.2323,34.015,0.3189
23,381,4.4958,0.2306,10.7024,34.092,0.3193
23,382,4.8407,0.0000,11.1818,34.005,0.3196
23,383,4.6169,0.1470,11.3619,34.035,0.3193
23,384,4.6521,0.0940,11.1059,34.024,0.3189
23,385,4.9177,0.1176,11.0049,34.241,0.3193
23,386,4.9705,0.0212,11.5480,33.951,0.3196
23,387,4.8554,0.2547,11.0134,34.075,0.3195
23,388,4.7980,0.0702,12.0190,33.772,0.3193
23,389,4.8381,0.0616,10.8174,33.873,0.3188
23,390,4.7252,0.0000,11.3814,33.769,0.3185
23,391,4.2307,0.0000,10.9520,33.807,0.3179
23,392,4.5349,0.1612,11.6488,34.091,0.3172
23,393,4.5310,0.1304,11.1217,33.908,0.3182
23,394,4.4020,0.0728,11.3640,34.013,0.3198
23,395,4.7638,0.2026,11.4493,33.852,0.3202
23,396,4.9052,0.0000,10.9352,33.958,0.3198
23,397,4.4942,0.0000,11.2949,33.860,0.3193
23,398,4.7926,0.0000,11.1820,34.138,0.3187
23,399,5.1356,0.2003,11.1395,33.905,0.3187
24,0,8.1057,0.0000,18.8893,33.906,0.6282
24,1,7.8441,0.0000,18.7402,34.107,0.6277
24,2,7.2825,0.1583,18.3640,33.828,0.6307
24,3,8.5414,0.0000,18.1888,33.941,0.6328
24,4,8.9479,0.0961,18.1981,33.929,0.6325
24,5,8.7468,0.1177,18.4103,33.947,0.6306
24,6,8.0721,0.0000,19.6809,34.214,0.6290
24,7,7.6658,0.3364,18.4573,33.903,0.6286
24,8,7.7967,0.1992,17.4776,34.022,0.6289
24,9,7.4181,0.2811,18.2233,34.072,0.6298
24,10,7.8448,0.0738,19.3201,33.912,0.6300
24,11,7.5105,0.2069,19.2961,34.227,0.6286
24,12,7.3516,0.2545,19.0349,33.962,0.6268
24,13,7.8707,0.2953,18.9947,34.224,0.6270
24,14,7.4721,0.2246,18.5831,33.878,0.6294
24,15,7.7280,0.4177,19.6665,33.954,0.6304
24,16,7.5620,0.0000,18.5686,33.685,0.6293
24,17,7.1982,0.0427,19.6320,33.821,0.6287
24,18,7.8622,0.1796,19.0766,34.244,0.6290
24,19,7.7015,0.0000,18.9770,33.880,0.6300
24,20,8.0010,0.1159,18.9791,33.647,0.6307
24,21,8.0516,0.0347,19.0466,33.962,0.6304
24,22,7.7689,0.0000,19.4216,33.764,0.6293
24,23,8.5555,0.0165,19.6637,33.828,0.6287
24,24,8.1616,0.3061,18.1938,34.185,0.6290
24,25,8.0827,0.0470,19.2922,34.110,0.6296
24,26,8.1831,0.2331,18.9130,33.901,0.6307
24,27,8.1179,0.1716,19.0237,33.978,0.6312
24,28,7.7995,0.3271,18.6037,33.840,0.6304
24,29,8.2633,0.2950,19.4504,33.863,0.6292
24,30,8.0425,0.1005,18.5037,33.863,0.6293
24,31,8.6010,0.0000,19.0251,34.052,0.6301
24,32,7.8956,0.2093,18.6512,34.025,0.6300
24,33,7.9264,0.2577,20.0380,33.937,0.6291
24,34,7.3653,0.1087,19.2876,34.013,0.6279
24,35,7.7113,0.3400,18.7573,34.048,0.6281
24,36,7.2199,0.0810,19.1322,34.096,0.6299
24,37,7.6492,0.1235,19.2685,33.776,0.6306
24,38,7.5796,0.3122,18.9566,33.922,0.6294
24,39,7.9271,0.2936,19.1598,34.210,0.6278
24,40,8.3149,0.0003,19.0641,33.699,0.6279
24,41,7.7813,0.4324,18.1571,33.843,0.6298
24,42,8.2426,0.1940,19.9448,34.115,0.6308
24,43,8.1293,0.2447,18.7315,34.074,0.6301
24,44,7.7826,0.2105,18.9404,34.077,0.6296
24,45,7.9549,0.1607,19.8137,33.969,0.6292
24,46,8.5328,0.2341,19.6222,33.876,0.6290
24,47,8.2404,0.1347,20.1688,33.987,0.6237
24,48,7.5822,0.1893,18.1554,33.599,0.5964
24,49,7.7147,0.1618,19.2884,34.059,0.5754
24,50,7.5054,0.0000,19.2699,33.846,0.5764
24,51,7.8568,0.2146,18.2638,34.191,0.5877
24,52,7.7804,0.3751,19.1236,34.018,0.5946
24,53,7.1066,0.0000,17.6822,33.907,0.5935
24,54,7.3115,0.2032,18.5700,34.004,0.5890
24,55,8.2596,0.0000,18.7227,34.119,0.5872
24,56,8.0689,0.0000,19.4269,33.858,0.5893
24,57,7.4382,0.1343,17.8969,34.060,0.5919
24,58,7.7090,0.0000,19.0611,33.930,0.5923
24,59,8.1137,0.0109,18.2934,34.053,0.5913
24,60,8.1814,0.0545,18.7649,33.756,0.5913
24,61,8.0793,0.2616,16.7700,34.109,0.5920
24,62,7.7371,0.1895,18.8822,33.818,0.5927
24,63,8.1648,0.0198,18.4378,33.900,0.5919
24,64,8.3402,0.3014,18.5038,34.301,0.5904
24,65,7.4997,0.2029,17.3923,33.915,0.5901
24,66,7.6975,0.0000,18.7512,34.224,0.5901
24,67,7.6280,0.1772,18.2809,33.778,0.5902
24,68,8.0524,0.3140,18.1773,34.287,0.5917
24,69,7.5709,0.0884,17.6188,34.067,0.5925
24,70,8.1604,0.1182,18.0994,33.869,0.5916
24,71,7.8944,0.0000,18.0350,33.947,0.5912
24,72,7.4909,0.0000,17.7897,33.868,0.5908
24,73,7.4976,0.1504,18.6486,34.067,0.5897
24,74,7.4787,0.0435,16.6471,34.069,0.5894
24,75,7.5356,0.0656,18.1052,33.898,0.5905
24,76,7.2811,0.1239,18.0718,34.036,0.5915
24,77,7.6459,0.3613,19.7264,34.000,0.5919
24,78,7.7045,0.0330,18.1271,33.828,0.5915
24,79,7.9411,0.2536,18.0180,34.135,0.5913
24,80,8.2125,0.0000,17.7509,33.793,0.5920
24,81,7.3798,0.3525,18.1460,34.158,0.5917
24,82,7.7610,0.1839,18.6541,34.044,0.5912
24,83,7.2445,0.2699,18.2424,33.968,0.5920
24,84,7.4246,0.2375,17.5678,34.226,0.5922
24,85,7.6240,0.0646,18.5650,34.563,0.5908
24,86,8.0390,0.1299,17.9266,34.070,0.5900
24,87,8.1889,0.5032,18.8483,33.989,0.5913
24,88,7.4683,0.2344,17.9329,34.093,0.5927
24,89,7.0465,0.1928,17.9710,33.953,0.5917
24,90,7.6732,0.0000,17.5419,34.048,0.5899
24,91,7.0352,0.0000,17.1264,33.896,0.5895
24,92,7.9767,0.0983,17.7692,34.080,0.5908
24,93,7.6085,0.0000,18.0390,34.197,0.5915
24,94,7.5015,0.1712,16.6393,34.118,0.5911
24,95,7.9899,0.0000,17.9280,33.883,0.5909
24,96,8.1411,0.0000,18.7565,33.778,0.5921
24,97,7.9774,0.0000,18.7065,34.228,0.5932
24,98,7.5083,0.0000,17.7688,34.174,0.5927
24,99,8.0608,0.1234,17.9517,34.138,0.5914
24,100,7.5800,0.1908,19.0827,33.772,0.5908
24,101,7.3549,0.2063,18.5868,33.939,0.5920
24,102,7.5381,0.0000,18.2453,33.554,0.5920
24,103,7.7289,0.0000,18.0906,33.964,0.5907
24,104,8.3853,0.5195,17.5045,34.165,0.5909
24,105,7.8795,0.0094,18.0548,33.841,0.5923
24,106,8.2312,0.1320,17.4988,34.241,0.5926
24,107,7.9150,0.3263,18.6169,33.717,0.5921
24,108,7.6870,0.1273,19.0710,34.111,0.5918
24,109,7.2632,0.0000,18.4912,34.205,0.5917
24,110,7.7634,0.2146,18.7199,34.437,0.5991
24,111,8.3401,0.2496,17.7925,34.245,0.6349
24,112,8.3521,0.1863,18.3016,33.974,0.6621
24,113,8.3400,0.0468,18.8084,33.933,0.6610
24,114,7.3843,0.1096,18.5454,34.060,0.6467
24,115,7.8252,0.2725,19.2739,33.869,0.6378
24,116,7.8350,0.0886,18.3518,34.206,0.6382
24,117,7.6261,0.2755,19.0167,33.716,0.6421
24,118,7.8826,0.2723,19.9132,33.696,0.6449
24,119,7.2966,0.2771,19.7456,34.121,0.6453
24,120,8.2564,0.3687,19.4382,34.018,0.6431
24,121,7.9527,0.0000,19.9190,33.948,0.6406
24,122,7.7861,0.2336,19.4132,33.924,0.6404
24,123,7.8243,0.1423,19.0535,33.710,0.6415
24,124,7.9693,0.0000,20.8642,33.660,0.6415
24,125,8.5554,0.0000,18.8965,33.984,0.6415
24,126,7.8146,0.0000,19.3143,33.965,0.6413
24,127,8.1790,0.0995,19.0110,33.879,0.6407
24,128,7.3202,0.0122,18.4594,33.989,0.6404
24,129,7.5501,0.0890,20.2218,33.967,0.6392
24,130,8.1293,0.0000,18.9903,34.176,0.6387
24,131,7.5115,0.1248,17.8074,33.884,0.6414
24,132,8.3116,0.1752,20.5920,34.102,0.6436
24,133,7.6338,0.3337,18.8648,34.130,0.6432
24,134,7.8573,0.2496,19.3171,34.085,0.6419
24,135,8.3274,0.0244,18.9695,34.036,0.6402
24,136,8.0995,0.2321,18.8554,33.978,0.6398
24,137,8.2014,0.1957,19.8592,33.724,0.6407
24,138,8.6411,0.1996,19.2391,34.011,0.6420
24,139,8.4087,0.2014,18.8521,34.218,0.6427
24,140,8.6000,0.0000,19.3872,33.958,0.6424
24,141,8.3178,0.0000,19.7926,34.122,0.6430
24,142,8.3137,0.2240,19.0992,33.948,0.6440
24,143,8.1721,0.1653,20.1709,33.855,0.6434
24,144,8.6432,0.1168,19.6947,34.066,0.6431
24,145,8.7318,0.2562,20.1848,34.474,0.6429
24,146,9.0167,0.0378,19.9408,33.948,0.6427
24,147,8.3770,0.3133,18.4052,34.055,0.6428
24,148,7.9199,0.0449,19.5062,34.040,0.6420
24,149,9.4127,0.3314,18.6399,34.239,0.6411
24,150,8.1020,0.3635,18.8519,33.925,0.6419
24,151,7.8849,0.0434,19.7852,34.163,0.6436
24,152,7.9686,0.0000,19.0718,34.050,0.6430
24,153,9.0451,0.1041,19.9941,34.001,0.6418
24,154,7.9181,0.1622,19.5475,33.962,0.6414
24,155,8.5052,0.0116,17.9705,34.013,0.6421
24,156,8.3244,0.1541,18.5924,33.899,0.6431
24,157,8.3245,0.2700,19.4700,33.871,0.6432
24,158,8.2720,0.3905,19.4324,34.003,0.6439
24,159,9.0392,0.2537,20.3816,33.880,0.6442
24,160,8.3564,0.3389,18.9274,33.984,0.6431
24,161,8.0260,0.0000,19.4872,33.875,0.6421
24,162,8.6152,0.0000,19.5539,33.913,0.6425
24,163,8.6945,0.3541,20.9284,33.891,0.6431
24,164,8.4965,0.1709,19.8197,34.226,0.6430
24,165,8.0729,0.1252,20.3065,34.051,0.6417
24,166,7.8900,0.1498,19.2383,34.118,0.6410
24,167,8.1401,0.5816,19.5430,34.095,0.6427
24,168,8.4366,0.0000,19.4832,33.892,0.6445
24,169,8.2735,0.0000,19.4106,34.053,0.6439
24,170,8.5690,0.0000,19.3355,34.341,0.6411
24,171,8.1454,0.3135,20.4173,34.074,0.6408
24,172,8.4579,0.0835,21.0490,34.006,0.6425
24,173,8.3396,0.1998,18.7838,34.019,0.6422
24,174,8.0836,0.4320,19.2945,33.725,0.6413
24,175,7.8366,0.0626,19.5827,34.020,0.6408
24,176,8.3560,0.2889,20.1096,34.090,0.6407
24,177,7.8139,0.2018,18.7226,33.829,0.6410
24,178,8.0763,0.1773,19.9749,34.153,0.6425
24,179,7.8702,0.0005,20.2681,33.944,0.6436
24,180,8.4926,0.3061,19.1410,34.108,0.6430
24,181,8.5785,0.0000,18.9403,34.089,0.6419
24,182,8.1872,0.1850,20.1012,34.090,0.6411
24,183,7.9157,0.0455,19.1503,34.121,0.6408
24,184,8.4274,0.0498,18.2506,34.076,0.6413
24,185,8.3909,0.3262,18.6637,33.864,0.6420
24,186,8.1876,0.2477,20.1555,34.022,0.6415
24,187,7.7858,0.1369,20.1475,33.894,0.6407
24,188,7.9441,0.0000,20.3750,33.812,0.6411
24,189,8.0376,0.0000,19.8481,34.186,0.6425
24,190,7.8752,0.1475,19.6556,34.009,0.6429
24,191,8.2044,0.0000,19.9703,34.095,0.6420
24,192,8.4225,0.1975,20.2081,34.010,0.6415
24,193,9.2553,0.2106,18.9096,33.999,0.6417
24,194,8.3216,0.2762,19.5461,34.009,0.6423
24,195,8.4701,0.4062,19.2556,33.936,0.6431
24,196,8.1739,0.0690,19.7366,33.893,0.6434
24,197,8.9109,0.0000,18.5341,33.792,0.6423
24,198,8.2127,0.0093,19.5452,34.046,0.6407
24,199,7.9536,0.2017,19.0605,34.089,0.6364
24,200,7.7204,0.2776,19.6312,33.873,0.6164
24,201,7.8783,0.1390,19.2340,34.139,0.6013
24,202,7.7020,0.1574,20.5126,34.074,0.6012
24,203,7.0787,0.3829,19.1227,34.078,0.6086
24,204,7.4970,0.1540,19.5490,34.152,0.6137
24,205,8.2932,0.1772,19.8009,33.986,0.6145
24,206,7.1208,0.0000,19.7686,33.976,0.6141
24,207,7.7722,0.2455,20.1154,34.228,0.6136
24,208,8.1085,0.0000,19.5367,34.197,0.6132
24,209,8.1214,0.1082,18.8354,34.127,0.6133
24,210,7.9475,0.1434,19.0356,34.110,0.6135
24,211,7.5722,0.0199,17.3035,34.197,0.6133
24,212,7.7831,0.1747,18.3827,34.117,0.6133
24,213,7.7839,0.2404,18.6128,34.163,0.6135
24,214,7.6862,0.0000,17.5555,33.854,0.6125
24,215,8.0540,0.1812,19.3826,34.036,0.6119
24,216,7.8334,0.1822,18.3351,33.981,0.6132
24,217,7.9681,0.1655,19.1032,33.978,0.6134
24,218,7.6755,0.1081,19.9613,34.073,0.6142
24,219,7.7614,0.2209,18.7010,34.120,0.6145
24,220,7.8340,0.0533,18.4345,34.046,0.6139
24,221,8.0932,0.1999,18.9389,34.042,0.6136
24,222,7.5651,0.1792,18.8365,33.863,0.6128
24,223,7.9481,0.0120,18.1894,33.859,0.6125
24,224,7.5558,0.0000,18.0484,34.163,0.6125
24,225,8.0634,0.2585,19.1164,34.032,0.6124
24,226,7.8619,0.1752,19.5856,33.855,0.6129
24,227,7.9314,0.2297,19.3000,34.019,0.6139
24,228,8.4095,0.0037,18.9271,34.077,0.6143
24,229,7.5992,0.1677,19.1851,33.894,0.6139
24,230,7.9920,0.1069,18.3412,34.175,0.6128
24,231,7.6633,0.0000,18.5031,34.127,0.6121
24,232,8.0233,0.0427,18.8308,33.912,0.6119
24,233,7.9600,0.1409,18.2454,33.896,0.6124
24,234,7.8365,0.0000,19.2253,34.136,0.6130
24,235,7.8927,0.5631,18.8114,34.147,0.6135
24,236,8.3723,0.2603,19.2579,33.695,0.6136
24,237,7.6174,0.0000,19.4959,33.910,0.6137
24,238,8.2049,0.2770,18.8764,34.226,0.6147
24,239,7.4981,0.0671,18.9056,33.865,0.6144
24,240,8.1989,0.0389,17.9910,34.020,0.6136
24,241,7.7076,0.0205,18.7127,34.011,0.6128
24,242,7.3451,0.1237,18.6791,34.173,0.6137
24,243,8.5677,0.0000,18.3530,33.853,0.6189
24,244,7.9674,0.2929,19.7055,33.801,0.6231
24,245,7.4531,0.3602,19.2142,34.209,0.6240
24,246,7.3629,0.1378,18.3268,33.991,0.6223
24,247,8.3901,0.3918,19.2276,33.775,0.6200
24,248,7.4619,0.0677,17.5977,34.099,0.6206
24,249,7.9572,0.3244,18.2765,33.879,0.6222
24,250,7.5759,0.0120,18.5166,34.209,0.6218
24,251,8.0788,0.0258,18.8511,33.628,0.6221
24,252,8.2695,0.2742,19.1449,33.736,0.6236
24,253,8.0694,0.0320,18.0425,34.192,0.6229
24,254,8.6917,0.2502,18.6206,33.834,0.6209
24,255,7.7476,0.0539,18.4935,34.224,0.6211
24,256,8.2712,0.0880,18.8097,33.703,0.6225
24,257,7.9158,0.0000,18.2338,34.208,0.6229
24,258,8.1436,0.2023,20.0265,34.060,0.6220
24,259,8.0720,0.1606,17.3533,33.790,0.6214
24,260,8.4936,0.1581,19.4152,33.893,0.6223
24,261,8.2894,0.2060,18.5803,34.137,0.6229
24,262,8.5459,0.0209,18.6793,33.913,0.6227
24,263,8.2456,0.0000,19.3711,33.625,0.6223
24,264,7.5627,0.3060,18.8733,34.030,0.6212
24,265,7.9503,0.0345,18.4171,34.178,0.6199
24,266,8.5279,0.0661,18.1180,33.960,0.6241
24,267,7.9594,0.4171,18.5834,34.188,0.6461
24,268,7.6199,0.3299,19.4736,33.903,0.6621
24,269,8.3164,0.2211,19.4708,33.813,0.6613
24,270,8.3959,0.1460,18.8750,34.038,0.6536
24,271,8.0456,0.4506,19.5417,34.136,0.6488
24,272,8.1129,0.3114,20.2015,34.017,0.6498
24,273,8.3215,0.2794,18.3181,34.132,0.6535
24,274,8.3878,0.0876,18.7962,33.903,0.6544
24,275,8.4881,0.0890,20.0750,34.174,0.6514
24,276,7.3652,0.0000,19.0067,34.114,0.6491
24,277,8.5488,0.1839,19.7679,34.050,0.6490
24,278,8.4983,0.1447,19.0771,34.105,0.6505
24,279,8.4725,0.3657,19.9342,34.130,0.6528
24,280,7.7415,0.3210,19.9140,34.141,0.6534
24,281,8.2239,0.0000,19.1360,33.641,0.6520
24,282,8.7260,0.2979,19.4290,33.655,0.6501
24,283,8.4771,0.2256,19.7380,33.903,0.6497
24,284,8.0880,0.3769,19.1322,33.986,0.6509
24,285,8.1536,0.0000,18.9473,34.128,0.6513
24,286,8.2401,0.0000,19.1935,33.916,0.6511
24,287,7.8740,0.1566,20.1070,34.210,0.6505
24,288,8.1350,0.2069,19.0476,34.229,0.6503
24,289,8.3177,0.1416,19.2173,33.914,0.6511
24,290,8.7899,0.2017,18.8765,34.190,0.6526
24,291,7.8187,0.2393,20.7748,34.100,0.6537
24,292,7.9960,0.2151,20.7340,33.797,0.6534
24,293,8.2389,0.3478,20.0121,33.787,0.6522
24,294,8.9848,0.1946,18.9281,33.988,0.6508
24,295,8.4397,0.0243,20.4222,34.029,0.6500
24,296,8.6357,0.1507,19.0992,33.944,0.6503
24,297,8.1856,0.3718,19.2142,34.126,0.6505
24,298,8.3179,0.0000,19.6921,33.949,0.6508
24,299,7.8424,0.0142,19.4413,34.019,0.6514
24,300,9.0303,0.2877,20.1016,34.191,0.6519
24,301,8.6413,0.0665,20.8384,33.843,0.6526
24,302,7.9423,0.2759,19.7644,34.023,0.6521
24,303,7.7268,0.0000,19.8905,34.127,0.6508
24,304,8.3045,0.0671,19.3114,34.031,0.6507
24,305,8.1160,0.0722,19.8576,33.799,0.6520
24,306,8.2673,0.0000,19.2297,34.035,0.6515
24,307,8.2617,0.1005,19.3189,33.898,0.6491
24,308,8.2985,0.0000,20.7279,33.979,0.6489
24,309,8.1083,0.2409,19.1149,34.088,0.6511
24,310,7.3531,0.0937,20.0770,33.993,0.6518
24,311,8.1498,0.3780,19.1247,34.003,0.6500
24,312,8.3817,0.0816,20.0252,34.036,0.6491
24,313,8.4362,0.1662,20.0955,34.202,0.6492
24,314,7.9179,0.1251,19.5315,34.132,0.6506
24,315,8.0690,0.1097,18.8100,33.995,0.6524
24,316,8.3979,0.0000,18.9182,33.909,0.6519
24,317,8.4886,0.0495,19.8901,34.008,0.6503
24,318,8.2901,0.1695,19.8776,33.813,0.6493
24,319,8.2379,0.3246,19.5509,34.004,0.6497
24,320,7.6869,0.1961,19.8541,34.086,0.6502
24,321,8.1068,0.0000,20.5380,34.004,0.6500
24,322,8.2232,0.2794,19.5372,34.257,0.6498
24,323,7.9759,0.2525,19.0614,34.094,0.6502
24,324,8.8850,0.0066,19.3010,33.992,0.6508
24,325,8.3269,0.0000,19.3504,33.994,0.6516
24,326,8.3846,0.0722,19.7761,34.102,0.6516
24,327,8.5403,0.0765,20.7798,33.924,0.6515
24,328,8.4855,0.1084,19.7109,33.961,0.6524
24,329,8.7282,0.1356,20.3852,33.962,0.6519
24,330,8.0485,0.2398,19.9230,33.908,0.6513
24,331,8.0160,0.2351,19.7146,33.899,0.6514
24,332,8.3583,0.2848,20.2165,33.839,0.6510
24,333,8.3895,0.1667,20.3484,33.797,0.6504
24,334,7.3236,0.3107,19.9635,34.097,0.6495
24,335,8.6080,0.0000,19.8473,33.915,0.6489
24,336,7.9740,0.1493,21.0072,34.303,0.6502
24,337,8.2822,0.4325,19.2369,34.242,0.6516
24,338,8.7181,0.0733,19.8273,33.981,0.6517
24,339,7.8874,0.2493,19.8914,34.252,0.6522
24,340,8.6937,0.0928,19.4182,34.025,0.6527
24,341,8.2303,0.2803,20.0906,33.867,0.6523
24,342,7.9496,0.3222,20.0365,33.606,0.6507
24,343,8.0772,0.0000,18.8488,34.127,0.6498
24,344,7.9750,0.0154,19.7445,33.745,0.6500
24,345,8.4961,0.2712,19.4319,33.987,0.6507
24,346,8.0852,0.0329,19.3254,34.085,0.6512
24,347,8.0586,0.0000,19.9169,33.912,0.6514
24,348,8.3518,0.2852,19.2839,33.983,0.6509
24,349,8.3466,0.0853,20.6485,34.006,0.6499
24,350,8.0381,0.0582,20.5146,33.941,0.6489
24,351,7.7774,0.1975,19.1160,33.896,0.6488
24,352,7.9732,0.1823,19.6471,34.135,0.6498
24,353,7.8782,0.2252,19.6260,33.981,0.6507
24,354,8.0804,0.2410,18.8850,34.097,0.6505
24,355,8.4503,0.0708,19.7670,34.182,0.6504
24,356,8.0046,0.1254,21.4538,34.081,0.6512
24,357,8.3306,0.0000,18.9680,33.975,0.6513
24,358,8.7577,0.1861,20.0994,33.783,0.6484
24,359,8.2222,0.0463,19.7455,33.876,0.6362
24,360,8.1397,0.0000,19.5915,34.037,0.6269
24,361,8.1068,0.2362,19.9021,34.106,0.6266
24,362,7.9055,0.0133,18.7898,34.330,0.6307
24,363,7.9976,0.1518,19.3624,34.207,0.6347
24,364,7.8936,0.1953,19.0975,34.170,0.6364
24,365,7.6521,0.0506,19.7449,34.021,0.6355
24,366,7.8046,0.1982,19.6343,33.894,0.6329
24,367,8.4331,0.1896,19.6788,33.901,0.6307
24,368,7.6465,0.0000,18.3596,34.015,0.6311
24,369,7.4202,0.0867,19.0451,33.923,0.6320
24,370,8.1126,0.2448,18.4567,34.167,0.6324
24,371,8.0992,0.0000,19.9581,33.865,0.6328
24,372,7.7924,0.5306,19.0163,34.245,0.6333
24,373,7.6996,0.2227,18.9155,34.034,0.6336
24,374,7.8486,0.1615,19.4952,33.953,0.6322
24,375,7.2226,0.0000,19.0558,34.169,0.6302
24,376,7.7004,0.2263,19.0423,33.988,0.6304
24,377,7.4324,0.3415,20.3782,33.947,0.6324
24,378,7.5887,0.2245,19.4638,33.978,0.6337
24,379,7.5027,0.2811,18.7603,34.106,0.6328
24,380,7.5093,0.2897,18.9222,33.932,0.6317
24,381,7.9046,0.2224,19.5012,34.359,0.6326
24,382,8.0532,0.0000,19.2835,33.875,0.6339
24,383,7.7202,0.1036,18.6965,34.017,0.6317
24,384,7.6169,0.2057,18.8365,33.772,0.6212
24,385,7.6883,0.3922,18.7308,33.863,0.6134
24,386,7.7349,0.2179,20.1256,33.800,0.6142
24,387,8.3299,0.1090,19.3097,33.939,0.6190
24,388,8.1714,0.1083,20.3103,33.857,0.6214
24,389,7.4986,0.2006,19.2942,33.967,0.6212
24,390,7.5453,0.0000,17.7681,33.991,0.6200
24,391,8.2738,0.3077,19.0305,34.104,0.6197
24,392,8.1187,0.2881,18.1891,33.827,0.6202
24,393,7.6522,0.1509,19.3683,33.764,0.6203
24,394,7.6284,0.0000,19.5452,33.808,0.6199
24,395,7.8562,0.0000,18.5059,34.230,0.6195
24,396,7.8920,0.0816,19.1547,34.112,0.6196
24,397,7.8276,0.2637,18.8484,34.033,0.6198
24,398,7.7394,0.3392,19.4920,34.105,0.6205
24,399,7.6976,0.0000,20.2641,33.788,0.6207
