experiment,replicate,round,reserve,sold,price,revenue,n_bids,active_bidders
S4-E1,0,0,20.00,1,105.764,105.764,18,18
S4-E1,0,1,20.00,1,92.106,92.106,18,18
S4-E1,0,2,20.00,1,81.285,81.285,18,18
S4-E1,0,3,20.00,1,86.201,86.201,18,18
S4-E1,0,4,20.00,1,74.268,74.268,18,18
S4-E1,0,5,20.00,1,69.695,69.695,18,18
S4-E1,0,6,20.00,1,68.043,68.043,18,18
S4-E1,0,7,20.00,1,109.587,109.587,18,18
S4-E1,0,8,20.00,1,85.028,85.028,18,18
S4-E1,0,9,20.00,1,86.185,86.185,18,16
S4-E1,0,10,20.00,1,79.945,79.945,16,16
S4-E1,0,11,20.00,1,79.710,79.710,16,17
S4-E1,0,12,20.00,1,65.450,65.450,17,17
S4-E1,0,13,20.00,1,66.467,66.467,17,18
S4-E1,0,14,20.00,1,109.917,109.917,18,18
S4-E1,0,15,20.00,1,95.179,95.179,18,18
S4-E1,0,16,20.00,1,71.637,71.637,18,18
S4-E1,0,17,20.00,1,84.495,84.495,18,18
S4-E1,0,18,20.00,1,83.344,83.344,17,20
S4-E1,0,19,20.00,1,70.144,70.144,19,20
S4-E1,0,20,20.00,1,69.968,69.968,19,19
S4-E1,0,21,20.00,1,109.267,109.267,19,18
S4-E1,0,22,20.00,1,94.517,94.517,18,18
S4-E1,0,23,20.00,1,84.463,84.463,18,18
S4-E1,0,24,20.00,1,73.028,73.028,18,18
S4-E1,0,25,20.00,1,80.729,80.729,18,18
S4-E1,0,26,20.00,1,75.926,75.926,18,18
S4-E1,0,27,20.00,1,65.338,65.338,18,20
S4-E1,0,28,20.00,1,111.982,111.982,20,20
S4-E1,0,29,20.00,1,105.746,105.746,20,20
S4-E1,0,30,20.00,1,79.717,79.717,20,21
S4-E1,0,31,20.00,1,75.910,75.910,20,21
S4-E1,0,32,20.00,1,82.923,82.923,20,21
S4-E1,0,33,20.00,1,72.807,72.807,21,21
S4-E1,0,34,20.00,1,61.282,61.282,20,22
S4-E1,0,35,20.00,1,110.450,110.450,22,21
S4-E1,0,36,20.00,1,95.233,95.233,21,21
S4-E1,0,37,20.00,1,84.804,84.804,20,20
S4-E1,0,38,20.00,1,82.923,82.923,20,21
S4-E1,0,39,20.00,1,83.288,83.288,20,21
S4-E1,0,40,20.00,1,76.806,76.806,21,20
S4-E1,0,41,20.00,1,70.056,70.056,19,20
S4-E1,0,42,20.00,1,116.824,116.824,20,20
S4-E1,0,43,20.00,1,82.329,82.329,20,20
S4-E1,0,44,20.00,1,93.317,93.317,20,20
S4-E1,0,45,20.00,1,77.734,77.734,19,20
S4-E1,0,46,20.00,1,72.344,72.344,19,19
S4-E1,0,47,20.00,1,74.253,74.253,18,19
S4-E1,0,48,20.00,1,74.457,74.457,18,18
S4-E1,0,49,20.00,1,108.327,108.327,17,19
S4-E1,0,50,20.00,1,94.646,94.646,19,19
S4-E1,0,51,20.00,1,87.255,87.255,19,19
S4-E1,0,52,20.00,1,80.008,80.008,18,19
S4-E1,0,53,20.00,1,79.273,79.273,18,19
S4-E1,0,54,20.00,1,82.210,82.210,18,20
S4-E1,0,55,20.00,1,72.063,72.063,20,20
S4-E1,0,56,20.00,1,96.942,96.942,19,19
S4-E1,0,57,20.00,1,94.334,94.334,19,19
S4-E1,0,58,20.00,1,79.158,79.158,18,19
S4-E1,0,59,20.00,1,81.784,81.784,19,20
S4-E1,0,60,20.00,1,82.636,82.636,19,19
S4-E1,0,61,20.00,1,68.795,68.795,18,20
S4-E1,0,62,20.00,1,76.037,76.037,20,20
S4-E1,0,63,20.00,1,113.769,113.769,19,20
S4-E1,0,64,20.00,1,107.051,107.051,19,20
S4-E1,0,65,20.00,1,77.610,77.610,20,20
S4-E1,0,66,20.00,1,75.822,75.822,20,21
S4-E1,0,67,20.00,1,91.542,91.542,20,21
S4-E1,0,68,20.00,1,79.892,79.892,21,20
S4-E1,0,69,20.00,1,73.627,73.627,20,18
S4-E1,0,70,20.00,1,100.506,100.506,18,18
S4-E1,0,71,20.00,1,95.673,95.673,18,18
S4-E1,0,72,20.00,1,79.133,79.133,18,18
S4-E1,0,73,20.00,1,81.272,81.272,18,18
S4-E1,0,74,20.00,1,73.182,73.182,18,18
S4-E1,0,75,20.00,1,72.937,72.937,18,18
S4-E1,0,76,20.00,1,71.183,71.183,18,18
S4-E1,0,77,20.00,1,97.942,97.942,18,18
S4-E1,0,78,20.00,1,94.900,94.900,18,18
S4-E1,0,79,20.00,1,87.565,87.565,18,18
S4-E1,0,80,20.00,1,86.501,86.501,18,18
S4-E1,0,81,20.00,1,79.855,79.855,18,18
S4-E1,0,82,20.00,1,84.249,84.249,18,18
S4-E1,0,83,20.00,1,72.795,72.795,17,18
S4-E1,0,84,20.00,1,105.783,105.783,18,18
S4-E1,0,85,20.00,1,93.091,93.091,18,18
S4-E1,0,86,20.00,1,84.043,84.043,18,18
S4-E1,0,87,20.00,1,79.115,79.115,18,17
S4-E1,0,88,20.00,1,86.144,86.144,17,17
S4-E1,0,89,20.00,1,95.680,95.680,16,18
S4-E1,0,90,20.00,1,89.866,89.866,17,18
S4-E1,0,91,20.00,1,109.866,109.866,18,18
S4-E1,0,92,20.00,1,88.238,88.238,18,19
S4-E1,0,93,20.00,1,79.146,79.146,19,19
S4-E1,0,94,20.00,1,59.723,59.723,19,19
S4-E1,0,95,20.00,1,57.900,57.900,19,20
S4-E1,0,96,20.00,1,54.954,54.954,19,19
S4-E1,0,97,20.00,1,56.348,56.348,18,19
S4-E1,0,98,20.00,1,97.136,97.136,18,19
S4-E1,0,99,20.00,1,81.103,81.103,18,20
S4-E1,0,100,40.00,1,66.707,66.707,16,21
S4-E1,0,101,40.00,1,65.686,65.686,14,21
S4-E1,0,102,40.00,1,62.838,62.838,16,21
S4-E1,0,103,40.00,1,60.623,60.623,16,21
S4-E1,0,104,40.00,1,56.306,56.306,16,21
S4-E1,0,105,40.00,1,85.459,85.459,15,21
S4-E1,0,106,40.00,1,70.901,70.901,17,21
S4-E1,0,107,40.00,1,70.824,70.824,16,21
S4-E1,0,108,40.00,1,67.173,67.173,14,20
S4-E1,0,109,40.00,1,71.580,71.580,13,21
S4-E1,0,110,40.00,1,67.365,67.365,15,21
S4-E1,0,111,40.00,1,60.761,60.761,15,21
S4-E1,0,112,40.00,1,80.609,80.609,16,20
S4-E1,0,113,40.00,1,72.024,72.024,15,20
S4-E1,0,114,40.00,1,67.447,67.447,13,20
S4-E1,0,115,40.00,1,83.545,83.545,15,20
S4-E1,0,116,40.00,1,66.226,66.226,15,17
S4-E1,0,117,40.00,1,61.164,61.164,10,17
S4-E1,0,118,40.00,1,80.654,80.654,11,17
S4-E1,0,119,40.00,1,82.804,82.804,11,17
S4-E1,0,120,40.00,1,80.066,80.066,13,17
S4-E1,0,121,40.00,1,72.567,72.567,13,16
S4-E1,0,122,40.00,1,72.636,72.636,11,16
S4-E1,0,123,40.00,1,58.922,58.922,11,15
S4-E1,0,124,40.00,1,64.684,64.684,9,15
S4-E1,0,125,40.00,1,52.428,52.428,10,15
S4-E1,0,126,40.00,1,79.793,79.793,9,15
S4-E1,0,127,40.00,1,88.719,88.719,12,15
S4-E1,0,128,40.00,1,70.096,70.096,12,15
S4-E1,0,129,40.00,1,63.913,63.913,12,16
S4-E1,0,130,40.00,1,61.933,61.933,12,17
S4-E1,0,131,40.00,1,62.199,62.199,12,17
S4-E1,0,132,40.00,1,55.475,55.475,10,17
S4-E1,0,133,40.00,1,83.799,83.799,13,17
S4-E1,0,134,40.00,1,68.834,68.834,13,16
S4-E1,0,135,40.00,1,79.782,79.782,12,15
S4-E1,0,136,40.00,1,64.784,64.784,11,15
S4-E1,0,137,40.00,1,61.944,61.944,12,15
S4-E1,0,138,40.00,1,55.487,55.487,11,16
S4-E1,0,139,40.00,1,61.527,61.527,11,16
S4-E1,0,140,40.00,1,84.130,84.130,12,15
S4-E1,0,141,40.00,1,78.020,78.020,10,15
S4-E1,0,142,40.00,1,69.280,69.280,10,14
S4-E1,0,143,40.00,1,74.612,74.612,10,14
S4-E1,0,144,40.00,1,57.929,57.929,9,14
S4-E1,0,145,40.00,1,60.451,60.451,9,14
S4-E1,0,146,40.00,1,61.410,61.410,9,14
S4-E1,0,147,40.00,1,75.537,75.537,11,14
S4-E1,0,148,40.00,1,80.576,80.576,10,14
S4-E1,0,149,40.00,1,70.848,70.848,11,14
S4-E1,0,150,40.00,1,66.189,66.189,10,15
S4-E1,0,151,40.00,1,65.635,65.635,10,15
S4-E1,0,152,40.00,1,68.646,68.646,9,14
S4-E1,0,153,40.00,1,58.361,58.361,8,15
S4-E1,0,154,40.00,1,72.177,72.177,12,15
S4-E1,0,155,40.00,1,80.456,80.456,11,16
S4-E1,0,156,40.00,1,72.165,72.165,10,16
S4-E1,0,157,40.00,1,69.561,69.561,10,16
S4-E1,0,158,40.00,1,65.669,65.669,10,16
S4-E1,0,159,40.00,1,66.278,66.278,9,16
S4-E1,0,160,40.00,1,51.836,51.836,10,16
S4-E1,0,161,40.00,1,68.479,68.479,12,16
S4-E1,0,162,40.00,1,73.247,73.247,11,17
S4-E1,0,163,40.00,1,75.603,75.603,11,17
S4-E1,0,164,40.00,1,77.029,77.029,9,17
S4-E1,0,165,40.00,1,62.846,62.846,9,17
S4-E1,0,166,40.00,1,60.204,60.204,9,17
S4-E1,0,167,40.00,1,63.888,63.888,10,17
S4-E1,0,168,40.00,1,72.687,72.687,12,17
S4-E1,0,169,40.00,1,75.401,75.401,12,17
S4-E1,0,170,40.00,1,70.856,70.856,11,18
S4-E1,0,171,40.00,1,67.949,67.949,10,18
S4-E1,0,172,40.00,1,67.238,67.238,10,18
S4-E1,0,173,40.00,1,59.602,59.602,9,18
S4-E1,0,174,40.00,1,53.319,53.319,10,19
S4-E1,0,175,40.00,1,69.980,69.980,11,19
S4-E1,0,176,40.00,1,69.978,69.978,13,19
S4-E1,0,177,40.00,1,77.223,77.223,12,19
S4-E1,0,178,40.00,1,72.100,72.100,12,19
S4-E1,0,179,40.00,1,69.626,69.626,11,19
S4-E1,0,180,40.00,1,63.163,63.163,11,18
S4-E1,0,181,40.00,1,56.847,56.847,10,18
S4-E1,0,182,40.00,1,74.288,74.288,12,19
S4-E1,0,183,40.00,1,74.491,74.491,11,20
S4-E1,0,184,40.00,1,69.094,69.094,12,20
S4-E1,0,185,40.00,1,78.345,78.345,13,20
S4-E1,0,186,40.00,1,67.234,67.234,12,20
S4-E1,0,187,40.00,1,66.223,66.223,12,19
S4-E1,0,188,40.00,1,60.035,60.035,11,19
S4-E1,0,189,40.00,1,72.373,72.373,13,19
S4-E1,0,190,40.00,1,69.353,69.353,13,19
S4-E1,0,191,40.00,1,74.900,74.900,13,19
S4-E1,0,192,40.00,1,72.722,72.722,12,17
S4-E1,0,193,40.00,1,65.015,65.015,8,17
S4-E1,0,194,40.00,1,56.149,56.149,9,16
S4-E1,0,195,40.00,1,58.117,58.117,9,16
S4-E1,0,196,40.00,1,65.964,65.964,11,15
S4-E1,0,197,40.00,1,75.040,75.040,11,16
S4-E1,0,198,40.00,1,77.053,77.053,10,16
S4-E1,0,199,40.00,1,67.551,67.551,10,16
S4-E1,0,200,40.00,1,64.673,64.673,10,16
S4-E1,0,201,40.00,1,57.661,57.661,10,15
S4-E1,0,202,40.00,1,58.883,58.883,9,15
S4-E1,0,203,40.00,1,78.887,78.887,12,15
S4-E1,0,204,40.00,1,68.698,68.698,10,15
S4-E1,0,205,40.00,1,71.528,71.528,11,15
S4-E1,0,206,40.00,1,64.750,64.750,9,14
S4-E1,0,207,40.00,1,63.575,63.575,9,15
S4-E1,0,208,40.00,1,62.656,62.656,9,15
S4-E1,0,209,40.00,1,61.127,61.127,9,14
S4-E1,0,210,40.00,1,68.966,68.966,9,15
S4-E1,0,211,40.00,1,66.645,66.645,10,15
S4-E1,0,212,40.00,1,70.667,70.667,9,15
S4-E1,0,213,40.00,1,69.085,69.085,10,15
S4-E1,0,214,40.00,1,65.685,65.685,10,13
S4-E1,0,215,40.00,1,63.934,63.934,7,14
S4-E1,0,216,40.00,1,58.350,58.350,7,14
S4-E1,0,217,40.00,1,74.245,74.245,10,14
S4-E1,0,218,40.00,1,70.194,70.194,11,16
S4-E1,0,219,40.00,1,63.011,63.011,11,15
S4-E1,0,220,40.00,1,81.926,81.926,11,14
S4-E1,0,221,40.00,1,67.481,67.481,10,14
S4-E1,0,222,40.00,1,61.021,61.021,8,14
S4-E1,0,223,40.00,1,52.620,52.620,8,13
S4-E1,0,224,40.00,1,77.610,77.610,10,13
S4-E1,0,225,40.00,1,76.009,76.009,10,13
S4-E1,0,226,40.00,1,75.023,75.023,10,13
S4-E1,0,227,40.00,1,68.675,68.675,8,13
S4-E1,0,228,40.00,1,73.984,73.984,9,13
S4-E1,0,229,40.00,1,65.717,65.717,9,13
S4-E1,0,230,40.00,1,58.326,58.326,8,14
S4-E1,0,231,40.00,1,77.403,77.403,11,13
S4-E1,0,232,40.00,1,71.977,71.977,9,13
S4-E1,0,233,40.00,1,73.563,73.563,10,13
S4-E1,0,234,40.00,1,64.322,64.322,8,14
S4-E1,0,235,40.00,1,60.901,60.901,9,15
S4-E1,0,236,40.00,1,59.773,59.773,7,16
S4-E1,0,237,40.00,1,66.990,66.990,10,16
S4-E1,0,238,40.00,1,89.272,89.272,13,16
S4-E1,0,239,40.00,1,86.308,86.308,12,16
S4-E1,0,240,40.00,1,87.859,87.859,13,16
S4-E1,0,241,40.00,1,78.710,78.710,11,16
S4-E1,0,242,40.00,1,67.888,67.888,11,17
S4-E1,0,243,40.00,1,66.325,66.325,10,17
S4-E1,0,244,40.00,1,52.454,52.454,11,17
S4-E1,0,245,40.00,1,95.567,95.567,13,16
S4-E1,0,246,40.00,1,93.397,93.397,11,16
S4-E1,0,247,40.00,1,77.211,77.211,12,17
S4-E1,0,248,40.00,1,75.733,75.733,13,17
S4-E1,0,249,40.00,1,75.940,75.940,12,17
S4-E1,1,0,20.00,1,71.042,71.042,16,17
S4-E1,1,1,20.00,1,70.915,70.915,17,17
S4-E1,1,2,20.00,1,62.824,62.824,17,17
S4-E1,1,3,20.00,1,59.935,59.935,17,18
S4-E1,1,4,20.00,1,57.831,57.831,17,18
S4-E1,1,5,20.00,1,57.345,57.345,17,18
S4-E1,1,6,20.00,1,49.429,49.429,16,18
S4-E1,1,7,20.00,1,64.073,64.073,18,17
S4-E1,1,8,20.00,1,65.020,65.020,17,19
S4-E1,1,9,20.00,1,64.206,64.206,19,18
S4-E1,1,10,20.00,1,57.290,57.290,16,18
S4-E1,1,11,20.00,1,55.149,55.149,16,19
S4-E1,1,12,20.00,1,58.986,58.986,16,18
S4-E1,1,13,20.00,1,55.351,55.351,15,18
S4-E1,1,14,20.00,1,72.251,72.251,18,18
S4-E1,1,15,20.00,1,59.492,59.492,18,18
S4-E1,1,16,20.00,1,60.677,60.677,17,17
S4-E1,1,17,20.00,1,58.726,58.726,16,17
S4-E1,1,18,20.00,1,55.139,55.139,14,17
S4-E1,1,19,20.00,1,51.211,51.211,15,17
S4-E1,1,20,20.00,1,64.212,64.212,14,17
S4-E1,1,21,20.00,1,65.192,65.192,17,17
S4-E1,1,22,20.00,1,64.149,64.149,17,17
S4-E1,1,23,20.00,1,65.406,65.406,16,16
S4-E1,1,24,20.00,1,54.763,54.763,15,16
S4-E1,1,25,20.00,1,55.496,55.496,13,15
S4-E1,1,26,20.00,1,58.392,58.392,12,17
S4-E1,1,27,20.00,1,53.157,53.157,15,16
S4-E1,1,28,20.00,1,64.544,64.544,15,16
S4-E1,1,29,20.00,1,67.367,67.367,16,16
S4-E1,1,30,20.00,1,63.610,63.610,16,16
S4-E1,1,31,20.00,1,58.113,58.113,14,16
S4-E1,1,32,20.00,1,58.440,58.440,14,16
S4-E1,1,33,20.00,1,60.765,60.765,14,16
S4-E1,1,34,20.00,1,55.626,55.626,15,16
S4-E1,1,35,20.00,1,72.191,72.191,16,16
S4-E1,1,36,20.00,1,77.247,77.247,15,15
S4-E1,1,37,20.00,1,57.371,57.371,15,15
S4-E1,1,38,20.00,1,58.963,58.963,15,15
S4-E1,1,39,20.00,1,56.474,56.474,15,15
S4-E1,1,40,20.00,1,53.730,53.730,14,16
S4-E1,1,41,20.00,1,57.356,57.356,14,16
S4-E1,1,42,20.00,1,72.621,72.621,15,16
S4-E1,1,43,20.00,1,72.928,72.928,16,16
S4-E1,1,44,20.00,1,58.357,58.357,16,15
S4-E1,1,45,20.00,1,55.251,55.251,14,14
S4-E1,1,46,20.00,1,51.498,51.498,12,15
S4-E1,1,47,20.00,1,56.560,56.560,13,16
S4-E1,1,48,20.00,1,51.738,51.738,14,16
S4-E1,1,49,20.00,1,78.116,78.116,15,15
S4-E1,1,50,20.00,1,68.773,68.773,15,15
S4-E1,1,51,20.00,1,62.204,62.204,15,14
S4-E1,1,52,20.00,1,62.354,62.354,13,14
S4-E1,1,53,20.00,1,61.429,61.429,13,14
S4-E1,1,54,20.00,1,48.724,48.724,13,14
S4-E1,1,55,20.00,1,50.610,50.610,13,14
S4-E1,1,56,20.00,1,67.348,67.348,14,14
S4-E1,1,57,20.00,1,65.002,65.002,14,14
S4-E1,1,58,20.00,1,60.392,60.392,14,14
S4-E1,1,59,20.00,1,63.035,63.035,14,14
S4-E1,1,60,20.00,1,54.894,54.894,13,14
S4-E1,1,61,20.00,1,57.302,57.302,13,12
S4-E1,1,62,20.00,1,52.821,52.821,11,12
S4-E1,1,63,20.00,1,63.958,63.958,12,12
S4-E1,1,64,20.00,1,63.181,63.181,12,12
S4-E1,1,65,20.00,1,67.603,67.603,12,12
S4-E1,1,66,20.00,1,66.380,66.380,12,11
S4-E1,1,67,20.00,1,60.721,60.721,10,12
S4-E1,1,68,20.00,1,53.462,53.462,11,12
S4-E1,1,69,20.00,1,52.566,52.566,11,13
S4-E1,1,70,20.00,1,63.928,63.928,13,13
S4-E1,1,71,20.00,1,67.766,67.766,13,12
S4-E1,1,72,20.00,1,63.211,63.211,12,12
S4-E1,1,73,20.00,1,60.712,60.712,11,12
S4-E1,1,74,20.00,1,59.458,59.458,11,12
S4-E1,1,75,20.00,1,55.884,55.884,10,11
S4-E1,1,76,20.00,1,56.422,56.422,9,12
S4-E1,1,77,20.00,1,70.105,70.105,12,12
S4-E1,1,78,20.00,1,68.570,68.570,12,11
S4-E1,1,79,20.00,1,62.407,62.407,11,12
S4-E1,1,80,20.00,1,60.149,60.149,11,12
S4-E1,1,81,20.00,1,58.494,58.494,11,12
S4-E1,1,82,20.00,1,50.064,50.064,11,12
S4-E1,1,83,20.00,1,53.418,53.418,10,12
S4-E1,1,84,20.00,1,65.957,65.957,12,11
S4-E1,1,85,20.00,1,58.517,58.517,11,11
S4-E1,1,86,20.00,1,65.020,65.020,11,11
S4-E1,1,87,20.00,1,76.295,76.295,10,11
S4-E1,1,88,20.00,1,63.141,63.141,10,11
S4-E1,1,89,20.00,1,72.074,72.074,10,12
S4-E1,1,90,20.00,1,67.766,67.766,11,12
S4-E1,1,91,20.00,1,81.749,81.749,12,12
S4-E1,1,92,20.00,1,89.643,89.643,12,12
S4-E1,1,93,20.00,1,67.256,67.256,12,12
S4-E1,1,94,20.00,1,67.522,67.522,12,12
S4-E1,1,95,20.00,1,67.188,67.188,12,12
S4-E1,1,96,20.00,1,61.342,61.342,12,13
S4-E1,1,97,20.00,1,55.773,55.773,13,13
S4-E1,1,98,20.00,1,90.134,90.134,13,14
S4-E1,1,99,20.00,1,78.255,78.255,14,14
S4-E1,1,100,40.00,1,79.505,79.505,14,14
S4-E1,1,101,40.00,1,67.874,67.874,13,14
S4-E1,1,102,40.00,1,68.091,68.091,11,15
S4-E1,1,103,40.00,1,65.984,65.984,12,14
S4-E1,1,104,40.00,1,51.033,51.033,9,14
S4-E1,1,105,40.00,1,84.547,84.547,13,14
S4-E1,1,106,40.00,1,80.679,80.679,13,14
S4-E1,1,107,40.00,1,69.210,69.210,13,15
S4-E1,1,108,40.00,1,70.163,70.163,13,15
S4-E1,1,109,40.00,1,68.042,68.042,12,15
S4-E1,1,110,40.00,1,61.993,61.993,11,15
S4-E1,1,111,40.00,1,63.524,63.524,10,15
S4-E1,1,112,40.00,1,94.717,94.717,15,14
S4-E1,1,113,40.00,1,90.135,90.135,13,14
S4-E1,1,114,40.00,1,71.511,71.511,12,15
S4-E1,1,115,40.00,1,75.270,75.270,12,15
S4-E1,1,116,40.00,1,69.100,69.100,11,15
S4-E1,1,117,40.00,1,57.426,57.426,10,15
S4-E1,1,118,40.00,1,40.000,40.000,4,15
S4-E1,1,119,40.00,1,77.288,77.288,12,15
S4-E1,1,120,40.00,1,57.589,57.589,9,13
S4-E1,1,121,40.00,1,62.596,62.596,10,13
S4-E1,1,122,40.00,1,53.689,53.689,12,13
S4-E1,1,123,40.00,1,57.573,57.573,10,13
S4-E1,1,124,40.00,1,54.995,54.995,9,13
S4-E1,1,125,40.00,1,56.236,56.236,9,13
S4-E1,1,126,40.00,1,71.696,71.696,11,13
S4-E1,1,127,40.00,1,63.525,63.525,11,13
S4-E1,1,128,40.00,1,59.281,59.281,10,12
S4-E1,1,129,40.00,1,56.644,56.644,10,12
S4-E1,1,130,40.00,1,53.979,53.979,9,12
S4-E1,1,131,40.00,1,56.913,56.913,7,13
S4-E1,1,132,40.00,1,54.320,54.320,8,13
S4-E1,1,133,40.00,1,67.861,67.861,10,13
S4-E1,1,134,40.00,1,63.199,63.199,11,13
S4-E1,1,135,40.00,1,72.134,72.134,11,13
S4-E1,1,136,40.00,1,63.116,63.116,12,13
S4-E1,1,137,40.00,1,52.622,52.622,8,14
S4-E1,1,138,40.00,1,66.439,66.439,10,14
S4-E1,1,139,40.00,1,49.869,49.869,8,14
S4-E1,1,140,40.00,1,70.912,70.912,11,14
S4-E1,1,141,40.00,1,62.979,62.979,10,14
S4-E1,1,142,40.00,1,64.967,64.967,12,13
S4-E1,1,143,40.00,1,62.484,62.484,9,13
S4-E1,1,144,40.00,1,59.939,59.939,9,13
S4-E1,1,145,40.00,1,61.657,61.657,9,13
S4-E1,1,146,40.00,1,55.203,55.203,6,14
S4-E1,1,147,40.00,1,68.355,68.355,11,13
S4-E1,1,148,40.00,1,64.366,64.366,10,14
S4-E1,1,149,40.00,1,62.622,62.622,10,14
S4-E1,1,150,40.00,1,62.459,62.459,8,14
S4-E1,1,151,40.00,1,57.623,57.623,9,15
S4-E1,1,152,40.00,1,55.804,55.804,10,15
S4-E1,1,153,40.00,1,59.793,59.793,9,15
S4-E1,1,154,40.00,1,76.209,76.209,11,15
S4-E1,1,155,40.00,1,66.715,66.715,11,15
S4-E1,1,156,40.00,1,62.389,62.389,10,15
S4-E1,1,157,40.00,1,53.198,53.198,11,15
S4-E1,1,158,40.00,1,57.516,57.516,9,15
S4-E1,1,159,40.00,1,52.402,52.402,9,15
S4-E1,1,160,40.00,1,52.134,52.134,9,16
S4-E1,1,161,40.00,1,67.394,67.394,10,17
S4-E1,1,162,40.00,1,60.657,60.657,11,16
S4-E1,1,163,40.00,1,69.351,69.351,11,16
S4-E1,1,164,40.00,1,54.575,54.575,9,16
S4-E1,1,165,40.00,1,57.452,57.452,10,16
S4-E1,1,166,40.00,1,59.402,59.402,9,15
S4-E1,1,167,40.00,1,55.783,55.783,7,15
S4-E1,1,168,40.00,1,71.997,71.997,10,15
S4-E1,1,169,40.00,1,73.327,73.327,9,14
S4-E1,1,170,40.00,1,59.629,59.629,9,14
S4-E1,1,171,40.00,1,59.671,59.671,8,15
S4-E1,1,172,40.00,1,58.980,58.980,7,15
S4-E1,1,173,40.00,1,49.624,49.624,6,15
S4-E1,1,174,40.00,1,58.587,58.587,7,15
S4-E1,1,175,40.00,1,72.402,72.402,9,15
S4-E1,1,176,40.00,1,62.363,62.363,9,14
S4-E1,1,177,40.00,1,64.207,64.207,9,14
S4-E1,1,178,40.00,1,58.575,58.575,7,14
S4-E1,1,179,40.00,1,61.061,61.061,7,13
S4-E1,1,180,40.00,1,56.260,56.260,5,13
S4-E1,1,181,40.00,1,56.697,56.697,4,13
S4-E1,1,182,40.00,1,73.901,73.901,7,14
S4-E1,1,183,40.00,1,63.108,63.108,9,14
S4-E1,1,184,40.00,1,61.193,61.193,9,16
S4-E1,1,185,40.00,1,58.684,58.684,11,16
S4-E1,1,186,40.00,1,58.537,58.537,8,15
S4-E1,1,187,40.00,1,57.076,57.076,8,14
S4-E1,1,188,40.00,1,57.061,57.061,8,14
S4-E1,1,189,40.00,1,64.995,64.995,10,14
S4-E1,1,190,40.00,1,62.461,62.461,9,15
S4-E1,1,191,40.00,1,64.064,64.064,9,15
S4-E1,1,192,40.00,1,56.788,56.788,9,15
S4-E1,1,193,40.00,1,56.105,56.105,9,15
S4-E1,1,194,40.00,1,66.149,66.149,8,15
S4-E1,1,195,40.00,1,51.380,51.380,7,17
S4-E1,1,196,40.00,1,75.581,75.581,11,18
S4-E1,1,197,40.00,1,68.659,68.659,11,18
S4-E1,1,198,40.00,1,55.397,55.397,11,18
S4-E1,1,199,40.00,1,58.919,58.919,12,18
S4-E1,1,200,40.00,1,53.461,53.461,11,17
S4-E1,1,201,40.00,1,55.897,55.897,11,17
S4-E1,1,202,40.00,1,52.580,52.580,11,17
S4-E1,1,203,40.00,1,63.514,63.514,12,17
S4-E1,1,204,40.00,1,62.312,62.312,10,17
S4-E1,1,205,40.00,1,57.082,57.082,11,18
S4-E1,1,206,40.00,1,60.474,60.474,12,18
S4-E1,1,207,40.00,1,60.698,60.698,11,17
S4-E1,1,208,40.00,1,56.655,56.655,10,17
S4-E1,1,209,40.00,1,73.797,73.797,12,17
S4-E1,1,210,40.00,1,92.310,92.310,16,17
S4-E1,1,211,40.00,1,88.377,88.377,15,17
S4-E1,1,212,40.00,1,74.306,74.306,14,18
S4-E1,1,213,40.00,1,76.450,76.450,11,18
S4-E1,1,214,40.00,1,80.906,80.906,13,17
S4-E1,1,215,40.00,1,57.794,57.794,11,17
S4-E1,1,216,40.00,1,55.456,55.456,9,17
S4-E1,1,217,40.00,1,82.728,82.728,14,17
S4-E1,1,218,40.00,1,86.948,86.948,15,17
S4-E1,1,219,40.00,1,79.506,79.506,14,18
S4-E1,1,220,40.00,1,73.026,73.026,13,18
S4-E1,1,221,40.00,1,68.288,68.288,12,18
S4-E1,1,222,40.00,1,69.167,69.167,11,18
S4-E1,1,223,40.00,1,58.753,58.753,10,19
S4-E1,1,224,40.00,1,89.376,89.376,17,18
S4-E1,1,225,40.00,1,80.876,80.876,16,18
S4-E1,1,226,40.00,1,74.988,74.988,15,18
S4-E1,1,227,40.00,1,67.463,67.463,14,18
S4-E1,1,228,40.00,1,72.105,72.105,14,18
S4-E1,1,229,40.00,1,73.953,73.953,12,17
S4-E1,1,230,40.00,1,56.710,56.710,10,17
S4-E1,1,231,40.00,1,96.564,96.564,14,17
S4-E1,1,232,40.00,1,78.067,78.067,15,17
S4-E1,1,233,40.00,1,71.899,71.899,15,17
S4-E1,1,234,40.00,1,65.070,65.070,14,16
S4-E1,1,235,40.00,1,63.492,63.492,12,16
S4-E1,1,236,40.00,1,59.120,59.120,10,15
S4-E1,1,237,40.00,1,63.285,63.285,8,15
S4-E1,1,238,40.00,1,92.958,92.958,14,15
S4-E1,1,239,40.00,1,84.020,84.020,13,15
S4-E1,1,240,40.00,1,75.100,75.100,11,15
S4-E1,1,241,40.00,1,60.994,60.994,11,15
S4-E1,1,242,40.00,1,72.140,72.140,9,16
S4-E1,1,243,40.00,1,67.368,67.368,10,16
S4-E1,1,244,40.00,1,55.562,55.562,9,16
S4-E1,1,245,40.00,1,92.537,92.537,14,16
S4-E1,1,246,40.00,1,71.775,71.775,13,17
S4-E1,1,247,40.00,1,72.133,72.133,15,16
S4-E1,1,248,40.00,1,73.155,73.155,13,16
S4-E1,1,249,40.00,1,70.203,70.203,11,16
S4-E1,2,0,20.00,1,84.496,84.496,17,18
S4-E1,2,1,20.00,1,85.707,85.707,18,17
S4-E1,2,2,20.00,1,69.167,69.167,17,17
S4-E1,2,3,20.00,1,75.381,75.381,17,17
S4-E1,2,4,20.00,1,68.967,68.967,16,17
S4-E1,2,5,20.00,1,66.666,66.666,16,17
S4-E1,2,6,20.00,1,65.730,65.730,15,18
S4-E1,2,7,20.00,1,78.323,78.323,18,18
S4-E1,2,8,20.00,1,81.881,81.881,18,17
S4-E1,2,9,20.00,1,71.904,71.904,17,17
S4-E1,2,10,20.00,1,75.578,75.578,16,17
S4-E1,2,11,20.00,1,77.215,77.215,16,18
S4-E1,2,12,20.00,1,69.931,69.931,17,19
S4-E1,2,13,20.00,1,57.345,57.345,17,20
S4-E1,2,14,20.00,1,86.522,86.522,20,20
S4-E1,2,15,20.00,1,78.166,78.166,20,21
S4-E1,2,16,20.00,1,82.175,82.175,21,21
S4-E1,2,17,20.00,1,69.930,69.930,21,21
S4-E1,2,18,20.00,1,63.704,63.704,21,21
S4-E1,2,19,20.00,1,63.493,63.493,20,21
S4-E1,2,20,20.00,1,63.334,63.334,19,21
S4-E1,2,21,20.00,1,83.058,83.058,21,21
S4-E1,2,22,20.00,1,73.613,73.613,21,21
S4-E1,2,23,20.00,1,76.613,76.613,21,21
S4-E1,2,24,20.00,1,70.088,70.088,20,20
S4-E1,2,25,20.00,1,69.371,69.371,19,19
S4-E1,2,26,20.00,1,66.261,66.261,18,22
S4-E1,2,27,20.00,1,63.336,63.336,20,22
S4-E1,2,28,20.00,1,79.339,79.339,22,22
S4-E1,2,29,20.00,1,84.290,84.290,22,21
S4-E1,2,30,20.00,1,72.702,72.702,21,21
S4-E1,2,31,20.00,1,67.267,67.267,21,19
S4-E1,2,32,20.00,1,82.225,82.225,19,19
S4-E1,2,33,20.00,1,64.136,64.136,18,19
S4-E1,2,34,20.00,1,61.219,61.219,18,19
S4-E1,2,35,20.00,1,87.132,87.132,19,19
S4-E1,2,36,20.00,1,77.075,77.075,19,19
S4-E1,2,37,20.00,1,79.071,79.071,19,19
S4-E1,2,38,20.00,1,72.604,72.604,19,19
S4-E1,2,39,20.00,1,71.155,71.155,19,18
S4-E1,2,40,20.00,1,70.066,70.066,17,16
S4-E1,2,41,20.00,1,63.029,63.029,15,15
S4-E1,2,42,20.00,1,93.457,93.457,15,14
S4-E1,2,43,20.00,1,90.518,90.518,14,15
S4-E1,2,44,20.00,1,72.362,72.362,15,15
S4-E1,2,45,20.00,1,77.380,77.380,15,15
S4-E1,2,46,20.00,1,73.147,73.147,15,15
S4-E1,2,47,20.00,1,67.149,67.149,14,15
S4-E1,2,48,20.00,1,59.708,59.708,14,15
S4-E1,2,49,20.00,1,84.014,84.014,15,15
S4-E1,2,50,20.00,1,84.848,84.848,15,16
S4-E1,2,51,20.00,1,73.149,73.149,16,16
S4-E1,2,52,20.00,1,65.378,65.378,16,16
S4-E1,2,53,20.00,1,66.382,66.382,15,16
S4-E1,2,54,20.00,1,67.041,67.041,15,17
S4-E1,2,55,20.00,1,62.484,62.484,15,17
S4-E1,2,56,20.00,1,73.970,73.970,17,17
S4-E1,2,57,20.00,1,103.197,103.197,17,16
S4-E1,2,58,20.00,1,91.001,91.001,16,15
S4-E1,2,59,20.00,1,100.505,100.505,15,15
S4-E1,2,60,20.00,1,77.823,77.823,15,15
S4-E1,2,61,20.00,1,59.454,59.454,15,16
S4-E1,2,62,20.00,1,59.226,59.226,15,16
S4-E1,2,63,20.00,1,102.230,102.230,16,16
S4-E1,2,64,20.00,1,105.576,105.576,16,16
S4-E1,2,65,20.00,1,73.848,73.848,16,16
S4-E1,2,66,20.00,1,67.953,67.953,16,16
S4-E1,2,67,20.00,1,59.576,59.576,16,16
S4-E1,2,68,20.00,1,67.680,67.680,15,16
S4-E1,2,69,20.00,1,54.277,54.277,14,15
S4-E1,2,70,20.00,1,75.508,75.508,15,15
S4-E1,2,71,20.00,1,77.502,77.502,15,14
S4-E1,2,72,20.00,1,77.268,77.268,14,16
S4-E1,2,73,20.00,1,83.253,83.253,16,16
S4-E1,2,74,20.00,1,74.718,74.718,16,16
S4-E1,2,75,20.00,1,68.007,68.007,15,14
S4-E1,2,76,20.00,1,63.838,63.838,12,14
S4-E1,2,77,20.00,1,77.858,77.858,14,12
S4-E1,2,78,20.00,1,79.882,79.882,12,12
S4-E1,2,79,20.00,1,70.344,70.344,12,12
S4-E1,2,80,20.00,1,85.579,85.579,11,12
S4-E1,2,81,20.00,1,66.927,66.927,11,11
S4-E1,2,82,20.00,1,66.497,66.497,10,11
S4-E1,2,83,20.00,1,59.930,59.930,9,11
S4-E1,2,84,20.00,1,77.398,77.398,11,12
S4-E1,2,85,20.00,1,77.353,77.353,12,12
S4-E1,2,86,20.00,1,85.443,85.443,12,12
S4-E1,2,87,20.00,1,68.865,68.865,12,12
S4-E1,2,88,20.00,1,64.171,64.171,11,11
S4-E1,2,89,20.00,1,69.252,69.252,10,12
S4-E1,2,90,20.00,1,60.066,60.066,10,12
S4-E1,2,91,20.00,1,75.556,75.556,12,13
S4-E1,2,92,20.00,1,77.540,77.540,13,13
S4-E1,2,93,20.00,1,75.903,75.903,13,14
S4-E1,2,94,20.00,1,74.670,74.670,14,14
S4-E1,2,95,20.00,1,76.337,76.337,13,14
S4-E1,2,96,20.00,1,67.969,67.969,13,14
S4-E1,2,97,20.00,1,59.729,59.729,12,14
S4-E1,2,98,20.00,1,83.453,83.453,14,14
S4-E1,2,99,20.00,1,78.602,78.602,14,14
S4-E1,2,100,40.00,1,89.353,89.353,7,14
S4-E1,2,101,40.00,1,95.669,95.669,13,15
S4-E1,2,102,40.00,1,67.796,67.796,11,16
S4-E1,2,103,40.00,1,71.421,71.421,13,16
S4-E1,2,104,40.00,1,66.774,66.774,11,16
S4-E1,2,105,40.00,1,95.086,95.086,13,15
S4-E1,2,106,40.00,1,96.009,96.009,12,15
S4-E1,2,107,40.00,1,109.934,109.934,11,17
S4-E1,2,108,40.00,1,94.125,94.125,13,17
S4-E1,2,109,40.00,1,71.470,71.470,11,18
S4-E1,2,110,40.00,1,61.642,61.642,12,18
S4-E1,2,111,40.00,1,50.423,50.423,13,19
S4-E1,2,112,40.00,1,107.928,107.928,16,19
S4-E1,2,113,40.00,1,94.549,94.549,13,19
S4-E1,2,114,40.00,1,112.872,112.872,13,19
S4-E1,2,115,40.00,1,87.249,87.249,12,19
S4-E1,2,116,40.00,1,77.938,77.938,13,19
S4-E1,2,117,40.00,1,69.991,69.991,14,19
S4-E1,2,118,40.00,1,46.175,46.175,11,19
S4-E1,2,119,40.00,1,89.968,89.968,15,18
S4-E1,2,120,40.00,1,98.586,98.586,14,18
S4-E1,2,121,40.00,1,91.414,91.414,14,18
S4-E1,2,122,40.00,1,85.346,85.346,14,18
S4-E1,2,123,40.00,1,60.259,60.259,9,18
S4-E1,2,124,40.00,1,56.909,56.909,9,17
S4-E1,2,125,40.00,1,57.895,57.895,7,17
S4-E1,2,126,40.00,1,72.342,72.342,8,16
S4-E1,2,127,40.00,1,72.920,72.920,9,16
S4-E1,2,128,40.00,1,81.174,81.174,9,17
S4-E1,2,129,40.00,1,77.306,77.306,8,16
S4-E1,2,130,40.00,1,81.189,81.189,7,16
S4-E1,2,131,40.00,1,64.320,64.320,8,16
S4-E1,2,132,40.00,1,63.291,63.291,6,16
S4-E1,2,133,40.00,1,77.588,77.588,8,16
S4-E1,2,134,40.00,1,80.152,80.152,8,15
S4-E1,2,135,40.00,1,68.890,68.890,6,15
S4-E1,2,136,40.00,1,79.753,79.753,8,15
S4-E1,2,137,40.00,1,75.089,75.089,9,15
S4-E1,2,138,40.00,1,67.921,67.921,7,15
S4-E1,2,139,40.00,1,64.993,64.993,7,14
S4-E1,2,140,40.00,1,92.245,92.245,7,14
S4-E1,2,141,40.00,1,85.530,85.530,8,13
S4-E1,2,142,40.00,1,86.779,86.779,8,13
S4-E1,2,143,40.00,1,92.175,92.175,11,13
S4-E1,2,144,40.00,1,77.290,77.290,10,13
S4-E1,2,145,40.00,1,71.665,71.665,9,13
S4-E1,2,146,40.00,1,63.604,63.604,8,13
S4-E1,2,147,40.00,1,94.767,94.767,12,14
S4-E1,2,148,40.00,1,116.129,116.129,11,14
S4-E1,2,149,40.00,1,89.256,89.256,10,14
S4-E1,2,150,40.00,1,83.873,83.873,10,14
S4-E1,2,151,40.00,1,70.797,70.797,10,14
S4-E1,2,152,40.00,1,70.193,70.193,9,14
S4-E1,2,153,40.00,1,64.026,64.026,11,15
S4-E1,2,154,40.00,1,97.249,97.249,13,15
S4-E1,2,155,40.00,1,99.080,99.080,12,17
S4-E1,2,156,40.00,1,86.867,86.867,11,17
S4-E1,2,157,40.00,1,89.342,89.342,15,17
S4-E1,2,158,40.00,1,78.181,78.181,13,18
S4-E1,2,159,40.00,1,64.929,64.929,13,18
S4-E1,2,160,40.00,1,78.370,78.370,14,18
S4-E1,2,161,40.00,1,105.734,105.734,16,18
S4-E1,2,162,40.00,1,106.372,106.372,14,18
S4-E1,2,163,40.00,1,93.698,93.698,15,19
S4-E1,2,164,40.00,1,84.985,84.985,16,19
S4-E1,2,165,40.00,1,75.921,75.921,13,19
S4-E1,2,166,40.00,1,70.400,70.400,14,18
S4-E1,2,167,40.00,1,64.092,64.092,14,18
S4-E1,2,168,40.00,1,108.816,108.816,14,18
S4-E1,2,169,40.00,1,107.287,107.287,16,17
S4-E1,2,170,40.00,1,98.005,98.005,16,17
S4-E1,2,171,40.00,1,96.504,96.504,13,17
S4-E1,2,172,40.00,1,71.615,71.615,13,17
S4-E1,2,173,40.00,1,71.189,71.189,10,17
S4-E1,2,174,40.00,1,63.729,63.729,11,17
S4-E1,2,175,40.00,1,107.718,107.718,13,17
S4-E1,2,176,40.00,1,92.428,92.428,16,17
S4-E1,2,177,40.00,1,87.852,87.852,14,17
S4-E1,2,178,40.00,1,77.292,77.292,15,16
S4-E1,2,179,40.00,1,91.000,91.000,10,16
S4-E1,2,180,40.00,1,73.256,73.256,14,15
S4-E1,2,181,40.00,1,59.589,59.589,12,15
S4-E1,2,182,40.00,1,100.057,100.057,12,15
S4-E1,2,183,40.00,1,99.500,99.500,13,15
S4-E1,2,184,40.00,1,102.031,102.031,12,15
S4-E1,2,185,40.00,1,88.857,88.857,13,15
S4-E1,2,186,40.00,1,75.057,75.057,12,14
S4-E1,2,187,40.00,1,76.201,76.201,10,14
S4-E1,2,188,40.00,1,63.699,63.699,9,14
S4-E1,2,189,40.00,1,107.051,107.051,13,15
S4-E1,2,190,40.00,1,93.484,93.484,13,15
S4-E1,2,191,40.00,1,84.143,84.143,14,15
S4-E1,2,192,40.00,1,85.424,85.424,13,15
S4-E1,2,193,40.00,1,74.724,74.724,12,14
S4-E1,2,194,40.00,1,68.369,68.369,9,14
S4-E1,2,195,40.00,1,69.501,69.501,9,14
S4-E1,2,196,40.00,1,74.208,74.208,7,16
S4-E1,2,197,40.00,1,78.407,78.407,8,17
S4-E1,2,198,40.00,1,84.292,84.292,9,16
S4-E1,2,199,40.00,1,76.642,76.642,9,16
S4-E1,2,200,40.00,1,71.819,71.819,9,16
S4-E1,2,201,40.00,1,61.217,61.217,8,16
S4-E1,2,202,40.00,1,59.215,59.215,9,16
S4-E1,2,203,40.00,1,92.592,92.592,11,16
S4-E1,2,204,40.00,1,79.759,79.759,10,16
S4-E1,2,205,40.00,1,76.773,76.773,10,16
S4-E1,2,206,40.00,1,72.792,72.792,10,16
S4-E1,2,207,40.00,1,70.467,70.467,10,16
S4-E1,2,208,40.00,1,62.841,62.841,8,16
S4-E1,2,209,40.00,1,56.651,56.651,8,16
S4-E1,2,210,40.00,1,82.323,82.323,11,16
S4-E1,2,211,40.00,1,86.964,86.964,9,16
S4-E1,2,212,40.00,1,70.285,70.285,11,16
S4-E1,2,213,40.00,1,74.044,74.044,9,16
S4-E1,2,214,40.00,1,65.348,65.348,9,16
S4-E1,2,215,40.00,1,63.262,63.262,9,15
S4-E1,2,216,40.00,1,63.186,63.186,8,13
S4-E1,2,217,40.00,1,90.066,90.066,10,13
S4-E1,2,218,40.00,1,75.515,75.515,10,13
S4-E1,2,219,40.00,1,79.130,79.130,8,13
S4-E1,2,220,40.00,1,68.797,68.797,9,13
S4-E1,2,221,40.00,1,66.836,66.836,10,14
S4-E1,2,222,40.00,1,66.379,66.379,8,16
S4-E1,2,223,40.00,1,60.160,60.160,8,16
S4-E1,2,224,40.00,1,85.305,85.305,9,16
S4-E1,2,225,40.00,1,75.576,75.576,10,16
S4-E1,2,226,40.00,1,78.442,78.442,11,16
S4-E1,2,227,40.00,1,71.030,71.030,9,16
S4-E1,2,228,40.00,1,74.651,74.651,9,16
S4-E1,2,229,40.00,1,64.602,64.602,9,17
S4-E1,2,230,40.00,1,69.480,69.480,9,18
S4-E1,2,231,40.00,1,91.466,91.466,10,18
S4-E1,2,232,40.00,1,77.131,77.131,11,18
S4-E1,2,233,40.00,1,68.378,68.378,10,18
S4-E1,2,234,40.00,1,67.481,67.481,9,18
S4-E1,2,235,40.00,1,74.320,74.320,8,19
S4-E1,2,236,40.00,1,68.151,68.151,10,19
S4-E1,2,237,40.00,1,59.103,59.103,9,19
S4-E1,2,238,40.00,1,81.222,81.222,10,19
S4-E1,2,239,40.00,1,76.306,76.306,10,19
S4-E1,2,240,40.00,1,73.920,73.920,10,19
S4-E1,2,241,40.00,1,73.028,73.028,8,18
S4-E1,2,242,40.00,1,73.233,73.233,8,18
S4-E1,2,243,40.00,1,69.393,69.393,7,17
S4-E1,2,244,40.00,1,64.287,64.287,7,17
S4-E1,2,245,40.00,1,87.885,87.885,8,17
S4-E1,2,246,40.00,1,75.357,75.357,7,16
S4-E1,2,247,40.00,1,72.198,72.198,7,16
S4-E1,2,248,40.00,1,73.311,73.311,8,16
S4-E1,2,249,40.00,1,70.041,70.041,7,16
S4-E2,0,0,20.00,1,71.923,71.923,14,14
S4-E2,0,1,20.00,1,76.305,76.305,14,15
S4-E2,0,2,20.00,1,74.669,74.669,15,15
S4-E2,0,3,20.00,1,53.918,53.918,14,15
S4-E2,0,4,20.00,1,62.735,62.735,13,15
S4-E2,0,5,20.00,1,55.847,55.847,13,15
S4-E2,0,6,20.00,1,56.206,56.206,13,16
S4-E2,0,7,20.00,1,83.595,83.595,16,16
S4-E2,0,8,20.00,1,67.379,67.379,16,16
S4-E2,0,9,20.00,1,54.229,54.229,15,16
S4-E2,0,10,20.00,1,65.259,65.259,15,16
S4-E2,0,11,20.00,1,53.924,53.924,14,16
S4-E2,0,12,20.00,1,52.195,52.195,14,16
S4-E2,0,13,20.00,1,50.072,50.072,14,16
S4-E2,0,14,20.00,1,63.948,63.948,16,16
S4-E2,0,15,20.00,1,81.995,81.995,16,16
S4-E2,0,16,20.00,1,68.979,68.979,16,16
S4-E2,0,17,20.00,1,64.592,64.592,15,15
S4-E2,0,18,20.00,1,54.040,54.040,13,15
S4-E2,0,19,20.00,1,70.270,70.270,13,14
S4-E2,0,20,20.00,1,63.301,63.301,12,13
S4-E2,0,21,20.00,1,93.253,93.253,13,13
S4-E2,0,22,20.00,1,84.775,84.775,13,13
S4-E2,0,23,20.00,1,68.467,68.467,13,13
S4-E2,0,24,20.00,1,65.044,65.044,13,13
S4-E2,0,25,20.00,1,65.228,65.228,13,12
S4-E2,0,26,20.00,1,57.721,57.721,12,12
S4-E2,0,27,20.00,1,48.416,48.416,11,12
S4-E2,0,28,20.00,1,98.477,98.477,12,12
S4-E2,0,29,20.00,1,95.593,95.593,12,12
S4-E2,0,30,20.00,1,78.580,78.580,12,12
S4-E2,0,31,20.00,1,62.682,62.682,12,12
S4-E2,0,32,20.00,1,68.524,68.524,12,11
S4-E2,0,33,20.00,1,52.497,52.497,11,11
S4-E2,0,34,20.00,1,44.235,44.235,10,11
S4-E2,0,35,20.00,1,95.810,95.810,11,11
S4-E2,0,36,20.00,1,84.377,84.377,11,11
S4-E2,0,37,20.00,1,63.852,63.852,11,11
S4-E2,0,38,20.00,1,65.098,65.098,11,11
S4-E2,0,39,20.00,1,62.226,62.226,11,12
S4-E2,0,40,20.00,1,55.165,55.165,12,13
S4-E2,0,41,20.00,1,45.194,45.194,12,13
S4-E2,0,42,20.00,1,99.341,99.341,13,12
S4-E2,0,43,20.00,1,97.637,97.637,12,12
S4-E2,0,44,20.00,1,77.041,77.041,12,12
S4-E2,0,45,20.00,1,69.935,69.935,12,12
S4-E2,0,46,20.00,1,67.284,67.284,12,11
S4-E2,0,47,20.00,1,56.056,56.056,11,12
S4-E2,0,48,20.00,1,51.634,51.634,12,13
S4-E2,0,49,20.00,1,115.383,115.383,13,13
S4-E2,0,50,20.00,1,82.313,82.313,13,13
S4-E2,0,51,20.00,1,67.794,67.794,13,15
S4-E2,0,52,20.00,1,73.806,73.806,15,15
S4-E2,0,53,20.00,1,58.956,58.956,15,15
S4-E2,0,54,20.00,1,65.252,65.252,15,15
S4-E2,0,55,20.00,1,53.234,53.234,15,15
S4-E2,0,56,20.00,1,116.243,116.243,15,15
S4-E2,0,57,20.00,1,85.262,85.262,15,14
S4-E2,0,58,20.00,1,75.191,75.191,14,14
S4-E2,0,59,20.00,1,60.003,60.003,14,14
S4-E2,0,60,20.00,1,58.860,58.860,14,15
S4-E2,0,61,20.00,1,59.774,59.774,15,15
S4-E2,0,62,20.00,1,44.742,44.742,15,16
S4-E2,0,63,20.00,1,96.230,96.230,16,16
S4-E2,0,64,20.00,1,80.272,80.272,16,16
S4-E2,0,65,20.00,1,72.230,72.230,16,16
S4-E2,0,66,20.00,1,54.744,54.744,16,16
S4-E2,0,67,20.00,1,50.615,50.615,15,16
S4-E2,0,68,20.00,1,51.536,51.536,15,16
S4-E2,0,69,20.00,1,54.228,54.228,14,16
S4-E2,0,70,20.00,1,75.127,75.127,16,16
S4-E2,0,71,20.00,1,78.167,78.167,16,16
S4-E2,0,72,20.00,1,75.848,75.848,16,16
S4-E2,0,73,20.00,1,53.700,53.700,15,16
S4-E2,0,74,20.00,1,51.167,51.167,15,16
S4-E2,0,75,20.00,1,53.429,53.429,15,16
S4-E2,0,76,20.00,1,50.373,50.373,15,16
S4-E2,0,77,20.00,1,77.462,77.462,16,16
S4-E2,0,78,20.00,1,73.513,73.513,16,18
S4-E2,0,79,20.00,1,67.353,67.353,17,18
S4-E2,0,80,20.00,1,61.187,61.187,17,18
S4-E2,0,81,20.00,1,59.562,59.562,16,18
S4-E2,0,82,20.00,1,52.438,52.438,16,18
S4-E2,0,83,20.00,1,49.713,49.713,16,18
S4-E2,0,84,20.00,1,80.125,80.125,18,17
S4-E2,0,85,20.00,1,70.849,70.849,17,17
S4-E2,0,86,20.00,1,73.446,73.446,16,17
S4-E2,0,87,20.00,1,55.094,55.094,16,18
S4-E2,0,88,20.00,1,52.661,52.661,16,18
S4-E2,0,89,20.00,1,57.551,57.551,16,18
S4-E2,0,90,20.00,1,46.465,46.465,16,18
S4-E2,0,91,20.00,1,81.526,81.526,18,18
S4-E2,0,92,20.00,1,69.449,69.449,18,19
S4-E2,0,93,20.00,1,63.334,63.334,18,19
S4-E2,0,94,20.00,1,57.859,57.859,18,18
S4-E2,0,95,20.00,1,57.894,57.894,16,18
S4-E2,0,96,20.00,1,54.591,54.591,16,18
S4-E2,0,97,20.00,1,47.868,47.868,16,18
S4-E2,0,98,20.00,1,72.437,72.437,18,18
S4-E2,0,99,20.00,1,77.935,77.935,18,18
S4-E2,0,100,55.00,1,67.270,67.270,2,18
S4-E2,0,101,55.00,1,61.270,61.270,2,18
S4-E2,0,102,55.00,1,60.794,60.794,2,18
S4-E2,0,103,55.00,0,,0.000,0,17
S4-E2,0,104,55.00,0,,0.000,0,17
S4-E2,0,105,55.00,1,68.074,68.074,3,17
S4-E2,0,106,55.00,1,67.724,67.724,3,17
S4-E2,0,107,55.00,1,69.270,69.270,2,17
S4-E2,0,108,55.00,1,59.270,59.270,2,17
S4-E2,0,109,55.00,0,,0.000,0,17
S4-E2,0,110,55.00,0,,0.000,0,17
S4-E2,0,111,55.00,1,55.000,55.000,1,15
S4-E2,0,112,55.00,1,71.806,71.806,2,14
S4-E2,0,113,55.00,1,67.465,67.465,4,15
S4-E2,0,114,55.00,1,79.168,79.168,4,15
S4-E2,0,115,55.00,1,58.845,58.845,2,15
S4-E2,0,116,55.00,1,55.000,55.000,1,15
S4-E2,0,117,55.00,0,,0.000,0,14
S4-E2,0,118,55.00,1,57.788,57.788,1,15
S4-E2,0,119,55.00,1,68.820,68.820,4,16
S4-E2,0,120,55.00,1,63.098,63.098,3,16
S4-E2,0,121,55.00,1,63.261,63.261,2,17
S4-E2,0,122,55.00,1,63.616,63.616,2,18
S4-E2,0,123,55.00,1,55.997,55.997,3,18
S4-E2,0,124,55.00,0,,0.000,0,18
S4-E2,0,125,55.00,1,55.000,55.000,1,18
S4-E2,0,126,55.00,1,60.675,60.675,3,18
S4-E2,0,127,55.00,1,78.682,78.682,9,19
S4-E2,0,128,55.00,1,67.701,67.701,8,19
S4-E2,0,129,55.00,1,85.911,85.911,5,18
S4-E2,0,130,55.00,1,67.853,67.853,5,18
S4-E2,0,131,55.00,1,59.520,59.520,3,18
S4-E2,0,132,55.00,1,68.579,68.579,3,18
S4-E2,0,133,55.00,1,79.695,79.695,7,17
S4-E2,0,134,55.00,1,84.426,84.426,7,17
S4-E2,0,135,55.00,1,71.280,71.280,7,17
S4-E2,0,136,55.00,1,59.769,59.769,7,18
S4-E2,0,137,55.00,1,69.661,69.661,5,17
S4-E2,0,138,55.00,1,68.355,68.355,3,17
S4-E2,0,139,55.00,1,63.336,63.336,2,17
S4-E2,0,140,55.00,1,82.059,82.059,7,18
S4-E2,0,141,55.00,1,78.230,78.230,7,18
S4-E2,0,142,55.00,1,71.124,71.124,7,18
S4-E2,0,143,55.00,1,73.939,73.939,6,19
S4-E2,0,144,55.00,1,68.916,68.916,4,19
S4-E2,0,145,55.00,1,67.281,67.281,4,19
S4-E2,0,146,55.00,1,60.862,60.862,3,20
S4-E2,0,147,55.00,1,97.253,97.253,6,20
S4-E2,0,148,55.00,1,90.066,90.066,6,20
S4-E2,0,149,55.00,1,65.453,65.453,5,20
S4-E2,0,150,55.00,1,64.076,64.076,4,20
S4-E2,0,151,55.00,1,65.012,65.012,2,20
S4-E2,0,152,55.00,1,57.340,57.340,1,20
S4-E2,0,153,55.00,1,55.000,55.000,1,20
S4-E2,0,154,55.00,1,87.986,87.986,8,20
S4-E2,0,155,55.00,1,73.046,73.046,7,20
S4-E2,0,156,55.00,1,78.395,78.395,7,20
S4-E2,0,157,55.00,1,62.998,62.998,4,20
S4-E2,0,158,55.00,1,62.988,62.988,4,19
S4-E2,0,159,55.00,1,67.656,67.656,3,19
S4-E2,0,160,55.00,1,65.474,65.474,2,19
S4-E2,0,161,55.00,1,86.924,86.924,7,18
S4-E2,0,162,55.00,1,97.499,97.499,7,18
S4-E2,0,163,55.00,1,70.251,70.251,5,19
S4-E2,0,164,55.00,1,64.051,64.051,5,20
S4-E2,0,165,55.00,1,62.650,62.650,4,20
S4-E2,0,166,55.00,1,58.483,58.483,4,20
S4-E2,0,167,55.00,1,71.702,71.702,3,20
S4-E2,0,168,55.00,1,81.516,81.516,7,20
S4-E2,0,169,55.00,1,83.573,83.573,8,18
S4-E2,0,170,55.00,1,73.059,73.059,6,18
S4-E2,0,171,55.00,1,69.459,69.459,6,17
S4-E2,0,172,55.00,1,68.267,68.267,4,17
S4-E2,0,173,55.00,1,59.275,59.275,2,18
S4-E2,0,174,55.00,1,60.426,60.426,1,17
S4-E2,0,175,55.00,1,91.125,91.125,5,17
S4-E2,0,176,55.00,1,75.837,75.837,7,17
S4-E2,0,177,55.00,1,69.172,69.172,6,17
S4-E2,0,178,55.00,1,74.096,74.096,6,17
S4-E2,0,179,55.00,1,72.168,72.168,4,16
S4-E2,0,180,55.00,1,59.850,59.850,4,17
S4-E2,0,181,55.00,1,59.592,59.592,1,17
S4-E2,0,182,55.00,1,95.090,95.090,9,17
S4-E2,0,183,55.00,1,92.968,92.968,6,16
S4-E2,0,184,55.00,1,63.746,63.746,6,16
S4-E2,0,185,55.00,1,71.515,71.515,5,15
S4-E2,0,186,55.00,1,58.963,58.963,4,15
S4-E2,0,187,55.00,1,64.976,64.976,3,14
S4-E2,0,188,55.00,1,55.884,55.884,2,14
S4-E2,0,189,55.00,1,102.664,102.664,6,14
S4-E2,0,190,55.00,1,81.036,81.036,7,14
S4-E2,0,191,55.00,1,65.609,65.609,6,14
S4-E2,0,192,55.00,1,66.690,66.690,4,14
S4-E2,0,193,55.00,1,59.387,59.387,4,14
S4-E2,0,194,55.00,1,65.846,65.846,1,14
S4-E2,0,195,55.00,1,58.003,58.003,2,16
S4-E2,0,196,55.00,1,101.063,101.063,7,16
S4-E2,0,197,55.00,1,79.713,79.713,8,15
S4-E2,0,198,55.00,1,63.668,63.668,4,15
S4-E2,0,199,55.00,1,68.540,68.540,4,16
S4-E2,0,200,55.00,1,61.561,61.561,4,16
S4-E2,0,201,55.00,1,64.685,64.685,1,15
S4-E2,0,202,55.00,1,55.000,55.000,1,15
S4-E2,0,203,55.00,1,98.276,98.276,7,16
S4-E2,0,204,55.00,1,74.338,74.338,6,16
S4-E2,0,205,55.00,1,64.583,64.583,5,16
S4-E2,0,206,55.00,1,62.446,62.446,4,17
S4-E2,0,207,55.00,1,63.242,63.242,3,17
S4-E2,0,208,55.00,1,60.269,60.269,3,17
S4-E2,0,209,55.00,1,55.000,55.000,1,17
S4-E2,0,210,55.00,1,90.109,90.109,9,16
S4-E2,0,211,55.00,1,83.293,83.293,7,16
S4-E2,0,212,55.00,1,67.667,67.667,7,17
S4-E2,0,213,55.00,1,65.257,65.257,5,17
S4-E2,0,214,55.00,1,64.452,64.452,4,17
S4-E2,0,215,55.00,1,60.865,60.865,1,17
S4-E2,0,216,55.00,1,70.196,70.196,2,18
S4-E2,0,217,55.00,1,99.858,99.858,8,18
S4-E2,0,218,55.00,1,85.603,85.603,6,17
S4-E2,0,219,55.00,1,73.847,73.847,6,17
S4-E2,0,220,55.00,1,74.311,74.311,4,17
S4-E2,0,221,55.00,1,58.532,58.532,3,17
S4-E2,0,222,55.00,1,60.925,60.925,1,16
S4-E2,0,223,55.00,1,55.000,55.000,1,15
S4-E2,0,224,55.00,1,104.858,104.858,7,15
S4-E2,0,225,55.00,1,80.059,80.059,6,15
S4-E2,0,226,55.00,1,72.280,72.280,4,15
S4-E2,0,227,55.00,1,69.494,69.494,5,15
S4-E2,0,228,55.00,1,69.115,69.115,5,15
S4-E2,0,229,55.00,1,73.955,73.955,2,15
S4-E2,0,230,55.00,1,55.000,55.000,1,15
S4-E2,0,231,55.00,1,94.825,94.825,6,15
S4-E2,0,232,55.00,1,76.935,76.935,7,14
S4-E2,0,233,55.00,1,63.475,63.475,6,14
S4-E2,0,234,55.00,1,60.687,60.687,5,14
S4-E2,0,235,55.00,1,65.005,65.005,3,14
S4-E2,0,236,55.00,1,65.094,65.094,3,15
S4-E2,0,237,55.00,1,56.149,56.149,1,15
S4-E2,0,238,55.00,1,97.481,97.481,7,15
S4-E2,0,239,55.00,1,73.276,73.276,6,16
S4-E2,0,240,55.00,1,65.991,65.991,6,16
S4-E2,0,241,55.00,1,55.264,55.264,2,16
S4-E2,0,242,55.00,1,55.000,55.000,1,16
S4-E2,0,243,55.00,0,,0.000,0,16
S4-E2,0,244,55.00,0,,0.000,0,16
S4-E2,0,245,55.00,1,78.268,78.268,2,16
S4-E2,0,246,55.00,1,72.706,72.706,3,16
S4-E2,0,247,55.00,1,56.668,56.668,3,17
S4-E2,0,248,55.00,1,65.200,65.200,2,17
S4-E2,0,249,55.00,1,59.681,59.681,2,17
S4-E2,1,0,20.00,1,70.068,70.068,18,19
S4-E2,1,1,20.00,1,70.168,70.168,19,19
S4-E2,1,2,20.00,1,63.686,63.686,18,19
S4-E2,1,3,20.00,1,60.749,60.749,18,19
S4-E2,1,4,20.00,1,55.974,55.974,18,20
S4-E2,1,5,20.00,1,56.537,56.537,18,20
S4-E2,1,6,20.00,1,61.654,61.654,18,19
S4-E2,1,7,20.00,1,83.611,83.611,19,19
S4-E2,1,8,20.00,1,65.878,65.878,19,18
S4-E2,1,9,20.00,1,64.821,64.821,17,18
S4-E2,1,10,20.00,1,60.327,60.327,17,18
S4-E2,1,11,20.00,1,57.584,57.584,17,18
S4-E2,1,12,20.00,1,55.395,55.395,16,18
S4-E2,1,13,20.00,1,55.827,55.827,16,18
S4-E2,1,14,20.00,1,74.405,74.405,17,18
S4-E2,1,15,20.00,1,75.084,75.084,18,19
S4-E2,1,16,20.00,1,65.642,65.642,18,19
S4-E2,1,17,20.00,1,60.032,60.032,18,20
S4-E2,1,18,20.00,1,57.879,57.879,18,20
S4-E2,1,19,20.00,1,56.799,56.799,17,20
S4-E2,1,20,20.00,1,54.086,54.086,18,20
S4-E2,1,21,20.00,1,78.962,78.962,20,20
S4-E2,1,22,20.00,1,64.522,64.522,20,20
S4-E2,1,23,20.00,1,63.453,63.453,19,20
S4-E2,1,24,20.00,1,66.773,66.773,19,19
S4-E2,1,25,20.00,1,66.299,66.299,17,19
S4-E2,1,26,20.00,1,53.303,53.303,18,19
S4-E2,1,27,20.00,1,53.270,53.270,18,20
S4-E2,1,28,20.00,1,69.862,69.862,20,19
S4-E2,1,29,20.00,1,66.120,66.120,19,19
S4-E2,1,30,20.00,1,70.981,70.981,19,19
S4-E2,1,31,20.00,1,77.612,77.612,19,19
S4-E2,1,32,20.00,1,58.671,58.671,18,19
S4-E2,1,33,20.00,1,54.094,54.094,18,18
S4-E2,1,34,20.00,1,50.603,50.603,17,16
S4-E2,1,35,20.00,1,75.415,75.415,16,15
S4-E2,1,36,20.00,1,70.841,70.841,15,15
S4-E2,1,37,20.00,1,70.281,70.281,14,16
S4-E2,1,38,20.00,1,61.618,61.618,15,16
S4-E2,1,39,20.00,1,56.294,56.294,15,16
S4-E2,1,40,20.00,1,50.819,50.819,14,16
S4-E2,1,41,20.00,1,52.079,52.079,14,17
S4-E2,1,42,20.00,1,69.308,69.308,17,17
S4-E2,1,43,20.00,1,77.214,77.214,17,17
S4-E2,1,44,20.00,1,68.428,68.428,16,18
S4-E2,1,45,20.00,1,59.439,59.439,17,19
S4-E2,1,46,20.00,1,57.284,57.284,18,20
S4-E2,1,47,20.00,1,58.440,58.440,18,20
S4-E2,1,48,20.00,1,55.138,55.138,18,20
S4-E2,1,49,20.00,1,68.657,68.657,20,20
S4-E2,1,50,20.00,1,64.038,64.038,20,20
S4-E2,1,51,20.00,1,75.719,75.719,20,20
S4-E2,1,52,20.00,1,69.849,69.849,19,18
S4-E2,1,53,20.00,1,56.375,56.375,17,16
S4-E2,1,54,20.00,1,55.806,55.806,15,16
S4-E2,1,55,20.00,1,49.255,49.255,15,16
S4-E2,1,56,20.00,1,75.084,75.084,16,16
S4-E2,1,57,20.00,1,70.597,70.597,16,17
S4-E2,1,58,20.00,1,72.316,72.316,16,17
S4-E2,1,59,20.00,1,65.209,65.209,16,18
S4-E2,1,60,20.00,1,56.638,56.638,17,18
S4-E2,1,61,20.00,1,57.386,57.386,17,18
S4-E2,1,62,20.00,1,51.514,51.514,17,18
S4-E2,1,63,20.00,1,65.160,65.160,18,18
S4-E2,1,64,20.00,1,65.095,65.095,18,18
S4-E2,1,65,20.00,1,65.771,65.771,18,19
S4-E2,1,66,20.00,1,63.346,63.346,19,18
S4-E2,1,67,20.00,1,57.273,57.273,18,19
S4-E2,1,68,20.00,1,53.153,53.153,19,19
S4-E2,1,69,20.00,1,54.364,54.364,18,19
S4-E2,1,70,20.00,1,67.402,67.402,18,19
S4-E2,1,71,20.00,1,73.840,73.840,18,19
S4-E2,1,72,20.00,1,69.465,69.465,19,19
S4-E2,1,73,20.00,1,64.365,64.365,18,18
S4-E2,1,74,20.00,1,52.358,52.358,16,17
S4-E2,1,75,20.00,1,54.240,54.240,15,17
S4-E2,1,76,20.00,1,58.845,58.845,15,18
S4-E2,1,77,20.00,1,69.117,69.117,18,18
S4-E2,1,78,20.00,1,68.430,68.430,18,18
S4-E2,1,79,20.00,1,58.870,58.870,17,19
S4-E2,1,80,20.00,1,61.261,61.261,17,18
S4-E2,1,81,20.00,1,56.709,56.709,17,17
S4-E2,1,82,20.00,1,55.461,55.461,15,17
S4-E2,1,83,20.00,1,55.559,55.559,14,17
S4-E2,1,84,20.00,1,79.741,79.741,16,17
S4-E2,1,85,20.00,1,66.807,66.807,16,17
S4-E2,1,86,20.00,1,70.126,70.126,16,17
S4-E2,1,87,20.00,1,68.042,68.042,16,17
S4-E2,1,88,20.00,1,52.817,52.817,16,17
S4-E2,1,89,20.00,1,54.569,54.569,16,17
S4-E2,1,90,20.00,1,56.358,56.358,15,17
S4-E2,1,91,20.00,1,75.328,75.328,16,17
S4-E2,1,92,20.00,1,67.181,67.181,16,16
S4-E2,1,93,20.00,1,63.601,63.601,15,16
S4-E2,1,94,20.00,1,61.248,61.248,14,16
S4-E2,1,95,20.00,1,56.471,56.471,14,16
S4-E2,1,96,20.00,1,55.475,55.475,14,17
S4-E2,1,97,20.00,1,54.310,54.310,14,17
S4-E2,1,98,20.00,1,70.522,70.522,17,17
S4-E2,1,99,20.00,1,63.217,63.217,16,17
S4-E2,1,100,55.00,1,75.041,75.041,4,17
S4-E2,1,101,55.00,1,69.287,69.287,3,17
S4-E2,1,102,55.00,1,55.877,55.877,1,17
S4-E2,1,103,55.00,1,55.000,55.000,2,17
S4-E2,1,104,55.00,0,,0.000,0,15
S4-E2,1,105,55.00,1,57.694,57.694,6,15
S4-E2,1,106,55.00,1,64.829,64.829,5,16
S4-E2,1,107,55.00,1,60.806,60.806,4,16
S4-E2,1,108,55.00,1,70.093,70.093,4,16
S4-E2,1,109,55.00,1,57.862,57.862,2,16
S4-E2,1,110,55.00,1,62.011,62.011,3,16
S4-E2,1,111,55.00,0,,0.000,0,16
S4-E2,1,112,55.00,1,64.589,64.589,4,16
S4-E2,1,113,55.00,1,67.801,67.801,5,16
S4-E2,1,114,55.00,1,65.689,65.689,5,16
S4-E2,1,115,55.00,1,69.301,69.301,2,16
S4-E2,1,116,55.00,1,55.000,55.000,1,16
S4-E2,1,117,55.00,1,55.000,55.000,1,16
S4-E2,1,118,55.00,1,56.103,56.103,2,17
S4-E2,1,119,55.00,1,68.475,68.475,3,17
S4-E2,1,120,55.00,1,68.415,68.415,4,17
S4-E2,1,121,55.00,1,64.771,64.771,4,17
S4-E2,1,122,55.00,1,58.815,58.815,3,18
S4-E2,1,123,55.00,1,77.567,77.567,1,18
S4-E2,1,124,55.00,1,60.336,60.336,1,18
S4-E2,1,125,55.00,1,55.000,55.000,1,19
S4-E2,1,126,55.00,1,67.185,67.185,4,20
S4-E2,1,127,55.00,1,77.014,77.014,4,20
S4-E2,1,128,55.00,1,74.426,74.426,3,20
S4-E2,1,129,55.00,1,74.145,74.145,3,20
S4-E2,1,130,55.00,1,55.000,55.000,1,19
S4-E2,1,131,55.00,1,55.000,55.000,2,17
S4-E2,1,132,55.00,0,,0.000,0,18
S4-E2,1,133,55.00,1,68.789,68.789,4,18
S4-E2,1,134,55.00,1,71.243,71.243,4,18
S4-E2,1,135,55.00,1,68.773,68.773,2,17
S4-E2,1,136,55.00,1,61.356,61.356,3,17
S4-E2,1,137,55.00,1,55.000,55.000,1,17
S4-E2,1,138,55.00,1,62.093,62.093,1,17
S4-E2,1,139,55.00,0,,0.000,0,17
S4-E2,1,140,55.00,1,61.022,61.022,6,17
S4-E2,1,141,55.00,1,75.987,75.987,4,16
S4-E2,1,142,55.00,1,70.021,70.021,4,16
S4-E2,1,143,55.00,1,73.502,73.502,8,16
S4-E2,1,144,55.00,1,69.139,69.139,8,17
S4-E2,1,145,55.00,1,66.643,66.643,4,17
S4-E2,1,146,55.00,1,67.512,67.512,4,18
S4-E2,1,147,55.00,1,62.919,62.919,5,18
S4-E2,1,148,55.00,1,66.531,66.531,4,18
S4-E2,1,149,55.00,1,64.328,64.328,2,18
S4-E2,1,150,55.00,1,68.105,68.105,1,18
S4-E2,1,151,55.00,1,56.679,56.679,2,18
S4-E2,1,152,55.00,1,56.673,56.673,2,17
S4-E2,1,153,55.00,1,55.000,55.000,1,17
S4-E2,1,154,55.00,1,66.383,66.383,4,16
S4-E2,1,155,55.00,1,61.729,61.729,4,16
S4-E2,1,156,55.00,1,68.012,68.012,2,16
S4-E2,1,157,55.00,1,65.102,65.102,1,16
S4-E2,1,158,55.00,1,57.680,57.680,1,16
S4-E2,1,159,55.00,0,,0.000,0,17
S4-E2,1,160,55.00,0,,0.000,0,17
S4-E2,1,161,55.00,1,70.382,70.382,4,17
S4-E2,1,162,55.00,1,69.050,69.050,4,17
S4-E2,1,163,55.00,1,60.355,60.355,4,16
S4-E2,1,164,55.00,1,67.660,67.660,3,16
S4-E2,1,165,55.00,1,55.000,55.000,1,16
S4-E2,1,166,55.00,0,,0.000,0,16
S4-E2,1,167,55.00,1,55.000,55.000,1,16
S4-E2,1,168,55.00,1,73.735,73.735,5,16
S4-E2,1,169,55.00,1,72.299,72.299,5,16
S4-E2,1,170,55.00,1,65.512,65.512,4,16
S4-E2,1,171,55.00,1,58.216,58.216,2,16
S4-E2,1,172,55.00,1,57.655,57.655,1,17
S4-E2,1,173,55.00,0,,0.000,0,17
S4-E2,1,174,55.00,1,56.642,56.642,1,17
S4-E2,1,175,55.00,1,64.780,64.780,3,17
S4-E2,1,176,55.00,1,64.671,64.671,5,17
S4-E2,1,177,55.00,1,62.009,62.009,4,16
S4-E2,1,178,55.00,1,64.410,64.410,3,16
S4-E2,1,179,55.00,1,56.167,56.167,2,16
S4-E2,1,180,55.00,1,55.000,55.000,1,16
S4-E2,1,181,55.00,1,59.066,59.066,1,16
S4-E2,1,182,55.00,1,59.538,59.538,4,17
S4-E2,1,183,55.00,1,68.067,68.067,5,16
S4-E2,1,184,55.00,1,65.273,65.273,3,16
S4-E2,1,185,55.00,1,61.256,61.256,2,16
S4-E2,1,186,55.00,1,55.467,55.467,1,16
S4-E2,1,187,55.00,1,55.000,55.000,2,17
S4-E2,1,188,55.00,1,55.000,55.000,2,17
S4-E2,1,189,55.00,1,75.400,75.400,3,18
S4-E2,1,190,55.00,1,62.589,62.589,3,18
S4-E2,1,191,55.00,1,58.454,58.454,2,18
S4-E2,1,192,55.00,1,64.878,64.878,3,18
S4-E2,1,193,55.00,1,55.000,55.000,2,18
S4-E2,1,194,55.00,0,,0.000,0,19
S4-E2,1,195,55.00,1,55.000,55.000,2,19
S4-E2,1,196,55.00,1,62.693,62.693,6,19
S4-E2,1,197,55.00,1,69.640,69.640,3,19
S4-E2,1,198,55.00,1,58.338,58.338,5,18
S4-E2,1,199,55.00,1,61.681,61.681,3,18
S4-E2,1,200,55.00,1,58.288,58.288,2,18
S4-E2,1,201,55.00,1,55.000,55.000,1,17
S4-E2,1,202,55.00,1,57.710,57.710,2,17
S4-E2,1,203,55.00,1,66.576,66.576,4,17
S4-E2,1,204,55.00,1,62.834,62.834,6,16
S4-E2,1,205,55.00,1,66.573,66.573,4,16
S4-E2,1,206,55.00,1,56.402,56.402,4,16
S4-E2,1,207,55.00,1,56.558,56.558,3,16
S4-E2,1,208,55.00,1,61.180,61.180,1,15
S4-E2,1,209,55.00,1,63.610,63.610,1,15
S4-E2,1,210,55.00,1,63.044,63.044,6,15
S4-E2,1,211,55.00,1,58.269,58.269,7,15
S4-E2,1,212,55.00,1,71.061,71.061,3,15
S4-E2,1,213,55.00,1,70.795,70.795,2,15
S4-E2,1,214,55.00,1,68.726,68.726,1,15
S4-E2,1,215,55.00,1,55.000,55.000,1,14
S4-E2,1,216,55.00,1,55.000,55.000,1,14
S4-E2,1,217,55.00,1,73.206,73.206,4,14
S4-E2,1,218,55.00,1,62.526,62.526,4,13
S4-E2,1,219,55.00,1,67.243,67.243,2,13
S4-E2,1,220,55.00,1,67.969,67.969,1,12
S4-E2,1,221,55.00,0,,0.000,0,12
S4-E2,1,222,55.00,1,58.094,58.094,1,12
S4-E2,1,223,55.00,0,,0.000,0,12
S4-E2,1,224,55.00,1,67.335,67.335,3,14
S4-E2,1,225,55.00,1,65.822,65.822,3,14
S4-E2,1,226,55.00,1,59.303,59.303,4,14
S4-E2,1,227,55.00,1,55.000,55.000,2,14
S4-E2,1,228,55.00,1,57.441,57.441,2,14
S4-E2,1,229,55.00,1,62.430,62.430,4,14
S4-E2,1,230,55.00,1,59.282,59.282,1,14
S4-E2,1,231,55.00,1,67.366,67.366,4,14
S4-E2,1,232,55.00,1,63.981,63.981,5,14
S4-E2,1,233,55.00,1,62.630,62.630,5,14
S4-E2,1,234,55.00,1,60.602,60.602,4,15
S4-E2,1,235,55.00,1,69.986,69.986,8,15
S4-E2,1,236,55.00,1,75.982,75.982,7,15
S4-E2,1,237,55.00,1,69.481,69.481,6,16
S4-E2,1,238,55.00,1,82.840,82.840,8,16
S4-E2,1,239,55.00,1,89.870,89.870,8,16
S4-E2,1,240,55.00,1,87.995,87.995,8,16
S4-E2,1,241,55.00,1,86.687,86.687,5,16
S4-E2,1,242,55.00,1,62.801,62.801,5,16
S4-E2,1,243,55.00,1,62.352,62.352,5,16
S4-E2,1,244,55.00,1,65.510,65.510,4,16
S4-E2,1,245,55.00,1,89.855,89.855,9,18
S4-E2,1,246,55.00,1,83.946,83.946,8,18
S4-E2,1,247,55.00,1,86.827,86.827,7,18
S4-E2,1,248,55.00,1,73.814,73.814,6,18
S4-E2,1,249,55.00,1,72.059,72.059,6,18
S4-E2,2,0,20.00,1,56.425,56.425,15,15
S4-E2,2,1,20.00,1,53.527,53.527,14,14
S4-E2,2,2,20.00,1,49.988,49.988,13,14
S4-E2,2,3,20.00,1,52.747,52.747,13,14
S4-E2,2,4,20.00,1,45.364,45.364,12,15
S4-E2,2,5,20.00,1,54.366,54.366,12,15
S4-E2,2,6,20.00,1,41.340,41.340,12,15
S4-E2,2,7,20.00,1,55.990,55.990,14,15
S4-E2,2,8,20.00,1,50.283,50.283,15,14
S4-E2,2,9,20.00,1,52.096,52.096,12,14
S4-E2,2,10,20.00,1,49.692,49.692,12,14
S4-E2,2,11,20.00,1,51.495,51.495,12,14
S4-E2,2,12,20.00,1,42.403,42.403,11,14
S4-E2,2,13,20.00,1,45.808,45.808,11,14
S4-E2,2,14,20.00,1,52.946,52.946,13,14
S4-E2,2,15,20.00,1,53.126,53.126,13,14
S4-E2,2,16,20.00,1,48.842,48.842,14,15
S4-E2,2,17,20.00,1,50.095,50.095,13,15
S4-E2,2,18,20.00,1,47.988,47.988,12,16
S4-E2,2,19,20.00,1,45.588,45.588,13,16
S4-E2,2,20,20.00,1,40.018,40.018,14,16
S4-E2,2,21,20.00,1,53.560,53.560,16,16
S4-E2,2,22,20.00,1,56.179,56.179,15,17
S4-E2,2,23,20.00,1,48.228,48.228,16,17
S4-E2,2,24,20.00,1,50.095,50.095,15,18
S4-E2,2,25,20.00,1,45.570,45.570,15,18
S4-E2,2,26,20.00,1,41.632,41.632,15,18
S4-E2,2,27,20.00,1,43.054,43.054,14,18
S4-E2,2,28,20.00,1,58.016,58.016,17,18
S4-E2,2,29,20.00,1,48.444,48.444,17,18
S4-E2,2,30,20.00,1,53.302,53.302,17,18
S4-E2,2,31,20.00,1,48.486,48.486,17,17
S4-E2,2,32,20.00,1,48.257,48.257,15,17
S4-E2,2,33,20.00,1,48.709,48.709,15,18
S4-E2,2,34,20.00,1,47.562,47.562,15,18
S4-E2,2,35,20.00,1,52.071,52.071,18,18
S4-E2,2,36,20.00,1,59.773,59.773,18,18
S4-E2,2,37,20.00,1,54.203,54.203,18,18
S4-E2,2,38,20.00,1,54.091,54.091,16,19
S4-E2,2,39,20.00,1,47.163,47.163,17,19
S4-E2,2,40,20.00,1,47.477,47.477,17,18
S4-E2,2,41,20.00,1,42.015,42.015,16,18
S4-E2,2,42,20.00,1,57.989,57.989,18,18
S4-E2,2,43,20.00,1,52.843,52.843,17,18
S4-E2,2,44,20.00,1,49.116,49.116,17,18
S4-E2,2,45,20.00,1,48.945,48.945,18,18
S4-E2,2,46,20.00,1,48.285,48.285,16,18
S4-E2,2,47,20.00,1,46.842,46.842,16,18
S4-E2,2,48,20.00,1,43.597,43.597,15,19
S4-E2,2,49,20.00,1,56.489,56.489,18,19
S4-E2,2,50,20.00,1,61.285,61.285,18,19
S4-E2,2,51,20.00,1,49.785,49.785,18,20
S4-E2,2,52,20.00,1,48.613,48.613,18,20
S4-E2,2,53,20.00,1,43.759,43.759,18,18
S4-E2,2,54,20.00,1,40.503,40.503,16,18
S4-E2,2,55,20.00,1,41.322,41.322,15,18
S4-E2,2,56,20.00,1,53.176,53.176,17,18
S4-E2,2,57,20.00,1,57.185,57.185,17,18
S4-E2,2,58,20.00,1,49.894,49.894,18,18
S4-E2,2,59,20.00,1,49.089,49.089,17,18
S4-E2,2,60,20.00,1,48.612,48.612,16,18
S4-E2,2,61,20.00,1,49.151,49.151,15,18
S4-E2,2,62,20.00,1,46.639,46.639,15,18
S4-E2,2,63,20.00,1,62.557,62.557,16,18
S4-E2,2,64,20.00,1,65.830,65.830,18,18
S4-E2,2,65,20.00,1,56.128,56.128,18,18
S4-E2,2,66,20.00,1,57.661,57.661,18,18
S4-E2,2,67,20.00,1,53.639,53.639,18,18
S4-E2,2,68,20.00,1,54.925,54.925,18,18
S4-E2,2,69,20.00,1,50.111,50.111,18,18
S4-E2,2,70,20.00,1,77.015,77.015,18,18
S4-E2,2,71,20.00,1,69.624,69.624,18,16
S4-E2,2,72,20.00,1,56.827,56.827,16,17
S4-E2,2,73,20.00,1,64.484,64.484,17,17
S4-E2,2,74,20.00,1,49.042,49.042,17,17
S4-E2,2,75,20.00,1,51.072,51.072,17,17
S4-E2,2,76,20.00,1,47.140,47.140,17,17
S4-E2,2,77,20.00,1,69.658,69.658,17,16
S4-E2,2,78,20.00,1,70.397,70.397,16,16
S4-E2,2,79,20.00,1,59.224,59.224,16,16
S4-E2,2,80,20.00,1,60.792,60.792,16,16
S4-E2,2,81,20.00,1,56.718,56.718,16,15
S4-E2,2,82,20.00,1,49.738,49.738,15,15
S4-E2,2,83,20.00,1,51.130,51.130,15,15
S4-E2,2,84,20.00,1,77.188,77.188,15,16
S4-E2,2,85,20.00,1,77.168,77.168,16,16
S4-E2,2,86,20.00,1,63.201,63.201,16,15
S4-E2,2,87,20.00,1,57.235,57.235,14,15
S4-E2,2,88,20.00,1,62.250,62.250,14,15
S4-E2,2,89,20.00,1,47.508,47.508,14,15
S4-E2,2,90,20.00,1,50.484,50.484,14,15
S4-E2,2,91,20.00,1,73.943,73.943,15,15
S4-E2,2,92,20.00,1,65.640,65.640,15,15
S4-E2,2,93,20.00,1,60.041,60.041,15,15
S4-E2,2,94,20.00,1,63.344,63.344,14,15
S4-E2,2,95,20.00,1,60.696,60.696,14,15
S4-E2,2,96,20.00,1,58.083,58.083,14,16
S4-E2,2,97,20.00,1,49.609,49.609,15,17
S4-E2,2,98,20.00,1,68.662,68.662,17,17
S4-E2,2,99,20.00,1,62.317,62.317,17,18
S4-E2,2,100,55.00,1,66.097,66.097,3,19
S4-E2,2,101,55.00,1,55.137,55.137,5,18
S4-E2,2,102,55.00,1,60.733,60.733,2,18
S4-E2,2,103,55.00,1,55.000,55.000,1,18
S4-E2,2,104,55.00,1,56.770,56.770,1,18
S4-E2,2,105,55.00,1,70.022,70.022,6,18
S4-E2,2,106,55.00,1,80.425,80.425,6,18
S4-E2,2,107,55.00,1,58.768,58.768,6,19
S4-E2,2,108,55.00,1,58.589,58.589,5,19
S4-E2,2,109,55.00,1,58.441,58.441,5,20
S4-E2,2,110,55.00,1,55.000,55.000,2,20
S4-E2,2,111,55.00,1,58.335,58.335,1,20
S4-E2,2,112,55.00,1,65.262,65.262,7,20
S4-E2,2,113,55.00,1,72.957,72.957,3,20
S4-E2,2,114,55.00,1,57.716,57.716,3,20
S4-E2,2,115,55.00,1,60.791,60.791,3,20
S4-E2,2,116,55.00,1,57.905,57.905,3,20
S4-E2,2,117,55.00,1,57.325,57.325,3,20
S4-E2,2,118,55.00,1,55.000,55.000,2,20
S4-E2,2,119,55.00,1,74.975,74.975,5,21
S4-E2,2,120,55.00,1,72.918,72.918,6,20
S4-E2,2,121,55.00,1,60.483,60.483,4,20
S4-E2,2,122,55.00,1,55.959,55.959,3,20
S4-E2,2,123,55.00,1,58.788,58.788,2,20
S4-E2,2,124,55.00,1,55.000,55.000,1,19
S4-E2,2,125,55.00,1,55.668,55.668,2,19
S4-E2,2,126,55.00,1,66.357,66.357,5,18
S4-E2,2,127,55.00,1,68.656,68.656,3,17
S4-E2,2,128,55.00,1,59.457,59.457,1,17
S4-E2,2,129,55.00,1,55.000,55.000,3,17
S4-E2,2,130,55.00,1,64.305,64.305,2,16
S4-E2,2,131,55.00,1,55.000,55.000,3,15
S4-E2,2,132,55.00,1,57.462,57.462,1,15
S4-E2,2,133,55.00,1,70.162,70.162,7,15
S4-E2,2,134,55.00,1,72.895,72.895,7,15
S4-E2,2,135,55.00,1,58.083,58.083,5,15
S4-E2,2,136,55.00,1,64.128,64.128,4,15
S4-E2,2,137,55.00,1,57.716,57.716,2,15
S4-E2,2,138,55.00,1,55.000,55.000,1,15
S4-E2,2,139,55.00,1,55.000,55.000,1,15
S4-E2,2,140,55.00,1,70.140,70.140,5,15
S4-E2,2,141,55.00,1,72.831,72.831,3,16
S4-E2,2,142,55.00,1,55.000,55.000,2,16
S4-E2,2,143,55.00,1,55.000,55.000,3,17
S4-E2,2,144,55.00,1,55.004,55.004,3,17
S4-E2,2,145,55.00,1,57.158,57.158,2,17
S4-E2,2,146,55.00,1,55.000,55.000,1,16
S4-E2,2,147,55.00,1,65.741,65.741,6,16
S4-E2,2,148,55.00,1,76.926,76.926,4,16
S4-E2,2,149,55.00,1,55.000,55.000,1,16
S4-E2,2,150,55.00,1,60.805,60.805,3,17
S4-E2,2,151,55.00,1,58.657,58.657,3,18
S4-E2,2,152,55.00,1,59.622,59.622,5,18
S4-E2,2,153,55.00,1,58.196,58.196,4,18
S4-E2,2,154,55.00,1,70.384,70.384,7,18
S4-E2,2,155,55.00,1,64.007,64.007,4,18
S4-E2,2,156,55.00,1,55.034,55.034,3,18
S4-E2,2,157,55.00,1,58.506,58.506,5,18
S4-E2,2,158,55.00,1,55.000,55.000,1,18
S4-E2,2,159,55.00,1,60.953,60.953,2,20
S4-E2,2,160,55.00,1,55.000,55.000,1,20
S4-E2,2,161,55.00,1,79.191,79.191,8,20
S4-E2,2,162,55.00,1,65.122,65.122,4,20
S4-E2,2,163,55.00,1,59.341,59.341,5,19
S4-E2,2,164,55.00,1,55.000,55.000,2,19
S4-E2,2,165,55.00,1,58.398,58.398,1,19
S4-E2,2,166,55.00,1,55.000,55.000,1,19
S4-E2,2,167,55.00,1,55.000,55.000,1,19
S4-E2,2,168,55.00,1,66.697,66.697,6,19
S4-E2,2,169,55.00,1,66.782,66.782,2,19
S4-E2,2,170,55.00,1,65.333,65.333,6,21
S4-E2,2,171,55.00,1,58.673,58.673,2,20
S4-E2,2,172,55.00,1,55.000,55.000,2,21
S4-E2,2,173,55.00,1,55.000,55.000,1,21
S4-E2,2,174,55.00,1,55.861,55.861,2,21
S4-E2,2,175,55.00,1,64.620,64.620,5,21
S4-E2,2,176,55.00,1,67.597,67.597,5,21
S4-E2,2,177,55.00,1,57.319,57.319,3,21
S4-E2,2,178,55.00,1,55.000,55.000,2,22
S4-E2,2,179,55.00,1,55.000,55.000,1,22
S4-E2,2,180,55.00,1,67.286,67.286,1,21
S4-E2,2,181,55.00,0,,0.000,0,21
S4-E2,2,182,55.00,1,64.549,64.549,6,21
S4-E2,2,183,55.00,1,59.234,59.234,3,21
S4-E2,2,184,55.00,1,66.771,66.771,3,21
S4-E2,2,185,55.00,1,57.362,57.362,4,21
S4-E2,2,186,55.00,1,55.000,55.000,1,21
S4-E2,2,187,55.00,1,55.000,55.000,1,21
S4-E2,2,188,55.00,1,55.000,55.000,1,21
S4-E2,2,189,55.00,1,73.791,73.791,6,21
S4-E2,2,190,55.00,1,71.643,71.643,6,21
S4-E2,2,191,55.00,1,63.520,63.520,3,22
S4-E2,2,192,55.00,1,55.000,55.000,2,23
S4-E2,2,193,55.00,1,55.000,55.000,4,23
S4-E2,2,194,55.00,1,56.711,56.711,3,23
S4-E2,2,195,55.00,1,56.530,56.530,1,23
S4-E2,2,196,55.00,1,60.506,60.506,7,21
S4-E2,2,197,55.00,1,65.711,65.711,5,21
S4-E2,2,198,55.00,1,66.715,66.715,5,22
S4-E2,2,199,55.00,1,58.297,58.297,2,21
S4-E2,2,200,55.00,1,55.000,55.000,2,21
S4-E2,2,201,55.00,1,57.772,57.772,1,21
S4-E2,2,202,55.00,1,55.000,55.000,1,21
S4-E2,2,203,55.00,1,72.118,72.118,7,20
S4-E2,2,204,55.00,1,70.239,70.239,5,20
S4-E2,2,205,55.00,1,59.588,59.588,3,19
S4-E2,2,206,55.00,1,55.000,55.000,1,20
S4-E2,2,207,55.00,1,55.000,55.000,3,20
S4-E2,2,208,55.00,1,58.146,58.146,2,20
S4-E2,2,209,55.00,1,57.525,57.525,1,20
S4-E2,2,210,55.00,1,64.527,64.527,8,20
S4-E2,2,211,55.00,1,65.693,65.693,4,20
S4-E2,2,212,55.00,1,61.902,61.902,3,20
S4-E2,2,213,55.00,1,55.218,55.218,2,20
S4-E2,2,214,55.00,1,57.158,57.158,1,19
S4-E2,2,215,55.00,0,,0.000,0,18
S4-E2,2,216,55.00,0,,0.000,0,18
S4-E2,2,217,55.00,1,68.194,68.194,5,17
S4-E2,2,218,55.00,1,59.604,59.604,6,17
S4-E2,2,219,55.00,1,56.744,56.744,3,17
S4-E2,2,220,55.00,1,55.000,55.000,3,17
S4-E2,2,221,55.00,1,55.000,55.000,3,17
S4-E2,2,222,55.00,1,55.488,55.488,2,17
S4-E2,2,223,55.00,1,62.684,62.684,2,17
S4-E2,2,224,55.00,1,62.556,62.556,7,17
S4-E2,2,225,55.00,1,65.718,65.718,6,17
S4-E2,2,226,55.00,1,55.416,55.416,4,17
S4-E2,2,227,55.00,1,67.193,67.193,3,17
S4-E2,2,228,55.00,1,56.059,56.059,2,17
S4-E2,2,229,55.00,0,,0.000,0,17
S4-E2,2,230,55.00,1,55.000,55.000,2,15
S4-E2,2,231,55.00,1,68.299,68.299,5,15
S4-E2,2,232,55.00,1,62.729,62.729,5,16
S4-E2,2,233,55.00,1,64.810,64.810,4,16
S4-E2,2,234,55.00,1,71.810,71.810,2,17
S4-E2,2,235,55.00,1,57.306,57.306,3,17
S4-E2,2,236,55.00,0,,0.000,0,17
S4-E2,2,237,55.00,1,60.633,60.633,1,17
S4-E2,2,238,55.00,1,73.339,73.339,4,18
S4-E2,2,239,55.00,1,62.683,62.683,6,18
S4-E2,2,240,55.00,1,68.600,68.600,2,18
S4-E2,2,241,55.00,1,59.715,59.715,2,17
S4-E2,2,242,55.00,1,58.544,58.544,4,17
S4-E2,2,243,55.00,1,58.246,58.246,2,16
S4-E2,2,244,55.00,1,55.000,55.000,1,16
S4-E2,2,245,55.00,1,66.895,66.895,7,16
S4-E2,2,246,55.00,1,68.775,68.775,3,16
S4-E2,2,247,55.00,1,66.884,66.884,5,16
S4-E2,2,248,55.00,1,55.337,55.337,4,16
S4-E2,2,249,55.00,1,57.234,57.234,2,15
S4-E2,3,0,20.00,1,85.027,85.027,15,15
S4-E2,3,1,20.00,1,72.613,72.613,15,15
S4-E2,3,2,20.00,1,80.137,80.137,15,15
S4-E2,3,3,20.00,1,66.803,66.803,15,14
S4-E2,3,4,20.00,1,73.302,73.302,14,14
S4-E2,3,5,20.00,1,66.745,66.745,14,14
S4-E2,3,6,20.00,1,76.803,76.803,14,14
S4-E2,3,7,20.00,1,94.711,94.711,14,14
S4-E2,3,8,20.00,1,80.600,80.600,14,14
S4-E2,3,9,20.00,1,70.887,70.887,14,14
S4-E2,3,10,20.00,1,73.712,73.712,14,13
S4-E2,3,11,20.00,1,73.239,73.239,13,13
S4-E2,3,12,20.00,1,67.318,67.318,13,13
S4-E2,3,13,20.00,1,80.269,80.269,13,13
S4-E2,3,14,20.00,1,97.794,97.794,13,13
S4-E2,3,15,20.00,1,78.213,78.213,13,13
S4-E2,3,16,20.00,1,77.624,77.624,13,13
S4-E2,3,17,20.00,1,79.038,79.038,13,13
S4-E2,3,18,20.00,1,65.777,65.777,13,13
S4-E2,3,19,20.00,1,66.423,66.423,13,13
S4-E2,3,20,20.00,1,70.841,70.841,13,13
S4-E2,3,21,20.00,1,90.284,90.284,13,13
S4-E2,3,22,20.00,1,81.811,81.811,13,13
S4-E2,3,23,20.00,1,76.702,76.702,13,13
S4-E2,3,24,20.00,1,75.348,75.348,13,13
S4-E2,3,25,20.00,1,77.231,77.231,13,13
S4-E2,3,26,20.00,1,65.233,65.233,12,13
S4-E2,3,27,20.00,1,68.371,68.371,12,12
S4-E2,3,28,20.00,1,89.196,89.196,12,12
S4-E2,3,29,20.00,1,83.038,83.038,12,12
S4-E2,3,30,20.00,1,75.590,75.590,12,11
S4-E2,3,31,20.00,1,79.011,79.011,11,11
S4-E2,3,32,20.00,1,63.615,63.615,11,11
S4-E2,3,33,20.00,1,50.557,50.557,11,12
S4-E2,3,34,20.00,1,57.792,57.792,12,12
S4-E2,3,35,20.00,1,85.789,85.789,12,12
S4-E2,3,36,20.00,1,77.740,77.740,12,12
S4-E2,3,37,20.00,1,82.482,82.482,12,12
S4-E2,3,38,20.00,1,73.492,73.492,12,12
S4-E2,3,39,20.00,1,63.227,63.227,12,11
S4-E2,3,40,20.00,1,67.723,67.723,11,10
S4-E2,3,41,20.00,1,71.479,71.479,10,10
S4-E2,3,42,20.00,1,80.760,80.760,10,10
S4-E2,3,43,20.00,1,82.548,82.548,10,10
S4-E2,3,44,20.00,1,74.599,74.599,10,11
S4-E2,3,45,20.00,1,65.844,65.844,11,11
S4-E2,3,46,20.00,1,75.433,75.433,11,10
S4-E2,3,47,20.00,1,66.052,66.052,10,10
S4-E2,3,48,20.00,1,63.479,63.479,10,9
S4-E2,3,49,20.00,1,99.152,99.152,9,9
S4-E2,3,50,20.00,1,75.235,75.235,9,11
S4-E2,3,51,20.00,1,75.124,75.124,11,12
S4-E2,3,52,20.00,1,77.299,77.299,12,12
S4-E2,3,53,20.00,1,68.483,68.483,12,12
S4-E2,3,54,20.00,1,61.756,61.756,12,12
S4-E2,3,55,20.00,1,66.669,66.669,12,12
S4-E2,3,56,20.00,1,97.995,97.995,12,13
S4-E2,3,57,20.00,1,105.510,105.510,13,14
S4-E2,3,58,20.00,1,76.391,76.391,14,14
S4-E2,3,59,20.00,1,77.727,77.727,14,14
S4-E2,3,60,20.00,1,66.513,66.513,14,14
S4-E2,3,61,20.00,1,64.368,64.368,14,14
S4-E2,3,62,20.00,1,60.852,60.852,14,15
S4-E2,3,63,20.00,1,100.285,100.285,15,15
S4-E2,3,64,20.00,1,75.146,75.146,15,15
S4-E2,3,65,20.00,1,79.271,79.271,15,16
S4-E2,3,66,20.00,1,73.006,73.006,16,16
S4-E2,3,67,20.00,1,61.651,61.651,16,16
S4-E2,3,68,20.00,1,75.815,75.815,16,16
S4-E2,3,69,20.00,1,68.504,68.504,16,17
S4-E2,3,70,20.00,1,96.057,96.057,17,17
S4-E2,3,71,20.00,1,87.385,87.385,17,18
S4-E2,3,72,20.00,1,68.501,68.501,18,18
S4-E2,3,73,20.00,1,73.326,73.326,18,18
S4-E2,3,74,20.00,1,79.159,79.159,18,19
S4-E2,3,75,20.00,1,67.692,67.692,18,19
S4-E2,3,76,20.00,1,65.520,65.520,18,19
S4-E2,3,77,20.00,1,84.947,84.947,19,19
S4-E2,3,78,20.00,1,83.982,83.982,19,19
S4-E2,3,79,20.00,1,76.806,76.806,19,19
S4-E2,3,80,20.00,1,68.724,68.724,19,17
S4-E2,3,81,20.00,1,67.422,67.422,17,18
S4-E2,3,82,20.00,1,61.144,61.144,18,18
S4-E2,3,83,20.00,1,67.697,67.697,18,18
S4-E2,3,84,20.00,1,100.038,100.038,18,18
S4-E2,3,85,20.00,1,92.109,92.109,18,19
S4-E2,3,86,20.00,1,66.970,66.970,19,19
S4-E2,3,87,20.00,1,75.558,75.558,19,18
S4-E2,3,88,20.00,1,65.574,65.574,18,19
S4-E2,3,89,20.00,1,58.956,58.956,19,19
S4-E2,3,90,20.00,1,70.479,70.479,19,19
S4-E2,3,91,20.00,1,102.622,102.622,19,19
S4-E2,3,92,20.00,1,82.880,82.880,19,19
S4-E2,3,93,20.00,1,86.730,86.730,19,19
S4-E2,3,94,20.00,1,72.032,72.032,19,18
S4-E2,3,95,20.00,1,70.458,70.458,18,18
S4-E2,3,96,20.00,1,69.162,69.162,18,18
S4-E2,3,97,20.00,1,75.355,75.355,18,18
S4-E2,3,98,20.00,1,95.772,95.772,18,17
S4-E2,3,99,20.00,1,87.248,87.248,17,17
S4-E2,3,100,55.00,1,80.849,80.849,9,18
S4-E2,3,101,55.00,1,68.688,68.688,9,18
S4-E2,3,102,55.00,1,66.149,66.149,7,18
S4-E2,3,103,55.00,1,66.692,66.692,6,18
S4-E2,3,104,55.00,1,65.511,65.511,4,20
S4-E2,3,105,55.00,1,90.064,90.064,11,20
S4-E2,3,106,55.00,1,75.085,75.085,10,19
S4-E2,3,107,55.00,1,70.865,70.865,9,19
S4-E2,3,108,55.00,1,79.986,79.986,6,19
S4-E2,3,109,55.00,1,74.247,74.247,8,18
S4-E2,3,110,55.00,1,86.172,86.172,6,19
S4-E2,3,111,55.00,1,70.049,70.049,3,19
S4-E2,3,112,55.00,1,82.507,82.507,12,21
S4-E2,3,113,55.00,1,77.021,77.021,10,21
S4-E2,3,114,55.00,1,74.041,74.041,10,22
S4-E2,3,115,55.00,1,55.836,55.836,2,22
S4-E2,3,116,55.00,1,55.332,55.332,1,22
S4-E2,3,117,55.00,0,,0.000,0,23
S4-E2,3,118,55.00,1,55.000,55.000,1,22
S4-E2,3,119,55.00,1,68.925,68.925,7,22
S4-E2,3,120,55.00,1,62.313,62.313,5,22
S4-E2,3,121,55.00,1,63.954,63.954,5,22
S4-E2,3,122,55.00,1,55.000,55.000,4,22
S4-E2,3,123,55.00,1,57.288,57.288,3,22
S4-E2,3,124,55.00,1,59.458,59.458,3,22
S4-E2,3,125,55.00,1,55.000,55.000,1,21
S4-E2,3,126,55.00,1,63.910,63.910,4,20
S4-E2,3,127,55.00,1,65.850,65.850,3,20
S4-E2,3,128,55.00,1,67.327,67.327,4,21
S4-E2,3,129,55.00,1,56.125,56.125,4,21
S4-E2,3,130,55.00,1,57.971,57.971,2,20
S4-E2,3,131,55.00,1,55.830,55.830,1,20
S4-E2,3,132,55.00,1,55.000,55.000,1,20
S4-E2,3,133,55.00,1,63.969,63.969,4,19
S4-E2,3,134,55.00,1,67.268,67.268,3,19
S4-E2,3,135,55.00,1,60.844,60.844,5,19
S4-E2,3,136,55.00,1,57.371,57.371,3,19
S4-E2,3,137,55.00,1,57.390,57.390,4,20
S4-E2,3,138,55.00,1,57.314,57.314,2,20
S4-E2,3,139,55.00,1,56.986,56.986,3,20
S4-E2,3,140,55.00,1,61.974,61.974,5,22
S4-E2,3,141,55.00,1,62.305,62.305,5,21
S4-E2,3,142,55.00,1,62.199,62.199,3,21
S4-E2,3,143,55.00,1,67.092,67.092,5,21
S4-E2,3,144,55.00,1,64.315,64.315,3,21
S4-E2,3,145,55.00,1,59.332,59.332,2,21
S4-E2,3,146,55.00,1,55.000,55.000,2,20
S4-E2,3,147,55.00,1,65.336,65.336,5,20
S4-E2,3,148,55.00,1,61.938,61.938,4,19
S4-E2,3,149,55.00,1,69.915,69.915,4,19
S4-E2,3,150,55.00,1,55.000,55.000,2,19
S4-E2,3,151,55.00,1,55.799,55.799,2,19
S4-E2,3,152,55.00,1,55.000,55.000,1,18
S4-E2,3,153,55.00,1,57.538,57.538,1,17
S4-E2,3,154,55.00,1,61.982,61.982,4,17
S4-E2,3,155,55.00,1,71.297,71.297,4,17
S4-E2,3,156,55.00,1,59.280,59.280,4,17
S4-E2,3,157,55.00,1,55.000,55.000,3,18
S4-E2,3,158,55.00,1,59.131,59.131,1,18
S4-E2,3,159,55.00,1,57.661,57.661,1,17
S4-E2,3,160,55.00,0,,0.000,0,16
S4-E2,3,161,55.00,1,69.072,69.072,3,16
S4-E2,3,162,55.00,1,71.962,71.962,3,16
S4-E2,3,163,55.00,1,57.131,57.131,4,16
S4-E2,3,164,55.00,1,59.275,59.275,1,17
S4-E2,3,165,55.00,1,55.000,55.000,1,17
S4-E2,3,166,55.00,1,55.000,55.000,2,17
S4-E2,3,167,55.00,1,59.402,59.402,3,18
S4-E2,3,168,55.00,1,73.462,73.462,5,18
S4-E2,3,169,55.00,1,65.012,65.012,5,18
S4-E2,3,170,55.00,1,57.775,57.775,3,18
S4-E2,3,171,55.00,1,62.918,62.918,3,18
S4-E2,3,172,55.00,1,55.832,55.832,2,18
S4-E2,3,173,55.00,1,55.000,55.000,1,19
S4-E2,3,174,55.00,0,,0.000,0,19
S4-E2,3,175,55.00,1,66.548,66.548,3,20
S4-E2,3,176,55.00,1,61.689,61.689,4,20
S4-E2,3,177,55.00,1,60.214,60.214,5,20
S4-E2,3,178,55.00,1,56.525,56.525,3,20
S4-E2,3,179,55.00,1,56.595,56.595,3,20
S4-E2,3,180,55.00,1,60.199,60.199,3,20
S4-E2,3,181,55.00,1,55.000,55.000,1,20
S4-E2,3,182,55.00,1,67.445,67.445,5,19
S4-E2,3,183,55.00,1,60.811,60.811,2,20
S4-E2,3,184,55.00,1,59.144,59.144,4,19
S4-E2,3,185,55.00,1,62.979,62.979,4,19
S4-E2,3,186,55.00,1,55.000,55.000,3,19
S4-E2,3,187,55.00,1,56.343,56.343,1,19
S4-E2,3,188,55.00,1,55.471,55.471,1,18
S4-E2,3,189,55.00,1,64.138,64.138,5,17
S4-E2,3,190,55.00,1,66.926,66.926,6,18
S4-E2,3,191,55.00,1,62.517,62.517,4,17
S4-E2,3,192,55.00,1,55.000,55.000,3,17
S4-E2,3,193,55.00,1,60.523,60.523,2,17
S4-E2,3,194,55.00,1,62.173,62.173,1,17
S4-E2,3,195,55.00,1,55.000,55.000,1,17
S4-E2,3,196,55.00,1,63.718,63.718,4,17
S4-E2,3,197,55.00,1,65.822,65.822,3,17
S4-E2,3,198,55.00,1,56.663,56.663,4,19
S4-E2,3,199,55.00,1,55.000,55.000,2,20
S4-E2,3,200,55.00,0,,0.000,0,20
S4-E2,3,201,55.00,1,62.977,62.977,2,19
S4-E2,3,202,55.00,1,55.000,55.000,1,20
S4-E2,3,203,55.00,1,60.618,60.618,3,20
S4-E2,3,204,55.00,1,63.078,63.078,4,20
S4-E2,3,205,55.00,1,70.400,70.400,5,20
S4-E2,3,206,55.00,1,64.055,64.055,3,20
S4-E2,3,207,55.00,1,62.734,62.734,2,19
S4-E2,3,208,55.00,1,55.000,55.000,1,19
S4-E2,3,209,55.00,0,,0.000,0,19
S4-E2,3,210,55.00,1,63.351,63.351,2,19
S4-E2,3,211,55.00,1,67.886,67.886,5,19
S4-E2,3,212,55.00,1,55.142,55.142,3,19
S4-E2,3,213,55.00,1,63.073,63.073,4,19
S4-E2,3,214,55.00,1,55.357,55.357,2,19
S4-E2,3,215,55.00,1,64.170,64.170,2,19
S4-E2,3,216,55.00,1,55.000,55.000,1,19
S4-E2,3,217,55.00,1,64.182,64.182,4,18
S4-E2,3,218,55.00,1,63.936,63.936,6,18
S4-E2,3,219,55.00,1,62.896,62.896,1,18
S4-E2,3,220,55.00,1,57.304,57.304,2,18
S4-E2,3,221,55.00,0,,0.000,0,18
S4-E2,3,222,55.00,1,57.348,57.348,1,18
S4-E2,3,223,55.00,0,,0.000,0,18
S4-E2,3,224,55.00,1,64.715,64.715,3,19
S4-E2,3,225,55.00,1,67.502,67.502,4,17
S4-E2,3,226,55.00,1,60.037,60.037,1,17
S4-E2,3,227,55.00,1,64.577,64.577,2,16
S4-E2,3,228,55.00,1,55.000,55.000,2,16
S4-E2,3,229,55.00,1,56.624,56.624,2,16
S4-E2,3,230,55.00,1,55.000,55.000,1,16
S4-E2,3,231,55.00,1,61.584,61.584,4,16
S4-E2,3,232,55.00,1,71.642,71.642,5,14
S4-E2,3,233,55.00,1,58.067,58.067,4,14
S4-E2,3,234,55.00,1,56.193,56.193,2,16
S4-E2,3,235,55.00,1,55.000,55.000,1,16
S4-E2,3,236,55.00,0,,0.000,0,16
S4-E2,3,237,55.00,1,55.000,55.000,1,16
S4-E2,3,238,55.00,1,61.039,61.039,5,16
S4-E2,3,239,55.00,1,55.683,55.683,4,16
S4-E2,3,240,55.00,1,63.328,63.328,5,16
S4-E2,3,241,55.00,1,68.191,68.191,3,16
S4-E2,3,242,55.00,1,59.136,59.136,3,16
S4-E2,3,243,55.00,0,,0.000,0,16
S4-E2,3,244,55.00,1,56.648,56.648,1,16
S4-E2,3,245,55.00,1,67.497,67.497,4,16
S4-E2,3,246,55.00,1,64.607,64.607,3,16
S4-E2,3,247,55.00,1,60.833,60.833,5,16
S4-E2,3,248,55.00,1,56.411,56.411,3,16
S4-E2,3,249,55.00,1,55.000,55.000,1,16
S4-E3,0,0,20.00,1,81.640,81.640,20,20
S4-E3,0,1,20.00,1,90.986,90.986,20,20
S4-E3,0,2,20.00,1,99.006,99.006,20,19
S4-E3,0,3,20.00,1,83.143,83.143,19,19
S4-E3,0,4,20.00,1,74.383,74.383,19,19
S4-E3,0,5,20.00,1,71.858,71.858,18,19
S4-E3,0,6,20.00,1,80.341,80.341,17,19
S4-E3,0,7,20.00,1,95.493,95.493,19,19
S4-E3,0,8,20.00,1,96.783,96.783,19,18
S4-E3,0,9,20.00,1,76.620,76.620,18,18
S4-E3,0,10,20.00,1,75.371,75.371,18,18
S4-E3,0,11,20.00,1,74.908,74.908,17,18
S4-E3,0,12,20.00,1,73.262,73.262,17,18
S4-E3,0,13,20.00,1,68.586,68.586,17,17
S4-E3,0,14,20.00,1,100.314,100.314,17,17
S4-E3,0,15,20.00,1,80.716,80.716,17,18
S4-E3,0,16,20.00,1,90.148,90.148,18,18
S4-E3,0,17,20.00,1,76.944,76.944,17,18
S4-E3,0,18,20.00,1,75.335,75.335,17,18
S4-E3,0,19,20.00,1,69.361,69.361,17,18
S4-E3,0,20,20.00,1,66.103,66.103,17,18
S4-E3,0,21,20.00,1,88.317,88.317,18,18
S4-E3,0,22,20.00,1,87.645,87.645,18,19
S4-E3,0,23,20.00,1,83.899,83.899,19,19
S4-E3,0,24,20.00,1,82.536,82.536,19,18
S4-E3,0,25,20.00,1,77.052,77.052,17,18
S4-E3,0,26,20.00,1,78.864,78.864,16,17
S4-E3,0,27,20.00,1,62.525,62.525,15,16
S4-E3,0,28,20.00,1,85.185,85.185,16,16
S4-E3,0,29,20.00,1,93.525,93.525,16,15
S4-E3,0,30,20.00,1,85.434,85.434,15,14
S4-E3,0,31,20.00,1,73.111,73.111,13,14
S4-E3,0,32,20.00,1,74.342,74.342,13,13
S4-E3,0,33,20.00,1,75.244,75.244,12,13
S4-E3,0,34,20.00,1,71.843,71.843,12,13
S4-E3,0,35,20.00,1,77.308,77.308,13,13
S4-E3,0,36,20.00,1,97.363,97.363,13,14
S4-E3,0,37,20.00,1,95.846,95.846,14,16
S4-E3,0,38,20.00,1,93.555,93.555,16,16
S4-E3,0,39,20.00,1,90.207,90.207,15,17
S4-E3,0,40,20.00,1,90.142,90.142,16,17
S4-E3,0,41,20.00,1,68.006,68.006,16,18
S4-E3,0,42,20.00,1,116.759,116.759,18,17
S4-E3,0,43,20.00,1,121.894,121.894,17,17
S4-E3,0,44,20.00,1,105.982,105.982,17,16
S4-E3,0,45,20.00,1,78.344,78.344,16,16
S4-E3,0,46,20.00,1,69.707,69.707,16,16
S4-E3,0,47,20.00,1,62.916,62.916,16,16
S4-E3,0,48,20.00,1,56.462,56.462,15,16
S4-E3,0,49,20.00,1,84.400,84.400,16,16
S4-E3,0,50,20.00,1,91.424,91.424,16,16
S4-E3,0,51,20.00,1,80.969,80.969,16,16
S4-E3,0,52,20.00,1,79.440,79.440,15,16
S4-E3,0,53,20.00,1,81.827,81.827,14,15
S4-E3,0,54,20.00,1,68.842,68.842,13,14
S4-E3,0,55,20.00,1,69.172,69.172,12,14
S4-E3,0,56,20.00,1,89.474,89.474,14,15
S4-E3,0,57,20.00,1,93.813,93.813,15,16
S4-E3,0,58,20.00,1,83.539,83.539,16,16
S4-E3,0,59,20.00,1,81.829,81.829,16,16
S4-E3,0,60,20.00,1,81.390,81.390,15,16
S4-E3,0,61,20.00,1,71.732,71.732,14,16
S4-E3,0,62,20.00,1,71.882,71.882,14,16
S4-E3,0,63,20.00,1,89.183,89.183,16,16
S4-E3,0,64,20.00,1,91.186,91.186,16,16
S4-E3,0,65,20.00,1,81.681,81.681,16,16
S4-E3,0,66,20.00,1,78.367,78.367,15,15
S4-E3,0,67,20.00,1,78.765,78.765,14,14
S4-E3,0,68,20.00,1,74.183,74.183,13,14
S4-E3,0,69,20.00,1,78.546,78.546,12,15
S4-E3,0,70,20.00,1,102.584,102.584,15,16
S4-E3,0,71,20.00,1,92.947,92.947,16,16
S4-E3,0,72,20.00,1,102.046,102.046,16,16
S4-E3,0,73,20.00,1,81.629,81.629,16,16
S4-E3,0,74,20.00,1,68.279,68.279,16,16
S4-E3,0,75,20.00,1,83.225,83.225,15,17
S4-E3,0,76,20.00,1,72.375,72.375,16,17
S4-E3,0,77,20.00,1,117.434,117.434,17,17
S4-E3,0,78,20.00,1,102.360,102.360,17,17
S4-E3,0,79,20.00,1,105.589,105.589,17,16
S4-E3,0,80,20.00,1,98.044,98.044,21,22
S4-E3,0,81,20.00,1,102.056,102.056,22,22
S4-E3,0,82,20.00,1,68.979,68.979,22,22
S4-E3,0,83,20.00,1,77.458,77.458,22,21
S4-E3,0,84,20.00,1,116.663,116.663,21,21
S4-E3,0,85,20.00,1,119.674,119.674,21,21
S4-E3,0,86,20.00,1,102.237,102.237,21,22
S4-E3,0,87,20.00,1,93.935,93.935,22,22
S4-E3,0,88,20.00,1,92.808,92.808,22,22
S4-E3,0,89,20.00,1,66.753,66.753,22,22
S4-E3,0,90,20.00,1,62.588,62.588,22,22
S4-E3,0,91,20.00,1,115.594,115.594,22,22
S4-E3,0,92,20.00,1,116.797,116.797,22,21
S4-E3,0,93,20.00,1,100.497,100.497,21,21
S4-E3,0,94,20.00,1,104.201,104.201,21,21
S4-E3,0,95,20.00,1,82.234,82.234,21,21
S4-E3,0,96,20.00,1,73.818,73.818,21,21
S4-E3,0,97,20.00,1,67.932,67.932,21,21
S4-E3,0,98,20.00,1,128.728,128.728,21,20
S4-E3,0,99,20.00,1,124.961,124.961,20,20
S4-E3,0,100,20.00,1,98.809,98.809,20,20
S4-E3,0,101,20.00,1,94.618,94.618,20,18
S4-E3,0,102,20.00,1,101.265,101.265,18,19
S4-E3,0,103,20.00,1,77.475,77.475,19,20
S4-E3,0,104,20.00,1,64.276,64.276,20,21
S4-E3,0,105,20.00,1,122.049,122.049,21,21
S4-E3,0,106,20.00,1,108.450,108.450,21,22
S4-E3,0,107,20.00,1,88.202,88.202,22,22
S4-E3,0,108,20.00,1,101.042,101.042,22,22
S4-E3,0,109,20.00,1,93.263,93.263,22,22
S4-E3,0,110,20.00,1,75.456,75.456,22,22
S4-E3,0,111,20.00,1,67.415,67.415,22,22
S4-E3,0,112,20.00,1,122.417,122.417,22,23
S4-E3,0,113,20.00,1,126.337,126.337,23,24
S4-E3,0,114,20.00,1,116.109,116.109,24,24
S4-E3,0,115,20.00,1,91.931,91.931,24,24
S4-E3,0,116,20.00,1,92.318,92.318,24,24
S4-E3,0,117,20.00,1,76.948,76.948,24,24
S4-E3,0,118,20.00,1,70.636,70.636,24,24
S4-E3,0,119,20.00,1,118.188,118.188,24,24
S4-E3,0,120,20.00,1,106.036,106.036,24,23
S4-E3,0,121,20.00,1,87.704,87.704,23,23
S4-E3,0,122,20.00,1,95.577,95.577,23,22
S4-E3,0,123,20.00,1,99.704,99.704,22,23
S4-E3,0,124,20.00,1,76.215,76.215,23,23
S4-E3,0,125,20.00,1,70.500,70.500,23,21
S4-E3,0,126,20.00,1,126.199,126.199,21,21
S4-E3,0,127,20.00,1,109.461,109.461,21,21
S4-E3,0,128,20.00,1,107.918,107.918,21,20
S4-E3,0,129,20.00,1,110.537,110.537,20,20
S4-E3,0,130,20.00,1,82.951,82.951,20,20
S4-E3,0,131,20.00,1,88.272,88.272,20,19
S4-E3,0,132,20.00,1,75.801,75.801,19,19
S4-E3,0,133,20.00,1,104.398,104.398,19,19
S4-E3,0,134,20.00,1,113.914,113.914,19,19
S4-E3,0,135,20.00,1,80.119,80.119,19,19
S4-E3,0,136,20.00,1,72.823,72.823,19,19
S4-E3,0,137,20.00,1,72.560,72.560,19,19
S4-E3,0,138,20.00,1,62.927,62.927,19,19
S4-E3,0,139,20.00,1,63.993,63.993,18,19
S4-E3,0,140,20.00,1,100.288,100.288,19,19
S4-E3,0,141,20.00,1,86.011,86.011,19,19
S4-E3,0,142,20.00,1,79.358,79.358,19,17
S4-E3,0,143,20.00,1,70.576,70.576,16,17
S4-E3,0,144,20.00,1,71.773,71.773,15,17
S4-E3,0,145,20.00,1,83.052,83.052,15,17
S4-E3,0,146,20.00,1,70.105,70.105,15,17
S4-E3,0,147,20.00,1,86.137,86.137,17,17
S4-E3,0,148,20.00,1,84.727,84.727,17,17
S4-E3,0,149,20.00,1,104.680,104.680,16,15
S4-E3,0,150,20.00,1,73.090,73.090,14,14
S4-E3,0,151,20.00,1,78.736,78.736,13,14
S4-E3,0,152,20.00,1,70.978,70.978,13,14
S4-E3,0,153,20.00,1,69.957,69.957,13,14
S4-E3,0,154,20.00,1,99.744,99.744,14,14
S4-E3,0,155,20.00,1,95.685,95.685,14,16
S4-E3,0,156,20.00,1,78.693,78.693,16,16
S4-E3,0,157,20.00,1,75.179,75.179,16,16
S4-E3,0,158,20.00,1,69.937,69.937,15,16
S4-E3,0,159,20.00,1,76.648,76.648,15,16
S4-E3,0,160,20.00,1,66.036,66.036,15,16
S4-E3,0,161,20.00,1,87.799,87.799,16,16
S4-E3,0,162,20.00,1,81.700,81.700,16,16
S4-E3,0,163,20.00,1,85.124,85.124,16,16
S4-E3,0,164,20.00,1,89.164,89.164,16,16
S4-E3,0,165,20.00,1,77.570,77.570,15,15
S4-E3,0,166,20.00,1,75.309,75.309,13,15
S4-E3,0,167,20.00,1,90.812,90.812,13,16
S4-E3,0,168,20.00,1,106.743,106.743,16,15
S4-E3,0,169,20.00,1,131.544,131.544,15,15
S4-E3,0,170,20.00,1,93.580,93.580,15,15
S4-E3,0,171,20.00,1,94.122,94.122,15,14
S4-E3,0,172,20.00,1,82.130,82.130,14,15
S4-E3,0,173,20.00,1,83.510,83.510,15,15
S4-E3,0,174,20.00,1,68.870,68.870,15,16
S4-E3,0,175,20.00,1,122.154,122.154,16,17
S4-E3,0,176,20.00,1,132.047,132.047,17,17
S4-E3,0,177,20.00,1,101.020,101.020,17,17
S4-E3,0,178,20.00,1,90.703,90.703,17,17
S4-E3,0,179,20.00,1,88.058,88.058,17,17
S4-E3,0,180,20.00,1,88.918,88.918,17,17
S4-E3,0,181,20.00,1,63.167,63.167,17,17
S4-E3,0,182,20.00,1,111.367,111.367,17,18
S4-E3,0,183,20.00,1,137.938,137.938,18,19
S4-E3,0,184,20.00,1,103.100,103.100,19,20
S4-E3,0,185,20.00,1,91.595,91.595,20,20
S4-E3,0,186,20.00,1,110.251,110.251,20,20
S4-E3,0,187,20.00,1,89.818,89.818,20,20
S4-E3,0,188,20.00,1,63.642,63.642,20,20
S4-E3,0,189,20.00,1,108.647,108.647,20,20
S4-E3,0,190,20.00,1,115.667,115.667,20,20
S4-E3,0,191,20.00,1,94.286,94.286,20,20
S4-E3,0,192,20.00,1,98.769,98.769,20,20
S4-E3,0,193,20.00,1,90.158,90.158,20,21
S4-E3,0,194,20.00,1,78.828,78.828,21,22
S4-E3,0,195,20.00,1,69.429,69.429,22,22
S4-E3,0,196,20.00,1,111.018,111.018,22,22
S4-E3,0,197,20.00,1,108.312,108.312,22,22
S4-E3,0,198,20.00,1,101.261,101.261,22,22
S4-E3,0,199,20.00,1,89.962,89.962,22,22
S4-E3,0,200,20.00,1,85.554,85.554,22,22
S4-E3,0,201,20.00,1,101.759,101.759,22,22
S4-E3,0,202,20.00,1,65.115,65.115,22,22
S4-E3,0,203,20.00,1,111.969,111.969,22,22
S4-E3,0,204,20.00,1,99.343,99.343,22,22
S4-E3,0,205,20.00,1,93.778,93.778,22,22
S4-E3,0,206,20.00,1,76.666,76.666,22,23
S4-E3,0,207,20.00,1,66.026,66.026,23,23
S4-E3,0,208,20.00,1,68.862,68.862,22,23
S4-E3,0,209,20.00,1,77.888,77.888,22,22
S4-E3,0,210,20.00,1,101.880,101.880,22,22
S4-E3,0,211,20.00,1,84.624,84.624,22,21
S4-E3,0,212,20.00,1,79.406,79.406,21,19
S4-E3,0,213,20.00,1,86.240,86.240,19,19
S4-E3,0,214,20.00,1,81.477,81.477,18,19
S4-E3,0,215,20.00,1,63.489,63.489,18,19
S4-E3,0,216,20.00,1,73.440,73.440,17,20
S4-E3,0,217,20.00,1,91.723,91.723,20,20
S4-E3,0,218,20.00,1,88.883,88.883,20,20
S4-E3,0,219,20.00,1,79.141,79.141,20,20
S4-E3,0,220,20.00,1,89.239,89.239,19,20
S4-E3,0,221,20.00,1,83.868,83.868,19,20
S4-E3,0,222,20.00,1,81.172,81.172,19,22
S4-E3,0,223,20.00,1,76.486,76.486,21,22
S4-E3,0,224,20.00,1,93.937,93.937,22,22
S4-E3,0,225,20.00,1,81.727,81.727,22,22
S4-E3,0,226,20.00,1,83.642,83.642,22,22
S4-E3,0,227,20.00,1,89.256,89.256,21,22
S4-E3,0,228,20.00,1,76.927,76.927,21,22
S4-E3,0,229,20.00,1,80.677,80.677,20,22
S4-E3,0,230,20.00,1,71.599,71.599,20,20
S4-E3,0,231,20.00,1,85.882,85.882,20,20
S4-E3,0,232,20.00,1,89.852,89.852,20,20
S4-E3,0,233,20.00,1,98.457,98.457,20,20
S4-E3,0,234,20.00,1,81.012,81.012,20,19
S4-E3,0,235,20.00,1,68.845,68.845,18,18
S4-E3,0,236,20.00,1,67.033,67.033,17,18
S4-E3,0,237,20.00,1,67.508,67.508,17,18
S4-E3,0,238,20.00,1,86.202,86.202,18,19
S4-E3,0,239,20.00,1,84.998,84.998,19,19
S4-E3,0,240,20.00,1,85.866,85.866,19,20
S4-E3,0,241,20.00,1,88.793,88.793,19,20
S4-E3,0,242,20.00,1,79.167,79.167,19,20
S4-E3,0,243,20.00,1,73.827,73.827,18,19
S4-E3,0,244,20.00,1,79.217,79.217,17,19
S4-E3,0,245,20.00,1,87.021,87.021,19,19
S4-E3,0,246,20.00,1,88.886,88.886,19,19
S4-E3,0,247,20.00,1,81.978,81.978,19,19
S4-E3,0,248,20.00,1,81.608,81.608,18,19
S4-E3,0,249,20.00,1,82.170,82.170,18,19
S4-E3,1,0,20.00,1,94.733,94.733,12,14
S4-E3,1,1,20.00,1,106.292,106.292,13,14
S4-E3,1,2,20.00,1,71.824,71.824,11,14
S4-E3,1,3,20.00,1,70.169,70.169,11,14
S4-E3,1,4,20.00,1,67.275,67.275,11,15
S4-E3,1,5,20.00,1,67.482,67.482,11,15
S4-E3,1,6,20.00,1,61.390,61.390,11,15
S4-E3,1,7,20.00,1,101.398,101.398,14,15
S4-E3,1,8,20.00,1,105.893,105.893,13,15
S4-E3,1,9,20.00,1,78.525,78.525,13,16
S4-E3,1,10,20.00,1,74.941,74.941,14,16
S4-E3,1,11,20.00,1,61.917,61.917,14,16
S4-E3,1,12,20.00,1,64.662,64.662,13,16
S4-E3,1,13,20.00,1,63.927,63.927,13,17
S4-E3,1,14,20.00,1,85.903,85.903,15,18
S4-E3,1,15,20.00,1,106.273,106.273,16,18
S4-E3,1,16,20.00,1,66.887,66.887,15,19
S4-E3,1,17,20.00,1,70.557,70.557,16,19
S4-E3,1,18,20.00,1,62.491,62.491,16,19
S4-E3,1,19,20.00,1,73.048,73.048,16,19
S4-E3,1,20,20.00,1,62.873,62.873,16,19
S4-E3,1,21,20.00,1,89.047,89.047,18,18
S4-E3,1,22,20.00,1,96.813,96.813,18,19
S4-E3,1,23,20.00,1,75.025,75.025,18,19
S4-E3,1,24,20.00,1,78.682,78.682,18,19
S4-E3,1,25,20.00,1,66.575,66.575,18,19
S4-E3,1,26,20.00,1,59.269,59.269,18,19
S4-E3,1,27,20.00,1,58.762,58.762,17,19
S4-E3,1,28,20.00,1,104.216,104.216,18,19
S4-E3,1,29,20.00,1,106.675,106.675,18,18
S4-E3,1,30,20.00,1,70.014,70.014,16,17
S4-E3,1,31,20.00,1,69.084,69.084,15,17
S4-E3,1,32,20.00,1,75.181,75.181,15,17
S4-E3,1,33,20.00,1,68.360,68.360,15,17
S4-E3,1,34,20.00,1,62.257,62.257,14,17
S4-E3,1,35,20.00,1,95.955,95.955,16,18
S4-E3,1,36,20.00,1,81.392,81.392,17,18
S4-E3,1,37,20.00,1,73.302,73.302,17,17
S4-E3,1,38,20.00,1,69.189,69.189,16,17
S4-E3,1,39,20.00,1,63.975,63.975,16,17
S4-E3,1,40,20.00,1,69.201,69.201,15,17
S4-E3,1,41,20.00,1,57.231,57.231,15,17
S4-E3,1,42,20.00,1,123.156,123.156,16,17
S4-E3,1,43,20.00,1,87.735,87.735,16,17
S4-E3,1,44,20.00,1,68.375,68.375,15,17
S4-E3,1,45,20.00,1,78.537,78.537,15,17
S4-E3,1,46,20.00,1,68.018,68.018,15,17
S4-E3,1,47,20.00,1,64.103,64.103,14,18
S4-E3,1,48,20.00,1,59.325,59.325,15,18
S4-E3,1,49,20.00,1,102.457,102.457,17,17
S4-E3,1,50,20.00,1,108.435,108.435,16,17
S4-E3,1,51,20.00,1,75.530,75.530,15,17
S4-E3,1,52,20.00,1,73.651,73.651,15,17
S4-E3,1,53,20.00,1,63.737,63.737,15,16
S4-E3,1,54,20.00,1,62.107,62.107,14,16
S4-E3,1,55,20.00,1,61.914,61.914,13,16
S4-E3,1,56,20.00,1,102.857,102.857,15,16
S4-E3,1,57,20.00,1,106.471,106.471,15,16
S4-E3,1,58,20.00,1,72.470,72.470,14,16
S4-E3,1,59,20.00,1,71.386,71.386,14,15
S4-E3,1,60,20.00,1,66.301,66.301,13,15
S4-E3,1,61,20.00,1,70.773,70.773,14,15
S4-E3,1,62,20.00,1,66.058,66.058,14,15
S4-E3,1,63,20.00,1,130.899,130.899,15,15
S4-E3,1,64,20.00,1,95.157,95.157,15,15
S4-E3,1,65,20.00,1,85.453,85.453,15,15
S4-E3,1,66,20.00,1,88.216,88.216,15,15
S4-E3,1,67,20.00,1,79.993,79.993,15,15
S4-E3,1,68,20.00,1,90.388,90.388,14,16
S4-E3,1,69,20.00,1,70.427,70.427,15,16
S4-E3,1,70,20.00,1,139.796,139.796,16,16
S4-E3,1,71,20.00,1,86.417,86.417,16,16
S4-E3,1,72,20.00,1,85.212,85.212,16,16
S4-E3,1,73,20.00,1,75.916,75.916,16,16
S4-E3,1,74,20.00,1,82.285,82.285,16,16
S4-E3,1,75,20.00,1,71.095,71.095,16,16
S4-E3,1,76,20.00,1,56.768,56.768,15,16
S4-E3,1,77,20.00,1,156.070,156.070,16,16
S4-E3,1,78,20.00,1,88.071,88.071,16,16
S4-E3,1,79,20.00,1,85.854,85.854,15,16
S4-E3,1,80,20.00,1,76.141,76.141,21,20
S4-E3,1,81,20.00,1,68.135,68.135,20,19
S4-E3,1,82,20.00,1,64.777,64.777,19,19
S4-E3,1,83,20.00,1,58.234,58.234,19,18
S4-E3,1,84,20.00,1,147.708,147.708,17,18
S4-E3,1,85,20.00,1,86.408,86.408,18,18
S4-E3,1,86,20.00,1,88.936,88.936,18,18
S4-E3,1,87,20.00,1,75.572,75.572,18,18
S4-E3,1,88,20.00,1,81.470,81.470,18,18
S4-E3,1,89,20.00,1,68.172,68.172,18,17
S4-E3,1,90,20.00,1,68.032,68.032,17,17
S4-E3,1,91,20.00,1,144.362,144.362,17,17
S4-E3,1,92,20.00,1,96.344,96.344,17,18
S4-E3,1,93,20.00,1,81.380,81.380,18,20
S4-E3,1,94,20.00,1,83.995,83.995,20,20
S4-E3,1,95,20.00,1,87.989,87.989,19,20
S4-E3,1,96,20.00,1,66.529,66.529,20,21
S4-E3,1,97,20.00,1,71.007,71.007,19,21
S4-E3,1,98,20.00,1,128.288,128.288,21,21
S4-E3,1,99,20.00,1,89.734,89.734,21,21
S4-E3,1,100,20.00,1,91.448,91.448,21,21
S4-E3,1,101,20.00,1,85.431,85.431,21,21
S4-E3,1,102,20.00,1,82.603,82.603,21,20
S4-E3,1,103,20.00,1,87.330,87.330,19,20
S4-E3,1,104,20.00,1,73.312,73.312,19,20
S4-E3,1,105,20.00,1,147.067,147.067,20,20
S4-E3,1,106,20.00,1,99.549,99.549,19,20
S4-E3,1,107,20.00,1,93.476,93.476,20,20
S4-E3,1,108,20.00,1,90.762,90.762,20,20
S4-E3,1,109,20.00,1,78.389,78.389,20,19
S4-E3,1,110,20.00,1,73.588,73.588,19,18
S4-E3,1,111,20.00,1,63.824,63.824,18,18
S4-E3,1,112,20.00,1,110.232,110.232,18,18
S4-E3,1,113,20.00,1,100.660,100.660,18,18
S4-E3,1,114,20.00,1,97.923,97.923,17,19
S4-E3,1,115,20.00,1,90.807,90.807,18,19
S4-E3,1,116,20.00,1,94.494,94.494,18,20
S4-E3,1,117,20.00,1,56.837,56.837,18,20
S4-E3,1,118,20.00,1,55.297,55.297,17,19
S4-E3,1,119,20.00,1,101.654,101.654,17,19
S4-E3,1,120,20.00,1,109.238,109.238,17,19
S4-E3,1,121,20.00,1,77.117,77.117,16,17
S4-E3,1,122,20.00,1,71.296,71.296,14,17
S4-E3,1,123,20.00,1,68.048,68.048,14,17
S4-E3,1,124,20.00,1,60.327,60.327,14,16
S4-E3,1,125,20.00,1,56.042,56.042,12,18
S4-E3,1,126,20.00,1,116.321,116.321,16,18
S4-E3,1,127,20.00,1,94.570,94.570,16,18
S4-E3,1,128,20.00,1,77.886,77.886,16,18
S4-E3,1,129,20.00,1,66.414,66.414,16,18
S4-E3,1,130,20.00,1,84.207,84.207,16,18
S4-E3,1,131,20.00,1,66.373,66.373,16,18
S4-E3,1,132,20.00,1,59.717,59.717,16,17
S4-E3,1,133,20.00,1,106.157,106.157,16,17
S4-E3,1,134,20.00,1,89.010,89.010,16,19
S4-E3,1,135,20.00,1,89.237,89.237,18,19
S4-E3,1,136,20.00,1,81.042,81.042,18,19
S4-E3,1,137,20.00,1,84.455,84.455,18,19
S4-E3,1,138,20.00,1,85.532,85.532,18,19
S4-E3,1,139,20.00,1,67.750,67.750,18,20
S4-E3,1,140,20.00,1,121.213,121.213,20,20
S4-E3,1,141,20.00,1,106.959,106.959,20,19
S4-E3,1,142,20.00,1,89.679,89.679,19,19
S4-E3,1,143,20.00,1,92.178,92.178,18,18
S4-E3,1,144,20.00,1,82.266,82.266,17,18
S4-E3,1,145,20.00,1,75.291,75.291,17,18
S4-E3,1,146,20.00,1,78.869,78.869,17,18
S4-E3,1,147,20.00,1,115.551,115.551,18,17
S4-E3,1,148,20.00,1,95.341,95.341,17,18
S4-E3,1,149,20.00,1,96.644,96.644,17,19
S4-E3,1,150,20.00,1,110.348,110.348,18,20
S4-E3,1,151,20.00,1,91.512,91.512,18,21
S4-E3,1,152,20.00,1,90.464,90.464,19,21
S4-E3,1,153,20.00,1,65.094,65.094,19,21
S4-E3,1,154,20.00,1,141.910,141.910,21,21
S4-E3,1,155,20.00,1,84.501,84.501,21,21
S4-E3,1,156,20.00,1,94.097,94.097,21,21
S4-E3,1,157,20.00,1,98.946,98.946,21,22
S4-E3,1,158,20.00,1,90.510,90.510,22,20
S4-E3,1,159,20.00,1,85.526,85.526,20,20
S4-E3,1,160,20.00,1,68.982,68.982,20,20
S4-E3,1,161,20.00,1,127.356,127.356,20,19
S4-E3,1,162,20.00,1,83.844,83.844,19,17
S4-E3,1,163,20.00,1,91.465,91.465,17,18
S4-E3,1,164,20.00,1,103.094,103.094,18,19
S4-E3,1,165,20.00,1,86.364,86.364,19,19
S4-E3,1,166,20.00,1,83.536,83.536,19,19
S4-E3,1,167,20.00,1,71.106,71.106,18,19
S4-E3,1,168,20.00,1,124.571,124.571,19,19
S4-E3,1,169,20.00,1,99.741,99.741,19,19
S4-E3,1,170,20.00,1,87.463,87.463,19,19
S4-E3,1,171,20.00,1,86.321,86.321,19,18
S4-E3,1,172,20.00,1,81.510,81.510,17,16
S4-E3,1,173,20.00,1,91.287,91.287,14,17
S4-E3,1,174,20.00,1,89.334,89.334,16,18
S4-E3,1,175,20.00,1,138.227,138.227,18,19
S4-E3,1,176,20.00,1,102.237,102.237,19,19
S4-E3,1,177,20.00,1,80.643,80.643,18,19
S4-E3,1,178,20.00,1,87.747,87.747,19,19
S4-E3,1,179,20.00,1,76.177,76.177,19,18
S4-E3,1,180,20.00,1,82.994,82.994,18,19
S4-E3,1,181,20.00,1,72.665,72.665,19,19
S4-E3,1,182,20.00,1,150.274,150.274,19,18
S4-E3,1,183,20.00,1,96.700,96.700,18,18
S4-E3,1,184,20.00,1,89.252,89.252,17,18
S4-E3,1,185,20.00,1,101.523,101.523,17,18
S4-E3,1,186,20.00,1,83.143,83.143,17,17
S4-E3,1,187,20.00,1,70.873,70.873,16,16
S4-E3,1,188,20.00,1,60.617,60.617,15,16
S4-E3,1,189,20.00,1,136.275,136.275,16,17
S4-E3,1,190,20.00,1,90.706,90.706,17,16
S4-E3,1,191,20.00,1,86.056,86.056,16,16
S4-E3,1,192,20.00,1,74.617,74.617,15,16
S4-E3,1,193,20.00,1,78.348,78.348,14,16
S4-E3,1,194,20.00,1,61.615,61.615,14,16
S4-E3,1,195,20.00,1,59.096,59.096,14,16
S4-E3,1,196,20.00,1,104.267,104.267,16,16
S4-E3,1,197,20.00,1,106.625,106.625,15,16
S4-E3,1,198,20.00,1,66.643,66.643,14,16
S4-E3,1,199,20.00,1,69.908,69.908,14,16
S4-E3,1,200,20.00,1,74.536,74.536,14,15
S4-E3,1,201,20.00,1,62.908,62.908,13,17
S4-E3,1,202,20.00,1,61.079,61.079,14,19
S4-E3,1,203,20.00,1,114.174,114.174,18,19
S4-E3,1,204,20.00,1,96.718,96.718,18,19
S4-E3,1,205,20.00,1,77.862,77.862,17,19
S4-E3,1,206,20.00,1,67.136,67.136,17,21
S4-E3,1,207,20.00,1,73.632,73.632,19,21
S4-E3,1,208,20.00,1,67.940,67.940,19,21
S4-E3,1,209,20.00,1,59.582,59.582,19,21
S4-E3,1,210,20.00,1,105.936,105.936,20,21
S4-E3,1,211,20.00,1,104.956,104.956,21,20
S4-E3,1,212,20.00,1,101.767,101.767,19,20
S4-E3,1,213,20.00,1,87.334,87.334,19,20
S4-E3,1,214,20.00,1,90.418,90.418,19,20
S4-E3,1,215,20.00,1,76.929,76.929,19,20
S4-E3,1,216,20.00,1,78.310,78.310,19,21
S4-E3,1,217,20.00,1,133.983,133.983,21,21
S4-E3,1,218,20.00,1,77.325,77.325,21,21
S4-E3,1,219,20.00,1,76.908,76.908,20,21
S4-E3,1,220,20.00,1,69.221,69.221,19,21
S4-E3,1,221,20.00,1,67.228,67.228,19,22
S4-E3,1,222,20.00,1,61.547,61.547,20,22
S4-E3,1,223,20.00,1,63.103,63.103,20,22
S4-E3,1,224,20.00,1,90.282,90.282,21,22
S4-E3,1,225,20.00,1,102.481,102.481,21,22
S4-E3,1,226,20.00,1,68.274,68.274,20,22
S4-E3,1,227,20.00,1,69.170,69.170,20,22
S4-E3,1,228,20.00,1,72.138,72.138,19,21
S4-E3,1,229,20.00,1,80.782,80.782,17,21
S4-E3,1,230,20.00,1,62.824,62.824,18,21
S4-E3,1,231,20.00,1,101.775,101.775,20,21
S4-E3,1,232,20.00,1,100.232,100.232,20,20
S4-E3,1,233,20.00,1,71.067,71.067,19,20
S4-E3,1,234,20.00,1,68.320,68.320,19,20
S4-E3,1,235,20.00,1,67.238,67.238,19,19
S4-E3,1,236,20.00,1,66.377,66.377,18,18
S4-E3,1,237,20.00,1,59.447,59.447,16,18
S4-E3,1,238,20.00,1,80.425,80.425,18,18
S4-E3,1,239,20.00,1,75.803,75.803,18,18
S4-E3,1,240,20.00,1,103.414,103.414,18,19
S4-E3,1,241,20.00,1,84.878,84.878,19,19
S4-E3,1,242,20.00,1,80.008,80.008,19,19
S4-E3,1,243,20.00,1,91.557,91.557,19,19
S4-E3,1,244,20.00,1,67.832,67.832,19,19
S4-E3,1,245,20.00,1,153.075,153.075,19,20
S4-E3,1,246,20.00,1,101.447,101.447,19,20
S4-E3,1,247,20.00,1,77.068,77.068,20,20
S4-E3,1,248,20.00,1,93.608,93.608,20,20
S4-E3,1,249,20.00,1,78.407,78.407,20,20
S4-E3,2,0,20.00,1,106.626,106.626,19,19
S4-E3,2,1,20.00,1,102.045,102.045,19,19
S4-E3,2,2,20.00,1,107.433,107.433,19,19
S4-E3,2,3,20.00,1,120.268,120.268,19,19
S4-E3,2,4,20.00,1,112.076,112.076,19,19
S4-E3,2,5,20.00,1,97.974,97.974,18,19
S4-E3,2,6,20.00,1,87.635,87.635,18,19
S4-E3,2,7,20.00,1,111.269,111.269,19,20
S4-E3,2,8,20.00,1,120.388,120.388,20,20
S4-E3,2,9,20.00,1,111.955,111.955,20,20
S4-E3,2,10,20.00,1,96.807,96.807,19,19
S4-E3,2,11,20.00,1,97.989,97.989,18,19
S4-E3,2,12,20.00,1,88.694,88.694,18,19
S4-E3,2,13,20.00,1,75.519,75.519,18,19
S4-E3,2,14,20.00,1,123.098,123.098,19,19
S4-E3,2,15,20.00,1,99.919,99.919,19,19
S4-E3,2,16,20.00,1,111.874,111.874,18,19
S4-E3,2,17,20.00,1,100.057,100.057,18,19
S4-E3,2,18,20.00,1,85.140,85.140,18,19
S4-E3,2,19,20.00,1,81.686,81.686,18,19
S4-E3,2,20,20.00,1,85.401,85.401,18,18
S4-E3,2,21,20.00,1,113.173,113.173,18,19
S4-E3,2,22,20.00,1,115.403,115.403,19,19
S4-E3,2,23,20.00,1,114.025,114.025,18,19
S4-E3,2,24,20.00,1,90.970,90.970,18,19
S4-E3,2,25,20.00,1,91.383,91.383,18,18
S4-E3,2,26,20.00,1,89.310,89.310,17,18
S4-E3,2,27,20.00,1,83.859,83.859,17,17
S4-E3,2,28,20.00,1,108.239,108.239,17,17
S4-E3,2,29,20.00,1,94.173,94.173,17,18
S4-E3,2,30,20.00,1,106.292,106.292,18,18
S4-E3,2,31,20.00,1,103.141,103.141,18,19
S4-E3,2,32,20.00,1,94.920,94.920,19,19
S4-E3,2,33,20.00,1,92.012,92.012,18,20
S4-E3,2,34,20.00,1,92.235,92.235,19,20
S4-E3,2,35,20.00,1,102.539,102.539,20,21
S4-E3,2,36,20.00,1,123.603,123.603,21,21
S4-E3,2,37,20.00,1,122.639,122.639,21,21
S4-E3,2,38,20.00,1,101.295,101.295,20,20
S4-E3,2,39,20.00,1,88.266,88.266,19,20
S4-E3,2,40,20.00,1,103.060,103.060,19,20
S4-E3,2,41,20.00,1,89.802,89.802,19,20
S4-E3,2,42,20.00,1,109.548,109.548,20,20
S4-E3,2,43,20.00,1,115.834,115.834,20,20
S4-E3,2,44,20.00,1,109.903,109.903,19,19
S4-E3,2,45,20.00,1,97.663,97.663,18,19
S4-E3,2,46,20.00,1,102.392,102.392,18,19
S4-E3,2,47,20.00,1,93.673,93.673,18,20
S4-E3,2,48,20.00,1,83.822,83.822,19,20
S4-E3,2,49,20.00,1,90.084,90.084,20,21
S4-E3,2,50,20.00,1,90.340,90.340,21,21
S4-E3,2,51,20.00,1,81.511,81.511,21,21
S4-E3,2,52,20.00,1,70.422,70.422,21,20
S4-E3,2,53,20.00,1,76.395,76.395,20,19
S4-E3,2,54,20.00,1,70.541,70.541,19,19
S4-E3,2,55,20.00,1,68.716,68.716,19,19
S4-E3,2,56,20.00,1,90.715,90.715,19,19
S4-E3,2,57,20.00,1,106.912,106.912,19,18
S4-E3,2,58,20.00,1,83.591,83.591,18,18
S4-E3,2,59,20.00,1,80.480,80.480,18,18
S4-E3,2,60,20.00,1,70.415,70.415,18,19
S4-E3,2,61,20.00,1,79.100,79.100,19,18
S4-E3,2,62,20.00,1,66.637,66.637,18,18
S4-E3,2,63,20.00,1,96.848,96.848,18,18
S4-E3,2,64,20.00,1,107.332,107.332,18,18
S4-E3,2,65,20.00,1,78.536,78.536,18,18
S4-E3,2,66,20.00,1,73.227,73.227,18,17
S4-E3,2,67,20.00,1,76.668,76.668,17,17
S4-E3,2,68,20.00,1,78.758,78.758,17,17
S4-E3,2,69,20.00,1,71.691,71.691,17,18
S4-E3,2,70,20.00,1,115.506,115.506,18,19
S4-E3,2,71,20.00,1,116.837,116.837,19,19
S4-E3,2,72,20.00,1,78.182,78.182,18,19
S4-E3,2,73,20.00,1,78.511,78.511,18,19
S4-E3,2,74,20.00,1,80.280,80.280,18,18
S4-E3,2,75,20.00,1,70.465,70.465,17,18
S4-E3,2,76,20.00,1,68.310,68.310,16,19
S4-E3,2,77,20.00,1,120.719,120.719,18,19
S4-E3,2,78,20.00,1,111.625,111.625,18,18
S4-E3,2,79,20.00,1,74.383,74.383,16,18
S4-E3,2,80,20.00,1,84.892,84.892,21,23
S4-E3,2,81,20.00,1,72.905,72.905,21,23
S4-E3,2,82,20.00,1,67.942,67.942,21,25
S4-E3,2,83,20.00,1,69.028,69.028,23,25
S4-E3,2,84,20.00,1,118.755,118.755,24,25
S4-E3,2,85,20.00,1,106.929,106.929,25,25
S4-E3,2,86,20.00,1,74.123,74.123,23,25
S4-E3,2,87,20.00,1,80.361,80.361,23,25
S4-E3,2,88,20.00,1,91.736,91.736,23,25
S4-E3,2,89,20.00,1,67.578,67.578,23,26
S4-E3,2,90,20.00,1,73.121,73.121,24,26
S4-E3,2,91,20.00,1,100.967,100.967,25,26
S4-E3,2,92,20.00,1,106.388,106.388,25,26
S4-E3,2,93,20.00,1,87.055,87.055,25,26
S4-E3,2,94,20.00,1,87.586,87.586,25,26
S4-E3,2,95,20.00,1,66.868,66.868,25,26
S4-E3,2,96,20.00,1,79.619,79.619,25,25
S4-E3,2,97,20.00,1,81.817,81.817,23,25
S4-E3,2,98,20.00,1,121.554,121.554,24,25
S4-E3,2,99,20.00,1,110.152,110.152,23,24
S4-E3,2,100,20.00,1,82.320,82.320,21,24
S4-E3,2,101,20.00,1,82.776,82.776,22,24
S4-E3,2,102,20.00,1,78.520,78.520,22,23
S4-E3,2,103,20.00,1,70.002,70.002,21,23
S4-E3,2,104,20.00,1,68.395,68.395,21,23
S4-E3,2,105,20.00,1,118.542,118.542,22,23
S4-E3,2,106,20.00,1,113.801,113.801,23,23
S4-E3,2,107,20.00,1,76.927,76.927,21,23
S4-E3,2,108,20.00,1,73.838,73.838,21,22
S4-E3,2,109,20.00,1,80.080,80.080,20,22
S4-E3,2,110,20.00,1,75.243,75.243,21,22
S4-E3,2,111,20.00,1,70.148,70.148,20,22
S4-E3,2,112,20.00,1,122.982,122.982,21,22
S4-E3,2,113,20.00,1,109.361,109.361,21,21
S4-E3,2,114,20.00,1,77.214,77.214,18,21
S4-E3,2,115,20.00,1,76.298,76.298,19,19
S4-E3,2,116,20.00,1,77.217,77.217,16,18
S4-E3,2,117,20.00,1,90.682,90.682,16,18
S4-E3,2,118,20.00,1,73.014,73.014,17,18
S4-E3,2,119,20.00,1,104.838,104.838,18,18
S4-E3,2,120,20.00,1,125.131,125.131,18,17
S4-E3,2,121,20.00,1,79.397,79.397,16,16
S4-E3,2,122,20.00,1,91.909,91.909,15,15
S4-E3,2,123,20.00,1,72.653,72.653,14,15
S4-E3,2,124,20.00,1,72.802,72.802,14,15
S4-E3,2,125,20.00,1,65.478,65.478,14,16
S4-E3,2,126,20.00,1,95.281,95.281,16,16
S4-E3,2,127,20.00,1,94.059,94.059,16,16
S4-E3,2,128,20.00,1,75.849,75.849,16,16
S4-E3,2,129,20.00,1,83.301,83.301,16,16
S4-E3,2,130,20.00,1,67.570,67.570,16,16
S4-E3,2,131,20.00,1,71.535,71.535,16,16
S4-E3,2,132,20.00,1,70.273,70.273,16,16
S4-E3,2,133,20.00,1,119.242,119.242,16,16
S4-E3,2,134,20.00,1,113.102,113.102,16,16
S4-E3,2,135,20.00,1,87.855,87.855,15,17
S4-E3,2,136,20.00,1,82.586,82.586,16,17
S4-E3,2,137,20.00,1,69.518,69.518,16,16
S4-E3,2,138,20.00,1,66.590,66.590,15,16
S4-E3,2,139,20.00,1,66.494,66.494,15,16
S4-E3,2,140,20.00,1,121.869,121.869,16,16
S4-E3,2,141,20.00,1,110.474,110.474,16,16
S4-E3,2,142,20.00,1,83.679,83.679,15,16
S4-E3,2,143,20.00,1,77.708,77.708,15,15
S4-E3,2,144,20.00,1,70.971,70.971,14,16
S4-E3,2,145,20.00,1,81.724,81.724,14,17
S4-E3,2,146,20.00,1,65.943,65.943,15,17
S4-E3,2,147,20.00,1,105.662,105.662,17,16
S4-E3,2,148,20.00,1,93.090,93.090,16,16
S4-E3,2,149,20.00,1,82.912,82.912,16,16
S4-E3,2,150,20.00,1,68.405,68.405,16,16
S4-E3,2,151,20.00,1,74.091,74.091,16,15
S4-E3,2,152,20.00,1,74.692,74.692,15,14
S4-E3,2,153,20.00,1,67.316,67.316,14,14
S4-E3,2,154,20.00,1,129.607,129.607,14,14
S4-E3,2,155,20.00,1,102.736,102.736,14,14
S4-E3,2,156,20.00,1,84.044,84.044,13,14
S4-E3,2,157,20.00,1,79.642,79.642,13,14
S4-E3,2,158,20.00,1,80.236,80.236,13,12
S4-E3,2,159,20.00,1,78.449,78.449,11,13
S4-E3,2,160,20.00,1,68.160,68.160,12,13
S4-E3,2,161,20.00,1,112.609,112.609,13,14
S4-E3,2,162,20.00,1,119.734,119.734,14,15
S4-E3,2,163,20.00,1,86.833,86.833,14,15
S4-E3,2,164,20.00,1,81.303,81.303,14,15
S4-E3,2,165,20.00,1,75.667,75.667,14,16
S4-E3,2,166,20.00,1,74.560,74.560,15,18
S4-E3,2,167,20.00,1,66.268,66.268,15,19
S4-E3,2,168,20.00,1,115.479,115.479,18,20
S4-E3,2,169,20.00,1,116.864,116.864,19,20
S4-E3,2,170,20.00,1,82.705,82.705,18,20
S4-E3,2,171,20.00,1,72.357,72.357,17,20
S4-E3,2,172,20.00,1,73.061,73.061,18,20
S4-E3,2,173,20.00,1,70.100,70.100,18,20
S4-E3,2,174,20.00,1,73.053,73.053,19,20
S4-E3,2,175,20.00,1,147.108,147.108,20,21
S4-E3,2,176,20.00,1,120.770,120.770,21,21
S4-E3,2,177,20.00,1,98.744,98.744,21,20
S4-E3,2,178,20.00,1,85.235,85.235,20,21
S4-E3,2,179,20.00,1,104.791,104.791,20,21
S4-E3,2,180,20.00,1,67.352,67.352,19,21
S4-E3,2,181,20.00,1,66.455,66.455,19,21
S4-E3,2,182,20.00,1,97.649,97.649,20,22
S4-E3,2,183,20.00,1,108.081,108.081,21,23
S4-E3,2,184,20.00,1,107.495,107.495,22,24
S4-E3,2,185,20.00,1,89.447,89.447,24,23
S4-E3,2,186,20.00,1,93.600,93.600,23,23
S4-E3,2,187,20.00,1,106.887,106.887,22,23
S4-E3,2,188,20.00,1,84.107,84.107,23,23
S4-E3,2,189,20.00,1,181.356,181.356,23,23
S4-E3,2,190,20.00,1,103.311,103.311,23,23
S4-E3,2,191,20.00,1,91.505,91.505,23,23
S4-E3,2,192,20.00,1,97.060,97.060,23,23
S4-E3,2,193,20.00,1,87.904,87.904,23,23
S4-E3,2,194,20.00,1,93.863,93.863,23,24
S4-E3,2,195,20.00,1,92.630,92.630,24,24
S4-E3,2,196,20.00,1,157.512,157.512,24,25
S4-E3,2,197,20.00,1,99.910,99.910,25,24
S4-E3,2,198,20.00,1,101.722,101.722,24,24
S4-E3,2,199,20.00,1,86.764,86.764,24,24
S4-E3,2,200,20.00,1,86.761,86.761,24,24
S4-E3,2,201,20.00,1,98.664,98.664,24,24
S4-E3,2,202,20.00,1,78.517,78.517,24,23
S4-E3,2,203,20.00,1,178.580,178.580,23,23
S4-E3,2,204,20.00,1,100.038,100.038,23,23
S4-E3,2,205,20.00,1,97.840,97.840,23,22
S4-E3,2,206,20.00,1,95.631,95.631,22,22
S4-E3,2,207,20.00,1,83.345,83.345,22,22
S4-E3,2,208,20.00,1,81.604,81.604,22,21
S4-E3,2,209,20.00,1,100.060,100.060,21,21
S4-E3,2,210,20.00,1,140.415,140.415,21,22
S4-E3,2,211,20.00,1,100.843,100.843,22,22
S4-E3,2,212,20.00,1,98.910,98.910,22,22
S4-E3,2,213,20.00,1,97.408,97.408,22,22
S4-E3,2,214,20.00,1,91.928,91.928,22,22
S4-E3,2,215,20.00,1,91.468,91.468,21,22
S4-E3,2,216,20.00,1,98.889,98.889,21,21
S4-E3,2,217,20.00,1,156.971,156.971,21,20
S4-E3,2,218,20.00,1,113.751,113.751,20,20
S4-E3,2,219,20.00,1,99.594,99.594,20,20
S4-E3,2,220,20.00,1,92.615,92.615,20,20
S4-E3,2,221,20.00,1,97.488,97.488,20,18
S4-E3,2,222,20.00,1,90.797,90.797,18,19
S4-E3,2,223,20.00,1,86.429,86.429,19,21
S4-E3,2,224,20.00,1,172.788,172.788,21,21
S4-E3,2,225,20.00,1,98.691,98.691,21,22
S4-E3,2,226,20.00,1,96.539,96.539,22,23
S4-E3,2,227,20.00,1,100.943,100.943,23,23
S4-E3,2,228,20.00,1,99.894,99.894,23,22
S4-E3,2,229,20.00,1,79.803,79.803,22,23
S4-E3,2,230,20.00,1,85.689,85.689,23,23
S4-E3,2,231,20.00,1,150.453,150.453,23,23
S4-E3,2,232,20.00,1,109.669,109.669,23,21
S4-E3,2,233,20.00,1,104.561,104.561,21,21
S4-E3,2,234,20.00,1,88.201,88.201,21,20
S4-E3,2,235,20.00,1,90.422,90.422,20,22
S4-E3,2,236,20.00,1,83.220,83.220,22,22
S4-E3,2,237,20.00,1,83.989,83.989,22,22
S4-E3,2,238,20.00,1,143.407,143.407,22,23
S4-E3,2,239,20.00,1,109.059,109.059,23,24
S4-E3,2,240,20.00,1,89.754,89.754,24,25
S4-E3,2,241,20.00,1,88.936,88.936,25,25
S4-E3,2,242,20.00,1,90.986,90.986,24,25
S4-E3,2,243,20.00,1,89.378,89.378,24,25
S4-E3,2,244,20.00,1,84.168,84.168,24,25
S4-E3,2,245,20.00,1,165.942,165.942,25,25
S4-E3,2,246,20.00,1,107.640,107.640,25,25
S4-E3,2,247,20.00,1,108.495,108.495,25,25
S4-E3,2,248,20.00,1,109.539,109.539,25,26
S4-E3,2,249,20.00,1,81.731,81.731,26,26
S4-E3,3,0,20.00,1,98.143,98.143,18,18
S4-E3,3,1,20.00,1,77.060,77.060,18,18
S4-E3,3,2,20.00,1,77.737,77.737,18,18
S4-E3,3,3,20.00,1,75.589,75.589,18,18
S4-E3,3,4,20.00,1,86.154,86.154,18,18
S4-E3,3,5,20.00,1,71.186,71.186,18,18
S4-E3,3,6,20.00,1,76.328,76.328,18,18
S4-E3,3,7,20.00,1,114.499,114.499,18,19
S4-E3,3,8,20.00,1,81.861,81.861,19,19
S4-E3,3,9,20.00,1,77.473,77.473,19,19
S4-E3,3,10,20.00,1,84.034,84.034,19,19
S4-E3,3,11,20.00,1,69.563,69.563,19,20
S4-E3,3,12,20.00,1,70.395,70.395,20,20
S4-E3,3,13,20.00,1,78.168,78.168,20,20
S4-E3,3,14,20.00,1,119.033,119.033,20,20
S4-E3,3,15,20.00,1,85.162,85.162,20,20
S4-E3,3,16,20.00,1,79.758,79.758,20,20
S4-E3,3,17,20.00,1,75.229,75.229,20,20
S4-E3,3,18,20.00,1,79.361,79.361,20,19
S4-E3,3,19,20.00,1,70.010,70.010,19,19
S4-E3,3,20,20.00,1,67.390,67.390,19,19
S4-E3,3,21,20.00,1,89.689,89.689,19,19
S4-E3,3,22,20.00,1,83.187,83.187,19,19
S4-E3,3,23,20.00,1,81.951,81.951,19,19
S4-E3,3,24,20.00,1,79.057,79.057,19,19
S4-E3,3,25,20.00,1,75.106,75.106,18,19
S4-E3,3,26,20.00,1,74.665,74.665,18,18
S4-E3,3,27,20.00,1,81.035,81.035,17,18
S4-E3,3,28,20.00,1,104.037,104.037,18,18
S4-E3,3,29,20.00,1,74.030,74.030,18,19
S4-E3,3,30,20.00,1,84.177,84.177,19,17
S4-E3,3,31,20.00,1,80.313,80.313,17,17
S4-E3,3,32,20.00,1,78.416,78.416,17,17
S4-E3,3,33,20.00,1,83.048,83.048,17,16
S4-E3,3,34,20.00,1,76.122,76.122,16,17
S4-E3,3,35,20.00,1,120.343,120.343,17,17
S4-E3,3,36,20.00,1,77.735,77.735,17,17
S4-E3,3,37,20.00,1,79.164,79.164,17,17
S4-E3,3,38,20.00,1,70.052,70.052,17,17
S4-E3,3,39,20.00,1,84.614,84.614,17,17
S4-E3,3,40,20.00,1,73.196,73.196,16,17
S4-E3,3,41,20.00,1,72.788,72.788,16,17
S4-E3,3,42,20.00,1,89.341,89.341,17,17
S4-E3,3,43,20.00,1,76.295,76.295,17,16
S4-E3,3,44,20.00,1,86.067,86.067,16,15
S4-E3,3,45,20.00,1,80.086,80.086,15,15
S4-E3,3,46,20.00,1,70.224,70.224,15,16
S4-E3,3,47,20.00,1,70.424,70.424,16,16
S4-E3,3,48,20.00,1,77.436,77.436,16,16
S4-E3,3,49,20.00,1,89.597,89.597,16,15
S4-E3,3,50,20.00,1,119.066,119.066,14,15
S4-E3,3,51,20.00,1,74.771,74.771,14,15
S4-E3,3,52,20.00,1,77.304,77.304,14,15
S4-E3,3,53,20.00,1,83.263,83.263,14,15
S4-E3,3,54,20.00,1,56.757,56.757,14,15
S4-E3,3,55,20.00,1,59.406,59.406,14,15
S4-E3,3,56,20.00,1,89.598,89.598,15,15
S4-E3,3,57,20.00,1,68.140,68.140,15,15
S4-E3,3,58,20.00,1,63.018,63.018,15,16
S4-E3,3,59,20.00,1,66.141,66.141,15,17
S4-E3,3,60,20.00,1,56.231,56.231,16,17
S4-E3,3,61,20.00,1,59.063,59.063,16,17
S4-E3,3,62,20.00,1,58.261,58.261,16,17
S4-E3,3,63,20.00,1,75.841,75.841,17,17
S4-E3,3,64,20.00,1,76.775,76.775,17,18
S4-E3,3,65,20.00,1,68.127,68.127,17,18
S4-E3,3,66,20.00,1,65.949,65.949,17,18
S4-E3,3,67,20.00,1,62.624,62.624,17,17
S4-E3,3,68,20.00,1,57.040,57.040,15,18
S4-E3,3,69,20.00,1,54.661,54.661,17,18
S4-E3,3,70,20.00,1,87.704,87.704,18,18
S4-E3,3,71,20.00,1,65.414,65.414,18,17
S4-E3,3,72,20.00,1,65.709,65.709,17,17
S4-E3,3,73,20.00,1,64.912,64.912,17,16
S4-E3,3,74,20.00,1,62.023,62.023,15,16
S4-E3,3,75,20.00,1,58.917,58.917,15,16
S4-E3,3,76,20.00,1,57.238,57.238,15,15
S4-E3,3,77,20.00,1,76.439,76.439,15,15
S4-E3,3,78,20.00,1,69.418,69.418,15,15
S4-E3,3,79,20.00,1,62.315,62.315,14,15
S4-E3,3,80,20.00,1,70.452,70.452,19,21
S4-E3,3,81,20.00,1,67.786,67.786,20,21
S4-E3,3,82,20.00,1,64.309,64.309,20,21
S4-E3,3,83,20.00,1,66.355,66.355,20,21
S4-E3,3,84,20.00,1,82.941,82.941,21,21
S4-E3,3,85,20.00,1,71.460,71.460,21,21
S4-E3,3,86,20.00,1,82.747,82.747,21,21
S4-E3,3,87,20.00,1,69.675,69.675,20,21
S4-E3,3,88,20.00,1,61.694,61.694,19,21
S4-E3,3,89,20.00,1,68.277,68.277,19,20
S4-E3,3,90,20.00,1,67.980,67.980,18,21
S4-E3,3,91,20.00,1,84.347,84.347,21,21
S4-E3,3,92,20.00,1,64.001,64.001,21,22
S4-E3,3,93,20.00,1,69.794,69.794,22,22
S4-E3,3,94,20.00,1,68.803,68.803,22,22
S4-E3,3,95,20.00,1,68.269,68.269,22,22
S4-E3,3,96,20.00,1,58.178,58.178,21,22
S4-E3,3,97,20.00,1,59.667,59.667,21,22
S4-E3,3,98,20.00,1,94.952,94.952,22,22
S4-E3,3,99,20.00,1,86.038,86.038,22,23
S4-E3,3,100,20.00,1,71.824,71.824,23,23
S4-E3,3,101,20.00,1,66.578,66.578,22,23
S4-E3,3,102,20.00,1,65.634,65.634,21,22
S4-E3,3,103,20.00,1,57.911,57.911,20,22
S4-E3,3,104,20.00,1,56.222,56.222,20,22
S4-E3,3,105,20.00,1,76.351,76.351,22,22
S4-E3,3,106,20.00,1,96.672,96.672,22,22
S4-E3,3,107,20.00,1,71.712,71.712,22,21
S4-E3,3,108,20.00,1,70.104,70.104,20,21
S4-E3,3,109,20.00,1,67.966,67.966,19,21
S4-E3,3,110,20.00,1,64.471,64.471,19,19
S4-E3,3,111,20.00,1,59.130,59.130,17,19
S4-E3,3,112,20.00,1,82.898,82.898,19,19
S4-E3,3,113,20.00,1,84.242,84.242,19,19
S4-E3,3,114,20.00,1,77.913,77.913,19,18
S4-E3,3,115,20.00,1,68.374,68.374,17,18
S4-E3,3,116,20.00,1,63.899,63.899,16,18
S4-E3,3,117,20.00,1,60.315,60.315,16,17
S4-E3,3,118,20.00,1,57.523,57.523,15,17
S4-E3,3,119,20.00,1,80.056,80.056,17,17
S4-E3,3,120,20.00,1,72.560,72.560,17,17
S4-E3,3,121,20.00,1,86.354,86.354,16,18
S4-E3,3,122,20.00,1,80.423,80.423,17,18
S4-E3,3,123,20.00,1,64.029,64.029,16,18
S4-E3,3,124,20.00,1,64.225,64.225,16,18
S4-E3,3,125,20.00,1,67.718,67.718,16,20
S4-E3,3,126,20.00,1,80.627,80.627,20,19
S4-E3,3,127,20.00,1,82.821,82.821,19,19
S4-E3,3,128,20.00,1,75.695,75.695,19,20
S4-E3,3,129,20.00,1,69.795,69.795,19,20
S4-E3,3,130,20.00,1,67.986,67.986,18,19
S4-E3,3,131,20.00,1,66.437,66.437,17,18
S4-E3,3,132,20.00,1,59.134,59.134,16,17
S4-E3,3,133,20.00,1,88.994,88.994,17,18
S4-E3,3,134,20.00,1,75.297,75.297,18,19
S4-E3,3,135,20.00,1,75.272,75.272,19,19
S4-E3,3,136,20.00,1,63.852,63.852,18,20
S4-E3,3,137,20.00,1,71.048,71.048,19,20
S4-E3,3,138,20.00,1,63.622,63.622,19,20
S4-E3,3,139,20.00,1,61.891,61.891,18,20
S4-E3,3,140,20.00,1,85.059,85.059,20,18
S4-E3,3,141,20.00,1,87.202,87.202,18,18
S4-E3,3,142,20.00,1,77.579,77.579,18,18
S4-E3,3,143,20.00,1,67.557,67.557,17,18
S4-E3,3,144,20.00,1,60.716,60.716,16,18
S4-E3,3,145,20.00,1,66.439,66.439,16,18
S4-E3,3,146,20.00,1,61.031,61.031,16,18
S4-E3,3,147,20.00,1,82.292,82.292,18,17
S4-E3,3,148,20.00,1,83.645,83.645,17,17
S4-E3,3,149,20.00,1,70.324,70.324,17,17
S4-E3,3,150,20.00,1,74.980,74.980,16,17
S4-E3,3,151,20.00,1,65.986,65.986,15,18
S4-E3,3,152,20.00,1,61.403,61.403,16,19
S4-E3,3,153,20.00,1,63.530,63.530,17,19
S4-E3,3,154,20.00,1,87.343,87.343,19,18
S4-E3,3,155,20.00,1,86.871,86.871,18,19
S4-E3,3,156,20.00,1,79.434,79.434,19,19
S4-E3,3,157,20.00,1,65.745,65.745,18,19
S4-E3,3,158,20.00,1,64.429,64.429,17,18
S4-E3,3,159,20.00,1,75.195,75.195,16,18
S4-E3,3,160,20.00,1,57.820,57.820,16,19
S4-E3,3,161,20.00,1,77.886,77.886,19,19
S4-E3,3,162,20.00,1,85.862,85.862,19,21
S4-E3,3,163,20.00,1,80.914,80.914,21,20
S4-E3,3,164,20.00,1,74.730,74.730,19,20
S4-E3,3,165,20.00,1,65.985,65.985,18,20
S4-E3,3,166,20.00,1,66.390,66.390,18,19
S4-E3,3,167,20.00,1,58.345,58.345,17,19
S4-E3,3,168,20.00,1,86.675,86.675,19,19
S4-E3,3,169,20.00,1,83.739,83.739,19,18
S4-E3,3,170,20.00,1,77.171,77.171,18,18
S4-E3,3,171,20.00,1,65.941,65.941,17,19
S4-E3,3,172,20.00,1,62.545,62.545,17,19
S4-E3,3,173,20.00,1,71.329,71.329,17,19
S4-E3,3,174,20.00,1,63.395,63.395,17,19
S4-E3,3,175,20.00,1,89.711,89.711,19,19
S4-E3,3,176,20.00,1,80.452,80.452,19,18
S4-E3,3,177,20.00,1,77.066,77.066,18,18
S4-E3,3,178,20.00,1,72.164,72.164,17,18
S4-E3,3,179,20.00,1,62.243,62.243,16,18
S4-E3,3,180,20.00,1,56.982,56.982,16,19
S4-E3,3,181,20.00,1,61.827,61.827,17,19
S4-E3,3,182,20.00,1,78.871,78.871,19,19
S4-E3,3,183,20.00,1,76.750,76.750,19,19
S4-E3,3,184,20.00,1,81.813,81.813,19,19
S4-E3,3,185,20.00,1,73.745,73.745,18,19
S4-E3,3,186,20.00,1,61.832,61.832,17,19
S4-E3,3,187,20.00,1,64.090,64.090,17,19
S4-E3,3,188,20.00,1,56.633,56.633,17,19
S4-E3,3,189,20.00,1,87.951,87.951,19,19
S4-E3,3,190,20.00,1,84.275,84.275,19,19
S4-E3,3,191,20.00,1,76.286,76.286,19,19
S4-E3,3,192,20.00,1,64.665,64.665,17,20
S4-E3,3,193,20.00,1,61.962,61.962,18,21
S4-E3,3,194,20.00,1,65.691,65.691,19,22
S4-E3,3,195,20.00,1,61.258,61.258,20,22
S4-E3,3,196,20.00,1,80.856,80.856,22,19
S4-E3,3,197,20.00,1,81.908,81.908,19,19
S4-E3,3,198,20.00,1,79.420,79.420,19,19
S4-E3,3,199,20.00,1,70.708,70.708,18,19
S4-E3,3,200,20.00,1,61.426,61.426,17,19
S4-E3,3,201,20.00,1,64.844,64.844,17,18
S4-E3,3,202,20.00,1,64.300,64.300,16,17
S4-E3,3,203,20.00,1,90.470,90.470,17,16
S4-E3,3,204,20.00,1,73.754,73.754,16,16
S4-E3,3,205,20.00,1,76.306,76.306,16,16
S4-E3,3,206,20.00,1,78.862,78.862,15,17
S4-E3,3,207,20.00,1,63.363,63.363,15,17
S4-E3,3,208,20.00,1,67.752,67.752,15,18
S4-E3,3,209,20.00,1,67.252,67.252,16,18
S4-E3,3,210,20.00,1,75.314,75.314,18,17
S4-E3,3,211,20.00,1,82.600,82.600,16,17
S4-E3,3,212,20.00,1,83.340,83.340,16,17
S4-E3,3,213,20.00,1,69.277,69.277,16,17
S4-E3,3,214,20.00,1,62.708,62.708,15,17
S4-E3,3,215,20.00,1,57.858,57.858,15,17
S4-E3,3,216,20.00,1,56.755,56.755,15,17
S4-E3,3,217,20.00,1,68.360,68.360,17,17
S4-E3,3,218,20.00,1,77.275,77.275,17,17
S4-E3,3,219,20.00,1,84.709,84.709,17,18
S4-E3,3,220,20.00,1,73.443,73.443,18,18
S4-E3,3,221,20.00,1,67.907,67.907,17,18
S4-E3,3,222,20.00,1,64.464,64.464,16,20
S4-E3,3,223,20.00,1,62.461,62.461,18,20
S4-E3,3,224,20.00,1,76.241,76.241,19,20
S4-E3,3,225,20.00,1,71.129,71.129,20,20
S4-E3,3,226,20.00,1,78.264,78.264,20,20
S4-E3,3,227,20.00,1,83.191,83.191,19,20
S4-E3,3,228,20.00,1,60.216,60.216,18,20
S4-E3,3,229,20.00,1,66.376,66.376,18,19
S4-E3,3,230,20.00,1,64.746,64.746,17,20
S4-E3,3,231,20.00,1,85.510,85.510,20,19
S4-E3,3,232,20.00,1,79.755,79.755,19,19
S4-E3,3,233,20.00,1,76.965,76.965,19,19
S4-E3,3,234,20.00,1,67.106,67.106,18,20
S4-E3,3,235,20.00,1,62.239,62.239,18,20
S4-E3,3,236,20.00,1,58.853,58.853,18,20
S4-E3,3,237,20.00,1,54.175,54.175,18,21
S4-E3,3,238,20.00,1,76.654,76.654,21,21
S4-E3,3,239,20.00,1,75.990,75.990,21,22
S4-E3,3,240,20.00,1,75.024,75.024,22,22
S4-E3,3,241,20.00,1,74.699,74.699,21,22
S4-E3,3,242,20.00,1,67.839,67.839,20,22
S4-E3,3,243,20.00,1,59.902,59.902,20,22
S4-E3,3,244,20.00,1,54.778,54.778,20,22
S4-E3,3,245,20.00,1,74.341,74.341,22,22
S4-E3,3,246,20.00,1,76.734,76.734,22,22
S4-E3,3,247,20.00,1,75.882,75.882,22,22
S4-E3,3,248,20.00,1,81.161,81.161,21,23
S4-E3,3,249,20.00,1,62.568,62.568,21,23
S4-E4,0,0,20.00,1,114.134,114.134,16,16
S4-E4,0,1,20.00,1,90.477,90.477,16,16
S4-E4,0,2,20.00,1,82.305,82.305,16,17
S4-E4,0,3,20.00,1,82.122,82.122,17,17
S4-E4,0,4,20.00,1,80.577,80.577,17,18
S4-E4,0,5,20.00,1,71.563,71.563,18,19
S4-E4,0,6,20.00,1,71.305,71.305,19,19
S4-E4,0,7,20.00,1,118.133,118.133,19,18
S4-E4,0,8,20.00,1,91.431,91.431,18,18
S4-E4,0,9,20.00,1,106.262,106.262,18,17
S4-E4,0,10,20.00,1,86.036,86.036,17,17
S4-E4,0,11,20.00,1,75.266,75.266,17,18
S4-E4,0,12,20.00,1,71.456,71.456,18,18
S4-E4,0,13,20.00,1,69.613,69.613,18,19
S4-E4,0,14,20.00,1,104.947,104.947,19,19
S4-E4,0,15,20.00,1,94.577,94.577,19,19
S4-E4,0,16,20.00,1,80.396,80.396,19,18
S4-E4,0,17,20.00,1,91.440,91.440,18,18
S4-E4,0,18,20.00,1,79.701,79.701,18,17
S4-E4,0,19,20.00,1,70.253,70.253,17,18
S4-E4,0,20,20.00,1,63.074,63.074,18,18
S4-E4,0,21,20.00,1,100.322,100.322,18,19
S4-E4,0,22,20.00,1,93.692,93.692,19,19
S4-E4,0,23,20.00,1,82.190,82.190,19,19
S4-E4,0,24,20.00,1,78.114,78.114,19,19
S4-E4,0,25,20.00,1,88.108,88.108,19,19
S4-E4,0,26,20.00,1,67.379,67.379,19,19
S4-E4,0,27,20.00,1,59.873,59.873,19,19
S4-E4,0,28,20.00,1,117.667,117.667,19,19
S4-E4,0,29,20.00,1,113.234,113.234,19,19
S4-E4,0,30,20.00,1,88.602,88.602,19,19
S4-E4,0,31,20.00,1,85.151,85.151,19,19
S4-E4,0,32,20.00,1,75.198,75.198,19,19
S4-E4,0,33,20.00,1,62.860,62.860,19,21
S4-E4,0,34,20.00,1,62.659,62.659,21,20
S4-E4,0,35,20.00,1,99.412,99.412,20,20
S4-E4,0,36,20.00,1,93.364,93.364,20,20
S4-E4,0,37,20.00,1,85.951,85.951,20,20
S4-E4,0,38,20.00,1,90.153,90.153,20,20
S4-E4,0,39,20.00,1,87.144,87.144,20,18
S4-E4,0,40,20.00,1,75.717,75.717,18,18
S4-E4,0,41,20.00,1,70.101,70.101,18,18
S4-E4,0,42,20.00,1,110.580,110.580,18,18
S4-E4,0,43,20.00,1,94.116,94.116,18,18
S4-E4,0,44,20.00,1,93.263,93.263,18,18
S4-E4,0,45,20.00,1,85.957,85.957,18,18
S4-E4,0,46,20.00,1,70.402,70.402,18,18
S4-E4,0,47,20.00,1,81.865,81.865,18,17
S4-E4,0,48,20.00,1,67.835,67.835,17,16
S4-E4,0,49,20.00,1,105.993,105.993,16,16
S4-E4,0,50,20.00,1,97.779,97.779,16,17
S4-E4,0,51,20.00,1,93.609,93.609,17,17
S4-E4,0,52,20.00,1,100.759,100.759,17,17
S4-E4,0,53,20.00,1,90.736,90.736,17,17
S4-E4,0,54,20.00,1,84.562,84.562,17,17
S4-E4,0,55,20.00,1,79.876,79.876,17,16
S4-E4,0,56,20.00,1,110.362,110.362,16,15
S4-E4,0,57,20.00,1,99.769,99.769,15,15
S4-E4,0,58,20.00,1,107.971,107.971,14,15
S4-E4,0,59,20.00,1,87.693,87.693,14,14
S4-E4,0,60,20.00,1,87.052,87.052,13,14
S4-E4,0,61,20.00,1,74.588,74.588,13,14
S4-E4,0,62,20.00,1,96.048,96.048,13,14
S4-E4,0,63,20.00,1,104.566,104.566,14,14
S4-E4,0,64,20.00,1,102.776,102.776,14,14
S4-E4,0,65,20.00,1,99.154,99.154,14,15
S4-E4,0,66,20.00,1,97.915,97.915,14,15
S4-E4,0,67,20.00,1,76.501,76.501,14,15
S4-E4,0,68,20.00,1,82.331,82.331,14,15
S4-E4,0,69,20.00,1,87.627,87.627,14,15
S4-E4,0,70,20.00,1,105.711,105.711,15,15
S4-E4,0,71,20.00,1,114.525,114.525,15,15
S4-E4,0,72,20.00,1,116.307,116.307,15,14
S4-E4,0,73,20.00,1,93.509,93.509,13,15
S4-E4,0,74,20.00,1,88.960,88.960,13,14
S4-E4,0,75,20.00,1,83.259,83.259,12,14
S4-E4,0,76,20.00,1,88.656,88.656,12,16
S4-E4,0,77,20.00,1,97.154,97.154,16,16
S4-E4,0,78,20.00,1,99.035,99.035,16,15
S4-E4,0,79,20.00,1,103.425,103.425,15,16
S4-E4,0,80,20.00,1,98.300,98.300,16,17
S4-E4,0,81,20.00,1,86.879,86.879,17,17
S4-E4,0,82,20.00,1,81.123,81.123,17,17
S4-E4,0,83,20.00,1,84.043,84.043,16,17
S4-E4,0,84,20.00,1,101.377,101.377,17,17
S4-E4,0,85,20.00,1,104.884,104.884,17,17
S4-E4,0,86,20.00,1,89.353,89.353,16,17
S4-E4,0,87,20.00,1,100.601,100.601,16,18
S4-E4,0,88,20.00,1,78.757,78.757,17,18
S4-E4,0,89,20.00,1,84.481,84.481,17,18
S4-E4,0,90,20.00,1,80.037,80.037,17,18
S4-E4,0,91,20.00,1,107.652,107.652,18,18
S4-E4,0,92,20.00,1,117.100,117.100,18,19
S4-E4,0,93,20.00,1,93.547,93.547,18,19
S4-E4,0,94,20.00,1,100.428,100.428,18,19
S4-E4,0,95,20.00,1,86.010,86.010,18,19
S4-E4,0,96,20.00,1,84.558,84.558,18,19
S4-E4,0,97,20.00,1,87.160,87.160,18,18
S4-E4,0,98,20.00,1,107.016,107.016,18,18
S4-E4,0,99,20.00,1,106.380,106.380,18,19
S4-E4,0,100,20.00,1,97.417,97.417,18,19
S4-E4,0,101,20.00,1,96.862,96.862,18,19
S4-E4,0,102,20.00,1,81.759,81.759,18,19
S4-E4,0,103,20.00,1,80.767,80.767,18,18
S4-E4,0,104,20.00,1,82.271,82.271,17,18
S4-E4,0,105,20.00,1,102.934,102.934,18,18
S4-E4,0,106,20.00,1,114.154,114.154,18,18
S4-E4,0,107,20.00,1,108.557,108.557,18,18
S4-E4,0,108,20.00,1,100.497,100.497,17,18
S4-E4,0,109,20.00,1,86.092,86.092,16,18
S4-E4,0,110,20.00,1,84.778,84.778,16,18
S4-E4,0,111,20.00,1,93.431,93.431,15,18
S4-E4,0,112,20.00,1,105.241,105.241,18,17
S4-E4,0,113,20.00,1,104.643,104.643,17,17
S4-E4,0,114,20.00,1,107.220,107.220,17,17
S4-E4,0,115,20.00,1,97.989,97.989,16,17
S4-E4,0,116,20.00,1,89.892,89.892,15,17
S4-E4,0,117,20.00,1,75.506,75.506,15,17
S4-E4,0,118,20.00,1,85.141,85.141,14,17
S4-E4,0,119,20.00,1,100.483,100.483,17,18
S4-E4,0,120,20.00,1,103.141,103.141,18,17
S4-E4,0,121,20.00,1,91.777,91.777,17,17
S4-E4,0,122,20.00,1,90.250,90.250,17,17
S4-E4,0,123,20.00,1,110.556,110.556,17,16
S4-E4,0,124,20.00,1,77.208,77.208,15,15
S4-E4,0,125,20.00,1,87.625,87.625,13,15
S4-E4,0,126,20.00,1,102.700,102.700,15,15
S4-E4,0,127,20.00,1,99.002,99.002,15,14
S4-E4,0,128,20.00,1,90.376,90.376,14,14
S4-E4,0,129,20.00,1,99.470,99.470,14,13
S4-E4,0,130,20.00,1,93.540,93.540,13,13
S4-E4,0,131,20.00,1,81.172,81.172,13,15
S4-E4,0,132,20.00,1,80.033,80.033,14,15
S4-E4,0,133,20.00,1,107.063,107.063,15,15
S4-E4,0,134,20.00,1,101.796,101.796,15,16
S4-E4,0,135,20.00,1,98.304,98.304,16,15
S4-E4,0,136,20.00,1,105.077,105.077,14,15
S4-E4,0,137,20.00,1,83.712,83.712,13,15
S4-E4,0,138,20.00,1,84.091,84.091,13,15
S4-E4,0,139,20.00,1,76.821,76.821,13,15
S4-E4,0,140,20.00,1,98.317,98.317,15,14
S4-E4,0,141,20.00,1,107.982,107.982,14,14
S4-E4,0,142,20.00,1,109.318,109.318,14,14
S4-E4,0,143,20.00,1,90.583,90.583,13,14
S4-E4,0,144,20.00,1,75.310,75.310,13,14
S4-E4,0,145,20.00,1,84.138,84.138,13,15
S4-E4,0,146,20.00,1,85.347,85.347,13,15
S4-E4,0,147,20.00,1,113.751,113.751,15,15
S4-E4,0,148,20.00,1,104.954,104.954,15,16
S4-E4,0,149,20.00,1,99.070,99.070,16,16
S4-E4,0,150,20.00,1,99.805,99.805,15,16
S4-E4,0,151,20.00,1,91.379,91.379,14,16
S4-E4,0,152,20.00,1,79.830,79.830,14,16
S4-E4,0,153,20.00,1,82.482,82.482,13,16
S4-E4,0,154,20.00,1,78.405,78.405,16,16
S4-E4,0,155,20.00,1,93.379,93.379,16,17
S4-E4,0,156,20.00,1,79.413,79.413,17,17
S4-E4,0,157,20.00,1,83.621,83.621,17,17
S4-E4,0,158,20.00,1,63.226,63.226,17,17
S4-E4,0,159,20.00,1,65.065,65.065,15,17
S4-E4,0,160,20.00,1,74.022,74.022,16,17
S4-E4,0,161,20.00,1,76.755,76.755,17,17
S4-E4,0,162,20.00,1,81.563,81.563,16,17
S4-E4,0,163,20.00,1,77.383,77.383,17,16
S4-E4,0,164,20.00,1,65.806,65.806,16,16
S4-E4,0,165,20.00,1,75.091,75.091,15,16
S4-E4,0,166,20.00,1,69.577,69.577,15,15
S4-E4,0,167,20.00,1,65.382,65.382,14,14
S4-E4,0,168,20.00,1,78.523,78.523,14,14
S4-E4,0,169,20.00,1,73.272,73.272,13,15
S4-E4,0,170,20.00,1,86.621,86.621,15,15
S4-E4,0,171,20.00,1,81.092,81.092,15,15
S4-E4,0,172,20.00,1,68.910,68.910,15,15
S4-E4,0,173,20.00,1,65.136,65.136,15,15
S4-E4,0,174,20.00,1,65.523,65.523,14,15
S4-E4,0,175,20.00,1,87.948,87.948,15,15
S4-E4,0,176,20.00,1,95.168,95.168,15,13
S4-E4,0,177,20.00,1,83.939,83.939,13,14
S4-E4,0,178,20.00,1,70.609,70.609,14,14
S4-E4,0,179,20.00,1,78.066,78.066,14,14
S4-E4,0,180,20.00,1,70.203,70.203,14,15
S4-E4,0,181,20.00,1,65.063,65.063,14,16
S4-E4,0,182,20.00,1,80.013,80.013,16,17
S4-E4,0,183,20.00,1,89.344,89.344,17,18
S4-E4,0,184,20.00,1,80.112,80.112,18,19
S4-E4,0,185,20.00,1,76.012,76.012,19,18
S4-E4,0,186,20.00,1,68.627,68.627,18,18
S4-E4,0,187,20.00,1,65.122,65.122,17,18
S4-E4,0,188,20.00,1,66.225,66.225,17,18
S4-E4,0,189,20.00,1,80.991,80.991,18,18
S4-E4,0,190,20.00,1,77.456,77.456,18,18
S4-E4,0,191,20.00,1,90.177,90.177,18,18
S4-E4,0,192,20.00,1,88.729,88.729,18,18
S4-E4,0,193,20.00,1,70.437,70.437,18,17
S4-E4,0,194,20.00,1,66.623,66.623,17,17
S4-E4,0,195,20.00,1,62.597,62.597,17,17
S4-E4,0,196,20.00,1,83.566,83.566,17,17
S4-E4,0,197,20.00,1,78.770,78.770,17,17
S4-E4,0,198,20.00,1,85.633,85.633,17,17
S4-E4,0,199,20.00,1,74.929,74.929,17,17
S4-E4,0,200,20.00,1,63.978,63.978,17,17
S4-E4,0,201,20.00,1,65.544,65.544,16,18
S4-E4,0,202,20.00,1,71.496,71.496,17,18
S4-E4,0,203,20.00,1,87.431,87.431,18,19
S4-E4,0,204,20.00,1,82.978,82.978,19,19
S4-E4,0,205,20.00,1,80.704,80.704,19,19
S4-E4,0,206,20.00,1,85.292,85.292,19,18
S4-E4,0,207,20.00,1,67.051,67.051,18,18
S4-E4,0,208,20.00,1,57.985,57.985,18,17
S4-E4,0,209,20.00,1,65.851,65.851,17,18
S4-E4,0,210,20.00,1,86.292,86.292,17,18
S4-E4,0,211,20.00,1,83.984,83.984,17,18
S4-E4,0,212,20.00,1,90.257,90.257,18,18
S4-E4,0,213,20.00,1,80.579,80.579,17,18
S4-E4,0,214,20.00,1,69.571,69.571,18,18
S4-E4,0,215,20.00,1,67.386,67.386,17,18
S4-E4,0,216,20.00,1,70.995,70.995,17,18
S4-E4,0,217,20.00,1,89.431,89.431,17,18
S4-E4,0,218,20.00,1,79.258,79.258,18,18
S4-E4,0,219,20.00,1,82.813,82.813,17,18
S4-E4,0,220,20.00,1,80.995,80.995,18,17
S4-E4,0,221,20.00,1,64.985,64.985,16,17
S4-E4,0,222,20.00,1,62.957,62.957,16,17
S4-E4,0,223,20.00,1,62.680,62.680,17,17
S4-E4,0,224,20.00,1,77.294,77.294,17,18
S4-E4,0,225,20.00,1,81.412,81.412,18,18
S4-E4,0,226,20.00,1,89.109,89.109,17,18
S4-E4,0,227,20.00,1,97.339,97.339,17,19
S4-E4,0,228,20.00,1,63.850,63.850,18,18
S4-E4,0,229,20.00,1,70.088,70.088,17,18
S4-E4,0,230,20.00,1,62.303,62.303,18,18
S4-E4,0,231,20.00,1,80.295,80.295,18,17
S4-E4,0,232,20.00,1,82.318,82.318,16,17
S4-E4,0,233,20.00,1,84.242,84.242,16,16
S4-E4,0,234,20.00,1,78.186,78.186,15,16
S4-E4,0,235,20.00,1,72.226,72.226,15,18
S4-E4,0,236,20.00,1,68.674,68.674,17,18
S4-E4,0,237,20.00,1,72.601,72.601,17,18
S4-E4,0,238,20.00,1,83.793,83.793,18,19
S4-E4,0,239,20.00,1,77.594,77.594,18,18
S4-E4,0,240,20.00,1,84.961,84.961,17,18
S4-E4,0,241,20.00,1,84.764,84.764,18,19
S4-E4,0,242,20.00,1,64.621,64.621,18,19
S4-E4,0,243,20.00,1,65.177,65.177,18,19
S4-E4,0,244,20.00,1,67.274,67.274,19,19
S4-E4,0,245,20.00,1,78.562,78.562,19,19
S4-E4,0,246,20.00,1,75.017,75.017,19,19
S4-E4,0,247,20.00,1,77.119,77.119,19,18
S4-E4,0,248,20.00,1,68.892,68.892,18,18
S4-E4,0,249,20.00,1,69.156,69.156,17,18
S4-E4,1,0,20.00,1,88.177,88.177,18,18
S4-E4,1,1,20.00,1,77.372,77.372,18,17
S4-E4,1,2,20.00,1,83.822,83.822,17,16
S4-E4,1,3,20.00,1,74.309,74.309,16,16
S4-E4,1,4,20.00,1,65.851,65.851,16,15
S4-E4,1,5,20.00,1,76.214,76.214,14,15
S4-E4,1,6,20.00,1,61.192,61.192,14,15
S4-E4,1,7,20.00,1,79.672,79.672,15,15
S4-E4,1,8,20.00,1,85.415,85.415,15,15
S4-E4,1,9,20.00,1,73.867,73.867,15,15
S4-E4,1,10,20.00,1,78.770,78.770,15,15
S4-E4,1,11,20.00,1,70.000,70.000,15,14
S4-E4,1,12,20.00,1,67.301,67.301,13,15
S4-E4,1,13,20.00,1,64.336,64.336,14,14
S4-E4,1,14,20.00,1,83.516,83.516,14,14
S4-E4,1,15,20.00,1,87.939,87.939,14,14
S4-E4,1,16,20.00,1,70.901,70.901,14,14
S4-E4,1,17,20.00,1,73.515,73.515,14,14
S4-E4,1,18,20.00,1,71.029,71.029,14,14
S4-E4,1,19,20.00,1,68.298,68.298,14,14
S4-E4,1,20,20.00,1,66.156,66.156,13,17
S4-E4,1,21,20.00,1,86.757,86.757,17,17
S4-E4,1,22,20.00,1,75.208,75.208,17,17
S4-E4,1,23,20.00,1,74.464,74.464,17,17
S4-E4,1,24,20.00,1,71.038,71.038,16,17
S4-E4,1,25,20.00,1,75.283,75.283,16,18
S4-E4,1,26,20.00,1,64.034,64.034,17,19
S4-E4,1,27,20.00,1,58.602,58.602,18,19
S4-E4,1,28,20.00,1,71.698,71.698,19,19
S4-E4,1,29,20.00,1,82.701,82.701,19,19
S4-E4,1,30,20.00,1,75.389,75.389,19,20
S4-E4,1,31,20.00,1,77.751,77.751,20,20
S4-E4,1,32,20.00,1,74.283,74.283,20,20
S4-E4,1,33,20.00,1,70.158,70.158,19,20
S4-E4,1,34,20.00,1,70.115,70.115,19,20
S4-E4,1,35,20.00,1,76.206,76.206,20,20
S4-E4,1,36,20.00,1,73.466,73.466,20,20
S4-E4,1,37,20.00,1,80.839,80.839,19,20
S4-E4,1,38,20.00,1,74.406,74.406,19,20
S4-E4,1,39,20.00,1,61.815,61.815,19,20
S4-E4,1,40,20.00,1,60.974,60.974,19,19
S4-E4,1,41,20.00,1,65.854,65.854,17,19
S4-E4,1,42,20.00,1,80.703,80.703,19,18
S4-E4,1,43,20.00,1,78.221,78.221,18,18
S4-E4,1,44,20.00,1,67.756,67.756,18,18
S4-E4,1,45,20.00,1,75.340,75.340,18,18
S4-E4,1,46,20.00,1,68.633,68.633,17,18
S4-E4,1,47,20.00,1,66.220,66.220,17,18
S4-E4,1,48,20.00,1,61.110,61.110,17,18
S4-E4,1,49,20.00,1,75.854,75.854,18,17
S4-E4,1,50,20.00,1,77.421,77.421,17,17
S4-E4,1,51,20.00,1,77.111,77.111,17,17
S4-E4,1,52,20.00,1,78.344,78.344,17,16
S4-E4,1,53,20.00,1,86.946,86.946,16,15
S4-E4,1,54,20.00,1,73.243,73.243,15,14
S4-E4,1,55,20.00,1,71.543,71.543,14,14
S4-E4,1,56,20.00,1,76.334,76.334,14,14
S4-E4,1,57,20.00,1,74.239,74.239,14,14
S4-E4,1,58,20.00,1,81.127,81.127,14,14
S4-E4,1,59,20.00,1,76.798,76.798,14,16
S4-E4,1,60,20.00,1,73.471,73.471,16,14
S4-E4,1,61,20.00,1,67.328,67.328,13,15
S4-E4,1,62,20.00,1,72.181,72.181,14,14
S4-E4,1,63,20.00,1,75.027,75.027,14,14
S4-E4,1,64,20.00,1,75.241,75.241,14,15
S4-E4,1,65,20.00,1,76.147,76.147,15,15
S4-E4,1,66,20.00,1,87.664,87.664,15,16
S4-E4,1,67,20.00,1,73.598,73.598,16,16
S4-E4,1,68,20.00,1,68.317,68.317,16,16
S4-E4,1,69,20.00,1,87.042,87.042,16,17
S4-E4,1,70,20.00,1,81.972,81.972,17,17
S4-E4,1,71,20.00,1,77.387,77.387,17,17
S4-E4,1,72,20.00,1,72.284,72.284,17,17
S4-E4,1,73,20.00,1,89.507,89.507,17,17
S4-E4,1,74,20.00,1,70.964,70.964,17,17
S4-E4,1,75,20.00,1,73.405,73.405,17,18
S4-E4,1,76,20.00,1,67.938,67.938,18,18
S4-E4,1,77,20.00,1,81.241,81.241,18,20
S4-E4,1,78,20.00,1,77.508,77.508,20,18
S4-E4,1,79,20.00,1,70.864,70.864,18,18
S4-E4,1,80,20.00,1,76.581,76.581,18,18
S4-E4,1,81,20.00,1,80.344,80.344,18,18
S4-E4,1,82,20.00,1,73.822,73.822,18,18
S4-E4,1,83,20.00,1,71.276,71.276,18,17
S4-E4,1,84,20.00,1,83.162,83.162,17,16
S4-E4,1,85,20.00,1,93.363,93.363,16,19
S4-E4,1,86,20.00,1,74.161,74.161,19,19
S4-E4,1,87,20.00,1,85.376,85.376,19,19
S4-E4,1,88,20.00,1,79.267,79.267,19,19
S4-E4,1,89,20.00,1,76.533,76.533,19,19
S4-E4,1,90,20.00,1,68.346,68.346,19,19
S4-E4,1,91,20.00,1,83.633,83.633,19,19
S4-E4,1,92,20.00,1,86.307,86.307,19,20
S4-E4,1,93,20.00,1,72.802,72.802,20,21
S4-E4,1,94,20.00,1,74.521,74.521,21,21
S4-E4,1,95,20.00,1,79.080,79.080,21,21
S4-E4,1,96,20.00,1,70.901,70.901,21,22
S4-E4,1,97,20.00,1,65.039,65.039,22,22
S4-E4,1,98,20.00,1,82.240,82.240,22,21
S4-E4,1,99,20.00,1,78.558,78.558,21,22
S4-E4,1,100,20.00,1,85.701,85.701,22,22
S4-E4,1,101,20.00,1,72.373,72.373,22,22
S4-E4,1,102,20.00,1,74.158,74.158,22,22
S4-E4,1,103,20.00,1,75.766,75.766,22,21
S4-E4,1,104,20.00,1,61.789,61.789,21,21
S4-E4,1,105,20.00,1,85.066,85.066,21,21
S4-E4,1,106,20.00,1,80.304,80.304,21,20
S4-E4,1,107,20.00,1,76.895,76.895,20,20
S4-E4,1,108,20.00,1,88.231,88.231,20,20
S4-E4,1,109,20.00,1,78.477,78.477,20,20
S4-E4,1,110,20.00,1,70.668,70.668,20,20
S4-E4,1,111,20.00,1,64.326,64.326,20,19
S4-E4,1,112,20.00,1,88.600,88.600,19,19
S4-E4,1,113,20.00,1,82.995,82.995,19,19
S4-E4,1,114,20.00,1,82.089,82.089,19,19
S4-E4,1,115,20.00,1,86.068,86.068,19,19
S4-E4,1,116,20.00,1,72.188,72.188,19,20
S4-E4,1,117,20.00,1,80.872,80.872,20,20
S4-E4,1,118,20.00,1,70.328,70.328,20,19
S4-E4,1,119,20.00,1,81.923,81.923,19,20
S4-E4,1,120,20.00,1,84.243,84.243,20,20
S4-E4,1,121,20.00,1,81.141,81.141,20,19
S4-E4,1,122,20.00,1,74.238,74.238,19,19
S4-E4,1,123,20.00,1,71.239,71.239,19,20
S4-E4,1,124,20.00,1,62.849,62.849,20,20
S4-E4,1,125,20.00,1,73.927,73.927,20,20
S4-E4,1,126,20.00,1,74.846,74.846,20,19
S4-E4,1,127,20.00,1,92.378,92.378,19,17
S4-E4,1,128,20.00,1,82.851,82.851,17,17
S4-E4,1,129,20.00,1,68.187,68.187,17,18
S4-E4,1,130,20.00,1,68.161,68.161,18,17
S4-E4,1,131,20.00,1,68.619,68.619,16,16
S4-E4,1,132,20.00,1,69.001,69.001,15,16
S4-E4,1,133,20.00,1,98.473,98.473,16,16
S4-E4,1,134,20.00,1,79.877,79.877,16,17
S4-E4,1,135,20.00,1,78.367,78.367,17,17
S4-E4,1,136,20.00,1,74.596,74.596,17,17
S4-E4,1,137,20.00,1,88.471,88.471,17,17
S4-E4,1,138,20.00,1,66.955,66.955,17,17
S4-E4,1,139,20.00,1,74.125,74.125,17,18
S4-E4,1,140,20.00,1,81.555,81.555,18,20
S4-E4,1,141,20.00,1,86.910,86.910,20,20
S4-E4,1,142,20.00,1,73.046,73.046,20,20
S4-E4,1,143,20.00,1,67.773,67.773,20,20
S4-E4,1,144,20.00,1,76.339,76.339,20,20
S4-E4,1,145,20.00,1,67.342,67.342,19,19
S4-E4,1,146,20.00,1,70.820,70.820,18,20
S4-E4,1,147,20.00,1,82.142,82.142,20,19
S4-E4,1,148,20.00,1,80.325,80.325,19,19
S4-E4,1,149,20.00,1,81.058,81.058,19,19
S4-E4,1,150,20.00,1,75.409,75.409,19,18
S4-E4,1,151,20.00,1,69.926,69.926,18,18
S4-E4,1,152,20.00,1,68.041,68.041,18,18
S4-E4,1,153,20.00,1,68.515,68.515,17,19
S4-E4,1,154,20.00,1,83.702,83.702,19,19
S4-E4,1,155,20.00,1,81.572,81.572,19,19
S4-E4,1,156,20.00,1,79.374,79.374,19,19
S4-E4,1,157,20.00,1,84.731,84.731,19,18
S4-E4,1,158,20.00,1,79.621,79.621,18,18
S4-E4,1,159,20.00,1,76.634,76.634,18,19
S4-E4,1,160,20.00,1,70.986,70.986,19,19
S4-E4,1,161,20.00,1,88.283,88.283,19,19
S4-E4,1,162,20.00,1,77.282,77.282,19,19
S4-E4,1,163,20.00,1,67.634,67.634,19,20
S4-E4,1,164,20.00,1,67.000,67.000,20,20
S4-E4,1,165,20.00,1,72.162,72.162,20,20
S4-E4,1,166,20.00,1,78.219,78.219,20,19
S4-E4,1,167,20.00,1,62.916,62.916,19,19
S4-E4,1,168,20.00,1,82.019,82.019,19,19
S4-E4,1,169,20.00,1,83.563,83.563,19,19
S4-E4,1,170,20.00,1,78.290,78.290,19,19
S4-E4,1,171,20.00,1,82.131,82.131,19,18
S4-E4,1,172,20.00,1,88.043,88.043,18,18
S4-E4,1,173,20.00,1,95.911,95.911,18,18
S4-E4,1,174,20.00,1,84.528,84.528,17,18
S4-E4,1,175,20.00,1,100.260,100.260,18,17
S4-E4,1,176,20.00,1,105.715,105.715,17,16
S4-E4,1,177,20.00,1,109.308,109.308,15,15
S4-E4,1,178,20.00,1,98.035,98.035,14,15
S4-E4,1,179,20.00,1,86.935,86.935,13,15
S4-E4,1,180,20.00,1,82.782,82.782,13,13
S4-E4,1,181,20.00,1,82.384,82.384,11,13
S4-E4,1,182,20.00,1,103.291,103.291,13,13
S4-E4,1,183,20.00,1,95.365,95.365,13,13
S4-E4,1,184,20.00,1,101.701,101.701,13,13
S4-E4,1,185,20.00,1,98.885,98.885,13,13
S4-E4,1,186,20.00,1,98.694,98.694,12,14
S4-E4,1,187,20.00,1,87.790,87.790,13,15
S4-E4,1,188,20.00,1,85.259,85.259,14,15
S4-E4,1,189,20.00,1,103.443,103.443,15,15
S4-E4,1,190,20.00,1,105.896,105.896,15,15
S4-E4,1,191,20.00,1,96.151,96.151,14,14
S4-E4,1,192,20.00,1,93.216,93.216,13,14
S4-E4,1,193,20.00,1,82.894,82.894,13,14
S4-E4,1,194,20.00,1,92.438,92.438,12,14
S4-E4,1,195,20.00,1,83.462,83.462,12,15
S4-E4,1,196,20.00,1,111.077,111.077,15,14
S4-E4,1,197,20.00,1,104.073,104.073,14,14
S4-E4,1,198,20.00,1,111.063,111.063,14,14
S4-E4,1,199,20.00,1,94.247,94.247,13,14
S4-E4,1,200,20.00,1,88.646,88.646,12,14
S4-E4,1,201,20.00,1,86.030,86.030,12,14
S4-E4,1,202,20.00,1,81.812,81.812,12,14
S4-E4,1,203,20.00,1,100.525,100.525,14,14
S4-E4,1,204,20.00,1,103.862,103.862,14,14
S4-E4,1,205,20.00,1,95.655,95.655,14,14
S4-E4,1,206,20.00,1,90.907,90.907,13,14
S4-E4,1,207,20.00,1,88.221,88.221,13,15
S4-E4,1,208,20.00,1,86.307,86.307,14,15
S4-E4,1,209,20.00,1,87.900,87.900,14,16
S4-E4,1,210,20.00,1,107.370,107.370,16,16
S4-E4,1,211,20.00,1,103.146,103.146,16,16
S4-E4,1,212,20.00,1,109.433,109.433,15,16
S4-E4,1,213,20.00,1,84.922,84.922,15,16
S4-E4,1,214,20.00,1,92.593,92.593,15,16
S4-E4,1,215,20.00,1,89.220,89.220,14,17
S4-E4,1,216,20.00,1,85.093,85.093,15,17
S4-E4,1,217,20.00,1,111.620,111.620,17,17
S4-E4,1,218,20.00,1,97.956,97.956,17,17
S4-E4,1,219,20.00,1,99.752,99.752,16,18
S4-E4,1,220,20.00,1,88.323,88.323,17,18
S4-E4,1,221,20.00,1,94.573,94.573,17,18
S4-E4,1,222,20.00,1,89.435,89.435,17,18
S4-E4,1,223,20.00,1,94.372,94.372,17,18
S4-E4,1,224,20.00,1,108.431,108.431,18,19
S4-E4,1,225,20.00,1,104.288,104.288,19,19
S4-E4,1,226,20.00,1,99.570,99.570,18,19
S4-E4,1,227,20.00,1,95.180,95.180,18,19
S4-E4,1,228,20.00,1,90.097,90.097,18,19
S4-E4,1,229,20.00,1,111.992,111.992,17,18
S4-E4,1,230,20.00,1,90.626,90.626,15,17
S4-E4,1,231,20.00,1,101.870,101.870,17,16
S4-E4,1,232,20.00,1,95.423,95.423,16,15
S4-E4,1,233,20.00,1,94.702,94.702,15,14
S4-E4,1,234,20.00,1,103.381,103.381,14,14
S4-E4,1,235,20.00,1,94.387,94.387,14,14
S4-E4,1,236,20.00,1,90.406,90.406,13,13
S4-E4,1,237,20.00,1,95.432,95.432,12,14
S4-E4,1,238,20.00,1,99.283,99.283,14,14
S4-E4,1,239,20.00,1,105.809,105.809,14,14
S4-E4,1,240,20.00,1,87.723,87.723,13,14
S4-E4,1,241,20.00,1,99.724,99.724,13,13
S4-E4,1,242,20.00,1,95.528,95.528,12,13
S4-E4,1,243,20.00,1,93.167,93.167,11,14
S4-E4,1,244,20.00,1,101.919,101.919,12,14
S4-E4,1,245,20.00,1,102.500,102.500,14,14
S4-E4,1,246,20.00,1,105.904,105.904,14,14
S4-E4,1,247,20.00,1,98.658,98.658,14,14
S4-E4,1,248,20.00,1,92.372,92.372,13,15
S4-E4,1,249,20.00,1,92.645,92.645,14,16
S4-E4,2,0,20.00,1,86.758,86.758,18,19
S4-E4,2,1,20.00,1,95.019,95.019,19,19
S4-E4,2,2,20.00,1,74.119,74.119,19,19
S4-E4,2,3,20.00,1,78.535,78.535,19,19
S4-E4,2,4,20.00,1,75.702,75.702,19,19
S4-E4,2,5,20.00,1,61.908,61.908,19,19
S4-E4,2,6,20.00,1,67.542,67.542,18,19
S4-E4,2,7,20.00,1,83.523,83.523,19,19
S4-E4,2,8,20.00,1,76.432,76.432,18,19
S4-E4,2,9,20.00,1,78.254,78.254,19,18
S4-E4,2,10,20.00,1,68.094,68.094,18,18
S4-E4,2,11,20.00,1,64.832,64.832,17,18
S4-E4,2,12,20.00,1,65.273,65.273,17,18
S4-E4,2,13,20.00,1,60.952,60.952,17,18
S4-E4,2,14,20.00,1,92.231,92.231,18,17
S4-E4,2,15,20.00,1,71.072,71.072,17,17
S4-E4,2,16,20.00,1,74.447,74.447,16,17
S4-E4,2,17,20.00,1,66.726,66.726,17,18
S4-E4,2,18,20.00,1,70.274,70.274,18,18
S4-E4,2,19,20.00,1,64.955,64.955,17,19
S4-E4,2,20,20.00,1,62.830,62.830,17,19
S4-E4,2,21,20.00,1,97.101,97.101,19,18
S4-E4,2,22,20.00,1,73.330,73.330,18,19
S4-E4,2,23,20.00,1,80.746,80.746,19,19
S4-E4,2,24,20.00,1,65.731,65.731,19,19
S4-E4,2,25,20.00,1,68.711,68.711,18,18
S4-E4,2,26,20.00,1,69.942,69.942,17,18
S4-E4,2,27,20.00,1,65.968,65.968,17,18
S4-E4,2,28,20.00,1,79.794,79.794,18,18
S4-E4,2,29,20.00,1,66.406,66.406,18,18
S4-E4,2,30,20.00,1,85.148,85.148,18,18
S4-E4,2,31,20.00,1,70.747,70.747,17,18
S4-E4,2,32,20.00,1,66.473,66.473,17,18
S4-E4,2,33,20.00,1,66.814,66.814,17,19
S4-E4,2,34,20.00,1,64.587,64.587,17,19
S4-E4,2,35,20.00,1,77.963,77.963,19,20
S4-E4,2,36,20.00,1,78.202,78.202,19,20
S4-E4,2,37,20.00,1,73.655,73.655,20,19
S4-E4,2,38,20.00,1,75.061,75.061,18,19
S4-E4,2,39,20.00,1,69.769,69.769,17,19
S4-E4,2,40,20.00,1,68.408,68.408,18,19
S4-E4,2,41,20.00,1,66.259,66.259,18,19
S4-E4,2,42,20.00,1,71.230,71.230,19,18
S4-E4,2,43,20.00,1,89.994,89.994,18,18
S4-E4,2,44,20.00,1,74.934,74.934,18,18
S4-E4,2,45,20.00,1,75.932,75.932,18,18
S4-E4,2,46,20.00,1,75.414,75.414,17,18
S4-E4,2,47,20.00,1,64.797,64.797,17,19
S4-E4,2,48,20.00,1,67.899,67.899,17,19
S4-E4,2,49,20.00,1,82.458,82.458,19,20
S4-E4,2,50,20.00,1,78.018,78.018,20,21
S4-E4,2,51,20.00,1,75.529,75.529,21,21
S4-E4,2,52,20.00,1,74.354,74.354,21,21
S4-E4,2,53,20.00,1,73.116,73.116,21,21
S4-E4,2,54,20.00,1,81.949,81.949,21,23
S4-E4,2,55,20.00,1,74.913,74.913,23,23
S4-E4,2,56,20.00,1,77.531,77.531,23,23
S4-E4,2,57,20.00,1,78.887,78.887,23,23
S4-E4,2,58,20.00,1,71.922,71.922,23,22
S4-E4,2,59,20.00,1,78.478,78.478,22,22
S4-E4,2,60,20.00,1,77.003,77.003,22,21
S4-E4,2,61,20.00,1,75.687,75.687,21,21
S4-E4,2,62,20.00,1,75.131,75.131,21,21
S4-E4,2,63,20.00,1,70.831,70.831,21,21
S4-E4,2,64,20.00,1,78.349,78.349,21,21
S4-E4,2,65,20.00,1,85.036,85.036,21,20
S4-E4,2,66,20.00,1,74.813,74.813,20,20
S4-E4,2,67,20.00,1,73.971,73.971,20,20
S4-E4,2,68,20.00,1,74.335,74.335,20,20
S4-E4,2,69,20.00,1,77.381,77.381,20,20
S4-E4,2,70,20.00,1,82.538,82.538,20,20
S4-E4,2,71,20.00,1,73.308,73.308,20,20
S4-E4,2,72,20.00,1,87.942,87.942,20,19
S4-E4,2,73,20.00,1,74.001,74.001,19,19
S4-E4,2,74,20.00,1,77.968,77.968,19,20
S4-E4,2,75,20.00,1,78.426,78.426,20,20
S4-E4,2,76,20.00,1,75.461,75.461,20,20
S4-E4,2,77,20.00,1,80.198,80.198,20,20
S4-E4,2,78,20.00,1,94.197,94.197,20,20
S4-E4,2,79,20.00,1,73.896,73.896,20,20
S4-E4,2,80,20.00,1,77.034,77.034,20,20
S4-E4,2,81,20.00,1,70.917,70.917,20,20
S4-E4,2,82,20.00,1,69.882,69.882,20,20
S4-E4,2,83,20.00,1,66.826,66.826,20,18
S4-E4,2,84,20.00,1,79.689,79.689,18,19
S4-E4,2,85,20.00,1,82.767,82.767,19,19
S4-E4,2,86,20.00,1,75.192,75.192,19,18
S4-E4,2,87,20.00,1,78.669,78.669,18,18
S4-E4,2,88,20.00,1,74.944,74.944,18,18
S4-E4,2,89,20.00,1,68.766,68.766,18,18
S4-E4,2,90,20.00,1,78.480,78.480,18,15
S4-E4,2,91,20.00,1,86.092,86.092,15,16
S4-E4,2,92,20.00,1,84.462,84.462,16,16
S4-E4,2,93,20.00,1,74.260,74.260,16,16
S4-E4,2,94,20.00,1,83.604,83.604,16,16
S4-E4,2,95,20.00,1,75.232,75.232,16,16
S4-E4,2,96,20.00,1,78.386,78.386,16,17
S4-E4,2,97,20.00,1,72.780,72.780,17,16
S4-E4,2,98,20.00,1,82.016,82.016,16,16
S4-E4,2,99,20.00,1,74.699,74.699,16,17
S4-E4,2,100,20.00,1,86.381,86.381,17,16
S4-E4,2,101,20.00,1,73.792,73.792,16,16
S4-E4,2,102,20.00,1,73.691,73.691,16,16
S4-E4,2,103,20.00,1,77.723,77.723,16,16
S4-E4,2,104,20.00,1,75.911,75.911,16,16
S4-E4,2,105,20.00,1,81.076,81.076,16,16
S4-E4,2,106,20.00,1,72.832,72.832,16,15
S4-E4,2,107,20.00,1,73.973,73.973,15,16
S4-E4,2,108,20.00,1,76.470,76.470,16,17
S4-E4,2,109,20.00,1,77.989,77.989,17,18
S4-E4,2,110,20.00,1,75.139,75.139,18,18
S4-E4,2,111,20.00,1,72.376,72.376,18,19
S4-E4,2,112,20.00,1,86.593,86.593,19,19
S4-E4,2,113,20.00,1,79.861,79.861,19,19
S4-E4,2,114,20.00,1,82.152,82.152,19,19
S4-E4,2,115,20.00,1,82.160,82.160,19,19
S4-E4,2,116,20.00,1,84.371,84.371,19,19
S4-E4,2,117,20.00,1,69.912,69.912,19,18
S4-E4,2,118,20.00,1,67.104,67.104,18,19
S4-E4,2,119,20.00,1,81.921,81.921,19,19
S4-E4,2,120,20.00,1,113.628,113.628,19,19
S4-E4,2,121,20.00,1,75.290,75.290,19,18
S4-E4,2,122,20.00,1,87.711,87.711,18,18
S4-E4,2,123,20.00,1,75.647,75.647,18,18
S4-E4,2,124,20.00,1,79.849,79.849,18,18
S4-E4,2,125,20.00,1,63.745,63.745,18,18
S4-E4,2,126,20.00,1,80.442,80.442,18,19
S4-E4,2,127,20.00,1,86.240,86.240,19,21
S4-E4,2,128,20.00,1,84.967,84.967,21,21
S4-E4,2,129,20.00,1,78.041,78.041,21,20
S4-E4,2,130,20.00,1,88.104,88.104,20,21
S4-E4,2,131,20.00,1,72.300,72.300,21,21
S4-E4,2,132,20.00,1,73.552,73.552,21,22
S4-E4,2,133,20.00,1,93.458,93.458,22,22
S4-E4,2,134,20.00,1,101.337,101.337,22,21
S4-E4,2,135,20.00,1,102.232,102.232,21,21
S4-E4,2,136,20.00,1,102.423,102.423,21,21
S4-E4,2,137,20.00,1,107.255,107.255,21,21
S4-E4,2,138,20.00,1,95.591,95.591,20,20
S4-E4,2,139,20.00,1,89.961,89.961,18,19
S4-E4,2,140,20.00,1,78.794,78.794,19,19
S4-E4,2,141,20.00,1,83.201,83.201,19,19
S4-E4,2,142,20.00,1,78.398,78.398,19,18
S4-E4,2,143,20.00,1,73.968,73.968,18,17
S4-E4,2,144,20.00,1,70.234,70.234,17,17
S4-E4,2,145,20.00,1,77.890,77.890,16,19
S4-E4,2,146,20.00,1,66.362,66.362,18,19
S4-E4,2,147,20.00,1,79.389,79.389,19,19
S4-E4,2,148,20.00,1,88.647,88.647,19,19
S4-E4,2,149,20.00,1,91.152,91.152,19,20
S4-E4,2,150,20.00,1,74.858,74.858,20,20
S4-E4,2,151,20.00,1,82.338,82.338,20,20
S4-E4,2,152,20.00,1,72.470,72.470,20,20
S4-E4,2,153,20.00,1,57.132,57.132,20,20
S4-E4,2,154,20.00,1,82.986,82.986,20,20
S4-E4,2,155,20.00,1,76.144,76.144,20,21
S4-E4,2,156,20.00,1,96.913,96.913,21,21
S4-E4,2,157,20.00,1,89.524,89.524,21,22
S4-E4,2,158,20.00,1,98.364,98.364,21,21
S4-E4,2,159,20.00,1,94.522,94.522,20,21
S4-E4,2,160,20.00,1,81.018,81.018,19,21
S4-E4,2,161,20.00,1,102.892,102.892,21,21
S4-E4,2,162,20.00,1,111.793,111.793,21,21
S4-E4,2,163,20.00,1,111.380,111.380,21,21
S4-E4,2,164,20.00,1,98.684,98.684,21,21
S4-E4,2,165,20.00,1,86.584,86.584,20,20
S4-E4,2,166,20.00,1,101.610,101.610,19,20
S4-E4,2,167,20.00,1,87.594,87.594,18,19
S4-E4,2,168,20.00,1,80.043,80.043,19,19
S4-E4,2,169,20.00,1,77.360,77.360,19,19
S4-E4,2,170,20.00,1,72.383,72.383,19,19
S4-E4,2,171,20.00,1,78.052,78.052,19,19
S4-E4,2,172,20.00,1,72.014,72.014,19,19
S4-E4,2,173,20.00,1,77.394,77.394,18,19
S4-E4,2,174,20.00,1,69.729,69.729,18,20
S4-E4,2,175,20.00,1,85.766,85.766,20,21
S4-E4,2,176,20.00,1,83.938,83.938,21,21
S4-E4,2,177,20.00,1,73.311,73.311,21,21
S4-E4,2,178,20.00,1,81.830,81.830,21,21
S4-E4,2,179,20.00,1,72.246,72.246,21,20
S4-E4,2,180,20.00,1,67.331,67.331,20,20
S4-E4,2,181,20.00,1,63.920,63.920,20,20
S4-E4,2,182,20.00,1,95.743,95.743,20,20
S4-E4,2,183,20.00,1,75.525,75.525,20,20
S4-E4,2,184,20.00,1,80.997,80.997,20,20
S4-E4,2,185,20.00,1,73.591,73.591,20,19
S4-E4,2,186,20.00,1,84.203,84.203,19,19
S4-E4,2,187,20.00,1,85.205,85.205,19,19
S4-E4,2,188,20.00,1,78.841,78.841,19,19
S4-E4,2,189,20.00,1,75.872,75.872,19,19
S4-E4,2,190,20.00,1,83.766,83.766,19,19
S4-E4,2,191,20.00,1,69.387,69.387,19,19
S4-E4,2,192,20.00,1,76.383,76.383,19,19
S4-E4,2,193,20.00,1,75.192,75.192,19,19
S4-E4,2,194,20.00,1,75.464,75.464,19,19
S4-E4,2,195,20.00,1,78.139,78.139,19,18
S4-E4,2,196,20.00,1,76.842,76.842,18,18
S4-E4,2,197,20.00,1,81.059,81.059,18,17
S4-E4,2,198,20.00,1,83.707,83.707,17,18
S4-E4,2,199,20.00,1,75.720,75.720,18,17
S4-E4,2,200,20.00,1,72.019,72.019,17,16
S4-E4,2,201,20.00,1,74.944,74.944,16,16
S4-E4,2,202,20.00,1,76.398,76.398,16,16
S4-E4,2,203,20.00,1,83.640,83.640,16,16
S4-E4,2,204,20.00,1,84.494,84.494,16,16
S4-E4,2,205,20.00,1,95.207,95.207,16,16
S4-E4,2,206,20.00,1,73.508,73.508,16,16
S4-E4,2,207,20.00,1,73.897,73.897,16,16
S4-E4,2,208,20.00,1,72.484,72.484,16,16
S4-E4,2,209,20.00,1,63.817,63.817,16,16
S4-E4,2,210,20.00,1,84.938,84.938,16,16
S4-E4,2,211,20.00,1,75.883,75.883,16,17
S4-E4,2,212,20.00,1,85.293,85.293,17,17
S4-E4,2,213,20.00,1,79.926,79.926,17,17
S4-E4,2,214,20.00,1,77.119,77.119,17,17
S4-E4,2,215,20.00,1,68.270,68.270,17,17
S4-E4,2,216,20.00,1,66.604,66.604,17,17
S4-E4,2,217,20.00,1,77.335,77.335,17,16
S4-E4,2,218,20.00,1,73.213,73.213,16,16
S4-E4,2,219,20.00,1,90.382,90.382,16,17
S4-E4,2,220,20.00,1,69.786,69.786,16,17
S4-E4,2,221,20.00,1,82.291,82.291,17,17
S4-E4,2,222,20.00,1,71.836,71.836,17,18
S4-E4,2,223,20.00,1,67.258,67.258,18,16
S4-E4,2,224,20.00,1,80.728,80.728,16,16
S4-E4,2,225,20.00,1,79.097,79.097,15,16
S4-E4,2,226,20.00,1,85.792,85.792,16,16
S4-E4,2,227,20.00,1,74.115,74.115,16,16
S4-E4,2,228,20.00,1,70.522,70.522,16,16
S4-E4,2,229,20.00,1,77.919,77.919,16,16
S4-E4,2,230,20.00,1,70.705,70.705,16,16
S4-E4,2,231,20.00,1,87.751,87.751,16,16
S4-E4,2,232,20.00,1,79.564,79.564,16,16
S4-E4,2,233,20.00,1,79.391,79.391,16,16
S4-E4,2,234,20.00,1,72.071,72.071,16,17
S4-E4,2,235,20.00,1,80.369,80.369,17,17
S4-E4,2,236,20.00,1,70.334,70.334,17,17
S4-E4,2,237,20.00,1,70.477,70.477,17,17
S4-E4,2,238,20.00,1,81.644,81.644,17,16
S4-E4,2,239,20.00,1,80.138,80.138,16,15
S4-E4,2,240,20.00,1,78.092,78.092,15,16
S4-E4,2,241,20.00,1,70.572,70.572,16,16
S4-E4,2,242,20.00,1,65.644,65.644,16,16
S4-E4,2,243,20.00,1,72.876,72.876,15,16
S4-E4,2,244,20.00,1,70.275,70.275,14,15
S4-E4,2,245,20.00,1,76.879,76.879,15,15
S4-E4,2,246,20.00,1,78.125,78.125,15,15
S4-E4,2,247,20.00,1,81.560,81.560,15,16
S4-E4,2,248,20.00,1,78.330,78.330,16,15
S4-E4,2,249,20.00,1,78.320,78.320,15,15
S4-E5,0,0,20.00,1,109.435,109.435,20,20
S4-E5,0,1,20.00,1,92.804,92.804,20,20
S4-E5,0,2,20.00,1,94.654,94.654,20,20
S4-E5,0,3,20.00,1,86.984,86.984,20,21
S4-E5,0,4,20.00,1,74.339,74.339,21,20
S4-E5,0,5,20.00,1,75.279,75.279,20,21
S4-E5,0,6,20.00,1,72.293,72.293,21,22
S4-E5,0,7,20.00,1,97.868,97.868,22,22
S4-E5,0,8,20.00,1,95.575,95.575,22,22
S4-E5,0,9,20.00,1,96.051,96.051,22,23
S4-E5,0,10,20.00,1,76.829,76.829,23,23
S4-E5,0,11,20.00,1,81.805,81.805,23,23
S4-E5,0,12,20.00,1,80.263,80.263,23,23
S4-E5,0,13,20.00,1,60.397,60.397,23,23
S4-E5,0,14,20.00,1,100.785,100.785,23,24
S4-E5,0,15,20.00,1,94.430,94.430,24,24
S4-E5,0,16,20.00,1,93.949,93.949,24,23
S4-E5,0,17,20.00,1,78.371,78.371,23,23
S4-E5,0,18,20.00,1,80.498,80.498,23,23
S4-E5,0,19,20.00,1,81.613,81.613,23,22
S4-E5,0,20,20.00,1,71.255,71.255,22,22
S4-E5,0,21,20.00,1,94.734,94.734,22,22
S4-E5,0,22,20.00,1,104.040,104.040,22,22
S4-E5,0,23,20.00,1,92.667,92.667,22,22
S4-E5,0,24,20.00,1,85.663,85.663,22,22
S4-E5,0,25,20.00,1,78.004,78.004,22,22
S4-E5,0,26,20.00,1,75.003,75.003,22,22
S4-E5,0,27,20.00,1,69.360,69.360,22,21
S4-E5,0,28,20.00,1,100.049,100.049,21,20
S4-E5,0,29,20.00,1,91.209,91.209,20,20
S4-E5,0,30,20.00,1,96.332,96.332,20,21
S4-E5,0,31,20.00,1,84.421,84.421,21,21
S4-E5,0,32,20.00,1,74.127,74.127,21,22
S4-E5,0,33,20.00,1,79.745,79.745,22,22
S4-E5,0,34,20.00,1,69.589,69.589,22,22
S4-E5,0,35,20.00,1,102.523,102.523,22,22
S4-E5,0,36,20.00,1,101.034,101.034,22,22
S4-E5,0,37,20.00,1,99.847,99.847,22,22
S4-E5,0,38,20.00,1,91.844,91.844,22,22
S4-E5,0,39,20.00,1,81.187,81.187,22,21
S4-E5,0,40,20.00,1,74.627,74.627,21,21
S4-E5,0,41,20.00,1,90.826,90.826,21,21
S4-E5,0,42,20.00,1,104.047,104.047,21,21
S4-E5,0,43,20.00,1,88.265,88.265,21,20
S4-E5,0,44,20.00,1,91.330,91.330,20,20
S4-E5,0,45,20.00,1,94.918,94.918,20,20
S4-E5,0,46,20.00,1,75.986,75.986,20,18
S4-E5,0,47,20.00,1,70.610,70.610,18,18
S4-E5,0,48,20.00,1,70.301,70.301,18,19
S4-E5,0,49,20.00,1,89.115,89.115,19,19
S4-E5,0,50,20.00,1,101.963,101.963,19,19
S4-E5,0,51,20.00,1,95.648,95.648,18,19
S4-E5,0,52,20.00,1,63.995,63.995,17,19
S4-E5,0,53,20.00,1,65.957,65.957,17,20
S4-E5,0,54,20.00,1,68.161,68.161,17,19
S4-E5,0,55,20.00,1,62.873,62.873,15,18
S4-E5,0,56,20.00,1,80.163,80.163,18,18
S4-E5,0,57,20.00,1,72.978,72.978,18,19
S4-E5,0,58,20.00,1,70.251,70.251,19,18
S4-E5,0,59,20.00,1,58.489,58.489,18,19
S4-E5,0,60,20.00,1,59.750,59.750,19,19
S4-E5,0,61,20.00,1,60.504,60.504,19,19
S4-E5,0,62,20.00,1,51.757,51.757,19,20
S4-E5,0,63,20.00,1,74.469,74.469,20,20
S4-E5,0,64,20.00,1,84.185,84.185,20,20
S4-E5,0,65,20.00,1,81.482,81.482,20,19
S4-E5,0,66,20.00,1,63.872,63.872,19,18
S4-E5,0,67,20.00,1,61.480,61.480,18,18
S4-E5,0,68,20.00,1,56.028,56.028,18,18
S4-E5,0,69,20.00,1,51.772,51.772,18,18
S4-E5,0,70,20.00,1,77.600,77.600,18,18
S4-E5,0,71,20.00,1,79.282,79.282,17,18
S4-E5,0,72,20.00,1,71.630,71.630,18,18
S4-E5,0,73,20.00,1,61.118,61.118,18,18
S4-E5,0,74,20.00,1,78.260,78.260,18,17
S4-E5,0,75,20.00,1,60.002,60.002,16,17
S4-E5,0,76,20.00,1,54.648,54.648,17,17
S4-E5,0,77,20.00,1,80.396,80.396,17,17
S4-E5,0,78,20.00,1,68.560,68.560,17,17
S4-E5,0,79,20.00,1,81.386,81.386,17,18
S4-E5,0,80,20.00,1,68.694,68.694,17,19
S4-E5,0,81,20.00,1,61.395,61.395,18,19
S4-E5,0,82,20.00,1,56.968,56.968,19,19
S4-E5,0,83,20.00,1,54.969,54.969,19,19
S4-E5,0,84,20.00,1,75.327,75.327,19,19
S4-E5,0,85,20.00,1,69.915,69.915,19,17
S4-E5,0,86,20.00,1,73.487,73.487,16,17
S4-E5,0,87,20.00,1,75.007,75.007,16,17
S4-E5,0,88,20.00,1,61.706,61.706,17,17
S4-E5,0,89,20.00,1,62.103,62.103,17,18
S4-E5,0,90,20.00,1,58.647,58.647,17,18
S4-E5,0,91,20.00,1,71.124,71.124,18,19
S4-E5,0,92,20.00,1,79.318,79.318,18,19
S4-E5,0,93,20.00,1,71.050,71.050,19,19
S4-E5,0,94,20.00,1,74.960,74.960,19,19
S4-E5,0,95,20.00,1,64.686,64.686,19,19
S4-E5,0,96,20.00,1,64.638,64.638,18,19
S4-E5,0,97,20.00,1,48.657,48.657,19,19
S4-E5,0,98,20.00,1,74.082,74.082,18,19
S4-E5,0,99,20.00,1,74.556,74.556,19,19
S4-E5,0,100,20.00,1,73.720,73.720,18,19
S4-E5,0,101,20.00,1,62.709,62.709,18,18
S4-E5,0,102,20.00,1,63.996,63.996,18,18
S4-E5,0,103,20.00,1,58.285,58.285,18,18
S4-E5,0,104,20.00,1,47.626,47.626,17,18
S4-E5,0,105,20.00,1,106.157,106.157,18,18
S4-E5,0,106,20.00,1,107.411,107.411,17,18
S4-E5,0,107,20.00,1,103.851,103.851,16,19
S4-E5,0,108,20.00,1,84.479,84.479,16,19
S4-E5,0,109,20.00,1,80.883,80.883,15,18
S4-E5,0,110,20.00,1,83.619,83.619,13,18
S4-E5,0,111,20.00,1,68.203,68.203,12,17
S4-E5,0,112,20.00,1,87.408,87.408,17,18
S4-E5,0,113,20.00,1,97.695,97.695,18,17
S4-E5,0,114,20.00,1,94.283,94.283,16,17
S4-E5,0,115,20.00,1,98.149,98.149,15,16
S4-E5,0,116,20.00,1,80.944,80.944,13,16
S4-E5,0,117,20.00,1,72.541,72.541,12,15
S4-E5,0,118,20.00,1,72.936,72.936,10,15
S4-E5,0,119,20.00,1,111.044,111.044,15,15
S4-E5,0,120,20.00,1,90.758,90.758,14,15
S4-E5,0,121,20.00,1,93.552,93.552,14,15
S4-E5,0,122,20.00,1,98.020,98.020,13,15
S4-E5,0,123,20.00,1,76.838,76.838,12,15
S4-E5,0,124,20.00,1,76.007,76.007,11,15
S4-E5,0,125,20.00,1,85.416,85.416,10,15
S4-E5,0,126,20.00,1,94.991,94.991,15,15
S4-E5,0,127,20.00,1,92.574,92.574,14,14
S4-E5,0,128,20.00,1,90.622,90.622,12,15
S4-E5,0,129,20.00,1,82.818,82.818,13,16
S4-E5,0,130,20.00,1,72.709,72.709,13,16
S4-E5,0,131,20.00,1,77.250,77.250,12,16
S4-E5,0,132,20.00,1,72.325,72.325,11,16
S4-E5,0,133,20.00,1,85.289,85.289,16,16
S4-E5,0,134,20.00,1,94.464,94.464,16,16
S4-E5,0,135,20.00,1,92.410,92.410,15,16
S4-E5,0,136,20.00,1,108.019,108.019,14,16
S4-E5,0,137,20.00,1,77.739,77.739,13,17
S4-E5,0,138,20.00,1,86.132,86.132,13,18
S4-E5,0,139,20.00,1,77.309,77.309,13,18
S4-E5,0,140,20.00,1,92.312,92.312,18,18
S4-E5,0,141,20.00,1,96.044,96.044,17,18
S4-E5,0,142,20.00,1,91.005,91.005,16,18
S4-E5,0,143,20.00,1,84.438,84.438,15,19
S4-E5,0,144,20.00,1,80.119,80.119,15,19
S4-E5,0,145,20.00,1,68.929,68.929,14,18
S4-E5,0,146,20.00,1,67.387,67.387,12,18
S4-E5,0,147,20.00,1,101.836,101.836,18,18
S4-E5,0,148,20.00,1,97.100,97.100,17,18
S4-E5,0,149,20.00,1,83.474,83.474,16,18
S4-E5,0,150,20.00,1,75.446,75.446,16,19
S4-E5,0,151,20.00,1,84.696,84.696,16,20
S4-E5,0,152,20.00,1,96.472,96.472,16,20
S4-E5,0,153,20.00,1,61.934,61.934,15,19
S4-E5,0,154,20.00,1,103.726,103.726,19,18
S4-E5,0,155,20.00,1,111.074,111.074,17,18
S4-E5,0,156,20.00,1,90.372,90.372,16,18
S4-E5,0,157,20.00,1,99.240,99.240,15,19
S4-E5,0,158,20.00,1,78.928,78.928,15,20
S4-E5,0,159,20.00,1,70.033,70.033,15,20
S4-E5,0,160,20.00,1,79.282,79.282,14,20
S4-E5,0,161,20.00,1,101.489,101.489,20,19
S4-E5,0,162,20.00,1,103.349,103.349,18,19
S4-E5,0,163,20.00,1,94.451,94.451,17,19
S4-E5,0,164,20.00,1,95.133,95.133,16,19
S4-E5,0,165,20.00,1,70.927,70.927,15,21
S4-E5,0,166,20.00,1,72.768,72.768,16,21
S4-E5,0,167,20.00,1,81.961,81.961,15,20
S4-E5,0,168,20.00,1,93.681,93.681,20,20
S4-E5,0,169,20.00,1,89.433,89.433,19,20
S4-E5,0,170,20.00,1,93.750,93.750,18,20
S4-E5,0,171,20.00,1,99.557,99.557,17,20
S4-E5,0,172,20.00,1,81.996,81.996,16,20
S4-E5,0,173,20.00,1,72.546,72.546,15,19
S4-E5,0,174,20.00,1,65.269,65.269,13,19
S4-E5,0,175,20.00,1,104.690,104.690,19,19
S4-E5,0,176,20.00,1,86.920,86.920,18,19
S4-E5,0,177,20.00,1,92.576,92.576,17,19
S4-E5,0,178,20.00,1,109.586,109.586,16,20
S4-E5,0,179,20.00,1,76.101,76.101,16,20
S4-E5,0,180,20.00,1,80.840,80.840,15,21
S4-E5,0,181,20.00,1,71.327,71.327,15,21
S4-E5,0,182,20.00,1,89.319,89.319,21,21
S4-E5,0,183,20.00,1,93.774,93.774,21,21
S4-E5,0,184,20.00,1,81.232,81.232,20,21
S4-E5,0,185,20.00,1,106.157,106.157,19,21
S4-E5,0,186,20.00,1,79.019,79.019,18,21
S4-E5,0,187,20.00,1,79.785,79.785,17,22
S4-E5,0,188,20.00,1,76.365,76.365,17,22
S4-E5,0,189,20.00,1,98.054,98.054,22,21
S4-E5,0,190,20.00,1,109.844,109.844,20,21
S4-E5,0,191,20.00,1,91.266,91.266,19,22
S4-E5,0,192,20.00,1,93.838,93.838,19,21
S4-E5,0,193,20.00,1,80.700,80.700,17,21
S4-E5,0,194,20.00,1,75.610,75.610,16,21
S4-E5,0,195,20.00,1,70.179,70.179,15,21
S4-E5,0,196,20.00,1,82.262,82.262,21,20
S4-E5,0,197,20.00,1,76.730,76.730,20,20
S4-E5,0,198,20.00,1,70.732,70.732,19,20
S4-E5,0,199,20.00,1,69.815,69.815,19,19
S4-E5,0,200,20.00,1,59.333,59.333,19,19
S4-E5,0,201,20.00,1,56.188,56.188,18,18
S4-E5,0,202,20.00,1,62.839,62.839,18,18
S4-E5,0,203,20.00,1,74.728,74.728,17,18
S4-E5,0,204,20.00,1,83.346,83.346,18,18
S4-E5,0,205,20.00,1,83.348,83.348,18,18
S4-E5,0,206,20.00,1,65.818,65.818,18,18
S4-E5,0,207,20.00,1,74.134,74.134,18,18
S4-E5,0,208,20.00,1,54.630,54.630,16,17
S4-E5,0,209,20.00,1,57.928,57.928,16,18
S4-E5,0,210,20.00,1,78.425,78.425,18,19
S4-E5,0,211,20.00,1,79.562,79.562,19,19
S4-E5,0,212,20.00,1,86.698,86.698,19,19
S4-E5,0,213,20.00,1,71.014,71.014,17,18
S4-E5,0,214,20.00,1,60.667,60.667,17,18
S4-E5,0,215,20.00,1,58.296,58.296,17,18
S4-E5,0,216,20.00,1,54.959,54.959,17,17
S4-E5,0,217,20.00,1,71.464,71.464,17,17
S4-E5,0,218,20.00,1,77.736,77.736,17,17
S4-E5,0,219,20.00,1,75.410,75.410,17,17
S4-E5,0,220,20.00,1,75.111,75.111,17,17
S4-E5,0,221,20.00,1,60.071,60.071,17,17
S4-E5,0,222,20.00,1,51.219,51.219,17,17
S4-E5,0,223,20.00,1,52.086,52.086,17,18
S4-E5,0,224,20.00,1,80.268,80.268,18,19
S4-E5,0,225,20.00,1,83.578,83.578,19,18
S4-E5,0,226,20.00,1,70.170,70.170,18,18
S4-E5,0,227,20.00,1,61.233,61.233,18,18
S4-E5,0,228,20.00,1,62.514,62.514,17,18
S4-E5,0,229,20.00,1,63.875,63.875,18,18
S4-E5,0,230,20.00,1,56.840,56.840,18,18
S4-E5,0,231,20.00,1,71.881,71.881,18,18
S4-E5,0,232,20.00,1,80.396,80.396,18,18
S4-E5,0,233,20.00,1,76.945,76.945,18,18
S4-E5,0,234,20.00,1,69.255,69.255,17,18
S4-E5,0,235,20.00,1,56.108,56.108,18,18
S4-E5,0,236,20.00,1,59.010,59.010,18,18
S4-E5,0,237,20.00,1,52.911,52.911,17,18
S4-E5,0,238,20.00,1,72.828,72.828,17,18
S4-E5,0,239,20.00,1,74.234,74.234,17,19
S4-E5,0,240,20.00,1,73.837,73.837,19,19
S4-E5,0,241,20.00,1,68.760,68.760,19,19
S4-E5,0,242,20.00,1,65.354,65.354,19,19
S4-E5,0,243,20.00,1,60.952,60.952,19,19
S4-E5,0,244,20.00,1,56.351,56.351,19,18
S4-E5,0,245,20.00,1,79.326,79.326,18,15
S4-E5,0,246,20.00,1,83.074,83.074,14,15
S4-E5,0,247,20.00,1,66.506,66.506,15,15
S4-E5,0,248,20.00,1,69.760,69.760,14,15
S4-E5,0,249,20.00,1,58.863,58.863,15,15
S4-E5,1,0,20.00,1,93.161,93.161,10,11
S4-E5,1,1,20.00,1,94.863,94.863,10,11
S4-E5,1,2,20.00,1,89.316,89.316,10,9
S4-E5,1,3,20.00,1,88.076,88.076,9,9
S4-E5,1,4,20.00,1,92.228,92.228,8,9
S4-E5,1,5,20.00,1,70.248,70.248,8,9
S4-E5,1,6,20.00,1,65.035,65.035,7,9
S4-E5,1,7,20.00,1,96.508,96.508,9,9
S4-E5,1,8,20.00,1,92.723,92.723,9,10
S4-E5,1,9,20.00,1,84.729,84.729,10,10
S4-E5,1,10,20.00,1,89.725,89.725,9,10
S4-E5,1,11,20.00,1,72.388,72.388,9,11
S4-E5,1,12,20.00,1,78.627,78.627,9,11
S4-E5,1,13,20.00,1,65.814,65.814,9,12
S4-E5,1,14,20.00,1,99.086,99.086,11,12
S4-E5,1,15,20.00,1,98.697,98.697,11,11
S4-E5,1,16,20.00,1,86.755,86.755,10,11
S4-E5,1,17,20.00,1,82.325,82.325,10,11
S4-E5,1,18,20.00,1,82.150,82.150,10,11
S4-E5,1,19,20.00,1,66.746,66.746,9,11
S4-E5,1,20,20.00,1,66.413,66.413,8,12
S4-E5,1,21,20.00,1,114.774,114.774,11,13
S4-E5,1,22,20.00,1,92.943,92.943,12,13
S4-E5,1,23,20.00,1,78.662,78.662,12,13
S4-E5,1,24,20.00,1,79.938,79.938,12,12
S4-E5,1,25,20.00,1,72.168,72.168,11,13
S4-E5,1,26,20.00,1,83.214,83.214,11,14
S4-E5,1,27,20.00,1,74.839,74.839,12,14
S4-E5,1,28,20.00,1,91.478,91.478,13,14
S4-E5,1,29,20.00,1,89.759,89.759,13,14
S4-E5,1,30,20.00,1,82.125,82.125,12,13
S4-E5,1,31,20.00,1,82.517,82.517,11,13
S4-E5,1,32,20.00,1,87.845,87.845,11,14
S4-E5,1,33,20.00,1,77.266,77.266,12,14
S4-E5,1,34,20.00,1,71.376,71.376,11,15
S4-E5,1,35,20.00,1,91.732,91.732,14,14
S4-E5,1,36,20.00,1,103.526,103.526,13,14
S4-E5,1,37,20.00,1,88.312,88.312,13,14
S4-E5,1,38,20.00,1,77.710,77.710,13,14
S4-E5,1,39,20.00,1,73.379,73.379,12,14
S4-E5,1,40,20.00,1,65.189,65.189,11,14
S4-E5,1,41,20.00,1,66.515,66.515,10,14
S4-E5,1,42,20.00,1,105.333,105.333,13,13
S4-E5,1,43,20.00,1,100.023,100.023,12,13
S4-E5,1,44,20.00,1,77.971,77.971,12,13
S4-E5,1,45,20.00,1,75.903,75.903,12,13
S4-E5,1,46,20.00,1,84.221,84.221,11,13
S4-E5,1,47,20.00,1,75.530,75.530,11,13
S4-E5,1,48,20.00,1,65.088,65.088,10,12
S4-E5,1,49,20.00,1,100.669,100.669,12,12
S4-E5,1,50,20.00,1,88.731,88.731,12,13
S4-E5,1,51,20.00,1,92.059,92.059,13,12
S4-E5,1,52,20.00,1,85.205,85.205,12,12
S4-E5,1,53,20.00,1,68.797,68.797,12,12
S4-E5,1,54,20.00,1,56.772,56.772,12,12
S4-E5,1,55,20.00,1,44.873,44.873,12,12
S4-E5,1,56,20.00,1,100.455,100.455,12,12
S4-E5,1,57,20.00,1,91.262,91.262,12,12
S4-E5,1,58,20.00,1,95.906,95.906,12,12
S4-E5,1,59,20.00,1,112.220,112.220,12,12
S4-E5,1,60,20.00,1,78.374,78.374,11,12
S4-E5,1,61,20.00,1,76.482,76.482,10,12
S4-E5,1,62,20.00,1,49.401,49.401,9,12
S4-E5,1,63,20.00,1,105.119,105.119,12,12
S4-E5,1,64,20.00,1,108.331,108.331,12,12
S4-E5,1,65,20.00,1,113.098,113.098,12,12
S4-E5,1,66,20.00,1,83.582,83.582,11,12
S4-E5,1,67,20.00,1,84.375,84.375,11,12
S4-E5,1,68,20.00,1,84.776,84.776,10,13
S4-E5,1,69,20.00,1,47.322,47.322,10,12
S4-E5,1,70,20.00,1,122.801,122.801,12,12
S4-E5,1,71,20.00,1,134.794,134.794,11,12
S4-E5,1,72,20.00,1,108.818,108.818,10,12
S4-E5,1,73,20.00,1,96.336,96.336,10,11
S4-E5,1,74,20.00,1,97.407,97.407,8,11
S4-E5,1,75,20.00,1,78.434,78.434,7,12
S4-E5,1,76,20.00,1,52.117,52.117,7,12
S4-E5,1,77,20.00,1,121.705,121.705,12,12
S4-E5,1,78,20.00,1,126.995,126.995,12,13
S4-E5,1,79,20.00,1,109.114,109.114,12,13
S4-E5,1,80,20.00,1,105.026,105.026,11,14
S4-E5,1,81,20.00,1,88.728,88.728,11,15
S4-E5,1,82,20.00,1,64.591,64.591,11,16
S4-E5,1,83,20.00,1,47.893,47.893,12,16
S4-E5,1,84,20.00,1,131.790,131.790,16,16
S4-E5,1,85,20.00,1,105.301,105.301,15,16
S4-E5,1,86,20.00,1,96.769,96.769,15,16
S4-E5,1,87,20.00,1,96.218,96.218,15,16
S4-E5,1,88,20.00,1,78.768,78.768,14,16
S4-E5,1,89,20.00,1,84.074,84.074,13,17
S4-E5,1,90,20.00,1,57.696,57.696,13,17
S4-E5,1,91,20.00,1,111.192,111.192,17,17
S4-E5,1,92,20.00,1,117.066,117.066,16,17
S4-E5,1,93,20.00,1,97.534,97.534,16,17
S4-E5,1,94,20.00,1,85.940,85.940,17,17
S4-E5,1,95,20.00,1,82.898,82.898,17,17
S4-E5,1,96,20.00,1,75.595,75.595,16,17
S4-E5,1,97,20.00,1,59.782,59.782,15,17
S4-E5,1,98,20.00,1,129.291,129.291,17,17
S4-E5,1,99,20.00,1,112.845,112.845,16,16
S4-E5,1,100,20.00,1,111.252,111.252,13,18
S4-E5,1,101,20.00,1,100.436,100.436,15,18
S4-E5,1,102,20.00,1,78.335,78.335,15,18
S4-E5,1,103,20.00,1,76.126,76.126,13,18
S4-E5,1,104,20.00,1,61.298,61.298,13,18
S4-E5,1,105,20.00,1,113.519,113.519,18,18
S4-E5,1,106,20.00,1,123.800,123.800,17,18
S4-E5,1,107,20.00,1,102.719,102.719,16,18
S4-E5,1,108,20.00,1,96.785,96.785,17,18
S4-E5,1,109,20.00,1,82.477,82.477,15,18
S4-E5,1,110,20.00,1,75.965,75.965,15,19
S4-E5,1,111,20.00,1,70.211,70.211,15,19
S4-E5,1,112,20.00,1,112.800,112.800,19,19
S4-E5,1,113,20.00,1,119.559,119.559,17,19
S4-E5,1,114,20.00,1,113.616,113.616,18,19
S4-E5,1,115,20.00,1,88.474,88.474,17,19
S4-E5,1,116,20.00,1,73.197,73.197,17,19
S4-E5,1,117,20.00,1,65.775,65.775,17,19
S4-E5,1,118,20.00,1,71.505,71.505,17,19
S4-E5,1,119,20.00,1,118.374,118.374,19,18
S4-E5,1,120,20.00,1,113.591,113.591,17,18
S4-E5,1,121,20.00,1,105.665,105.665,17,18
S4-E5,1,122,20.00,1,105.433,105.433,16,17
S4-E5,1,123,20.00,1,84.476,84.476,13,17
S4-E5,1,124,20.00,1,74.200,74.200,13,16
S4-E5,1,125,20.00,1,71.118,71.118,11,16
S4-E5,1,126,20.00,1,141.160,141.160,16,16
S4-E5,1,127,20.00,1,122.247,122.247,15,16
S4-E5,1,128,20.00,1,99.890,99.890,14,16
S4-E5,1,129,20.00,1,91.083,91.083,14,16
S4-E5,1,130,20.00,1,72.587,72.587,14,16
S4-E5,1,131,20.00,1,70.645,70.645,14,16
S4-E5,1,132,20.00,1,75.210,75.210,14,16
S4-E5,1,133,20.00,1,130.119,130.119,16,16
S4-E5,1,134,20.00,1,117.428,117.428,15,15
S4-E5,1,135,20.00,1,101.284,101.284,12,15
S4-E5,1,136,20.00,1,113.569,113.569,12,15
S4-E5,1,137,20.00,1,82.610,82.610,11,14
S4-E5,1,138,20.00,1,79.495,79.495,9,14
S4-E5,1,139,20.00,1,82.317,82.317,8,14
S4-E5,1,140,20.00,1,130.868,130.868,14,14
S4-E5,1,141,20.00,1,109.888,109.888,13,15
S4-E5,1,142,20.00,1,92.123,92.123,13,14
S4-E5,1,143,20.00,1,101.801,101.801,12,15
S4-E5,1,144,20.00,1,83.765,83.765,12,15
S4-E5,1,145,20.00,1,78.191,78.191,11,15
S4-E5,1,146,20.00,1,83.131,83.131,10,15
S4-E5,1,147,20.00,1,125.071,125.071,15,15
S4-E5,1,148,20.00,1,137.348,137.348,14,15
S4-E5,1,149,20.00,1,103.497,103.497,13,15
S4-E5,1,150,20.00,1,82.166,82.166,12,16
S4-E5,1,151,20.00,1,80.454,80.454,13,16
S4-E5,1,152,20.00,1,82.839,82.839,12,16
S4-E5,1,153,20.00,1,83.063,83.063,11,16
S4-E5,1,154,20.00,1,124.322,124.322,16,16
S4-E5,1,155,20.00,1,114.982,114.982,15,16
S4-E5,1,156,20.00,1,99.445,99.445,15,16
S4-E5,1,157,20.00,1,106.676,106.676,15,17
S4-E5,1,158,20.00,1,82.124,82.124,15,17
S4-E5,1,159,20.00,1,81.125,81.125,14,17
S4-E5,1,160,20.00,1,79.749,79.749,13,16
S4-E5,1,161,20.00,1,126.219,126.219,16,16
S4-E5,1,162,20.00,1,105.943,105.943,15,16
S4-E5,1,163,20.00,1,124.167,124.167,14,16
S4-E5,1,164,20.00,1,97.043,97.043,13,15
S4-E5,1,165,20.00,1,87.107,87.107,11,15
S4-E5,1,166,20.00,1,78.770,78.770,10,16
S4-E5,1,167,20.00,1,76.445,76.445,9,16
S4-E5,1,168,20.00,1,119.268,119.268,15,16
S4-E5,1,169,20.00,1,113.197,113.197,14,16
S4-E5,1,170,20.00,1,83.659,83.659,14,17
S4-E5,1,171,20.00,1,80.023,80.023,14,16
S4-E5,1,172,20.00,1,62.620,62.620,14,15
S4-E5,1,173,20.00,1,65.702,65.702,13,15
S4-E5,1,174,20.00,1,63.761,63.761,13,16
S4-E5,1,175,20.00,1,95.824,95.824,15,16
S4-E5,1,176,20.00,1,91.606,91.606,15,15
S4-E5,1,177,20.00,1,68.785,68.785,14,15
S4-E5,1,178,20.00,1,67.828,67.828,14,15
S4-E5,1,179,20.00,1,84.781,84.781,14,15
S4-E5,1,180,20.00,1,69.877,69.877,14,16
S4-E5,1,181,20.00,1,60.980,60.980,15,16
S4-E5,1,182,20.00,1,105.000,105.000,15,16
S4-E5,1,183,20.00,1,85.871,85.871,15,16
S4-E5,1,184,20.00,1,87.311,87.311,14,17
S4-E5,1,185,20.00,1,77.651,77.651,16,17
S4-E5,1,186,20.00,1,66.525,66.525,16,17
S4-E5,1,187,20.00,1,63.753,63.753,16,17
S4-E5,1,188,20.00,1,68.410,68.410,16,17
S4-E5,1,189,20.00,1,92.757,92.757,16,16
S4-E5,1,190,20.00,1,96.067,96.067,15,16
S4-E5,1,191,20.00,1,82.801,82.801,15,16
S4-E5,1,192,20.00,1,73.631,73.631,15,16
S4-E5,1,193,20.00,1,75.056,75.056,15,16
S4-E5,1,194,20.00,1,62.419,62.419,15,16
S4-E5,1,195,20.00,1,62.266,62.266,15,16
S4-E5,1,196,20.00,1,101.078,101.078,15,16
S4-E5,1,197,20.00,1,99.898,99.898,14,16
S4-E5,1,198,20.00,1,78.303,78.303,15,16
S4-E5,1,199,20.00,1,69.413,69.413,15,16
S4-E5,1,200,20.00,1,63.450,63.450,15,16
S4-E5,1,201,20.00,1,64.567,64.567,15,16
S4-E5,1,202,20.00,1,60.993,60.993,15,16
S4-E5,1,203,20.00,1,95.799,95.799,15,16
S4-E5,1,204,20.00,1,105.741,105.741,15,16
S4-E5,1,205,20.00,1,87.875,87.875,15,16
S4-E5,1,206,20.00,1,65.852,65.852,15,16
S4-E5,1,207,20.00,1,67.759,67.759,15,15
S4-E5,1,208,20.00,1,66.621,66.621,14,14
S4-E5,1,209,20.00,1,66.129,66.129,13,14
S4-E5,1,210,20.00,1,93.000,93.000,13,13
S4-E5,1,211,20.00,1,120.098,120.098,13,13
S4-E5,1,212,20.00,1,103.165,103.165,11,15
S4-E5,1,213,20.00,1,98.302,98.302,13,15
S4-E5,1,214,20.00,1,100.588,100.588,11,16
S4-E5,1,215,20.00,1,79.922,79.922,12,16
S4-E5,1,216,20.00,1,76.578,76.578,10,16
S4-E5,1,217,20.00,1,122.929,122.929,16,16
S4-E5,1,218,20.00,1,132.089,132.089,16,16
S4-E5,1,219,20.00,1,103.165,103.165,14,16
S4-E5,1,220,20.00,1,91.466,91.466,13,16
S4-E5,1,221,20.00,1,89.484,89.484,13,16
S4-E5,1,222,20.00,1,79.197,79.197,12,16
S4-E5,1,223,20.00,1,79.375,79.375,12,16
S4-E5,1,224,20.00,1,120.819,120.819,16,16
S4-E5,1,225,20.00,1,109.576,109.576,16,14
S4-E5,1,226,20.00,1,116.726,116.726,13,14
S4-E5,1,227,20.00,1,110.466,110.466,12,14
S4-E5,1,228,20.00,1,86.614,86.614,10,14
S4-E5,1,229,20.00,1,86.456,86.456,10,14
S4-E5,1,230,20.00,1,81.149,81.149,8,14
S4-E5,1,231,20.00,1,135.559,135.559,14,15
S4-E5,1,232,20.00,1,107.543,107.543,13,15
S4-E5,1,233,20.00,1,109.359,109.359,14,15
S4-E5,1,234,20.00,1,87.598,87.598,13,15
S4-E5,1,235,20.00,1,108.835,108.835,12,15
S4-E5,1,236,20.00,1,73.133,73.133,10,15
S4-E5,1,237,20.00,1,68.535,68.535,10,15
S4-E5,1,238,20.00,1,127.423,127.423,15,15
S4-E5,1,239,20.00,1,118.763,118.763,14,16
S4-E5,1,240,20.00,1,104.919,104.919,14,16
S4-E5,1,241,20.00,1,97.162,97.162,13,16
S4-E5,1,242,20.00,1,78.406,78.406,12,16
S4-E5,1,243,20.00,1,87.238,87.238,10,17
S4-E5,1,244,20.00,1,77.375,77.375,10,17
S4-E5,1,245,20.00,1,119.333,119.333,17,17
S4-E5,1,246,20.00,1,111.958,111.958,17,18
S4-E5,1,247,20.00,1,91.395,91.395,18,18
S4-E5,1,248,20.00,1,95.947,95.947,18,18
S4-E5,1,249,20.00,1,78.385,78.385,18,18
S4-E5,2,0,20.00,1,110.956,110.956,15,14
S4-E5,2,1,20.00,1,98.485,98.485,14,13
S4-E5,2,2,20.00,1,80.046,80.046,13,14
S4-E5,2,3,20.00,1,80.048,80.048,13,14
S4-E5,2,4,20.00,1,63.634,63.634,13,14
S4-E5,2,5,20.00,1,68.702,68.702,12,14
S4-E5,2,6,20.00,1,62.460,62.460,12,14
S4-E5,2,7,20.00,1,114.340,114.340,14,15
S4-E5,2,8,20.00,1,100.811,100.811,15,15
S4-E5,2,9,20.00,1,100.863,100.863,15,15
S4-E5,2,10,20.00,1,83.468,83.468,15,15
S4-E5,2,11,20.00,1,80.562,80.562,15,15
S4-E5,2,12,20.00,1,77.959,77.959,15,15
S4-E5,2,13,20.00,1,77.720,77.720,15,15
S4-E5,2,14,20.00,1,116.484,116.484,15,15
S4-E5,2,15,20.00,1,110.785,110.785,15,16
S4-E5,2,16,20.00,1,82.928,82.928,16,15
S4-E5,2,17,20.00,1,73.492,73.492,15,16
S4-E5,2,18,20.00,1,74.294,74.294,16,16
S4-E5,2,19,20.00,1,69.218,69.218,16,16
S4-E5,2,20,20.00,1,67.747,67.747,16,16
S4-E5,2,21,20.00,1,131.971,131.971,16,17
S4-E5,2,22,20.00,1,108.851,108.851,17,16
S4-E5,2,23,20.00,1,85.237,85.237,16,16
S4-E5,2,24,20.00,1,92.499,92.499,16,16
S4-E5,2,25,20.00,1,83.450,83.450,16,16
S4-E5,2,26,20.00,1,74.522,74.522,15,16
S4-E5,2,27,20.00,1,69.680,69.680,15,17
S4-E5,2,28,20.00,1,117.691,117.691,17,17
S4-E5,2,29,20.00,1,118.780,118.780,17,17
S4-E5,2,30,20.00,1,81.857,81.857,17,17
S4-E5,2,31,20.00,1,82.174,82.174,17,17
S4-E5,2,32,20.00,1,81.627,81.627,17,18
S4-E5,2,33,20.00,1,69.145,69.145,18,18
S4-E5,2,34,20.00,1,63.005,63.005,18,17
S4-E5,2,35,20.00,1,137.285,137.285,17,17
S4-E5,2,36,20.00,1,115.195,115.195,17,17
S4-E5,2,37,20.00,1,92.892,92.892,17,17
S4-E5,2,38,20.00,1,85.949,85.949,17,17
S4-E5,2,39,20.00,1,76.735,76.735,17,16
S4-E5,2,40,20.00,1,74.173,74.173,16,16
S4-E5,2,41,20.00,1,63.336,63.336,16,16
S4-E5,2,42,20.00,1,127.079,127.079,16,16
S4-E5,2,43,20.00,1,123.438,123.438,16,17
S4-E5,2,44,20.00,1,85.489,85.489,17,17
S4-E5,2,45,20.00,1,71.650,71.650,17,17
S4-E5,2,46,20.00,1,73.435,73.435,17,16
S4-E5,2,47,20.00,1,75.351,75.351,16,16
S4-E5,2,48,20.00,1,55.093,55.093,16,16
S4-E5,2,49,20.00,1,115.035,115.035,16,16
S4-E5,2,50,20.00,1,101.006,101.006,16,16
S4-E5,2,51,20.00,1,78.400,78.400,16,16
S4-E5,2,52,20.00,1,76.894,76.894,15,17
S4-E5,2,53,20.00,1,69.962,69.962,16,16
S4-E5,2,54,20.00,1,72.141,72.141,14,16
S4-E5,2,55,20.00,1,51.448,51.448,13,17
S4-E5,2,56,20.00,1,126.707,126.707,17,17
S4-E5,2,57,20.00,1,124.655,124.655,16,18
S4-E5,2,58,20.00,1,84.274,84.274,16,18
S4-E5,2,59,20.00,1,90.803,90.803,15,19
S4-E5,2,60,20.00,1,77.697,77.697,15,19
S4-E5,2,61,20.00,1,70.906,70.906,14,19
S4-E5,2,62,20.00,1,54.839,54.839,13,18
S4-E5,2,63,20.00,1,110.985,110.985,18,18
S4-E5,2,64,20.00,1,117.930,117.930,18,19
S4-E5,2,65,20.00,1,83.288,83.288,19,19
S4-E5,2,66,20.00,1,81.263,81.263,18,19
S4-E5,2,67,20.00,1,67.348,67.348,17,19
S4-E5,2,68,20.00,1,71.578,71.578,17,21
S4-E5,2,69,20.00,1,56.679,56.679,18,21
S4-E5,2,70,20.00,1,133.164,133.164,21,20
S4-E5,2,71,20.00,1,107.140,107.140,19,20
S4-E5,2,72,20.00,1,81.835,81.835,19,20
S4-E5,2,73,20.00,1,80.884,80.884,18,20
S4-E5,2,74,20.00,1,79.357,79.357,17,21
S4-E5,2,75,20.00,1,70.583,70.583,17,20
S4-E5,2,76,20.00,1,49.058,49.058,15,20
S4-E5,2,77,20.00,1,123.650,123.650,20,20
S4-E5,2,78,20.00,1,119.895,119.895,19,20
S4-E5,2,79,20.00,1,86.086,86.086,18,20
S4-E5,2,80,20.00,1,79.872,79.872,17,20
S4-E5,2,81,20.00,1,80.172,80.172,16,20
S4-E5,2,82,20.00,1,58.856,58.856,15,19
S4-E5,2,83,20.00,1,60.991,60.991,14,19
S4-E5,2,84,20.00,1,120.906,120.906,19,19
S4-E5,2,85,20.00,1,131.813,131.813,19,19
S4-E5,2,86,20.00,1,89.326,89.326,18,17
S4-E5,2,87,20.00,1,100.307,100.307,15,17
S4-E5,2,88,20.00,1,76.598,76.598,14,19
S4-E5,2,89,20.00,1,50.344,50.344,15,19
S4-E5,2,90,20.00,1,45.631,45.631,15,19
S4-E5,2,91,20.00,1,101.346,101.346,19,19
S4-E5,2,92,20.00,1,88.637,88.637,19,19
S4-E5,2,93,20.00,1,73.036,73.036,19,19
S4-E5,2,94,20.00,1,63.340,63.340,19,18
S4-E5,2,95,20.00,1,64.435,64.435,18,18
S4-E5,2,96,20.00,1,62.398,62.398,17,18
S4-E5,2,97,20.00,1,51.034,51.034,17,18
S4-E5,2,98,20.00,1,98.450,98.450,18,18
S4-E5,2,99,20.00,1,83.263,83.263,18,18
S4-E5,2,100,20.00,1,63.310,63.310,18,19
S4-E5,2,101,20.00,1,65.250,65.250,19,19
S4-E5,2,102,20.00,1,63.328,63.328,19,19
S4-E5,2,103,20.00,1,56.408,56.408,19,19
S4-E5,2,104,20.00,1,57.066,57.066,18,19
S4-E5,2,105,20.00,1,89.285,89.285,19,19
S4-E5,2,106,20.00,1,90.027,90.027,19,19
S4-E5,2,107,20.00,1,67.050,67.050,19,20
S4-E5,2,108,20.00,1,63.325,63.325,20,20
S4-E5,2,109,20.00,1,70.452,70.452,20,19
S4-E5,2,110,20.00,1,68.667,68.667,19,19
S4-E5,2,111,20.00,1,52.798,52.798,18,19
S4-E5,2,112,20.00,1,84.330,84.330,19,20
S4-E5,2,113,20.00,1,94.077,94.077,20,20
S4-E5,2,114,20.00,1,67.269,67.269,20,20
S4-E5,2,115,20.00,1,69.192,69.192,20,20
S4-E5,2,116,20.00,1,58.899,58.899,20,20
S4-E5,2,117,20.00,1,55.342,55.342,20,19
S4-E5,2,118,20.00,1,53.500,53.500,18,19
S4-E5,2,119,20.00,1,88.556,88.556,19,18
S4-E5,2,120,20.00,1,93.179,93.179,18,18
S4-E5,2,121,20.00,1,94.404,94.404,18,18
S4-E5,2,122,20.00,1,77.888,77.888,17,18
S4-E5,2,123,20.00,1,80.436,80.436,16,18
S4-E5,2,124,20.00,1,70.072,70.072,15,18
S4-E5,2,125,20.00,1,65.297,65.297,14,19
S4-E5,2,126,20.00,1,112.007,112.007,19,19
S4-E5,2,127,20.00,1,120.601,120.601,19,18
S4-E5,2,128,20.00,1,83.061,83.061,18,18
S4-E5,2,129,20.00,1,89.080,89.080,17,18
S4-E5,2,130,20.00,1,83.959,83.959,16,18
S4-E5,2,131,20.00,1,60.635,60.635,15,19
S4-E5,2,132,20.00,1,63.673,63.673,16,19
S4-E5,2,133,20.00,1,137.361,137.361,19,19
S4-E5,2,134,20.00,1,128.210,128.210,18,18
S4-E5,2,135,20.00,1,95.945,95.945,16,17
S4-E5,2,136,20.00,1,82.312,82.312,14,17
S4-E5,2,137,20.00,1,78.632,78.632,13,17
S4-E5,2,138,20.00,1,72.106,72.106,12,19
S4-E5,2,139,20.00,1,60.427,60.427,13,20
S4-E5,2,140,20.00,1,131.177,131.177,20,21
S4-E5,2,141,20.00,1,119.406,119.406,20,21
S4-E5,2,142,20.00,1,83.042,83.042,20,20
S4-E5,2,143,20.00,1,74.760,74.760,18,19
S4-E5,2,144,20.00,1,70.936,70.936,16,19
S4-E5,2,145,20.00,1,58.112,58.112,15,19
S4-E5,2,146,20.00,1,63.305,63.305,14,19
S4-E5,2,147,20.00,1,107.789,107.789,19,19
S4-E5,2,148,20.00,1,126.462,126.462,19,19
S4-E5,2,149,20.00,1,88.606,88.606,18,19
S4-E5,2,150,20.00,1,72.277,72.277,17,19
S4-E5,2,151,20.00,1,78.901,78.901,17,19
S4-E5,2,152,20.00,1,58.741,58.741,16,18
S4-E5,2,153,20.00,1,61.265,61.265,15,18
S4-E5,2,154,20.00,1,106.259,106.259,18,18
S4-E5,2,155,20.00,1,115.575,115.575,18,18
S4-E5,2,156,20.00,1,81.895,81.895,18,19
S4-E5,2,157,20.00,1,72.233,72.233,18,19
S4-E5,2,158,20.00,1,77.903,77.903,17,19
S4-E5,2,159,20.00,1,72.016,72.016,16,19
S4-E5,2,160,20.00,1,61.380,61.380,15,19
S4-E5,2,161,20.00,1,133.452,133.452,19,20
S4-E5,2,162,20.00,1,119.838,119.838,19,19
S4-E5,2,163,20.00,1,79.043,79.043,18,19
S4-E5,2,164,20.00,1,85.613,85.613,17,19
S4-E5,2,165,20.00,1,72.338,72.338,16,19
S4-E5,2,166,20.00,1,76.191,76.191,15,19
S4-E5,2,167,20.00,1,43.426,43.426,14,19
S4-E5,2,168,20.00,1,89.899,89.899,19,19
S4-E5,2,169,20.00,1,85.546,85.546,19,19
S4-E5,2,170,20.00,1,67.369,67.369,19,18
S4-E5,2,171,20.00,1,64.407,64.407,18,16
S4-E5,2,172,20.00,1,58.562,58.562,16,17
S4-E5,2,173,20.00,1,54.126,54.126,17,16
S4-E5,2,174,20.00,1,52.926,52.926,15,16
S4-E5,2,175,20.00,1,91.285,91.285,16,16
S4-E5,2,176,20.00,1,99.757,99.757,16,15
S4-E5,2,177,20.00,1,71.548,71.548,15,15
S4-E5,2,178,20.00,1,63.656,63.656,15,15
S4-E5,2,179,20.00,1,60.240,60.240,15,15
S4-E5,2,180,20.00,1,59.208,59.208,15,15
S4-E5,2,181,20.00,1,51.500,51.500,15,15
S4-E5,2,182,20.00,1,100.510,100.510,15,16
S4-E5,2,183,20.00,1,87.680,87.680,16,15
S4-E5,2,184,20.00,1,67.155,67.155,15,15
S4-E5,2,185,20.00,1,66.936,66.936,15,15
S4-E5,2,186,20.00,1,58.588,58.588,15,15
S4-E5,2,187,20.00,1,58.669,58.669,15,15
S4-E5,2,188,20.00,1,51.992,51.992,15,16
S4-E5,2,189,20.00,1,97.896,97.896,16,16
S4-E5,2,190,20.00,1,90.356,90.356,16,16
S4-E5,2,191,20.00,1,78.537,78.537,16,16
S4-E5,2,192,20.00,1,62.996,62.996,16,16
S4-E5,2,193,20.00,1,61.243,61.243,16,14
S4-E5,2,194,20.00,1,53.732,53.732,14,14
S4-E5,2,195,20.00,1,52.469,52.469,14,14
S4-E5,2,196,20.00,1,99.002,99.002,14,15
S4-E5,2,197,20.00,1,108.518,108.518,15,16
S4-E5,2,198,20.00,1,62.328,62.328,16,16
S4-E5,2,199,20.00,1,70.927,70.927,16,16
S4-E5,2,200,20.00,1,60.718,60.718,15,16
S4-E5,2,201,20.00,1,53.146,53.146,15,16
S4-E5,2,202,20.00,1,49.272,49.272,15,16
S4-E5,2,203,20.00,1,88.267,88.267,16,17
S4-E5,2,204,20.00,1,93.728,93.728,17,15
S4-E5,2,205,20.00,1,75.297,75.297,15,15
S4-E5,2,206,20.00,1,60.577,60.577,15,15
S4-E5,2,207,20.00,1,61.876,61.876,15,15
S4-E5,2,208,20.00,1,54.970,54.970,15,15
S4-E5,2,209,20.00,1,54.558,54.558,15,15
S4-E5,2,210,20.00,1,97.448,97.448,15,15
S4-E5,2,211,20.00,1,94.058,94.058,15,15
S4-E5,2,212,20.00,1,65.309,65.309,15,15
S4-E5,2,213,20.00,1,63.610,63.610,15,15
S4-E5,2,214,20.00,1,63.388,63.388,15,15
S4-E5,2,215,20.00,1,53.396,53.396,15,15
S4-E5,2,216,20.00,1,55.275,55.275,15,15
S4-E5,2,217,20.00,1,88.333,88.333,15,14
S4-E5,2,218,20.00,1,99.071,99.071,14,14
S4-E5,2,219,20.00,1,66.685,66.685,14,15
S4-E5,2,220,20.00,1,72.724,72.724,15,16
S4-E5,2,221,20.00,1,54.492,54.492,16,16
S4-E5,2,222,20.00,1,57.182,57.182,15,16
S4-E5,2,223,20.00,1,60.716,60.716,15,16
S4-E5,2,224,20.00,1,100.771,100.771,16,16
S4-E5,2,225,20.00,1,100.197,100.197,16,17
S4-E5,2,226,20.00,1,62.263,62.263,17,17
S4-E5,2,227,20.00,1,68.556,68.556,17,17
S4-E5,2,228,20.00,1,65.708,65.708,17,17
S4-E5,2,229,20.00,1,59.250,59.250,17,18
S4-E5,2,230,20.00,1,48.363,48.363,18,17
S4-E5,2,231,20.00,1,95.849,95.849,17,16
S4-E5,2,232,20.00,1,82.536,82.536,16,16
S4-E5,2,233,20.00,1,70.139,70.139,16,16
S4-E5,2,234,20.00,1,67.068,67.068,16,16
S4-E5,2,235,20.00,1,57.136,57.136,16,16
S4-E5,2,236,20.00,1,59.167,59.167,15,16
S4-E5,2,237,20.00,1,57.073,57.073,15,17
S4-E5,2,238,20.00,1,99.278,99.278,17,17
S4-E5,2,239,20.00,1,100.722,100.722,17,17
S4-E5,2,240,20.00,1,71.233,71.233,17,17
S4-E5,2,241,20.00,1,69.915,69.915,17,17
S4-E5,2,242,20.00,1,59.415,59.415,16,17
S4-E5,2,243,20.00,1,52.754,52.754,16,17
S4-E5,2,244,20.00,1,42.104,42.104,16,17
S4-E5,2,245,20.00,1,94.871,94.871,17,17
S4-E5,2,246,20.00,1,100.029,100.029,17,17
S4-E5,2,247,20.00,1,65.702,65.702,17,17
S4-E5,2,248,20.00,1,62.990,62.990,17,17
S4-E5,2,249,20.00,1,66.788,66.788,17,17
S4-E6,0,0,20.00,1,85.592,85.592,20,20
S4-E6,0,1,20.00,1,82.926,82.926,20,19
S4-E6,0,2,20.00,1,82.694,82.694,19,19
S4-E6,0,3,20.00,1,75.744,75.744,19,19
S4-E6,0,4,20.00,1,75.176,75.176,18,19
S4-E6,0,5,20.00,1,66.226,66.226,17,19
S4-E6,0,6,20.00,1,66.953,66.953,17,18
S4-E6,0,7,20.00,1,93.150,93.150,18,18
S4-E6,0,8,20.00,1,83.626,83.626,18,18
S4-E6,0,9,20.00,1,74.127,74.127,18,18
S4-E6,0,10,20.00,1,77.497,77.497,18,18
S4-E6,0,11,20.00,1,72.573,72.573,17,18
S4-E6,0,12,20.00,1,70.742,70.742,17,18
S4-E6,0,13,20.00,1,67.617,67.617,17,18
S4-E6,0,14,20.00,1,85.783,85.783,18,18
S4-E6,0,15,20.00,1,84.351,84.351,18,18
S4-E6,0,16,20.00,1,82.678,82.678,18,19
S4-E6,0,17,20.00,1,74.984,74.984,19,19
S4-E6,0,18,20.00,1,74.320,74.320,18,19
S4-E6,0,19,20.00,1,68.469,68.469,17,19
S4-E6,0,20,20.00,1,66.760,66.760,17,19
S4-E6,0,21,20.00,1,82.567,82.567,19,18
S4-E6,0,22,20.00,1,77.399,77.399,18,17
S4-E6,0,23,20.00,1,93.095,93.095,16,17
S4-E6,0,24,20.00,1,81.442,81.442,16,18
S4-E6,0,25,20.00,1,70.545,70.545,17,18
S4-E6,0,26,20.00,1,68.270,68.270,17,16
S4-E6,0,27,20.00,1,68.771,68.771,15,16
S4-E6,0,28,20.00,1,78.994,78.994,16,16
S4-E6,0,29,20.00,1,91.159,91.159,16,15
S4-E6,0,30,20.00,1,81.773,81.773,15,15
S4-E6,0,31,20.00,1,75.701,75.701,14,16
S4-E6,0,32,20.00,1,71.682,71.682,15,19
S4-E6,0,33,20.00,1,67.511,67.511,18,19
S4-E6,0,34,20.00,1,66.539,66.539,17,19
S4-E6,0,35,20.00,1,85.321,85.321,19,19
S4-E6,0,36,20.00,1,83.960,83.960,18,19
S4-E6,0,37,20.00,1,76.807,76.807,19,19
S4-E6,0,38,20.00,1,73.349,73.349,18,18
S4-E6,0,39,20.00,1,75.435,75.435,16,19
S4-E6,0,40,20.00,1,70.784,70.784,17,19
S4-E6,0,41,20.00,1,75.887,75.887,17,19
S4-E6,0,42,20.00,1,79.404,79.404,19,19
S4-E6,0,43,20.00,1,79.267,79.267,19,19
S4-E6,0,44,20.00,1,89.417,89.417,18,18
S4-E6,0,45,20.00,1,89.623,89.623,16,18
S4-E6,0,46,20.00,1,71.350,71.350,17,18
S4-E6,0,47,20.00,1,75.741,75.741,16,17
S4-E6,0,48,20.00,1,66.173,66.173,15,18
S4-E6,0,49,20.00,1,89.085,89.085,18,18
S4-E6,0,50,20.00,1,76.142,76.142,18,17
S4-E6,0,51,20.00,1,80.671,80.671,17,17
S4-E6,0,52,20.00,1,71.682,71.682,15,17
S4-E6,0,53,20.00,1,71.817,71.817,15,17
S4-E6,0,54,20.00,1,68.850,68.850,15,17
S4-E6,0,55,20.00,1,70.074,70.074,15,17
S4-E6,0,56,20.00,1,80.732,80.732,17,17
S4-E6,0,57,20.00,1,83.545,83.545,17,16
S4-E6,0,58,20.00,1,80.036,80.036,16,16
S4-E6,0,59,20.00,1,75.126,75.126,15,16
S4-E6,0,60,20.00,1,78.254,78.254,14,16
S4-E6,0,61,20.00,1,72.810,72.810,14,17
S4-E6,0,62,20.00,1,61.993,61.993,15,17
S4-E6,0,63,20.00,1,99.143,99.143,17,17
S4-E6,0,64,20.00,1,86.054,86.054,17,17
S4-E6,0,65,20.00,1,72.617,72.617,17,17
S4-E6,0,66,20.00,1,72.047,72.047,16,17
S4-E6,0,67,20.00,1,71.776,71.776,16,16
S4-E6,0,68,20.00,1,71.331,71.331,15,15
S4-E6,0,69,20.00,1,68.962,68.962,14,15
S4-E6,0,70,20.00,1,86.080,86.080,15,15
S4-E6,0,71,20.00,1,84.838,84.838,15,16
S4-E6,0,72,20.00,1,75.929,75.929,16,16
S4-E6,0,73,20.00,1,74.649,74.649,15,16
S4-E6,0,74,20.00,1,74.636,74.636,15,16
S4-E6,0,75,20.00,1,72.591,72.591,15,16
S4-E6,0,76,20.00,1,68.958,68.958,14,16
S4-E6,0,77,20.00,1,85.637,85.637,16,16
S4-E6,0,78,20.00,1,84.507,84.507,16,15
S4-E6,0,79,20.00,1,74.942,74.942,15,15
S4-E6,0,80,20.00,1,73.034,73.034,14,14
S4-E6,0,81,20.00,1,82.970,82.970,12,13
S4-E6,0,82,20.00,1,75.943,75.943,11,14
S4-E6,0,83,20.00,1,70.107,70.107,12,15
S4-E6,0,84,20.00,1,94.269,94.269,15,15
S4-E6,0,85,20.00,1,89.475,89.475,15,15
S4-E6,0,86,20.00,1,79.122,79.122,15,15
S4-E6,0,87,20.00,1,71.293,71.293,15,15
S4-E6,0,88,20.00,1,71.728,71.728,14,15
S4-E6,0,89,20.00,1,68.094,68.094,14,15
S4-E6,0,90,20.00,1,65.692,65.692,14,16
S4-E6,0,91,20.00,1,92.219,92.219,16,16
S4-E6,0,92,20.00,1,84.630,84.630,16,16
S4-E6,0,93,20.00,1,76.138,76.138,16,17
S4-E6,0,94,20.00,1,75.559,75.559,16,17
S4-E6,0,95,20.00,1,66.452,66.452,16,16
S4-E6,0,96,20.00,1,67.175,67.175,13,16
S4-E6,0,97,20.00,1,62.253,62.253,13,17
S4-E6,0,98,20.00,1,80.809,80.809,17,16
S4-E6,0,99,20.00,1,84.393,84.393,16,16
S4-E6,0,100,20.00,1,80.435,80.435,16,16
S4-E6,0,101,20.00,1,76.375,76.375,16,16
S4-E6,0,102,20.00,1,77.862,77.862,15,16
S4-E6,0,103,20.00,1,63.618,63.618,14,16
S4-E6,0,104,20.00,1,67.963,67.963,14,16
S4-E6,0,105,20.00,1,81.786,81.786,16,16
S4-E6,0,106,20.00,1,76.316,76.316,16,16
S4-E6,0,107,20.00,1,85.243,85.243,15,16
S4-E6,0,108,20.00,1,75.525,75.525,15,16
S4-E6,0,109,20.00,1,75.253,75.253,14,16
S4-E6,0,110,20.00,1,75.128,75.128,14,16
S4-E6,0,111,20.00,1,70.099,70.099,14,16
S4-E6,0,112,20.00,1,81.622,81.622,16,16
S4-E6,0,113,20.00,1,91.738,91.738,16,16
S4-E6,0,114,20.00,1,77.048,77.048,16,16
S4-E6,0,115,20.00,1,77.542,77.542,15,16
S4-E6,0,116,20.00,1,69.029,69.029,15,16
S4-E6,0,117,20.00,1,71.669,71.669,14,16
S4-E6,0,118,20.00,1,66.127,66.127,14,16
S4-E6,0,119,20.00,1,79.936,79.936,16,16
S4-E6,0,120,20.00,1,78.191,78.191,16,16
S4-E6,0,121,20.00,1,81.539,81.539,15,16
S4-E6,0,122,20.00,1,77.132,77.132,15,16
S4-E6,0,123,20.00,1,74.699,74.699,14,15
S4-E6,0,124,20.00,1,71.242,71.242,13,15
S4-E6,0,125,20.00,1,75.290,75.290,13,14
S4-E6,0,126,20.00,1,88.355,88.355,14,14
S4-E6,0,127,20.00,1,82.236,82.236,14,15
S4-E6,0,128,20.00,1,77.169,77.169,15,15
S4-E6,0,129,20.00,1,72.412,72.412,15,15
S4-E6,0,130,20.00,1,76.435,76.435,14,14
S4-E6,0,131,20.00,1,72.705,72.705,12,14
S4-E6,0,132,20.00,1,64.552,64.552,12,14
S4-E6,0,133,20.00,1,83.332,83.332,14,15
S4-E6,0,134,20.00,1,105.480,105.480,15,15
S4-E6,0,135,20.00,1,96.997,96.997,15,15
S4-E6,0,136,20.00,1,90.150,90.150,15,15
S4-E6,0,137,20.00,1,81.980,81.980,15,15
S4-E6,0,138,20.00,1,83.348,83.348,15,14
S4-E6,0,139,20.00,1,78.049,78.049,14,15
S4-E6,0,140,20.00,1,109.867,109.867,15,13
S4-E6,0,141,20.00,1,108.134,108.134,13,13
S4-E6,0,142,20.00,1,74.065,74.065,13,14
S4-E6,0,143,20.00,1,79.052,79.052,14,14
S4-E6,0,144,20.00,1,69.918,69.918,14,14
S4-E6,0,145,20.00,1,60.271,60.271,14,15
S4-E6,0,146,20.00,1,61.348,61.348,15,15
S4-E6,0,147,20.00,1,88.195,88.195,15,15
S4-E6,0,148,20.00,1,81.564,81.564,15,16
S4-E6,0,149,20.00,1,70.669,70.669,16,16
S4-E6,0,150,20.00,1,77.756,77.756,25,26
S4-E6,0,151,20.00,1,70.475,70.475,25,26
S4-E6,0,152,20.00,1,82.065,82.065,24,26
S4-E6,0,153,20.00,1,88.573,88.573,24,26
S4-E6,0,154,20.00,1,106.331,106.331,26,26
S4-E6,0,155,20.00,1,105.527,105.527,26,26
S4-E6,0,156,20.00,1,91.793,91.793,26,26
S4-E6,0,157,20.00,1,93.034,93.034,26,26
S4-E6,0,158,20.00,1,93.992,93.992,26,26
S4-E6,0,159,20.00,1,91.528,91.528,26,26
S4-E6,0,160,20.00,1,78.104,78.104,26,26
S4-E6,0,161,20.00,1,117.374,117.374,26,26
S4-E6,0,162,20.00,1,97.066,97.066,26,26
S4-E6,0,163,20.00,1,86.666,86.666,26,26
S4-E6,0,164,20.00,1,90.796,90.796,26,26
S4-E6,0,165,20.00,1,84.085,84.085,26,26
S4-E6,0,166,20.00,1,81.464,81.464,26,25
S4-E6,0,167,20.00,1,82.436,82.436,25,25
S4-E6,0,168,20.00,1,110.168,110.168,25,25
S4-E6,0,169,20.00,1,112.388,112.388,25,25
S4-E6,0,170,20.00,1,94.640,94.640,25,25
S4-E6,0,171,20.00,1,96.802,96.802,25,26
S4-E6,0,172,20.00,1,88.418,88.418,26,26
S4-E6,0,173,20.00,1,87.171,87.171,26,26
S4-E6,0,174,20.00,1,70.852,70.852,26,26
S4-E6,0,175,20.00,1,114.011,114.011,26,27
S4-E6,0,176,20.00,1,99.336,99.336,27,28
S4-E6,0,177,20.00,1,107.290,107.290,27,28
S4-E6,0,178,20.00,1,87.218,87.218,27,29
S4-E6,0,179,20.00,1,90.408,90.408,28,28
S4-E6,0,180,20.00,1,82.734,82.734,27,28
S4-E6,0,181,20.00,1,82.049,82.049,27,28
S4-E6,0,182,20.00,1,116.542,116.542,28,28
S4-E6,0,183,20.00,1,101.248,101.248,28,28
S4-E6,0,184,20.00,1,100.410,100.410,28,28
S4-E6,0,185,20.00,1,93.143,93.143,28,27
S4-E6,0,186,20.00,1,94.046,94.046,27,27
S4-E6,0,187,20.00,1,85.429,85.429,27,27
S4-E6,0,188,20.00,1,75.129,75.129,27,27
S4-E6,0,189,20.00,1,116.605,116.605,27,27
S4-E6,0,190,20.00,1,102.435,102.435,27,27
S4-E6,0,191,20.00,1,122.380,122.380,27,27
S4-E6,0,192,20.00,1,88.329,88.329,27,28
S4-E6,0,193,20.00,1,82.187,82.187,28,27
S4-E6,0,194,20.00,1,78.116,78.116,27,27
S4-E6,0,195,20.00,1,66.580,66.580,27,27
S4-E6,0,196,20.00,1,119.250,119.250,27,27
S4-E6,0,197,20.00,1,107.408,107.408,27,27
S4-E6,0,198,20.00,1,99.491,99.491,27,27
S4-E6,0,199,20.00,1,86.832,86.832,27,27
S4-E6,0,200,20.00,1,91.649,91.649,27,27
S4-E6,0,201,20.00,1,91.609,91.609,27,28
S4-E6,0,202,20.00,1,80.262,80.262,28,28
S4-E6,0,203,20.00,1,111.546,111.546,28,28
S4-E6,0,204,20.00,1,125.489,125.489,28,28
S4-E6,0,205,20.00,1,97.816,97.816,28,26
S4-E6,0,206,20.00,1,66.271,66.271,26,26
S4-E6,0,207,20.00,1,69.046,69.046,26,24
S4-E6,0,208,20.00,1,58.994,58.994,24,23
S4-E6,0,209,20.00,1,65.300,65.300,23,22
S4-E6,0,210,20.00,1,92.185,92.185,22,22
S4-E6,0,211,20.00,1,82.593,82.593,22,21
S4-E6,0,212,20.00,1,76.078,76.078,21,20
S4-E6,0,213,20.00,1,76.918,76.918,19,20
S4-E6,0,214,20.00,1,68.583,68.583,19,18
S4-E6,0,215,20.00,1,70.123,70.123,16,18
S4-E6,0,216,20.00,1,66.911,66.911,16,18
S4-E6,0,217,20.00,1,91.970,91.970,18,18
S4-E6,0,218,20.00,1,91.892,91.892,18,17
S4-E6,0,219,20.00,1,71.794,71.794,17,17
S4-E6,0,220,20.00,1,72.708,72.708,17,17
S4-E6,0,221,20.00,1,68.798,68.798,17,17
S4-E6,0,222,20.00,1,95.935,95.935,16,16
S4-E6,0,223,20.00,1,95.807,95.807,15,16
S4-E6,0,224,20.00,1,104.530,104.530,16,16
S4-E6,0,225,20.00,1,115.277,115.277,16,16
S4-E6,0,226,20.00,1,89.834,89.834,16,16
S4-E6,0,227,20.00,1,84.362,84.362,16,15
S4-E6,0,228,20.00,1,82.141,82.141,15,16
S4-E6,0,229,20.00,1,84.192,84.192,16,18
S4-E6,0,230,20.00,1,73.945,73.945,18,18
S4-E6,0,231,20.00,1,124.033,124.033,18,17
S4-E6,0,232,20.00,1,107.733,107.733,17,17
S4-E6,0,233,20.00,1,98.039,98.039,17,16
S4-E6,0,234,20.00,1,83.744,83.744,16,16
S4-E6,0,235,20.00,1,89.057,89.057,16,17
S4-E6,0,236,20.00,1,84.570,84.570,17,17
S4-E6,0,237,20.00,1,91.425,91.425,17,17
S4-E6,0,238,20.00,1,112.895,112.895,17,17
S4-E6,0,239,20.00,1,110.689,110.689,17,16
S4-E6,0,240,20.00,1,92.108,92.108,16,17
S4-E6,0,241,20.00,1,68.307,68.307,17,16
S4-E6,0,242,20.00,1,69.286,69.286,16,17
S4-E6,0,243,20.00,1,57.790,57.790,17,17
S4-E6,0,244,20.00,1,63.900,63.900,17,17
S4-E6,0,245,20.00,1,103.248,103.248,17,17
S4-E6,0,246,20.00,1,83.340,83.340,17,17
S4-E6,0,247,20.00,1,78.019,78.019,17,18
S4-E6,0,248,20.00,1,75.331,75.331,18,18
S4-E6,0,249,20.00,1,73.545,73.545,17,18
S4-E6,1,0,20.00,1,82.188,82.188,15,15
S4-E6,1,1,20.00,1,71.444,71.444,15,15
S4-E6,1,2,20.00,1,60.473,60.473,14,15
S4-E6,1,3,20.00,1,66.864,66.864,14,15
S4-E6,1,4,20.00,1,63.487,63.487,14,15
S4-E6,1,5,20.00,1,62.456,62.456,14,15
S4-E6,1,6,20.00,1,62.026,62.026,14,15
S4-E6,1,7,20.00,1,69.591,69.591,15,15
S4-E6,1,8,20.00,1,72.411,72.411,15,15
S4-E6,1,9,20.00,1,68.886,68.886,14,15
S4-E6,1,10,20.00,1,63.573,63.573,14,15
S4-E6,1,11,20.00,1,72.583,72.583,14,15
S4-E6,1,12,20.00,1,61.720,61.720,14,14
S4-E6,1,13,20.00,1,58.401,58.401,13,14
S4-E6,1,14,20.00,1,75.463,75.463,14,14
S4-E6,1,15,20.00,1,77.820,77.820,14,15
S4-E6,1,16,20.00,1,66.134,66.134,14,15
S4-E6,1,17,20.00,1,68.785,68.785,14,15
S4-E6,1,18,20.00,1,56.484,56.484,14,16
S4-E6,1,19,20.00,1,53.168,53.168,15,16
S4-E6,1,20,20.00,1,52.260,52.260,14,16
S4-E6,1,21,20.00,1,76.793,76.793,16,17
S4-E6,1,22,20.00,1,70.714,70.714,17,17
S4-E6,1,23,20.00,1,74.725,74.725,17,18
S4-E6,1,24,20.00,1,64.712,64.712,17,19
S4-E6,1,25,20.00,1,61.057,61.057,18,19
S4-E6,1,26,20.00,1,57.140,57.140,18,19
S4-E6,1,27,20.00,1,66.916,66.916,18,19
S4-E6,1,28,20.00,1,66.626,66.626,19,19
S4-E6,1,29,20.00,1,70.519,70.519,19,18
S4-E6,1,30,20.00,1,69.309,69.309,18,19
S4-E6,1,31,20.00,1,69.418,69.418,19,19
S4-E6,1,32,20.00,1,81.592,81.592,19,18
S4-E6,1,33,20.00,1,69.816,69.816,18,19
S4-E6,1,34,20.00,1,71.270,71.270,19,18
S4-E6,1,35,20.00,1,99.573,99.573,18,18
S4-E6,1,36,20.00,1,82.615,82.615,18,18
S4-E6,1,37,20.00,1,84.396,84.396,18,17
S4-E6,1,38,20.00,1,88.826,88.826,17,17
S4-E6,1,39,20.00,1,79.413,79.413,17,17
S4-E6,1,40,20.00,1,69.894,69.894,17,17
S4-E6,1,41,20.00,1,69.168,69.168,17,17
S4-E6,1,42,20.00,1,113.811,113.811,17,17
S4-E6,1,43,20.00,1,82.222,82.222,17,17
S4-E6,1,44,20.00,1,85.966,85.966,17,17
S4-E6,1,45,20.00,1,80.837,80.837,17,17
S4-E6,1,46,20.00,1,78.516,78.516,17,17
S4-E6,1,47,20.00,1,81.075,81.075,17,17
S4-E6,1,48,20.00,1,65.559,65.559,17,18
S4-E6,1,49,20.00,1,116.384,116.384,18,18
S4-E6,1,50,20.00,1,83.475,83.475,18,18
S4-E6,1,51,20.00,1,74.155,74.155,18,18
S4-E6,1,52,20.00,1,79.628,79.628,18,17
S4-E6,1,53,20.00,1,71.786,71.786,17,17
S4-E6,1,54,20.00,1,80.251,80.251,17,16
S4-E6,1,55,20.00,1,69.534,69.534,16,16
S4-E6,1,56,20.00,1,109.482,109.482,16,16
S4-E6,1,57,20.00,1,77.301,77.301,16,15
S4-E6,1,58,20.00,1,87.028,87.028,15,15
S4-E6,1,59,20.00,1,75.254,75.254,15,15
S4-E6,1,60,20.00,1,77.611,77.611,15,15
S4-E6,1,61,20.00,1,78.587,78.587,15,15
S4-E6,1,62,20.00,1,80.476,80.476,15,15
S4-E6,1,63,20.00,1,108.444,108.444,15,15
S4-E6,1,64,20.00,1,85.957,85.957,15,15
S4-E6,1,65,20.00,1,69.783,69.783,15,15
S4-E6,1,66,20.00,1,87.630,87.630,15,14
S4-E6,1,67,20.00,1,72.799,72.799,14,15
S4-E6,1,68,20.00,1,60.889,60.889,15,16
S4-E6,1,69,20.00,1,55.905,55.905,16,15
S4-E6,1,70,20.00,1,83.550,83.550,15,15
S4-E6,1,71,20.00,1,78.336,78.336,15,15
S4-E6,1,72,20.00,1,71.466,71.466,14,15
S4-E6,1,73,20.00,1,66.524,66.524,14,15
S4-E6,1,74,20.00,1,61.683,61.683,14,15
S4-E6,1,75,20.00,1,57.619,57.619,14,15
S4-E6,1,76,20.00,1,56.567,56.567,13,15
S4-E6,1,77,20.00,1,89.800,89.800,15,17
S4-E6,1,78,20.00,1,72.085,72.085,17,17
S4-E6,1,79,20.00,1,68.077,68.077,16,17
S4-E6,1,80,20.00,1,64.416,64.416,16,17
S4-E6,1,81,20.00,1,57.616,57.616,16,17
S4-E6,1,82,20.00,1,60.311,60.311,16,17
S4-E6,1,83,20.00,1,56.115,56.115,16,17
S4-E6,1,84,20.00,1,95.628,95.628,17,17
S4-E6,1,85,20.00,1,66.257,66.257,17,17
S4-E6,1,86,20.00,1,65.492,65.492,16,17
S4-E6,1,87,20.00,1,63.972,63.972,16,16
S4-E6,1,88,20.00,1,60.974,60.974,15,16
S4-E6,1,89,20.00,1,71.097,71.097,15,16
S4-E6,1,90,20.00,1,64.486,64.486,15,15
S4-E6,1,91,20.00,1,76.242,76.242,15,15
S4-E6,1,92,20.00,1,73.601,73.601,15,15
S4-E6,1,93,20.00,1,65.384,65.384,14,15
S4-E6,1,94,20.00,1,71.852,71.852,14,15
S4-E6,1,95,20.00,1,62.029,62.029,14,15
S4-E6,1,96,20.00,1,64.665,64.665,14,15
S4-E6,1,97,20.00,1,55.146,55.146,14,16
S4-E6,1,98,20.00,1,84.300,84.300,16,17
S4-E6,1,99,20.00,1,70.709,70.709,17,17
S4-E6,1,100,20.00,1,61.729,61.729,16,17
S4-E6,1,101,20.00,1,65.192,65.192,16,17
S4-E6,1,102,20.00,1,65.172,65.172,16,16
S4-E6,1,103,20.00,1,55.870,55.870,15,15
S4-E6,1,104,20.00,1,57.492,57.492,14,15
S4-E6,1,105,20.00,1,71.657,71.657,15,15
S4-E6,1,106,20.00,1,73.895,73.895,15,14
S4-E6,1,107,20.00,1,86.105,86.105,14,14
S4-E6,1,108,20.00,1,73.543,73.543,14,14
S4-E6,1,109,20.00,1,68.645,68.645,13,14
S4-E6,1,110,20.00,1,57.621,57.621,13,14
S4-E6,1,111,20.00,1,72.703,72.703,13,14
S4-E6,1,112,20.00,1,80.910,80.910,14,13
S4-E6,1,113,20.00,1,99.542,99.542,13,13
S4-E6,1,114,20.00,1,85.540,85.540,13,13
S4-E6,1,115,20.00,1,73.237,73.237,13,13
S4-E6,1,116,20.00,1,74.445,74.445,13,14
S4-E6,1,117,20.00,1,67.413,67.413,14,14
S4-E6,1,118,20.00,1,66.602,66.602,14,15
S4-E6,1,119,20.00,1,106.951,106.951,15,14
S4-E6,1,120,20.00,1,88.673,88.673,14,14
S4-E6,1,121,20.00,1,72.766,72.766,14,14
S4-E6,1,122,20.00,1,83.636,83.636,14,14
S4-E6,1,123,20.00,1,82.685,82.685,14,15
S4-E6,1,124,20.00,1,70.639,70.639,15,15
S4-E6,1,125,20.00,1,73.807,73.807,15,15
S4-E6,1,126,20.00,1,119.693,119.693,15,15
S4-E6,1,127,20.00,1,76.037,76.037,15,15
S4-E6,1,128,20.00,1,91.371,91.371,15,15
S4-E6,1,129,20.00,1,77.328,77.328,15,15
S4-E6,1,130,20.00,1,74.885,74.885,15,14
S4-E6,1,131,20.00,1,61.298,61.298,14,14
S4-E6,1,132,20.00,1,64.090,64.090,14,14
S4-E6,1,133,20.00,1,112.847,112.847,14,15
S4-E6,1,134,20.00,1,97.917,97.917,15,17
S4-E6,1,135,20.00,1,91.003,91.003,17,17
S4-E6,1,136,20.00,1,68.852,68.852,17,17
S4-E6,1,137,20.00,1,81.039,81.039,17,17
S4-E6,1,138,20.00,1,70.361,70.361,17,17
S4-E6,1,139,20.00,1,71.725,71.725,17,17
S4-E6,1,140,20.00,1,112.987,112.987,17,17
S4-E6,1,141,20.00,1,83.716,83.716,17,18
S4-E6,1,142,20.00,1,83.700,83.700,18,18
S4-E6,1,143,20.00,1,73.728,73.728,18,18
S4-E6,1,144,20.00,1,79.883,79.883,18,18
S4-E6,1,145,20.00,1,68.679,68.679,18,19
S4-E6,1,146,20.00,1,60.628,60.628,19,19
S4-E6,1,147,20.00,1,118.988,118.988,19,18
S4-E6,1,148,20.00,1,86.523,86.523,18,18
S4-E6,1,149,20.00,1,74.504,74.504,18,18
S4-E6,1,150,20.00,1,87.183,87.183,28,28
S4-E6,1,151,20.00,1,75.536,75.536,28,27
S4-E6,1,152,20.00,1,73.544,73.544,27,27
S4-E6,1,153,20.00,1,72.992,72.992,27,28
S4-E6,1,154,20.00,1,111.919,111.919,28,28
S4-E6,1,155,20.00,1,81.301,81.301,28,28
S4-E6,1,156,20.00,1,87.544,87.544,28,30
S4-E6,1,157,20.00,1,87.165,87.165,30,30
S4-E6,1,158,20.00,1,77.601,77.601,30,30
S4-E6,1,159,20.00,1,53.203,53.203,30,30
S4-E6,1,160,20.00,1,76.696,76.696,30,30
S4-E6,1,161,20.00,1,97.838,97.838,30,29
S4-E6,1,162,20.00,1,92.657,92.657,29,29
S4-E6,1,163,20.00,1,94.703,94.703,29,29
S4-E6,1,164,20.00,1,79.773,79.773,29,29
S4-E6,1,165,20.00,1,72.807,72.807,29,29
S4-E6,1,166,20.00,1,77.362,77.362,29,29
S4-E6,1,167,20.00,1,70.183,70.183,29,29
S4-E6,1,168,20.00,1,117.044,117.044,29,29
S4-E6,1,169,20.00,1,84.732,84.732,29,29
S4-E6,1,170,20.00,1,83.561,83.561,29,29
S4-E6,1,171,20.00,1,84.284,84.284,29,29
S4-E6,1,172,20.00,1,79.130,79.130,29,29
S4-E6,1,173,20.00,1,73.987,73.987,29,28
S4-E6,1,174,20.00,1,85.625,85.625,28,28
S4-E6,1,175,20.00,1,97.321,97.321,28,28
S4-E6,1,176,20.00,1,90.120,90.120,28,29
S4-E6,1,177,20.00,1,82.576,82.576,29,29
S4-E6,1,178,20.00,1,84.188,84.188,29,28
S4-E6,1,179,20.00,1,78.118,78.118,28,28
S4-E6,1,180,20.00,1,83.900,83.900,28,27
S4-E6,1,181,20.00,1,80.183,80.183,27,28
S4-E6,1,182,20.00,1,115.530,115.530,28,28
S4-E6,1,183,20.00,1,93.586,93.586,28,28
S4-E6,1,184,20.00,1,78.795,78.795,28,28
S4-E6,1,185,20.00,1,86.642,86.642,28,27
S4-E6,1,186,20.00,1,74.119,74.119,27,27
S4-E6,1,187,20.00,1,79.380,79.380,27,27
S4-E6,1,188,20.00,1,70.164,70.164,27,26
S4-E6,1,189,20.00,1,125.103,125.103,26,26
S4-E6,1,190,20.00,1,99.439,99.439,26,27
S4-E6,1,191,20.00,1,94.137,94.137,27,25
S4-E6,1,192,20.00,1,75.676,75.676,25,24
S4-E6,1,193,20.00,1,72.366,72.366,24,25
S4-E6,1,194,20.00,1,76.497,76.497,25,24
S4-E6,1,195,20.00,1,70.617,70.617,24,24
S4-E6,1,196,20.00,1,126.026,126.026,24,24
S4-E6,1,197,20.00,1,81.591,81.591,24,24
S4-E6,1,198,20.00,1,83.936,83.936,24,22
S4-E6,1,199,20.00,1,75.097,75.097,22,24
S4-E6,1,200,20.00,1,76.447,76.447,24,24
S4-E6,1,201,20.00,1,73.147,73.147,24,22
S4-E6,1,202,20.00,1,70.071,70.071,22,21
S4-E6,1,203,20.00,1,114.562,114.562,21,21
S4-E6,1,204,20.00,1,89.600,89.600,21,22
S4-E6,1,205,20.00,1,97.953,97.953,22,22
S4-E6,1,206,20.00,1,77.624,77.624,22,23
S4-E6,1,207,20.00,1,77.984,77.984,23,23
S4-E6,1,208,20.00,1,72.222,72.222,23,24
S4-E6,1,209,20.00,1,72.751,72.751,24,24
S4-E6,1,210,20.00,1,101.026,101.026,24,24
S4-E6,1,211,20.00,1,119.113,119.113,24,25
S4-E6,1,212,20.00,1,91.799,91.799,25,25
S4-E6,1,213,20.00,1,81.846,81.846,25,25
S4-E6,1,214,20.00,1,80.779,80.779,25,25
S4-E6,1,215,20.00,1,68.519,68.519,25,25
S4-E6,1,216,20.00,1,70.149,70.149,25,25
S4-E6,1,217,20.00,1,101.302,101.302,25,27
S4-E6,1,218,20.00,1,106.049,106.049,27,27
S4-E6,1,219,20.00,1,84.272,84.272,27,26
S4-E6,1,220,20.00,1,99.115,99.115,26,26
S4-E6,1,221,20.00,1,72.283,72.283,26,26
S4-E6,1,222,20.00,1,73.770,73.770,26,26
S4-E6,1,223,20.00,1,80.874,80.874,26,26
S4-E6,1,224,20.00,1,113.036,113.036,26,25
S4-E6,1,225,20.00,1,92.252,92.252,25,25
S4-E6,1,226,20.00,1,85.704,85.704,25,25
S4-E6,1,227,20.00,1,88.489,88.489,25,25
S4-E6,1,228,20.00,1,89.348,89.348,24,25
S4-E6,1,229,20.00,1,75.861,75.861,24,25
S4-E6,1,230,20.00,1,77.513,77.513,24,25
S4-E6,1,231,20.00,1,112.322,112.322,25,26
S4-E6,1,232,20.00,1,89.545,89.545,26,26
S4-E6,1,233,20.00,1,75.364,75.364,26,26
S4-E6,1,234,20.00,1,81.074,81.074,26,26
S4-E6,1,235,20.00,1,76.677,76.677,26,26
S4-E6,1,236,20.00,1,82.280,82.280,26,25
S4-E6,1,237,20.00,1,88.097,88.097,25,25
S4-E6,1,238,20.00,1,105.591,105.591,25,26
S4-E6,1,239,20.00,1,101.618,101.618,26,26
S4-E6,1,240,20.00,1,98.029,98.029,26,26
S4-E6,1,241,20.00,1,95.431,95.431,26,27
S4-E6,1,242,20.00,1,75.375,75.375,27,27
S4-E6,1,243,20.00,1,74.106,74.106,27,26
S4-E6,1,244,20.00,1,72.318,72.318,26,26
S4-E6,1,245,20.00,1,116.377,116.377,26,26
S4-E6,1,246,20.00,1,93.116,93.116,26,26
S4-E6,1,247,20.00,1,77.352,77.352,26,25
S4-E6,1,248,20.00,1,85.915,85.915,25,24
S4-E6,1,249,20.00,1,77.190,77.190,24,24
S4-E6,2,0,20.00,1,78.237,78.237,18,18
S4-E6,2,1,20.00,1,95.628,95.628,18,18
S4-E6,2,2,20.00,1,67.897,67.897,17,17
S4-E6,2,3,20.00,1,74.049,74.049,16,17
S4-E6,2,4,20.00,1,62.275,62.275,16,18
S4-E6,2,5,20.00,1,57.750,57.750,17,18
S4-E6,2,6,20.00,1,56.367,56.367,16,18
S4-E6,2,7,20.00,1,81.953,81.953,18,18
S4-E6,2,8,20.00,1,92.903,92.903,18,18
S4-E6,2,9,20.00,1,66.413,66.413,17,18
S4-E6,2,10,20.00,1,66.745,66.745,17,17
S4-E6,2,11,20.00,1,65.387,65.387,16,17
S4-E6,2,12,20.00,1,59.814,59.814,15,17
S4-E6,2,13,20.00,1,64.497,64.497,15,17
S4-E6,2,14,20.00,1,93.686,93.686,17,17
S4-E6,2,15,20.00,1,80.419,80.419,17,17
S4-E6,2,16,20.00,1,87.684,87.684,17,17
S4-E6,2,17,20.00,1,63.791,63.791,16,16
S4-E6,2,18,20.00,1,89.966,89.966,15,16
S4-E6,2,19,20.00,1,71.623,71.623,15,17
S4-E6,2,20,20.00,1,70.762,70.762,16,16
S4-E6,2,21,20.00,1,111.775,111.775,16,15
S4-E6,2,22,20.00,1,90.297,90.297,15,15
S4-E6,2,23,20.00,1,87.637,87.637,15,15
S4-E6,2,24,20.00,1,76.886,76.886,15,16
S4-E6,2,25,20.00,1,74.293,74.293,16,17
S4-E6,2,26,20.00,1,72.456,72.456,17,17
S4-E6,2,27,20.00,1,71.645,71.645,16,17
S4-E6,2,28,20.00,1,116.171,116.171,17,17
S4-E6,2,29,20.00,1,92.342,92.342,17,17
S4-E6,2,30,20.00,1,87.648,87.648,17,16
S4-E6,2,31,20.00,1,81.105,81.105,16,16
S4-E6,2,32,20.00,1,69.053,69.053,16,15
S4-E6,2,33,20.00,1,68.486,68.486,15,15
S4-E6,2,34,20.00,1,68.059,68.059,15,15
S4-E6,2,35,20.00,1,129.357,129.357,15,15
S4-E6,2,36,20.00,1,103.263,103.263,15,15
S4-E6,2,37,20.00,1,87.555,87.555,15,15
S4-E6,2,38,20.00,1,77.160,77.160,15,15
S4-E6,2,39,20.00,1,77.921,77.921,15,16
S4-E6,2,40,20.00,1,76.542,76.542,16,16
S4-E6,2,41,20.00,1,61.721,61.721,16,16
S4-E6,2,42,20.00,1,122.084,122.084,16,16
S4-E6,2,43,20.00,1,91.923,91.923,16,16
S4-E6,2,44,20.00,1,94.666,94.666,16,17
S4-E6,2,45,20.00,1,78.742,78.742,17,17
S4-E6,2,46,20.00,1,72.890,72.890,17,17
S4-E6,2,47,20.00,1,69.684,69.684,17,17
S4-E6,2,48,20.00,1,74.067,74.067,17,17
S4-E6,2,49,20.00,1,116.583,116.583,17,17
S4-E6,2,50,20.00,1,90.221,90.221,17,17
S4-E6,2,51,20.00,1,90.031,90.031,17,18
S4-E6,2,52,20.00,1,80.670,80.670,18,17
S4-E6,2,53,20.00,1,78.578,78.578,17,17
S4-E6,2,54,20.00,1,90.003,90.003,17,17
S4-E6,2,55,20.00,1,67.648,67.648,16,17
S4-E6,2,56,20.00,1,122.161,122.161,17,17
S4-E6,2,57,20.00,1,92.758,92.758,17,17
S4-E6,2,58,20.00,1,79.808,79.808,17,17
S4-E6,2,59,20.00,1,88.230,88.230,17,17
S4-E6,2,60,20.00,1,76.965,76.965,17,17
S4-E6,2,61,20.00,1,65.153,65.153,17,16
S4-E6,2,62,20.00,1,62.069,62.069,16,16
S4-E6,2,63,20.00,1,89.890,89.890,16,16
S4-E6,2,64,20.00,1,90.199,90.199,16,16
S4-E6,2,65,20.00,1,73.508,73.508,15,16
S4-E6,2,66,20.00,1,70.037,70.037,15,16
S4-E6,2,67,20.00,1,62.347,62.347,15,18
S4-E6,2,68,20.00,1,61.532,61.532,17,18
S4-E6,2,69,20.00,1,60.896,60.896,17,18
S4-E6,2,70,20.00,1,93.946,93.946,18,17
S4-E6,2,71,20.00,1,90.285,90.285,17,18
S4-E6,2,72,20.00,1,67.058,67.058,17,18
S4-E6,2,73,20.00,1,77.090,77.090,17,17
S4-E6,2,74,20.00,1,62.242,62.242,16,17
S4-E6,2,75,20.00,1,61.019,61.019,16,17
S4-E6,2,76,20.00,1,55.769,55.769,16,16
S4-E6,2,77,20.00,1,91.220,91.220,16,16
S4-E6,2,78,20.00,1,93.010,93.010,16,16
S4-E6,2,79,20.00,1,72.399,72.399,15,16
S4-E6,2,80,20.00,1,73.158,73.158,15,15
S4-E6,2,81,20.00,1,63.028,63.028,14,15
S4-E6,2,82,20.00,1,61.863,61.863,14,15
S4-E6,2,83,20.00,1,61.682,61.682,14,15
S4-E6,2,84,20.00,1,100.915,100.915,15,14
S4-E6,2,85,20.00,1,80.460,80.460,14,14
S4-E6,2,86,20.00,1,80.652,80.652,14,14
S4-E6,2,87,20.00,1,61.374,61.374,13,14
S4-E6,2,88,20.00,1,60.947,60.947,13,13
S4-E6,2,89,20.00,1,63.917,63.917,11,13
S4-E6,2,90,20.00,1,60.928,60.928,11,13
S4-E6,2,91,20.00,1,76.041,76.041,13,13
S4-E6,2,92,20.00,1,83.003,83.003,13,14
S4-E6,2,93,20.00,1,65.277,65.277,14,14
S4-E6,2,94,20.00,1,67.505,67.505,14,14
S4-E6,2,95,20.00,1,78.358,78.358,14,14
S4-E6,2,96,20.00,1,72.213,72.213,14,14
S4-E6,2,97,20.00,1,73.007,73.007,14,14
S4-E6,2,98,20.00,1,126.491,126.491,14,12
S4-E6,2,99,20.00,1,89.999,89.999,12,12
S4-E6,2,100,20.00,1,92.431,92.431,12,13
S4-E6,2,101,20.00,1,80.154,80.154,13,13
S4-E6,2,102,20.00,1,76.587,76.587,13,13
S4-E6,2,103,20.00,1,76.066,76.066,13,13
S4-E6,2,104,20.00,1,70.682,70.682,13,13
S4-E6,2,105,20.00,1,117.868,117.868,13,13
S4-E6,2,106,20.00,1,92.418,92.418,13,13
S4-E6,2,107,20.00,1,98.279,98.279,13,13
S4-E6,2,108,20.00,1,67.185,67.185,13,13
S4-E6,2,109,20.00,1,79.852,79.852,13,14
S4-E6,2,110,20.00,1,74.497,74.497,14,14
S4-E6,2,111,20.00,1,66.363,66.363,14,14
S4-E6,2,112,20.00,1,112.184,112.184,14,14
S4-E6,2,113,20.00,1,82.926,82.926,14,15
S4-E6,2,114,20.00,1,87.330,87.330,15,15
S4-E6,2,115,20.00,1,73.676,73.676,15,15
S4-E6,2,116,20.00,1,77.765,77.765,15,15
S4-E6,2,117,20.00,1,72.047,72.047,15,16
S4-E6,2,118,20.00,1,66.897,66.897,15,16
S4-E6,2,119,20.00,1,109.422,109.422,16,16
S4-E6,2,120,20.00,1,89.186,89.186,16,16
S4-E6,2,121,20.00,1,93.737,93.737,16,16
S4-E6,2,122,20.00,1,74.809,74.809,16,16
S4-E6,2,123,20.00,1,82.942,82.942,15,16
S4-E6,2,124,20.00,1,76.809,76.809,15,16
S4-E6,2,125,20.00,1,73.388,73.388,15,16
S4-E6,2,126,20.00,1,113.097,113.097,16,16
S4-E6,2,127,20.00,1,82.087,82.087,16,17
S4-E6,2,128,20.00,1,76.753,76.753,17,16
S4-E6,2,129,20.00,1,75.405,75.405,16,16
S4-E6,2,130,20.00,1,73.505,73.505,16,16
S4-E6,2,131,20.00,1,76.307,76.307,16,16
S4-E6,2,132,20.00,1,71.134,71.134,16,16
S4-E6,2,133,20.00,1,132.324,132.324,16,16
S4-E6,2,134,20.00,1,94.004,94.004,16,16
S4-E6,2,135,20.00,1,84.859,84.859,16,16
S4-E6,2,136,20.00,1,79.952,79.952,16,15
S4-E6,2,137,20.00,1,69.862,69.862,15,16
S4-E6,2,138,20.00,1,76.087,76.087,16,16
S4-E6,2,139,20.00,1,70.857,70.857,16,16
S4-E6,2,140,20.00,1,117.754,117.754,16,16
S4-E6,2,141,20.00,1,85.998,85.998,16,15
S4-E6,2,142,20.00,1,79.345,79.345,15,15
S4-E6,2,143,20.00,1,73.688,73.688,15,15
S4-E6,2,144,20.00,1,68.244,68.244,15,16
S4-E6,2,145,20.00,1,80.924,80.924,16,16
S4-E6,2,146,20.00,1,69.214,69.214,16,16
S4-E6,2,147,20.00,1,117.908,117.908,16,16
S4-E6,2,148,20.00,1,96.304,96.304,16,16
S4-E6,2,149,20.00,1,76.928,76.928,16,18
S4-E6,2,150,20.00,1,130.559,130.559,27,28
S4-E6,2,151,20.00,1,122.308,122.308,28,27
S4-E6,2,152,20.00,1,84.612,84.612,26,26
S4-E6,2,153,20.00,1,77.578,77.578,24,26
S4-E6,2,154,20.00,1,133.991,133.991,26,26
S4-E6,2,155,20.00,1,120.001,120.001,26,26
S4-E6,2,156,20.00,1,127.622,127.622,26,27
S4-E6,2,157,20.00,1,88.663,88.663,27,26
S4-E6,2,158,20.00,1,84.936,84.936,26,26
S4-E6,2,159,20.00,1,81.769,81.769,26,27
S4-E6,2,160,20.00,1,72.199,72.199,27,27
S4-E6,2,161,20.00,1,135.510,135.510,27,27
S4-E6,2,162,20.00,1,137.217,137.217,27,26
S4-E6,2,163,20.00,1,100.677,100.677,25,26
S4-E6,2,164,20.00,1,98.557,98.557,25,27
S4-E6,2,165,20.00,1,84.147,84.147,26,27
S4-E6,2,166,20.00,1,83.554,83.554,26,27
S4-E6,2,167,20.00,1,80.891,80.891,24,27
S4-E6,2,168,20.00,1,138.817,138.817,27,28
S4-E6,2,169,20.00,1,124.788,124.788,28,28
S4-E6,2,170,20.00,1,133.352,133.352,28,28
S4-E6,2,171,20.00,1,86.566,86.566,27,28
S4-E6,2,172,20.00,1,94.150,94.150,27,28
S4-E6,2,173,20.00,1,79.658,79.658,27,28
S4-E6,2,174,20.00,1,68.632,68.632,27,29
S4-E6,2,175,20.00,1,138.090,138.090,29,28
S4-E6,2,176,20.00,1,123.597,123.597,28,28
S4-E6,2,177,20.00,1,132.856,132.856,27,28
S4-E6,2,178,20.00,1,85.419,85.419,27,29
S4-E6,2,179,20.00,1,73.516,73.516,28,29
S4-E6,2,180,20.00,1,75.060,75.060,28,29
S4-E6,2,181,20.00,1,74.311,74.311,28,29
S4-E6,2,182,20.00,1,134.429,134.429,29,29
S4-E6,2,183,20.00,1,134.819,134.819,29,29
S4-E6,2,184,20.00,1,138.298,138.298,29,29
S4-E6,2,185,20.00,1,85.544,85.544,28,29
S4-E6,2,186,20.00,1,93.681,93.681,28,29
S4-E6,2,187,20.00,1,71.969,71.969,28,27
S4-E6,2,188,20.00,1,74.347,74.347,26,27
S4-E6,2,189,20.00,1,151.998,151.998,27,27
S4-E6,2,190,20.00,1,143.438,143.438,27,28
S4-E6,2,191,20.00,1,120.729,120.729,28,28
S4-E6,2,192,20.00,1,94.698,94.698,27,27
S4-E6,2,193,20.00,1,72.060,72.060,25,27
S4-E6,2,194,20.00,1,60.726,60.726,25,26
S4-E6,2,195,20.00,1,60.143,60.143,24,25
S4-E6,2,196,20.00,1,103.200,103.200,24,24
S4-E6,2,197,20.00,1,102.660,102.660,23,24
S4-E6,2,198,20.00,1,95.440,95.440,23,25
S4-E6,2,199,20.00,1,81.030,81.030,24,25
S4-E6,2,200,20.00,1,74.627,74.627,23,24
S4-E6,2,201,20.00,1,65.919,65.919,21,24
S4-E6,2,202,20.00,1,65.881,65.881,21,24
S4-E6,2,203,20.00,1,104.494,104.494,23,23
S4-E6,2,204,20.00,1,112.377,112.377,22,23
S4-E6,2,205,20.00,1,99.421,99.421,22,23
S4-E6,2,206,20.00,1,84.810,84.810,22,24
S4-E6,2,207,20.00,1,73.678,73.678,22,24
S4-E6,2,208,20.00,1,68.746,68.746,22,24
S4-E6,2,209,20.00,1,63.053,63.053,22,23
S4-E6,2,210,20.00,1,107.169,107.169,22,24
S4-E6,2,211,20.00,1,123.431,123.431,23,24
S4-E6,2,212,20.00,1,107.367,107.367,23,24
S4-E6,2,213,20.00,1,76.863,76.863,23,24
S4-E6,2,214,20.00,1,64.949,64.949,22,23
S4-E6,2,215,20.00,1,66.850,66.850,21,23
S4-E6,2,216,20.00,1,65.096,65.096,20,23
S4-E6,2,217,20.00,1,122.266,122.266,22,23
S4-E6,2,218,20.00,1,115.800,115.800,22,23
S4-E6,2,219,20.00,1,90.820,90.820,22,21
S4-E6,2,220,20.00,1,92.077,92.077,20,22
S4-E6,2,221,20.00,1,70.203,70.203,20,22
S4-E6,2,222,20.00,1,64.134,64.134,20,22
S4-E6,2,223,20.00,1,64.968,64.968,20,21
S4-E6,2,224,20.00,1,141.842,141.842,20,22
S4-E6,2,225,20.00,1,130.885,130.885,21,22
S4-E6,2,226,20.00,1,91.652,91.652,20,22
S4-E6,2,227,20.00,1,87.892,87.892,20,22
S4-E6,2,228,20.00,1,73.767,73.767,19,21
S4-E6,2,229,20.00,1,58.583,58.583,18,21
S4-E6,2,230,20.00,1,65.065,65.065,18,21
S4-E6,2,231,20.00,1,132.835,132.835,20,19
S4-E6,2,232,20.00,1,139.892,139.892,19,19
S4-E6,2,233,20.00,1,79.814,79.814,18,19
S4-E6,2,234,20.00,1,82.679,82.679,18,19
S4-E6,2,235,20.00,1,66.469,66.469,18,19
S4-E6,2,236,20.00,1,70.064,70.064,18,18
S4-E6,2,237,20.00,1,64.153,64.153,17,18
S4-E6,2,238,20.00,1,124.157,124.157,18,18
S4-E6,2,239,20.00,1,148.570,148.570,18,18
S4-E6,2,240,20.00,1,90.649,90.649,17,19
S4-E6,2,241,20.00,1,93.582,93.582,18,18
S4-E6,2,242,20.00,1,65.725,65.725,16,18
S4-E6,2,243,20.00,1,65.480,65.480,16,18
S4-E6,2,244,20.00,1,66.320,66.320,16,18
S4-E6,2,245,20.00,1,117.578,117.578,18,18
S4-E6,2,246,20.00,1,140.058,140.058,18,17
S4-E6,2,247,20.00,1,79.939,79.939,16,18
S4-E6,2,248,20.00,1,75.532,75.532,17,18
S4-E6,2,249,20.00,1,77.447,77.447,17,18
