episode,round,reserve,sold,price,revenue,n_bids,active_bidders
0,0,20.00,1,119.263,119.263,14,14
0,1,20.00,1,128.831,128.831,14,14
0,2,20.00,1,113.437,113.437,14,14
0,3,20.00,1,81.183,81.183,14,14
0,4,20.00,1,71.420,71.420,14,14
0,5,20.00,1,66.549,66.549,14,13
0,6,20.00,1,58.022,58.022,12,11
0,7,20.00,1,85.110,85.110,11,11
0,8,20.00,1,90.782,90.782,11,12
0,9,20.00,1,81.988,81.988,11,12
0,10,20.00,1,89.345,89.345,11,14
0,11,20.00,1,81.208,81.208,13,14
0,12,20.00,1,75.181,75.181,13,14
0,13,20.00,1,65.745,65.745,12,14
0,14,20.00,1,90.546,90.546,14,14
0,15,20.00,1,92.944,92.944,14,14
0,16,20.00,1,89.106,89.106,14,14
0,17,20.00,1,83.225,83.225,13,15
0,18,20.00,1,81.300,81.300,14,16
0,19,20.00,1,79.303,79.303,14,16
0,20,20.00,1,68.430,68.430,14,16
0,21,20.00,1,84.270,84.270,16,17
0,22,20.00,1,95.382,95.382,17,17
0,23,20.00,1,89.834,89.834,16,17
0,24,20.00,1,74.691,74.691,16,17
0,25,20.00,1,69.605,69.605,15,17
0,26,20.00,1,73.359,73.359,15,17
0,27,20.00,1,68.735,68.735,15,17
0,28,20.00,1,86.689,86.689,17,18
0,29,20.00,1,82.748,82.748,18,18
0,30,20.00,1,96.416,96.416,18,19
0,31,20.00,1,77.836,77.836,18,19
0,32,20.00,1,78.826,78.826,17,20
0,33,20.00,1,82.336,82.336,18,20
0,34,20.00,1,85.421,85.421,18,19
0,35,20.00,1,82.957,82.957,19,20
0,36,20.00,1,82.410,82.410,20,20
0,37,20.00,1,91.533,91.533,20,20
0,38,20.00,1,80.175,80.175,19,19
0,39,20.00,1,86.186,86.186,18,19
0,40,20.00,1,81.667,81.667,18,19
0,41,20.00,1,78.339,78.339,18,19
0,42,20.00,1,93.270,93.270,19,18
0,43,20.00,1,86.382,86.382,18,18
0,44,20.00,1,88.861,88.861,17,18
0,45,20.00,1,88.302,88.302,17,17
0,46,20.00,1,76.223,76.223,16,17
0,47,20.00,1,73.323,73.323,15,17
0,48,20.00,1,71.884,71.884,15,18
0,49,20.00,1,86.140,86.140,18,17
0,50,20.00,1,86.024,86.024,17,17
0,51,20.00,1,85.976,85.976,17,16
0,52,20.00,1,78.501,78.501,15,16
0,53,20.00,1,78.646,78.646,14,16
0,54,20.00,1,68.006,68.006,14,16
0,55,20.00,1,83.447,83.447,14,15
0,56,20.00,1,85.925,85.925,15,15
0,57,20.00,1,82.244,82.244,15,15
0,58,20.00,1,81.982,81.982,15,15
0,59,20.00,1,91.109,91.109,15,15
0,60,20.00,1,78.601,78.601,14,16
0,61,20.00,1,83.564,83.564,14,17
0,62,20.00,1,80.089,80.089,15,16
0,63,20.00,1,99.838,99.838,16,16
0,64,20.00,1,92.929,92.929,16,14
0,65,20.00,1,86.723,86.723,14,14
0,66,20.00,1,78.040,78.040,13,13
0,67,20.00,1,73.559,73.559,12,12
0,68,20.00,1,72.294,72.294,11,13
0,69,20.00,1,69.005,69.005,11,13
0,70,20.00,1,95.374,95.374,13,13
0,71,20.00,1,82.570,82.570,13,13
0,72,20.00,1,89.247,89.247,13,13
0,73,20.00,1,87.305,87.305,13,12
0,74,20.00,1,79.965,79.965,11,12
0,75,20.00,1,69.151,69.151,11,12
0,76,20.00,1,67.768,67.768,10,12
0,77,20.00,1,92.531,92.531,12,12
0,78,20.00,1,84.134,84.134,12,12
0,79,20.00,1,95.518,95.518,12,13
0,80,20.00,1,82.668,82.668,12,13
0,81,20.00,1,82.270,82.270,12,13
0,82,20.00,1,71.994,71.994,12,13
0,83,20.00,1,65.463,65.463,11,13
0,84,20.00,1,93.156,93.156,13,13
0,85,20.00,1,97.064,97.064,13,13
0,86,20.00,1,80.726,80.726,13,13
0,87,20.00,1,84.231,84.231,12,13
0,88,20.00,1,75.264,75.264,12,14
0,89,20.00,1,67.461,67.461,13,14
0,90,20.00,1,93.721,93.721,12,15
0,91,20.00,1,121.984,121.984,15,15
0,92,20.00,1,106.530,106.530,15,15
0,93,20.00,1,125.546,125.546,15,15
0,94,20.00,1,89.991,89.991,15,15
0,95,20.00,1,88.257,88.257,15,15
0,96,20.00,1,80.049,80.049,15,15
0,97,20.00,1,54.106,54.106,15,15
0,98,20.00,1,120.173,120.173,15,15
0,99,20.00,1,125.196,125.196,15,15
0,100,20.00,1,98.192,98.192,15,14
0,101,20.00,1,87.033,87.033,14,14
0,102,20.00,1,87.858,87.858,14,14
0,103,20.00,1,82.762,82.762,14,15
0,104,20.00,1,58.460,58.460,15,14
0,105,20.00,1,119.918,119.918,14,14
0,106,20.00,1,131.553,131.553,14,14
0,107,20.00,1,93.248,93.248,14,14
0,108,20.00,1,99.951,99.951,14,14
0,109,20.00,1,108.717,108.717,14,14
0,110,20.00,1,79.739,79.739,14,15
0,111,20.00,1,59.734,59.734,15,14
0,112,20.00,1,128.669,128.669,14,14
0,113,20.00,1,117.447,117.447,14,13
0,114,20.00,1,99.683,99.683,13,13
0,115,20.00,1,91.063,91.063,13,13
0,116,20.00,1,90.770,90.770,13,12
0,117,20.00,1,74.590,74.590,12,11
0,118,20.00,1,57.038,57.038,11,11
0,119,20.00,1,132.768,132.768,11,12
0,120,20.00,1,110.191,110.191,12,12
0,121,20.00,1,110.356,110.356,12,14
0,122,20.00,1,90.041,90.041,14,14
0,123,20.00,1,91.370,91.370,14,14
0,124,20.00,1,78.081,78.081,14,14
0,125,20.00,1,63.672,63.672,14,14
0,126,20.00,1,122.883,122.883,14,14
0,127,20.00,1,125.177,125.177,14,14
0,128,20.00,1,105.445,105.445,14,14
0,129,20.00,1,99.948,99.948,14,14
0,130,20.00,1,85.104,85.104,14,14
0,131,20.00,1,77.068,77.068,14,14
0,132,20.00,1,57.726,57.726,14,15
0,133,20.00,1,125.203,125.203,15,15
0,134,20.00,1,126.370,126.370,15,16
0,135,20.00,1,112.934,112.934,16,15
0,136,20.00,1,114.096,114.096,15,15
0,137,20.00,1,90.241,90.241,15,15
0,138,20.00,1,86.214,86.214,15,16
0,139,20.00,1,72.120,72.120,16,16
0,140,20.00,1,128.856,128.856,16,16
0,141,20.00,1,124.277,124.277,16,17
0,142,20.00,1,103.021,103.021,17,18
0,143,20.00,1,97.240,97.240,18,18
0,144,20.00,1,81.769,81.769,18,18
0,145,20.00,1,92.886,92.886,18,18
0,146,20.00,1,56.041,56.041,18,18
0,147,20.00,1,117.745,117.745,18,17
0,148,20.00,1,109.653,109.653,17,17
0,149,20.00,1,103.015,103.015,17,17
0,150,20.00,1,99.812,99.812,17,17
0,151,20.00,1,69.999,69.999,17,17
0,152,20.00,1,68.119,68.119,16,17
0,153,20.00,1,67.933,67.933,16,17
0,154,20.00,1,84.656,84.656,17,17
0,155,20.00,1,89.762,89.762,17,17
0,156,20.00,1,92.352,92.352,16,17
0,157,20.00,1,72.174,72.174,16,17
0,158,20.00,1,79.778,79.778,15,16
0,159,20.00,1,77.072,77.072,14,16
0,160,20.00,1,67.960,67.960,14,16
0,161,20.00,1,96.259,96.259,16,16
0,162,20.00,1,86.829,86.829,16,16
0,163,20.00,1,83.392,83.392,16,16
0,164,20.00,1,85.974,85.974,15,16
0,165,20.00,1,77.696,77.696,15,17
0,166,20.00,1,79.783,79.783,15,17
0,167,20.00,1,62.827,62.827,15,17
0,168,20.00,1,100.697,100.697,17,17
0,169,20.00,1,92.879,92.879,17,18
0,170,20.00,1,103.684,103.684,18,18
0,171,20.00,1,86.773,86.773,18,18
0,172,20.00,1,69.349,69.349,17,18
0,173,20.00,1,75.117,75.117,17,17
0,174,20.00,1,75.197,75.197,16,17
0,175,20.00,1,83.490,83.490,17,17
0,176,20.00,1,88.292,88.292,17,17
0,177,20.00,1,88.624,88.624,17,17
0,178,20.00,1,83.377,83.377,16,17
0,179,20.00,1,83.336,83.336,16,17
0,180,20.00,1,81.035,81.035,16,17
0,181,20.00,1,67.591,67.591,15,15
0,182,20.00,1,86.237,86.237,15,15
0,183,20.00,1,100.512,100.512,15,16
0,184,20.00,1,79.588,79.588,16,16
0,185,20.00,1,84.937,84.937,16,17
0,186,20.00,1,79.139,79.139,16,17
0,187,20.00,1,80.997,80.997,15,16
0,188,20.00,1,72.541,72.541,14,16
0,189,20.00,1,94.844,94.844,16,16
0,190,20.00,1,93.353,93.353,16,16
0,191,20.00,1,84.808,84.808,16,15
0,192,20.00,1,82.660,82.660,14,15
0,193,20.00,1,71.172,71.172,14,16
0,194,20.00,1,67.343,67.343,14,16
0,195,20.00,1,76.772,76.772,14,16
0,196,20.00,1,101.434,101.434,16,16
0,197,20.00,1,93.121,93.121,16,17
0,198,20.00,1,89.383,89.383,17,17
0,199,20.00,1,84.276,84.276,17,16
0,200,20.00,1,78.218,78.218,16,16
0,201,20.00,1,71.405,71.405,15,16
0,202,20.00,1,61.920,61.920,14,16
0,203,20.00,1,97.157,97.157,16,16
0,204,20.00,1,82.495,82.495,16,16
0,205,20.00,1,93.695,93.695,15,16
0,206,20.00,1,82.050,82.050,15,16
0,207,20.00,1,73.881,73.881,15,16
0,208,20.00,1,70.830,70.830,15,16
0,209,20.00,1,68.212,68.212,14,16
0,210,20.00,1,96.644,96.644,16,16
0,211,20.00,1,82.386,82.386,16,16
0,212,20.00,1,83.007,83.007,16,15
0,213,20.00,1,90.380,90.380,14,15
0,214,20.00,1,82.139,82.139,14,15
0,215,20.00,1,73.110,73.110,13,14
0,216,20.00,1,68.984,68.984,12,15
0,217,20.00,1,91.955,91.955,15,15
0,218,20.00,1,88.454,88.454,15,17
0,219,20.00,1,86.025,86.025,17,17
0,220,20.00,1,84.149,84.149,16,16
0,221,20.00,1,72.836,72.836,15,16
0,222,20.00,1,72.571,72.571,15,16
0,223,20.00,1,69.258,69.258,14,16
0,224,20.00,1,93.001,93.001,16,16
0,225,20.00,1,86.651,86.651,16,16
0,226,20.00,1,85.358,85.358,15,16
0,227,20.00,1,77.311,77.311,15,15
0,228,20.00,1,87.214,87.214,14,16
0,229,20.00,1,84.866,84.866,14,17
0,230,20.00,1,71.005,71.005,15,17
0,231,20.00,1,97.271,97.271,17,17
0,232,20.00,1,79.959,79.959,17,17
0,233,20.00,1,83.467,83.467,17,17
0,234,20.00,1,93.195,93.195,17,16
0,235,20.00,1,80.156,80.156,15,15
0,236,20.00,1,69.076,69.076,14,15
0,237,20.00,1,72.728,72.728,14,14
0,238,20.00,1,87.740,87.740,14,14
0,239,20.00,1,81.941,81.941,14,14
0,240,20.00,1,86.662,86.662,14,14
0,241,20.00,1,91.911,91.911,14,15
0,242,20.00,1,77.864,77.864,14,15
0,243,20.00,1,72.742,72.742,13,16
0,244,20.00,1,72.043,72.043,14,16
0,245,20.00,1,90.826,90.826,16,16
0,246,20.00,1,101.389,101.389,16,15
0,247,20.00,1,90.829,90.829,15,16
0,248,20.00,1,78.263,78.263,16,16
0,249,20.00,1,83.598,83.598,15,16
1,0,20.00,1,125.515,125.515,19,19
1,1,20.00,1,101.345,101.345,19,20
1,2,20.00,1,88.601,88.601,20,20
1,3,20.00,1,83.994,83.994,20,20
1,4,20.00,1,89.369,89.369,20,20
1,5,20.00,1,75.961,75.961,20,20
1,6,20.00,1,65.069,65.069,20,19
1,7,20.00,1,127.689,127.689,19,19
1,8,20.00,1,91.701,91.701,19,19
1,9,20.00,1,96.139,96.139,19,19
1,10,20.00,1,92.187,92.187,19,19
1,11,20.00,1,84.816,84.816,19,19
1,12,20.00,1,83.293,83.293,19,19
1,13,20.00,1,62.775,62.775,19,19
1,14,20.00,1,138.471,138.471,19,19
1,15,20.00,1,85.614,85.614,19,19
1,16,20.00,1,91.054,91.054,19,18
1,17,20.00,1,91.584,91.584,18,18
1,18,20.00,1,68.441,68.441,18,17
1,19,20.00,1,57.542,57.542,17,17
1,20,20.00,1,56.127,56.127,17,17
1,21,20.00,1,97.040,97.040,17,17
1,22,20.00,1,87.598,87.598,17,17
1,23,20.00,1,68.803,68.803,16,17
1,24,20.00,1,81.540,81.540,16,17
1,25,20.00,1,70.346,70.346,16,18
1,26,20.00,1,63.780,63.780,17,17
1,27,20.00,1,61.809,61.809,16,17
1,28,20.00,1,99.292,99.292,17,18
1,29,20.00,1,85.345,85.345,18,18
1,30,20.00,1,65.609,65.609,17,17
1,31,20.00,1,71.446,71.446,16,17
1,32,20.00,1,81.692,81.692,16,17
1,33,20.00,1,72.678,72.678,16,17
1,34,20.00,1,59.140,59.140,16,17
1,35,20.00,1,92.269,92.269,17,17
1,36,20.00,1,85.569,85.569,17,17
1,37,20.00,1,68.343,68.343,16,17
1,38,20.00,1,71.663,71.663,16,17
1,39,20.00,1,66.379,66.379,16,16
1,40,20.00,1,63.394,63.394,15,16
1,41,20.00,1,62.698,62.698,15,16
1,42,20.00,1,85.383,85.383,16,15
1,43,20.00,1,86.439,86.439,15,15
1,44,20.00,1,75.148,75.148,14,15
1,45,20.00,1,76.269,76.269,14,16
1,46,20.00,1,70.599,70.599,15,16
1,47,20.00,1,66.689,66.689,15,15
1,48,20.00,1,58.041,58.041,14,15
1,49,20.00,1,89.723,89.723,15,15
1,50,20.00,1,82.000,82.000,15,15
1,51,20.00,1,69.149,69.149,14,14
1,52,20.00,1,70.390,70.390,13,15
1,53,20.00,1,91.533,91.533,14,15
1,54,20.00,1,76.610,76.610,14,15
1,55,20.00,1,82.549,82.549,14,15
1,56,20.00,1,108.770,108.770,15,14
1,57,20.00,1,113.765,113.765,13,15
1,58,20.00,1,86.254,86.254,14,16
1,59,20.00,1,80.564,80.564,15,16
1,60,20.00,1,75.980,75.980,15,17
1,61,20.00,1,76.390,76.390,16,17
1,62,20.00,1,87.298,87.298,16,17
1,63,20.00,1,125.309,125.309,17,17
1,64,20.00,1,90.951,90.951,17,17
1,65,20.00,1,89.718,89.718,17,17
1,66,20.00,1,87.219,87.219,17,17
1,67,20.00,1,79.676,79.676,17,17
1,68,20.00,1,79.542,79.542,17,17
1,69,20.00,1,67.215,67.215,17,17
1,70,20.00,1,118.979,118.979,17,18
1,71,20.00,1,95.148,95.148,18,18
1,72,20.00,1,93.327,93.327,18,17
1,73,20.00,1,87.461,87.461,17,17
1,74,20.00,1,74.083,74.083,17,17
1,75,20.00,1,85.681,85.681,17,17
1,76,20.00,1,65.658,65.658,17,18
1,77,20.00,1,128.598,128.598,18,18
1,78,20.00,1,96.817,96.817,18,18
1,79,20.00,1,88.681,88.681,18,18
1,80,20.00,1,94.107,94.107,18,18
1,81,20.00,1,87.392,87.392,18,19
1,82,20.00,1,79.753,79.753,19,18
1,83,20.00,1,68.297,68.297,18,18
1,84,20.00,1,126.726,126.726,18,18
1,85,20.00,1,89.578,89.578,18,19
1,86,20.00,1,87.398,87.398,19,20
1,87,20.00,1,83.809,83.809,20,20
1,88,20.00,1,87.234,87.234,20,20
1,89,20.00,1,66.303,66.303,20,21
1,90,20.00,1,61.100,61.100,21,21
1,91,20.00,1,120.263,120.263,21,21
1,92,20.00,1,83.019,83.019,21,21
1,93,20.00,1,91.780,91.780,21,21
1,94,20.00,1,86.094,86.094,21,21
1,95,20.00,1,65.142,65.142,20,21
1,96,20.00,1,64.375,64.375,20,21
1,97,20.00,1,54.508,54.508,19,19
1,98,20.00,1,96.185,96.185,18,18
1,99,20.00,1,84.158,84.158,17,19
1,100,20.00,1,68.400,68.400,17,19
1,101,20.00,1,72.447,72.447,17,20
1,102,20.00,1,61.437,61.437,19,20
1,103,20.00,1,69.701,69.701,19,20
1,104,20.00,1,69.134,69.134,18,20
1,105,20.00,1,99.270,99.270,20,20
1,106,20.00,1,85.367,85.367,19,20
1,107,20.00,1,68.124,68.124,18,20
1,108,20.00,1,70.249,70.249,19,20
1,109,20.00,1,70.827,70.827,19,20
1,110,20.00,1,62.362,62.362,19,21
1,111,20.00,1,57.918,57.918,19,21
1,112,20.00,1,97.439,97.439,21,21
1,113,20.00,1,87.198,87.198,20,21
1,114,20.00,1,63.761,63.761,19,20
1,115,20.00,1,64.984,64.984,19,20
1,116,20.00,1,61.875,61.875,17,19
1,117,20.00,1,65.060,65.060,16,18
1,118,20.00,1,64.173,64.173,15,19
1,119,20.00,1,83.174,83.174,19,19
1,120,20.00,1,74.838,74.838,19,19
1,121,20.00,1,66.120,66.120,19,19
1,122,20.00,1,71.469,71.469,18,18
1,123,20.00,1,65.915,65.915,17,17
1,124,20.00,1,67.018,67.018,16,17
1,125,20.00,1,60.508,60.508,16,18
1,126,20.00,1,105.914,105.914,18,18
1,127,20.00,1,78.724,78.724,17,18
1,128,20.00,1,74.176,74.176,17,18
1,129,20.00,1,68.149,68.149,16,18
1,130,20.00,1,66.590,66.590,17,18
1,131,20.00,1,64.699,64.699,16,17
1,132,20.00,1,60.596,60.596,15,16
1,133,20.00,1,100.149,100.149,15,16
1,134,20.00,1,84.488,84.488,15,16
1,135,20.00,1,68.650,68.650,14,15
1,136,20.00,1,62.335,62.335,14,15
1,137,20.00,1,85.685,85.685,14,15
1,138,20.00,1,81.450,81.450,14,14
1,139,20.00,1,79.779,79.779,13,14
1,140,20.00,1,118.554,118.554,14,14
1,141,20.00,1,82.554,82.554,14,13
1,142,20.00,1,99.433,99.433,13,13
1,143,20.00,1,82.865,82.865,13,14
1,144,20.00,1,84.773,84.773,14,14
1,145,20.00,1,82.604,82.604,14,13
1,146,20.00,1,66.084,66.084,13,13
1,147,20.00,1,112.666,112.666,13,13
1,148,20.00,1,97.486,97.486,13,12
1,149,20.00,1,83.911,83.911,12,12
1,150,20.00,1,93.430,93.430,12,12
1,151,20.00,1,79.708,79.708,12,12
1,152,20.00,1,88.154,88.154,12,12
1,153,20.00,1,71.972,71.972,12,12
1,154,20.00,1,121.823,121.823,12,13
1,155,20.00,1,92.706,92.706,13,13
1,156,20.00,1,86.518,86.518,13,13
1,157,20.00,1,81.295,81.295,13,13
1,158,20.00,1,81.489,81.489,13,13
1,159,20.00,1,80.701,80.701,13,13
1,160,20.00,1,79.390,79.390,13,13
1,161,20.00,1,118.831,118.831,13,13
1,162,20.00,1,93.171,93.171,13,13
1,163,20.00,1,86.158,86.158,13,13
1,164,20.00,1,83.331,83.331,13,13
1,165,20.00,1,83.739,83.739,13,13
1,166,20.00,1,84.574,84.574,13,15
1,167,20.00,1,65.807,65.807,15,15
1,168,20.00,1,121.484,121.484,15,16
1,169,20.00,1,93.935,93.935,16,16
1,170,20.00,1,85.629,85.629,16,17
1,171,20.00,1,81.114,81.114,17,17
1,172,20.00,1,85.701,85.701,17,18
1,173,20.00,1,75.861,75.861,18,18
1,174,20.00,1,71.232,71.232,18,18
1,175,20.00,1,144.289,144.289,18,18
1,176,20.00,1,86.894,86.894,18,18
1,177,20.00,1,89.691,89.691,18,18
1,178,20.00,1,90.987,90.987,18,19
1,179,20.00,1,87.810,87.810,19,19
1,180,20.00,1,74.814,74.814,19,19
1,181,20.00,1,65.199,65.199,19,19
1,182,20.00,1,125.492,125.492,19,20
1,183,20.00,1,108.392,108.392,20,20
1,184,20.00,1,83.518,83.518,20,20
1,185,20.00,1,81.721,81.721,20,18
1,186,20.00,1,84.862,84.862,18,18
1,187,20.00,1,80.412,80.412,18,18
1,188,20.00,1,75.105,75.105,18,17
1,189,20.00,1,125.907,125.907,17,17
1,190,20.00,1,84.764,84.764,17,17
1,191,20.00,1,91.664,91.664,17,18
1,192,20.00,1,86.839,86.839,18,19
1,193,20.00,1,82.454,82.454,19,20
1,194,20.00,1,77.330,77.330,20,21
1,195,20.00,1,63.195,63.195,21,21
1,196,20.00,1,130.205,130.205,21,21
1,197,20.00,1,89.963,89.963,21,20
1,198,20.00,1,83.651,83.651,20,20
1,199,20.00,1,89.935,89.935,20,20
1,200,20.00,1,83.230,83.230,20,19
1,201,20.00,1,71.909,71.909,19,18
1,202,20.00,1,77.535,77.535,18,17
1,203,20.00,1,137.959,137.959,17,17
1,204,20.00,1,85.001,85.001,17,19
1,205,20.00,1,85.117,85.117,19,19
1,206,20.00,1,69.886,69.886,19,19
1,207,20.00,1,65.324,65.324,19,19
1,208,20.00,1,64.233,64.233,19,19
1,209,20.00,1,55.862,55.862,19,20
1,210,20.00,1,109.455,109.455,20,20
1,211,20.00,1,75.183,75.183,19,19
1,212,20.00,1,68.347,68.347,17,18
1,213,20.00,1,72.348,72.348,16,18
1,214,20.00,1,67.488,67.488,16,18
1,215,20.00,1,72.077,72.077,16,18
1,216,20.00,1,64.351,64.351,16,18
1,217,20.00,1,103.812,103.812,18,18
1,218,20.00,1,80.825,80.825,18,18
1,219,20.00,1,70.272,70.272,16,18
1,220,20.00,1,69.623,69.623,16,19
1,221,20.00,1,63.308,63.308,18,19
1,222,20.00,1,68.588,68.588,18,19
1,223,20.00,1,71.173,71.173,17,19
1,224,20.00,1,92.766,92.766,19,19
1,225,20.00,1,87.907,87.907,18,19
1,226,20.00,1,68.232,68.232,17,19
1,227,20.00,1,66.901,66.901,17,18
1,228,20.00,1,68.413,68.413,16,19
1,229,20.00,1,70.131,70.131,17,19
1,230,20.00,1,60.331,60.331,17,18
1,231,20.00,1,88.766,88.766,17,18
1,232,20.00,1,79.622,79.622,17,19
1,233,20.00,1,65.462,65.462,17,19
1,234,20.00,1,73.498,73.498,17,19
1,235,20.00,1,61.745,61.745,17,19
1,236,20.00,1,71.821,71.821,18,19
1,237,20.00,1,67.000,67.000,17,19
1,238,20.00,1,97.656,97.656,18,20
1,239,20.00,1,73.643,73.643,20,20
1,240,20.00,1,74.515,74.515,18,20
1,241,20.00,1,70.169,70.169,19,20
1,242,20.00,1,73.116,73.116,19,20
1,243,20.00,1,67.011,67.011,18,20
1,244,20.00,1,66.112,66.112,18,20
1,245,20.00,1,74.317,74.317,20,20
1,246,20.00,1,77.552,77.552,19,19
1,247,20.00,1,77.626,77.626,18,19
1,248,20.00,1,64.407,64.407,18,19
1,249,20.00,1,71.995,71.995,17,18
2,0,20.00,1,85.425,85.425,16,16
2,1,20.00,1,80.629,80.629,16,16
2,2,20.00,1,82.413,82.413,16,17
2,3,20.00,1,71.742,71.742,16,17
2,4,20.00,1,70.828,70.828,16,17
2,5,20.00,1,63.886,63.886,15,17
2,6,20.00,1,61.567,61.567,15,17
2,7,20.00,1,87.187,87.187,17,17
2,8,20.00,1,80.372,80.372,17,17
2,9,20.00,1,75.881,75.881,17,17
2,10,20.00,1,75.856,75.856,16,16
2,11,20.00,1,75.118,75.118,14,16
2,12,20.00,1,67.514,67.514,14,15
2,13,20.00,1,80.454,80.454,13,15
2,14,20.00,1,88.968,88.968,15,15
2,15,20.00,1,80.814,80.814,15,14
2,16,20.00,1,75.440,75.440,14,14
2,17,20.00,1,74.075,74.075,13,13
2,18,20.00,1,67.515,67.515,11,13
2,19,20.00,1,64.822,64.822,11,13
2,20,20.00,1,63.982,63.982,11,14
2,21,20.00,1,95.940,95.940,14,14
2,22,20.00,1,84.846,84.846,14,13
2,23,20.00,1,71.764,71.764,13,13
2,24,20.00,1,71.407,71.407,13,13
2,25,20.00,1,69.923,69.923,12,13
2,26,20.00,1,67.103,67.103,12,13
2,27,20.00,1,74.645,74.645,11,13
2,28,20.00,1,86.598,86.598,13,13
2,29,20.00,1,76.444,76.444,13,13
2,30,20.00,1,79.843,79.843,12,13
2,31,20.00,1,78.944,78.944,12,13
2,32,20.00,1,76.410,76.410,12,13
2,33,20.00,1,63.315,63.315,11,13
2,34,20.00,1,59.864,59.864,11,14
2,35,20.00,1,87.797,87.797,14,15
2,36,20.00,1,80.729,80.729,15,15
2,37,20.00,1,82.313,82.313,15,17
2,38,20.00,1,68.456,68.456,16,17
2,39,20.00,1,66.902,66.902,15,17
2,40,20.00,1,66.998,66.998,15,17
2,41,20.00,1,65.292,65.292,15,17
2,42,20.00,1,113.202,113.202,17,17
2,43,20.00,1,92.137,92.137,17,17
2,44,20.00,1,79.694,79.694,17,16
2,45,20.00,1,98.718,98.718,16,16
2,46,20.00,1,83.805,83.805,16,16
2,47,20.00,1,68.374,68.374,16,16
2,48,20.00,1,64.116,64.116,16,16
2,49,20.00,1,115.802,115.802,16,17
2,50,20.00,1,123.913,123.913,17,17
2,51,20.00,1,88.568,88.568,17,17
2,52,20.00,1,75.021,75.021,17,18
2,53,20.00,1,70.898,70.898,18,18
2,54,20.00,1,76.548,76.548,18,18
2,55,20.00,1,83.346,83.346,18,18
2,56,20.00,1,120.115,120.115,18,18
2,57,20.00,1,114.292,114.292,18,18
2,58,20.00,1,89.011,89.011,18,19
2,59,20.00,1,74.817,74.817,19,20
2,60,20.00,1,75.669,75.669,20,20
2,61,20.00,1,88.450,88.450,20,19
2,62,20.00,1,72.671,72.671,19,19
2,63,20.00,1,108.869,108.869,19,18
2,64,20.00,1,99.300,99.300,18,19
2,65,20.00,1,95.759,95.759,19,19
2,66,20.00,1,83.803,83.803,19,18
2,67,20.00,1,88.885,88.885,18,18
2,68,20.00,1,86.179,86.179,18,19
2,69,20.00,1,65.535,65.535,19,19
2,70,20.00,1,96.200,96.200,19,19
2,71,20.00,1,78.140,78.140,19,19
2,72,20.00,1,73.561,73.561,19,19
2,73,20.00,1,72.966,72.966,18,18
2,74,20.00,1,67.218,67.218,17,18
2,75,20.00,1,66.842,66.842,17,18
2,76,20.00,1,62.314,62.314,16,18
2,77,20.00,1,85.862,85.862,18,17
2,78,20.00,1,82.858,82.858,17,17
2,79,20.00,1,77.180,77.180,17,17
2,80,20.00,1,66.963,66.963,16,18
2,81,20.00,1,68.607,68.607,16,18
2,82,20.00,1,64.240,64.240,16,18
2,83,20.00,1,64.281,64.281,16,18
2,84,20.00,1,86.631,86.631,18,18
2,85,20.00,1,76.411,76.411,18,18
2,86,20.00,1,83.000,83.000,17,18
2,87,20.00,1,73.253,73.253,17,18
2,88,20.00,1,70.430,70.430,16,18
2,89,20.00,1,67.493,67.493,16,17
2,90,20.00,1,64.854,64.854,15,17
2,91,20.00,1,82.480,82.480,17,17
2,92,20.00,1,76.569,76.569,17,17
2,93,20.00,1,80.562,80.562,17,17
2,94,20.00,1,76.872,76.872,16,17
2,95,20.00,1,76.363,76.363,15,17
2,96,20.00,1,80.344,80.344,15,17
2,97,20.00,1,67.748,67.748,15,17
2,98,20.00,1,91.428,91.428,17,17
2,99,20.00,1,71.614,71.614,17,17
2,100,20.00,1,80.817,80.817,16,17
2,101,20.00,1,75.436,75.436,16,17
2,102,20.00,1,72.171,72.171,15,17
2,103,20.00,1,63.866,63.866,15,17
2,104,20.00,1,65.833,65.833,15,17
2,105,20.00,1,82.056,82.056,17,16
2,106,20.00,1,74.197,74.197,15,15
2,107,20.00,1,68.612,68.612,14,15
2,108,20.00,1,85.719,85.719,14,15
2,109,20.00,1,69.605,69.605,13,15
2,110,20.00,1,71.634,71.634,13,15
2,111,20.00,1,64.853,64.853,13,15
2,112,20.00,1,72.680,72.680,15,15
2,113,20.00,1,87.394,87.394,15,15
2,114,20.00,1,75.077,75.077,14,15
2,115,20.00,1,79.520,79.520,14,15
2,116,20.00,1,68.331,68.331,13,15
2,117,20.00,1,71.677,71.677,12,15
2,118,20.00,1,60.973,60.973,13,16
2,119,20.00,1,88.329,88.329,16,16
2,120,20.00,1,70.716,70.716,16,15
2,121,20.00,1,86.432,86.432,14,14
2,122,20.00,1,70.353,70.353,13,14
2,123,20.00,1,69.822,69.822,13,14
2,124,20.00,1,71.096,71.096,12,14
2,125,20.00,1,65.076,65.076,12,14
2,126,20.00,1,82.088,82.088,14,15
2,127,20.00,1,91.035,91.035,15,15
2,128,20.00,1,74.166,74.166,15,17
2,129,20.00,1,72.007,72.007,16,17
2,130,20.00,1,62.510,62.510,15,16
2,131,20.00,1,66.856,66.856,14,17
2,132,20.00,1,72.619,72.619,15,16
2,133,20.00,1,85.067,85.067,16,16
2,134,20.00,1,96.244,96.244,16,17
2,135,20.00,1,71.187,71.187,17,18
2,136,20.00,1,74.300,74.300,17,18
2,137,20.00,1,66.799,66.799,17,19
2,138,20.00,1,63.928,63.928,17,19
2,139,20.00,1,63.925,63.925,17,19
2,140,20.00,1,83.515,83.515,19,19
2,141,20.00,1,73.988,73.988,19,19
2,142,20.00,1,79.528,79.528,19,19
2,143,20.00,1,79.780,79.780,18,19
2,144,20.00,1,70.093,70.093,17,19
2,145,20.00,1,66.808,66.808,17,19
2,146,20.00,1,61.291,61.291,17,19
2,147,20.00,1,95.731,95.731,19,19
2,148,20.00,1,74.273,74.273,19,19
2,149,20.00,1,81.762,81.762,19,18
2,150,20.00,1,67.311,67.311,17,18
2,151,20.00,1,70.464,70.464,16,17
2,152,20.00,1,62.479,62.479,15,17
2,153,20.00,1,59.872,59.872,15,17
2,154,20.00,1,82.386,82.386,17,17
2,155,20.00,1,79.187,79.187,17,17
2,156,20.00,1,82.422,82.422,16,17
2,157,20.00,1,75.958,75.958,16,18
2,158,20.00,1,75.733,75.733,17,18
2,159,20.00,1,73.831,73.831,17,17
2,160,20.00,1,63.578,63.578,15,17
2,161,20.00,1,78.714,78.714,17,17
2,162,20.00,1,82.760,82.760,17,16
2,163,20.00,1,74.931,74.931,15,16
2,164,20.00,1,81.322,81.322,15,16
2,165,20.00,1,67.634,67.634,14,17
2,166,20.00,1,62.579,62.579,15,17
2,167,20.00,1,61.573,61.573,15,16
2,168,20.00,1,84.725,84.725,16,15
2,169,20.00,1,78.317,78.317,15,15
2,170,20.00,1,80.585,80.585,14,15
2,171,20.00,1,75.874,75.874,14,15
2,172,20.00,1,72.634,72.634,14,15
2,173,20.00,1,68.001,68.001,13,15
2,174,20.00,1,66.956,66.956,13,15
2,175,20.00,1,75.152,75.152,15,16
2,176,20.00,1,84.674,84.674,16,16
2,177,20.00,1,71.579,71.579,16,17
2,178,20.00,1,78.773,78.773,16,17
2,179,20.00,1,80.555,80.555,16,18
2,180,20.00,1,63.709,63.709,16,18
2,181,20.00,1,67.915,67.915,16,19
2,182,20.00,1,79.728,79.728,19,19
2,183,20.00,1,79.972,79.972,19,17
2,184,20.00,1,88.831,88.831,17,16
2,185,20.00,1,87.539,87.539,16,15
2,186,20.00,1,83.315,83.315,15,15
2,187,20.00,1,81.773,81.773,14,15
2,188,20.00,1,84.525,84.525,14,16
2,189,20.00,1,105.852,105.852,16,16
2,190,20.00,1,109.675,109.675,16,16
2,191,20.00,1,88.842,88.842,16,16
2,192,20.00,1,86.398,86.398,16,16
2,193,20.00,1,80.198,80.198,16,16
2,194,20.00,1,84.179,84.179,16,16
2,195,20.00,1,61.703,61.703,16,16
2,196,20.00,1,116.231,116.231,16,17
2,197,20.00,1,111.124,111.124,17,17
2,198,20.00,1,97.008,97.008,17,18
2,199,20.00,1,88.825,88.825,18,19
2,200,20.00,1,69.747,69.747,19,19
2,201,20.00,1,77.158,77.158,19,19
2,202,20.00,1,75.913,75.913,19,19
2,203,20.00,1,107.336,107.336,19,21
2,204,20.00,1,110.789,110.789,21,21
2,205,20.00,1,84.699,84.699,21,21
2,206,20.00,1,81.520,81.520,21,20
2,207,20.00,1,87.044,87.044,20,20
2,208,20.00,1,77.311,77.311,20,21
2,209,20.00,1,56.713,56.713,21,21
2,210,20.00,1,103.978,103.978,21,21
2,211,20.00,1,101.295,101.295,21,21
2,212,20.00,1,86.227,86.227,21,21
2,213,20.00,1,86.303,86.303,21,19
2,214,20.00,1,83.508,83.508,19,19
2,215,20.00,1,71.187,71.187,19,19
2,216,20.00,1,75.139,75.139,19,19
2,217,20.00,1,115.443,115.443,19,20
2,218,20.00,1,114.734,114.734,20,21
2,219,20.00,1,75.030,75.030,21,20
2,220,20.00,1,93.175,93.175,20,20
2,221,20.00,1,88.280,88.280,20,21
2,222,20.00,1,72.796,72.796,21,21
2,223,20.00,1,63.889,63.889,21,21
2,224,20.00,1,116.005,116.005,21,21
2,225,20.00,1,114.233,114.233,21,20
2,226,20.00,1,79.037,79.037,20,20
2,227,20.00,1,86.860,86.860,20,20
2,228,20.00,1,80.772,80.772,20,20
2,229,20.00,1,91.742,91.742,20,20
2,230,20.00,1,71.787,71.787,20,20
2,231,20.00,1,106.155,106.155,20,20
2,232,20.00,1,101.628,101.628,20,20
2,233,20.00,1,84.050,84.050,20,19
2,234,20.00,1,82.450,82.450,19,18
2,235,20.00,1,85.275,85.275,18,18
2,236,20.00,1,80.590,80.590,18,18
2,237,20.00,1,65.491,65.491,18,19
2,238,20.00,1,131.445,131.445,19,19
2,239,20.00,1,124.235,124.235,19,19
2,240,20.00,1,94.667,94.667,19,19
2,241,20.00,1,76.892,76.892,19,18
2,242,20.00,1,85.363,85.363,18,17
2,243,20.00,1,74.063,74.063,17,17
2,244,20.00,1,68.630,68.630,17,17
2,245,20.00,1,109.584,109.584,17,17
2,246,20.00,1,116.661,116.661,17,17
2,247,20.00,1,87.496,87.496,17,17
2,248,20.00,1,81.808,81.808,17,15
2,249,20.00,1,81.634,81.634,15,15
3,0,20.00,1,81.930,81.930,18,18
3,1,20.00,1,81.090,81.090,18,18
3,2,20.00,1,76.026,76.026,18,18
3,3,20.00,1,69.757,69.757,18,17
3,4,20.00,1,67.080,67.080,16,16
3,5,20.00,1,72.510,72.510,14,16
3,6,20.00,1,61.447,61.447,14,16
3,7,20.00,1,88.167,88.167,16,16
3,8,20.00,1,84.869,84.869,16,15
3,9,20.00,1,70.015,70.015,15,15
3,10,20.00,1,67.227,67.227,15,16
3,11,20.00,1,66.818,66.818,15,16
3,12,20.00,1,68.216,68.216,14,16
3,13,20.00,1,60.003,60.003,14,15
3,14,20.00,1,82.996,82.996,15,15
3,15,20.00,1,75.930,75.930,15,15
3,16,20.00,1,79.277,79.277,15,14
3,17,20.00,1,72.241,72.241,14,13
3,18,20.00,1,68.691,68.691,12,13
3,19,20.00,1,62.802,62.802,11,13
3,20,20.00,1,58.196,58.196,11,13
3,21,20.00,1,86.970,86.970,13,13
3,22,20.00,1,88.304,88.304,13,14
3,23,20.00,1,67.520,67.520,14,14
3,24,20.00,1,69.953,69.953,14,14
3,25,20.00,1,64.049,64.049,13,14
3,26,20.00,1,63.383,63.383,13,16
3,27,20.00,1,71.082,71.082,14,16
3,28,20.00,1,90.592,90.592,16,16
3,29,20.00,1,80.358,80.358,16,14
3,30,20.00,1,73.603,73.603,14,14
3,31,20.00,1,67.812,67.812,14,14
3,32,20.00,1,65.600,65.600,13,13
3,33,20.00,1,63.870,63.870,12,13
3,34,20.00,1,61.096,61.096,11,14
3,35,20.00,1,77.613,77.613,14,14
3,36,20.00,1,94.139,94.139,14,14
3,37,20.00,1,76.600,76.600,14,14
3,38,20.00,1,71.570,71.570,14,15
3,39,20.00,1,59.860,59.860,14,15
3,40,20.00,1,63.586,63.586,13,16
3,41,20.00,1,57.548,57.548,14,16
3,42,20.00,1,79.011,79.011,16,17
3,43,20.00,1,80.020,80.020,17,18
3,44,20.00,1,75.351,75.351,18,18
3,45,20.00,1,72.820,72.820,18,18
3,46,20.00,1,71.667,71.667,17,18
3,47,20.00,1,61.961,61.961,16,17
3,48,20.00,1,66.768,66.768,15,17
3,49,20.00,1,86.082,86.082,17,17
3,50,20.00,1,78.899,78.899,17,17
3,51,20.00,1,72.667,72.667,17,16
3,52,20.00,1,68.770,68.770,15,16
3,53,20.00,1,68.704,68.704,15,16
3,54,20.00,1,64.699,64.699,14,16
3,55,20.00,1,62.088,62.088,14,16
3,56,20.00,1,83.253,83.253,16,16
3,57,20.00,1,74.124,74.124,16,15
3,58,20.00,1,74.046,74.046,15,15
3,59,20.00,1,79.109,79.109,14,15
3,60,20.00,1,71.307,71.307,14,15
3,61,20.00,1,68.434,68.434,14,15
3,62,20.00,1,71.430,71.430,13,15
3,63,20.00,1,86.150,86.150,15,15
3,64,20.00,1,86.642,86.642,15,15
3,65,20.00,1,73.411,73.411,15,16
3,66,20.00,1,74.759,74.759,16,16
3,67,20.00,1,65.537,65.537,15,16
3,68,20.00,1,61.327,61.327,14,16
3,69,20.00,1,57.964,57.964,14,16
3,70,20.00,1,84.683,84.683,16,16
3,71,20.00,1,82.799,82.799,16,16
3,72,20.00,1,70.694,70.694,16,16
3,73,20.00,1,68.888,68.888,16,17
3,74,20.00,1,66.779,66.779,16,17
3,75,20.00,1,63.487,63.487,15,17
3,76,20.00,1,65.149,65.149,14,18
3,77,20.00,1,80.887,80.887,18,18
3,78,20.00,1,82.205,82.205,18,18
3,79,20.00,1,84.054,84.054,18,18
3,80,20.00,1,69.482,69.482,18,17
3,81,20.00,1,69.028,69.028,16,17
3,82,20.00,1,67.283,67.283,16,18
3,83,20.00,1,58.010,58.010,16,18
3,84,20.00,1,84.071,84.071,18,18
3,85,20.00,1,85.399,85.399,18,18
3,86,20.00,1,81.311,81.311,18,18
3,87,20.00,1,67.617,67.617,18,18
3,88,20.00,1,63.151,63.151,17,18
3,89,20.00,1,62.771,62.771,17,18
3,90,20.00,1,61.632,61.632,16,17
3,91,20.00,1,84.515,84.515,17,18
3,92,20.00,1,75.120,75.120,18,18
3,93,20.00,1,73.051,73.051,18,18
3,94,20.00,1,70.578,70.578,17,18
3,95,20.00,1,67.173,67.173,17,18
3,96,20.00,1,66.895,66.895,16,18
3,97,20.00,1,64.418,64.418,15,17
3,98,20.00,1,89.607,89.607,17,18
3,99,20.00,1,89.994,89.994,18,18
3,100,20.00,1,93.866,93.866,18,18
3,101,20.00,1,85.529,85.529,18,18
3,102,20.00,1,62.080,62.080,18,18
3,103,20.00,1,77.540,77.540,17,18
3,104,20.00,1,65.362,65.362,17,18
3,105,20.00,1,114.512,114.512,18,18
3,106,20.00,1,102.466,102.466,18,18
3,107,20.00,1,98.150,98.150,18,18
3,108,20.00,1,77.655,77.655,18,17
3,109,20.00,1,74.681,74.681,17,18
3,110,20.00,1,57.287,57.287,18,18
3,111,20.00,1,58.544,58.544,18,17
3,112,20.00,1,94.023,94.023,17,17
3,113,20.00,1,102.253,102.253,17,17
3,114,20.00,1,96.182,96.182,17,16
3,115,20.00,1,72.286,72.286,16,16
3,116,20.00,1,65.188,65.188,16,15
3,117,20.00,1,57.664,57.664,14,15
3,118,20.00,1,64.166,64.166,13,15
3,119,20.00,1,86.455,86.455,15,15
3,120,20.00,1,64.459,64.459,15,15
3,121,20.00,1,79.964,79.964,15,15
3,122,20.00,1,71.723,71.723,15,15
3,123,20.00,1,62.169,62.169,14,15
3,124,20.00,1,63.690,63.690,13,15
3,125,20.00,1,61.715,61.715,13,15
3,126,20.00,1,86.182,86.182,15,15
3,127,20.00,1,80.522,80.522,15,16
3,128,20.00,1,71.475,71.475,16,16
3,129,20.00,1,71.166,71.166,16,17
3,130,20.00,1,65.999,65.999,16,17
3,131,20.00,1,62.961,62.961,15,17
3,132,20.00,1,61.988,61.988,15,16
3,133,20.00,1,82.129,82.129,16,16
3,134,20.00,1,77.500,77.500,16,15
3,135,20.00,1,88.383,88.383,15,15
3,136,20.00,1,66.041,66.041,15,15
3,137,20.00,1,63.304,63.304,14,15
3,138,20.00,1,65.521,65.521,13,15
3,139,20.00,1,62.632,62.632,13,15
3,140,20.00,1,73.321,73.321,15,15
3,141,20.00,1,84.553,84.553,15,17
3,142,20.00,1,80.540,80.540,17,17
3,143,20.00,1,67.631,67.631,17,17
3,144,20.00,1,69.243,69.243,16,17
3,145,20.00,1,67.134,67.134,16,17
3,146,20.00,1,64.152,64.152,15,17
3,147,20.00,1,81.780,81.780,17,17
3,148,20.00,1,85.206,85.206,17,16
3,149,20.00,1,78.499,78.499,16,16
3,150,20.00,1,68.073,68.073,16,15
3,151,20.00,1,68.104,68.104,14,15
3,152,20.00,1,66.481,66.481,14,15
3,153,20.00,1,64.131,64.131,13,15
3,154,20.00,1,85.062,85.062,15,15
3,155,20.00,1,82.535,82.535,15,14
3,156,20.00,1,69.152,69.152,14,14
3,157,20.00,1,67.486,67.486,13,14
3,158,20.00,1,75.728,75.728,13,14
3,159,20.00,1,66.013,66.013,12,15
3,160,20.00,1,60.018,60.018,13,14
3,161,20.00,1,82.261,82.261,14,13
3,162,20.00,1,73.498,73.498,13,13
3,163,20.00,1,74.875,74.875,13,14
3,164,20.00,1,69.890,69.890,14,14
3,165,20.00,1,69.426,69.426,13,13
3,166,20.00,1,65.155,65.155,11,13
3,167,20.00,1,63.975,63.975,11,12
3,168,20.00,1,97.616,97.616,12,12
3,169,20.00,1,76.372,76.372,12,12
3,170,20.00,1,74.811,74.811,12,12
3,171,20.00,1,70.970,70.970,12,11
3,172,20.00,1,62.064,62.064,10,11
3,173,20.00,1,61.101,61.101,10,12
3,174,20.00,1,57.227,57.227,10,13
3,175,20.00,1,80.139,80.139,13,13
3,176,20.00,1,74.185,74.185,13,13
3,177,20.00,1,72.252,72.252,13,14
3,178,20.00,1,75.918,75.918,14,14
3,179,20.00,1,71.548,71.548,13,13
3,180,20.00,1,63.981,63.981,11,13
3,181,20.00,1,63.289,63.289,11,14
3,182,20.00,1,77.389,77.389,14,15
3,183,20.00,1,88.235,88.235,15,15
3,184,20.00,1,85.828,85.828,15,15
3,185,20.00,1,65.859,65.859,15,15
3,186,20.00,1,60.084,60.084,14,15
3,187,20.00,1,59.935,59.935,13,15
3,188,20.00,1,64.355,64.355,12,15
3,189,20.00,1,96.621,96.621,15,15
3,190,20.00,1,76.890,76.890,15,15
3,191,20.00,1,78.077,78.077,15,15
3,192,20.00,1,69.914,69.914,15,15
3,193,20.00,1,62.798,62.798,14,15
3,194,20.00,1,69.804,69.804,14,15
3,195,20.00,1,60.583,60.583,14,15
3,196,20.00,1,88.894,88.894,15,15
3,197,20.00,1,71.106,71.106,15,15
3,198,20.00,1,75.982,75.982,15,14
3,199,20.00,1,72.188,72.188,14,14
3,200,20.00,1,66.367,66.367,13,14
3,201,20.00,1,62.793,62.793,12,14
3,202,20.00,1,69.190,69.190,11,15
3,203,20.00,1,78.444,78.444,15,15
3,204,20.00,1,73.243,73.243,15,15
3,205,20.00,1,73.658,73.658,14,15
3,206,20.00,1,65.186,65.186,14,15
3,207,20.00,1,80.150,80.150,14,15
3,208,20.00,1,64.891,64.891,13,15
3,209,20.00,1,63.815,63.815,13,15
3,210,20.00,1,77.421,77.421,15,15
3,211,20.00,1,82.290,82.290,15,15
3,212,20.00,1,79.897,79.897,15,16
3,213,20.00,1,74.266,74.266,16,16
3,214,20.00,1,65.880,65.880,15,16
3,215,20.00,1,62.355,62.355,14,16
3,216,20.00,1,57.577,57.577,14,15
3,217,20.00,1,77.123,77.123,15,15
3,218,20.00,1,74.973,74.973,15,15
3,219,20.00,1,73.932,73.932,15,15
3,220,20.00,1,74.238,74.238,15,15
3,221,20.00,1,76.714,76.714,14,15
3,222,20.00,1,62.847,62.847,13,15
3,223,20.00,1,60.350,60.350,13,16
3,224,20.00,1,75.478,75.478,16,16
3,225,20.00,1,75.018,75.018,16,16
3,226,20.00,1,76.210,76.210,16,16
3,227,20.00,1,74.813,74.813,15,16
3,228,20.00,1,62.807,62.807,15,16
3,229,20.00,1,63.782,63.782,14,16
3,230,20.00,1,62.660,62.660,14,15
3,231,20.00,1,78.234,78.234,15,15
3,232,20.00,1,78.837,78.837,15,15
3,233,20.00,1,73.453,73.453,15,16
3,234,20.00,1,69.333,69.333,15,16
3,235,20.00,1,74.205,74.205,14,15
3,236,20.00,1,63.269,63.269,13,15
3,237,20.00,1,65.136,65.136,12,15
3,238,20.00,1,81.627,81.627,15,15
3,239,20.00,1,91.823,91.823,15,15
3,240,20.00,1,73.174,73.174,15,14
3,241,20.00,1,77.818,77.818,14,14
3,242,20.00,1,66.543,66.543,14,13
3,243,20.00,1,59.864,59.864,12,12
3,244,20.00,1,59.656,59.656,10,12
3,245,20.00,1,80.773,80.773,12,12
3,246,20.00,1,70.914,70.914,12,13
3,247,20.00,1,76.447,76.447,12,12
3,248,20.00,1,73.389,73.389,11,10
3,249,20.00,1,70.998,70.998,9,10
4,0,20.00,1,67.900,67.900,17,17
4,1,20.00,1,69.091,69.091,17,17
4,2,20.00,1,73.929,73.929,17,18
4,3,20.00,1,70.180,70.180,17,19
4,4,20.00,1,63.459,63.459,19,19
4,5,20.00,1,59.007,59.007,18,19
4,6,20.00,1,58.312,58.312,19,19
4,7,20.00,1,69.911,69.911,19,19
4,8,20.00,1,70.730,70.730,19,19
4,9,20.00,1,64.654,64.654,18,19
4,10,20.00,1,69.077,69.077,18,19
4,11,20.00,1,65.101,65.101,18,18
4,12,20.00,1,56.209,56.209,18,18
4,13,20.00,1,62.397,62.397,17,18
4,14,20.00,1,73.571,73.571,18,18
4,15,20.00,1,66.962,66.962,18,17
4,16,20.00,1,66.725,66.725,16,17
4,17,20.00,1,66.575,66.575,16,18
4,18,20.00,1,69.753,69.753,17,20
4,19,20.00,1,70.483,70.483,20,20
4,20,20.00,1,70.076,70.076,19,20
4,21,20.00,1,68.144,68.144,19,20
4,22,20.00,1,68.919,68.919,20,20
4,23,20.00,1,68.816,68.816,19,20
4,24,20.00,1,68.424,68.424,20,20
4,25,20.00,1,62.582,62.582,20,21
4,26,20.00,1,65.865,65.865,20,21
4,27,20.00,1,64.653,64.653,20,20
4,28,20.00,1,76.471,76.471,20,20
4,29,20.00,1,66.288,66.288,20,19
4,30,20.00,1,65.487,65.487,18,19
4,31,20.00,1,57.370,57.370,18,20
4,32,20.00,1,69.922,69.922,19,21
4,33,20.00,1,65.775,65.775,21,21
4,34,20.00,1,61.960,61.960,21,21
4,35,20.00,1,70.376,70.376,20,22
4,36,20.00,1,67.139,67.139,22,22
4,37,20.00,1,66.068,66.068,21,23
4,38,20.00,1,66.614,66.614,23,22
4,39,20.00,1,62.308,62.308,22,22
4,40,20.00,1,61.461,61.461,22,22
4,41,20.00,1,61.289,61.289,21,20
4,42,20.00,1,63.226,63.226,20,20
4,43,20.00,1,68.394,68.394,20,21
4,44,20.00,1,73.350,73.350,21,21
4,45,20.00,1,68.173,68.173,21,21
4,46,20.00,1,64.367,64.367,21,21
4,47,20.00,1,83.535,83.535,21,21
4,48,20.00,1,94.849,94.849,21,21
4,49,20.00,1,86.211,86.211,21,22
4,50,20.00,1,81.546,81.546,22,22
4,51,20.00,1,87.176,87.176,22,21
4,52,20.00,1,99.289,99.289,21,21
4,53,20.00,1,87.878,87.878,21,21
4,54,20.00,1,79.042,79.042,21,21
4,55,20.00,1,80.563,80.563,21,21
4,56,20.00,1,92.771,92.771,21,21
4,57,20.00,1,96.141,96.141,21,21
4,58,20.00,1,85.809,85.809,21,21
4,59,20.00,1,81.906,81.906,21,21
4,60,20.00,1,87.079,87.079,21,21
4,61,20.00,1,69.013,69.013,21,21
4,62,20.00,1,72.769,72.769,21,21
4,63,20.00,1,89.644,89.644,21,21
4,64,20.00,1,85.674,85.674,21,21
4,65,20.00,1,87.213,87.213,21,19
4,66,20.00,1,85.474,85.474,19,20
4,67,20.00,1,92.845,92.845,20,20
4,68,20.00,1,78.883,78.883,20,20
4,69,20.00,1,83.068,83.068,20,20
4,70,20.00,1,92.273,92.273,20,17
4,71,20.00,1,83.690,83.690,17,17
4,72,20.00,1,84.710,84.710,17,17
4,73,20.00,1,79.258,79.258,17,18
4,74,20.00,1,83.300,83.300,18,18
4,75,20.00,1,81.766,81.766,18,18
4,76,20.00,1,78.549,78.549,18,18
4,77,20.00,1,95.356,95.356,18,16
4,78,20.00,1,93.987,93.987,16,16
4,79,20.00,1,84.589,84.589,16,15
4,80,20.00,1,86.602,86.602,15,15
4,81,20.00,1,85.600,85.600,15,15
4,82,20.00,1,74.941,74.941,15,16
4,83,20.00,1,83.609,83.609,16,16
4,84,20.00,1,88.260,88.260,16,16
4,85,20.00,1,79.768,79.768,16,16
4,86,20.00,1,88.435,88.435,16,18
4,87,20.00,1,84.353,84.353,18,18
4,88,20.00,1,88.249,88.249,18,18
4,89,20.00,1,81.336,81.336,18,18
4,90,20.00,1,65.168,65.168,18,18
4,91,20.00,1,82.811,82.811,18,18
4,92,20.00,1,79.779,79.779,18,18
4,93,20.00,1,89.147,89.147,18,18
4,94,20.00,1,85.129,85.129,18,18
4,95,20.00,1,82.798,82.798,18,21
4,96,20.00,1,85.278,85.278,21,19
4,97,20.00,1,74.476,74.476,19,19
4,98,20.00,1,84.994,84.994,19,19
4,99,20.00,1,99.152,99.152,19,19
4,100,20.00,1,91.913,91.913,18,19
4,101,20.00,1,80.946,80.946,18,19
4,102,20.00,1,89.296,89.296,18,18
4,103,20.00,1,86.214,86.214,17,18
4,104,20.00,1,77.819,77.819,17,18
4,105,20.00,1,89.638,89.638,18,19
4,106,20.00,1,85.361,85.361,19,19
4,107,20.00,1,100.820,100.820,19,19
4,108,20.00,1,84.705,84.705,18,19
4,109,20.00,1,76.087,76.087,18,20
4,110,20.00,1,78.262,78.262,19,20
4,111,20.00,1,72.431,72.431,19,19
4,112,20.00,1,96.342,96.342,19,19
4,113,20.00,1,98.045,98.045,19,19
4,114,20.00,1,93.554,93.554,19,19
4,115,20.00,1,81.893,81.893,19,20
4,116,20.00,1,87.061,87.061,20,20
4,117,20.00,1,83.175,83.175,20,20
4,118,20.00,1,75.076,75.076,20,20
4,119,20.00,1,92.260,92.260,20,20
4,120,20.00,1,84.072,84.072,20,20
4,121,20.00,1,88.439,88.439,20,20
4,122,20.00,1,81.842,81.842,20,20
4,123,20.00,1,93.022,93.022,20,20
4,124,20.00,1,85.960,85.960,20,20
4,125,20.00,1,72.097,72.097,20,20
4,126,20.00,1,87.965,87.965,20,18
4,127,20.00,1,81.774,81.774,18,19
4,128,20.00,1,80.107,80.107,19,17
4,129,20.00,1,88.616,88.616,17,18
4,130,20.00,1,85.588,85.588,18,18
4,131,20.00,1,87.786,87.786,18,18
4,132,20.00,1,60.574,60.574,18,17
4,133,20.00,1,88.444,88.444,17,17
4,134,20.00,1,92.407,92.407,17,17
4,135,20.00,1,83.995,83.995,17,16
4,136,20.00,1,66.049,66.049,16,16
4,137,20.00,1,68.124,68.124,16,15
4,138,20.00,1,59.094,59.094,14,15
4,139,20.00,1,72.186,72.186,15,15
4,140,20.00,1,68.340,68.340,15,15
4,141,20.00,1,68.459,68.459,14,13
4,142,20.00,1,74.493,74.493,13,13
4,143,20.00,1,62.895,62.895,13,14
4,144,20.00,1,63.870,63.870,13,15
4,145,20.00,1,57.651,57.651,15,16
4,146,20.00,1,58.045,58.045,15,16
4,147,20.00,1,66.886,66.886,16,16
4,148,20.00,1,81.024,81.024,16,16
4,149,20.00,1,68.950,68.950,15,16
4,150,20.00,1,70.653,70.653,16,16
4,151,20.00,1,72.535,72.535,16,16
4,152,20.00,1,55.808,55.808,16,15
4,153,20.00,1,53.890,53.890,14,15
4,154,20.00,1,75.388,75.388,15,15
4,155,20.00,1,67.043,67.043,15,15
4,156,20.00,1,74.606,74.606,14,15
4,157,20.00,1,67.361,67.361,15,15
4,158,20.00,1,69.805,69.805,14,15
4,159,20.00,1,59.075,59.075,15,15
4,160,20.00,1,59.094,59.094,15,15
4,161,20.00,1,71.438,71.438,15,15
4,162,20.00,1,66.094,66.094,14,15
4,163,20.00,1,78.818,78.818,14,15
4,164,20.00,1,66.200,66.200,14,15
4,165,20.00,1,61.989,61.989,15,15
4,166,20.00,1,70.198,70.198,14,15
4,167,20.00,1,63.800,63.800,14,16
4,168,20.00,1,70.299,70.299,15,16
4,169,20.00,1,65.874,65.874,16,16
4,170,20.00,1,59.688,59.688,16,16
4,171,20.00,1,64.349,64.349,15,16
4,172,20.00,1,62.226,62.226,15,17
4,173,20.00,1,57.850,57.850,17,17
4,174,20.00,1,66.181,66.181,16,17
4,175,20.00,1,86.055,86.055,16,17
4,176,20.00,1,67.294,67.294,16,17
4,177,20.00,1,73.401,73.401,16,18
4,178,20.00,1,68.403,68.403,17,17
4,179,20.00,1,70.964,70.964,16,17
4,180,20.00,1,62.959,62.959,16,16
4,181,20.00,1,58.402,58.402,15,16
4,182,20.00,1,66.440,66.440,16,16
4,183,20.00,1,68.036,68.036,16,16
4,184,20.00,1,63.805,63.805,15,16
4,185,20.00,1,66.448,66.448,16,17
4,186,20.00,1,70.458,70.458,16,17
4,187,20.00,1,65.985,65.985,17,17
4,188,20.00,1,63.132,63.132,16,17
4,189,20.00,1,74.266,74.266,17,18
4,190,20.00,1,67.496,67.496,17,18
4,191,20.00,1,71.370,71.370,17,18
4,192,20.00,1,69.238,69.238,17,18
4,193,20.00,1,66.773,66.773,17,18
4,194,20.00,1,59.281,59.281,17,18
4,195,20.00,1,59.265,59.265,18,18
4,196,20.00,1,70.046,70.046,17,18
4,197,20.00,1,72.465,72.465,18,18
4,198,20.00,1,67.031,67.031,18,17
4,199,20.00,1,79.939,79.939,17,17
4,200,20.00,1,79.536,79.536,17,17
4,201,20.00,1,78.025,78.025,17,17
4,202,20.00,1,79.278,79.278,17,17
4,203,20.00,1,101.317,101.317,17,17
4,204,20.00,1,88.996,88.996,16,17
4,205,20.00,1,81.574,81.574,16,17
4,206,20.00,1,77.653,77.653,16,17
4,207,20.00,1,77.485,77.485,16,18
4,208,20.00,1,76.374,76.374,17,19
4,209,20.00,1,71.584,71.584,18,20
4,210,20.00,1,86.401,86.401,20,20
4,211,20.00,1,87.198,87.198,20,20
4,212,20.00,1,85.080,85.080,20,21
4,213,20.00,1,88.559,88.559,21,21
4,214,20.00,1,89.165,89.165,21,21
4,215,20.00,1,78.542,78.542,21,22
4,216,20.00,1,80.625,80.625,22,22
4,217,20.00,1,87.575,87.575,22,22
4,218,20.00,1,81.814,81.814,22,22
4,219,20.00,1,88.649,88.649,22,21
4,220,20.00,1,63.221,63.221,20,21
4,221,20.00,1,65.711,65.711,21,20
4,222,20.00,1,65.899,65.899,20,20
4,223,20.00,1,56.878,56.878,20,19
4,224,20.00,1,67.227,67.227,19,18
4,225,20.00,1,76.483,76.483,18,18
4,226,20.00,1,64.248,64.248,18,18
4,227,20.00,1,72.037,72.037,18,18
4,228,20.00,1,67.741,67.741,18,18
4,229,20.00,1,66.716,66.716,18,18
4,230,20.00,1,66.715,66.715,18,19
4,231,20.00,1,76.203,76.203,19,18
4,232,20.00,1,65.917,65.917,18,18
4,233,20.00,1,67.650,67.650,18,18
4,234,20.00,1,61.450,61.450,18,17
4,235,20.00,1,65.832,65.832,17,17
4,236,20.00,1,70.544,70.544,17,17
4,237,20.00,1,65.052,65.052,17,17
4,238,20.00,1,76.989,76.989,17,17
4,239,20.00,1,74.631,74.631,17,17
4,240,20.00,1,70.500,70.500,17,17
4,241,20.00,1,64.873,64.873,17,17
4,242,20.00,1,60.700,60.700,17,17
4,243,20.00,1,61.764,61.764,17,18
4,244,20.00,1,65.069,65.069,18,18
4,245,20.00,1,69.666,69.666,18,19
4,246,20.00,1,68.019,68.019,19,19
4,247,20.00,1,82.319,82.319,19,19
4,248,20.00,1,69.429,69.429,19,19
4,249,20.00,1,66.805,66.805,19,19
5,0,20.00,1,79.489,79.489,17,18
5,1,20.00,1,84.388,84.388,18,18
5,2,20.00,1,98.895,98.895,18,18
5,3,20.00,1,75.753,75.753,18,18
5,4,20.00,1,81.672,81.672,18,19
5,5,20.00,1,63.828,63.828,19,19
5,6,20.00,1,82.583,82.583,19,20
5,7,20.00,1,101.100,101.100,20,20
5,8,20.00,1,106.013,106.013,20,20
5,9,20.00,1,75.157,75.157,20,20
5,10,20.00,1,80.832,80.832,20,20
5,11,20.00,1,69.531,69.531,20,20
5,12,20.00,1,71.366,71.366,20,20
5,13,20.00,1,60.876,60.876,20,20
5,14,20.00,1,112.636,112.636,20,19
5,15,20.00,1,82.293,82.293,19,18
5,16,20.00,1,79.960,79.960,18,18
5,17,20.00,1,70.838,70.838,18,18
5,18,20.00,1,70.198,70.198,18,18
5,19,20.00,1,79.307,79.307,18,18
5,20,20.00,1,67.026,67.026,18,18
5,21,20.00,1,99.462,99.462,18,18
5,22,20.00,1,84.242,84.242,18,18
5,23,20.00,1,83.051,83.051,18,18
5,24,20.00,1,83.756,83.756,18,18
5,25,20.00,1,69.965,69.965,18,18
5,26,20.00,1,75.315,75.315,18,17
5,27,20.00,1,72.763,72.763,17,16
5,28,20.00,1,90.272,90.272,16,16
5,29,20.00,1,93.974,93.974,16,16
5,30,20.00,1,81.779,81.779,16,16
5,31,20.00,1,81.218,81.218,16,16
5,32,20.00,1,80.046,80.046,16,16
5,33,20.00,1,72.090,72.090,16,16
5,34,20.00,1,66.088,66.088,16,15
5,35,20.00,1,97.229,97.229,15,15
5,36,20.00,1,103.610,103.610,15,15
5,37,20.00,1,97.434,97.434,15,14
5,38,20.00,1,71.182,71.182,14,14
5,39,20.00,1,75.384,75.384,14,13
5,40,20.00,1,65.636,65.636,13,12
5,41,20.00,1,58.594,58.594,12,13
5,42,20.00,1,94.521,94.521,13,13
5,43,20.00,1,103.344,103.344,13,13
5,44,20.00,1,85.367,85.367,13,13
5,45,20.00,1,70.913,70.913,13,13
5,46,20.00,1,75.640,75.640,13,13
5,47,20.00,1,70.892,70.892,13,14
5,48,20.00,1,63.689,63.689,14,14
5,49,20.00,1,100.069,100.069,14,15
5,50,20.00,1,92.657,92.657,15,16
5,51,20.00,1,75.693,75.693,16,16
5,52,20.00,1,82.234,82.234,16,16
5,53,20.00,1,71.664,71.664,16,16
5,54,20.00,1,70.560,70.560,16,16
5,55,20.00,1,70.010,70.010,16,16
5,56,20.00,1,86.765,86.765,16,16
5,57,20.00,1,104.229,104.229,16,17
5,58,20.00,1,106.957,106.957,17,17
5,59,20.00,1,77.864,77.864,17,17
5,60,20.00,1,73.463,73.463,17,17
5,61,20.00,1,77.032,77.032,17,16
5,62,20.00,1,74.036,74.036,16,16
5,63,20.00,1,100.792,100.792,16,16
5,64,20.00,1,76.239,76.239,16,16
5,65,20.00,1,73.546,73.546,16,15
5,66,20.00,1,65.489,65.489,15,16
5,67,20.00,1,63.004,63.004,15,15
5,68,20.00,1,52.061,52.061,14,15
5,69,20.00,1,52.402,52.402,14,15
5,70,20.00,1,74.338,74.338,15,15
5,71,20.00,1,77.769,77.769,15,15
5,72,20.00,1,70.610,70.610,15,15
5,73,20.00,1,67.481,67.481,15,15
5,74,20.00,1,64.097,64.097,15,14
5,75,20.00,1,63.960,63.960,13,14
5,76,20.00,1,60.023,60.023,12,14
5,77,20.00,1,72.844,72.844,14,14
5,78,20.00,1,69.562,69.562,14,14
5,79,20.00,1,72.127,72.127,14,14
5,80,20.00,1,68.884,68.884,14,14
5,81,20.00,1,68.874,68.874,13,14
5,82,20.00,1,65.700,65.700,12,15
5,83,20.00,1,55.931,55.931,13,15
5,84,20.00,1,76.574,76.574,15,15
5,85,20.00,1,70.468,70.468,15,15
5,86,20.00,1,67.968,67.968,15,15
5,87,20.00,1,65.155,65.155,14,15
5,88,20.00,1,60.916,60.916,13,15
5,89,20.00,1,58.332,58.332,13,15
5,90,20.00,1,60.518,60.518,12,14
5,91,20.00,1,74.312,74.312,14,14
5,92,20.00,1,78.778,78.778,14,14
5,93,20.00,1,67.417,67.417,14,14
5,94,20.00,1,60.733,60.733,13,14
5,95,20.00,1,62.224,62.224,13,15
5,96,20.00,1,61.682,61.682,14,15
5,97,20.00,1,59.657,59.657,14,15
5,98,20.00,1,78.914,78.914,15,15
5,99,20.00,1,74.701,74.701,15,15
5,100,20.00,1,63.735,63.735,15,15
5,101,20.00,1,67.342,67.342,14,15
5,102,20.00,1,62.815,62.815,14,16
5,103,20.00,1,75.464,75.464,14,15
5,104,20.00,1,80.221,80.221,13,16
5,105,20.00,1,99.977,99.977,16,16
5,106,20.00,1,98.820,98.820,16,16
5,107,20.00,1,75.983,75.983,16,16
5,108,20.00,1,68.889,68.889,16,16
5,109,20.00,1,80.832,80.832,16,16
5,110,20.00,1,91.101,91.101,16,17
5,111,20.00,1,53.650,53.650,16,16
5,112,20.00,1,101.112,101.112,16,16
5,113,20.00,1,98.529,98.529,16,16
5,114,20.00,1,75.998,75.998,16,17
5,115,20.00,1,78.512,78.512,17,18
5,116,20.00,1,79.950,79.950,18,18
5,117,20.00,1,83.746,83.746,18,18
5,118,20.00,1,51.571,51.571,18,18
5,119,20.00,1,89.000,89.000,18,18
5,120,20.00,1,90.011,90.011,18,18
5,121,20.00,1,89.229,89.229,18,18
5,122,20.00,1,83.109,83.109,18,18
5,123,20.00,1,69.448,69.448,18,19
5,124,20.00,1,70.910,70.910,19,17
5,125,20.00,1,56.187,56.187,17,17
5,126,20.00,1,100.177,100.177,17,17
5,127,20.00,1,98.857,98.857,17,17
5,128,20.00,1,83.447,83.447,17,16
5,129,20.00,1,72.594,72.594,16,16
5,130,20.00,1,71.126,71.126,16,16
5,131,20.00,1,63.908,63.908,16,16
5,132,20.00,1,52.517,52.517,16,16
5,133,20.00,1,86.054,86.054,16,16
5,134,20.00,1,89.723,89.723,16,16
5,135,20.00,1,80.001,80.001,16,17
5,136,20.00,1,78.842,78.842,17,17
5,137,20.00,1,76.612,76.612,17,17
5,138,20.00,1,76.346,76.346,17,17
5,139,20.00,1,58.927,58.927,17,17
5,140,20.00,1,93.919,93.919,17,17
5,141,20.00,1,100.695,100.695,17,17
5,142,20.00,1,83.941,83.941,17,18
5,143,20.00,1,78.170,78.170,18,18
5,144,20.00,1,73.305,73.305,18,18
5,145,20.00,1,64.939,64.939,18,18
5,146,20.00,1,58.814,58.814,18,19
5,147,20.00,1,97.004,97.004,19,19
5,148,20.00,1,93.949,93.949,19,19
5,149,20.00,1,77.403,77.403,19,19
5,150,20.00,1,74.766,74.766,19,20
5,151,20.00,1,69.598,69.598,20,20
5,152,20.00,1,70.196,70.196,20,19
5,153,20.00,1,57.277,57.277,19,20
5,154,20.00,1,101.911,101.911,20,20
5,155,20.00,1,85.023,85.023,20,20
5,156,20.00,1,69.511,69.511,20,19
5,157,20.00,1,61.948,61.948,19,19
5,158,20.00,1,56.526,56.526,19,19
5,159,20.00,1,53.461,53.461,19,19
5,160,20.00,1,53.412,53.412,19,18
5,161,20.00,1,75.335,75.335,18,18
5,162,20.00,1,76.285,76.285,18,18
5,163,20.00,1,66.394,66.394,18,18
5,164,20.00,1,72.189,72.189,17,18
5,165,20.00,1,64.096,64.096,17,18
5,166,20.00,1,62.151,62.151,17,18
5,167,20.00,1,62.748,62.748,16,17
5,168,20.00,1,70.849,70.849,17,17
5,169,20.00,1,72.396,72.396,17,19
5,170,20.00,1,69.333,69.333,19,20
5,171,20.00,1,67.587,67.587,19,20
5,172,20.00,1,59.085,59.085,18,20
5,173,20.00,1,60.163,60.163,18,19
5,174,20.00,1,57.971,57.971,16,19
5,175,20.00,1,78.655,78.655,19,19
5,176,20.00,1,75.936,75.936,19,19
5,177,20.00,1,65.793,65.793,19,19
5,178,20.00,1,62.068,62.068,18,19
5,179,20.00,1,66.670,66.670,18,19
5,180,20.00,1,59.781,59.781,18,19
5,181,20.00,1,53.314,53.314,17,19
5,182,20.00,1,74.427,74.427,19,19
5,183,20.00,1,69.862,69.862,19,19
5,184,20.00,1,81.814,81.814,19,18
5,185,20.00,1,64.009,64.009,18,17
5,186,20.00,1,59.915,59.915,16,17
5,187,20.00,1,71.940,71.940,15,17
5,188,20.00,1,78.036,78.036,15,17
5,189,20.00,1,95.154,95.154,17,17
5,190,20.00,1,92.670,92.670,17,17
5,191,20.00,1,84.477,84.477,17,17
5,192,20.00,1,90.616,90.616,17,17
5,193,20.00,1,67.564,67.564,17,18
5,194,20.00,1,64.338,64.338,18,18
5,195,20.00,1,67.914,67.914,18,18
5,196,20.00,1,99.994,99.994,18,18
5,197,20.00,1,89.606,89.606,18,18
5,198,20.00,1,91.779,91.779,18,17
5,199,20.00,1,85.572,85.572,16,17
5,200,20.00,1,77.631,77.631,15,17
5,201,20.00,1,77.908,77.908,15,15
5,202,20.00,1,58.940,58.940,13,14
5,203,20.00,1,110.682,110.682,14,15
5,204,20.00,1,108.235,108.235,15,15
5,205,20.00,1,77.434,77.434,15,16
5,206,20.00,1,77.031,77.031,16,16
5,207,20.00,1,77.227,77.227,16,15
5,208,20.00,1,71.863,71.863,15,15
5,209,20.00,1,62.026,62.026,15,15
5,210,20.00,1,95.192,95.192,15,15
5,211,20.00,1,104.371,104.371,15,15
5,212,20.00,1,81.678,81.678,15,15
5,213,20.00,1,86.587,86.587,15,15
5,214,20.00,1,73.287,73.287,15,16
5,215,20.00,1,73.967,73.967,16,16
5,216,20.00,1,61.453,61.453,16,16
5,217,20.00,1,90.451,90.451,16,16
5,218,20.00,1,97.491,97.491,16,16
5,219,20.00,1,82.213,82.213,16,16
5,220,20.00,1,87.357,87.357,16,17
5,221,20.00,1,89.895,89.895,16,17
5,222,20.00,1,75.469,75.469,16,18
5,223,20.00,1,57.631,57.631,17,18
5,224,20.00,1,91.992,91.992,18,18
5,225,20.00,1,93.661,93.661,18,19
5,226,20.00,1,98.987,98.987,19,20
5,227,20.00,1,71.396,71.396,20,20
5,228,20.00,1,76.163,76.163,20,20
5,229,20.00,1,77.824,77.824,20,20
5,230,20.00,1,60.521,60.521,20,20
5,231,20.00,1,103.664,103.664,20,19
5,232,20.00,1,84.719,84.719,19,19
5,233,20.00,1,70.898,70.898,19,19
5,234,20.00,1,54.237,54.237,19,19
5,235,20.00,1,63.484,63.484,19,19
5,236,20.00,1,57.610,57.610,19,19
5,237,20.00,1,53.863,53.863,19,20
5,238,20.00,1,70.467,70.467,20,20
5,239,20.00,1,74.431,74.431,20,20
5,240,20.00,1,67.968,67.968,20,20
5,241,20.00,1,67.298,67.298,19,19
5,242,20.00,1,69.373,69.373,17,19
5,243,20.00,1,72.067,72.067,17,18
5,244,20.00,1,70.487,70.487,16,19
5,245,20.00,1,101.741,101.741,19,19
5,246,20.00,1,107.782,107.782,19,19
5,247,20.00,1,86.494,86.494,19,18
5,248,20.00,1,83.810,83.810,18,17
5,249,20.00,1,76.489,76.489,17,18
6,0,20.00,1,106.440,106.440,20,21
6,1,20.00,1,97.227,97.227,21,20
6,2,20.00,1,80.454,80.454,20,21
6,3,20.00,1,78.957,78.957,21,21
6,4,20.00,1,76.481,76.481,21,21
6,5,20.00,1,84.448,84.448,21,21
6,6,20.00,1,58.283,58.283,21,21
6,7,20.00,1,80.623,80.623,21,21
6,8,20.00,1,81.233,81.233,21,21
6,9,20.00,1,63.615,63.615,21,21
6,10,20.00,1,64.329,64.329,19,21
6,11,20.00,1,63.439,63.439,20,20
6,12,20.00,1,61.121,61.121,18,20
6,13,20.00,1,64.623,64.623,18,19
6,14,20.00,1,81.620,81.620,19,19
6,15,20.00,1,75.137,75.137,19,19
6,16,20.00,1,66.228,66.228,19,19
6,17,20.00,1,66.293,66.293,18,19
6,18,20.00,1,65.499,65.499,18,19
6,19,20.00,1,62.441,62.441,18,19
6,20,20.00,1,62.772,62.772,17,18
6,21,20.00,1,80.534,80.534,18,18
6,22,20.00,1,70.387,70.387,18,18
6,23,20.00,1,70.523,70.523,18,17
6,24,20.00,1,73.538,73.538,17,17
6,25,20.00,1,67.886,67.886,16,17
6,26,20.00,1,58.265,58.265,15,16
6,27,20.00,1,64.058,64.058,14,16
6,28,20.00,1,75.850,75.850,16,14
6,29,20.00,1,82.019,82.019,14,15
6,30,20.00,1,72.570,72.570,15,15
6,31,20.00,1,69.011,69.011,14,15
6,32,20.00,1,63.301,63.301,14,16
6,33,20.00,1,62.119,62.119,15,17
6,34,20.00,1,62.043,62.043,16,16
6,35,20.00,1,84.599,84.599,16,16
6,36,20.00,1,83.002,83.002,16,15
6,37,20.00,1,65.418,65.418,15,15
6,38,20.00,1,65.800,65.800,14,14
6,39,20.00,1,64.428,64.428,13,14
6,40,20.00,1,67.996,67.996,13,13
6,41,20.00,1,59.463,59.463,12,13
6,42,20.00,1,78.869,78.869,13,13
6,43,20.00,1,104.726,104.726,13,13
6,44,20.00,1,94.250,94.250,13,13
6,45,20.00,1,88.854,88.854,12,13
6,46,20.00,1,83.271,83.271,12,13
6,47,20.00,1,76.169,76.169,11,13
6,48,20.00,1,80.331,80.331,11,13
6,49,20.00,1,112.529,112.529,13,13
6,50,20.00,1,105.111,105.111,13,13
6,51,20.00,1,81.590,81.590,13,12
6,52,20.00,1,80.898,80.898,12,12
6,53,20.00,1,77.462,77.462,12,12
6,54,20.00,1,76.398,76.398,12,13
6,55,20.00,1,61.825,61.825,13,13
6,56,20.00,1,94.536,94.536,13,13
6,57,20.00,1,104.523,104.523,13,13
6,58,20.00,1,89.856,89.856,13,13
6,59,20.00,1,79.051,79.051,13,13
6,60,20.00,1,82.225,82.225,13,13
6,61,20.00,1,68.310,68.310,13,13
6,62,20.00,1,67.745,67.745,13,12
6,63,20.00,1,97.113,97.113,12,12
6,64,20.00,1,86.671,86.671,12,12
6,65,20.00,1,79.115,79.115,12,12
6,66,20.00,1,87.252,87.252,12,12
6,67,20.00,1,77.509,77.509,11,13
6,68,20.00,1,71.005,71.005,12,11
6,69,20.00,1,71.362,71.362,10,11
6,70,20.00,1,108.263,108.263,11,11
6,71,20.00,1,109.420,109.420,11,13
6,72,20.00,1,84.845,84.845,13,14
6,73,20.00,1,81.945,81.945,14,14
6,74,20.00,1,72.317,72.317,14,14
6,75,20.00,1,74.421,74.421,14,14
6,76,20.00,1,66.604,66.604,14,14
6,77,20.00,1,94.843,94.843,14,14
6,78,20.00,1,100.645,100.645,14,14
6,79,20.00,1,87.408,87.408,14,13
6,80,20.00,1,95.208,95.208,13,13
6,81,20.00,1,75.150,75.150,13,12
6,82,20.00,1,79.017,79.017,12,12
6,83,20.00,1,63.618,63.618,12,13
6,84,20.00,1,113.958,113.958,13,13
6,85,20.00,1,89.933,89.933,13,13
6,86,20.00,1,89.322,89.322,13,13
6,87,20.00,1,83.957,83.957,13,13
6,88,20.00,1,73.374,73.374,13,14
6,89,20.00,1,88.605,88.605,14,14
6,90,20.00,1,56.477,56.477,14,14
6,91,20.00,1,112.098,112.098,14,14
6,92,20.00,1,116.520,116.520,14,14
6,93,20.00,1,88.274,88.274,14,14
6,94,20.00,1,79.626,79.626,14,14
6,95,20.00,1,71.544,71.544,14,14
6,96,20.00,1,73.415,73.415,14,14
6,97,20.00,1,81.117,81.117,14,14
6,98,20.00,1,109.690,109.690,14,14
6,99,20.00,1,91.633,91.633,14,15
6,100,20.00,1,88.453,88.453,15,15
6,101,20.00,1,92.797,92.797,15,16
6,102,20.00,1,70.237,70.237,16,16
6,103,20.00,1,71.861,71.861,16,16
6,104,20.00,1,63.767,63.767,16,16
6,105,20.00,1,106.868,106.868,16,16
6,106,20.00,1,91.561,91.561,16,16
6,107,20.00,1,89.922,89.922,16,16
6,108,20.00,1,86.200,86.200,16,16
6,109,20.00,1,71.769,71.769,16,16
6,110,20.00,1,69.412,69.412,16,16
6,111,20.00,1,64.331,64.331,16,16
6,112,20.00,1,111.224,111.224,16,16
6,113,20.00,1,93.438,93.438,16,16
6,114,20.00,1,91.487,91.487,16,16
6,115,20.00,1,82.903,82.903,16,16
6,116,20.00,1,79.635,79.635,16,16
6,117,20.00,1,69.294,69.294,16,16
6,118,20.00,1,76.901,76.901,16,16
6,119,20.00,1,112.092,112.092,16,16
6,120,20.00,1,105.142,105.142,16,16
6,121,20.00,1,76.789,76.789,16,17
6,122,20.00,1,78.912,78.912,17,18
6,123,20.00,1,71.255,71.255,18,18
6,124,20.00,1,66.427,66.427,18,17
6,125,20.00,1,66.563,66.563,17,17
6,126,20.00,1,102.491,102.491,17,17
6,127,20.00,1,104.480,104.480,17,17
6,128,20.00,1,81.981,81.981,17,17
6,129,20.00,1,95.436,95.436,17,16
6,130,20.00,1,72.829,72.829,16,16
6,131,20.00,1,77.493,77.493,16,16
6,132,20.00,1,71.048,71.048,16,15
6,133,20.00,1,106.176,106.176,15,15
6,134,20.00,1,103.816,103.816,15,15
6,135,20.00,1,90.935,90.935,15,15
6,136,20.00,1,82.184,82.184,15,14
6,137,20.00,1,87.476,87.476,14,14
6,138,20.00,1,74.106,74.106,14,13
6,139,20.00,1,78.452,78.452,13,13
6,140,20.00,1,117.134,117.134,13,13
6,141,20.00,1,92.535,92.535,13,13
6,142,20.00,1,80.969,80.969,13,15
6,143,20.00,1,86.216,86.216,15,16
6,144,20.00,1,73.910,73.910,16,16
6,145,20.00,1,67.168,67.168,16,16
6,146,20.00,1,70.881,70.881,16,16
6,147,20.00,1,94.851,94.851,16,16
6,148,20.00,1,92.668,92.668,16,16
6,149,20.00,1,86.582,86.582,16,16
6,150,20.00,1,94.749,94.749,15,16
6,151,20.00,1,84.203,84.203,15,16
6,152,20.00,1,75.044,75.044,15,16
6,153,20.00,1,75.481,75.481,15,17
6,154,20.00,1,107.214,107.214,17,16
6,155,20.00,1,98.470,98.470,16,16
6,156,20.00,1,67.052,67.052,16,16
6,157,20.00,1,65.844,65.844,16,16
6,158,20.00,1,60.110,60.110,16,16
6,159,20.00,1,60.668,60.668,16,16
6,160,20.00,1,62.213,62.213,16,15
6,161,20.00,1,77.620,77.620,15,15
6,162,20.00,1,70.800,70.800,15,15
6,163,20.00,1,71.141,71.141,14,15
6,164,20.00,1,73.721,73.721,14,15
6,165,20.00,1,70.117,70.117,14,15
6,166,20.00,1,68.547,68.547,13,15
6,167,20.00,1,61.523,61.523,13,15
6,168,20.00,1,77.802,77.802,15,16
6,169,20.00,1,81.772,81.772,16,16
6,170,20.00,1,66.648,66.648,16,16
6,171,20.00,1,67.212,67.212,15,17
6,172,20.00,1,66.260,66.260,16,18
6,173,20.00,1,64.500,64.500,16,18
6,174,20.00,1,59.676,59.676,16,19
6,175,20.00,1,80.328,80.328,19,19
6,176,20.00,1,70.061,70.061,19,19
6,177,20.00,1,74.000,74.000,19,19
6,178,20.00,1,78.168,78.168,18,18
6,179,20.00,1,80.585,80.585,17,17
6,180,20.00,1,82.480,82.480,16,17
6,181,20.00,1,70.173,70.173,16,17
6,182,20.00,1,104.507,104.507,17,17
6,183,20.00,1,88.326,88.326,17,18
6,184,20.00,1,99.352,99.352,18,17
6,185,20.00,1,91.495,91.495,17,17
6,186,20.00,1,78.118,78.118,17,17
6,187,20.00,1,79.679,79.679,17,17
6,188,20.00,1,80.451,80.451,17,17
6,189,20.00,1,105.254,105.254,17,17
6,190,20.00,1,99.861,99.861,17,16
6,191,20.00,1,90.597,90.597,16,17
6,192,20.00,1,81.949,81.949,17,17
6,193,20.00,1,76.841,76.841,17,17
6,194,20.00,1,75.363,75.363,17,17
6,195,20.00,1,73.254,73.254,17,17
6,196,20.00,1,106.042,106.042,17,17
6,197,20.00,1,99.522,99.522,17,17
6,198,20.00,1,81.137,81.137,17,17
6,199,20.00,1,80.963,80.963,17,17
6,200,20.00,1,76.125,76.125,17,17
6,201,20.00,1,71.907,71.907,17,17
6,202,20.00,1,72.311,72.311,17,17
6,203,20.00,1,114.782,114.782,17,15
6,204,20.00,1,109.618,109.618,15,14
6,205,20.00,1,89.951,89.951,14,14
6,206,20.00,1,84.321,84.321,14,14
6,207,20.00,1,74.491,74.491,14,14
6,208,20.00,1,72.088,72.088,14,14
6,209,20.00,1,72.786,72.786,14,13
6,210,20.00,1,101.360,101.360,13,13
6,211,20.00,1,93.672,93.672,13,14
6,212,20.00,1,84.532,84.532,14,14
6,213,20.00,1,79.020,79.020,14,13
6,214,20.00,1,74.353,74.353,13,13
6,215,20.00,1,76.251,76.251,13,13
6,216,20.00,1,72.765,72.765,13,13
6,217,20.00,1,107.656,107.656,13,13
6,218,20.00,1,107.923,107.923,13,13
6,219,20.00,1,86.246,86.246,13,13
6,220,20.00,1,86.893,86.893,13,14
6,221,20.00,1,77.711,77.711,14,14
6,222,20.00,1,85.173,85.173,14,14
6,223,20.00,1,62.939,62.939,13,15
6,224,20.00,1,106.653,106.653,15,15
6,225,20.00,1,94.109,94.109,15,15
6,226,20.00,1,86.099,86.099,15,15
6,227,20.00,1,79.040,79.040,15,15
6,228,20.00,1,68.867,68.867,15,14
6,229,20.00,1,76.426,76.426,14,14
6,230,20.00,1,72.576,72.576,14,14
6,231,20.00,1,114.769,114.769,14,14
6,232,20.00,1,104.875,104.875,14,14
6,233,20.00,1,82.773,82.773,14,15
6,234,20.00,1,80.873,80.873,15,14
6,235,20.00,1,78.331,78.331,14,14
6,236,20.00,1,73.215,73.215,14,14
6,237,20.00,1,71.817,71.817,14,14
6,238,20.00,1,103.582,103.582,14,14
6,239,20.00,1,92.577,92.577,14,14
6,240,20.00,1,86.084,86.084,14,14
6,241,20.00,1,84.959,84.959,14,14
6,242,20.00,1,72.629,72.629,14,14
6,243,20.00,1,75.888,75.888,14,15
6,244,20.00,1,75.320,75.320,15,16
6,245,20.00,1,100.084,100.084,16,16
6,246,20.00,1,97.343,97.343,16,16
6,247,20.00,1,94.206,94.206,16,16
6,248,20.00,1,80.449,80.449,16,16
6,249,20.00,1,78.204,78.204,16,16
7,0,20.00,1,122.073,122.073,18,18
7,1,20.00,1,91.894,91.894,18,17
7,2,20.00,1,85.834,85.834,17,17
7,3,20.00,1,74.744,74.744,17,17
7,4,20.00,1,77.783,77.783,17,17
7,5,20.00,1,70.666,70.666,17,17
7,6,20.00,1,62.130,62.130,17,16
7,7,20.00,1,123.733,123.733,16,16
7,8,20.00,1,85.908,85.908,16,15
7,9,20.00,1,82.925,82.925,15,15
7,10,20.00,1,73.744,73.744,15,15
7,11,20.00,1,80.784,80.784,15,15
7,12,20.00,1,71.707,71.707,15,14
7,13,20.00,1,57.567,57.567,14,14
7,14,20.00,1,128.892,128.892,14,15
7,15,20.00,1,88.292,88.292,15,15
7,16,20.00,1,90.358,90.358,15,14
7,17,20.00,1,72.130,72.130,14,14
7,18,20.00,1,79.786,79.786,14,14
7,19,20.00,1,62.916,62.916,14,15
7,20,20.00,1,65.542,65.542,15,15
7,21,20.00,1,127.714,127.714,15,15
7,22,20.00,1,91.078,91.078,15,15
7,23,20.00,1,77.043,77.043,15,15
7,24,20.00,1,81.609,81.609,15,15
7,25,20.00,1,71.019,71.019,15,15
7,26,20.00,1,66.625,66.625,15,15
7,27,20.00,1,56.113,56.113,15,14
7,28,20.00,1,132.969,132.969,14,13
7,29,20.00,1,90.153,90.153,13,13
7,30,20.00,1,84.124,84.124,13,13
7,31,20.00,1,57.031,57.031,13,13
7,32,20.00,1,58.183,58.183,13,13
7,33,20.00,1,54.884,54.884,13,13
7,34,20.00,1,48.940,48.940,13,13
7,35,20.00,1,117.426,117.426,13,13
7,36,20.00,1,85.503,85.503,13,13
7,37,20.00,1,69.034,69.034,13,13
7,38,20.00,1,64.184,64.184,13,13
7,39,20.00,1,58.363,58.363,13,13
7,40,20.00,1,64.120,64.120,12,14
7,41,20.00,1,52.323,52.323,13,14
7,42,20.00,1,90.859,90.859,14,16
7,43,20.00,1,84.930,84.930,16,16
7,44,20.00,1,68.668,68.668,15,16
7,45,20.00,1,66.088,66.088,15,16
7,46,20.00,1,62.258,62.258,15,16
7,47,20.00,1,64.164,64.164,14,16
7,48,20.00,1,51.217,51.217,14,16
7,49,20.00,1,82.423,82.423,16,17
7,50,20.00,1,85.829,85.829,17,17
7,51,20.00,1,69.315,69.315,16,18
7,52,20.00,1,63.415,63.415,17,18
7,53,20.00,1,71.337,71.337,17,17
7,54,20.00,1,60.310,60.310,16,17
7,55,20.00,1,59.031,59.031,16,17
7,56,20.00,1,103.592,103.592,17,17
7,57,20.00,1,72.196,72.196,17,17
7,58,20.00,1,66.111,66.111,16,16
7,59,20.00,1,62.236,62.236,15,16
7,60,20.00,1,61.297,61.297,14,16
7,61,20.00,1,77.568,77.568,14,16
7,62,20.00,1,82.512,82.512,14,15
7,63,20.00,1,111.111,111.111,15,17
7,64,20.00,1,81.972,81.972,17,17
7,65,20.00,1,82.211,82.211,17,17
7,66,20.00,1,82.446,82.446,17,17
7,67,20.00,1,64.677,64.677,17,16
7,68,20.00,1,81.364,81.364,15,17
7,69,20.00,1,75.682,75.682,15,17
7,70,20.00,1,109.582,109.582,17,17
7,71,20.00,1,99.621,99.621,17,16
7,72,20.00,1,86.377,86.377,16,16
7,73,20.00,1,66.207,66.207,16,17
7,74,20.00,1,76.854,76.854,16,18
7,75,20.00,1,72.008,72.008,17,17
7,76,20.00,1,57.482,57.482,16,17
7,77,20.00,1,110.860,110.860,17,17
7,78,20.00,1,72.158,72.158,17,17
7,79,20.00,1,91.455,91.455,17,17
7,80,20.00,1,82.692,82.692,17,17
7,81,20.00,1,72.871,72.871,17,17
7,82,20.00,1,64.929,64.929,17,17
7,83,20.00,1,62.920,62.920,16,17
7,84,20.00,1,131.681,131.681,17,17
7,85,20.00,1,93.458,93.458,17,17
7,86,20.00,1,69.501,69.501,17,17
7,87,20.00,1,80.684,80.684,17,17
7,88,20.00,1,69.481,69.481,17,17
7,89,20.00,1,74.360,74.360,17,17
7,90,20.00,1,48.568,48.568,17,16
7,91,20.00,1,139.893,139.893,16,16
7,92,20.00,1,89.138,89.138,16,16
7,93,20.00,1,87.310,87.310,16,18
7,94,20.00,1,68.334,68.334,18,17
7,95,20.00,1,70.891,70.891,17,17
7,96,20.00,1,68.566,68.566,17,18
7,97,20.00,1,47.109,47.109,18,18
7,98,20.00,1,110.994,110.994,18,20
7,99,20.00,1,82.247,82.247,20,20
7,100,20.00,1,78.961,78.961,20,19
7,101,20.00,1,71.868,71.868,19,19
7,102,20.00,1,68.806,68.806,19,20
7,103,20.00,1,69.450,69.450,20,20
7,104,20.00,1,64.795,64.795,20,19
7,105,20.00,1,117.222,117.222,19,19
7,106,20.00,1,89.591,89.591,19,19
7,107,20.00,1,73.712,73.712,19,19
7,108,20.00,1,84.246,84.246,19,19
7,109,20.00,1,69.802,69.802,19,19
7,110,20.00,1,67.316,67.316,19,19
7,111,20.00,1,58.567,58.567,19,19
7,112,20.00,1,124.591,124.591,19,19
7,113,20.00,1,93.690,93.690,19,19
7,114,20.00,1,82.632,82.632,19,19
7,115,20.00,1,84.030,84.030,19,19
7,116,20.00,1,76.385,76.385,19,19
7,117,20.00,1,82.320,82.320,19,19
7,118,20.00,1,51.198,51.198,18,20
7,119,20.00,1,142.543,142.543,20,21
7,120,20.00,1,88.423,88.423,21,20
7,121,20.00,1,81.644,81.644,20,21
7,122,20.00,1,78.634,78.634,21,21
7,123,20.00,1,72.450,72.450,21,21
7,124,20.00,1,67.730,67.730,21,20
7,125,20.00,1,50.135,50.135,20,20
7,126,20.00,1,116.573,116.573,20,19
7,127,20.00,1,89.982,89.982,19,20
7,128,20.00,1,79.854,79.854,20,20
7,129,20.00,1,73.169,73.169,20,20
7,130,20.00,1,59.216,59.216,20,19
7,131,20.00,1,56.118,56.118,18,19
7,132,20.00,1,61.970,61.970,18,19
7,133,20.00,1,84.238,84.238,19,18
7,134,20.00,1,77.394,77.394,18,17
7,135,20.00,1,70.607,70.607,16,18
7,136,20.00,1,61.662,61.662,17,18
7,137,20.00,1,57.740,57.740,17,18
7,138,20.00,1,57.239,57.239,16,18
7,139,20.00,1,61.147,61.147,16,18
7,140,20.00,1,104.352,104.352,18,18
7,141,20.00,1,71.437,71.437,18,18
7,142,20.00,1,68.315,68.315,17,18
7,143,20.00,1,66.287,66.287,17,18
7,144,20.00,1,62.059,62.059,17,18
7,145,20.00,1,54.476,54.476,16,18
7,146,20.00,1,57.914,57.914,16,18
7,147,20.00,1,83.022,83.022,18,18
7,148,20.00,1,85.519,85.519,18,17
7,149,20.00,1,67.879,67.879,16,17
7,150,20.00,1,62.238,62.238,16,16
7,151,20.00,1,64.946,64.946,15,16
7,152,20.00,1,60.468,60.468,15,15
7,153,20.00,1,56.074,56.074,13,17
7,154,20.00,1,88.093,88.093,17,17
7,155,20.00,1,84.292,84.292,17,16
7,156,20.00,1,67.677,67.677,15,17
7,157,20.00,1,61.743,61.743,16,17
7,158,20.00,1,60.669,60.669,16,18
7,159,20.00,1,67.175,67.175,16,15
7,160,20.00,1,66.331,66.331,13,15
7,161,20.00,1,86.410,86.410,15,15
7,162,20.00,1,74.847,74.847,15,15
7,163,20.00,1,65.088,65.088,14,15
7,164,20.00,1,67.114,67.114,14,15
7,165,20.00,1,61.232,61.232,14,14
7,166,20.00,1,61.496,61.496,12,15
7,167,20.00,1,58.445,58.445,13,15
7,168,20.00,1,70.944,70.944,15,15
7,169,20.00,1,79.223,79.223,15,14
7,170,20.00,1,97.376,97.376,14,14
7,171,20.00,1,65.523,65.523,13,14
7,172,20.00,1,73.890,73.890,13,14
7,173,20.00,1,76.169,76.169,13,14
7,174,20.00,1,66.112,66.112,13,14
7,175,20.00,1,96.032,96.032,14,13
7,176,20.00,1,103.079,103.079,13,13
7,177,20.00,1,81.611,81.611,13,12
7,178,20.00,1,77.772,77.772,12,12
7,179,20.00,1,83.236,83.236,12,12
7,180,20.00,1,72.710,72.710,12,12
7,181,20.00,1,63.679,63.679,11,12
7,182,20.00,1,101.018,101.018,12,12
7,183,20.00,1,105.267,105.267,12,13
7,184,20.00,1,80.883,80.883,13,13
7,185,20.00,1,78.638,78.638,13,13
7,186,20.00,1,76.956,76.956,13,13
7,187,20.00,1,77.546,77.546,12,13
7,188,20.00,1,74.771,74.771,12,13
7,189,20.00,1,123.042,123.042,13,13
7,190,20.00,1,85.533,85.533,13,12
7,191,20.00,1,81.599,81.599,12,13
7,192,20.00,1,80.373,80.373,13,14
7,193,20.00,1,72.372,72.372,14,12
7,194,20.00,1,54.381,54.381,12,12
7,195,20.00,1,52.747,52.747,12,12
7,196,20.00,1,111.782,111.782,12,14
7,197,20.00,1,108.238,108.238,14,14
7,198,20.00,1,89.115,89.115,14,15
7,199,20.00,1,77.655,77.655,15,16
7,200,20.00,1,73.912,73.912,15,16
7,201,20.00,1,79.728,79.728,15,16
7,202,20.00,1,64.007,64.007,15,15
7,203,20.00,1,106.398,106.398,15,16
7,204,20.00,1,91.828,91.828,16,16
7,205,20.00,1,72.597,72.597,16,16
7,206,20.00,1,74.365,74.365,16,16
7,207,20.00,1,83.655,83.655,16,17
7,208,20.00,1,69.391,69.391,17,18
7,209,20.00,1,63.823,63.823,17,18
7,210,20.00,1,119.125,119.125,18,18
7,211,20.00,1,89.827,89.827,18,18
7,212,20.00,1,80.616,80.616,18,18
7,213,20.00,1,74.348,74.348,18,18
7,214,20.00,1,68.585,68.585,18,19
7,215,20.00,1,70.113,70.113,19,19
7,216,20.00,1,56.664,56.664,19,18
7,217,20.00,1,130.501,130.501,18,18
7,218,20.00,1,86.192,86.192,18,18
7,219,20.00,1,76.265,76.265,18,18
7,220,20.00,1,82.353,82.353,18,18
7,221,20.00,1,82.199,82.199,18,18
7,222,20.00,1,68.453,68.453,18,18
7,223,20.00,1,52.695,52.695,18,18
7,224,20.00,1,130.823,130.823,18,17
7,225,20.00,1,88.693,88.693,17,16
7,226,20.00,1,84.141,84.141,16,16
7,227,20.00,1,81.203,81.203,16,16
7,228,20.00,1,74.027,74.027,16,17
7,229,20.00,1,65.972,65.972,17,18
7,230,20.00,1,51.721,51.721,18,18
7,231,20.00,1,115.107,115.107,18,18
7,232,20.00,1,87.503,87.503,18,16
7,233,20.00,1,86.468,86.468,16,16
7,234,20.00,1,74.274,74.274,16,16
7,235,20.00,1,74.536,74.536,16,16
7,236,20.00,1,69.759,69.759,16,16
7,237,20.00,1,60.681,60.681,16,16
7,238,20.00,1,125.856,125.856,16,16
7,239,20.00,1,93.977,93.977,16,16
7,240,20.00,1,79.053,79.053,16,17
7,241,20.00,1,82.135,82.135,17,17
7,242,20.00,1,81.224,81.224,17,17
7,243,20.00,1,65.275,65.275,17,17
7,244,20.00,1,54.962,54.962,17,17
7,245,20.00,1,127.286,127.286,17,17
7,246,20.00,1,84.583,84.583,17,18
7,247,20.00,1,76.403,76.403,18,18
7,248,20.00,1,74.723,74.723,18,18
7,249,20.00,1,70.491,70.491,18,18
8,0,20.00,1,89.554,89.554,14,14
8,1,20.00,1,91.227,91.227,14,14
8,2,20.00,1,69.259,69.259,12,14
8,3,20.00,1,70.195,70.195,12,15
8,4,20.00,1,69.890,69.890,13,14
8,5,20.00,1,68.906,68.906,12,15
8,6,20.00,1,65.326,65.326,13,15
8,7,20.00,1,94.573,94.573,14,15
8,8,20.00,1,85.907,85.907,15,15
8,9,20.00,1,71.280,71.280,14,15
8,10,20.00,1,70.536,70.536,14,15
8,11,20.00,1,68.606,68.606,14,15
8,12,20.00,1,64.506,64.506,13,15
8,13,20.00,1,65.123,65.123,13,16
8,14,20.00,1,81.443,81.443,16,16
8,15,20.00,1,78.493,78.493,16,16
8,16,20.00,1,79.158,79.158,16,16
8,17,20.00,1,72.527,72.527,16,16
8,18,20.00,1,72.231,72.231,16,16
8,19,20.00,1,60.728,60.728,16,16
8,20,20.00,1,61.386,61.386,14,16
8,21,20.00,1,77.865,77.865,16,15
8,22,20.00,1,85.719,85.719,15,15
8,23,20.00,1,87.167,87.167,15,15
8,24,20.00,1,72.506,72.506,14,14
8,25,20.00,1,65.753,65.753,13,13
8,26,20.00,1,62.021,62.021,12,13
8,27,20.00,1,66.152,66.152,11,14
8,28,20.00,1,83.283,83.283,14,13
8,29,20.00,1,87.242,87.242,13,13
8,30,20.00,1,76.257,76.257,12,13
8,31,20.00,1,64.945,64.945,12,13
8,32,20.00,1,74.530,74.530,12,13
8,33,20.00,1,72.806,72.806,12,12
8,34,20.00,1,56.851,56.851,10,12
8,35,20.00,1,91.440,91.440,12,12
8,36,20.00,1,85.539,85.539,12,12
8,37,20.00,1,69.145,69.145,11,12
8,38,20.00,1,68.142,68.142,11,11
8,39,20.00,1,75.477,75.477,10,11
8,40,20.00,1,66.166,66.166,10,11
8,41,20.00,1,64.409,64.409,10,11
8,42,20.00,1,85.484,85.484,11,11
8,43,20.00,1,78.991,78.991,11,11
8,44,20.00,1,88.851,88.851,11,11
8,45,20.00,1,65.287,65.287,10,12
8,46,20.00,1,73.682,73.682,11,12
8,47,20.00,1,67.820,67.820,11,13
8,48,20.00,1,60.895,60.895,11,14
8,49,20.00,1,97.684,97.684,14,14
8,50,20.00,1,84.328,84.328,14,14
8,51,20.00,1,69.695,69.695,13,16
8,52,20.00,1,76.665,76.665,15,16
8,53,20.00,1,68.747,68.747,15,17
8,54,20.00,1,62.621,62.621,15,16
8,55,20.00,1,59.202,59.202,14,16
8,56,20.00,1,79.913,79.913,16,16
8,57,20.00,1,76.988,76.988,16,16
8,58,20.00,1,76.706,76.706,16,16
8,59,20.00,1,94.301,94.301,16,16
8,60,20.00,1,69.594,69.594,15,16
8,61,20.00,1,59.973,59.973,15,17
8,62,20.00,1,56.401,56.401,15,17
8,63,20.00,1,91.523,91.523,17,17
8,64,20.00,1,82.215,82.215,17,17
8,65,20.00,1,83.906,83.906,16,17
8,66,20.00,1,68.984,68.984,16,18
8,67,20.00,1,67.797,67.797,17,17
8,68,20.00,1,68.484,68.484,15,18
8,69,20.00,1,64.123,64.123,17,18
8,70,20.00,1,86.503,86.503,17,18
8,71,20.00,1,76.432,76.432,17,19
8,72,20.00,1,73.853,73.853,18,19
8,73,20.00,1,71.035,71.035,17,20
8,74,20.00,1,65.861,65.861,19,20
8,75,20.00,1,66.027,66.027,18,20
8,76,20.00,1,62.073,62.073,18,20
8,77,20.00,1,72.231,72.231,20,20
8,78,20.00,1,78.576,78.576,19,20
8,79,20.00,1,92.030,92.030,20,21
8,80,20.00,1,84.496,84.496,21,21
8,81,20.00,1,68.470,68.470,20,21
8,82,20.00,1,61.310,61.310,20,21
8,83,20.00,1,60.877,60.877,19,21
8,84,20.00,1,74.061,74.061,21,20
8,85,20.00,1,84.366,84.366,20,21
8,86,20.00,1,81.691,81.691,21,20
8,87,20.00,1,65.921,65.921,20,20
8,88,20.00,1,64.855,64.855,20,20
8,89,20.00,1,70.764,70.764,20,20
8,90,20.00,1,71.751,71.751,19,20
8,91,20.00,1,79.202,79.202,20,20
8,92,20.00,1,97.653,97.653,20,20
8,93,20.00,1,75.246,75.246,19,20
8,94,20.00,1,71.079,71.079,19,20
8,95,20.00,1,64.640,64.640,19,20
8,96,20.00,1,63.506,63.506,18,20
8,97,20.00,1,68.103,68.103,18,20
8,98,20.00,1,75.078,75.078,20,19
8,99,20.00,1,120.913,120.913,19,19
8,100,20.00,1,90.048,90.048,19,19
8,101,20.00,1,101.671,101.671,19,17
8,102,20.00,1,71.871,71.871,17,17
8,103,20.00,1,64.415,64.415,17,16
8,104,20.00,1,64.560,64.560,16,15
8,105,20.00,1,128.313,128.313,15,15
8,106,20.00,1,96.445,96.445,15,15
8,107,20.00,1,101.723,101.723,15,15
8,108,20.00,1,92.273,92.273,15,14
8,109,20.00,1,94.278,94.278,14,14
8,110,20.00,1,64.164,64.164,14,15
8,111,20.00,1,75.742,75.742,15,15
8,112,20.00,1,128.886,128.886,15,15
8,113,20.00,1,91.990,91.990,15,14
8,114,20.00,1,88.184,88.184,14,14
8,115,20.00,1,88.317,88.317,14,14
8,116,20.00,1,77.010,77.010,14,14
8,117,20.00,1,71.946,71.946,14,14
8,118,20.00,1,70.172,70.172,14,15
8,119,20.00,1,118.566,118.566,15,15
8,120,20.00,1,101.261,101.261,15,16
8,121,20.00,1,91.319,91.319,16,16
8,122,20.00,1,81.471,81.471,16,15
8,123,20.00,1,78.528,78.528,15,15
8,124,20.00,1,73.312,73.312,15,15
8,125,20.00,1,81.800,81.800,15,15
8,126,20.00,1,129.578,129.578,15,15
8,127,20.00,1,110.074,110.074,15,15
8,128,20.00,1,86.810,86.810,15,15
8,129,20.00,1,98.344,98.344,15,15
8,130,20.00,1,81.272,81.272,15,16
8,131,20.00,1,77.763,77.763,16,16
8,132,20.00,1,53.070,53.070,16,16
8,133,20.00,1,97.047,97.047,16,16
8,134,20.00,1,84.966,84.966,16,16
8,135,20.00,1,77.725,77.725,15,16
8,136,20.00,1,77.996,77.996,15,16
8,137,20.00,1,74.766,74.766,15,16
8,138,20.00,1,68.894,68.894,15,17
8,139,20.00,1,62.160,62.160,16,17
8,140,20.00,1,91.790,91.790,17,17
8,141,20.00,1,87.764,87.764,17,18
8,142,20.00,1,75.944,75.944,17,19
8,143,20.00,1,73.451,73.451,18,19
8,144,20.00,1,73.755,73.755,18,19
8,145,20.00,1,66.435,66.435,18,19
8,146,20.00,1,57.164,57.164,17,19
8,147,20.00,1,92.164,92.164,19,19
8,148,20.00,1,89.849,89.849,19,19
8,149,20.00,1,71.657,71.657,18,19
8,150,20.00,1,79.682,79.682,18,19
8,151,20.00,1,68.228,68.228,18,19
8,152,20.00,1,67.643,67.643,17,19
8,153,20.00,1,63.618,63.618,17,19
8,154,20.00,1,85.324,85.324,19,19
8,155,20.00,1,84.288,84.288,19,19
8,156,20.00,1,75.985,75.985,18,17
8,157,20.00,1,73.131,73.131,16,17
8,158,20.00,1,66.755,66.755,16,17
8,159,20.00,1,73.816,73.816,15,16
8,160,20.00,1,62.584,62.584,14,16
8,161,20.00,1,79.680,79.680,16,16
8,162,20.00,1,93.374,93.374,16,16
8,163,20.00,1,81.322,81.322,16,16
8,164,20.00,1,69.835,69.835,15,16
8,165,20.00,1,71.867,71.867,15,16
8,166,20.00,1,70.051,70.051,15,16
8,167,20.00,1,59.123,59.123,14,16
8,168,20.00,1,89.113,89.113,16,16
8,169,20.00,1,79.547,79.547,16,15
8,170,20.00,1,83.348,83.348,15,15
8,171,20.00,1,68.411,68.411,14,15
8,172,20.00,1,67.354,67.354,14,13
8,173,20.00,1,66.377,66.377,12,14
8,174,20.00,1,64.696,64.696,13,14
8,175,20.00,1,80.264,80.264,14,14
8,176,20.00,1,102.572,102.572,14,14
8,177,20.00,1,79.843,79.843,14,13
8,178,20.00,1,79.441,79.441,13,13
8,179,20.00,1,68.724,68.724,12,13
8,180,20.00,1,68.018,68.018,12,13
8,181,20.00,1,60.043,60.043,12,13
8,182,20.00,1,74.837,74.837,13,13
8,183,20.00,1,77.377,77.377,13,12
8,184,20.00,1,87.609,87.609,12,12
8,185,20.00,1,65.738,65.738,11,12
8,186,20.00,1,68.982,68.982,11,12
8,187,20.00,1,68.321,68.321,11,12
8,188,20.00,1,70.558,70.558,11,12
8,189,20.00,1,81.302,81.302,12,12
8,190,20.00,1,79.947,79.947,12,12
8,191,20.00,1,98.835,98.835,12,12
8,192,20.00,1,70.321,70.321,11,12
8,193,20.00,1,70.735,70.735,11,12
8,194,20.00,1,66.635,66.635,11,13
8,195,20.00,1,62.787,62.787,12,12
8,196,20.00,1,86.522,86.522,12,12
8,197,20.00,1,90.506,90.506,12,12
8,198,20.00,1,79.390,79.390,12,12
8,199,20.00,1,69.435,69.435,11,12
8,200,20.00,1,67.572,67.572,11,12
8,201,20.00,1,70.724,70.724,11,12
8,202,20.00,1,63.672,63.672,11,11
8,203,20.00,1,83.884,83.884,11,11
8,204,20.00,1,89.511,89.511,11,12
8,205,20.00,1,88.086,88.086,12,12
8,206,20.00,1,86.712,86.712,11,12
8,207,20.00,1,65.855,65.855,11,12
8,208,20.00,1,60.967,60.967,11,12
8,209,20.00,1,67.062,67.062,11,13
8,210,20.00,1,99.241,99.241,13,13
8,211,20.00,1,82.772,82.772,13,13
8,212,20.00,1,66.132,66.132,12,13
8,213,20.00,1,76.540,76.540,12,13
8,214,20.00,1,72.288,72.288,12,13
8,215,20.00,1,66.975,66.975,12,13
8,216,20.00,1,73.274,73.274,11,13
8,217,20.00,1,80.844,80.844,13,13
8,218,20.00,1,85.794,85.794,13,13
8,219,20.00,1,78.292,78.292,13,14
8,220,20.00,1,96.793,96.793,14,14
8,221,20.00,1,71.481,71.481,13,14
8,222,20.00,1,58.787,58.787,13,14
8,223,20.00,1,55.091,55.091,13,14
8,224,20.00,1,86.792,86.792,14,14
8,225,20.00,1,95.609,95.609,14,14
8,226,20.00,1,95.220,95.220,14,14
8,227,20.00,1,92.075,92.075,13,13
8,228,20.00,1,78.586,78.586,12,13
8,229,20.00,1,92.544,92.544,12,13
8,230,20.00,1,76.555,76.555,12,13
8,231,20.00,1,109.070,109.070,13,12
8,232,20.00,1,95.933,95.933,12,12
8,233,20.00,1,83.197,83.197,12,12
8,234,20.00,1,87.165,87.165,12,13
8,235,20.00,1,76.975,76.975,13,13
8,236,20.00,1,72.942,72.942,13,13
8,237,20.00,1,56.132,56.132,12,13
8,238,20.00,1,97.850,97.850,13,14
8,239,20.00,1,79.739,79.739,14,14
8,240,20.00,1,72.722,72.722,13,15
8,241,20.00,1,70.239,70.239,14,15
8,242,20.00,1,71.264,71.264,14,15
8,243,20.00,1,67.164,67.164,14,16
8,244,20.00,1,62.869,62.869,14,16
8,245,20.00,1,88.965,88.965,16,16
8,246,20.00,1,88.907,88.907,16,15
8,247,20.00,1,86.497,86.497,14,15
8,248,20.00,1,70.207,70.207,14,15
8,249,20.00,1,70.136,70.136,14,14
9,0,20.00,1,105.129,105.129,18,18
9,1,20.00,1,92.976,92.976,18,18
9,2,20.00,1,83.616,83.616,18,18
9,3,20.00,1,78.646,78.646,18,17
9,4,20.00,1,71.018,71.018,17,18
9,5,20.00,1,72.387,72.387,18,18
9,6,20.00,1,76.397,76.397,18,18
9,7,20.00,1,117.693,117.693,18,18
9,8,20.00,1,99.848,99.848,18,18
9,9,20.00,1,102.226,102.226,18,18
9,10,20.00,1,71.793,71.793,18,18
9,11,20.00,1,84.269,84.269,18,19
9,12,20.00,1,74.592,74.592,19,19
9,13,20.00,1,70.563,70.563,19,19
9,14,20.00,1,118.730,118.730,19,19
9,15,20.00,1,101.390,101.390,19,18
9,16,20.00,1,100.470,100.470,17,17
9,17,20.00,1,77.750,77.750,16,17
9,18,20.00,1,77.680,77.680,16,17
9,19,20.00,1,67.994,67.994,16,18
9,20,20.00,1,67.212,67.212,17,18
9,21,20.00,1,113.412,113.412,18,18
9,22,20.00,1,94.396,94.396,18,18
9,23,20.00,1,83.867,83.867,18,18
9,24,20.00,1,80.240,80.240,18,17
9,25,20.00,1,69.870,69.870,17,17
9,26,20.00,1,83.734,83.734,17,17
9,27,20.00,1,70.613,70.613,16,18
9,28,20.00,1,123.485,123.485,18,18
9,29,20.00,1,97.537,97.537,18,18
9,30,20.00,1,88.746,88.746,18,17
9,31,20.00,1,85.434,85.434,17,17
9,32,20.00,1,69.658,69.658,17,17
9,33,20.00,1,71.805,71.805,17,17
9,34,20.00,1,71.500,71.500,17,18
9,35,20.00,1,116.646,116.646,18,18
9,36,20.00,1,91.953,91.953,18,17
9,37,20.00,1,85.802,85.802,17,16
9,38,20.00,1,103.381,103.381,16,16
9,39,20.00,1,72.889,72.889,16,16
9,40,20.00,1,68.489,68.489,16,16
9,41,20.00,1,68.930,68.930,16,16
9,42,20.00,1,110.285,110.285,16,16
9,43,20.00,1,80.370,80.370,16,16
9,44,20.00,1,94.347,94.347,16,16
9,45,20.00,1,90.917,90.917,16,16
9,46,20.00,1,78.061,78.061,16,18
9,47,20.00,1,68.596,68.596,18,18
9,48,20.00,1,64.090,64.090,18,18
9,49,20.00,1,112.912,112.912,18,19
9,50,20.00,1,88.153,88.153,19,19
9,51,20.00,1,82.971,82.971,19,19
9,52,20.00,1,96.708,96.708,19,18
9,53,20.00,1,77.230,77.230,18,18
9,54,20.00,1,68.577,68.577,18,18
9,55,20.00,1,67.588,67.588,18,18
9,56,20.00,1,117.630,117.630,18,18
9,57,20.00,1,96.850,96.850,18,18
9,58,20.00,1,89.449,89.449,18,17
9,59,20.00,1,82.442,82.442,17,17
9,60,20.00,1,89.847,89.847,17,17
9,61,20.00,1,68.792,68.792,17,18
9,62,20.00,1,58.395,58.395,18,17
9,63,20.00,1,104.894,104.894,17,17
9,64,20.00,1,87.020,87.020,17,18
9,65,20.00,1,85.194,85.194,18,19
9,66,20.00,1,89.693,89.693,19,19
9,67,20.00,1,70.793,70.793,19,19
9,68,20.00,1,71.631,71.631,19,20
9,69,20.00,1,63.443,63.443,20,20
9,70,20.00,1,106.700,106.700,20,19
9,71,20.00,1,88.526,88.526,19,19
9,72,20.00,1,83.093,83.093,19,19
9,73,20.00,1,78.417,78.417,19,20
9,74,20.00,1,73.791,73.791,20,20
9,75,20.00,1,69.931,69.931,20,19
9,76,20.00,1,73.283,73.283,19,19
9,77,20.00,1,115.090,115.090,19,19
9,78,20.00,1,93.992,93.992,19,19
9,79,20.00,1,88.263,88.263,19,19
9,80,20.00,1,86.233,86.233,19,19
9,81,20.00,1,82.130,82.130,19,18
9,82,20.00,1,65.126,65.126,17,18
9,83,20.00,1,65.366,65.366,17,19
9,84,20.00,1,113.787,113.787,19,19
9,85,20.00,1,95.781,95.781,19,19
9,86,20.00,1,91.057,91.057,19,20
9,87,20.00,1,83.868,83.868,20,21
9,88,20.00,1,70.079,70.079,21,21
9,89,20.00,1,60.456,60.456,21,21
9,90,20.00,1,70.373,70.373,21,21
9,91,20.00,1,102.820,102.820,21,20
9,92,20.00,1,94.149,94.149,20,20
9,93,20.00,1,94.146,94.146,20,20
9,94,20.00,1,85.552,85.552,20,20
9,95,20.00,1,90.891,90.891,19,20
9,96,20.00,1,65.517,65.517,19,20
9,97,20.00,1,70.634,70.634,18,20
9,98,20.00,1,105.096,105.096,20,20
9,99,20.00,1,92.706,92.706,20,16
9,100,20.00,1,83.932,83.932,16,16
9,101,20.00,1,71.673,71.673,16,16
9,102,20.00,1,77.606,77.606,16,17
9,103,20.00,1,71.946,71.946,17,18
9,104,20.00,1,63.241,63.241,18,18
9,105,20.00,1,114.280,114.280,18,18
9,106,20.00,1,101.964,101.964,18,18
9,107,20.00,1,80.267,80.267,18,17
9,108,20.00,1,88.865,88.865,16,18
9,109,20.00,1,80.293,80.293,17,18
9,110,20.00,1,80.416,80.416,17,18
9,111,20.00,1,67.915,67.915,17,19
9,112,20.00,1,121.130,121.130,19,18
9,113,20.00,1,104.070,104.070,18,18
9,114,20.00,1,81.119,81.119,18,18
9,115,20.00,1,93.754,93.754,18,18
9,116,20.00,1,72.963,72.963,18,18
9,117,20.00,1,67.149,67.149,18,19
9,118,20.00,1,70.166,70.166,19,19
9,119,20.00,1,114.949,114.949,19,19
9,120,20.00,1,92.844,92.844,19,18
9,121,20.00,1,81.153,81.153,18,18
9,122,20.00,1,88.864,88.864,18,18
9,123,20.00,1,78.528,78.528,18,18
9,124,20.00,1,63.023,63.023,18,18
9,125,20.00,1,70.714,70.714,18,18
9,126,20.00,1,114.218,114.218,18,19
9,127,20.00,1,94.264,94.264,19,21
9,128,20.00,1,79.818,79.818,21,21
9,129,20.00,1,80.351,80.351,21,20
9,130,20.00,1,75.713,75.713,20,20
9,131,20.00,1,74.826,74.826,20,21
9,132,20.00,1,66.866,66.866,20,21
9,133,20.00,1,114.539,114.539,21,21
9,134,20.00,1,92.453,92.453,21,22
9,135,20.00,1,80.861,80.861,22,23
9,136,20.00,1,83.423,83.423,23,22
9,137,20.00,1,91.523,91.523,22,22
9,138,20.00,1,62.020,62.020,22,21
9,139,20.00,1,58.496,58.496,21,21
9,140,20.00,1,114.924,114.924,21,21
9,141,20.00,1,111.350,111.350,21,21
9,142,20.00,1,87.395,87.395,20,21
9,143,20.00,1,86.676,86.676,20,21
9,144,20.00,1,70.677,70.677,20,21
9,145,20.00,1,64.279,64.279,20,22
9,146,20.00,1,53.413,53.413,21,22
9,147,20.00,1,77.298,77.298,22,22
9,148,20.00,1,88.989,88.989,22,22
9,149,20.00,1,79.434,79.434,21,22
9,150,20.00,1,64.148,64.148,21,22
9,151,20.00,1,63.197,63.197,21,22
9,152,20.00,1,64.971,64.971,21,22
9,153,20.00,1,60.636,60.636,20,22
9,154,20.00,1,77.188,77.188,22,22
9,155,20.00,1,80.053,80.053,22,23
9,156,20.00,1,63.726,63.726,22,23
9,157,20.00,1,73.090,73.090,22,23
9,158,20.00,1,60.453,60.453,22,23
9,159,20.00,1,71.461,71.461,22,22
9,160,20.00,1,61.059,61.059,21,22
9,161,20.00,1,78.426,78.426,22,21
9,162,20.00,1,89.013,89.013,21,21
9,163,20.00,1,67.132,67.132,20,20
9,164,20.00,1,64.630,64.630,19,19
9,165,20.00,1,67.306,67.306,18,19
9,166,20.00,1,65.401,65.401,18,18
9,167,20.00,1,57.652,57.652,16,18
9,168,20.00,1,75.425,75.425,18,17
9,169,20.00,1,80.953,80.953,17,17
9,170,20.00,1,77.388,77.388,17,16
9,171,20.00,1,73.798,73.798,15,16
9,172,20.00,1,67.218,67.218,15,15
9,173,20.00,1,54.606,54.606,14,15
9,174,20.00,1,54.401,54.401,13,16
9,175,20.00,1,74.140,74.140,16,16
9,176,20.00,1,91.603,91.603,16,16
9,177,20.00,1,75.357,75.357,15,17
9,178,20.00,1,79.608,79.608,16,16
9,179,20.00,1,65.388,65.388,15,16
9,180,20.00,1,59.475,59.475,15,16
9,181,20.00,1,59.396,59.396,15,16
9,182,20.00,1,74.161,74.161,16,16
9,183,20.00,1,81.222,81.222,16,16
9,184,20.00,1,80.021,80.021,15,16
9,185,20.00,1,70.343,70.343,15,15
9,186,20.00,1,74.462,74.462,14,15
9,187,20.00,1,57.949,57.949,14,15
9,188,20.00,1,54.260,54.260,14,15
9,189,20.00,1,69.986,69.986,15,15
9,190,20.00,1,75.638,75.638,15,14
9,191,20.00,1,67.042,67.042,14,13
9,192,20.00,1,67.013,67.013,13,13
9,193,20.00,1,67.035,67.035,13,13
9,194,20.00,1,62.989,62.989,13,13
9,195,20.00,1,61.910,61.910,12,13
9,196,20.00,1,88.290,88.290,13,13
9,197,20.00,1,80.047,80.047,13,13
9,198,20.00,1,76.076,76.076,12,13
9,199,20.00,1,66.105,66.105,12,13
9,200,20.00,1,65.722,65.722,12,13
9,201,20.00,1,61.880,61.880,12,13
9,202,20.00,1,68.557,68.557,12,13
9,203,20.00,1,95.677,95.677,13,13
9,204,20.00,1,90.407,90.407,13,13
9,205,20.00,1,82.686,82.686,13,13
9,206,20.00,1,87.652,87.652,13,14
9,207,20.00,1,76.223,76.223,14,13
9,208,20.00,1,74.258,74.258,13,13
9,209,20.00,1,72.660,72.660,13,12
9,210,20.00,1,111.931,111.931,12,12
9,211,20.00,1,91.743,91.743,12,12
9,212,20.00,1,85.222,85.222,12,12
9,213,20.00,1,63.936,63.936,12,13
9,214,20.00,1,59.806,59.806,13,13
9,215,20.00,1,56.406,56.406,13,13
9,216,20.00,1,56.105,56.105,12,13
9,217,20.00,1,89.678,89.678,13,14
9,218,20.00,1,78.659,78.659,14,14
9,219,20.00,1,72.941,72.941,13,14
9,220,20.00,1,66.866,66.866,13,14
9,221,20.00,1,65.681,65.681,13,14
9,222,20.00,1,57.919,57.919,13,14
9,223,20.00,1,57.090,57.090,12,14
9,224,20.00,1,95.536,95.536,14,14
9,225,20.00,1,72.801,72.801,14,14
9,226,20.00,1,70.819,70.819,13,14
9,227,20.00,1,66.261,66.261,13,14
9,228,20.00,1,74.013,74.013,13,14
9,229,20.00,1,59.212,59.212,13,15
9,230,20.00,1,65.428,65.428,13,15
9,231,20.00,1,87.415,87.415,15,16
9,232,20.00,1,80.922,80.922,16,16
9,233,20.00,1,67.536,67.536,15,16
9,234,20.00,1,62.204,62.204,15,16
9,235,20.00,1,70.698,70.698,15,15
9,236,20.00,1,59.333,59.333,14,14
9,237,20.00,1,57.248,57.248,12,14
9,238,20.00,1,78.541,78.541,14,14
9,239,20.00,1,82.550,82.550,14,14
9,240,20.00,1,76.946,76.946,13,14
9,241,20.00,1,72.152,72.152,13,14
9,242,20.00,1,70.510,70.510,13,14
9,243,20.00,1,55.799,55.799,13,13
9,244,20.00,1,53.085,53.085,12,13
9,245,20.00,1,70.356,70.356,13,13
9,246,20.00,1,76.261,76.261,13,13
9,247,20.00,1,67.593,67.593,13,13
9,248,20.00,1,75.037,75.037,13,12
9,249,20.00,1,94.125,94.125,12,12
10,0,20.00,1,90.748,90.748,13,13
10,1,20.00,1,101.492,101.492,13,14
10,2,20.00,1,80.256,80.256,13,14
10,3,20.00,1,76.364,76.364,13,14
10,4,20.00,1,71.653,71.653,12,14
10,5,20.00,1,71.645,71.645,12,14
10,6,20.00,1,79.269,79.269,12,14
10,7,20.00,1,94.466,94.466,14,14
10,8,20.00,1,97.774,97.774,14,14
10,9,20.00,1,68.007,68.007,13,14
10,10,20.00,1,82.836,82.836,13,14
10,11,20.00,1,70.736,70.736,12,14
10,12,20.00,1,68.337,68.337,12,14
10,13,20.00,1,69.037,69.037,12,14
10,14,20.00,1,84.031,84.031,14,15
10,15,20.00,1,93.650,93.650,15,15
10,16,20.00,1,88.171,88.171,14,15
10,17,20.00,1,74.839,74.839,14,16
10,18,20.00,1,71.395,71.395,15,16
10,19,20.00,1,68.448,68.448,15,17
10,20,20.00,1,61.623,61.623,15,16
10,21,20.00,1,95.837,95.837,16,16
10,22,20.00,1,90.316,90.316,16,16
10,23,20.00,1,88.515,88.515,15,17
10,24,20.00,1,68.105,68.105,16,17
10,25,20.00,1,72.237,72.237,15,17
10,26,20.00,1,73.294,73.294,15,18
10,27,20.00,1,72.719,72.719,16,18
10,28,20.00,1,78.868,78.868,18,18
10,29,20.00,1,82.569,82.569,18,18
10,30,20.00,1,81.623,81.623,18,18
10,31,20.00,1,74.051,74.051,18,19
10,32,20.00,1,67.275,67.275,18,19
10,33,20.00,1,69.151,69.151,18,20
10,34,20.00,1,70.738,70.738,19,20
10,35,20.00,1,92.912,92.912,20,20
10,36,20.00,1,99.328,99.328,20,20
10,37,20.00,1,74.129,74.129,19,20
10,38,20.00,1,73.845,73.845,19,20
10,39,20.00,1,80.337,80.337,19,18
10,40,20.00,1,71.678,71.678,16,18
10,41,20.00,1,65.229,65.229,16,18
10,42,20.00,1,89.836,89.836,18,18
10,43,20.00,1,84.698,84.698,18,18
10,44,20.00,1,88.796,88.796,17,18
10,45,20.00,1,69.389,69.389,17,18
10,46,20.00,1,73.513,73.513,17,18
10,47,20.00,1,70.039,70.039,17,18
10,48,20.00,1,67.824,67.824,17,18
10,49,20.00,1,90.521,90.521,18,19
10,50,20.00,1,91.614,91.614,19,18
10,51,20.00,1,85.760,85.760,18,18
10,52,20.00,1,73.928,73.928,17,18
10,53,20.00,1,69.161,69.161,17,18
10,54,20.00,1,70.379,70.379,17,18
10,55,20.00,1,65.006,65.006,17,19
10,56,20.00,1,77.133,77.133,19,19
10,57,20.00,1,86.338,86.338,19,20
10,58,20.00,1,103.116,103.116,20,20
10,59,20.00,1,74.985,74.985,19,20
10,60,20.00,1,70.282,70.282,19,20
10,61,20.00,1,72.986,72.986,18,20
10,62,20.00,1,61.748,61.748,18,19
10,63,20.00,1,91.347,91.347,19,19
10,64,20.00,1,82.157,82.157,19,19
10,65,20.00,1,86.407,86.407,19,19
10,66,20.00,1,72.985,72.985,19,19
10,67,20.00,1,65.273,65.273,19,19
10,68,20.00,1,67.251,67.251,18,18
10,69,20.00,1,62.589,62.589,17,17
10,70,20.00,1,109.473,109.473,17,17
10,71,20.00,1,86.800,86.800,17,17
10,72,20.00,1,82.767,82.767,17,16
10,73,20.00,1,77.631,77.631,15,16
10,74,20.00,1,69.820,69.820,15,15
10,75,20.00,1,69.858,69.858,13,15
10,76,20.00,1,77.004,77.004,13,14
10,77,20.00,1,99.780,99.780,14,14
10,78,20.00,1,92.461,92.461,14,14
10,79,20.00,1,76.940,76.940,13,14
10,80,20.00,1,74.738,74.738,13,14
10,81,20.00,1,67.664,67.664,12,13
10,82,20.00,1,69.313,69.313,11,13
10,83,20.00,1,60.798,60.798,11,13
10,84,20.00,1,91.091,91.091,13,13
10,85,20.00,1,101.149,101.149,13,13
10,86,20.00,1,85.247,85.247,12,13
10,87,20.00,1,71.373,71.373,12,13
10,88,20.00,1,70.740,70.740,11,13
10,89,20.00,1,66.636,66.636,11,13
10,90,20.00,1,70.348,70.348,11,13
10,91,20.00,1,93.092,93.092,13,13
10,92,20.00,1,101.083,101.083,13,13
10,93,20.00,1,99.148,99.148,13,13
10,94,20.00,1,82.876,82.876,12,12
10,95,20.00,1,83.753,83.753,11,12
10,96,20.00,1,80.030,80.030,11,12
10,97,20.00,1,65.029,65.029,11,12
10,98,20.00,1,114.645,114.645,12,12
10,99,20.00,1,112.190,112.190,12,12
10,100,20.00,1,86.954,86.954,12,12
10,101,20.00,1,91.701,91.701,12,13
10,102,20.00,1,85.726,85.726,13,13
10,103,20.00,1,83.154,83.154,13,13
10,104,20.00,1,77.595,77.595,13,12
10,105,20.00,1,124.368,124.368,12,11
10,106,20.00,1,114.984,114.984,11,11
10,107,20.00,1,89.652,89.652,11,11
10,108,20.00,1,91.926,91.926,11,11
10,109,20.00,1,84.935,84.935,11,11
10,110,20.00,1,76.625,76.625,11,11
10,111,20.00,1,67.872,67.872,11,11
10,112,20.00,1,129.919,129.919,11,11
10,113,20.00,1,109.069,109.069,11,11
10,114,20.00,1,93.573,93.573,11,11
10,115,20.00,1,77.060,77.060,11,11
10,116,20.00,1,88.337,88.337,11,11
10,117,20.00,1,84.741,84.741,11,11
10,118,20.00,1,62.321,62.321,11,11
10,119,20.00,1,131.966,131.966,11,11
10,120,20.00,1,107.870,107.870,11,11
10,121,20.00,1,92.637,92.637,11,12
10,122,20.00,1,85.858,85.858,12,12
10,123,20.00,1,78.657,78.657,12,12
10,124,20.00,1,75.019,75.019,12,12
10,125,20.00,1,60.274,60.274,12,12
10,126,20.00,1,120.881,120.881,12,12
10,127,20.00,1,128.168,128.168,12,12
10,128,20.00,1,88.110,88.110,12,12
10,129,20.00,1,87.794,87.794,12,12
10,130,20.00,1,85.365,85.365,12,13
10,131,20.00,1,72.607,72.607,13,13
10,132,20.00,1,71.359,71.359,13,14
10,133,20.00,1,112.115,112.115,14,15
10,134,20.00,1,103.339,103.339,15,15
10,135,20.00,1,80.125,80.125,15,15
10,136,20.00,1,74.728,74.728,14,15
10,137,20.00,1,69.442,69.442,14,16
10,138,20.00,1,65.558,65.558,15,16
10,139,20.00,1,68.451,68.451,15,17
10,140,20.00,1,97.206,97.206,17,17
10,141,20.00,1,95.035,95.035,17,16
10,142,20.00,1,91.389,91.389,15,16
10,143,20.00,1,69.616,69.616,15,16
10,144,20.00,1,88.782,88.782,15,16
10,145,20.00,1,91.407,91.407,15,16
10,146,20.00,1,76.342,76.342,15,17
10,147,20.00,1,126.465,126.465,17,17
10,148,20.00,1,101.296,101.296,17,17
10,149,20.00,1,103.775,103.775,17,18
10,150,20.00,1,88.317,88.317,18,19
10,151,20.00,1,83.570,83.570,19,19
10,152,20.00,1,75.063,75.063,19,19
10,153,20.00,1,65.775,65.775,19,19
10,154,20.00,1,132.611,132.611,19,19
10,155,20.00,1,118.214,118.214,19,19
10,156,20.00,1,81.956,81.956,19,19
10,157,20.00,1,88.633,88.633,19,19
10,158,20.00,1,76.579,76.579,19,19
10,159,20.00,1,74.747,74.747,19,19
10,160,20.00,1,59.630,59.630,19,20
10,161,20.00,1,118.191,118.191,20,20
10,162,20.00,1,128.724,128.724,20,20
10,163,20.00,1,94.093,94.093,20,20
10,164,20.00,1,96.032,96.032,20,20
10,165,20.00,1,76.508,76.508,20,20
10,166,20.00,1,81.474,81.474,20,19
10,167,20.00,1,74.049,74.049,19,19
10,168,20.00,1,95.156,95.156,19,18
10,169,20.00,1,96.149,96.149,18,19
10,170,20.00,1,79.953,79.953,18,19
10,171,20.00,1,76.667,76.667,18,19
10,172,20.00,1,80.789,80.789,17,20
10,173,20.00,1,74.533,74.533,18,20
10,174,20.00,1,62.007,62.007,18,20
10,175,20.00,1,104.525,104.525,20,20
10,176,20.00,1,87.716,87.716,20,20
10,177,20.00,1,75.294,75.294,19,20
10,178,20.00,1,79.749,79.749,19,20
10,179,20.00,1,77.120,77.120,19,21
10,180,20.00,1,76.871,76.871,20,20
10,181,20.00,1,67.601,67.601,18,20
10,182,20.00,1,88.556,88.556,20,19
10,183,20.00,1,93.317,93.317,19,19
10,184,20.00,1,79.679,79.679,18,19
10,185,20.00,1,76.941,76.941,18,19
10,186,20.00,1,71.552,71.552,17,18
10,187,20.00,1,67.248,67.248,16,18
10,188,20.00,1,76.867,76.867,16,16
10,189,20.00,1,90.368,90.368,16,18
10,190,20.00,1,95.596,95.596,18,19
10,191,20.00,1,73.278,73.278,18,19
10,192,20.00,1,83.102,83.102,18,18
10,193,20.00,1,73.518,73.518,17,17
10,194,20.00,1,64.171,64.171,15,18
10,195,20.00,1,61.292,61.292,16,18
10,196,20.00,1,86.273,86.273,18,18
10,197,20.00,1,105.033,105.033,18,18
10,198,20.00,1,84.734,84.734,18,17
10,199,20.00,1,74.158,74.158,16,17
10,200,20.00,1,70.347,70.347,16,17
10,201,20.00,1,68.357,68.357,15,17
10,202,20.00,1,61.132,61.132,15,17
10,203,20.00,1,81.104,81.104,17,18
10,204,20.00,1,86.643,86.643,18,18
10,205,20.00,1,74.753,74.753,18,18
10,206,20.00,1,99.377,99.377,17,17
10,207,20.00,1,70.479,70.479,15,17
10,208,20.00,1,60.246,60.246,15,16
10,209,20.00,1,63.880,63.880,14,16
10,210,20.00,1,92.216,92.216,16,16
10,211,20.00,1,84.098,84.098,16,16
10,212,20.00,1,81.720,81.720,16,16
10,213,20.00,1,70.071,70.071,16,16
10,214,20.00,1,77.709,77.709,16,16
10,215,20.00,1,64.404,64.404,16,16
10,216,20.00,1,64.143,64.143,15,16
10,217,20.00,1,89.864,89.864,16,16
10,218,20.00,1,95.593,95.593,16,15
10,219,20.00,1,85.553,85.553,14,15
10,220,20.00,1,71.067,71.067,14,15
10,221,20.00,1,72.355,72.355,13,15
10,222,20.00,1,66.084,66.084,13,16
10,223,20.00,1,65.613,65.613,14,16
10,224,20.00,1,91.862,91.862,16,16
10,225,20.00,1,97.454,97.454,16,14
10,226,20.00,1,75.059,75.059,13,14
10,227,20.00,1,74.727,74.727,13,15
10,228,20.00,1,74.460,74.460,14,15
10,229,20.00,1,71.421,71.421,13,15
10,230,20.00,1,66.280,66.280,13,15
10,231,20.00,1,92.273,92.273,15,15
10,232,20.00,1,81.627,81.627,15,15
10,233,20.00,1,79.810,79.810,14,15
10,234,20.00,1,76.810,76.810,14,15
10,235,20.00,1,70.370,70.370,13,16
10,236,20.00,1,70.597,70.597,14,16
10,237,20.00,1,60.123,60.123,14,16
10,238,20.00,1,87.508,87.508,16,16
10,239,20.00,1,95.812,95.812,16,16
10,240,20.00,1,74.324,74.324,15,17
10,241,20.00,1,77.196,77.196,16,17
10,242,20.00,1,79.424,79.424,16,17
10,243,20.00,1,69.563,69.563,15,17
10,244,20.00,1,65.294,65.294,15,16
10,245,20.00,1,83.035,83.035,16,17
10,246,20.00,1,81.855,81.855,17,18
10,247,20.00,1,84.475,84.475,18,18
10,248,20.00,1,72.145,72.145,18,18
10,249,20.00,1,74.887,74.887,17,17
11,0,20.00,1,92.412,92.412,20,20
11,1,20.00,1,79.828,79.828,20,20
11,2,20.00,1,72.916,72.916,19,20
11,3,20.00,1,68.483,68.483,19,20
11,4,20.00,1,59.980,59.980,19,20
11,5,20.00,1,48.473,48.473,19,20
11,6,20.00,1,49.602,49.602,18,20
11,7,20.00,1,75.886,75.886,19,20
11,8,20.00,1,67.562,67.562,19,20
11,9,20.00,1,67.968,67.968,19,20
11,10,20.00,1,59.352,59.352,19,20
11,11,20.00,1,56.405,56.405,19,20
11,12,20.00,1,53.224,53.224,19,19
11,13,20.00,1,50.356,50.356,17,19
11,14,20.00,1,71.502,71.502,18,19
11,15,20.00,1,67.312,67.312,18,18
11,16,20.00,1,68.721,68.721,17,18
11,17,20.00,1,61.959,61.959,17,18
11,18,20.00,1,57.607,57.607,17,18
11,19,20.00,1,69.951,69.951,16,18
11,20,20.00,1,50.514,50.514,16,19
11,21,20.00,1,66.849,66.849,18,19
11,22,20.00,1,76.299,76.299,18,19
11,23,20.00,1,62.558,62.558,18,19
11,24,20.00,1,57.369,57.369,18,19
11,25,20.00,1,59.832,59.832,18,19
11,26,20.00,1,55.001,55.001,18,18
11,27,20.00,1,52.810,52.810,16,17
11,28,20.00,1,67.342,67.342,16,17
11,29,20.00,1,64.995,64.995,16,17
11,30,20.00,1,61.767,61.767,16,17
11,31,20.00,1,66.800,66.800,15,17
11,32,20.00,1,59.298,59.298,15,16
11,33,20.00,1,57.683,57.683,14,17
11,34,20.00,1,52.078,52.078,14,17
11,35,20.00,1,68.286,68.286,16,17
11,36,20.00,1,70.110,70.110,16,17
11,37,20.00,1,58.999,58.999,16,18
11,38,20.00,1,55.794,55.794,16,17
11,39,20.00,1,64.654,64.654,15,18
11,40,20.00,1,69.137,69.137,16,18
11,41,20.00,1,59.038,59.038,16,18
11,42,20.00,1,72.783,72.783,17,17
11,43,20.00,1,63.194,63.194,17,18
11,44,20.00,1,63.174,63.174,18,18
11,45,20.00,1,62.540,62.540,18,19
11,46,20.00,1,63.932,63.932,18,20
11,47,20.00,1,56.327,56.327,19,19
11,48,20.00,1,53.787,53.787,17,19
11,49,20.00,1,67.469,67.469,18,19
11,50,20.00,1,66.518,66.518,18,19
11,51,20.00,1,65.859,65.859,18,19
11,52,20.00,1,70.744,70.744,18,19
11,53,20.00,1,62.153,62.153,18,19
11,54,20.00,1,61.640,61.640,18,19
11,55,20.00,1,52.680,52.680,18,19
11,56,20.00,1,77.122,77.122,18,19
11,57,20.00,1,64.278,64.278,18,19
11,58,20.00,1,61.334,61.334,18,20
11,59,20.00,1,54.562,54.562,19,20
11,60,20.00,1,53.071,53.071,19,20
11,61,20.00,1,69.950,69.950,19,20
11,62,20.00,1,63.851,63.851,19,19
11,63,20.00,1,96.788,96.788,19,19
11,64,20.00,1,76.926,76.926,18,19
11,65,20.00,1,82.774,82.774,19,19
11,66,20.00,1,69.590,69.590,19,18
11,67,20.00,1,77.813,77.813,18,17
11,68,20.00,1,62.171,62.171,17,17
11,69,20.00,1,61.196,61.196,17,17
11,70,20.00,1,82.525,82.525,17,17
11,71,20.00,1,82.221,82.221,17,17
11,72,20.00,1,90.567,90.567,17,18
11,73,20.00,1,92.667,92.667,18,19
11,74,20.00,1,70.796,70.796,18,19
11,75,20.00,1,60.465,60.465,18,19
11,76,20.00,1,60.850,60.850,18,19
11,77,20.00,1,91.422,91.422,19,17
11,78,20.00,1,80.543,80.543,17,17
11,79,20.00,1,74.414,74.414,16,17
11,80,20.00,1,82.314,82.314,17,17
11,81,20.00,1,74.983,74.983,17,18
11,82,20.00,1,66.139,66.139,18,18
11,83,20.00,1,53.381,53.381,17,18
11,84,20.00,1,88.677,88.677,18,17
11,85,20.00,1,78.446,78.446,17,18
11,86,20.00,1,72.053,72.053,17,18
11,87,20.00,1,84.339,84.339,17,18
11,88,20.00,1,70.892,70.892,18,18
11,89,20.00,1,60.949,60.949,18,18
11,90,20.00,1,60.326,60.326,18,18
11,91,20.00,1,89.550,89.550,18,18
11,92,20.00,1,82.205,82.205,18,17
11,93,20.00,1,73.444,73.444,17,17
11,94,20.00,1,81.249,81.249,16,17
11,95,20.00,1,90.251,90.251,17,16
11,96,20.00,1,62.088,62.088,16,15
11,97,20.00,1,69.467,69.467,15,14
11,98,20.00,1,91.904,91.904,14,14
11,99,20.00,1,87.074,87.074,14,13
11,100,20.00,1,80.181,80.181,13,13
11,101,20.00,1,81.346,81.346,13,13
11,102,20.00,1,85.787,85.787,13,13
11,103,20.00,1,66.383,66.383,13,12
11,104,20.00,1,72.572,72.572,11,12
11,105,20.00,1,100.404,100.404,12,13
11,106,20.00,1,82.963,82.963,13,13
11,107,20.00,1,82.695,82.695,12,14
11,108,20.00,1,75.757,75.757,14,15
11,109,20.00,1,65.447,65.447,15,15
11,110,20.00,1,60.315,60.315,15,15
11,111,20.00,1,66.808,66.808,15,16
11,112,20.00,1,95.269,95.269,16,16
11,113,20.00,1,81.221,81.221,16,16
11,114,20.00,1,80.851,80.851,16,16
11,115,20.00,1,69.210,69.210,16,16
11,116,20.00,1,63.746,63.746,16,16
11,117,20.00,1,60.832,60.832,16,16
11,118,20.00,1,62.282,62.282,16,15
11,119,20.00,1,87.986,87.986,15,15
11,120,20.00,1,83.555,83.555,15,15
11,121,20.00,1,75.557,75.557,15,15
11,122,20.00,1,75.144,75.144,15,15
11,123,20.00,1,67.028,67.028,15,15
11,124,20.00,1,65.652,65.652,15,15
11,125,20.00,1,62.838,62.838,15,14
11,126,20.00,1,97.033,97.033,14,14
11,127,20.00,1,78.881,78.881,14,14
11,128,20.00,1,77.126,77.126,14,14
11,129,20.00,1,78.614,78.614,14,15
11,130,20.00,1,77.408,77.408,15,15
11,131,20.00,1,61.313,61.313,15,16
11,132,20.00,1,65.022,65.022,15,16
11,133,20.00,1,90.985,90.985,16,16
11,134,20.00,1,82.859,82.859,15,16
11,135,20.00,1,76.989,76.989,16,17
11,136,20.00,1,74.458,74.458,16,17
11,137,20.00,1,76.607,76.607,16,17
11,138,20.00,1,64.013,64.013,17,18
11,139,20.00,1,59.576,59.576,18,18
11,140,20.00,1,87.528,87.528,18,18
11,141,20.00,1,90.043,90.043,18,17
11,142,20.00,1,87.971,87.971,17,17
11,143,20.00,1,78.280,78.280,17,17
11,144,20.00,1,71.479,71.479,17,17
11,145,20.00,1,70.099,70.099,17,17
11,146,20.00,1,56.104,56.104,17,17
11,147,20.00,1,93.923,93.923,17,18
11,148,20.00,1,78.371,78.371,18,18
11,149,20.00,1,83.808,83.808,18,18
11,150,20.00,1,72.324,72.324,18,18
11,151,20.00,1,74.666,74.666,18,19
11,152,20.00,1,64.282,64.282,19,18
11,153,20.00,1,60.490,60.490,18,18
11,154,20.00,1,93.388,93.388,18,18
11,155,20.00,1,80.920,80.920,18,18
11,156,20.00,1,84.638,84.638,17,18
11,157,20.00,1,72.866,72.866,18,18
11,158,20.00,1,79.975,79.975,18,18
11,159,20.00,1,63.079,63.079,18,18
11,160,20.00,1,64.357,64.357,18,18
11,161,20.00,1,67.930,67.930,17,18
11,162,20.00,1,65.954,65.954,17,18
11,163,20.00,1,64.561,64.561,16,17
11,164,20.00,1,61.180,61.180,16,18
11,165,20.00,1,73.412,73.412,16,17
11,166,20.00,1,52.933,52.933,15,17
11,167,20.00,1,53.710,53.710,15,17
11,168,20.00,1,70.842,70.842,16,17
11,169,20.00,1,69.482,69.482,16,17
11,170,20.00,1,68.901,68.901,16,17
11,171,20.00,1,71.157,71.157,17,16
11,172,20.00,1,68.660,68.660,15,16
11,173,20.00,1,63.578,63.578,15,16
11,174,20.00,1,64.969,64.969,16,15
11,175,20.00,1,102.699,102.699,15,15
11,176,20.00,1,92.427,92.427,15,15
11,177,20.00,1,65.867,65.867,13,15
11,178,20.00,1,68.447,68.447,13,15
11,179,20.00,1,50.236,50.236,13,15
11,180,20.00,1,58.933,58.933,13,17
11,181,20.00,1,57.609,57.609,15,17
11,182,20.00,1,66.419,66.419,16,18
11,183,20.00,1,62.690,62.690,17,18
11,184,20.00,1,63.250,63.250,16,19
11,185,20.00,1,59.021,59.021,17,19
11,186,20.00,1,63.539,63.539,17,18
11,187,20.00,1,54.291,54.291,16,18
11,188,20.00,1,53.731,53.731,16,18
11,189,20.00,1,73.050,73.050,17,18
11,190,20.00,1,64.525,64.525,17,18
11,191,20.00,1,63.916,63.916,17,19
11,192,20.00,1,64.976,64.976,18,19
11,193,20.00,1,67.857,67.857,18,19
11,194,20.00,1,60.801,60.801,18,19
11,195,20.00,1,56.060,56.060,18,19
11,196,20.00,1,65.781,65.781,18,19
11,197,20.00,1,67.068,67.068,18,19
11,198,20.00,1,63.129,63.129,18,19
11,199,20.00,1,62.466,62.466,18,19
11,200,20.00,1,53.974,53.974,17,19
11,201,20.00,1,60.858,60.858,17,19
11,202,20.00,1,50.446,50.446,16,18
11,203,20.00,1,70.573,70.573,18,18
11,204,20.00,1,62.773,62.773,17,18
11,205,20.00,1,64.782,64.782,17,18
11,206,20.00,1,70.041,70.041,17,18
11,207,20.00,1,58.536,58.536,17,18
11,208,20.00,1,54.075,54.075,16,19
11,209,20.00,1,62.291,62.291,17,18
11,210,20.00,1,68.945,68.945,17,18
11,211,20.00,1,72.440,72.440,17,18
11,212,20.00,1,75.479,75.479,18,18
11,213,20.00,1,71.675,71.675,18,19
11,214,20.00,1,84.011,84.011,19,18
11,215,20.00,1,57.259,57.259,18,19
11,216,20.00,1,53.631,53.631,19,19
11,217,20.00,1,91.932,91.932,19,19
11,218,20.00,1,94.281,94.281,19,19
11,219,20.00,1,81.272,81.272,19,19
11,220,20.00,1,78.201,78.201,19,20
11,221,20.00,1,70.087,70.087,20,20
11,222,20.00,1,71.643,71.643,19,19
11,223,20.00,1,63.203,63.203,19,19
11,224,20.00,1,95.062,95.062,19,19
11,225,20.00,1,75.789,75.789,19,20
11,226,20.00,1,78.329,78.329,20,20
11,227,20.00,1,62.186,62.186,20,19
11,228,20.00,1,64.762,64.762,19,18
11,229,20.00,1,45.581,45.581,18,18
11,230,20.00,1,50.284,50.284,18,19
11,231,20.00,1,67.229,67.229,19,19
11,232,20.00,1,75.666,75.666,19,20
11,233,20.00,1,63.077,63.077,20,20
11,234,20.00,1,65.739,65.739,19,20
11,235,20.00,1,56.359,56.359,19,19
11,236,20.00,1,53.443,53.443,19,19
11,237,20.00,1,73.486,73.486,18,20
11,238,20.00,1,94.166,94.166,20,20
11,239,20.00,1,85.272,85.272,20,20
11,240,20.00,1,76.789,76.789,20,20
11,241,20.00,1,81.559,81.559,20,19
11,242,20.00,1,71.739,71.739,19,20
11,243,20.00,1,61.889,61.889,20,20
11,244,20.00,1,57.165,57.165,20,20
11,245,20.00,1,98.375,98.375,20,20
11,246,20.00,1,91.698,91.698,19,19
11,247,20.00,1,85.609,85.609,18,18
11,248,20.00,1,73.683,73.683,17,18
11,249,20.00,1,75.839,75.839,17,18
12,0,20.00,1,91.839,91.839,18,18
12,1,20.00,1,76.070,76.070,18,18
12,2,20.00,1,66.061,66.061,18,18
12,3,20.00,1,67.350,67.350,18,18
12,4,20.00,1,67.011,67.011,18,17
12,5,20.00,1,67.277,67.277,17,17
12,6,20.00,1,58.614,58.614,17,17
12,7,20.00,1,78.433,78.433,17,17
12,8,20.00,1,77.145,77.145,17,17
12,9,20.00,1,67.602,67.602,17,17
12,10,20.00,1,64.755,64.755,17,17
12,11,20.00,1,65.421,65.421,17,17
12,12,20.00,1,62.425,62.425,17,17
12,13,20.00,1,60.828,60.828,17,18
12,14,20.00,1,80.804,80.804,18,18
12,15,20.00,1,73.606,73.606,18,18
12,16,20.00,1,77.479,77.479,17,19
12,17,20.00,1,72.938,72.938,18,19
12,18,20.00,1,71.316,71.316,17,19
12,19,20.00,1,75.870,75.870,17,19
12,20,20.00,1,62.077,62.077,16,19
12,21,20.00,1,81.632,81.632,19,19
12,22,20.00,1,79.824,79.824,19,19
12,23,20.00,1,72.603,72.603,19,19
12,24,20.00,1,66.200,66.200,19,20
12,25,20.00,1,67.445,67.445,20,20
12,26,20.00,1,61.873,61.873,19,20
12,27,20.00,1,61.545,61.545,19,20
12,28,20.00,1,81.821,81.821,20,20
12,29,20.00,1,79.212,79.212,20,20
12,30,20.00,1,68.820,68.820,20,20
12,31,20.00,1,66.504,66.504,20,20
12,32,20.00,1,66.402,66.402,20,19
12,33,20.00,1,70.670,70.670,19,19
12,34,20.00,1,75.443,75.443,19,19
12,35,20.00,1,100.017,100.017,19,16
12,36,20.00,1,72.509,72.509,16,17
12,37,20.00,1,72.348,72.348,17,17
12,38,20.00,1,64.052,64.052,17,17
12,39,20.00,1,55.334,55.334,17,17
12,40,20.00,1,50.532,50.532,17,17
12,41,20.00,1,52.823,52.823,17,18
12,42,20.00,1,67.738,67.738,18,18
12,43,20.00,1,66.445,66.445,18,18
12,44,20.00,1,56.738,56.738,18,18
12,45,20.00,1,54.843,54.843,18,19
12,46,20.00,1,57.378,57.378,18,20
12,47,20.00,1,53.377,53.377,19,19
12,48,20.00,1,53.791,53.791,18,19
12,49,20.00,1,66.212,66.212,19,19
12,50,20.00,1,62.766,62.766,19,19
12,51,20.00,1,56.368,56.368,19,20
12,52,20.00,1,55.377,55.377,19,20
12,53,20.00,1,48.522,48.522,19,20
12,54,20.00,1,59.133,59.133,18,20
12,55,20.00,1,51.992,51.992,18,20
12,56,20.00,1,63.480,63.480,20,20
12,57,20.00,1,68.898,68.898,20,20
12,58,20.00,1,56.360,56.360,20,20
12,59,20.00,1,53.146,53.146,20,20
12,60,20.00,1,59.100,59.100,20,20
12,61,20.00,1,48.724,48.724,19,20
12,62,20.00,1,55.657,55.657,19,20
12,63,20.00,1,75.420,75.420,19,20
12,64,20.00,1,54.942,54.942,19,20
12,65,20.00,1,60.029,60.029,19,20
12,66,20.00,1,52.829,52.829,19,20
12,67,20.00,1,53.340,53.340,19,20
12,68,20.00,1,60.997,60.997,19,20
12,69,20.00,1,51.322,51.322,19,20
12,70,20.00,1,57.577,57.577,19,20
12,71,20.00,1,60.914,60.914,19,19
12,72,20.00,1,59.532,59.532,17,19
12,73,20.00,1,56.562,56.562,17,20
12,74,20.00,1,52.280,52.280,19,20
12,75,20.00,1,56.248,56.248,18,19
12,76,20.00,1,51.757,51.757,17,18
12,77,20.00,1,66.074,66.074,17,18
12,78,20.00,1,63.313,63.313,17,18
12,79,20.00,1,60.692,60.692,17,18
12,80,20.00,1,56.506,56.506,17,18
12,81,20.00,1,57.023,57.023,16,18
12,82,20.00,1,51.773,51.773,16,18
12,83,20.00,1,47.975,47.975,16,18
12,84,20.00,1,67.034,67.034,17,19
12,85,20.00,1,66.471,66.471,19,19
12,86,20.00,1,72.858,72.858,19,19
12,87,20.00,1,70.062,70.062,19,19
12,88,20.00,1,68.717,68.717,19,18
12,89,20.00,1,72.620,72.620,18,17
12,90,20.00,1,61.731,61.731,17,17
12,91,20.00,1,84.334,84.334,17,17
12,92,20.00,1,78.962,78.962,17,17
12,93,20.00,1,85.525,85.525,17,18
12,94,20.00,1,67.024,67.024,17,18
12,95,20.00,1,69.653,69.653,16,18
12,96,20.00,1,63.148,63.148,16,18
12,97,20.00,1,60.581,60.581,16,18
12,98,20.00,1,82.244,82.244,18,19
12,99,20.00,1,78.726,78.726,18,19
12,100,20.00,1,72.234,72.234,19,20
12,101,20.00,1,72.809,72.809,20,20
12,102,20.00,1,70.524,70.524,20,20
12,103,20.00,1,62.531,62.531,20,20
12,104,20.00,1,73.274,73.274,20,20
12,105,20.00,1,80.174,80.174,20,21
12,106,20.00,1,78.454,78.454,21,21
12,107,20.00,1,73.323,73.323,21,21
12,108,20.00,1,67.023,67.023,21,21
12,109,20.00,1,62.073,62.073,21,21
12,110,20.00,1,68.110,68.110,21,22
12,111,20.00,1,68.692,68.692,22,22
12,112,20.00,1,86.958,86.958,22,23
12,113,20.00,1,86.374,86.374,23,23
12,114,20.00,1,68.777,68.777,23,23
12,115,20.00,1,67.616,67.616,23,22
12,116,20.00,1,64.936,64.936,22,22
12,117,20.00,1,69.070,69.070,22,22
12,118,20.00,1,72.439,72.439,22,21
12,119,20.00,1,84.551,84.551,21,21
12,120,20.00,1,56.158,56.158,21,20
12,121,20.00,1,62.274,62.274,20,20
12,122,20.00,1,54.683,54.683,20,20
12,123,20.00,1,51.301,51.301,20,19
12,124,20.00,1,49.535,49.535,19,19
12,125,20.00,1,63.138,63.138,19,19
12,126,20.00,1,71.700,71.700,19,19
12,127,20.00,1,61.398,61.398,19,19
12,128,20.00,1,53.993,53.993,19,19
12,129,20.00,1,53.986,53.986,19,19
12,130,20.00,1,51.456,51.456,19,19
12,131,20.00,1,54.480,54.480,19,18
12,132,20.00,1,51.031,51.031,18,18
12,133,20.00,1,57.901,57.901,18,18
12,134,20.00,1,66.436,66.436,18,18
12,135,20.00,1,61.652,61.652,18,18
12,136,20.00,1,60.100,60.100,17,18
12,137,20.00,1,57.345,57.345,18,18
12,138,20.00,1,56.145,56.145,18,18
12,139,20.00,1,51.846,51.846,17,18
12,140,20.00,1,71.703,71.703,17,18
12,141,20.00,1,62.093,62.093,18,18
12,142,20.00,1,58.809,58.809,18,18
12,143,20.00,1,54.174,54.174,18,19
12,144,20.00,1,50.877,50.877,19,19
12,145,20.00,1,49.707,49.707,18,19
12,146,20.00,1,49.588,49.588,18,18
12,147,20.00,1,69.674,69.674,18,18
12,148,20.00,1,60.087,60.087,18,17
12,149,20.00,1,56.998,56.998,17,16
12,150,20.00,1,52.906,52.906,16,16
12,151,20.00,1,53.211,53.211,15,16
12,152,20.00,1,55.441,55.441,15,15
12,153,20.00,1,51.201,51.201,14,15
12,154,20.00,1,66.899,66.899,14,15
12,155,20.00,1,55.681,55.681,15,16
12,156,20.00,1,62.388,62.388,15,16
12,157,20.00,1,55.365,55.365,15,16
12,158,20.00,1,50.809,50.809,15,16
12,159,20.00,1,51.339,51.339,14,16
12,160,20.00,1,51.003,51.003,15,16
12,161,20.00,1,63.590,63.590,15,15
12,162,20.00,1,58.990,58.990,15,15
12,163,20.00,1,68.804,68.804,14,15
12,164,20.00,1,62.781,62.781,14,15
12,165,20.00,1,57.945,57.945,13,16
12,166,20.00,1,53.083,53.083,14,16
12,167,20.00,1,50.864,50.864,15,16
12,168,20.00,1,61.510,61.510,16,16
12,169,20.00,1,65.665,65.665,16,16
12,170,20.00,1,60.694,60.694,16,16
12,171,20.00,1,61.071,61.071,15,16
12,172,20.00,1,52.122,52.122,15,16
12,173,20.00,1,65.623,65.623,15,16
12,174,20.00,1,62.095,62.095,15,16
12,175,20.00,1,80.989,80.989,16,17
12,176,20.00,1,79.946,79.946,17,17
12,177,20.00,1,80.261,80.261,16,18
12,178,20.00,1,70.622,70.622,17,18
12,179,20.00,1,79.318,79.318,17,18
12,180,20.00,1,64.381,64.381,16,18
12,181,20.00,1,60.973,60.973,16,18
12,182,20.00,1,88.602,88.602,18,18
12,183,20.00,1,70.004,70.004,18,18
12,184,20.00,1,68.852,68.852,18,18
12,185,20.00,1,64.238,64.238,18,18
12,186,20.00,1,66.391,66.391,18,18
12,187,20.00,1,67.335,67.335,18,18
12,188,20.00,1,65.656,65.656,18,19
12,189,20.00,1,85.316,85.316,19,18
12,190,20.00,1,68.716,68.716,18,18
12,191,20.00,1,69.091,69.091,18,18
12,192,20.00,1,66.604,66.604,18,18
12,193,20.00,1,72.430,72.430,18,18
12,194,20.00,1,74.702,74.702,18,18
12,195,20.00,1,61.010,61.010,16,17
12,196,20.00,1,81.225,81.225,17,17
12,197,20.00,1,75.199,75.199,17,17
12,198,20.00,1,66.844,66.844,17,17
12,199,20.00,1,70.297,70.297,17,16
12,200,20.00,1,66.255,66.255,16,16
12,201,20.00,1,69.812,69.812,15,16
12,202,20.00,1,61.340,61.340,16,15
12,203,20.00,1,81.464,81.464,15,15
12,204,20.00,1,84.815,84.815,15,15
12,205,20.00,1,67.598,67.598,15,15
12,206,20.00,1,62.773,62.773,15,15
12,207,20.00,1,59.300,59.300,15,15
12,208,20.00,1,64.256,64.256,15,15
12,209,20.00,1,64.496,64.496,15,15
12,210,20.00,1,85.906,85.906,15,15
12,211,20.00,1,73.828,73.828,15,15
12,212,20.00,1,71.566,71.566,15,14
12,213,20.00,1,68.698,68.698,14,15
12,214,20.00,1,66.329,66.329,15,16
12,215,20.00,1,68.063,68.063,16,16
12,216,20.00,1,65.167,65.167,16,16
12,217,20.00,1,88.507,88.507,16,16
12,218,20.00,1,77.342,77.342,16,17
12,219,20.00,1,77.464,77.464,17,17
12,220,20.00,1,79.677,79.677,17,17
12,221,20.00,1,71.527,71.527,16,17
12,222,20.00,1,73.396,73.396,16,17
12,223,20.00,1,59.854,59.854,15,18
12,224,20.00,1,80.903,80.903,18,18
12,225,20.00,1,73.330,73.330,18,17
12,226,20.00,1,79.343,79.343,17,17
12,227,20.00,1,71.451,71.451,17,17
12,228,20.00,1,70.104,70.104,16,16
12,229,20.00,1,65.107,65.107,15,16
12,230,20.00,1,61.304,61.304,15,16
12,231,20.00,1,77.225,77.225,16,16
12,232,20.00,1,72.098,72.098,16,16
12,233,20.00,1,69.475,69.475,15,17
12,234,20.00,1,75.787,75.787,17,16
12,235,20.00,1,68.547,68.547,15,17
12,236,20.00,1,63.469,63.469,16,17
12,237,20.00,1,52.291,52.291,15,17
12,238,20.00,1,61.700,61.700,17,18
12,239,20.00,1,60.880,60.880,18,18
12,240,20.00,1,62.253,62.253,17,18
12,241,20.00,1,50.498,50.498,17,18
12,242,20.00,1,51.956,51.956,17,18
12,243,20.00,1,53.587,53.587,17,18
12,244,20.00,1,51.231,51.231,17,18
12,245,20.00,1,62.770,62.770,18,17
12,246,20.00,1,63.443,63.443,17,17
12,247,20.00,1,59.810,59.810,17,16
12,248,20.00,1,55.864,55.864,15,16
12,249,20.00,1,61.903,61.903,14,16
13,0,20.00,1,114.764,114.764,15,16
13,1,20.00,1,98.980,98.980,16,17
13,2,20.00,1,94.896,94.896,17,18
13,3,20.00,1,90.799,90.799,18,18
13,4,20.00,1,71.212,71.212,17,18
13,5,20.00,1,62.698,62.698,18,19
13,6,20.00,1,65.235,65.235,19,20
13,7,20.00,1,99.268,99.268,20,20
13,8,20.00,1,73.720,73.720,19,18
13,9,20.00,1,75.089,75.089,17,19
13,10,20.00,1,82.387,82.387,17,19
13,11,20.00,1,67.898,67.898,17,19
13,12,20.00,1,69.044,69.044,17,19
13,13,20.00,1,64.165,64.165,18,19
13,14,20.00,1,91.611,91.611,18,19
13,15,20.00,1,84.565,84.565,18,19
13,16,20.00,1,81.376,81.376,19,19
13,17,20.00,1,75.431,75.431,16,19
13,18,20.00,1,78.472,78.472,16,17
13,19,20.00,1,71.121,71.121,15,17
13,20,20.00,1,59.848,59.848,13,17
13,21,20.00,1,93.332,93.332,17,18
13,22,20.00,1,84.884,84.884,16,18
13,23,20.00,1,86.167,86.167,16,18
13,24,20.00,1,79.656,79.656,17,18
13,25,20.00,1,78.043,78.043,16,18
13,26,20.00,1,66.764,66.764,15,18
13,27,20.00,1,61.668,61.668,16,18
13,28,20.00,1,87.753,87.753,16,18
13,29,20.00,1,85.234,85.234,17,18
13,30,20.00,1,81.699,81.699,16,18
13,31,20.00,1,72.385,72.385,15,18
13,32,20.00,1,64.853,64.853,16,18
13,33,20.00,1,74.583,74.583,15,17
13,34,20.00,1,64.790,64.790,14,17
13,35,20.00,1,85.047,85.047,17,16
13,36,20.00,1,82.552,82.552,15,16
13,37,20.00,1,90.001,90.001,15,16
13,38,20.00,1,102.061,102.061,15,16
13,39,20.00,1,91.055,91.055,15,17
13,40,20.00,1,85.517,85.517,16,17
13,41,20.00,1,79.825,79.825,16,16
13,42,20.00,1,130.460,130.460,16,15
13,43,20.00,1,105.163,105.163,15,15
13,44,20.00,1,83.984,83.984,15,15
13,45,20.00,1,78.996,78.996,15,15
13,46,20.00,1,89.678,89.678,15,15
13,47,20.00,1,77.690,77.690,15,13
13,48,20.00,1,53.191,53.191,13,13
13,49,20.00,1,115.050,115.050,13,13
13,50,20.00,1,90.916,90.916,13,13
13,51,20.00,1,86.862,86.862,13,13
13,52,20.00,1,90.218,90.218,13,12
13,53,20.00,1,76.642,76.642,12,11
13,54,20.00,1,74.215,74.215,11,11
13,55,20.00,1,57.937,57.937,11,11
13,56,20.00,1,113.967,113.967,11,11
13,57,20.00,1,124.679,124.679,11,10
13,58,20.00,1,95.344,95.344,10,10
13,59,20.00,1,87.841,87.841,10,9
13,60,20.00,1,85.138,85.138,9,8
13,61,20.00,1,67.503,67.503,8,9
13,62,20.00,1,59.020,59.020,9,9
13,63,20.00,1,103.803,103.803,9,9
13,64,20.00,1,100.076,100.076,9,10
13,65,20.00,1,86.588,86.588,10,10
13,66,20.00,1,72.635,72.635,10,11
13,67,20.00,1,86.199,86.199,11,11
13,68,20.00,1,72.854,72.854,11,12
13,69,20.00,1,69.184,69.184,12,13
13,70,20.00,1,137.412,137.412,13,13
13,71,20.00,1,110.389,110.389,13,13
13,72,20.00,1,97.220,97.220,13,12
13,73,20.00,1,81.409,81.409,12,12
13,74,20.00,1,86.457,86.457,12,12
13,75,20.00,1,74.232,74.232,12,13
13,76,20.00,1,59.307,59.307,13,13
13,77,20.00,1,111.940,111.940,13,14
13,78,20.00,1,98.375,98.375,14,14
13,79,20.00,1,107.601,107.601,14,14
13,80,20.00,1,91.066,91.066,13,14
13,81,20.00,1,83.333,83.333,14,14
13,82,20.00,1,82.864,82.864,14,14
13,83,20.00,1,61.047,61.047,14,14
13,84,20.00,1,113.422,113.422,14,14
13,85,20.00,1,94.185,94.185,14,14
13,86,20.00,1,84.085,84.085,14,15
13,87,20.00,1,77.105,77.105,15,15
13,88,20.00,1,84.921,84.921,15,15
13,89,20.00,1,90.012,90.012,15,15
13,90,20.00,1,59.565,59.565,15,15
13,91,20.00,1,138.957,138.957,15,15
13,92,20.00,1,112.324,112.324,15,15
13,93,20.00,1,97.018,97.018,15,15
13,94,20.00,1,71.541,71.541,15,16
13,95,20.00,1,95.905,95.905,16,15
13,96,20.00,1,68.010,68.010,15,14
13,97,20.00,1,59.487,59.487,14,14
13,98,20.00,1,110.273,110.273,14,14
13,99,20.00,1,126.222,126.222,14,15
13,100,20.00,1,99.217,99.217,15,16
13,101,20.00,1,84.441,84.441,16,16
13,102,20.00,1,69.649,69.649,16,16
13,103,20.00,1,66.285,66.285,16,16
13,104,20.00,1,67.305,67.305,16,17
13,105,20.00,1,122.996,122.996,17,17
13,106,20.00,1,91.400,91.400,17,16
13,107,20.00,1,95.168,95.168,16,16
13,108,20.00,1,96.866,96.866,16,16
13,109,20.00,1,82.503,82.503,16,16
13,110,20.00,1,76.359,76.359,16,14
13,111,20.00,1,74.431,74.431,14,14
13,112,20.00,1,119.413,119.413,14,14
13,113,20.00,1,95.818,95.818,14,14
13,114,20.00,1,88.834,88.834,14,14
13,115,20.00,1,78.994,78.994,14,14
13,116,20.00,1,84.814,84.814,14,15
13,117,20.00,1,80.359,80.359,15,16
13,118,20.00,1,66.027,66.027,16,16
13,119,20.00,1,113.066,113.066,16,16
13,120,20.00,1,111.267,111.267,16,17
13,121,20.00,1,105.936,105.936,17,17
13,122,20.00,1,87.110,87.110,17,17
13,123,20.00,1,81.915,81.915,17,16
13,124,20.00,1,79.737,79.737,16,16
13,125,20.00,1,67.493,67.493,16,16
13,126,20.00,1,129.484,129.484,16,16
13,127,20.00,1,102.378,102.378,16,16
13,128,20.00,1,97.231,97.231,16,16
13,129,20.00,1,74.329,74.329,16,16
13,130,20.00,1,78.937,78.937,16,15
13,131,20.00,1,79.512,79.512,15,15
13,132,20.00,1,54.408,54.408,15,15
13,133,20.00,1,114.217,114.217,15,15
13,134,20.00,1,105.962,105.962,15,15
13,135,20.00,1,88.223,88.223,15,15
13,136,20.00,1,81.276,81.276,15,14
13,137,20.00,1,87.156,87.156,14,14
13,138,20.00,1,71.839,71.839,14,14
13,139,20.00,1,75.755,75.755,14,13
13,140,20.00,1,115.525,115.525,13,13
13,141,20.00,1,107.554,107.554,13,13
13,142,20.00,1,99.078,99.078,13,13
13,143,20.00,1,91.833,91.833,13,13
13,144,20.00,1,80.520,80.520,13,13
13,145,20.00,1,77.270,77.270,13,13
13,146,20.00,1,73.864,73.864,13,13
13,147,20.00,1,103.358,103.358,13,13
13,148,20.00,1,119.607,119.607,13,14
13,149,20.00,1,91.982,91.982,14,14
13,150,20.00,1,83.244,83.244,14,15
13,151,20.00,1,74.802,74.802,15,15
13,152,20.00,1,74.916,74.916,15,15
13,153,20.00,1,75.478,75.478,15,15
13,154,20.00,1,106.498,106.498,15,14
13,155,20.00,1,107.496,107.496,14,14
13,156,20.00,1,102.003,102.003,14,16
13,157,20.00,1,82.881,82.881,16,16
13,158,20.00,1,81.081,81.081,16,16
13,159,20.00,1,75.181,75.181,16,18
13,160,20.00,1,80.640,80.640,18,18
13,161,20.00,1,120.438,120.438,18,18
13,162,20.00,1,100.018,100.018,18,18
13,163,20.00,1,87.290,87.290,18,18
13,164,20.00,1,82.902,82.902,18,18
13,165,20.00,1,86.934,86.934,18,18
13,166,20.00,1,72.232,72.232,18,18
13,167,20.00,1,73.533,73.533,18,18
13,168,20.00,1,137.033,137.033,18,18
13,169,20.00,1,106.720,106.720,18,18
13,170,20.00,1,79.519,79.519,16,18
13,171,20.00,1,70.916,70.916,17,18
13,172,20.00,1,57.656,57.656,16,18
13,173,20.00,1,61.197,61.197,17,18
13,174,20.00,1,60.408,60.408,16,18
13,175,20.00,1,87.169,87.169,17,18
13,176,20.00,1,85.818,85.818,16,18
13,177,20.00,1,78.671,78.671,16,18
13,178,20.00,1,74.316,74.316,16,18
13,179,20.00,1,68.755,68.755,16,18
13,180,20.00,1,67.751,67.751,16,18
13,181,20.00,1,62.859,62.859,16,18
13,182,20.00,1,99.121,99.121,17,17
13,183,20.00,1,80.356,80.356,15,17
13,184,20.00,1,75.174,75.174,16,16
13,185,20.00,1,73.866,73.866,15,16
13,186,20.00,1,74.055,74.055,15,16
13,187,20.00,1,66.196,66.196,14,16
13,188,20.00,1,63.238,63.238,13,16
13,189,20.00,1,104.048,104.048,15,16
13,190,20.00,1,86.332,86.332,16,16
13,191,20.00,1,98.501,98.501,16,18
13,192,20.00,1,96.783,96.783,18,18
13,193,20.00,1,79.427,79.427,18,19
13,194,20.00,1,81.317,81.317,18,19
13,195,20.00,1,75.323,75.323,19,20
13,196,20.00,1,124.247,124.247,20,20
13,197,20.00,1,110.117,110.117,20,19
13,198,20.00,1,97.032,97.032,19,20
13,199,20.00,1,81.268,81.268,20,20
13,200,20.00,1,96.705,96.705,20,20
13,201,20.00,1,80.411,80.411,20,20
13,202,20.00,1,70.704,70.704,20,20
13,203,20.00,1,119.000,119.000,20,20
13,204,20.00,1,96.063,96.063,20,20
13,205,20.00,1,93.248,93.248,19,19
13,206,20.00,1,92.631,92.631,19,19
13,207,20.00,1,83.288,83.288,19,19
13,208,20.00,1,68.847,68.847,19,19
13,209,20.00,1,67.727,67.727,19,19
13,210,20.00,1,121.031,121.031,19,19
13,211,20.00,1,111.199,111.199,19,19
13,212,20.00,1,87.738,87.738,19,19
13,213,20.00,1,94.038,94.038,19,19
13,214,20.00,1,79.665,79.665,19,21
13,215,20.00,1,76.723,76.723,21,21
13,216,20.00,1,74.334,74.334,21,21
13,217,20.00,1,105.442,105.442,21,20
13,218,20.00,1,124.481,124.481,20,20
13,219,20.00,1,90.605,90.605,20,21
13,220,20.00,1,78.472,78.472,21,23
13,221,20.00,1,77.813,77.813,23,23
13,222,20.00,1,87.623,87.623,23,23
13,223,20.00,1,69.879,69.879,23,22
13,224,20.00,1,109.188,109.188,22,22
13,225,20.00,1,102.480,102.480,22,23
13,226,20.00,1,86.044,86.044,23,23
13,227,20.00,1,81.453,81.453,23,22
13,228,20.00,1,86.844,86.844,22,22
13,229,20.00,1,69.710,69.710,22,21
13,230,20.00,1,76.369,76.369,21,21
13,231,20.00,1,109.407,109.407,21,22
13,232,20.00,1,107.830,107.830,22,22
13,233,20.00,1,110.425,110.425,22,22
13,234,20.00,1,78.543,78.543,22,21
13,235,20.00,1,83.443,83.443,21,21
13,236,20.00,1,85.217,85.217,21,21
13,237,20.00,1,63.580,63.580,21,21
13,238,20.00,1,113.738,113.738,21,21
13,239,20.00,1,103.189,103.189,21,21
13,240,20.00,1,100.136,100.136,21,21
13,241,20.00,1,89.615,89.615,21,21
13,242,20.00,1,84.050,84.050,21,21
13,243,20.00,1,91.707,91.707,21,21
13,244,20.00,1,64.649,64.649,21,21
13,245,20.00,1,133.328,133.328,21,21
13,246,20.00,1,102.875,102.875,21,19
13,247,20.00,1,103.990,103.990,19,19
13,248,20.00,1,84.687,84.687,19,19
13,249,20.00,1,90.332,90.332,19,19
14,0,20.00,1,96.275,96.275,18,17
14,1,20.00,1,80.114,80.114,16,17
14,2,20.00,1,77.601,77.601,17,17
14,3,20.00,1,77.030,77.030,16,17
14,4,20.00,1,80.129,80.129,16,16
14,5,20.00,1,72.540,72.540,15,17
14,6,20.00,1,67.521,67.521,16,17
14,7,20.00,1,95.992,95.992,16,17
14,8,20.00,1,93.603,93.603,16,17
14,9,20.00,1,82.836,82.836,17,17
14,10,20.00,1,92.859,92.859,17,17
14,11,20.00,1,73.382,73.382,16,17
14,12,20.00,1,73.826,73.826,15,18
14,13,20.00,1,84.077,84.077,16,18
14,14,20.00,1,89.767,89.767,17,18
14,15,20.00,1,96.676,96.676,17,18
14,16,20.00,1,80.161,80.161,17,18
14,17,20.00,1,79.343,79.343,17,17
14,18,20.00,1,75.328,75.328,16,17
14,19,20.00,1,67.013,67.013,15,19
14,20,20.00,1,81.270,81.270,18,19
14,21,20.00,1,84.985,84.985,18,20
14,22,20.00,1,85.628,85.628,20,21
14,23,20.00,1,85.996,85.996,21,21
14,24,20.00,1,78.743,78.743,21,21
14,25,20.00,1,79.018,79.018,20,21
14,26,20.00,1,83.254,83.254,20,21
14,27,20.00,1,70.536,70.536,19,20
14,28,20.00,1,87.431,87.431,20,21
14,29,20.00,1,97.083,97.083,21,20
14,30,20.00,1,78.409,78.409,20,20
14,31,20.00,1,74.811,74.811,20,21
14,32,20.00,1,71.626,71.626,21,21
14,33,20.00,1,74.500,74.500,21,21
14,34,20.00,1,69.246,69.246,21,21
14,35,20.00,1,86.921,86.921,21,21
14,36,20.00,1,84.866,84.866,21,21
14,37,20.00,1,86.040,86.040,21,21
14,38,20.00,1,63.103,63.103,21,21
14,39,20.00,1,59.032,59.032,21,21
14,40,20.00,1,62.897,62.897,21,21
14,41,20.00,1,57.479,57.479,21,21
14,42,20.00,1,70.338,70.338,21,21
14,43,20.00,1,69.711,69.711,21,21
14,44,20.00,1,67.940,67.940,21,20
14,45,20.00,1,60.956,60.956,20,20
14,46,20.00,1,60.766,60.766,19,20
14,47,20.00,1,56.440,56.440,18,21
14,48,20.00,1,65.911,65.911,18,21
14,49,20.00,1,71.854,71.854,20,21
14,50,20.00,1,66.940,66.940,20,21
14,51,20.00,1,64.354,64.354,20,21
14,52,20.00,1,63.557,63.557,19,20
14,53,20.00,1,58.786,58.786,18,20
14,54,20.00,1,62.118,62.118,18,21
14,55,20.00,1,58.624,58.624,19,20
14,56,20.00,1,72.964,72.964,19,19
14,57,20.00,1,73.656,73.656,18,19
14,58,20.00,1,60.903,60.903,18,18
14,59,20.00,1,60.840,60.840,17,18
14,60,20.00,1,59.795,59.795,17,19
14,61,20.00,1,58.931,58.931,17,18
14,62,20.00,1,66.583,66.583,16,18
14,63,20.00,1,76.058,76.058,17,19
14,64,20.00,1,69.648,69.648,18,19
14,65,20.00,1,64.163,64.163,18,19
14,66,20.00,1,60.830,60.830,18,18
14,67,20.00,1,62.543,62.543,16,19
14,68,20.00,1,56.536,56.536,17,19
14,69,20.00,1,60.436,60.436,16,19
14,70,20.00,1,70.116,70.116,18,20
14,71,20.00,1,66.760,66.760,19,19
14,72,20.00,1,65.908,65.908,18,20
14,73,20.00,1,63.718,63.718,19,20
14,74,20.00,1,61.178,61.178,18,20
14,75,20.00,1,57.221,57.221,17,20
14,76,20.00,1,59.361,59.361,17,20
14,77,20.00,1,70.388,70.388,19,20
14,78,20.00,1,71.451,71.451,19,20
14,79,20.00,1,72.688,72.688,19,20
14,80,20.00,1,60.090,60.090,19,20
14,81,20.00,1,61.330,61.330,18,20
14,82,20.00,1,58.606,58.606,18,20
14,83,20.00,1,56.284,56.284,17,20
14,84,20.00,1,70.146,70.146,19,20
14,85,20.00,1,84.358,84.358,19,20
14,86,20.00,1,65.469,65.469,19,20
14,87,20.00,1,65.009,65.009,19,20
14,88,20.00,1,57.534,57.534,18,20
14,89,20.00,1,59.612,59.612,18,19
14,90,20.00,1,54.777,54.777,17,19
14,91,20.00,1,69.510,69.510,18,20
14,92,20.00,1,71.309,71.309,19,20
14,93,20.00,1,71.307,71.307,19,20
14,94,20.00,1,59.986,59.986,19,20
14,95,20.00,1,63.450,63.450,18,19
14,96,20.00,1,64.165,64.165,18,18
14,97,20.00,1,59.169,59.169,17,18
14,98,20.00,1,68.190,68.190,18,18
14,99,20.00,1,70.896,70.896,18,18
14,100,20.00,1,65.418,65.418,18,19
14,101,20.00,1,65.691,65.691,19,19
14,102,20.00,1,63.660,63.660,19,20
14,103,20.00,1,60.977,60.977,19,19
14,104,20.00,1,60.398,60.398,18,19
14,105,20.00,1,75.711,75.711,19,17
14,106,20.00,1,64.392,64.392,17,17
14,107,20.00,1,84.311,84.311,17,17
14,108,20.00,1,64.102,64.102,17,16
14,109,20.00,1,59.325,59.325,16,16
14,110,20.00,1,55.902,55.902,16,16
14,111,20.00,1,57.960,57.960,16,16
14,112,20.00,1,77.535,77.535,16,16
14,113,20.00,1,69.041,69.041,16,16
14,114,20.00,1,62.253,62.253,16,16
14,115,20.00,1,67.488,67.488,15,16
14,116,20.00,1,54.280,54.280,15,16
14,117,20.00,1,59.064,59.064,15,17
14,118,20.00,1,56.353,56.353,16,18
14,119,20.00,1,66.424,66.424,18,18
14,120,20.00,1,70.744,70.744,18,17
14,121,20.00,1,63.485,63.485,17,17
14,122,20.00,1,59.812,59.812,16,17
14,123,20.00,1,63.582,63.582,16,17
14,124,20.00,1,60.887,60.887,16,18
14,125,20.00,1,59.734,59.734,16,18
14,126,20.00,1,66.700,66.700,18,18
14,127,20.00,1,81.917,81.917,18,18
14,128,20.00,1,72.024,72.024,18,18
14,129,20.00,1,59.270,59.270,18,18
14,130,20.00,1,66.222,66.222,17,18
14,131,20.00,1,64.316,64.316,16,18
14,132,20.00,1,55.929,55.929,17,18
14,133,20.00,1,70.274,70.274,18,18
14,134,20.00,1,66.550,66.550,18,18
14,135,20.00,1,73.212,73.212,18,18
14,136,20.00,1,75.035,75.035,18,17
14,137,20.00,1,64.744,64.744,17,18
14,138,20.00,1,69.829,69.829,17,18
14,139,20.00,1,74.967,74.967,16,18
14,140,20.00,1,97.074,97.074,17,18
14,141,20.00,1,75.366,75.366,17,18
14,142,20.00,1,91.436,91.436,17,18
14,143,20.00,1,82.305,82.305,18,17
14,144,20.00,1,74.930,74.930,16,17
14,145,20.00,1,70.385,70.385,16,17
14,146,20.00,1,67.984,67.984,16,17
14,147,20.00,1,93.317,93.317,16,18
14,148,20.00,1,91.240,91.240,17,18
14,149,20.00,1,84.290,84.290,18,17
14,150,20.00,1,80.567,80.567,15,18
14,151,20.00,1,69.022,69.022,16,18
14,152,20.00,1,69.000,69.000,16,18
14,153,20.00,1,69.875,69.875,16,18
14,154,20.00,1,96.799,96.799,18,18
14,155,20.00,1,95.666,95.666,17,18
14,156,20.00,1,84.569,84.569,18,17
14,157,20.00,1,77.563,77.563,16,17
14,158,20.00,1,72.182,72.182,15,17
14,159,20.00,1,66.517,66.517,15,17
14,160,20.00,1,54.938,54.938,15,17
14,161,20.00,1,67.147,67.147,16,17
14,162,20.00,1,72.710,72.710,16,17
14,163,20.00,1,64.147,64.147,16,17
14,164,20.00,1,68.867,68.867,15,17
14,165,20.00,1,59.521,59.521,15,17
14,166,20.00,1,59.905,59.905,15,17
14,167,20.00,1,62.429,62.429,15,17
14,168,20.00,1,72.714,72.714,16,17
14,169,20.00,1,65.840,65.840,16,17
14,170,20.00,1,72.269,72.269,16,16
14,171,20.00,1,64.638,64.638,15,16
14,172,20.00,1,66.157,66.157,14,15
14,173,20.00,1,61.268,61.268,13,15
14,174,20.00,1,58.580,58.580,13,14
14,175,20.00,1,69.677,69.677,13,14
14,176,20.00,1,63.346,63.346,13,14
14,177,20.00,1,75.645,75.645,13,14
14,178,20.00,1,61.617,61.617,13,14
14,179,20.00,1,59.107,59.107,12,14
14,180,20.00,1,67.132,67.132,12,14
14,181,20.00,1,58.848,58.848,11,14
14,182,20.00,1,67.391,67.391,13,14
14,183,20.00,1,75.699,75.699,13,14
14,184,20.00,1,63.406,63.406,13,15
14,185,20.00,1,63.903,63.903,14,15
14,186,20.00,1,67.071,67.071,13,15
14,187,20.00,1,72.894,72.894,12,15
14,188,20.00,1,60.046,60.046,12,15
14,189,20.00,1,73.869,73.869,14,14
14,190,20.00,1,65.853,65.853,13,14
14,191,20.00,1,64.625,64.625,13,14
14,192,20.00,1,69.565,69.565,12,14
14,193,20.00,1,61.729,61.729,12,14
14,194,20.00,1,57.636,57.636,11,14
14,195,20.00,1,51.777,51.777,11,15
14,196,20.00,1,77.632,77.632,14,15
14,197,20.00,1,76.757,76.757,14,15
14,198,20.00,1,64.253,64.253,14,15
14,199,20.00,1,62.282,62.282,14,15
14,200,20.00,1,58.416,58.416,14,15
14,201,20.00,1,58.634,58.634,13,15
14,202,20.00,1,53.721,53.721,13,15
14,203,20.00,1,82.646,82.646,14,16
14,204,20.00,1,69.278,69.278,15,16
14,205,20.00,1,67.751,67.751,15,16
14,206,20.00,1,63.543,63.543,15,16
14,207,20.00,1,61.330,61.330,14,16
14,208,20.00,1,64.281,64.281,14,16
14,209,20.00,1,58.355,58.355,14,16
14,210,20.00,1,69.666,69.666,15,16
14,211,20.00,1,66.132,66.132,15,16
14,212,20.00,1,66.635,66.635,15,16
14,213,20.00,1,64.346,64.346,15,16
14,214,20.00,1,62.589,62.589,14,16
14,215,20.00,1,67.935,67.935,14,14
14,216,20.00,1,61.628,61.628,12,13
14,217,20.00,1,65.177,65.177,12,13
14,218,20.00,1,71.551,71.551,12,14
14,219,20.00,1,72.740,72.740,13,14
14,220,20.00,1,66.117,66.117,13,15
14,221,20.00,1,62.705,62.705,13,15
14,222,20.00,1,58.926,58.926,13,16
14,223,20.00,1,60.280,60.280,13,16
14,224,20.00,1,81.386,81.386,15,16
14,225,20.00,1,64.314,64.314,15,16
14,226,20.00,1,98.381,98.381,15,17
14,227,20.00,1,80.346,80.346,16,17
14,228,20.00,1,80.113,80.113,16,17
14,229,20.00,1,67.931,67.931,16,17
14,230,20.00,1,68.646,68.646,17,17
14,231,20.00,1,93.668,93.668,17,17
14,232,20.00,1,97.885,97.885,17,16
14,233,20.00,1,80.862,80.862,16,16
14,234,20.00,1,81.825,81.825,16,16
14,235,20.00,1,75.655,75.655,16,17
14,236,20.00,1,83.241,83.241,17,16
14,237,20.00,1,66.608,66.608,16,16
14,238,20.00,1,110.202,110.202,16,16
14,239,20.00,1,102.607,102.607,16,16
14,240,20.00,1,79.512,79.512,16,16
14,241,20.00,1,75.552,75.552,16,16
14,242,20.00,1,74.608,74.608,16,16
14,243,20.00,1,75.894,75.894,16,17
14,244,20.00,1,74.314,74.314,17,17
14,245,20.00,1,86.824,86.824,17,18
14,246,20.00,1,86.141,86.141,18,19
14,247,20.00,1,83.295,83.295,19,19
14,248,20.00,1,73.894,73.894,19,18
14,249,20.00,1,79.473,79.473,18,18
15,0,20.00,1,80.096,80.096,14,14
15,1,20.00,1,73.040,73.040,14,14
15,2,20.00,1,70.342,70.342,14,14
15,3,20.00,1,61.572,61.572,14,14
15,4,20.00,1,67.223,67.223,14,14
15,5,20.00,1,65.490,65.490,14,15
15,6,20.00,1,62.289,62.289,14,15
15,7,20.00,1,80.459,80.459,15,15
15,8,20.00,1,75.528,75.528,15,15
15,9,20.00,1,73.103,73.103,15,15
15,10,20.00,1,58.095,58.095,15,15
15,11,20.00,1,64.494,64.494,14,15
15,12,20.00,1,58.206,58.206,14,15
15,13,20.00,1,61.718,61.718,14,15
15,14,20.00,1,76.441,76.441,15,15
15,15,20.00,1,76.774,76.774,15,15
15,16,20.00,1,74.823,74.823,15,15
15,17,20.00,1,78.405,78.405,15,15
15,18,20.00,1,64.982,64.982,15,15
15,19,20.00,1,62.090,62.090,14,15
15,20,20.00,1,59.048,59.048,14,16
15,21,20.00,1,73.626,73.626,16,15
15,22,20.00,1,67.813,67.813,15,15
15,23,20.00,1,71.139,71.139,15,15
15,24,20.00,1,75.333,75.333,15,15
15,25,20.00,1,68.982,68.982,15,15
15,26,20.00,1,64.904,64.904,15,15
15,27,20.00,1,58.403,58.403,14,15
15,28,20.00,1,74.483,74.483,15,14
15,29,20.00,1,67.771,67.771,14,14
15,30,20.00,1,70.484,70.484,14,14
15,31,20.00,1,67.574,67.574,14,15
15,32,20.00,1,64.047,64.047,15,15
15,33,20.00,1,63.139,63.139,14,15
15,34,20.00,1,59.068,59.068,13,15
15,35,20.00,1,76.051,76.051,15,14
15,36,20.00,1,70.280,70.280,14,13
15,37,20.00,1,79.310,79.310,13,13
15,38,20.00,1,70.061,70.061,13,14
15,39,20.00,1,68.251,68.251,14,14
15,40,20.00,1,59.955,59.955,13,14
15,41,20.00,1,58.386,58.386,13,14
15,42,20.00,1,72.563,72.563,14,14
15,43,20.00,1,76.809,76.809,14,14
15,44,20.00,1,72.892,72.892,14,14
15,45,20.00,1,61.721,61.721,14,13
15,46,20.00,1,65.296,65.296,12,13
15,47,20.00,1,61.059,61.059,12,13
15,48,20.00,1,61.781,61.781,11,12
15,49,20.00,1,73.483,73.483,12,12
15,50,20.00,1,67.709,67.709,12,12
15,51,20.00,1,65.048,65.048,12,12
15,52,20.00,1,80.393,80.393,11,12
15,53,20.00,1,58.840,58.840,11,12
15,54,20.00,1,73.711,73.711,11,13
15,55,20.00,1,58.468,58.468,12,13
15,56,20.00,1,73.773,73.773,13,12
15,57,20.00,1,76.240,76.240,12,13
15,58,20.00,1,71.937,71.937,12,13
15,59,20.00,1,71.471,71.471,12,13
15,60,20.00,1,65.251,65.251,12,14
15,61,20.00,1,61.886,61.886,13,14
15,62,20.00,1,63.940,63.940,12,15
15,63,20.00,1,74.442,74.442,14,15
15,64,20.00,1,77.845,77.845,14,15
15,65,20.00,1,66.549,66.549,14,15
15,66,20.00,1,71.982,71.982,14,16
15,67,20.00,1,68.939,68.939,14,16
15,68,20.00,1,64.894,64.894,14,15
15,69,20.00,1,62.724,62.724,13,14
15,70,20.00,1,84.338,84.338,13,14
15,71,20.00,1,77.345,77.345,14,14
15,72,20.00,1,62.112,62.112,13,14
15,73,20.00,1,68.426,68.426,13,14
15,74,20.00,1,66.694,66.694,13,14
15,75,20.00,1,56.277,56.277,14,15
15,76,20.00,1,54.193,54.193,13,16
15,77,20.00,1,76.543,76.543,15,16
15,78,20.00,1,68.206,68.206,15,16
15,79,20.00,1,65.416,65.416,15,16
15,80,20.00,1,83.816,83.816,15,16
15,81,20.00,1,84.355,84.355,15,16
15,82,20.00,1,79.228,79.228,15,15
15,83,20.00,1,79.775,79.775,14,14
15,84,20.00,1,98.247,98.247,14,15
15,85,20.00,1,94.093,94.093,15,15
15,86,20.00,1,87.485,87.485,15,15
15,87,20.00,1,80.148,80.148,15,15
15,88,20.00,1,82.317,82.317,15,15
15,89,20.00,1,79.868,79.868,15,15
15,90,20.00,1,57.149,57.149,15,15
15,91,20.00,1,85.727,85.727,15,15
15,92,20.00,1,116.041,116.041,15,15
15,93,20.00,1,87.939,87.939,15,17
15,94,20.00,1,98.729,98.729,17,18
15,95,20.00,1,79.369,79.369,18,18
15,96,20.00,1,82.653,82.653,18,18
15,97,20.00,1,46.888,46.888,18,17
15,98,20.00,1,105.968,105.968,17,17
15,99,20.00,1,95.499,95.499,17,17
15,100,20.00,1,91.001,91.001,17,17
15,101,20.00,1,88.595,88.595,17,17
15,102,20.00,1,84.011,84.011,17,17
15,103,20.00,1,84.908,84.908,17,17
15,104,20.00,1,47.807,47.807,17,18
15,105,20.00,1,102.535,102.535,18,18
15,106,20.00,1,99.743,99.743,18,18
15,107,20.00,1,80.794,80.794,18,17
15,108,20.00,1,73.105,73.105,16,17
15,109,20.00,1,67.885,67.885,16,17
15,110,20.00,1,68.132,68.132,16,19
15,111,20.00,1,49.176,49.176,19,19
15,112,20.00,1,78.980,78.980,18,19
15,113,20.00,1,79.299,79.299,18,19
15,114,20.00,1,63.819,63.819,18,18
15,115,20.00,1,63.500,63.500,17,17
15,116,20.00,1,68.199,68.199,17,17
15,117,20.00,1,59.550,59.550,17,17
15,118,20.00,1,60.860,60.860,16,17
15,119,20.00,1,75.645,75.645,17,19
15,120,20.00,1,70.251,70.251,19,19
15,121,20.00,1,77.587,77.587,19,20
15,122,20.00,1,62.886,62.886,20,20
15,123,20.00,1,65.883,65.883,19,20
15,124,20.00,1,57.573,57.573,19,20
15,125,20.00,1,56.519,56.519,19,20
15,126,20.00,1,73.071,73.071,20,20
15,127,20.00,1,82.004,82.004,20,20
15,128,20.00,1,71.252,71.252,20,20
15,129,20.00,1,63.878,63.878,20,20
15,130,20.00,1,63.861,63.861,20,20
15,131,20.00,1,69.931,69.931,20,20
15,132,20.00,1,62.371,62.371,20,19
15,133,20.00,1,84.750,84.750,19,20
15,134,20.00,1,68.730,68.730,20,21
15,135,20.00,1,68.044,68.044,21,20
15,136,20.00,1,77.660,77.660,20,20
15,137,20.00,1,69.413,69.413,19,20
15,138,20.00,1,69.375,69.375,20,20
15,139,20.00,1,55.963,55.963,20,19
15,140,20.00,1,83.862,83.862,19,19
15,141,20.00,1,72.150,72.150,19,19
15,142,20.00,1,74.123,74.123,19,18
15,143,20.00,1,65.073,65.073,18,18
15,144,20.00,1,60.395,60.395,18,19
15,145,20.00,1,63.271,63.271,19,18
15,146,20.00,1,59.499,59.499,18,17
15,147,20.00,1,88.369,88.369,17,16
15,148,20.00,1,71.157,71.157,16,16
15,149,20.00,1,62.465,62.465,16,15
15,150,20.00,1,63.153,63.153,13,15
15,151,20.00,1,63.593,63.593,14,15
15,152,20.00,1,58.458,58.458,13,15
15,153,20.00,1,74.390,74.390,14,15
15,154,20.00,1,67.209,67.209,15,15
15,155,20.00,1,73.274,73.274,15,14
15,156,20.00,1,67.930,67.930,14,13
15,157,20.00,1,69.634,69.634,13,12
15,158,20.00,1,74.573,74.573,12,12
15,159,20.00,1,75.052,75.052,11,12
15,160,20.00,1,65.692,65.692,12,11
15,161,20.00,1,70.045,70.045,10,11
15,162,20.00,1,73.367,73.367,11,11
15,163,20.00,1,68.943,68.943,11,13
15,164,20.00,1,68.486,68.486,13,13
15,165,20.00,1,60.233,60.233,12,13
15,166,20.00,1,64.763,64.763,10,14
15,167,20.00,1,63.500,63.500,12,16
15,168,20.00,1,66.682,66.682,16,15
15,169,20.00,1,71.849,71.849,15,16
15,170,20.00,1,67.039,67.039,15,15
15,171,20.00,1,68.913,68.913,13,16
15,172,20.00,1,66.891,66.891,15,16
15,173,20.00,1,64.709,64.709,14,16
15,174,20.00,1,66.436,66.436,14,16
15,175,20.00,1,75.104,75.104,15,16
15,176,20.00,1,69.862,69.862,15,16
15,177,20.00,1,77.170,77.170,15,16
15,178,20.00,1,66.619,66.619,15,16
15,179,20.00,1,63.867,63.867,16,16
15,180,20.00,1,80.420,80.420,15,16
15,181,20.00,1,63.426,63.426,15,16
15,182,20.00,1,80.460,80.460,15,16
15,183,20.00,1,63.684,63.684,15,16
15,184,20.00,1,72.087,72.087,16,16
15,185,20.00,1,64.451,64.451,15,16
15,186,20.00,1,61.535,61.535,15,16
15,187,20.00,1,69.369,69.369,14,17
15,188,20.00,1,58.071,58.071,15,17
15,189,20.00,1,70.019,70.019,16,17
15,190,20.00,1,78.059,78.059,16,17
15,191,20.00,1,68.511,68.511,16,18
15,192,20.00,1,72.102,72.102,16,19
15,193,20.00,1,76.058,76.058,17,19
15,194,20.00,1,61.520,61.520,17,19
15,195,20.00,1,62.911,62.911,16,19
15,196,20.00,1,66.103,66.103,18,20
15,197,20.00,1,68.522,68.522,19,20
15,198,20.00,1,70.138,70.138,19,20
15,199,20.00,1,68.868,68.868,18,20
15,200,20.00,1,68.318,68.318,18,21
15,201,20.00,1,67.238,67.238,19,20
15,202,20.00,1,66.678,66.678,18,20
15,203,20.00,1,71.719,71.719,19,20
15,204,20.00,1,71.492,71.492,19,20
15,205,20.00,1,77.109,77.109,19,20
15,206,20.00,1,70.416,70.416,20,21
15,207,20.00,1,67.039,67.039,20,21
15,208,20.00,1,61.903,61.903,19,20
15,209,20.00,1,62.237,62.237,17,20
15,210,20.00,1,71.116,71.116,20,20
15,211,20.00,1,67.334,67.334,19,20
15,212,20.00,1,68.342,68.342,20,21
15,213,20.00,1,65.280,65.280,20,21
15,214,20.00,1,67.415,67.415,19,21
15,215,20.00,1,72.221,72.221,18,20
15,216,20.00,1,60.500,60.500,17,20
15,217,20.00,1,78.205,78.205,19,20
15,218,20.00,1,73.298,73.298,19,20
15,219,20.00,1,65.575,65.575,19,20
15,220,20.00,1,65.622,65.622,20,20
15,221,20.00,1,65.730,65.730,18,20
15,222,20.00,1,70.698,70.698,18,20
15,223,20.00,1,65.233,65.233,18,20
15,224,20.00,1,69.741,69.741,19,20
15,225,20.00,1,73.621,73.621,20,20
15,226,20.00,1,82.109,82.109,20,20
15,227,20.00,1,81.130,81.130,20,20
15,228,20.00,1,60.505,60.505,19,20
15,229,20.00,1,58.648,58.648,19,21
15,230,20.00,1,56.421,56.421,20,21
15,231,20.00,1,71.205,71.205,20,21
15,232,20.00,1,80.385,80.385,21,21
15,233,20.00,1,70.093,70.093,21,19
15,234,20.00,1,67.326,67.326,18,19
15,235,20.00,1,67.117,67.117,17,19
15,236,20.00,1,60.577,60.577,16,19
15,237,20.00,1,63.958,63.958,17,19
15,238,20.00,1,76.430,76.430,17,19
15,239,20.00,1,72.581,72.581,18,19
15,240,20.00,1,64.123,64.123,18,19
15,241,20.00,1,62.101,62.101,18,20
15,242,20.00,1,71.924,71.924,19,20
15,243,20.00,1,62.647,62.647,19,20
15,244,20.00,1,65.923,65.923,17,19
15,245,20.00,1,77.154,77.154,18,19
15,246,20.00,1,71.014,71.014,19,19
15,247,20.00,1,67.517,67.517,19,19
15,248,20.00,1,67.198,67.198,17,19
15,249,20.00,1,66.338,66.338,18,19
16,0,20.00,1,124.705,124.705,23,23
16,1,20.00,1,115.022,115.022,23,23
16,2,20.00,1,98.170,98.170,23,21
16,3,20.00,1,94.387,94.387,21,21
16,4,20.00,1,93.182,93.182,21,20
16,5,20.00,1,89.538,89.538,20,19
16,6,20.00,1,69.154,69.154,19,20
16,7,20.00,1,127.828,127.828,20,20
16,8,20.00,1,103.256,103.256,20,20
16,9,20.00,1,112.622,112.622,20,20
16,10,20.00,1,92.279,92.279,20,19
16,11,20.00,1,79.759,79.759,19,19
16,12,20.00,1,87.794,87.794,19,20
16,13,20.00,1,60.530,60.530,20,20
16,14,20.00,1,113.615,113.615,20,19
16,15,20.00,1,105.248,105.248,19,20
16,16,20.00,1,96.711,96.711,20,18
16,17,20.00,1,90.147,90.147,18,18
16,18,20.00,1,92.062,92.062,18,18
16,19,20.00,1,76.149,76.149,18,17
16,20,20.00,1,68.849,68.849,17,17
16,21,20.00,1,105.817,105.817,17,17
16,22,20.00,1,110.159,110.159,17,17
16,23,20.00,1,95.838,95.838,17,17
16,24,20.00,1,71.392,71.392,17,17
16,25,20.00,1,68.280,68.280,17,17
16,26,20.00,1,69.678,69.678,16,16
16,27,20.00,1,62.933,62.933,15,16
16,28,20.00,1,100.480,100.480,16,16
16,29,20.00,1,93.047,93.047,16,16
16,30,20.00,1,81.770,81.770,16,15
16,31,20.00,1,73.617,73.617,15,15
16,32,20.00,1,70.951,70.951,14,15
16,33,20.00,1,65.682,65.682,13,16
16,34,20.00,1,72.323,72.323,14,15
16,35,20.00,1,89.003,89.003,15,15
16,36,20.00,1,99.140,99.140,15,14
16,37,20.00,1,74.995,74.995,14,14
16,38,20.00,1,80.607,80.607,13,14
16,39,20.00,1,74.956,74.956,13,15
16,40,20.00,1,87.130,87.130,13,15
16,41,20.00,1,79.219,79.219,13,15
16,42,20.00,1,125.988,125.988,15,15
16,43,20.00,1,103.696,103.696,15,15
16,44,20.00,1,112.527,112.527,15,15
16,45,20.00,1,82.110,82.110,15,16
16,46,20.00,1,79.560,79.560,16,16
16,47,20.00,1,86.676,86.676,16,17
16,48,20.00,1,70.232,70.232,17,17
16,49,20.00,1,128.163,128.163,17,18
16,50,20.00,1,139.723,139.723,18,17
16,51,20.00,1,103.546,103.546,17,16
16,52,20.00,1,89.670,89.670,16,15
16,53,20.00,1,91.023,91.023,15,15
16,54,20.00,1,94.373,94.373,15,15
16,55,20.00,1,79.983,79.983,15,14
16,56,20.00,1,120.621,120.621,14,16
16,57,20.00,1,122.176,122.176,16,16
16,58,20.00,1,95.561,95.561,16,16
16,59,20.00,1,92.419,92.419,16,17
16,60,20.00,1,82.365,82.365,17,17
16,61,20.00,1,81.500,81.500,17,17
16,62,20.00,1,62.609,62.609,17,17
16,63,20.00,1,144.022,144.022,17,17
16,64,20.00,1,95.825,95.825,17,17
16,65,20.00,1,93.098,93.098,17,17
16,66,20.00,1,83.854,83.854,17,18
16,67,20.00,1,81.941,81.941,18,18
16,68,20.00,1,83.565,83.565,18,18
16,69,20.00,1,68.174,68.174,18,18
16,70,20.00,1,113.586,113.586,18,19
16,71,20.00,1,119.753,119.753,19,18
16,72,20.00,1,96.572,96.572,18,18
16,73,20.00,1,84.451,84.451,18,18
16,74,20.00,1,91.192,91.192,18,18
16,75,20.00,1,86.196,86.196,18,18
16,76,20.00,1,70.560,70.560,18,18
16,77,20.00,1,124.229,124.229,18,18
16,78,20.00,1,134.803,134.803,18,18
16,79,20.00,1,89.017,89.017,18,18
16,80,20.00,1,90.102,90.102,18,18
16,81,20.00,1,83.618,83.618,18,18
16,82,20.00,1,84.495,84.495,18,18
16,83,20.00,1,65.643,65.643,18,18
16,84,20.00,1,124.398,124.398,18,18
16,85,20.00,1,107.037,107.037,18,18
16,86,20.00,1,97.888,97.888,18,18
16,87,20.00,1,95.580,95.580,18,18
16,88,20.00,1,92.347,92.347,18,17
16,89,20.00,1,77.584,77.584,17,16
16,90,20.00,1,69.362,69.362,16,16
16,91,20.00,1,112.400,112.400,16,16
16,92,20.00,1,107.688,107.688,16,16
16,93,20.00,1,99.491,99.491,16,16
16,94,20.00,1,91.050,91.050,16,15
16,95,20.00,1,101.380,101.380,15,15
16,96,20.00,1,71.686,71.686,15,15
16,97,20.00,1,66.362,66.362,15,16
16,98,20.00,1,116.354,116.354,16,16
16,99,20.00,1,116.091,116.091,16,17
16,100,20.00,1,73.350,73.350,17,16
16,101,20.00,1,72.509,72.509,16,16
16,102,20.00,1,69.785,69.785,16,15
16,103,20.00,1,69.302,69.302,15,15
16,104,20.00,1,60.420,60.420,14,15
16,105,20.00,1,103.541,103.541,15,15
16,106,20.00,1,80.736,80.736,15,15
16,107,20.00,1,83.495,83.495,15,16
16,108,20.00,1,80.504,80.504,16,15
16,109,20.00,1,71.008,71.008,14,16
16,110,20.00,1,70.782,70.782,15,17
16,111,20.00,1,70.556,70.556,15,17
16,112,20.00,1,89.941,89.941,17,17
16,113,20.00,1,84.155,84.155,17,18
16,114,20.00,1,94.797,94.797,17,18
16,115,20.00,1,77.036,77.036,17,18
16,116,20.00,1,99.369,99.369,17,18
16,117,20.00,1,89.980,89.980,17,17
16,118,20.00,1,82.192,82.192,16,17
16,119,20.00,1,114.046,114.046,17,17
16,120,20.00,1,118.936,118.936,17,17
16,121,20.00,1,99.376,99.376,17,17
16,122,20.00,1,93.156,93.156,17,17
16,123,20.00,1,90.228,90.228,17,16
16,124,20.00,1,87.852,87.852,16,17
16,125,20.00,1,64.734,64.734,17,17
16,126,20.00,1,126.510,126.510,17,17
16,127,20.00,1,124.251,124.251,17,17
16,128,20.00,1,95.654,95.654,17,17
16,129,20.00,1,102.027,102.027,17,17
16,130,20.00,1,95.128,95.128,17,17
16,131,20.00,1,79.152,79.152,17,15
16,132,20.00,1,70.752,70.752,15,15
16,133,20.00,1,132.673,132.673,15,14
16,134,20.00,1,102.695,102.695,14,14
16,135,20.00,1,123.916,123.916,14,14
16,136,20.00,1,101.797,101.797,14,14
16,137,20.00,1,81.398,81.398,14,14
16,138,20.00,1,73.419,73.419,14,14
16,139,20.00,1,54.997,54.997,14,15
16,140,20.00,1,92.615,92.615,15,15
16,141,20.00,1,86.167,86.167,14,15
16,142,20.00,1,87.929,87.929,15,15
16,143,20.00,1,76.296,76.296,14,16
16,144,20.00,1,71.384,71.384,15,16
16,145,20.00,1,68.443,68.443,14,15
16,146,20.00,1,69.758,69.758,13,15
16,147,20.00,1,90.162,90.162,15,15
16,148,20.00,1,92.731,92.731,15,14
16,149,20.00,1,81.365,81.365,14,14
16,150,20.00,1,73.836,73.836,13,14
16,151,20.00,1,75.222,75.222,12,14
16,152,20.00,1,73.328,73.328,12,14
16,153,20.00,1,73.989,73.989,12,14
16,154,20.00,1,96.961,96.961,14,14
16,155,20.00,1,84.817,84.817,13,14
16,156,20.00,1,85.118,85.118,13,14
16,157,20.00,1,84.255,84.255,13,14
16,158,20.00,1,73.591,73.591,13,15
16,159,20.00,1,77.476,77.476,14,15
16,160,20.00,1,67.038,67.038,14,16
16,161,20.00,1,90.226,90.226,16,16
16,162,20.00,1,81.663,81.663,16,16
16,163,20.00,1,96.424,96.424,16,16
16,164,20.00,1,77.672,77.672,16,16
16,165,20.00,1,73.772,73.772,15,16
16,166,20.00,1,68.675,68.675,14,16
16,167,20.00,1,67.315,67.315,14,16
16,168,20.00,1,92.011,92.011,16,16
16,169,20.00,1,82.085,82.085,16,17
16,170,20.00,1,84.439,84.439,16,17
16,171,20.00,1,78.032,78.032,16,17
16,172,20.00,1,85.966,85.966,16,15
16,173,20.00,1,69.629,69.629,13,15
16,174,20.00,1,70.996,70.996,13,14
16,175,20.00,1,90.454,90.454,14,15
16,176,20.00,1,82.757,82.757,15,15
16,177,20.00,1,91.339,91.339,15,15
16,178,20.00,1,75.635,75.635,14,16
16,179,20.00,1,73.545,73.545,15,17
16,180,20.00,1,73.199,73.199,15,17
16,181,20.00,1,67.380,67.380,15,17
16,182,20.00,1,80.834,80.834,17,17
16,183,20.00,1,80.418,80.418,17,17
16,184,20.00,1,90.225,90.225,17,17
16,185,20.00,1,73.706,73.706,16,16
16,186,20.00,1,79.835,79.835,14,16
16,187,20.00,1,71.846,71.846,14,16
16,188,20.00,1,70.616,70.616,14,16
16,189,20.00,1,90.509,90.509,16,16
16,190,20.00,1,78.030,78.030,16,16
16,191,20.00,1,97.570,97.570,16,16
16,192,20.00,1,76.527,76.527,16,16
16,193,20.00,1,73.490,73.490,15,16
16,194,20.00,1,64.623,64.623,14,15
16,195,20.00,1,67.954,67.954,12,15
16,196,20.00,1,93.449,93.449,15,15
16,197,20.00,1,102.632,102.632,15,15
16,198,20.00,1,73.657,73.657,15,15
16,199,20.00,1,74.499,74.499,15,15
16,200,20.00,1,71.464,71.464,15,15
16,201,20.00,1,70.550,70.550,14,15
16,202,20.00,1,79.393,79.393,13,15
16,203,20.00,1,109.711,109.711,15,16
16,204,20.00,1,124.679,124.679,16,16
16,205,20.00,1,95.553,95.553,16,16
16,206,20.00,1,90.271,90.271,16,15
16,207,20.00,1,97.403,97.403,15,15
16,208,20.00,1,70.638,70.638,15,15
16,209,20.00,1,54.288,54.288,15,15
16,210,20.00,1,113.639,113.639,15,15
16,211,20.00,1,109.657,109.657,15,15
16,212,20.00,1,102.598,102.598,15,15
16,213,20.00,1,100.977,100.977,14,14
16,214,20.00,1,102.232,102.232,13,14
16,215,20.00,1,87.288,87.288,13,14
16,216,20.00,1,60.458,60.458,13,13
16,217,20.00,1,125.299,125.299,13,13
16,218,20.00,1,119.146,119.146,13,13
16,219,20.00,1,104.697,104.697,13,13
16,220,20.00,1,89.702,89.702,13,12
16,221,20.00,1,83.980,83.980,12,13
16,222,20.00,1,80.982,80.982,13,13
16,223,20.00,1,54.467,54.467,13,13
16,224,20.00,1,122.169,122.169,13,12
16,225,20.00,1,117.813,117.813,12,12
16,226,20.00,1,96.949,96.949,12,12
16,227,20.00,1,80.347,80.347,12,12
16,228,20.00,1,97.470,97.470,12,13
16,229,20.00,1,79.447,79.447,13,13
16,230,20.00,1,58.274,58.274,13,13
16,231,20.00,1,121.063,121.063,13,13
16,232,20.00,1,113.095,113.095,13,13
16,233,20.00,1,101.138,101.138,13,13
16,234,20.00,1,90.555,90.555,13,14
16,235,20.00,1,87.869,87.869,14,14
16,236,20.00,1,84.596,84.596,14,14
16,237,20.00,1,53.033,53.033,14,14
16,238,20.00,1,128.077,128.077,14,14
16,239,20.00,1,109.659,109.659,14,14
16,240,20.00,1,100.720,100.720,14,14
16,241,20.00,1,99.531,99.531,14,14
16,242,20.00,1,91.427,91.427,14,14
16,243,20.00,1,76.223,76.223,14,14
16,244,20.00,1,58.997,58.997,14,14
16,245,20.00,1,122.940,122.940,14,14
16,246,20.00,1,98.382,98.382,14,14
16,247,20.00,1,108.152,108.152,14,14
16,248,20.00,1,95.977,95.977,14,15
16,249,20.00,1,82.124,82.124,15,16
17,0,20.00,1,92.196,92.196,17,17
17,1,20.00,1,101.666,101.666,17,17
17,2,20.00,1,70.539,70.539,16,17
17,3,20.00,1,69.348,69.348,16,18
17,4,20.00,1,77.172,77.172,17,18
17,5,20.00,1,66.116,66.116,16,17
17,6,20.00,1,71.905,71.905,15,16
17,7,20.00,1,99.030,99.030,16,14
17,8,20.00,1,83.026,83.026,14,14
17,9,20.00,1,91.109,91.109,14,15
17,10,20.00,1,68.597,68.597,14,16
17,11,20.00,1,65.167,65.167,15,16
17,12,20.00,1,64.686,64.686,15,16
17,13,20.00,1,63.386,63.386,14,16
17,14,20.00,1,93.334,93.334,16,16
17,15,20.00,1,85.351,85.351,16,16
17,16,20.00,1,97.824,97.824,16,16
17,17,20.00,1,62.386,62.386,15,17
17,18,20.00,1,63.832,63.832,16,17
17,19,20.00,1,62.361,62.361,16,16
17,20,20.00,1,58.360,58.360,14,16
17,21,20.00,1,77.603,77.603,16,16
17,22,20.00,1,99.236,99.236,16,16
17,23,20.00,1,74.878,74.878,16,16
17,24,20.00,1,72.834,72.834,16,16
17,25,20.00,1,63.608,63.608,15,16
17,26,20.00,1,70.873,70.873,15,16
17,27,20.00,1,75.166,75.166,15,16
17,28,20.00,1,108.588,108.588,16,17
17,29,20.00,1,90.419,90.419,17,17
17,30,20.00,1,68.688,68.688,16,18
17,31,20.00,1,73.021,73.021,17,19
17,32,20.00,1,62.257,62.257,17,19
17,33,20.00,1,62.809,62.809,17,20
17,34,20.00,1,55.225,55.225,18,20
17,35,20.00,1,100.746,100.746,20,20
17,36,20.00,1,98.261,98.261,20,19
17,37,20.00,1,71.204,71.204,18,20
17,38,20.00,1,69.947,69.947,19,20
17,39,20.00,1,65.328,65.328,18,19
17,40,20.00,1,67.098,67.098,17,20
17,41,20.00,1,60.375,60.375,18,20
17,42,20.00,1,82.944,82.944,20,20
17,43,20.00,1,94.467,94.467,20,20
17,44,20.00,1,73.440,73.440,20,18
17,45,20.00,1,68.305,68.305,18,18
17,46,20.00,1,72.712,72.712,17,18
17,47,20.00,1,64.304,64.304,17,18
17,48,20.00,1,59.496,59.496,17,18
17,49,20.00,1,108.064,108.064,18,18
17,50,20.00,1,90.943,90.943,18,17
17,51,20.00,1,70.337,70.337,16,17
17,52,20.00,1,73.050,73.050,16,17
17,53,20.00,1,66.607,66.607,16,17
17,54,20.00,1,62.449,62.449,15,16
17,55,20.00,1,59.606,59.606,14,16
17,56,20.00,1,97.851,97.851,16,15
17,57,20.00,1,94.586,94.586,15,15
17,58,20.00,1,64.851,64.851,14,18
17,59,20.00,1,68.085,68.085,17,17
17,60,20.00,1,70.421,70.421,16,17
17,61,20.00,1,74.936,74.936,16,17
17,62,20.00,1,65.265,65.265,16,16
17,63,20.00,1,99.505,99.505,16,17
17,64,20.00,1,98.046,98.046,17,17
17,65,20.00,1,75.504,75.504,16,17
17,66,20.00,1,72.208,72.208,16,17
17,67,20.00,1,65.089,65.089,15,17
17,68,20.00,1,64.499,64.499,15,17
17,69,20.00,1,64.093,64.093,15,17
17,70,20.00,1,74.622,74.622,17,16
17,71,20.00,1,100.365,100.365,16,17
17,72,20.00,1,73.029,73.029,17,17
17,73,20.00,1,74.682,74.682,17,17
17,74,20.00,1,70.031,70.031,16,17
17,75,20.00,1,62.595,62.595,16,15
17,76,20.00,1,59.809,59.809,14,16
17,77,20.00,1,97.673,97.673,16,16
17,78,20.00,1,94.770,94.770,16,16
17,79,20.00,1,77.182,77.182,15,16
17,80,20.00,1,70.530,70.530,15,16
17,81,20.00,1,67.220,67.220,14,15
17,82,20.00,1,62.299,62.299,13,14
17,83,20.00,1,84.636,84.636,12,14
17,84,20.00,1,137.866,137.866,14,16
17,85,20.00,1,88.477,88.477,16,16
17,86,20.00,1,81.199,81.199,16,16
17,87,20.00,1,85.963,85.963,16,17
17,88,20.00,1,90.087,90.087,17,17
17,89,20.00,1,61.748,61.748,17,17
17,90,20.00,1,61.141,61.141,16,17
17,91,20.00,1,135.781,135.781,17,16
17,92,20.00,1,85.781,85.781,16,17
17,93,20.00,1,92.856,92.856,17,17
17,94,20.00,1,89.684,89.684,17,17
17,95,20.00,1,89.453,89.453,17,17
17,96,20.00,1,63.226,63.226,17,17
17,97,20.00,1,64.038,64.038,16,16
17,98,20.00,1,150.361,150.361,16,16
17,99,20.00,1,103.181,103.181,16,16
17,100,20.00,1,83.406,83.406,16,17
17,101,20.00,1,84.438,84.438,17,16
17,102,20.00,1,74.242,74.242,16,16
17,103,20.00,1,55.539,55.539,16,17
17,104,20.00,1,55.295,55.295,17,17
17,105,20.00,1,121.629,121.629,17,16
17,106,20.00,1,117.719,117.719,16,16
17,107,20.00,1,91.072,91.072,16,16
17,108,20.00,1,88.018,88.018,16,16
17,109,20.00,1,87.363,87.363,16,16
17,110,20.00,1,77.378,77.378,16,17
17,111,20.00,1,55.393,55.393,16,18
17,112,20.00,1,132.915,132.915,18,18
17,113,20.00,1,105.368,105.368,18,18
17,114,20.00,1,85.751,85.751,18,18
17,115,20.00,1,79.391,79.391,18,18
17,116,20.00,1,79.902,79.902,18,19
17,117,20.00,1,66.092,66.092,19,21
17,118,20.00,1,52.205,52.205,20,21
17,119,20.00,1,131.952,131.952,21,20
17,120,20.00,1,108.513,108.513,20,19
17,121,20.00,1,81.679,81.679,19,18
17,122,20.00,1,88.237,88.237,18,18
17,123,20.00,1,91.036,91.036,18,18
17,124,20.00,1,67.055,67.055,18,18
17,125,20.00,1,56.938,56.938,17,18
17,126,20.00,1,123.853,123.853,18,18
17,127,20.00,1,105.506,105.506,18,18
17,128,20.00,1,77.085,77.085,18,17
17,129,20.00,1,78.871,78.871,17,17
17,130,20.00,1,83.666,83.666,17,17
17,131,20.00,1,75.154,75.154,17,16
17,132,20.00,1,55.630,55.630,15,16
17,133,20.00,1,132.509,132.509,16,16
17,134,20.00,1,109.435,109.435,16,16
17,135,20.00,1,86.919,86.919,16,16
17,136,20.00,1,91.435,91.435,16,17
17,137,20.00,1,76.092,76.092,17,18
17,138,20.00,1,66.498,66.498,18,18
17,139,20.00,1,61.408,61.408,17,18
17,140,20.00,1,134.258,134.258,18,17
17,141,20.00,1,94.413,94.413,17,17
17,142,20.00,1,83.437,83.437,17,17
17,143,20.00,1,85.823,85.823,17,18
17,144,20.00,1,85.853,85.853,18,18
17,145,20.00,1,64.749,64.749,18,18
17,146,20.00,1,55.017,55.017,17,17
17,147,20.00,1,126.043,126.043,17,16
17,148,20.00,1,107.309,107.309,16,16
17,149,20.00,1,82.479,82.479,16,16
17,150,20.00,1,81.633,81.633,16,16
17,151,20.00,1,88.020,88.020,16,16
17,152,20.00,1,72.964,72.964,16,16
17,153,20.00,1,60.340,60.340,15,16
17,154,20.00,1,149.557,149.557,16,16
17,155,20.00,1,90.023,90.023,16,16
17,156,20.00,1,87.733,87.733,16,17
17,157,20.00,1,80.423,80.423,17,17
17,158,20.00,1,87.500,87.500,17,17
17,159,20.00,1,58.544,58.544,17,16
17,160,20.00,1,62.067,62.067,16,16
17,161,20.00,1,134.711,134.711,16,16
17,162,20.00,1,99.527,99.527,16,16
17,163,20.00,1,78.406,78.406,16,16
17,164,20.00,1,73.911,73.911,16,16
17,165,20.00,1,75.745,75.745,16,17
17,166,20.00,1,64.835,64.835,17,18
17,167,20.00,1,65.913,65.913,18,18
17,168,20.00,1,146.685,146.685,18,18
17,169,20.00,1,106.524,106.524,18,18
17,170,20.00,1,89.159,89.159,18,18
17,171,20.00,1,79.805,79.805,18,18
17,172,20.00,1,82.447,82.447,18,18
17,173,20.00,1,67.563,67.563,18,19
17,174,20.00,1,61.951,61.951,19,20
17,175,20.00,1,138.286,138.286,20,20
17,176,20.00,1,109.269,109.269,20,21
17,177,20.00,1,88.819,88.819,21,21
17,178,20.00,1,84.839,84.839,21,19
17,179,20.00,1,77.136,77.136,19,19
17,180,20.00,1,70.349,70.349,19,19
17,181,20.00,1,66.731,66.731,19,19
17,182,20.00,1,117.487,117.487,19,19
17,183,20.00,1,124.579,124.579,19,19
17,184,20.00,1,91.524,91.524,19,19
17,185,20.00,1,78.845,78.845,19,19
17,186,20.00,1,74.428,74.428,19,19
17,187,20.00,1,92.705,92.705,18,19
17,188,20.00,1,69.343,69.343,18,19
17,189,20.00,1,130.214,130.214,19,20
17,190,20.00,1,91.767,91.767,20,19
17,191,20.00,1,88.159,88.159,19,20
17,192,20.00,1,79.659,79.659,20,20
17,193,20.00,1,71.481,71.481,20,20
17,194,20.00,1,68.793,68.793,20,21
17,195,20.00,1,66.646,66.646,20,20
17,196,20.00,1,126.535,126.535,20,20
17,197,20.00,1,101.583,101.583,20,20
17,198,20.00,1,83.443,83.443,20,19
17,199,20.00,1,78.803,78.803,19,19
17,200,20.00,1,72.472,72.472,19,18
17,201,20.00,1,80.695,80.695,17,18
17,202,20.00,1,65.234,65.234,17,18
17,203,20.00,1,138.278,138.278,18,18
17,204,20.00,1,124.514,124.514,18,18
17,205,20.00,1,95.885,95.885,18,19
17,206,20.00,1,87.976,87.976,19,19
17,207,20.00,1,81.445,81.445,19,19
17,208,20.00,1,62.136,62.136,19,19
17,209,20.00,1,70.193,70.193,19,19
17,210,20.00,1,152.318,152.318,19,19
17,211,20.00,1,102.351,102.351,19,19
17,212,20.00,1,89.024,89.024,19,19
17,213,20.00,1,64.228,64.228,19,19
17,214,20.00,1,64.596,64.596,19,19
17,215,20.00,1,55.381,55.381,19,19
17,216,20.00,1,55.192,55.192,19,20
17,217,20.00,1,100.465,100.465,20,20
17,218,20.00,1,98.542,98.542,20,19
17,219,20.00,1,74.744,74.744,18,19
17,220,20.00,1,72.967,72.967,18,20
17,221,20.00,1,66.689,66.689,18,21
17,222,20.00,1,62.518,62.518,19,21
17,223,20.00,1,60.174,60.174,19,21
17,224,20.00,1,96.890,96.890,21,20
17,225,20.00,1,102.117,102.117,20,20
17,226,20.00,1,78.461,78.461,19,20
17,227,20.00,1,75.024,75.024,19,20
17,228,20.00,1,71.448,71.448,19,20
17,229,20.00,1,60.626,60.626,18,20
17,230,20.00,1,62.257,62.257,18,20
17,231,20.00,1,110.180,110.180,20,19
17,232,20.00,1,88.827,88.827,19,18
17,233,20.00,1,73.815,73.815,17,18
17,234,20.00,1,71.699,71.699,17,18
17,235,20.00,1,73.896,73.896,17,18
17,236,20.00,1,61.485,61.485,16,18
17,237,20.00,1,58.306,58.306,16,18
17,238,20.00,1,95.739,95.739,18,18
17,239,20.00,1,88.748,88.748,18,18
17,240,20.00,1,69.310,69.310,17,18
17,241,20.00,1,80.020,80.020,17,18
17,242,20.00,1,67.692,67.692,17,18
17,243,20.00,1,73.472,73.472,16,18
17,244,20.00,1,56.098,56.098,16,17
17,245,20.00,1,89.290,89.290,17,16
17,246,20.00,1,90.657,90.657,16,16
17,247,20.00,1,80.564,80.564,15,15
17,248,20.00,1,67.487,67.487,14,14
17,249,20.00,1,67.148,67.148,13,13
18,0,20.00,1,122.202,122.202,19,20
18,1,20.00,1,82.320,82.320,20,20
18,2,20.00,1,94.231,94.231,20,20
18,3,20.00,1,77.372,77.372,20,20
18,4,20.00,1,88.097,88.097,20,20
18,5,20.00,1,72.934,72.934,20,20
18,6,20.00,1,69.659,69.659,20,19
18,7,20.00,1,109.995,109.995,19,19
18,8,20.00,1,90.145,90.145,19,20
18,9,20.00,1,85.977,85.977,20,20
18,10,20.00,1,70.848,70.848,20,20
18,11,20.00,1,58.919,58.919,20,19
18,12,20.00,1,61.666,61.666,19,19
18,13,20.00,1,62.540,62.540,19,18
18,14,20.00,1,95.971,95.971,18,18
18,15,20.00,1,67.819,67.819,18,17
18,16,20.00,1,70.960,70.960,17,16
18,17,20.00,1,71.303,71.303,16,16
18,18,20.00,1,65.174,65.174,16,16
18,19,20.00,1,61.525,61.525,15,17
18,20,20.00,1,62.939,62.939,16,17
18,21,20.00,1,87.144,87.144,17,17
18,22,20.00,1,76.706,76.706,17,18
18,23,20.00,1,77.239,77.239,18,16
18,24,20.00,1,74.001,74.001,16,15
18,25,20.00,1,56.822,56.822,14,15
18,26,20.00,1,69.076,69.076,14,14
18,27,20.00,1,57.896,57.896,13,14
18,28,20.00,1,89.359,89.359,14,14
18,29,20.00,1,75.371,75.371,14,14
18,30,20.00,1,71.786,71.786,14,14
18,31,20.00,1,67.911,67.911,13,12
18,32,20.00,1,62.190,62.190,11,12
18,33,20.00,1,68.568,68.568,11,12
18,34,20.00,1,60.983,60.983,10,12
18,35,20.00,1,77.735,77.735,12,12
18,36,20.00,1,77.446,77.446,12,12
18,37,20.00,1,67.442,67.442,11,13
18,38,20.00,1,74.828,74.828,12,13
18,39,20.00,1,74.876,74.876,12,12
18,40,20.00,1,60.395,60.395,11,12
18,41,20.00,1,58.401,58.401,11,12
18,42,20.00,1,94.760,94.760,12,12
18,43,20.00,1,70.371,70.371,12,12
18,44,20.00,1,66.386,66.386,12,12
18,45,20.00,1,70.576,70.576,11,13
18,46,20.00,1,67.440,67.440,12,13
18,47,20.00,1,63.928,63.928,12,14
18,48,20.00,1,62.656,62.656,13,14
18,49,20.00,1,76.942,76.942,14,13
18,50,20.00,1,77.821,77.821,13,13
18,51,20.00,1,79.518,79.518,13,13
18,52,20.00,1,62.931,62.931,12,13
18,53,20.00,1,66.779,66.779,12,13
18,54,20.00,1,67.569,67.569,12,13
18,55,20.00,1,56.743,56.743,12,13
18,56,20.00,1,73.564,73.564,13,13
18,57,20.00,1,107.927,107.927,13,13
18,58,20.00,1,83.940,83.940,13,13
18,59,20.00,1,88.807,88.807,13,13
18,60,20.00,1,87.170,87.170,13,13
18,61,20.00,1,75.850,75.850,13,13
18,62,20.00,1,75.109,75.109,13,12
18,63,20.00,1,121.149,121.149,12,12
18,64,20.00,1,96.426,96.426,12,14
18,65,20.00,1,92.141,92.141,14,15
18,66,20.00,1,98.302,98.302,15,15
18,67,20.00,1,84.781,84.781,15,15
18,68,20.00,1,76.630,76.630,15,15
18,69,20.00,1,72.236,72.236,15,15
18,70,20.00,1,103.885,103.885,15,15
18,71,20.00,1,97.785,97.785,15,15
18,72,20.00,1,88.079,88.079,15,14
18,73,20.00,1,80.609,80.609,14,14
18,74,20.00,1,86.800,86.800,14,13
18,75,20.00,1,77.133,77.133,13,14
18,76,20.00,1,69.064,69.064,14,14
18,77,20.00,1,116.545,116.545,14,14
18,78,20.00,1,91.657,91.657,14,13
18,79,20.00,1,81.782,81.782,13,13
18,80,20.00,1,91.751,91.751,13,13
18,81,20.00,1,71.737,71.737,13,13
18,82,20.00,1,73.728,73.728,13,13
18,83,20.00,1,79.802,79.802,13,13
18,84,20.00,1,125.412,125.412,13,13
18,85,20.00,1,88.067,88.067,13,13
18,86,20.00,1,91.920,91.920,13,13
18,87,20.00,1,99.239,99.239,13,13
18,88,20.00,1,83.154,83.154,13,13
18,89,20.00,1,71.139,71.139,13,14
18,90,20.00,1,72.738,72.738,14,14
18,91,20.00,1,91.343,91.343,14,14
18,92,20.00,1,94.582,94.582,14,14
18,93,20.00,1,83.490,83.490,14,14
18,94,20.00,1,100.192,100.192,14,14
18,95,20.00,1,75.240,75.240,14,15
18,96,20.00,1,72.656,72.656,15,15
18,97,20.00,1,71.588,71.588,15,15
18,98,20.00,1,111.853,111.853,15,14
18,99,20.00,1,92.629,92.629,14,14
18,100,20.00,1,82.913,82.913,14,13
18,101,20.00,1,75.890,75.890,13,13
18,102,20.00,1,78.588,78.588,13,13
18,103,20.00,1,86.429,86.429,13,13
18,104,20.00,1,83.309,83.309,13,12
18,105,20.00,1,118.203,118.203,12,12
18,106,20.00,1,95.413,95.413,12,12
18,107,20.00,1,67.915,67.915,12,12
18,108,20.00,1,63.883,63.883,12,12
18,109,20.00,1,61.387,61.387,12,12
18,110,20.00,1,58.082,58.082,12,12
18,111,20.00,1,74.475,74.475,11,12
18,112,20.00,1,107.364,107.364,12,12
18,113,20.00,1,95.551,95.551,12,13
18,114,20.00,1,90.159,90.159,13,13
18,115,20.00,1,83.612,83.612,13,14
18,116,20.00,1,82.941,82.941,14,15
18,117,20.00,1,73.050,73.050,15,15
18,118,20.00,1,80.419,80.419,15,15
18,119,20.00,1,102.633,102.633,15,15
18,120,20.00,1,96.916,96.916,15,15
18,121,20.00,1,85.319,85.319,15,15
18,122,20.00,1,83.202,83.202,15,16
18,123,20.00,1,85.011,85.011,16,17
18,124,20.00,1,77.673,77.673,17,19
18,125,20.00,1,86.328,86.328,19,19
18,126,20.00,1,108.457,108.457,19,19
18,127,20.00,1,87.823,87.823,19,19
18,128,20.00,1,102.243,102.243,19,19
18,129,20.00,1,86.803,86.803,19,18
18,130,20.00,1,70.335,70.335,18,18
18,131,20.00,1,71.467,71.467,18,18
18,132,20.00,1,75.484,75.484,18,18
18,133,20.00,1,115.724,115.724,18,18
18,134,20.00,1,88.134,88.134,18,18
18,135,20.00,1,110.458,110.458,18,18
18,136,20.00,1,79.518,79.518,18,18
18,137,20.00,1,79.607,79.607,18,18
18,138,20.00,1,74.522,74.522,18,18
18,139,20.00,1,66.357,66.357,18,18
18,140,20.00,1,104.141,104.141,18,18
18,141,20.00,1,65.741,65.741,17,18
18,142,20.00,1,74.958,74.958,18,18
18,143,20.00,1,68.254,68.254,18,17
18,144,20.00,1,71.742,71.742,17,17
18,145,20.00,1,62.611,62.611,16,16
18,146,20.00,1,64.935,64.935,15,16
18,147,20.00,1,91.349,91.349,16,16
18,148,20.00,1,76.355,76.355,16,15
18,149,20.00,1,69.796,69.796,15,15
18,150,20.00,1,77.354,77.354,14,15
18,151,20.00,1,73.641,73.641,13,15
18,152,20.00,1,66.603,66.603,14,17
18,153,20.00,1,61.341,61.341,16,17
18,154,20.00,1,77.092,77.092,17,17
18,155,20.00,1,84.053,84.053,16,17
18,156,20.00,1,73.752,73.752,16,17
18,157,20.00,1,65.217,65.217,16,17
18,158,20.00,1,67.349,67.349,15,17
18,159,20.00,1,67.223,67.223,16,18
18,160,20.00,1,57.089,57.089,17,18
18,161,20.00,1,86.735,86.735,18,18
18,162,20.00,1,74.925,74.925,18,18
18,163,20.00,1,82.554,82.554,18,17
18,164,20.00,1,69.346,69.346,17,16
18,165,20.00,1,69.028,69.028,15,16
18,166,20.00,1,74.339,74.339,15,16
18,167,20.00,1,54.053,54.053,15,16
18,168,20.00,1,92.313,92.313,16,16
18,169,20.00,1,71.277,71.277,16,16
18,170,20.00,1,68.832,68.832,16,16
18,171,20.00,1,77.723,77.723,15,16
18,172,20.00,1,64.553,64.553,15,14
18,173,20.00,1,64.205,64.205,13,14
18,174,20.00,1,66.191,66.191,13,14
18,175,20.00,1,78.129,78.129,14,14
18,176,20.00,1,83.869,83.869,14,15
18,177,20.00,1,83.016,83.016,15,15
18,178,20.00,1,75.377,75.377,14,15
18,179,20.00,1,70.940,70.940,14,15
18,180,20.00,1,55.381,55.381,14,16
18,181,20.00,1,65.339,65.339,14,16
18,182,20.00,1,89.569,89.569,16,16
18,183,20.00,1,73.854,73.854,15,16
18,184,20.00,1,74.643,74.643,16,17
18,185,20.00,1,71.576,71.576,17,16
18,186,20.00,1,69.133,69.133,15,16
18,187,20.00,1,56.904,56.904,15,17
18,188,20.00,1,56.661,56.661,15,17
18,189,20.00,1,79.604,79.604,17,16
18,190,20.00,1,81.541,81.541,16,15
18,191,20.00,1,79.501,79.501,14,15
18,192,20.00,1,72.808,72.808,14,15
18,193,20.00,1,65.021,65.021,14,15
18,194,20.00,1,59.079,59.079,14,16
18,195,20.00,1,59.291,59.291,15,16
18,196,20.00,1,73.291,73.291,16,16
18,197,20.00,1,79.852,79.852,16,16
18,198,20.00,1,67.246,67.246,15,17
18,199,20.00,1,65.004,65.004,16,17
18,200,20.00,1,76.812,76.812,16,17
18,201,20.00,1,60.761,60.761,16,17
18,202,20.00,1,69.202,69.202,16,17
18,203,20.00,1,75.476,75.476,17,16
18,204,20.00,1,78.694,78.694,16,16
18,205,20.00,1,69.083,69.083,15,17
18,206,20.00,1,74.535,74.535,16,17
18,207,20.00,1,68.300,68.300,16,17
18,208,20.00,1,61.675,61.675,16,17
18,209,20.00,1,59.586,59.586,15,17
18,210,20.00,1,76.098,76.098,17,17
18,211,20.00,1,81.479,81.479,17,17
18,212,20.00,1,74.055,74.055,16,17
18,213,20.00,1,70.248,70.248,16,17
18,214,20.00,1,69.770,69.770,16,17
18,215,20.00,1,60.989,60.989,16,17
18,216,20.00,1,56.863,56.863,15,16
18,217,20.00,1,75.045,75.045,16,16
18,218,20.00,1,70.404,70.404,16,15
18,219,20.00,1,70.404,70.404,14,15
18,220,20.00,1,70.498,70.498,14,15
18,221,20.00,1,60.479,60.479,14,15
18,222,20.00,1,62.379,62.379,14,15
18,223,20.00,1,68.942,68.942,14,14
18,224,20.00,1,69.357,69.357,14,14
18,225,20.00,1,67.535,67.535,14,13
18,226,20.00,1,78.009,78.009,13,14
18,227,20.00,1,71.193,71.193,13,15
18,228,20.00,1,69.422,69.422,14,17
18,229,20.00,1,65.492,65.492,16,18
18,230,20.00,1,59.565,59.565,16,18
18,231,20.00,1,75.899,75.899,18,18
18,232,20.00,1,76.619,76.619,18,18
18,233,20.00,1,73.008,73.008,18,17
18,234,20.00,1,85.164,85.164,17,17
18,235,20.00,1,75.981,75.981,17,17
18,236,20.00,1,58.007,58.007,16,17
18,237,20.00,1,64.762,64.762,16,16
18,238,20.00,1,71.703,71.703,16,16
18,239,20.00,1,80.633,80.633,16,16
18,240,20.00,1,74.659,74.659,16,16
18,241,20.00,1,69.191,69.191,15,16
18,242,20.00,1,69.913,69.913,15,16
18,243,20.00,1,78.765,78.765,15,16
18,244,20.00,1,71.801,71.801,15,17
18,245,20.00,1,103.725,103.725,17,17
18,246,20.00,1,83.746,83.746,17,17
18,247,20.00,1,83.221,83.221,17,17
18,248,20.00,1,82.991,82.991,17,17
18,249,20.00,1,70.542,70.542,17,18
19,0,20.00,1,108.764,108.764,19,20
19,1,20.00,1,102.681,102.681,20,21
19,2,20.00,1,98.812,98.812,21,21
19,3,20.00,1,89.893,89.893,21,21
19,4,20.00,1,82.130,82.130,21,21
19,5,20.00,1,70.310,70.310,21,20
19,6,20.00,1,60.134,60.134,20,20
19,7,20.00,1,113.463,113.463,20,20
19,8,20.00,1,98.104,98.104,20,20
19,9,20.00,1,113.347,113.347,20,20
19,10,20.00,1,94.217,94.217,20,20
19,11,20.00,1,74.442,74.442,20,20
19,12,20.00,1,69.222,69.222,20,20
19,13,20.00,1,65.328,65.328,20,20
19,14,20.00,1,127.771,127.771,20,20
19,15,20.00,1,115.065,115.065,20,20
19,16,20.00,1,97.244,97.244,20,20
19,17,20.00,1,92.553,92.553,20,20
19,18,20.00,1,84.997,84.997,20,20
19,19,20.00,1,69.284,69.284,20,20
19,20,20.00,1,63.075,63.075,20,20
19,21,20.00,1,113.504,113.504,20,20
19,22,20.00,1,108.052,108.052,20,21
19,23,20.00,1,99.248,99.248,21,20
19,24,20.00,1,100.126,100.126,20,19
19,25,20.00,1,81.528,81.528,19,19
19,26,20.00,1,67.328,67.328,19,19
19,27,20.00,1,63.826,63.826,19,19
19,28,20.00,1,129.492,129.492,19,19
19,29,20.00,1,112.075,112.075,19,19
19,30,20.00,1,131.595,131.595,19,19
19,31,20.00,1,92.728,92.728,19,19
19,32,20.00,1,75.451,75.451,19,19
19,33,20.00,1,55.260,55.260,19,19
19,34,20.00,1,58.685,58.685,19,20
19,35,20.00,1,110.215,110.215,20,19
19,36,20.00,1,100.655,100.655,19,19
19,37,20.00,1,99.115,99.115,19,18
19,38,20.00,1,101.773,101.773,18,18
19,39,20.00,1,78.481,78.481,18,16
19,40,20.00,1,74.466,74.466,16,18
19,41,20.00,1,61.671,61.671,18,18
19,42,20.00,1,94.329,94.329,18,18
19,43,20.00,1,86.457,86.457,18,18
19,44,20.00,1,83.104,83.104,18,19
19,45,20.00,1,71.630,71.630,19,20
19,46,20.00,1,78.249,78.249,19,20
19,47,20.00,1,68.487,68.487,19,21
19,48,20.00,1,67.036,67.036,19,22
19,49,20.00,1,97.351,97.351,22,22
19,50,20.00,1,83.256,83.256,22,22
19,51,20.00,1,79.559,79.559,22,22
19,52,20.00,1,71.920,71.920,21,22
19,53,20.00,1,76.695,76.695,21,22
19,54,20.00,1,67.159,67.159,21,22
19,55,20.00,1,64.974,64.974,21,22
19,56,20.00,1,82.207,82.207,22,22
19,57,20.00,1,80.741,80.741,22,22
19,58,20.00,1,82.074,82.074,22,22
19,59,20.00,1,80.119,80.119,21,22
19,60,20.00,1,69.904,69.904,20,21
19,61,20.00,1,76.222,76.222,19,21
19,62,20.00,1,69.305,69.305,19,21
19,63,20.00,1,87.306,87.306,21,21
19,64,20.00,1,87.061,87.061,21,19
19,65,20.00,1,76.076,76.076,19,19
19,66,20.00,1,75.509,75.509,19,19
19,67,20.00,1,75.265,75.265,18,18
19,68,20.00,1,74.175,74.175,16,18
19,69,20.00,1,65.669,65.669,16,18
19,70,20.00,1,84.618,84.618,18,16
19,71,20.00,1,96.582,96.582,16,16
19,72,20.00,1,77.708,77.708,16,16
19,73,20.00,1,70.109,70.109,15,15
19,74,20.00,1,79.100,79.100,14,16
19,75,20.00,1,72.398,72.398,15,16
19,76,20.00,1,66.233,66.233,15,17
19,77,20.00,1,77.531,77.531,17,17
19,78,20.00,1,93.895,93.895,17,18
19,79,20.00,1,84.794,84.794,18,18
19,80,20.00,1,80.268,80.268,17,17
19,81,20.00,1,75.556,75.556,16,16
19,82,20.00,1,68.920,68.920,15,16
19,83,20.00,1,59.106,59.106,14,16
19,84,20.00,1,88.052,88.052,16,16
19,85,20.00,1,89.202,89.202,16,15
19,86,20.00,1,73.613,73.613,15,15
19,87,20.00,1,92.681,92.681,14,16
19,88,20.00,1,70.611,70.611,15,16
19,89,20.00,1,69.644,69.644,15,16
19,90,20.00,1,65.877,65.877,14,15
19,91,20.00,1,87.940,87.940,15,15
19,92,20.00,1,82.697,82.697,15,14
19,93,20.00,1,79.629,79.629,14,15
19,94,20.00,1,74.875,74.875,14,15
19,95,20.00,1,77.914,77.914,13,15
19,96,20.00,1,75.100,75.100,13,15
19,97,20.00,1,59.098,59.098,13,16
19,98,20.00,1,86.503,86.503,16,16
19,99,20.00,1,96.766,96.766,16,16
19,100,20.00,1,76.313,76.313,16,16
19,101,20.00,1,68.000,68.000,15,15
19,102,20.00,1,71.533,71.533,14,15
19,103,20.00,1,65.560,65.560,14,15
19,104,20.00,1,70.675,70.675,13,15
19,105,20.00,1,101.515,101.515,15,15
19,106,20.00,1,93.370,93.370,15,15
19,107,20.00,1,68.956,68.956,15,15
19,108,20.00,1,75.218,75.218,14,15
19,109,20.00,1,70.955,70.955,14,15
19,110,20.00,1,70.549,70.549,14,14
19,111,20.00,1,63.243,63.243,13,14
19,112,20.00,1,98.689,98.689,14,16
19,113,20.00,1,77.397,77.397,16,15
19,114,20.00,1,83.762,83.762,15,15
19,115,20.00,1,78.564,78.564,15,15
19,116,20.00,1,73.072,73.072,14,15
19,117,20.00,1,70.530,70.530,14,15
19,118,20.00,1,64.127,64.127,14,15
19,119,20.00,1,91.780,91.780,15,17
19,120,20.00,1,80.195,80.195,17,17
19,121,20.00,1,87.263,87.263,17,17
19,122,20.00,1,71.269,71.269,17,16
19,123,20.00,1,75.063,75.063,16,16
19,124,20.00,1,71.035,71.035,15,16
19,125,20.00,1,62.929,62.929,14,16
19,126,20.00,1,92.011,92.011,16,15
19,127,20.00,1,79.315,79.315,15,16
19,128,20.00,1,83.500,83.500,16,15
19,129,20.00,1,79.405,79.405,14,15
19,130,20.00,1,70.315,70.315,14,15
19,131,20.00,1,63.722,63.722,13,15
19,132,20.00,1,65.402,65.402,13,15
19,133,20.00,1,90.702,90.702,15,16
19,134,20.00,1,83.610,83.610,16,16
19,135,20.00,1,77.341,77.341,16,17
19,136,20.00,1,78.537,78.537,16,15
19,137,20.00,1,76.456,76.456,14,15
19,138,20.00,1,72.114,72.114,14,16
19,139,20.00,1,73.837,73.837,14,16
19,140,20.00,1,90.052,90.052,16,16
19,141,20.00,1,90.045,90.045,16,16
19,142,20.00,1,76.820,76.820,16,16
19,143,20.00,1,96.704,96.704,16,16
19,144,20.00,1,72.763,72.763,16,17
19,145,20.00,1,81.204,81.204,16,17
19,146,20.00,1,72.280,72.280,16,18
19,147,20.00,1,113.847,113.847,18,18
19,148,20.00,1,106.808,106.808,18,18
19,149,20.00,1,92.381,92.381,18,17
19,150,20.00,1,82.332,82.332,17,17
19,151,20.00,1,91.357,91.357,17,17
19,152,20.00,1,56.007,56.007,17,16
19,153,20.00,1,52.171,52.171,15,16
19,154,20.00,1,120.616,120.616,16,16
19,155,20.00,1,125.652,125.652,16,16
19,156,20.00,1,93.930,93.930,16,17
19,157,20.00,1,90.078,90.078,17,17
19,158,20.00,1,90.354,90.354,17,17
19,159,20.00,1,63.082,63.082,17,18
19,160,20.00,1,48.970,48.970,18,18
19,161,20.00,1,118.642,118.642,18,18
19,162,20.00,1,110.288,110.288,18,18
19,163,20.00,1,103.781,103.781,18,18
19,164,20.00,1,88.395,88.395,18,17
19,165,20.00,1,79.485,79.485,17,18
19,166,20.00,1,52.527,52.527,18,17
19,167,20.00,1,53.098,53.098,16,17
19,168,20.00,1,122.589,122.589,17,17
19,169,20.00,1,107.046,107.046,17,17
19,170,20.00,1,96.600,96.600,17,17
19,171,20.00,1,98.902,98.902,17,17
19,172,20.00,1,94.647,94.647,17,17
19,173,20.00,1,56.594,56.594,17,18
19,174,20.00,1,57.148,57.148,18,18
19,175,20.00,1,123.563,123.563,18,18
19,176,20.00,1,96.196,96.196,18,18
19,177,20.00,1,99.063,99.063,18,17
19,178,20.00,1,98.673,98.673,17,17
19,179,20.00,1,66.619,66.619,17,18
19,180,20.00,1,67.083,67.083,17,18
19,181,20.00,1,54.001,54.001,17,17
19,182,20.00,1,107.667,107.667,17,15
19,183,20.00,1,87.702,87.702,15,15
19,184,20.00,1,83.798,83.798,15,15
19,185,20.00,1,75.113,75.113,15,15
19,186,20.00,1,58.010,58.010,14,15
19,187,20.00,1,68.967,68.967,14,15
19,188,20.00,1,62.415,62.415,13,15
19,189,20.00,1,90.034,90.034,15,16
19,190,20.00,1,90.619,90.619,16,17
19,191,20.00,1,72.781,72.781,17,18
19,192,20.00,1,71.706,71.706,17,18
19,193,20.00,1,69.210,69.210,16,17
19,194,20.00,1,73.180,73.180,15,17
19,195,20.00,1,64.561,64.561,15,16
19,196,20.00,1,83.672,83.672,16,15
19,197,20.00,1,81.037,81.037,15,15
19,198,20.00,1,78.654,78.654,15,15
19,199,20.00,1,81.674,81.674,14,15
19,200,20.00,1,69.043,69.043,13,15
19,201,20.00,1,68.367,68.367,13,15
19,202,20.00,1,77.867,77.867,13,15
19,203,20.00,1,103.850,103.850,15,15
19,204,20.00,1,76.369,76.369,15,14
19,205,20.00,1,80.550,80.550,14,14
19,206,20.00,1,70.523,70.523,13,14
19,207,20.00,1,75.692,75.692,13,14
19,208,20.00,1,63.675,63.675,13,15
19,209,20.00,1,62.750,62.750,13,15
19,210,20.00,1,82.930,82.930,15,16
19,211,20.00,1,82.776,82.776,16,16
19,212,20.00,1,79.550,79.550,16,16
19,213,20.00,1,79.885,79.885,15,16
19,214,20.00,1,66.410,66.410,14,15
19,215,20.00,1,79.004,79.004,13,15
19,216,20.00,1,76.002,76.002,13,15
19,217,20.00,1,88.361,88.361,15,15
19,218,20.00,1,95.626,95.626,15,15
19,219,20.00,1,78.783,78.783,15,15
19,220,20.00,1,77.018,77.018,15,14
19,221,20.00,1,83.543,83.543,14,13
19,222,20.00,1,67.749,67.749,12,14
19,223,20.00,1,67.189,67.189,13,13
19,224,20.00,1,86.625,86.625,13,13
19,225,20.00,1,84.509,84.509,13,13
19,226,20.00,1,77.915,77.915,13,14
19,227,20.00,1,76.351,76.351,14,14
19,228,20.00,1,76.190,76.190,13,14
19,229,20.00,1,76.064,76.064,12,15
19,230,20.00,1,60.283,60.283,13,15
19,231,20.00,1,93.826,93.826,15,15
19,232,20.00,1,83.576,83.576,15,14
19,233,20.00,1,68.989,68.989,14,14
19,234,20.00,1,76.796,76.796,13,14
19,235,20.00,1,72.821,72.821,12,14
19,236,20.00,1,80.557,80.557,12,14
19,237,20.00,1,60.355,60.355,12,16
19,238,20.00,1,99.119,99.119,16,16
19,239,20.00,1,80.205,80.205,16,16
19,240,20.00,1,72.728,72.728,16,16
19,241,20.00,1,71.536,71.536,15,16
19,242,20.00,1,70.923,70.923,15,16
19,243,20.00,1,63.697,63.697,15,17
19,244,20.00,1,62.847,62.847,15,17
19,245,20.00,1,80.267,80.267,17,18
19,246,20.00,1,85.059,85.059,18,18
19,247,20.00,1,82.059,82.059,18,18
19,248,20.00,1,71.465,71.465,17,19
19,249,20.00,1,69.856,69.856,17,19
20,0,20.00,1,71.400,71.400,14,15
20,1,20.00,1,76.220,76.220,14,14
20,2,20.00,1,78.382,78.382,14,15
20,3,20.00,1,80.649,80.649,14,15
20,4,20.00,1,64.444,64.444,13,15
20,5,20.00,1,55.061,55.061,13,15
20,6,20.00,1,51.364,51.364,12,15
20,7,20.00,1,70.236,70.236,15,14
20,8,20.00,1,82.258,82.258,14,14
20,9,20.00,1,77.929,77.929,14,15
20,10,20.00,1,68.613,68.613,14,15
20,11,20.00,1,54.290,54.290,13,14
20,12,20.00,1,54.237,54.237,12,14
20,13,20.00,1,57.006,57.006,12,14
20,14,20.00,1,82.002,82.002,14,14
20,15,20.00,1,79.099,79.099,14,14
20,16,20.00,1,86.209,86.209,13,14
20,17,20.00,1,65.841,65.841,13,15
20,18,20.00,1,63.419,63.419,13,15
20,19,20.00,1,60.615,60.615,13,16
20,20,20.00,1,57.609,57.609,14,17
20,21,20.00,1,79.376,79.376,17,17
20,22,20.00,1,74.806,74.806,17,17
20,23,20.00,1,82.780,82.780,17,18
20,24,20.00,1,69.756,69.756,17,18
20,25,20.00,1,60.152,60.152,16,20
20,26,20.00,1,58.095,58.095,17,20
20,27,20.00,1,58.745,58.745,17,20
20,28,20.00,1,69.388,69.388,19,20
20,29,20.00,1,77.073,77.073,19,21
20,30,20.00,1,74.977,74.977,20,21
20,31,20.00,1,79.118,79.118,19,21
20,32,20.00,1,60.683,60.683,18,21
20,33,20.00,1,60.345,60.345,18,21
20,34,20.00,1,54.693,54.693,17,23
20,35,20.00,1,71.565,71.565,22,22
20,36,20.00,1,79.840,79.840,21,21
20,37,20.00,1,70.828,70.828,20,21
20,38,20.00,1,81.261,81.261,19,21
20,39,20.00,1,57.301,57.301,18,20
20,40,20.00,1,63.727,63.727,17,20
20,41,20.00,1,54.606,54.606,16,20
20,42,20.00,1,71.359,71.359,19,21
20,43,20.00,1,73.563,73.563,20,21
20,44,20.00,1,82.799,82.799,20,20
20,45,20.00,1,68.492,68.492,18,20
20,46,20.00,1,58.221,58.221,17,20
20,47,20.00,1,54.440,54.440,17,20
20,48,20.00,1,60.088,60.088,17,21
20,49,20.00,1,81.944,81.944,20,19
20,50,20.00,1,77.078,77.078,18,19
20,51,20.00,1,79.087,79.087,17,19
20,52,20.00,1,72.962,72.962,17,19
20,53,20.00,1,55.183,55.183,16,18
20,54,20.00,1,54.328,54.328,15,18
20,55,20.00,1,52.139,52.139,15,18
20,56,20.00,1,77.534,77.534,17,18
20,57,20.00,1,76.050,76.050,17,18
20,58,20.00,1,74.360,74.360,17,18
20,59,20.00,1,74.371,74.371,16,18
20,60,20.00,1,62.708,62.708,15,17
20,61,20.00,1,57.386,57.386,14,17
20,62,20.00,1,58.320,58.320,14,16
20,63,20.00,1,85.454,85.454,15,17
20,64,20.00,1,67.167,67.167,16,17
20,65,20.00,1,73.556,73.556,16,18
20,66,20.00,1,66.369,66.369,17,18
20,67,20.00,1,55.427,55.427,16,18
20,68,20.00,1,56.912,56.912,16,17
20,69,20.00,1,57.441,57.441,16,18
20,70,20.00,1,78.535,78.535,18,18
20,71,20.00,1,81.259,81.259,18,19
20,72,20.00,1,84.159,84.159,18,20
20,73,20.00,1,67.891,67.891,19,18
20,74,20.00,1,62.859,62.859,16,18
20,75,20.00,1,75.022,75.022,16,18
20,76,20.00,1,52.600,52.600,16,18
20,77,20.00,1,75.596,75.596,18,18
20,78,20.00,1,89.596,89.596,18,18
20,79,20.00,1,85.879,85.879,18,17
20,80,20.00,1,85.505,85.505,17,17
20,81,20.00,1,80.766,80.766,16,17
20,82,20.00,1,66.940,66.940,16,17
20,83,20.00,1,62.453,62.453,16,17
20,84,20.00,1,101.473,101.473,17,17
20,85,20.00,1,96.001,96.001,17,17
20,86,20.00,1,76.092,76.092,17,17
20,87,20.00,1,80.306,80.306,17,16
20,88,20.00,1,62.978,62.978,16,15
20,89,20.00,1,59.628,59.628,15,15
20,90,20.00,1,56.049,56.049,14,15
20,91,20.00,1,102.813,102.813,15,15
20,92,20.00,1,102.944,102.944,15,15
20,93,20.00,1,76.516,76.516,15,16
20,94,20.00,1,70.293,70.293,16,16
20,95,20.00,1,71.275,71.275,16,16
20,96,20.00,1,58.288,58.288,16,16
20,97,20.00,1,49.105,49.105,15,15
20,98,20.00,1,111.164,111.164,15,16
20,99,20.00,1,77.122,77.122,16,16
20,100,20.00,1,69.374,69.374,16,16
20,101,20.00,1,65.470,65.470,15,16
20,102,20.00,1,57.597,57.597,15,15
20,103,20.00,1,55.558,55.558,14,15
20,104,20.00,1,49.937,49.937,13,17
20,105,20.00,1,79.940,79.940,17,17
20,106,20.00,1,81.161,81.161,17,17
20,107,20.00,1,76.578,76.578,16,17
20,108,20.00,1,75.471,75.471,16,17
20,109,20.00,1,68.590,68.590,15,14
20,110,20.00,1,55.222,55.222,12,14
20,111,20.00,1,54.470,54.470,12,15
20,112,20.00,1,73.756,73.756,15,15
20,113,20.00,1,76.913,76.913,15,16
20,114,20.00,1,87.344,87.344,16,16
20,115,20.00,1,73.023,73.023,15,15
20,116,20.00,1,60.421,60.421,13,15
20,117,20.00,1,63.464,63.464,13,15
20,118,20.00,1,60.607,60.607,13,15
20,119,20.00,1,75.959,75.959,15,15
20,120,20.00,1,78.857,78.857,15,15
20,121,20.00,1,87.241,87.241,14,15
20,122,20.00,1,64.809,64.809,14,15
20,123,20.00,1,67.916,67.916,13,16
20,124,20.00,1,55.145,55.145,14,16
20,125,20.00,1,53.113,53.113,14,17
20,126,20.00,1,81.674,81.674,17,17
20,127,20.00,1,76.711,76.711,17,16
20,128,20.00,1,79.427,79.427,16,16
20,129,20.00,1,75.338,75.338,15,16
20,130,20.00,1,70.099,70.099,14,16
20,131,20.00,1,57.410,57.410,14,17
20,132,20.00,1,59.532,59.532,15,17
20,133,20.00,1,123.758,123.758,17,17
20,134,20.00,1,108.377,108.377,17,17
20,135,20.00,1,86.322,86.322,17,17
20,136,20.00,1,66.585,66.585,17,17
20,137,20.00,1,62.706,62.706,17,18
20,138,20.00,1,53.038,53.038,18,18
20,139,20.00,1,52.724,52.724,18,18
20,140,20.00,1,104.842,104.842,18,18
20,141,20.00,1,114.198,114.198,18,18
20,142,20.00,1,86.406,86.406,18,18
20,143,20.00,1,73.197,73.197,18,18
20,144,20.00,1,63.431,63.431,17,18
20,145,20.00,1,59.054,59.054,17,18
20,146,20.00,1,63.703,63.703,17,18
20,147,20.00,1,114.304,114.304,17,17
20,148,20.00,1,119.643,119.643,16,17
20,149,20.00,1,86.304,86.304,16,17
20,150,20.00,1,72.083,72.083,16,17
20,151,20.00,1,66.404,66.404,16,17
20,152,20.00,1,53.786,53.786,16,17
20,153,20.00,1,50.584,50.584,16,17
20,154,20.00,1,119.418,119.418,16,17
20,155,20.00,1,106.410,106.410,16,17
20,156,20.00,1,85.060,85.060,16,17
20,157,20.00,1,85.173,85.173,16,17
20,158,20.00,1,64.626,64.626,15,17
20,159,20.00,1,60.359,60.359,15,17
20,160,20.00,1,56.950,56.950,15,19
20,161,20.00,1,106.070,106.070,18,18
20,162,20.00,1,99.124,99.124,17,18
20,163,20.00,1,78.591,78.591,17,18
20,164,20.00,1,74.605,74.605,17,18
20,165,20.00,1,69.770,69.770,17,18
20,166,20.00,1,57.498,57.498,17,18
20,167,20.00,1,61.743,61.743,17,18
20,168,20.00,1,121.963,121.963,17,19
20,169,20.00,1,118.262,118.262,18,19
20,170,20.00,1,78.231,78.231,18,19
20,171,20.00,1,69.537,69.537,18,20
20,172,20.00,1,74.582,74.582,19,20
20,173,20.00,1,57.338,57.338,19,20
20,174,20.00,1,62.438,62.438,19,20
20,175,20.00,1,113.124,113.124,19,20
20,176,20.00,1,107.949,107.949,19,20
20,177,20.00,1,88.799,88.799,19,20
20,178,20.00,1,80.190,80.190,19,20
20,179,20.00,1,71.331,71.331,19,20
20,180,20.00,1,56.297,56.297,19,20
20,181,20.00,1,57.883,57.883,19,20
20,182,20.00,1,103.569,103.569,19,20
20,183,20.00,1,102.340,102.340,19,20
20,184,20.00,1,74.986,74.986,19,20
20,185,20.00,1,77.741,77.741,19,20
20,186,20.00,1,65.300,65.300,19,18
20,187,20.00,1,61.689,61.689,17,19
20,188,20.00,1,57.532,57.532,18,19
20,189,20.00,1,116.764,116.764,18,20
20,190,20.00,1,93.048,93.048,19,20
20,191,20.00,1,89.340,89.340,19,20
20,192,20.00,1,71.951,71.951,19,21
20,193,20.00,1,81.000,81.000,20,21
20,194,20.00,1,68.053,68.053,20,21
20,195,20.00,1,58.784,58.784,19,20
20,196,20.00,1,113.824,113.824,19,20
20,197,20.00,1,99.696,99.696,19,20
20,198,20.00,1,81.926,81.926,19,19
20,199,20.00,1,62.462,62.462,19,20
20,200,20.00,1,63.599,63.599,19,20
20,201,20.00,1,61.886,61.886,19,20
20,202,20.00,1,61.405,61.405,19,20
20,203,20.00,1,126.182,126.182,19,20
20,204,20.00,1,104.594,104.594,19,19
20,205,20.00,1,81.579,81.579,18,20
20,206,20.00,1,77.150,77.150,19,20
20,207,20.00,1,67.108,67.108,18,20
20,208,20.00,1,67.664,67.664,18,21
20,209,20.00,1,54.677,54.677,19,21
20,210,20.00,1,107.949,107.949,20,21
20,211,20.00,1,99.656,99.656,20,21
20,212,20.00,1,87.608,87.608,20,21
20,213,20.00,1,74.103,74.103,20,21
20,214,20.00,1,62.453,62.453,20,21
20,215,20.00,1,58.283,58.283,20,21
20,216,20.00,1,57.008,57.008,20,21
20,217,20.00,1,103.602,103.602,20,21
20,218,20.00,1,115.090,115.090,20,21
20,219,20.00,1,79.645,79.645,20,21
20,220,20.00,1,65.767,65.767,20,21
20,221,20.00,1,75.489,75.489,20,20
20,222,20.00,1,57.499,57.499,19,20
20,223,20.00,1,73.436,73.436,18,18
20,224,20.00,1,110.050,110.050,17,16
20,225,20.00,1,103.302,103.302,15,16
20,226,20.00,1,79.260,79.260,15,16
20,227,20.00,1,91.145,91.145,14,16
20,228,20.00,1,71.681,71.681,14,17
20,229,20.00,1,62.731,62.731,15,17
20,230,20.00,1,57.799,57.799,15,16
20,231,20.00,1,112.752,112.752,15,16
20,232,20.00,1,95.056,95.056,15,16
20,233,20.00,1,75.578,75.578,15,17
20,234,20.00,1,80.769,80.769,16,17
20,235,20.00,1,68.712,68.712,16,17
20,236,20.00,1,63.254,63.254,16,17
20,237,20.00,1,56.993,56.993,16,17
20,238,20.00,1,105.436,105.436,16,16
20,239,20.00,1,96.320,96.320,15,16
20,240,20.00,1,79.848,79.848,15,16
20,241,20.00,1,72.387,72.387,15,16
20,242,20.00,1,63.368,63.368,15,16
20,243,20.00,1,63.826,63.826,15,17
20,244,20.00,1,55.730,55.730,16,17
20,245,20.00,1,128.202,128.202,16,16
20,246,20.00,1,97.021,97.021,15,16
20,247,20.00,1,87.401,87.401,15,17
20,248,20.00,1,70.159,70.159,16,17
20,249,20.00,1,59.698,59.698,16,15
21,0,20.00,1,75.214,75.214,16,17
21,1,20.00,1,73.555,73.555,17,17
21,2,20.00,1,71.456,71.456,17,17
21,3,20.00,1,76.076,76.076,17,18
21,4,20.00,1,64.137,64.137,18,19
21,5,20.00,1,62.659,62.659,18,19
21,6,20.00,1,58.526,58.526,18,17
21,7,20.00,1,77.428,77.428,17,17
21,8,20.00,1,82.108,82.108,17,17
21,9,20.00,1,74.201,74.201,17,17
21,10,20.00,1,61.046,61.046,17,17
21,11,20.00,1,75.435,75.435,17,18
21,12,20.00,1,62.257,62.257,18,17
21,13,20.00,1,64.114,64.114,16,18
21,14,20.00,1,76.958,76.958,18,18
21,15,20.00,1,75.910,75.910,18,18
21,16,20.00,1,77.617,77.617,18,18
21,17,20.00,1,74.783,74.783,18,18
21,18,20.00,1,60.075,60.075,18,18
21,19,20.00,1,58.218,58.218,17,18
21,20,20.00,1,61.624,61.624,16,17
21,21,20.00,1,83.405,83.405,17,17
21,22,20.00,1,74.726,74.726,17,16
21,23,20.00,1,69.946,69.946,16,16
21,24,20.00,1,72.117,72.117,16,16
21,25,20.00,1,62.966,62.966,16,16
21,26,20.00,1,60.884,60.884,15,16
21,27,20.00,1,60.036,60.036,14,15
21,28,20.00,1,78.744,78.744,15,15
21,29,20.00,1,69.032,69.032,15,16
21,30,20.00,1,76.138,76.138,16,16
21,31,20.00,1,63.785,63.785,16,16
21,32,20.00,1,62.259,62.259,16,16
21,33,20.00,1,60.950,60.950,15,16
21,34,20.00,1,62.255,62.255,14,16
21,35,20.00,1,74.005,74.005,16,17
21,36,20.00,1,70.869,70.869,17,17
21,37,20.00,1,80.879,80.879,17,18
21,38,20.00,1,66.823,66.823,18,17
21,39,20.00,1,73.829,73.829,16,17
21,40,20.00,1,60.982,60.982,16,17
21,41,20.00,1,58.996,58.996,16,16
21,42,20.00,1,75.616,75.616,16,16
21,43,20.00,1,75.071,75.071,16,16
21,44,20.00,1,73.266,73.266,16,16
21,45,20.00,1,67.799,67.799,16,17
21,46,20.00,1,69.474,69.474,17,16
21,47,20.00,1,59.735,59.735,15,16
21,48,20.00,1,61.122,61.122,14,17
21,49,20.00,1,75.050,75.050,17,17
21,50,20.00,1,85.024,85.024,17,17
21,51,20.00,1,73.388,73.388,17,19
21,52,20.00,1,63.579,63.579,19,19
21,53,20.00,1,66.589,66.589,19,19
21,54,20.00,1,57.951,57.951,18,19
21,55,20.00,1,57.254,57.254,17,19
21,56,20.00,1,71.789,71.789,19,19
21,57,20.00,1,78.963,78.963,19,19
21,58,20.00,1,67.859,67.859,19,19
21,59,20.00,1,70.326,70.326,19,19
21,60,20.00,1,62.675,62.675,19,19
21,61,20.00,1,68.166,68.166,18,19
21,62,20.00,1,62.310,62.310,18,18
21,63,20.00,1,94.895,94.895,18,19
21,64,20.00,1,85.047,85.047,19,19
21,65,20.00,1,69.493,69.493,19,19
21,66,20.00,1,68.825,68.825,19,18
21,67,20.00,1,65.099,65.099,18,18
21,68,20.00,1,61.343,61.343,18,18
21,69,20.00,1,60.489,60.489,17,19
21,70,20.00,1,76.731,76.731,19,18
21,71,20.00,1,73.545,73.545,18,18
21,72,20.00,1,69.436,69.436,18,17
21,73,20.00,1,68.678,68.678,17,17
21,74,20.00,1,64.147,64.147,17,17
21,75,20.00,1,61.490,61.490,16,18
21,76,20.00,1,60.546,60.546,16,18
21,77,20.00,1,72.852,72.852,18,18
21,78,20.00,1,80.839,80.839,18,19
21,79,20.00,1,68.887,68.887,19,19
21,80,20.00,1,62.964,62.964,19,19
21,81,20.00,1,74.107,74.107,18,18
21,82,20.00,1,60.149,60.149,17,17
21,83,20.00,1,56.739,56.739,15,16
21,84,20.00,1,79.650,79.650,16,16
21,85,20.00,1,73.433,73.433,16,16
21,86,20.00,1,67.262,67.262,16,16
21,87,20.00,1,69.160,69.160,16,16
21,88,20.00,1,64.259,64.259,16,16
21,89,20.00,1,62.720,62.720,15,15
21,90,20.00,1,61.008,61.008,13,15
21,91,20.00,1,74.380,74.380,15,16
21,92,20.00,1,76.790,76.790,16,16
21,93,20.00,1,78.923,78.923,16,17
21,94,20.00,1,72.593,72.593,17,17
21,95,20.00,1,58.769,58.769,17,18
21,96,20.00,1,58.621,58.621,17,18
21,97,20.00,1,57.389,57.389,16,18
21,98,20.00,1,69.441,69.441,18,18
21,99,20.00,1,70.048,70.048,18,17
21,100,20.00,1,79.644,79.644,17,16
21,101,20.00,1,67.357,67.357,16,17
21,102,20.00,1,63.447,63.447,17,18
21,103,20.00,1,66.535,66.535,18,17
21,104,20.00,1,62.953,62.953,16,16
21,105,20.00,1,73.370,73.370,16,16
21,106,20.00,1,70.004,70.004,16,15
21,107,20.00,1,75.418,75.418,14,16
21,108,20.00,1,73.693,73.693,16,17
21,109,20.00,1,62.274,62.274,17,16
21,110,20.00,1,60.164,60.164,15,16
21,111,20.00,1,59.630,59.630,14,16
21,112,20.00,1,72.571,72.571,16,16
21,113,20.00,1,74.431,74.431,16,16
21,114,20.00,1,78.967,78.967,16,16
21,115,20.00,1,64.084,64.084,16,16
21,116,20.00,1,65.898,65.898,16,16
21,117,20.00,1,63.261,63.261,15,16
21,118,20.00,1,57.598,57.598,14,16
21,119,20.00,1,75.072,75.072,16,18
21,120,20.00,1,81.527,81.527,18,18
21,121,20.00,1,65.228,65.228,18,18
21,122,20.00,1,65.329,65.329,18,18
21,123,20.00,1,64.940,64.940,18,18
21,124,20.00,1,64.652,64.652,16,18
21,125,20.00,1,57.929,57.929,16,18
21,126,20.00,1,73.380,73.380,18,18
21,127,20.00,1,70.067,70.067,18,18
21,128,20.00,1,85.271,85.271,18,18
21,129,20.00,1,65.216,65.216,18,18
21,130,20.00,1,67.785,67.785,18,18
21,131,20.00,1,64.312,64.312,17,18
21,132,20.00,1,59.915,59.915,16,18
21,133,20.00,1,76.090,76.090,18,18
21,134,20.00,1,64.992,64.992,18,18
21,135,20.00,1,76.893,76.893,18,18
21,136,20.00,1,80.114,80.114,18,17
21,137,20.00,1,76.879,76.879,17,16
21,138,20.00,1,60.813,60.813,16,17
21,139,20.00,1,56.108,56.108,16,17
21,140,20.00,1,68.400,68.400,17,17
21,141,20.00,1,84.739,84.739,17,17
21,142,20.00,1,70.057,70.057,17,16
21,143,20.00,1,67.635,67.635,16,16
21,144,20.00,1,64.601,64.601,15,16
21,145,20.00,1,83.427,83.427,14,15
21,146,20.00,1,63.128,63.128,13,14
21,147,20.00,1,74.687,74.687,14,13
21,148,20.00,1,73.216,73.216,13,14
21,149,20.00,1,76.229,76.229,14,14
21,150,20.00,1,77.648,77.648,14,15
21,151,20.00,1,60.044,60.044,15,15
21,152,20.00,1,59.869,59.869,14,15
21,153,20.00,1,59.785,59.785,14,15
21,154,20.00,1,71.775,71.775,15,16
21,155,20.00,1,78.899,78.899,16,16
21,156,20.00,1,70.016,70.016,16,16
21,157,20.00,1,73.803,73.803,16,17
21,158,20.00,1,62.004,62.004,17,17
21,159,20.00,1,58.793,58.793,16,18
21,160,20.00,1,58.393,58.393,16,19
21,161,20.00,1,75.415,75.415,19,19
21,162,20.00,1,71.858,71.858,19,17
21,163,20.00,1,75.193,75.193,17,17
21,164,20.00,1,62.608,62.608,17,17
21,165,20.00,1,67.561,67.561,17,17
21,166,20.00,1,62.058,62.058,16,17
21,167,20.00,1,58.124,58.124,15,17
21,168,20.00,1,78.720,78.720,17,16
21,169,20.00,1,74.858,74.858,16,16
21,170,20.00,1,69.242,69.242,15,17
21,171,20.00,1,76.769,76.769,17,16
21,172,20.00,1,62.834,62.834,16,16
21,173,20.00,1,60.926,60.926,15,16
21,174,20.00,1,60.377,60.377,14,16
21,175,20.00,1,74.833,74.833,16,16
21,176,20.00,1,76.013,76.013,16,16
21,177,20.00,1,76.128,76.128,16,16
21,178,20.00,1,65.052,65.052,16,16
21,179,20.00,1,62.859,62.859,16,16
21,180,20.00,1,59.174,59.174,15,15
21,181,20.00,1,56.988,56.988,13,15
21,182,20.00,1,68.365,68.365,15,15
21,183,20.00,1,67.652,67.652,15,15
21,184,20.00,1,71.763,71.763,15,16
21,185,20.00,1,70.040,70.040,16,16
21,186,20.00,1,78.115,78.115,15,16
21,187,20.00,1,63.222,63.222,15,17
21,188,20.00,1,58.406,58.406,15,17
21,189,20.00,1,77.055,77.055,17,17
21,190,20.00,1,71.380,71.380,17,17
21,191,20.00,1,72.467,72.467,17,16
21,192,20.00,1,66.312,66.312,16,16
21,193,20.00,1,61.437,61.437,15,16
21,194,20.00,1,61.506,61.506,15,17
21,195,20.00,1,66.873,66.873,16,16
21,196,20.00,1,77.515,77.515,16,16
21,197,20.00,1,68.055,68.055,16,16
21,198,20.00,1,65.205,65.205,16,16
21,199,20.00,1,76.576,76.576,15,16
21,200,20.00,1,64.963,64.963,16,16
21,201,20.00,1,64.946,64.946,15,16
21,202,20.00,1,60.177,60.177,14,16
21,203,20.00,1,71.118,71.118,16,16
21,204,20.00,1,75.453,75.453,16,16
21,205,20.00,1,81.428,81.428,16,16
21,206,20.00,1,66.574,66.574,16,15
21,207,20.00,1,61.891,61.891,14,16
21,208,20.00,1,68.090,68.090,15,15
21,209,20.00,1,64.127,64.127,13,16
21,210,20.00,1,76.037,76.037,16,16
21,211,20.00,1,80.320,80.320,16,16
21,212,20.00,1,65.986,65.986,16,15
21,213,20.00,1,66.175,66.175,15,15
21,214,20.00,1,63.996,63.996,15,15
21,215,20.00,1,63.994,63.994,14,14
21,216,20.00,1,61.655,61.655,12,14
21,217,20.00,1,73.154,73.154,14,14
21,218,20.00,1,76.222,76.222,14,14
21,219,20.00,1,75.604,75.604,14,15
21,220,20.00,1,61.470,61.470,15,15
21,221,20.00,1,76.153,76.153,14,14
21,222,20.00,1,62.109,62.109,13,15
21,223,20.00,1,57.397,57.397,14,15
21,224,20.00,1,69.283,69.283,15,14
21,225,20.00,1,73.528,73.528,14,14
21,226,20.00,1,74.240,74.240,14,14
21,227,20.00,1,68.409,68.409,14,14
21,228,20.00,1,68.318,68.318,13,14
21,229,20.00,1,61.850,61.850,13,14
21,230,20.00,1,59.472,59.472,12,14
21,231,20.00,1,76.640,76.640,14,14
21,232,20.00,1,73.347,73.347,14,15
21,233,20.00,1,105.589,105.589,15,15
21,234,20.00,1,91.238,91.238,15,16
21,235,20.00,1,57.572,57.572,16,16
21,236,20.00,1,57.794,57.794,16,15
21,237,20.00,1,56.635,56.635,15,17
21,238,20.00,1,72.586,72.586,17,17
21,239,20.00,1,72.419,72.419,17,15
21,240,20.00,1,66.647,66.647,15,15
21,241,20.00,1,71.037,71.037,15,14
21,242,20.00,1,65.106,65.106,14,14
21,243,20.00,1,63.334,63.334,13,15
21,244,20.00,1,61.963,61.963,13,16
21,245,20.00,1,74.238,74.238,16,16
21,246,20.00,1,78.507,78.507,16,17
21,247,20.00,1,71.951,71.951,17,17
21,248,20.00,1,71.401,71.401,17,16
21,249,20.00,1,63.454,63.454,16,15
22,0,20.00,1,140.692,140.692,13,13
22,1,20.00,1,106.809,106.809,13,13
22,2,20.00,1,90.008,90.008,12,13
22,3,20.00,1,86.248,86.248,12,13
22,4,20.00,1,67.944,67.944,11,13
22,5,20.00,1,56.665,56.665,11,13
22,6,20.00,1,59.479,59.479,10,13
22,7,20.00,1,123.620,123.620,13,13
22,8,20.00,1,126.603,126.603,13,13
22,9,20.00,1,77.452,77.452,12,12
22,10,20.00,1,80.349,80.349,11,12
22,11,20.00,1,61.269,61.269,11,12
22,12,20.00,1,63.339,63.339,11,12
22,13,20.00,1,75.903,75.903,10,12
22,14,20.00,1,135.827,135.827,12,11
22,15,20.00,1,123.129,123.129,11,11
22,16,20.00,1,128.720,128.720,10,11
22,17,20.00,1,81.893,81.893,10,11
22,18,20.00,1,79.848,79.848,10,11
22,19,20.00,1,73.971,73.971,10,11
22,20,20.00,1,72.998,72.998,10,12
22,21,20.00,1,129.420,129.420,12,12
22,22,20.00,1,139.468,139.468,12,13
22,23,20.00,1,129.536,129.536,13,13
22,24,20.00,1,77.772,77.772,12,13
22,25,20.00,1,76.528,76.528,12,13
22,26,20.00,1,77.698,77.698,12,13
22,27,20.00,1,65.021,65.021,12,13
22,28,20.00,1,133.954,133.954,13,13
22,29,20.00,1,125.002,125.002,13,13
22,30,20.00,1,143.644,143.644,12,14
22,31,20.00,1,84.605,84.605,13,14
22,32,20.00,1,74.461,74.461,13,14
22,33,20.00,1,68.129,68.129,13,14
22,34,20.00,1,70.064,70.064,13,15
22,35,20.00,1,127.627,127.627,15,15
22,36,20.00,1,127.128,127.128,15,15
22,37,20.00,1,121.745,121.745,14,15
22,38,20.00,1,95.630,95.630,14,15
22,39,20.00,1,85.600,85.600,14,15
22,40,20.00,1,68.824,68.824,14,15
22,41,20.00,1,84.860,84.860,13,15
22,42,20.00,1,134.149,134.149,15,15
22,43,20.00,1,111.677,111.677,15,15
22,44,20.00,1,141.781,141.781,14,15
22,45,20.00,1,86.550,86.550,14,15
22,46,20.00,1,59.790,59.790,14,15
22,47,20.00,1,57.874,57.874,14,14
22,48,20.00,1,54.556,54.556,13,13
22,49,20.00,1,107.406,107.406,13,13
22,50,20.00,1,107.111,107.111,13,13
22,51,20.00,1,93.921,93.921,13,12
22,52,20.00,1,96.648,96.648,12,13
22,53,20.00,1,66.251,66.251,12,13
22,54,20.00,1,59.941,59.941,12,13
22,55,20.00,1,65.803,65.803,12,14
22,56,20.00,1,95.788,95.788,14,14
22,57,20.00,1,104.023,104.023,14,13
22,58,20.00,1,106.101,106.101,13,14
22,59,20.00,1,84.468,84.468,14,14
22,60,20.00,1,81.916,81.916,13,14
22,61,20.00,1,62.103,62.103,13,14
22,62,20.00,1,66.900,66.900,13,14
22,63,20.00,1,149.655,149.655,14,14
22,64,20.00,1,115.141,115.141,14,14
22,65,20.00,1,109.301,109.301,14,13
22,66,20.00,1,80.585,80.585,12,13
22,67,20.00,1,75.428,75.428,12,12
22,68,20.00,1,82.601,82.601,10,12
22,69,20.00,1,79.118,79.118,10,12
22,70,20.00,1,135.514,135.514,12,12
22,71,20.00,1,123.442,123.442,12,11
22,72,20.00,1,124.513,124.513,10,11
22,73,20.00,1,92.790,92.790,10,11
22,74,20.00,1,81.302,81.302,10,11
22,75,20.00,1,66.056,66.056,10,11
22,76,20.00,1,61.992,61.992,9,11
22,77,20.00,1,126.156,126.156,11,11
22,78,20.00,1,110.170,110.170,11,12
22,79,20.00,1,119.587,119.587,12,12
22,80,20.00,1,70.982,70.982,12,12
22,81,20.00,1,66.791,66.791,11,12
22,82,20.00,1,57.817,57.817,11,12
22,83,20.00,1,54.064,54.064,10,12
22,84,20.00,1,123.278,123.278,12,12
22,85,20.00,1,120.075,120.075,12,13
22,86,20.00,1,97.634,97.634,12,13
22,87,20.00,1,91.601,91.601,12,14
22,88,20.00,1,54.525,54.525,12,14
22,89,20.00,1,63.611,63.611,12,14
22,90,20.00,1,59.542,59.542,11,14
22,91,20.00,1,107.820,107.820,14,15
22,92,20.00,1,122.670,122.670,15,14
22,93,20.00,1,85.033,85.033,14,13
22,94,20.00,1,82.583,82.583,13,14
22,95,20.00,1,65.641,65.641,14,14
22,96,20.00,1,58.967,58.967,14,14
22,97,20.00,1,60.958,60.958,13,14
22,98,20.00,1,143.712,143.712,14,14
22,99,20.00,1,122.942,122.942,14,14
22,100,20.00,1,115.244,115.244,14,14
22,101,20.00,1,67.627,67.627,13,14
22,102,20.00,1,61.934,61.934,12,13
22,103,20.00,1,54.893,54.893,11,13
22,104,20.00,1,60.438,60.438,11,13
22,105,20.00,1,138.735,138.735,13,13
22,106,20.00,1,120.221,120.221,13,13
22,107,20.00,1,99.871,99.871,12,13
22,108,20.00,1,90.699,90.699,12,13
22,109,20.00,1,62.253,62.253,11,13
22,110,20.00,1,58.133,58.133,11,12
22,111,20.00,1,56.773,56.773,9,13
22,112,20.00,1,141.196,141.196,13,13
22,113,20.00,1,117.760,117.760,13,13
22,114,20.00,1,96.235,96.235,12,13
22,115,20.00,1,94.334,94.334,12,13
22,116,20.00,1,77.593,77.593,11,13
22,117,20.00,1,76.847,76.847,11,13
22,118,20.00,1,66.876,66.876,11,13
22,119,20.00,1,170.343,170.343,13,13
22,120,20.00,1,118.674,118.674,13,13
22,121,20.00,1,89.581,89.581,13,13
22,122,20.00,1,88.613,88.613,13,13
22,123,20.00,1,72.061,72.061,12,12
22,124,20.00,1,78.756,78.756,11,11
22,125,20.00,1,71.896,71.896,10,11
22,126,20.00,1,175.383,175.383,11,11
22,127,20.00,1,117.992,117.992,11,10
22,128,20.00,1,86.444,86.444,10,10
22,129,20.00,1,83.573,83.573,10,11
22,130,20.00,1,75.777,75.777,10,11
22,131,20.00,1,72.577,72.577,10,10
22,132,20.00,1,64.044,64.044,8,10
22,133,20.00,1,156.535,156.535,10,11
22,134,20.00,1,126.804,126.804,11,11
22,135,20.00,1,102.421,102.421,11,11
22,136,20.00,1,77.381,77.381,10,11
22,137,20.00,1,89.139,89.139,10,11
22,138,20.00,1,66.677,66.677,10,11
22,139,20.00,1,63.766,63.766,10,11
22,140,20.00,1,208.753,208.753,11,11
22,141,20.00,1,114.102,114.102,11,12
22,142,20.00,1,86.323,86.323,12,11
22,143,20.00,1,76.467,76.467,11,11
22,144,20.00,1,68.307,68.307,10,11
22,145,20.00,1,73.852,73.852,10,11
22,146,20.00,1,51.578,51.578,10,12
22,147,20.00,1,159.717,159.717,12,12
22,148,20.00,1,121.834,121.834,12,12
22,149,20.00,1,99.239,99.239,12,12
22,150,20.00,1,84.193,84.193,11,12
22,151,20.00,1,69.821,69.821,11,12
22,152,20.00,1,76.459,76.459,11,12
22,153,20.00,1,68.736,68.736,11,13
22,154,20.00,1,187.733,187.733,13,14
22,155,20.00,1,134.068,134.068,14,14
22,156,20.00,1,94.652,94.652,14,14
22,157,20.00,1,77.106,77.106,14,14
22,158,20.00,1,71.223,71.223,14,13
22,159,20.00,1,68.384,68.384,12,13
22,160,20.00,1,69.718,69.718,12,13
22,161,20.00,1,188.066,188.066,13,13
22,162,20.00,1,124.544,124.544,13,14
22,163,20.00,1,83.757,83.757,14,14
22,164,20.00,1,77.204,77.204,14,14
22,165,20.00,1,70.890,70.890,14,14
22,166,20.00,1,68.651,68.651,13,15
22,167,20.00,1,66.025,66.025,14,15
22,168,20.00,1,199.441,199.441,15,14
22,169,20.00,1,132.124,132.124,14,14
22,170,20.00,1,91.296,91.296,14,13
22,171,20.00,1,71.320,71.320,13,14
22,172,20.00,1,73.640,73.640,14,13
22,173,20.00,1,60.529,60.529,13,13
22,174,20.00,1,59.515,59.515,13,13
22,175,20.00,1,196.648,196.648,13,13
22,176,20.00,1,141.618,141.618,13,13
22,177,20.00,1,79.374,79.374,13,13
22,178,20.00,1,75.362,75.362,13,13
22,179,20.00,1,68.467,68.467,13,13
22,180,20.00,1,62.308,62.308,13,12
22,181,20.00,1,70.509,70.509,11,13
22,182,20.00,1,178.514,178.514,13,13
22,183,20.00,1,131.825,131.825,13,13
22,184,20.00,1,86.714,86.714,13,13
22,185,20.00,1,80.442,80.442,13,13
22,186,20.00,1,70.333,70.333,12,15
22,187,20.00,1,65.245,65.245,14,15
22,188,20.00,1,61.219,61.219,14,14
22,189,20.00,1,173.433,173.433,14,14
22,190,20.00,1,127.536,127.536,14,14
22,191,20.00,1,89.273,89.273,14,14
22,192,20.00,1,85.523,85.523,14,14
22,193,20.00,1,70.336,70.336,13,15
22,194,20.00,1,80.091,80.091,14,15
22,195,20.00,1,74.005,74.005,14,15
22,196,20.00,1,196.907,196.907,15,15
22,197,20.00,1,156.115,156.115,15,15
22,198,20.00,1,89.031,89.031,15,17
22,199,20.00,1,73.939,73.939,17,17
22,200,20.00,1,73.075,73.075,17,16
22,201,20.00,1,69.043,69.043,16,17
22,202,20.00,1,62.050,62.050,17,17
22,203,20.00,1,181.227,181.227,17,17
22,204,20.00,1,123.703,123.703,17,17
22,205,20.00,1,83.631,83.631,17,17
22,206,20.00,1,77.729,77.729,17,17
22,207,20.00,1,66.866,66.866,16,17
22,208,20.00,1,74.477,74.477,15,16
22,209,20.00,1,72.345,72.345,14,16
22,210,20.00,1,164.150,164.150,16,16
22,211,20.00,1,118.163,118.163,16,16
22,212,20.00,1,94.806,94.806,16,16
22,213,20.00,1,89.208,89.208,15,16
22,214,20.00,1,80.371,80.371,15,16
22,215,20.00,1,79.205,79.205,15,17
22,216,20.00,1,72.407,72.407,16,17
22,217,20.00,1,185.081,185.081,17,17
22,218,20.00,1,145.858,145.858,17,18
22,219,20.00,1,90.519,90.519,18,18
22,220,20.00,1,73.875,73.875,18,17
22,221,20.00,1,73.984,73.984,16,17
22,222,20.00,1,71.625,71.625,16,16
22,223,20.00,1,71.413,71.413,15,16
22,224,20.00,1,157.241,157.241,16,16
22,225,20.00,1,130.343,130.343,16,16
22,226,20.00,1,101.715,101.715,16,19
22,227,20.00,1,86.958,86.958,18,19
22,228,20.00,1,69.517,69.517,18,20
22,229,20.00,1,76.897,76.897,19,20
22,230,20.00,1,80.687,80.687,19,20
22,231,20.00,1,165.694,165.694,20,21
22,232,20.00,1,121.033,121.033,21,19
22,233,20.00,1,93.262,93.262,19,20
22,234,20.00,1,82.143,82.143,19,20
22,235,20.00,1,76.675,76.675,19,20
22,236,20.00,1,69.985,69.985,19,20
22,237,20.00,1,69.536,69.536,19,20
22,238,20.00,1,185.584,185.584,20,20
22,239,20.00,1,110.654,110.654,20,21
22,240,20.00,1,88.036,88.036,21,21
22,241,20.00,1,79.915,79.915,21,21
22,242,20.00,1,78.557,78.557,20,21
22,243,20.00,1,73.372,73.372,20,21
22,244,20.00,1,63.689,63.689,19,21
22,245,20.00,1,193.574,193.574,21,21
22,246,20.00,1,122.367,122.367,21,21
22,247,20.00,1,91.467,91.467,21,21
22,248,20.00,1,72.566,72.566,21,21
22,249,20.00,1,74.976,74.976,21,21
23,0,20.00,1,70.173,70.173,20,20
23,1,20.00,1,75.507,75.507,20,20
23,2,20.00,1,67.777,67.777,20,19
23,3,20.00,1,64.755,64.755,19,20
23,4,20.00,1,64.903,64.903,20,20
23,5,20.00,1,61.518,61.518,20,20
23,6,20.00,1,57.084,57.084,20,20
23,7,20.00,1,69.688,69.688,20,21
23,8,20.00,1,65.549,65.549,21,21
23,9,20.00,1,70.853,70.853,21,22
23,10,20.00,1,60.793,60.793,22,21
23,11,20.00,1,68.367,68.367,21,22
23,12,20.00,1,57.930,57.930,22,22
23,13,20.00,1,66.415,66.415,22,22
23,14,20.00,1,69.434,69.434,22,22
23,15,20.00,1,62.074,62.074,22,22
23,16,20.00,1,65.417,65.417,22,22
23,17,20.00,1,68.933,68.933,22,20
23,18,20.00,1,63.351,63.351,20,19
23,19,20.00,1,55.975,55.975,19,20
23,20,20.00,1,57.800,57.800,19,20
23,21,20.00,1,65.552,65.552,20,21
23,22,20.00,1,64.791,64.791,21,21
23,23,20.00,1,64.779,64.779,21,21
23,24,20.00,1,60.758,60.758,21,20
23,25,20.00,1,62.588,62.588,20,20
23,26,20.00,1,60.118,60.118,20,20
23,27,20.00,1,59.818,59.818,19,20
23,28,20.00,1,69.078,69.078,20,20
23,29,20.00,1,66.464,66.464,20,20
23,30,20.00,1,61.791,61.791,20,21
23,31,20.00,1,63.684,63.684,21,21
23,32,20.00,1,61.688,61.688,21,21
23,33,20.00,1,61.212,61.212,21,21
23,34,20.00,1,55.830,55.830,21,21
23,35,20.00,1,64.963,64.963,21,22
23,36,20.00,1,70.829,70.829,22,22
23,37,20.00,1,71.297,71.297,22,22
23,38,20.00,1,68.024,68.024,22,22
23,39,20.00,1,61.567,61.567,22,22
23,40,20.00,1,56.033,56.033,22,22
23,41,20.00,1,60.541,60.541,22,22
23,42,20.00,1,74.073,74.073,22,22
23,43,20.00,1,67.086,67.086,22,21
23,44,20.00,1,69.087,69.087,21,21
23,45,20.00,1,62.121,62.121,21,21
23,46,20.00,1,57.298,57.298,21,21
23,47,20.00,1,60.024,60.024,21,21
23,48,20.00,1,62.769,62.769,21,21
23,49,20.00,1,72.113,72.113,21,21
23,50,20.00,1,65.782,65.782,21,21
23,51,20.00,1,59.966,59.966,21,21
23,52,20.00,1,60.208,60.208,21,21
23,53,20.00,1,62.252,62.252,21,20
23,54,20.00,1,60.964,60.964,20,21
23,55,20.00,1,58.614,58.614,21,21
23,56,20.00,1,73.495,73.495,21,21
23,57,20.00,1,60.194,60.194,21,22
23,58,20.00,1,76.775,76.775,22,21
23,59,20.00,1,60.259,60.259,21,21
23,60,20.00,1,64.390,64.390,21,22
23,61,20.00,1,58.390,58.390,22,22
23,62,20.00,1,60.119,60.119,22,22
23,63,20.00,1,79.028,79.028,22,22
23,64,20.00,1,66.842,66.842,22,21
23,65,20.00,1,60.307,60.307,21,21
23,66,20.00,1,67.602,67.602,21,21
23,67,20.00,1,58.209,58.209,21,21
23,68,20.00,1,63.910,63.910,21,21
23,69,20.00,1,63.406,63.406,21,21
23,70,20.00,1,67.433,67.433,21,21
23,71,20.00,1,70.033,70.033,21,20
23,72,20.00,1,62.690,62.690,20,20
23,73,20.00,1,62.012,62.012,20,20
23,74,20.00,1,64.194,64.194,20,19
23,75,20.00,1,61.634,61.634,19,19
23,76,20.00,1,61.954,61.954,19,19
23,77,20.00,1,70.828,70.828,19,18
23,78,20.00,1,61.098,61.098,18,18
23,79,20.00,1,64.095,64.095,18,18
23,80,20.00,1,65.262,65.262,18,18
23,81,20.00,1,59.412,59.412,18,18
23,82,20.00,1,59.232,59.232,18,18
23,83,20.00,1,55.620,55.620,18,19
23,84,20.00,1,64.739,64.739,19,20
23,85,20.00,1,68.040,68.040,20,20
23,86,20.00,1,62.096,62.096,20,20
23,87,20.00,1,64.990,64.990,20,21
23,88,20.00,1,73.155,73.155,21,21
23,89,20.00,1,55.867,55.867,21,21
23,90,20.00,1,57.713,57.713,20,20
23,91,20.00,1,65.970,65.970,20,20
23,92,20.00,1,65.463,65.463,20,19
23,93,20.00,1,62.509,62.509,19,19
23,94,20.00,1,59.580,59.580,19,18
23,95,20.00,1,63.153,63.153,18,18
23,96,20.00,1,64.947,64.947,18,18
23,97,20.00,1,61.423,61.423,18,18
23,98,20.00,1,88.900,88.900,18,18
23,99,20.00,1,85.515,85.515,18,18
23,100,20.00,1,79.227,79.227,18,18
23,101,20.00,1,81.013,81.013,18,18
23,102,20.00,1,70.696,70.696,18,18
23,103,20.00,1,84.756,84.756,18,18
23,104,20.00,1,63.132,63.132,17,18
23,105,20.00,1,96.051,96.051,18,19
23,106,20.00,1,86.507,86.507,18,19
23,107,20.00,1,83.339,83.339,18,18
23,108,20.00,1,82.991,82.991,17,17
23,109,20.00,1,77.706,77.706,16,17
23,110,20.00,1,80.314,80.314,16,18
23,111,20.00,1,67.928,67.928,17,18
23,112,20.00,1,92.227,92.227,18,18
23,113,20.00,1,82.169,82.169,18,18
23,114,20.00,1,78.026,78.026,18,18
23,115,20.00,1,90.610,90.610,18,18
23,116,20.00,1,76.458,76.458,18,18
23,117,20.00,1,70.468,70.468,18,18
23,118,20.00,1,72.752,72.752,18,18
23,119,20.00,1,88.560,88.560,18,18
23,120,20.00,1,80.600,80.600,18,17
23,121,20.00,1,86.921,86.921,17,16
23,122,20.00,1,83.355,83.355,16,17
23,123,20.00,1,78.626,78.626,17,17
23,124,20.00,1,78.470,78.470,17,17
23,125,20.00,1,77.308,77.308,17,17
23,126,20.00,1,84.660,84.660,17,17
23,127,20.00,1,83.857,83.857,17,16
23,128,20.00,1,84.287,84.287,15,16
23,129,20.00,1,74.312,74.312,15,16
23,130,20.00,1,76.464,76.464,15,16
23,131,20.00,1,73.550,73.550,15,16
23,132,20.00,1,79.129,79.129,15,17
23,133,20.00,1,85.324,85.324,17,17
23,134,20.00,1,86.219,86.219,17,17
23,135,20.00,1,82.751,82.751,17,19
23,136,20.00,1,78.994,78.994,19,20
23,137,20.00,1,83.664,83.664,20,20
23,138,20.00,1,73.897,73.897,20,20
23,139,20.00,1,74.106,74.106,20,20
23,140,20.00,1,90.648,90.648,20,20
23,141,20.00,1,88.197,88.197,20,20
23,142,20.00,1,77.266,77.266,20,20
23,143,20.00,1,80.122,80.122,20,20
23,144,20.00,1,79.900,79.900,20,20
23,145,20.00,1,68.703,68.703,20,20
23,146,20.00,1,74.136,74.136,20,20
23,147,20.00,1,87.744,87.744,20,20
23,148,20.00,1,81.265,81.265,20,20
23,149,20.00,1,80.755,80.755,20,21
23,150,20.00,1,71.366,71.366,21,21
23,151,20.00,1,73.359,73.359,21,22
23,152,20.00,1,81.138,81.138,22,22
23,153,20.00,1,73.787,73.787,22,22
23,154,20.00,1,88.942,88.942,22,21
23,155,20.00,1,86.476,86.476,21,21
23,156,20.00,1,74.383,74.383,21,21
23,157,20.00,1,76.733,76.733,21,21
23,158,20.00,1,78.684,78.684,21,20
23,159,20.00,1,67.856,67.856,20,20
23,160,20.00,1,80.458,80.458,20,21
23,161,20.00,1,96.501,96.501,21,21
23,162,20.00,1,76.771,76.771,21,22
23,163,20.00,1,90.256,90.256,22,22
23,164,20.00,1,82.205,82.205,22,22
23,165,20.00,1,72.409,72.409,22,21
23,166,20.00,1,78.812,78.812,21,21
23,167,20.00,1,72.689,72.689,21,20
23,168,20.00,1,86.686,86.686,20,20
23,169,20.00,1,86.312,86.312,20,20
23,170,20.00,1,79.805,79.805,20,20
23,171,20.00,1,90.568,90.568,20,20
23,172,20.00,1,86.231,86.231,20,20
23,173,20.00,1,72.476,72.476,20,20
23,174,20.00,1,72.099,72.099,20,20
23,175,20.00,1,87.358,87.358,20,21
23,176,20.00,1,82.583,82.583,21,21
23,177,20.00,1,76.777,76.777,21,21
23,178,20.00,1,83.460,83.460,21,21
23,179,20.00,1,82.717,82.717,21,19
23,180,20.00,1,74.200,74.200,19,19
23,181,20.00,1,71.071,71.071,19,19
23,182,20.00,1,90.405,90.405,19,19
23,183,20.00,1,96.922,96.922,19,19
23,184,20.00,1,85.798,85.798,19,19
23,185,20.00,1,78.547,78.547,18,19
23,186,20.00,1,80.844,80.844,18,19
23,187,20.00,1,77.231,77.231,18,19
23,188,20.00,1,67.440,67.440,18,19
23,189,20.00,1,75.343,75.343,19,19
23,190,20.00,1,75.893,75.893,19,19
23,191,20.00,1,80.363,80.363,19,19
23,192,20.00,1,81.155,81.155,18,18
23,193,20.00,1,77.304,77.304,17,18
23,194,20.00,1,69.867,69.867,17,19
23,195,20.00,1,72.289,72.289,18,19
23,196,20.00,1,82.142,82.142,19,19
23,197,20.00,1,85.417,85.417,19,19
23,198,20.00,1,80.726,80.726,19,19
23,199,20.00,1,82.761,82.761,19,19
23,200,20.00,1,68.628,68.628,19,19
23,201,20.00,1,78.793,78.793,19,19
23,202,20.00,1,74.627,74.627,19,19
23,203,20.00,1,85.564,85.564,19,19
23,204,20.00,1,95.588,95.588,19,19
23,205,20.00,1,84.796,84.796,19,18
23,206,20.00,1,73.314,73.314,18,18
23,207,20.00,1,76.379,76.379,18,18
23,208,20.00,1,80.999,80.999,18,19
23,209,20.00,1,77.102,77.102,19,19
23,210,20.00,1,82.052,82.052,19,19
23,211,20.00,1,92.684,92.684,19,19
23,212,20.00,1,80.375,80.375,19,19
23,213,20.00,1,77.681,77.681,19,19
23,214,20.00,1,85.112,85.112,19,20
23,215,20.00,1,79.749,79.749,20,20
23,216,20.00,1,53.311,53.311,20,20
23,217,20.00,1,70.102,70.102,20,20
23,218,20.00,1,65.709,65.709,20,20
23,219,20.00,1,83.489,83.489,20,20
23,220,20.00,1,77.224,77.224,20,20
23,221,20.00,1,81.838,81.838,20,20
23,222,20.00,1,81.204,81.204,20,20
23,223,20.00,1,77.713,77.713,20,20
23,224,20.00,1,87.788,87.788,20,19
23,225,20.00,1,87.688,87.688,19,19
23,226,20.00,1,97.712,97.712,19,20
23,227,20.00,1,76.170,76.170,19,20
23,228,20.00,1,77.620,77.620,19,20
23,229,20.00,1,84.210,84.210,19,20
23,230,20.00,1,67.835,67.835,19,20
23,231,20.00,1,83.248,83.248,20,20
23,232,20.00,1,78.518,78.518,20,20
23,233,20.00,1,89.710,89.710,20,20
23,234,20.00,1,81.207,81.207,20,20
23,235,20.00,1,80.386,80.386,20,21
23,236,20.00,1,88.223,88.223,20,21
23,237,20.00,1,81.859,81.859,19,21
23,238,20.00,1,96.248,96.248,21,21
23,239,20.00,1,89.732,89.732,21,20
23,240,20.00,1,77.229,77.229,19,20
23,241,20.00,1,77.327,77.327,19,20
23,242,20.00,1,79.607,79.607,19,20
23,243,20.00,1,82.593,82.593,19,20
23,244,20.00,1,75.176,75.176,19,20
23,245,20.00,1,86.063,86.063,20,20
23,246,20.00,1,81.645,81.645,20,20
23,247,20.00,1,78.270,78.270,20,20
23,248,20.00,1,85.994,85.994,20,19
23,249,20.00,1,81.541,81.541,19,20
24,0,20.00,1,69.462,69.462,17,17
24,1,20.00,1,71.401,71.401,17,17
24,2,20.00,1,68.894,68.894,17,15
24,3,20.00,1,83.623,83.623,15,14
24,4,20.00,1,67.562,67.562,14,14
24,5,20.00,1,50.123,50.123,13,14
24,6,20.00,1,49.972,49.972,13,14
24,7,20.00,1,76.506,76.506,14,15
24,8,20.00,1,91.770,91.770,15,14
24,9,20.00,1,71.351,71.351,13,12
24,10,20.00,1,67.863,67.863,11,12
24,11,20.00,1,68.593,68.593,11,12
24,12,20.00,1,62.244,62.244,10,13
24,13,20.00,1,49.656,49.656,10,13
24,14,20.00,1,87.289,87.289,13,13
24,15,20.00,1,84.635,84.635,13,13
24,16,20.00,1,73.874,73.874,12,13
24,17,20.00,1,63.120,63.120,12,12
24,18,20.00,1,66.032,66.032,11,12
24,19,20.00,1,59.721,59.721,10,12
24,20,20.00,1,47.894,47.894,9,12
24,21,20.00,1,73.089,73.089,12,12
24,22,20.00,1,85.736,85.736,12,12
24,23,20.00,1,86.516,86.516,12,13
24,24,20.00,1,72.544,72.544,12,14
24,25,20.00,1,63.911,63.911,13,14
24,26,20.00,1,60.506,60.506,11,14
24,27,20.00,1,48.605,48.605,11,14
24,28,20.00,1,79.299,79.299,14,13
24,29,20.00,1,74.195,74.195,13,13
24,30,20.00,1,78.373,78.373,13,13
24,31,20.00,1,69.944,69.944,12,12
24,32,20.00,1,66.512,66.512,11,12
24,33,20.00,1,59.400,59.400,10,12
24,34,20.00,1,51.669,51.669,9,11
24,35,20.00,1,74.424,74.424,11,11
24,36,20.00,1,70.588,70.588,11,11
24,37,20.00,1,79.519,79.519,11,12
24,38,20.00,1,76.173,76.173,11,12
24,39,20.00,1,65.867,65.867,11,12
24,40,20.00,1,57.422,57.422,10,12
24,41,20.00,1,45.047,45.047,9,12
24,42,20.00,1,92.631,92.631,12,13
24,43,20.00,1,72.887,72.887,13,14
24,44,20.00,1,77.215,77.215,13,15
24,45,20.00,1,65.629,65.629,14,15
24,46,20.00,1,67.081,67.081,14,15
24,47,20.00,1,59.241,59.241,13,15
24,48,20.00,1,47.948,47.948,12,15
24,49,20.00,1,86.622,86.622,15,16
24,50,20.00,1,85.630,85.630,16,16
24,51,20.00,1,73.815,73.815,15,16
24,52,20.00,1,71.278,71.278,15,17
24,53,20.00,1,65.178,65.178,16,17
24,54,20.00,1,59.780,59.780,15,17
24,55,20.00,1,46.486,46.486,14,17
24,56,20.00,1,74.433,74.433,17,16
24,57,20.00,1,71.260,71.260,16,16
24,58,20.00,1,78.287,78.287,16,15
24,59,20.00,1,76.738,76.738,15,15
24,60,20.00,1,59.718,59.718,15,15
24,61,20.00,1,59.162,59.162,14,15
24,62,20.00,1,47.263,47.263,13,16
24,63,20.00,1,90.728,90.728,16,16
24,64,20.00,1,75.133,75.133,16,16
24,65,20.00,1,81.523,81.523,16,16
24,66,20.00,1,68.937,68.937,15,16
24,67,20.00,1,64.658,64.658,15,17
24,68,20.00,1,61.323,61.323,15,17
24,69,20.00,1,45.749,45.749,14,17
24,70,20.00,1,86.833,86.833,17,17
24,71,20.00,1,97.624,97.624,17,17
24,72,20.00,1,85.419,85.419,17,18
24,73,20.00,1,103.792,103.792,17,18
24,74,20.00,1,60.000,60.000,17,18
24,75,20.00,1,63.769,63.769,17,18
24,76,20.00,1,46.535,46.535,17,19
24,77,20.00,1,109.318,109.318,19,19
24,78,20.00,1,85.736,85.736,19,19
24,79,20.00,1,102.926,102.926,19,19
24,80,20.00,1,62.933,62.933,19,19
24,81,20.00,1,57.566,57.566,18,19
24,82,20.00,1,58.231,58.231,18,19
24,83,20.00,1,59.124,59.124,18,20
24,84,20.00,1,102.256,102.256,20,20
24,85,20.00,1,87.065,87.065,20,18
24,86,20.00,1,103.425,103.425,18,18
24,87,20.00,1,69.996,69.996,18,18
24,88,20.00,1,71.498,71.498,17,18
24,89,20.00,1,58.555,58.555,17,18
24,90,20.00,1,58.596,58.596,17,18
24,91,20.00,1,107.584,107.584,18,18
24,92,20.00,1,76.309,76.309,18,18
24,93,20.00,1,70.081,70.081,18,18
24,94,20.00,1,64.668,64.668,18,18
24,95,20.00,1,63.514,63.514,17,18
24,96,20.00,1,60.147,60.147,16,18
24,97,20.00,1,53.092,53.092,15,17
24,98,20.00,1,89.128,89.128,17,19
24,99,20.00,1,83.123,83.123,19,18
24,100,20.00,1,73.487,73.487,17,18
24,101,20.00,1,84.956,84.956,17,18
24,102,20.00,1,62.969,62.969,17,18
24,103,20.00,1,53.446,53.446,16,18
24,104,20.00,1,48.639,48.639,16,18
24,105,20.00,1,88.856,88.856,18,18
24,106,20.00,1,78.015,78.015,18,18
24,107,20.00,1,74.855,74.855,17,17
24,108,20.00,1,71.765,71.765,16,17
24,109,20.00,1,64.691,64.691,16,17
24,110,20.00,1,58.740,58.740,15,18
24,111,20.00,1,53.979,53.979,15,18
24,112,20.00,1,73.302,73.302,18,18
24,113,20.00,1,84.014,84.014,18,17
24,114,20.00,1,88.238,88.238,17,17
24,115,20.00,1,60.293,60.293,16,17
24,116,20.00,1,77.558,77.558,15,16
24,117,20.00,1,58.897,58.897,14,16
24,118,20.00,1,46.179,46.179,13,16
24,119,20.00,1,78.873,78.873,16,16
24,120,20.00,1,86.662,86.662,16,16
24,121,20.00,1,85.589,85.589,16,16
24,122,20.00,1,62.755,62.755,15,16
24,123,20.00,1,70.840,70.840,15,17
24,124,20.00,1,57.583,57.583,15,18
24,125,20.00,1,58.006,58.006,15,18
24,126,20.00,1,79.736,79.736,18,17
24,127,20.00,1,74.583,74.583,17,16
24,128,20.00,1,77.465,77.465,15,16
24,129,20.00,1,66.410,66.410,15,16
24,130,20.00,1,62.905,62.905,15,17
24,131,20.00,1,58.990,58.990,15,17
24,132,20.00,1,48.965,48.965,14,18
24,133,20.00,1,77.425,77.425,18,18
24,134,20.00,1,72.948,72.948,18,18
24,135,20.00,1,66.295,66.295,18,19
24,136,20.00,1,69.048,69.048,19,19
24,137,20.00,1,68.044,68.044,18,19
24,138,20.00,1,62.983,62.983,18,19
24,139,20.00,1,54.393,54.393,17,19
24,140,20.00,1,81.466,81.466,19,19
24,141,20.00,1,80.604,80.604,19,20
24,142,20.00,1,71.594,71.594,19,20
24,143,20.00,1,68.503,68.503,19,20
24,144,20.00,1,65.092,65.092,19,19
24,145,20.00,1,64.861,64.861,17,19
24,146,20.00,1,53.413,53.413,16,20
24,147,20.00,1,91.760,91.760,20,20
24,148,20.00,1,80.492,80.492,20,20
24,149,20.00,1,77.662,77.662,19,20
24,150,20.00,1,69.065,69.065,19,20
24,151,20.00,1,60.062,60.062,19,19
24,152,20.00,1,58.793,58.793,17,19
24,153,20.00,1,49.001,49.001,16,20
24,154,20.00,1,84.703,84.703,20,20
24,155,20.00,1,83.145,83.145,20,20
24,156,20.00,1,74.415,74.415,19,20
24,157,20.00,1,63.670,63.670,19,20
24,158,20.00,1,67.822,67.822,19,20
24,159,20.00,1,62.040,62.040,18,20
24,160,20.00,1,52.690,52.690,17,20
24,161,20.00,1,74.584,74.584,20,20
24,162,20.00,1,74.570,74.570,20,21
24,163,20.00,1,78.961,78.961,21,20
24,164,20.00,1,73.552,73.552,20,20
24,165,20.00,1,60.043,60.043,20,21
24,166,20.00,1,57.495,57.495,20,20
24,167,20.00,1,51.213,51.213,18,19
24,168,20.00,1,80.307,80.307,19,19
24,169,20.00,1,86.491,86.491,19,18
24,170,20.00,1,79.131,79.131,17,18
24,171,20.00,1,64.263,64.263,17,18
24,172,20.00,1,57.325,57.325,17,17
24,173,20.00,1,61.984,61.984,15,17
24,174,20.00,1,49.114,49.114,14,17
24,175,20.00,1,84.240,84.240,17,17
24,176,20.00,1,84.748,84.748,17,16
24,177,20.00,1,76.927,76.927,15,16
24,178,20.00,1,65.479,65.479,15,16
24,179,20.00,1,64.966,64.966,15,17
24,180,20.00,1,56.668,56.668,15,15
24,181,20.00,1,40.616,40.616,12,15
24,182,20.00,1,86.077,86.077,15,15
24,183,20.00,1,83.926,83.926,15,16
24,184,20.00,1,64.398,64.398,15,16
24,185,20.00,1,72.057,72.057,15,16
24,186,20.00,1,56.858,56.858,14,16
24,187,20.00,1,66.840,66.840,14,16
24,188,20.00,1,51.602,51.602,13,16
24,189,20.00,1,89.990,89.990,16,16
24,190,20.00,1,80.650,80.650,16,16
24,191,20.00,1,82.261,82.261,16,16
24,192,20.00,1,74.728,74.728,15,17
24,193,20.00,1,56.043,56.043,16,17
24,194,20.00,1,55.806,55.806,15,16
24,195,20.00,1,51.530,51.530,13,17
24,196,20.00,1,79.038,79.038,17,17
24,197,20.00,1,88.619,88.619,17,17
24,198,20.00,1,70.797,70.797,16,16
24,199,20.00,1,73.011,73.011,15,16
24,200,20.00,1,59.692,59.692,15,16
24,201,20.00,1,63.445,63.445,14,16
24,202,20.00,1,60.674,60.674,13,16
24,203,20.00,1,70.657,70.657,16,16
24,204,20.00,1,69.800,69.800,16,16
24,205,20.00,1,94.034,94.034,16,16
24,206,20.00,1,91.422,91.422,16,17
24,207,20.00,1,68.706,68.706,17,15
24,208,20.00,1,58.412,58.412,15,15
24,209,20.00,1,48.229,48.229,15,15
24,210,20.00,1,118.224,118.224,15,15
24,211,20.00,1,93.377,93.377,15,15
24,212,20.00,1,94.837,94.837,15,15
24,213,20.00,1,63.285,63.285,15,15
24,214,20.00,1,54.139,54.139,15,15
24,215,20.00,1,55.943,55.943,15,15
24,216,20.00,1,54.028,54.028,15,15
24,217,20.00,1,117.828,117.828,15,15
24,218,20.00,1,100.616,100.616,15,15
24,219,20.00,1,89.142,89.142,15,15
24,220,20.00,1,76.771,76.771,15,15
24,221,20.00,1,65.887,65.887,14,15
24,222,20.00,1,60.761,60.761,14,14
24,223,20.00,1,54.424,54.424,13,14
24,224,20.00,1,122.308,122.308,14,13
24,225,20.00,1,81.750,81.750,13,14
24,226,20.00,1,92.830,92.830,14,13
24,227,20.00,1,71.064,71.064,13,13
24,228,20.00,1,64.471,64.471,13,13
24,229,20.00,1,56.628,56.628,13,12
24,230,20.00,1,56.131,56.131,12,12
24,231,20.00,1,121.512,121.512,12,12
24,232,20.00,1,105.579,105.579,12,13
24,233,20.00,1,88.575,88.575,13,13
24,234,20.00,1,68.386,68.386,13,14
24,235,20.00,1,52.520,52.520,14,15
24,236,20.00,1,53.500,53.500,15,15
24,237,20.00,1,56.767,56.767,15,16
24,238,20.00,1,93.947,93.947,16,16
24,239,20.00,1,79.181,79.181,16,16
24,240,20.00,1,78.304,78.304,16,16
24,241,20.00,1,70.835,70.835,15,16
24,242,20.00,1,62.760,62.760,15,16
24,243,20.00,1,57.275,57.275,14,16
24,244,20.00,1,53.334,53.334,13,16
24,245,20.00,1,99.519,99.519,16,16
24,246,20.00,1,74.266,74.266,16,16
24,247,20.00,1,75.980,75.980,16,16
24,248,20.00,1,72.733,72.733,16,17
24,249,20.00,1,62.190,62.190,16,17
25,0,20.00,1,102.808,102.808,20,20
25,1,20.00,1,96.243,96.243,20,18
25,2,20.00,1,94.277,94.277,18,18
25,3,20.00,1,66.470,66.470,18,18
25,4,20.00,1,64.835,64.835,18,17
25,5,20.00,1,63.534,63.534,16,17
25,6,20.00,1,66.132,66.132,16,17
25,7,20.00,1,76.719,76.719,17,17
25,8,20.00,1,74.846,74.846,17,17
25,9,20.00,1,73.160,73.160,17,17
25,10,20.00,1,74.612,74.612,16,17
25,11,20.00,1,72.644,72.644,16,17
25,12,20.00,1,74.125,74.125,16,16
25,13,20.00,1,59.547,59.547,15,15
25,14,20.00,1,74.159,74.159,15,16
25,15,20.00,1,81.471,81.471,16,16
25,16,20.00,1,75.720,75.720,16,16
25,17,20.00,1,64.457,64.457,15,16
25,18,20.00,1,91.839,91.839,15,16
25,19,20.00,1,90.353,90.353,15,17
25,20,20.00,1,75.683,75.683,16,18
25,21,20.00,1,86.588,86.588,18,18
25,22,20.00,1,94.205,94.205,18,18
25,23,20.00,1,88.989,88.989,18,18
25,24,20.00,1,85.281,85.281,18,19
25,25,20.00,1,88.160,88.160,19,19
25,26,20.00,1,81.104,81.104,19,19
25,27,20.00,1,76.662,76.662,19,18
25,28,20.00,1,108.351,108.351,18,18
25,29,20.00,1,94.522,94.522,18,18
25,30,20.00,1,92.694,92.694,18,18
25,31,20.00,1,85.195,85.195,18,18
25,32,20.00,1,83.837,83.837,18,18
25,33,20.00,1,78.829,78.829,18,17
25,34,20.00,1,73.533,73.533,17,16
25,35,20.00,1,107.381,107.381,16,16
25,36,20.00,1,107.734,107.734,16,16
25,37,20.00,1,87.796,87.796,16,16
25,38,20.00,1,91.351,91.351,16,16
25,39,20.00,1,90.551,90.551,16,16
25,40,20.00,1,77.847,77.847,16,16
25,41,20.00,1,69.037,69.037,16,15
25,42,20.00,1,113.778,113.778,15,15
25,43,20.00,1,90.140,90.140,15,14
25,44,20.00,1,92.573,92.573,14,17
25,45,20.00,1,94.123,94.123,17,17
25,46,20.00,1,71.480,71.480,17,17
25,47,20.00,1,81.945,81.945,17,17
25,48,20.00,1,71.434,71.434,17,17
25,49,20.00,1,93.856,93.856,17,17
25,50,20.00,1,79.950,79.950,17,18
25,51,20.00,1,69.929,69.929,18,18
25,52,20.00,1,68.789,68.789,17,18
25,53,20.00,1,69.425,69.425,17,18
25,54,20.00,1,70.559,70.559,17,18
25,55,20.00,1,61.234,61.234,17,18
25,56,20.00,1,75.088,75.088,18,18
25,57,20.00,1,79.948,79.948,18,17
25,58,20.00,1,78.870,78.870,17,17
25,59,20.00,1,74.896,74.896,17,17
25,60,20.00,1,71.903,71.903,17,17
25,61,20.00,1,71.484,71.484,17,17
25,62,20.00,1,69.931,69.931,17,18
25,63,20.00,1,76.951,76.951,18,18
25,64,20.00,1,76.539,76.539,18,18
25,65,20.00,1,72.928,72.928,18,18
25,66,20.00,1,77.274,77.274,17,20
25,67,20.00,1,71.267,71.267,19,19
25,68,20.00,1,74.595,74.595,18,19
25,69,20.00,1,67.921,67.921,18,19
25,70,20.00,1,74.253,74.253,19,19
25,71,20.00,1,75.626,75.626,19,19
25,72,20.00,1,72.627,72.627,18,19
25,73,20.00,1,69.066,69.066,18,19
25,74,20.00,1,62.850,62.850,18,19
25,75,20.00,1,63.551,63.551,18,18
25,76,20.00,1,65.911,65.911,17,18
25,77,20.00,1,81.504,81.504,18,18
25,78,20.00,1,77.956,77.956,18,16
25,79,20.00,1,74.061,74.061,16,16
25,80,20.00,1,73.158,73.158,16,16
25,81,20.00,1,73.119,73.119,16,16
25,82,20.00,1,67.589,67.589,15,16
25,83,20.00,1,58.188,58.188,15,16
25,84,20.00,1,84.329,84.329,16,16
25,85,20.00,1,80.139,80.139,16,16
25,86,20.00,1,69.857,69.857,16,16
25,87,20.00,1,65.951,65.951,16,16
25,88,20.00,1,66.900,66.900,16,16
25,89,20.00,1,65.550,65.550,16,16
25,90,20.00,1,65.295,65.295,15,16
25,91,20.00,1,72.990,72.990,16,16
25,92,20.00,1,77.068,77.068,16,16
25,93,20.00,1,79.081,79.081,16,16
25,94,20.00,1,70.798,70.798,16,16
25,95,20.00,1,68.182,68.182,15,16
25,96,20.00,1,83.651,83.651,15,16
25,97,20.00,1,80.701,80.701,15,16
25,98,20.00,1,99.639,99.639,16,16
25,99,20.00,1,101.781,101.781,16,16
25,100,20.00,1,101.475,101.475,16,17
25,101,20.00,1,81.048,81.048,17,17
25,102,20.00,1,89.540,89.540,17,16
25,103,20.00,1,103.185,103.185,16,16
25,104,20.00,1,74.851,74.851,16,16
25,105,20.00,1,105.617,105.617,16,16
25,106,20.00,1,93.600,93.600,16,16
25,107,20.00,1,99.532,99.532,16,16
25,108,20.00,1,102.755,102.755,16,16
25,109,20.00,1,81.451,81.451,16,16
25,110,20.00,1,79.575,79.575,16,16
25,111,20.00,1,69.553,69.553,16,16
25,112,20.00,1,97.205,97.205,16,17
25,113,20.00,1,103.712,103.712,17,17
25,114,20.00,1,71.053,71.053,17,16
25,115,20.00,1,70.635,70.635,16,16
25,116,20.00,1,64.835,64.835,16,16
25,117,20.00,1,58.129,58.129,16,16
25,118,20.00,1,66.039,66.039,15,16
25,119,20.00,1,84.789,84.789,16,17
25,120,20.00,1,79.940,79.940,17,17
25,121,20.00,1,68.040,68.040,17,17
25,122,20.00,1,68.950,68.950,17,17
25,123,20.00,1,67.937,67.937,17,15
25,124,20.00,1,65.090,65.090,15,15
25,125,20.00,1,66.024,66.024,14,15
25,126,20.00,1,79.363,79.363,15,15
25,127,20.00,1,75.759,75.759,15,15
25,128,20.00,1,83.447,83.447,15,15
25,129,20.00,1,70.516,70.516,15,15
25,130,20.00,1,64.875,64.875,14,15
25,131,20.00,1,62.248,62.248,14,15
25,132,20.00,1,62.356,62.356,14,14
25,133,20.00,1,80.457,80.457,14,13
25,134,20.00,1,76.093,76.093,13,13
25,135,20.00,1,69.422,69.422,13,13
25,136,20.00,1,68.032,68.032,12,16
25,137,20.00,1,60.880,60.880,15,16
25,138,20.00,1,68.800,68.800,15,15
25,139,20.00,1,74.984,74.984,14,15
25,140,20.00,1,78.762,78.762,15,15
25,141,20.00,1,74.807,74.807,15,15
25,142,20.00,1,71.117,71.117,15,15
25,143,20.00,1,67.454,67.454,14,15
25,144,20.00,1,66.531,66.531,14,15
25,145,20.00,1,63.850,63.850,14,16
25,146,20.00,1,61.982,61.982,14,16
25,147,20.00,1,91.955,91.955,16,17
25,148,20.00,1,75.588,75.588,17,17
25,149,20.00,1,74.972,74.972,17,17
25,150,20.00,1,68.771,68.771,17,17
25,151,20.00,1,62.534,62.534,17,17
25,152,20.00,1,59.620,59.620,16,17
25,153,20.00,1,61.135,61.135,16,17
25,154,20.00,1,74.867,74.867,17,17
25,155,20.00,1,75.012,75.012,17,17
25,156,20.00,1,72.296,72.296,16,16
25,157,20.00,1,69.042,69.042,15,16
25,158,20.00,1,77.881,77.881,15,16
25,159,20.00,1,62.101,62.101,15,17
25,160,20.00,1,63.264,63.264,16,17
25,161,20.00,1,86.444,86.444,17,18
25,162,20.00,1,74.272,74.272,18,18
25,163,20.00,1,70.011,70.011,18,18
25,164,20.00,1,69.790,69.790,18,18
25,165,20.00,1,68.188,68.188,18,17
25,166,20.00,1,63.435,63.435,17,17
25,167,20.00,1,59.933,59.933,16,17
25,168,20.00,1,72.873,72.873,17,17
25,169,20.00,1,77.006,77.006,17,17
25,170,20.00,1,74.458,74.458,16,17
25,171,20.00,1,76.273,76.273,16,17
25,172,20.00,1,68.736,68.736,16,16
25,173,20.00,1,64.568,64.568,15,17
25,174,20.00,1,63.350,63.350,16,16
25,175,20.00,1,83.552,83.552,16,16
25,176,20.00,1,73.570,73.570,16,16
25,177,20.00,1,99.497,99.497,16,16
25,178,20.00,1,65.306,65.306,16,16
25,179,20.00,1,66.954,66.954,16,16
25,180,20.00,1,63.068,63.068,16,16
25,181,20.00,1,60.150,60.150,16,16
25,182,20.00,1,82.953,82.953,16,16
25,183,20.00,1,78.430,78.430,16,16
25,184,20.00,1,68.708,68.708,16,17
25,185,20.00,1,66.926,66.926,17,16
25,186,20.00,1,68.295,68.295,15,16
25,187,20.00,1,65.175,65.175,15,16
25,188,20.00,1,65.146,65.146,15,16
25,189,20.00,1,75.210,75.210,16,15
25,190,20.00,1,85.604,85.604,15,15
25,191,20.00,1,73.081,73.081,15,15
25,192,20.00,1,64.275,64.275,15,15
25,193,20.00,1,68.240,68.240,14,14
25,194,20.00,1,73.924,73.924,13,14
25,195,20.00,1,64.543,64.543,13,14
25,196,20.00,1,77.117,77.117,14,14
25,197,20.00,1,80.151,80.151,14,13
25,198,20.00,1,72.762,72.762,13,13
25,199,20.00,1,70.141,70.141,12,13
25,200,20.00,1,66.797,66.797,12,13
25,201,20.00,1,61.967,61.967,12,13
25,202,20.00,1,60.294,60.294,11,12
25,203,20.00,1,82.018,82.018,12,12
25,204,20.00,1,67.861,67.861,12,12
25,205,20.00,1,69.290,69.290,11,12
25,206,20.00,1,64.767,64.767,11,12
25,207,20.00,1,68.956,68.956,11,13
25,208,20.00,1,72.022,72.022,12,13
25,209,20.00,1,59.473,59.473,12,12
25,210,20.00,1,75.742,75.742,12,13
25,211,20.00,1,79.208,79.208,13,13
25,212,20.00,1,74.137,74.137,13,14
25,213,20.00,1,73.744,73.744,13,14
25,214,20.00,1,89.554,89.554,13,14
25,215,20.00,1,97.384,97.384,13,16
25,216,20.00,1,84.601,84.601,15,16
25,217,20.00,1,98.822,98.822,16,16
25,218,20.00,1,84.887,84.887,16,15
25,219,20.00,1,92.284,92.284,15,15
25,220,20.00,1,92.120,92.120,15,15
25,221,20.00,1,96.200,96.200,15,15
25,222,20.00,1,74.037,74.037,15,15
25,223,20.00,1,79.645,79.645,15,15
25,224,20.00,1,96.042,96.042,15,15
25,225,20.00,1,94.123,94.123,15,15
25,226,20.00,1,90.162,90.162,15,15
25,227,20.00,1,94.614,94.614,15,15
25,228,20.00,1,77.289,77.289,15,16
25,229,20.00,1,71.171,71.171,16,17
25,230,20.00,1,69.910,69.910,17,17
25,231,20.00,1,101.854,101.854,17,17
25,232,20.00,1,96.280,96.280,17,17
25,233,20.00,1,90.231,90.231,17,17
25,234,20.00,1,90.428,90.428,17,18
25,235,20.00,1,83.493,83.493,18,19
25,236,20.00,1,93.752,93.752,19,19
25,237,20.00,1,69.995,69.995,19,19
25,238,20.00,1,119.261,119.261,19,19
25,239,20.00,1,91.680,91.680,19,19
25,240,20.00,1,90.700,90.700,19,19
25,241,20.00,1,85.477,85.477,19,19
25,242,20.00,1,91.657,91.657,19,19
25,243,20.00,1,81.866,81.866,19,19
25,244,20.00,1,72.825,72.825,19,19
25,245,20.00,1,101.903,101.903,19,19
25,246,20.00,1,95.389,95.389,19,19
25,247,20.00,1,91.376,91.376,19,19
25,248,20.00,1,93.974,93.974,19,19
25,249,20.00,1,91.239,91.239,19,19
26,0,20.00,1,100.736,100.736,18,18
26,1,20.00,1,73.822,73.822,18,18
26,2,20.00,1,74.404,74.404,18,16
26,3,20.00,1,70.147,70.147,16,17
26,4,20.00,1,59.442,59.442,17,17
26,5,20.00,1,58.862,58.862,17,17
26,6,20.00,1,50.153,50.153,17,17
26,7,20.00,1,86.266,86.266,17,17
26,8,20.00,1,71.873,71.873,17,17
26,9,20.00,1,69.011,69.011,17,17
26,10,20.00,1,65.999,65.999,16,17
26,11,20.00,1,66.785,66.785,17,17
26,12,20.00,1,61.235,61.235,17,17
26,13,20.00,1,49.417,49.417,16,17
26,14,20.00,1,88.167,88.167,17,17
26,15,20.00,1,100.238,100.238,16,17
26,16,20.00,1,72.290,72.290,16,17
26,17,20.00,1,70.634,70.634,16,17
26,18,20.00,1,66.914,66.914,16,17
26,19,20.00,1,83.947,83.947,16,17
26,20,20.00,1,55.274,55.274,15,16
26,21,20.00,1,87.119,87.119,16,16
26,22,20.00,1,72.509,72.509,16,17
26,23,20.00,1,72.504,72.504,17,18
26,24,20.00,1,67.466,67.466,18,19
26,25,20.00,1,77.333,77.333,19,20
26,26,20.00,1,67.751,67.751,19,20
26,27,20.00,1,55.557,55.557,19,21
26,28,20.00,1,84.950,84.950,21,21
26,29,20.00,1,76.137,76.137,21,21
26,30,20.00,1,74.455,74.455,21,22
26,31,20.00,1,68.922,68.922,22,22
26,32,20.00,1,73.053,73.053,22,22
26,33,20.00,1,68.696,68.696,22,21
26,34,20.00,1,54.454,54.454,21,21
26,35,20.00,1,108.613,108.613,21,21
26,36,20.00,1,74.903,74.903,21,21
26,37,20.00,1,85.109,85.109,20,21
26,38,20.00,1,69.368,69.368,20,21
26,39,20.00,1,57.949,57.949,19,21
26,40,20.00,1,61.524,61.524,20,21
26,41,20.00,1,56.556,56.556,20,20
26,42,20.00,1,95.516,95.516,20,20
26,43,20.00,1,70.333,70.333,20,20
26,44,20.00,1,67.212,67.212,20,20
26,45,20.00,1,78.796,78.796,20,21
26,46,20.00,1,75.372,75.372,21,21
26,47,20.00,1,67.458,67.458,20,20
26,48,20.00,1,65.462,65.462,18,19
26,49,20.00,1,104.434,104.434,19,18
26,50,20.00,1,69.441,69.441,18,18
26,51,20.00,1,69.105,69.105,18,19
26,52,20.00,1,68.772,68.772,19,19
26,53,20.00,1,65.755,65.755,19,19
26,54,20.00,1,64.982,64.982,19,19
26,55,20.00,1,51.448,51.448,18,19
26,56,20.00,1,81.381,81.381,19,19
26,57,20.00,1,74.571,74.571,19,19
26,58,20.00,1,70.177,70.177,19,19
26,59,20.00,1,67.101,67.101,19,19
26,60,20.00,1,68.049,68.049,19,19
26,61,20.00,1,64.794,64.794,19,18
26,62,20.00,1,63.447,63.447,18,17
26,63,20.00,1,91.629,91.629,17,16
26,64,20.00,1,73.074,73.074,16,16
26,65,20.00,1,66.190,66.190,16,16
26,66,20.00,1,75.231,75.231,16,15
26,67,20.00,1,66.021,66.021,15,15
26,68,20.00,1,69.788,69.788,15,16
26,69,20.00,1,67.760,67.760,15,16
26,70,20.00,1,82.495,82.495,16,16
26,71,20.00,1,73.322,73.322,16,16
26,72,20.00,1,68.987,68.987,16,16
26,73,20.00,1,75.883,75.883,16,17
26,74,20.00,1,71.437,71.437,17,16
26,75,20.00,1,59.700,59.700,16,16
26,76,20.00,1,61.071,61.071,16,16
26,77,20.00,1,92.151,92.151,15,16
26,78,20.00,1,75.088,75.088,16,16
26,79,20.00,1,73.110,73.110,16,15
26,80,20.00,1,63.153,63.153,15,15
26,81,20.00,1,69.416,69.416,15,15
26,82,20.00,1,60.864,60.864,15,15
26,83,20.00,1,59.778,59.778,15,15
26,84,20.00,1,102.141,102.141,15,15
26,85,20.00,1,80.932,80.932,15,15
26,86,20.00,1,72.453,72.453,15,15
26,87,20.00,1,77.400,77.400,14,15
26,88,20.00,1,68.876,68.876,14,15
26,89,20.00,1,72.481,72.481,14,15
26,90,20.00,1,56.080,56.080,14,15
26,91,20.00,1,91.983,91.983,15,15
26,92,20.00,1,80.069,80.069,15,14
26,93,20.00,1,68.828,68.828,13,14
26,94,20.00,1,67.219,67.219,13,15
26,95,20.00,1,63.606,63.606,14,15
26,96,20.00,1,65.124,65.124,13,16
26,97,20.00,1,62.699,62.699,14,16
26,98,20.00,1,87.057,87.057,16,15
26,99,20.00,1,74.701,74.701,15,14
26,100,20.00,1,86.133,86.133,14,14
26,101,20.00,1,68.355,68.355,13,15
26,102,20.00,1,59.416,59.416,14,15
26,103,20.00,1,62.940,62.940,14,15
26,104,20.00,1,57.870,57.870,14,15
26,105,20.00,1,91.856,91.856,15,15
26,106,20.00,1,79.968,79.968,15,17
26,107,20.00,1,84.323,84.323,17,17
26,108,20.00,1,74.510,74.510,16,17
26,109,20.00,1,62.527,62.527,16,18
26,110,20.00,1,71.150,71.150,17,18
26,111,20.00,1,55.992,55.992,17,18
26,112,20.00,1,95.992,95.992,18,18
26,113,20.00,1,71.330,71.330,18,18
26,114,20.00,1,77.217,77.217,18,18
26,115,20.00,1,88.657,88.657,18,18
26,116,20.00,1,66.523,66.523,17,18
26,117,20.00,1,70.464,70.464,17,18
26,118,20.00,1,58.459,58.459,17,18
26,119,20.00,1,87.552,87.552,18,18
26,120,20.00,1,75.762,75.762,18,19
26,121,20.00,1,73.470,73.470,19,19
26,122,20.00,1,69.502,69.502,18,19
26,123,20.00,1,71.643,71.643,19,19
26,124,20.00,1,63.649,63.649,19,19
26,125,20.00,1,48.360,48.360,19,19
26,126,20.00,1,97.326,97.326,19,19
26,127,20.00,1,69.447,69.447,18,19
26,128,20.00,1,73.400,73.400,18,19
26,129,20.00,1,86.396,86.396,19,19
26,130,20.00,1,68.587,68.587,18,18
26,131,20.00,1,64.554,64.554,17,17
26,132,20.00,1,63.646,63.646,16,17
26,133,20.00,1,94.686,94.686,17,17
26,134,20.00,1,74.536,74.536,17,16
26,135,20.00,1,64.774,64.774,16,16
26,136,20.00,1,81.984,81.984,16,17
26,137,20.00,1,62.554,62.554,17,17
26,138,20.00,1,60.771,60.771,17,17
26,139,20.00,1,57.107,57.107,17,17
26,140,20.00,1,92.143,92.143,17,15
26,141,20.00,1,73.730,73.730,15,15
26,142,20.00,1,73.150,73.150,15,15
26,143,20.00,1,76.643,76.643,15,15
26,144,20.00,1,65.531,65.531,15,15
26,145,20.00,1,66.992,66.992,15,15
26,146,20.00,1,57.331,57.331,15,16
26,147,20.00,1,89.622,89.622,16,16
26,148,20.00,1,74.283,74.283,16,17
26,149,20.00,1,75.953,75.953,17,17
26,150,20.00,1,76.705,76.705,17,17
26,151,20.00,1,75.530,75.530,16,16
26,152,20.00,1,62.111,62.111,15,16
26,153,20.00,1,56.872,56.872,15,16
26,154,20.00,1,85.576,85.576,16,15
26,155,20.00,1,80.045,80.045,15,15
26,156,20.00,1,76.073,76.073,15,15
26,157,20.00,1,72.132,72.132,15,15
26,158,20.00,1,66.672,66.672,15,15
26,159,20.00,1,59.794,59.794,15,15
26,160,20.00,1,69.330,69.330,15,17
26,161,20.00,1,89.264,89.264,17,17
26,162,20.00,1,72.366,72.366,17,17
26,163,20.00,1,80.167,80.167,17,18
26,164,20.00,1,66.526,66.526,18,18
26,165,20.00,1,67.155,67.155,18,18
26,166,20.00,1,61.212,61.212,18,18
26,167,20.00,1,58.569,58.569,18,18
26,168,20.00,1,92.284,92.284,18,18
26,169,20.00,1,71.477,71.477,18,18
26,170,20.00,1,73.151,73.151,18,17
26,171,20.00,1,66.756,66.756,17,17
26,172,20.00,1,69.040,69.040,17,17
26,173,20.00,1,72.914,72.914,17,17
26,174,20.00,1,59.824,59.824,17,17
26,175,20.00,1,79.723,79.723,17,18
26,176,20.00,1,69.259,69.259,18,18
26,177,20.00,1,70.390,70.390,18,18
26,178,20.00,1,88.257,88.257,18,19
26,179,20.00,1,74.786,74.786,18,19
26,180,20.00,1,57.340,57.340,17,19
26,181,20.00,1,62.421,62.421,17,19
26,182,20.00,1,90.084,90.084,19,19
26,183,20.00,1,81.619,81.619,19,19
26,184,20.00,1,76.933,76.933,19,19
26,185,20.00,1,76.311,76.311,19,18
26,186,20.00,1,66.166,66.166,17,18
26,187,20.00,1,68.746,68.746,17,18
26,188,20.00,1,56.224,56.224,16,18
26,189,20.00,1,89.362,89.362,18,18
26,190,20.00,1,67.409,67.409,18,20
26,191,20.00,1,70.141,70.141,20,20
26,192,20.00,1,74.399,74.399,19,20
26,193,20.00,1,67.662,67.662,19,19
26,194,20.00,1,73.262,73.262,18,18
26,195,20.00,1,65.210,65.210,16,18
26,196,20.00,1,100.324,100.324,18,18
26,197,20.00,1,70.349,70.349,18,18
26,198,20.00,1,74.373,74.373,18,17
26,199,20.00,1,71.024,71.024,17,17
26,200,20.00,1,66.021,66.021,17,17
26,201,20.00,1,58.043,58.043,17,17
26,202,20.00,1,60.641,60.641,16,17
26,203,20.00,1,86.193,86.193,17,17
26,204,20.00,1,77.731,77.731,17,18
26,205,20.00,1,76.363,76.363,18,17
26,206,20.00,1,69.211,69.211,16,17
26,207,20.00,1,58.876,58.876,17,17
26,208,20.00,1,65.740,65.740,17,17
26,209,20.00,1,53.202,53.202,17,17
26,210,20.00,1,91.343,91.343,17,18
26,211,20.00,1,97.004,97.004,18,18
26,212,20.00,1,72.448,72.448,17,19
26,213,20.00,1,64.502,64.502,18,20
26,214,20.00,1,62.978,62.978,19,20
26,215,20.00,1,69.946,69.946,19,21
26,216,20.00,1,56.361,56.361,19,21
26,217,20.00,1,95.234,95.234,21,21
26,218,20.00,1,70.741,70.741,21,21
26,219,20.00,1,64.587,64.587,21,21
26,220,20.00,1,73.737,73.737,21,21
26,221,20.00,1,75.394,75.394,20,21
26,222,20.00,1,68.587,68.587,20,21
26,223,20.00,1,53.011,53.011,20,21
26,224,20.00,1,87.923,87.923,21,21
26,225,20.00,1,72.404,72.404,21,20
26,226,20.00,1,63.516,63.516,20,20
26,227,20.00,1,71.390,71.390,20,19
26,228,20.00,1,72.693,72.693,19,19
26,229,20.00,1,57.713,57.713,19,19
26,230,20.00,1,56.486,56.486,19,19
26,231,20.00,1,86.354,86.354,19,19
26,232,20.00,1,72.858,72.858,19,18
26,233,20.00,1,63.476,63.476,18,18
26,234,20.00,1,70.627,70.627,18,17
26,235,20.00,1,67.496,67.496,17,18
26,236,20.00,1,61.417,61.417,18,17
26,237,20.00,1,58.885,58.885,16,17
26,238,20.00,1,93.004,93.004,17,18
26,239,20.00,1,72.275,72.275,18,18
26,240,20.00,1,77.316,77.316,18,18
26,241,20.00,1,64.886,64.886,18,18
26,242,20.00,1,65.144,65.144,18,16
26,243,20.00,1,65.178,65.178,16,16
26,244,20.00,1,67.740,67.740,15,17
26,245,20.00,1,89.761,89.761,17,17
26,246,20.00,1,77.461,77.461,17,15
26,247,20.00,1,68.776,68.776,15,16
26,248,20.00,1,67.866,67.866,16,16
26,249,20.00,1,61.798,61.798,16,16
27,0,20.00,1,118.779,118.779,11,11
27,1,20.00,1,97.217,97.217,11,11
27,2,20.00,1,100.660,100.660,11,11
27,3,20.00,1,90.691,90.691,11,11
27,4,20.00,1,88.184,88.184,11,11
27,5,20.00,1,103.909,103.909,11,12
27,6,20.00,1,80.555,80.555,12,12
27,7,20.00,1,113.042,113.042,12,12
27,8,20.00,1,93.668,93.668,12,12
27,9,20.00,1,89.417,89.417,12,13
27,10,20.00,1,90.340,90.340,13,13
27,11,20.00,1,91.437,91.437,13,13
27,12,20.00,1,79.562,79.562,13,13
27,13,20.00,1,69.742,69.742,13,13
27,14,20.00,1,123.688,123.688,13,13
27,15,20.00,1,93.661,93.661,13,13
27,16,20.00,1,97.114,97.114,13,13
27,17,20.00,1,101.661,101.661,13,14
27,18,20.00,1,97.384,97.384,14,14
27,19,20.00,1,84.276,84.276,14,14
27,20,20.00,1,79.026,79.026,14,14
27,21,20.00,1,103.141,103.141,14,14
27,22,20.00,1,97.723,97.723,14,15
27,23,20.00,1,90.489,90.489,15,15
27,24,20.00,1,93.290,93.290,15,15
27,25,20.00,1,91.437,91.437,15,15
27,26,20.00,1,81.394,81.394,15,16
27,27,20.00,1,74.154,74.154,16,16
27,28,20.00,1,113.093,113.093,16,15
27,29,20.00,1,97.602,97.602,15,15
27,30,20.00,1,94.010,94.010,15,16
27,31,20.00,1,95.485,95.485,16,16
27,32,20.00,1,87.983,87.983,16,17
27,33,20.00,1,94.897,94.897,17,17
27,34,20.00,1,79.377,79.377,17,17
27,35,20.00,1,116.142,116.142,17,17
27,36,20.00,1,107.057,107.057,17,17
27,37,20.00,1,101.592,101.592,17,17
27,38,20.00,1,101.378,101.378,17,17
27,39,20.00,1,78.702,78.702,17,16
27,40,20.00,1,76.871,76.871,16,16
27,41,20.00,1,83.905,83.905,16,17
27,42,20.00,1,118.441,118.441,17,17
27,43,20.00,1,90.493,90.493,17,17
27,44,20.00,1,96.729,96.729,17,17
27,45,20.00,1,83.987,83.987,17,17
27,46,20.00,1,89.902,89.902,17,17
27,47,20.00,1,81.568,81.568,17,17
27,48,20.00,1,77.111,77.111,17,17
27,49,20.00,1,104.160,104.160,17,17
27,50,20.00,1,102.183,102.183,17,17
27,51,20.00,1,99.043,99.043,17,17
27,52,20.00,1,94.010,94.010,17,17
27,53,20.00,1,93.386,93.386,17,18
27,54,20.00,1,92.410,92.410,18,18
27,55,20.00,1,76.337,76.337,18,18
27,56,20.00,1,105.259,105.259,18,18
27,57,20.00,1,95.306,95.306,18,18
27,58,20.00,1,89.078,89.078,18,18
27,59,20.00,1,89.818,89.818,18,18
27,60,20.00,1,85.841,85.841,18,18
27,61,20.00,1,87.292,87.292,18,17
27,62,20.00,1,93.682,93.682,17,16
27,63,20.00,1,107.412,107.412,16,17
27,64,20.00,1,105.262,105.262,17,17
27,65,20.00,1,97.616,97.616,17,17
27,66,20.00,1,93.227,93.227,17,17
27,67,20.00,1,82.553,82.553,17,17
27,68,20.00,1,100.753,100.753,17,17
27,69,20.00,1,78.616,78.616,17,18
27,70,20.00,1,114.306,114.306,18,18
27,71,20.00,1,89.354,89.354,18,18
27,72,20.00,1,99.661,99.661,18,17
27,73,20.00,1,93.853,93.853,17,17
27,74,20.00,1,87.347,87.347,17,17
27,75,20.00,1,96.211,96.211,17,17
27,76,20.00,1,74.774,74.774,17,16
27,77,20.00,1,113.908,113.908,16,16
27,78,20.00,1,91.314,91.314,16,16
27,79,20.00,1,94.707,94.707,16,15
27,80,20.00,1,93.443,93.443,15,15
27,81,20.00,1,87.848,87.848,15,15
27,82,20.00,1,98.680,98.680,15,15
27,83,20.00,1,75.229,75.229,15,15
27,84,20.00,1,111.937,111.937,15,16
27,85,20.00,1,104.250,104.250,16,16
27,86,20.00,1,98.219,98.219,16,16
27,87,20.00,1,89.414,89.414,16,16
27,88,20.00,1,84.645,84.645,16,16
27,89,20.00,1,92.851,92.851,16,16
27,90,20.00,1,95.285,95.285,16,17
27,91,20.00,1,101.603,101.603,17,17
27,92,20.00,1,94.754,94.754,17,17
27,93,20.00,1,88.118,88.118,17,16
27,94,20.00,1,98.493,98.493,16,15
27,95,20.00,1,80.817,80.817,15,16
27,96,20.00,1,96.410,96.410,16,16
27,97,20.00,1,73.222,73.222,16,16
27,98,20.00,1,106.467,106.467,16,16
27,99,20.00,1,100.837,100.837,16,16
27,100,20.00,1,101.812,101.812,16,16
27,101,20.00,1,92.833,92.833,16,16
27,102,20.00,1,77.254,77.254,16,16
27,103,20.00,1,77.871,77.871,16,16
27,104,20.00,1,78.332,78.332,16,16
27,105,20.00,1,111.432,111.432,16,16
27,106,20.00,1,101.457,101.457,16,16
27,107,20.00,1,88.748,88.748,16,16
27,108,20.00,1,96.695,96.695,16,17
27,109,20.00,1,98.863,98.863,17,17
27,110,20.00,1,87.217,87.217,17,17
27,111,20.00,1,88.005,88.005,17,16
27,112,20.00,1,106.768,106.768,16,16
27,113,20.00,1,102.309,102.309,16,16
27,114,20.00,1,98.848,98.848,16,16
27,115,20.00,1,90.634,90.634,16,16
27,116,20.00,1,95.091,95.091,16,15
27,117,20.00,1,84.480,84.480,15,16
27,118,20.00,1,67.350,67.350,16,16
27,119,20.00,1,108.741,108.741,16,16
27,120,20.00,1,96.501,96.501,16,16
27,121,20.00,1,107.255,107.255,16,16
27,122,20.00,1,86.134,86.134,16,15
27,123,20.00,1,81.096,81.096,15,15
27,124,20.00,1,82.780,82.780,15,16
27,125,20.00,1,67.340,67.340,16,17
27,126,20.00,1,117.661,117.661,17,17
27,127,20.00,1,101.757,101.757,17,17
27,128,20.00,1,85.812,85.812,17,19
27,129,20.00,1,85.141,85.141,19,19
27,130,20.00,1,101.381,101.381,19,19
27,131,20.00,1,90.482,90.482,19,19
27,132,20.00,1,82.352,82.352,19,19
27,133,20.00,1,122.037,122.037,19,19
27,134,20.00,1,98.001,98.001,19,19
27,135,20.00,1,89.876,89.876,19,18
27,136,20.00,1,98.521,98.521,18,19
27,137,20.00,1,94.542,94.542,19,19
27,138,20.00,1,81.518,81.518,19,19
27,139,20.00,1,76.511,76.511,19,19
27,140,20.00,1,102.099,102.099,19,20
27,141,20.00,1,91.983,91.983,20,20
27,142,20.00,1,73.032,73.032,20,21
27,143,20.00,1,70.905,70.905,21,21
27,144,20.00,1,74.413,74.413,21,21
27,145,20.00,1,69.600,69.600,21,21
27,146,20.00,1,61.191,61.191,21,21
27,147,20.00,1,93.606,93.606,21,21
27,148,20.00,1,87.834,87.834,21,18
27,149,20.00,1,70.559,70.559,18,17
27,150,20.00,1,68.651,68.651,17,16
27,151,20.00,1,76.427,76.427,16,15
27,152,20.00,1,68.221,68.221,15,15
27,153,20.00,1,66.503,66.503,15,15
27,154,20.00,1,81.687,81.687,15,15
27,155,20.00,1,78.422,78.422,15,16
27,156,20.00,1,72.334,72.334,15,15
27,157,20.00,1,82.918,82.918,14,15
27,158,20.00,1,76.315,76.315,14,16
27,159,20.00,1,66.938,66.938,15,17
27,160,20.00,1,65.138,65.138,16,18
27,161,20.00,1,84.699,84.699,18,18
27,162,20.00,1,74.261,74.261,18,18
27,163,20.00,1,75.058,75.058,17,17
27,164,20.00,1,68.398,68.398,16,17
27,165,20.00,1,73.653,73.653,16,17
27,166,20.00,1,77.770,77.770,16,17
27,167,20.00,1,62.805,62.805,16,16
27,168,20.00,1,81.257,81.257,16,17
27,169,20.00,1,76.800,76.800,17,17
27,170,20.00,1,78.853,78.853,17,16
27,171,20.00,1,75.545,75.545,15,16
27,172,20.00,1,81.029,81.029,15,16
27,173,20.00,1,79.783,79.783,15,16
27,174,20.00,1,58.018,58.018,15,16
27,175,20.00,1,79.160,79.160,16,15
27,176,20.00,1,80.949,80.949,15,15
27,177,20.00,1,82.397,82.397,14,15
27,178,20.00,1,78.817,78.817,14,15
27,179,20.00,1,68.565,68.565,14,15
27,180,20.00,1,65.533,65.533,14,15
27,181,20.00,1,62.771,62.771,14,16
27,182,20.00,1,73.167,73.167,16,16
27,183,20.00,1,85.036,85.036,16,17
27,184,20.00,1,67.904,67.904,17,17
27,185,20.00,1,72.007,72.007,16,16
27,186,20.00,1,74.327,74.327,15,17
27,187,20.00,1,69.979,69.979,16,17
27,188,20.00,1,62.779,62.779,16,17
27,189,20.00,1,84.620,84.620,17,18
27,190,20.00,1,76.371,76.371,18,18
27,191,20.00,1,81.153,81.153,18,19
27,192,20.00,1,69.496,69.496,19,19
27,193,20.00,1,78.567,78.567,18,19
27,194,20.00,1,67.202,67.202,18,19
27,195,20.00,1,61.102,61.102,18,19
27,196,20.00,1,87.729,87.729,19,19
27,197,20.00,1,77.437,77.437,19,19
27,198,20.00,1,77.080,77.080,19,19
27,199,20.00,1,72.380,72.380,19,21
27,200,20.00,1,70.542,70.542,20,22
27,201,20.00,1,76.338,76.338,21,21
27,202,20.00,1,64.202,64.202,20,21
27,203,20.00,1,81.456,81.456,21,21
27,204,20.00,1,80.111,80.111,21,21
27,205,20.00,1,75.019,75.019,21,21
27,206,20.00,1,78.628,78.628,21,22
27,207,20.00,1,77.550,77.550,21,22
27,208,20.00,1,69.875,69.875,21,22
27,209,20.00,1,65.386,65.386,21,20
27,210,20.00,1,79.964,79.964,20,20
27,211,20.00,1,73.716,73.716,20,20
27,212,20.00,1,80.145,80.145,20,20
27,213,20.00,1,80.152,80.152,19,20
27,214,20.00,1,84.083,84.083,19,20
27,215,20.00,1,81.471,81.471,19,20
27,216,20.00,1,68.140,68.140,19,20
27,217,20.00,1,79.367,79.367,20,20
27,218,20.00,1,80.742,80.742,20,20
27,219,20.00,1,71.760,71.760,19,20
27,220,20.00,1,75.797,75.797,19,20
27,221,20.00,1,66.999,66.999,19,19
27,222,20.00,1,75.378,75.378,18,19
27,223,20.00,1,72.349,72.349,18,19
27,224,20.00,1,78.388,78.388,19,19
27,225,20.00,1,72.932,72.932,19,18
27,226,20.00,1,77.055,77.055,18,18
27,227,20.00,1,69.683,69.683,18,18
27,228,20.00,1,70.209,70.209,17,18
27,229,20.00,1,61.032,61.032,17,18
27,230,20.00,1,65.479,65.479,17,18
27,231,20.00,1,74.698,74.698,18,17
27,232,20.00,1,77.315,77.315,17,17
27,233,20.00,1,78.717,78.717,17,17
27,234,20.00,1,67.422,67.422,16,17
27,235,20.00,1,67.443,67.443,16,18
27,236,20.00,1,71.709,71.709,17,18
27,237,20.00,1,73.780,73.780,17,18
27,238,20.00,1,106.740,106.740,18,17
27,239,20.00,1,94.992,94.992,17,18
27,240,20.00,1,91.483,91.483,18,18
27,241,20.00,1,82.709,82.709,18,18
27,242,20.00,1,81.901,81.901,18,19
27,243,20.00,1,87.853,87.853,19,19
27,244,20.00,1,81.939,81.939,19,19
27,245,20.00,1,99.493,99.493,19,17
27,246,20.00,1,98.094,98.094,17,17
27,247,20.00,1,96.472,96.472,17,17
27,248,20.00,1,85.475,85.475,17,17
27,249,20.00,1,91.467,91.467,17,17
28,0,20.00,1,136.953,136.953,14,15
28,1,20.00,1,99.276,99.276,15,16
28,2,20.00,1,82.665,82.665,16,16
28,3,20.00,1,90.192,90.192,15,17
28,4,20.00,1,89.707,89.707,16,16
28,5,20.00,1,76.005,76.005,15,16
28,6,20.00,1,64.903,64.903,15,16
28,7,20.00,1,125.691,125.691,16,16
28,8,20.00,1,93.927,93.927,16,16
28,9,20.00,1,97.697,97.697,15,15
28,10,20.00,1,82.526,82.526,14,15
28,11,20.00,1,89.702,89.702,14,15
28,12,20.00,1,88.042,88.042,14,15
28,13,20.00,1,55.510,55.510,14,15
28,14,20.00,1,113.898,113.898,15,14
28,15,20.00,1,105.720,105.720,14,14
28,16,20.00,1,102.806,102.806,13,14
28,17,20.00,1,86.673,86.673,12,15
28,18,20.00,1,98.594,98.594,13,14
28,19,20.00,1,63.995,63.995,12,14
28,20,20.00,1,60.670,60.670,12,14
28,21,20.00,1,111.551,111.551,14,15
28,22,20.00,1,108.067,108.067,15,15
28,23,20.00,1,96.310,96.310,14,14
28,24,20.00,1,88.922,88.922,13,14
28,25,20.00,1,85.025,85.025,13,13
28,26,20.00,1,81.387,81.387,12,15
28,27,20.00,1,63.277,63.277,14,15
28,28,20.00,1,121.014,121.014,15,16
28,29,20.00,1,95.197,95.197,16,16
28,30,20.00,1,100.344,100.344,15,16
28,31,20.00,1,88.596,88.596,15,16
28,32,20.00,1,79.967,79.967,15,16
28,33,20.00,1,86.405,86.405,15,16
28,34,20.00,1,63.565,63.565,15,16
28,35,20.00,1,111.840,111.840,16,16
28,36,20.00,1,107.778,107.778,16,16
28,37,20.00,1,102.354,102.354,15,17
28,38,20.00,1,89.642,89.642,16,17
28,39,20.00,1,97.415,97.415,16,17
28,40,20.00,1,95.310,95.310,16,17
28,41,20.00,1,64.901,64.901,16,16
28,42,20.00,1,101.926,101.926,16,17
28,43,20.00,1,105.497,105.497,17,17
28,44,20.00,1,112.505,112.505,17,17
28,45,20.00,1,84.771,84.771,16,17
28,46,20.00,1,92.953,92.953,16,17
28,47,20.00,1,78.208,78.208,16,17
28,48,20.00,1,61.761,61.761,16,16
28,49,20.00,1,104.014,104.014,16,17
28,50,20.00,1,106.747,106.747,17,17
28,51,20.00,1,89.447,89.447,16,17
28,52,20.00,1,101.490,101.490,16,17
28,53,20.00,1,92.163,92.163,16,18
28,54,20.00,1,82.121,82.121,17,18
28,55,20.00,1,62.236,62.236,17,18
28,56,20.00,1,96.822,96.822,18,18
28,57,20.00,1,93.475,93.475,18,18
28,58,20.00,1,102.998,102.998,18,19
28,59,20.00,1,94.634,94.634,18,18
28,60,20.00,1,100.173,100.173,17,17
28,61,20.00,1,76.565,76.565,15,17
28,62,20.00,1,72.232,72.232,15,17
28,63,20.00,1,98.930,98.930,17,18
28,64,20.00,1,106.921,106.921,18,18
28,65,20.00,1,68.251,68.251,18,17
28,66,20.00,1,82.889,82.889,16,16
28,67,20.00,1,76.217,76.217,16,17
28,68,20.00,1,70.181,70.181,17,17
28,69,20.00,1,54.055,54.055,17,18
28,70,20.00,1,80.221,80.221,18,19
28,71,20.00,1,88.659,88.659,19,20
28,72,20.00,1,100.995,100.995,20,20
28,73,20.00,1,68.535,68.535,20,19
28,74,20.00,1,60.766,60.766,19,19
28,75,20.00,1,60.798,60.798,19,20
28,76,20.00,1,63.470,63.470,20,20
28,77,20.00,1,100.131,100.131,20,20
28,78,20.00,1,95.604,95.604,20,20
28,79,20.00,1,67.959,67.959,20,19
28,80,20.00,1,68.306,68.306,19,19
28,81,20.00,1,70.150,70.150,19,19
28,82,20.00,1,73.045,73.045,19,19
28,83,20.00,1,64.760,64.760,19,18
28,84,20.00,1,104.235,104.235,18,17
28,85,20.00,1,110.519,110.519,17,17
28,86,20.00,1,73.924,73.924,16,17
28,87,20.00,1,74.614,74.614,16,17
28,88,20.00,1,80.141,80.141,16,17
28,89,20.00,1,76.220,76.220,16,17
28,90,20.00,1,56.496,56.496,16,16
28,91,20.00,1,104.359,104.359,16,15
28,92,20.00,1,111.428,111.428,15,14
28,93,20.00,1,73.695,73.695,13,13
28,94,20.00,1,67.205,67.205,12,12
28,95,20.00,1,79.427,79.427,11,12
28,96,20.00,1,62.595,62.595,11,12
28,97,20.00,1,59.024,59.024,11,12
28,98,20.00,1,97.268,97.268,12,12
28,99,20.00,1,107.124,107.124,12,11
28,100,20.00,1,69.654,69.654,10,11
28,101,20.00,1,67.381,67.381,10,11
28,102,20.00,1,65.632,65.632,10,11
28,103,20.00,1,77.040,77.040,10,9
28,104,20.00,1,63.065,63.065,8,10
28,105,20.00,1,102.024,102.024,10,11
28,106,20.00,1,92.734,92.734,11,11
28,107,20.00,1,70.463,70.463,11,11
28,108,20.00,1,64.467,64.467,11,11
28,109,20.00,1,68.128,68.128,11,10
28,110,20.00,1,68.252,68.252,10,10
28,111,20.00,1,64.822,64.822,9,10
28,112,20.00,1,103.527,103.527,10,10
28,113,20.00,1,116.090,116.090,10,10
28,114,20.00,1,76.577,76.577,9,10
28,115,20.00,1,67.511,67.511,9,9
28,116,20.00,1,70.641,70.641,8,9
28,117,20.00,1,65.016,65.016,8,10
28,118,20.00,1,62.078,62.078,9,10
28,119,20.00,1,91.643,91.643,10,10
28,120,20.00,1,105.620,105.620,10,10
28,121,20.00,1,69.634,69.634,10,11
28,122,20.00,1,65.899,65.899,11,11
28,123,20.00,1,67.531,67.531,11,11
28,124,20.00,1,70.491,70.491,11,11
28,125,20.00,1,63.086,63.086,11,11
28,126,20.00,1,129.490,129.490,11,12
28,127,20.00,1,90.128,90.128,12,12
28,128,20.00,1,67.554,67.554,11,12
28,129,20.00,1,71.725,71.725,11,12
28,130,20.00,1,71.271,71.271,11,12
28,131,20.00,1,70.452,70.452,11,12
28,132,20.00,1,60.994,60.994,11,12
28,133,20.00,1,119.964,119.964,12,12
28,134,20.00,1,99.654,99.654,12,13
28,135,20.00,1,78.081,78.081,12,13
28,136,20.00,1,93.281,93.281,12,14
28,137,20.00,1,96.412,96.412,13,14
28,138,20.00,1,83.072,83.072,13,13
28,139,20.00,1,63.020,63.020,12,14
28,140,20.00,1,150.848,150.848,14,14
28,141,20.00,1,93.013,93.013,14,14
28,142,20.00,1,101.510,101.510,14,14
28,143,20.00,1,73.940,73.940,14,14
28,144,20.00,1,79.013,79.013,14,14
28,145,20.00,1,82.001,82.001,14,15
28,146,20.00,1,68.770,68.770,15,15
28,147,20.00,1,155.972,155.972,15,14
28,148,20.00,1,95.995,95.995,14,14
28,149,20.00,1,96.459,96.459,14,14
28,150,20.00,1,78.582,78.582,14,14
28,151,20.00,1,84.657,84.657,14,14
28,152,20.00,1,68.841,68.841,14,15
28,153,20.00,1,63.646,63.646,15,15
28,154,20.00,1,151.588,151.588,15,16
28,155,20.00,1,114.233,114.233,16,16
28,156,20.00,1,84.504,84.504,15,16
28,157,20.00,1,88.040,88.040,15,16
28,158,20.00,1,82.781,82.781,15,16
28,159,20.00,1,88.252,88.252,15,16
28,160,20.00,1,68.029,68.029,14,16
28,161,20.00,1,158.326,158.326,16,16
28,162,20.00,1,87.718,87.718,16,16
28,163,20.00,1,98.599,98.599,16,16
28,164,20.00,1,89.622,89.622,16,16
28,165,20.00,1,93.447,93.447,16,16
28,166,20.00,1,77.128,77.128,16,16
28,167,20.00,1,61.292,61.292,16,16
28,168,20.00,1,121.939,121.939,16,16
28,169,20.00,1,97.679,97.679,16,16
28,170,20.00,1,98.213,98.213,15,15
28,171,20.00,1,103.304,103.304,14,15
28,172,20.00,1,85.884,85.884,14,15
28,173,20.00,1,95.845,95.845,14,15
28,174,20.00,1,72.324,72.324,14,15
28,175,20.00,1,130.954,130.954,15,15
28,176,20.00,1,99.506,99.506,15,16
28,177,20.00,1,88.664,88.664,16,16
28,178,20.00,1,85.831,85.831,15,17
28,179,20.00,1,92.503,92.503,16,17
28,180,20.00,1,75.316,75.316,16,17
28,181,20.00,1,66.957,66.957,16,17
28,182,20.00,1,147.844,147.844,17,16
28,183,20.00,1,88.694,88.694,16,16
28,184,20.00,1,91.152,91.152,16,15
28,185,20.00,1,89.473,89.473,15,15
28,186,20.00,1,80.262,80.262,15,16
28,187,20.00,1,71.774,71.774,16,15
28,188,20.00,1,68.131,68.131,14,15
28,189,20.00,1,147.149,147.149,15,16
28,190,20.00,1,91.394,91.394,16,16
28,191,20.00,1,91.493,91.493,16,16
28,192,20.00,1,79.548,79.548,16,16
28,193,20.00,1,81.480,81.480,16,16
28,194,20.00,1,72.469,72.469,16,17
28,195,20.00,1,72.488,72.488,16,18
28,196,20.00,1,141.001,141.001,18,17
28,197,20.00,1,90.127,90.127,17,17
28,198,20.00,1,93.165,93.165,17,17
28,199,20.00,1,96.198,96.198,17,17
28,200,20.00,1,85.408,85.408,17,17
28,201,20.00,1,85.555,85.555,17,18
28,202,20.00,1,78.617,78.617,18,18
28,203,20.00,1,177.785,177.785,18,19
28,204,20.00,1,87.555,87.555,19,20
28,205,20.00,1,90.554,90.554,20,19
28,206,20.00,1,87.859,87.859,19,19
28,207,20.00,1,96.743,96.743,19,20
28,208,20.00,1,71.481,71.481,20,20
28,209,20.00,1,57.153,57.153,20,20
28,210,20.00,1,158.184,158.184,20,19
28,211,20.00,1,92.259,92.259,19,19
28,212,20.00,1,86.378,86.378,19,19
28,213,20.00,1,93.424,93.424,19,19
28,214,20.00,1,85.063,85.063,19,18
28,215,20.00,1,73.308,73.308,18,18
28,216,20.00,1,61.434,61.434,18,18
28,217,20.00,1,130.842,130.842,18,18
28,218,20.00,1,89.086,89.086,18,19
28,219,20.00,1,98.260,98.260,19,19
28,220,20.00,1,95.629,95.629,19,18
28,221,20.00,1,88.776,88.776,18,18
28,222,20.00,1,83.432,83.432,17,18
28,223,20.00,1,75.904,75.904,17,18
28,224,20.00,1,170.368,170.368,18,18
28,225,20.00,1,91.044,91.044,18,18
28,226,20.00,1,89.469,89.469,18,18
28,227,20.00,1,77.602,77.602,18,18
28,228,20.00,1,80.206,80.206,18,18
28,229,20.00,1,77.599,77.599,18,18
28,230,20.00,1,56.517,56.517,18,18
28,231,20.00,1,146.681,146.681,18,18
28,232,20.00,1,87.283,87.283,18,18
28,233,20.00,1,93.494,93.494,18,18
28,234,20.00,1,86.128,86.128,18,18
28,235,20.00,1,92.795,92.795,18,17
28,236,20.00,1,72.937,72.937,17,19
28,237,20.00,1,68.612,68.612,18,20
28,238,20.00,1,141.744,141.744,20,21
28,239,20.00,1,77.874,77.874,21,21
28,240,20.00,1,68.784,68.784,19,21
28,241,20.00,1,73.116,73.116,19,21
28,242,20.00,1,73.756,73.756,20,21
28,243,20.00,1,63.935,63.935,19,20
28,244,20.00,1,80.291,80.291,18,20
28,245,20.00,1,109.108,109.108,20,20
28,246,20.00,1,97.181,97.181,20,20
28,247,20.00,1,78.695,78.695,19,21
28,248,20.00,1,69.822,69.822,19,20
28,249,20.00,1,65.228,65.228,19,20
29,0,20.00,1,105.081,105.081,18,19
29,1,20.00,1,91.135,91.135,19,19
29,2,20.00,1,91.098,91.098,18,18
29,3,20.00,1,81.243,81.243,18,18
29,4,20.00,1,75.121,75.121,18,18
29,5,20.00,1,69.611,69.611,18,18
29,6,20.00,1,67.134,67.134,18,18
29,7,20.00,1,104.562,104.562,18,18
29,8,20.00,1,92.761,92.761,18,16
29,9,20.00,1,101.999,101.999,16,17
29,10,20.00,1,98.588,98.588,17,16
29,11,20.00,1,74.638,74.638,16,16
29,12,20.00,1,70.399,70.399,16,16
29,13,20.00,1,69.160,69.160,16,16
29,14,20.00,1,104.613,104.613,16,15
29,15,20.00,1,103.451,103.451,15,15
29,16,20.00,1,84.378,84.378,15,14
29,17,20.00,1,89.175,89.175,14,15
29,18,20.00,1,74.672,74.672,15,15
29,19,20.00,1,65.869,65.869,15,15
29,20,20.00,1,64.274,64.274,15,16
29,21,20.00,1,105.415,105.415,16,16
29,22,20.00,1,99.412,99.412,16,16
29,23,20.00,1,110.183,110.183,16,16
29,24,20.00,1,86.157,86.157,16,15
29,25,20.00,1,72.718,72.718,15,15
29,26,20.00,1,78.793,78.793,15,14
29,27,20.00,1,75.184,75.184,14,14
29,28,20.00,1,91.665,91.665,14,14
29,29,20.00,1,101.984,101.984,14,14
29,30,20.00,1,96.819,96.819,13,14
29,31,20.00,1,83.064,83.064,14,14
29,32,20.00,1,78.976,78.976,14,13
29,33,20.00,1,73.768,73.768,13,14
29,34,20.00,1,64.849,64.849,14,14
29,35,20.00,1,107.154,107.154,14,14
29,36,20.00,1,95.761,95.761,14,14
29,37,20.00,1,113.287,113.287,14,14
29,38,20.00,1,95.436,95.436,14,15
29,39,20.00,1,69.984,69.984,15,16
29,40,20.00,1,73.962,73.962,16,16
29,41,20.00,1,70.346,70.346,16,16
29,42,20.00,1,104.913,104.913,16,16
29,43,20.00,1,91.807,91.807,16,16
29,44,20.00,1,85.468,85.468,16,16
29,45,20.00,1,79.441,79.441,16,16
29,46,20.00,1,79.524,79.524,16,16
29,47,20.00,1,75.270,75.270,15,17
29,48,20.00,1,63.924,63.924,16,17
29,49,20.00,1,96.369,96.369,17,16
29,50,20.00,1,106.146,106.146,16,16
29,51,20.00,1,98.065,98.065,16,16
29,52,20.00,1,86.918,86.918,16,16
29,53,20.00,1,74.774,74.774,16,16
29,54,20.00,1,67.137,67.137,16,16
29,55,20.00,1,63.019,63.019,16,16
29,56,20.00,1,101.478,101.478,16,16
29,57,20.00,1,115.209,115.209,16,15
29,58,20.00,1,90.579,90.579,15,16
29,59,20.00,1,77.143,77.143,16,16
29,60,20.00,1,78.839,78.839,16,17
29,61,20.00,1,68.878,68.878,17,17
29,62,20.00,1,70.120,70.120,17,16
29,63,20.00,1,114.526,114.526,16,16
29,64,20.00,1,75.820,75.820,16,16
29,65,20.00,1,74.196,74.196,16,16
29,66,20.00,1,70.560,70.560,16,16
29,67,20.00,1,59.180,59.180,15,16
29,68,20.00,1,67.718,67.718,15,16
29,69,20.00,1,56.543,56.543,14,17
29,70,20.00,1,81.756,81.756,17,17
29,71,20.00,1,97.824,97.824,17,17
29,72,20.00,1,79.364,79.364,17,17
29,73,20.00,1,68.147,68.147,17,18
29,74,20.00,1,63.000,63.000,18,18
29,75,20.00,1,62.229,62.229,17,17
29,76,20.00,1,58.751,58.751,16,17
29,77,20.00,1,84.142,84.142,17,18
29,78,20.00,1,95.020,95.020,18,18
29,79,20.00,1,65.872,65.872,18,18
29,80,20.00,1,67.199,67.199,18,18
29,81,20.00,1,61.026,61.026,18,18
29,82,20.00,1,60.614,60.614,17,19
29,83,20.00,1,60.173,60.173,17,19
29,84,20.00,1,77.333,77.333,19,19
29,85,20.00,1,90.223,90.223,19,18
29,86,20.00,1,98.965,98.965,18,18
29,87,20.00,1,70.944,70.944,18,18
29,88,20.00,1,61.912,61.912,18,18
29,89,20.00,1,60.511,60.511,18,18
29,90,20.00,1,56.427,56.427,18,19
29,91,20.00,1,84.300,84.300,19,19
29,92,20.00,1,87.604,87.604,19,18
29,93,20.00,1,66.431,66.431,18,19
29,94,20.00,1,74.776,74.776,19,19
29,95,20.00,1,66.242,66.242,19,19
29,96,20.00,1,66.778,66.778,18,20
29,97,20.00,1,60.467,60.467,19,21
29,98,20.00,1,75.535,75.535,21,21
29,99,20.00,1,73.842,73.842,21,21
29,100,20.00,1,76.700,76.700,21,21
29,101,20.00,1,70.159,70.159,20,22
29,102,20.00,1,66.825,66.825,21,22
29,103,20.00,1,66.266,66.266,20,23
29,104,20.00,1,61.106,61.106,21,23
29,105,20.00,1,81.970,81.970,22,23
29,106,20.00,1,87.019,87.019,22,21
29,107,20.00,1,76.486,76.486,20,20
29,108,20.00,1,68.573,68.573,19,20
29,109,20.00,1,73.019,73.019,18,20
29,110,20.00,1,67.367,67.367,18,20
29,111,20.00,1,65.629,65.629,18,20
29,112,20.00,1,80.375,80.375,19,20
29,113,20.00,1,77.186,77.186,19,20
29,114,20.00,1,74.742,74.742,19,20
29,115,20.00,1,73.357,73.357,20,19
29,116,20.00,1,78.138,78.138,17,19
29,117,20.00,1,64.381,64.381,17,18
29,118,20.00,1,56.048,56.048,15,18
29,119,20.00,1,81.395,81.395,17,18
29,120,20.00,1,70.827,70.827,17,18
29,121,20.00,1,73.929,73.929,17,18
29,122,20.00,1,77.129,77.129,17,19
29,123,20.00,1,69.147,69.147,17,20
29,124,20.00,1,63.096,63.096,17,20
29,125,20.00,1,63.514,63.514,17,20
29,126,20.00,1,82.491,82.491,19,21
29,127,20.00,1,78.453,78.453,20,21
29,128,20.00,1,75.108,75.108,20,21
29,129,20.00,1,75.250,75.250,20,20
29,130,20.00,1,68.051,68.051,19,20
29,131,20.00,1,66.303,66.303,19,20
29,132,20.00,1,63.733,63.733,18,20
29,133,20.00,1,77.949,77.949,19,18
29,134,20.00,1,97.412,97.412,18,18
29,135,20.00,1,89.015,89.015,18,18
29,136,20.00,1,100.779,100.779,18,17
29,137,20.00,1,84.432,84.432,17,17
29,138,20.00,1,72.593,72.593,16,17
29,139,20.00,1,69.615,69.615,15,16
29,140,20.00,1,95.679,95.679,16,16
29,141,20.00,1,110.730,110.730,16,16
29,142,20.00,1,113.002,113.002,16,16
29,143,20.00,1,90.662,90.662,16,16
29,144,20.00,1,72.298,72.298,16,15
29,145,20.00,1,78.799,78.799,15,15
29,146,20.00,1,69.124,69.124,15,15
29,147,20.00,1,99.538,99.538,15,16
29,148,20.00,1,108.676,108.676,16,16
29,149,20.00,1,93.911,93.911,16,17
29,150,20.00,1,78.040,78.040,17,18
29,151,20.00,1,71.353,71.353,18,18
29,152,20.00,1,72.231,72.231,18,18
29,153,20.00,1,65.297,65.297,18,18
29,154,20.00,1,100.288,100.288,18,18
29,155,20.00,1,109.975,109.975,18,18
29,156,20.00,1,83.611,83.611,18,17
29,157,20.00,1,92.861,92.861,17,17
29,158,20.00,1,74.340,74.340,17,17
29,159,20.00,1,75.868,75.868,17,17
29,160,20.00,1,63.436,63.436,17,17
29,161,20.00,1,113.256,113.256,17,17
29,162,20.00,1,101.869,101.869,17,17
29,163,20.00,1,100.006,100.006,17,17
29,164,20.00,1,95.018,95.018,17,19
29,165,20.00,1,75.794,75.794,19,19
29,166,20.00,1,69.342,69.342,19,20
29,167,20.00,1,61.551,61.551,20,20
29,168,20.00,1,109.694,109.694,20,20
29,169,20.00,1,104.577,104.577,20,20
29,170,20.00,1,88.620,88.620,20,19
29,171,20.00,1,77.593,77.593,19,19
29,172,20.00,1,80.414,80.414,19,18
29,173,20.00,1,75.499,75.499,18,18
29,174,20.00,1,49.778,49.778,17,19
29,175,20.00,1,78.761,78.761,18,19
29,176,20.00,1,75.761,75.761,18,19
29,177,20.00,1,71.781,71.781,18,20
29,178,20.00,1,70.187,70.187,18,19
29,179,20.00,1,70.467,70.467,17,19
29,180,20.00,1,68.995,68.995,17,19
29,181,20.00,1,58.636,58.636,17,19
29,182,20.00,1,75.224,75.224,18,19
29,183,20.00,1,76.072,76.072,18,19
29,184,20.00,1,87.050,87.050,18,19
29,185,20.00,1,69.532,69.532,18,19
29,186,20.00,1,72.762,72.762,17,18
29,187,20.00,1,63.493,63.493,16,18
29,188,20.00,1,59.378,59.378,15,18
29,189,20.00,1,75.456,75.456,17,17
29,190,20.00,1,78.078,78.078,16,17
29,191,20.00,1,91.102,91.102,16,18
29,192,20.00,1,85.543,85.543,18,19
29,193,20.00,1,75.634,75.634,19,18
29,194,20.00,1,69.300,69.300,18,18
29,195,20.00,1,75.446,75.446,17,18
29,196,20.00,1,115.172,115.172,18,18
29,197,20.00,1,101.762,101.762,18,18
29,198,20.00,1,91.047,91.047,18,17
29,199,20.00,1,107.696,107.696,17,18
29,200,20.00,1,87.774,87.774,17,18
29,201,20.00,1,70.571,70.571,16,18
29,202,20.00,1,66.526,66.526,16,19
29,203,20.00,1,79.107,79.107,19,19
29,204,20.00,1,87.595,87.595,19,19
29,205,20.00,1,79.474,79.474,19,19
29,206,20.00,1,71.436,71.436,19,18
29,207,20.00,1,72.487,72.487,17,18
29,208,20.00,1,61.385,61.385,17,18
29,209,20.00,1,57.160,57.160,17,18
29,210,20.00,1,74.227,74.227,18,17
29,211,20.00,1,78.986,78.986,17,16
29,212,20.00,1,71.557,71.557,16,16
29,213,20.00,1,70.529,70.529,15,18
29,214,20.00,1,72.902,72.902,16,17
29,215,20.00,1,61.315,61.315,15,17
29,216,20.00,1,64.172,64.172,15,17
29,217,20.00,1,73.777,73.777,17,17
29,218,20.00,1,79.187,79.187,17,17
29,219,20.00,1,76.765,76.765,17,15
29,220,20.00,1,71.546,71.546,14,15
29,221,20.00,1,65.777,65.777,14,16
29,222,20.00,1,65.568,65.568,15,16
29,223,20.00,1,61.120,61.120,14,16
29,224,20.00,1,75.851,75.851,16,16
29,225,20.00,1,74.505,74.505,16,15
29,226,20.00,1,76.687,76.687,15,15
29,227,20.00,1,74.691,74.691,15,15
29,228,20.00,1,70.250,70.250,14,15
29,229,20.00,1,70.423,70.423,13,15
29,230,20.00,1,64.520,64.520,13,15
29,231,20.00,1,77.331,77.331,15,15
29,232,20.00,1,98.187,98.187,15,14
29,233,20.00,1,73.191,73.191,14,15
29,234,20.00,1,67.761,67.761,15,16
29,235,20.00,1,67.424,67.424,16,16
29,236,20.00,1,69.362,69.362,15,16
29,237,20.00,1,60.318,60.318,15,15
29,238,20.00,1,94.080,94.080,15,14
29,239,20.00,1,93.491,93.491,14,15
29,240,20.00,1,86.854,86.854,15,15
29,241,20.00,1,90.816,90.816,15,15
29,242,20.00,1,68.170,68.170,15,15
29,243,20.00,1,75.551,75.551,15,15
29,244,20.00,1,56.462,56.462,15,16
29,245,20.00,1,112.442,112.442,16,16
29,246,20.00,1,104.615,104.615,16,16
29,247,20.00,1,89.300,89.300,16,16
29,248,20.00,1,89.867,89.867,16,16
29,249,20.00,1,73.235,73.235,16,16
30,0,20.00,1,75.785,75.785,20,20
30,1,20.00,1,86.564,86.564,20,20
30,2,20.00,1,65.348,65.348,20,20
30,3,20.00,1,68.284,68.284,20,21
30,4,20.00,1,63.025,63.025,21,22
30,5,20.00,1,58.758,58.758,21,22
30,6,20.00,1,61.471,61.471,20,22
30,7,20.00,1,81.018,81.018,22,21
30,8,20.00,1,71.759,71.759,21,21
30,9,20.00,1,67.040,67.040,21,20
30,10,20.00,1,64.806,64.806,20,20
30,11,20.00,1,68.092,68.092,20,20
30,12,20.00,1,63.982,63.982,19,20
30,13,20.00,1,61.333,61.333,19,20
30,14,20.00,1,79.943,79.943,20,20
30,15,20.00,1,74.516,74.516,20,20
30,16,20.00,1,64.787,64.787,20,18
30,17,20.00,1,76.162,76.162,18,19
30,18,20.00,1,70.163,70.163,19,19
30,19,20.00,1,64.451,64.451,19,19
30,20,20.00,1,60.619,60.619,18,19
30,21,20.00,1,87.627,87.627,19,19
30,22,20.00,1,68.786,68.786,19,19
30,23,20.00,1,69.417,69.417,19,17
30,24,20.00,1,63.481,63.481,17,17
30,25,20.00,1,63.546,63.546,16,17
30,26,20.00,1,64.828,64.828,16,16
30,27,20.00,1,58.636,58.636,14,16
30,28,20.00,1,75.602,75.602,16,16
30,29,20.00,1,75.121,75.121,16,17
30,30,20.00,1,65.053,65.053,17,17
30,31,20.00,1,64.409,64.409,17,17
30,32,20.00,1,63.965,63.965,17,16
30,33,20.00,1,63.365,63.365,15,15
30,34,20.00,1,63.954,63.954,13,15
30,35,20.00,1,66.165,66.165,15,15
30,36,20.00,1,77.338,77.338,15,14
30,37,20.00,1,69.534,69.534,14,14
30,38,20.00,1,72.001,72.001,14,14
30,39,20.00,1,65.300,65.300,14,14
30,40,20.00,1,61.629,61.629,14,14
30,41,20.00,1,60.898,60.898,13,15
30,42,20.00,1,70.428,70.428,15,15
30,43,20.00,1,83.829,83.829,15,16
30,44,20.00,1,70.133,70.133,16,17
30,45,20.00,1,75.514,75.514,17,16
30,46,20.00,1,68.539,68.539,16,16
30,47,20.00,1,57.385,57.385,15,16
30,48,20.00,1,57.820,57.820,14,15
30,49,20.00,1,73.959,73.959,15,15
30,50,20.00,1,74.173,74.173,15,16
30,51,20.00,1,78.171,78.171,16,16
30,52,20.00,1,72.276,72.276,16,16
30,53,20.00,1,65.009,65.009,16,17
30,54,20.00,1,56.098,56.098,16,18
30,55,20.00,1,57.736,57.736,16,19
30,56,20.00,1,75.659,75.659,19,19
30,57,20.00,1,82.904,82.904,19,19
30,58,20.00,1,75.593,75.593,19,19
30,59,20.00,1,85.734,85.734,19,19
30,60,20.00,1,61.902,61.902,19,18
30,61,20.00,1,57.697,57.697,18,19
30,62,20.00,1,69.510,69.510,19,18
30,63,20.00,1,89.449,89.449,18,18
30,64,20.00,1,92.032,92.032,18,18
30,65,20.00,1,102.487,102.487,18,18
30,66,20.00,1,83.012,83.012,18,18
30,67,20.00,1,73.394,73.394,18,18
30,68,20.00,1,65.169,65.169,18,18
30,69,20.00,1,63.623,63.623,18,18
30,70,20.00,1,88.002,88.002,18,19
30,71,20.00,1,96.588,96.588,19,19
30,72,20.00,1,91.494,91.494,19,19
30,73,20.00,1,87.101,87.101,19,19
30,74,20.00,1,76.934,76.934,19,19
30,75,20.00,1,68.382,68.382,19,19
30,76,20.00,1,73.109,73.109,19,20
30,77,20.00,1,98.812,98.812,20,20
30,78,20.00,1,91.845,91.845,20,20
30,79,20.00,1,91.531,91.531,20,20
30,80,20.00,1,99.025,99.025,20,20
30,81,20.00,1,79.087,79.087,20,20
30,82,20.00,1,82.897,82.897,20,20
30,83,20.00,1,47.123,47.123,20,18
30,84,20.00,1,78.428,78.428,18,18
30,85,20.00,1,80.537,80.537,18,18
30,86,20.00,1,65.495,65.495,18,18
30,87,20.00,1,65.939,65.939,18,17
30,88,20.00,1,66.960,66.960,17,16
30,89,20.00,1,62.879,62.879,15,16
30,90,20.00,1,60.539,60.539,14,15
30,91,20.00,1,72.617,72.617,15,16
30,92,20.00,1,77.948,77.948,16,16
30,93,20.00,1,64.379,64.379,16,14
30,94,20.00,1,70.611,70.611,14,14
30,95,20.00,1,73.110,73.110,14,15
30,96,20.00,1,62.288,62.288,15,15
30,97,20.00,1,61.020,61.020,14,15
30,98,20.00,1,77.063,77.063,15,15
30,99,20.00,1,75.788,75.788,15,15
30,100,20.00,1,90.583,90.583,15,15
30,101,20.00,1,69.678,69.678,15,15
30,102,20.00,1,59.559,59.559,15,15
30,103,20.00,1,58.696,58.696,15,15
30,104,20.00,1,56.091,56.091,14,15
30,105,20.00,1,80.213,80.213,15,15
30,106,20.00,1,74.560,74.560,15,15
30,107,20.00,1,74.851,74.851,15,15
30,108,20.00,1,61.424,61.424,15,14
30,109,20.00,1,68.645,68.645,14,13
30,110,20.00,1,59.728,59.728,13,13
30,111,20.00,1,58.937,58.937,12,14
30,112,20.00,1,72.149,72.149,14,14
30,113,20.00,1,72.140,72.140,14,13
30,114,20.00,1,70.544,70.544,13,14
30,115,20.00,1,68.486,68.486,14,14
30,116,20.00,1,66.818,66.818,14,14
30,117,20.00,1,64.413,64.413,13,13
30,118,20.00,1,56.499,56.499,11,14
30,119,20.00,1,79.061,79.061,14,14
30,120,20.00,1,87.205,87.205,14,14
30,121,20.00,1,64.725,64.725,14,14
30,122,20.00,1,81.059,81.059,14,14
30,123,20.00,1,56.965,56.965,14,14
30,124,20.00,1,60.020,60.020,13,13
30,125,20.00,1,53.837,53.837,12,13
30,126,20.00,1,70.482,70.482,13,13
30,127,20.00,1,71.369,71.369,13,13
30,128,20.00,1,69.739,69.739,13,12
30,129,20.00,1,74.744,74.744,12,12
30,130,20.00,1,68.485,68.485,12,12
30,131,20.00,1,67.307,67.307,11,13
30,132,20.00,1,63.159,63.159,12,13
30,133,20.00,1,73.529,73.529,13,14
30,134,20.00,1,74.603,74.603,14,14
30,135,20.00,1,67.542,67.542,14,14
30,136,20.00,1,72.708,72.708,14,14
30,137,20.00,1,64.917,64.917,14,14
30,138,20.00,1,64.365,64.365,13,14
30,139,20.00,1,55.962,55.962,11,14
30,140,20.00,1,82.227,82.227,14,14
30,141,20.00,1,73.191,73.191,14,14
30,142,20.00,1,64.042,64.042,14,14
30,143,20.00,1,70.756,70.756,14,14
30,144,20.00,1,61.996,61.996,14,14
30,145,20.00,1,59.708,59.708,13,13
30,146,20.00,1,58.866,58.866,11,13
30,147,20.00,1,80.259,80.259,13,14
30,148,20.00,1,68.228,68.228,14,14
30,149,20.00,1,74.681,74.681,14,14
30,150,20.00,1,70.740,70.740,14,14
30,151,20.00,1,60.578,60.578,13,13
30,152,20.00,1,66.681,66.681,12,13
30,153,20.00,1,59.267,59.267,11,14
30,154,20.00,1,74.417,74.417,14,14
30,155,20.00,1,72.418,72.418,14,14
30,156,20.00,1,72.271,72.271,14,13
30,157,20.00,1,72.576,72.576,13,13
30,158,20.00,1,64.550,64.550,13,13
30,159,20.00,1,60.480,60.480,12,13
30,160,20.00,1,65.649,65.649,11,13
30,161,20.00,1,79.189,79.189,13,13
30,162,20.00,1,76.251,76.251,13,14
30,163,20.00,1,82.158,82.158,14,13
30,164,20.00,1,73.400,73.400,13,13
30,165,20.00,1,60.429,60.429,13,13
30,166,20.00,1,56.809,56.809,13,13
30,167,20.00,1,58.579,58.579,12,13
30,168,20.00,1,83.977,83.977,13,13
30,169,20.00,1,73.899,73.899,13,14
30,170,20.00,1,74.743,74.743,14,14
30,171,20.00,1,77.519,77.519,14,16
30,172,20.00,1,64.225,64.225,16,17
30,173,20.00,1,66.065,66.065,16,17
30,174,20.00,1,55.538,55.538,16,19
30,175,20.00,1,70.679,70.679,19,20
30,176,20.00,1,76.999,76.999,20,20
30,177,20.00,1,83.023,83.023,20,21
30,178,20.00,1,66.545,66.545,21,20
30,179,20.00,1,62.659,62.659,20,20
30,180,20.00,1,72.422,72.422,20,19
30,181,20.00,1,62.219,62.219,18,19
30,182,20.00,1,70.615,70.615,19,20
30,183,20.00,1,73.238,73.238,20,20
30,184,20.00,1,77.818,77.818,20,20
30,185,20.00,1,65.891,65.891,20,21
30,186,20.00,1,67.871,67.871,21,21
30,187,20.00,1,62.283,62.283,21,21
30,188,20.00,1,67.375,67.375,20,20
30,189,20.00,1,77.939,77.939,20,20
30,190,20.00,1,81.153,81.153,20,20
30,191,20.00,1,75.009,75.009,20,20
30,192,20.00,1,65.253,65.253,20,20
30,193,20.00,1,63.959,63.959,20,20
30,194,20.00,1,77.471,77.471,19,20
30,195,20.00,1,75.401,75.401,19,20
30,196,20.00,1,87.287,87.287,20,20
30,197,20.00,1,104.127,104.127,20,20
30,198,20.00,1,95.159,95.159,20,20
30,199,20.00,1,93.741,93.741,20,20
30,200,20.00,1,70.084,70.084,20,20
30,201,20.00,1,73.534,73.534,20,19
30,202,20.00,1,67.546,67.546,19,18
30,203,20.00,1,95.939,95.939,18,18
30,204,20.00,1,93.058,93.058,18,18
30,205,20.00,1,84.963,84.963,18,18
30,206,20.00,1,96.019,96.019,18,18
30,207,20.00,1,73.016,73.016,18,18
30,208,20.00,1,91.014,91.014,18,18
30,209,20.00,1,61.073,61.073,17,18
30,210,20.00,1,92.046,92.046,18,18
30,211,20.00,1,102.459,102.459,18,18
30,212,20.00,1,92.151,92.151,18,18
30,213,20.00,1,104.172,104.172,18,18
30,214,20.00,1,75.867,75.867,18,18
30,215,20.00,1,77.597,77.597,18,16
30,216,20.00,1,63.161,63.161,16,16
30,217,20.00,1,94.679,94.679,16,16
30,218,20.00,1,92.619,92.619,16,16
30,219,20.00,1,89.153,89.153,16,16
30,220,20.00,1,96.698,96.698,16,17
30,221,20.00,1,77.947,77.947,17,17
30,222,20.00,1,67.701,67.701,17,18
30,223,20.00,1,73.046,73.046,18,18
30,224,20.00,1,88.071,88.071,18,18
30,225,20.00,1,105.973,105.973,18,18
30,226,20.00,1,91.805,91.805,18,17
30,227,20.00,1,81.889,81.889,17,18
30,228,20.00,1,81.274,81.274,18,17
30,229,20.00,1,72.147,72.147,17,17
30,230,20.00,1,61.266,61.266,17,17
30,231,20.00,1,109.443,109.443,17,18
30,232,20.00,1,87.280,87.280,18,18
30,233,20.00,1,93.282,93.282,18,18
30,234,20.00,1,75.183,75.183,18,19
30,235,20.00,1,71.032,71.032,19,19
30,236,20.00,1,69.595,69.595,19,20
30,237,20.00,1,66.599,66.599,20,20
30,238,20.00,1,97.425,97.425,20,20
30,239,20.00,1,104.205,104.205,20,20
30,240,20.00,1,92.141,92.141,20,20
30,241,20.00,1,80.697,80.697,20,20
30,242,20.00,1,62.761,62.761,20,20
30,243,20.00,1,58.330,58.330,20,20
30,244,20.00,1,52.805,52.805,20,20
30,245,20.00,1,81.811,81.811,20,20
30,246,20.00,1,70.683,70.683,20,20
30,247,20.00,1,62.791,62.791,20,21
30,248,20.00,1,67.225,67.225,21,21
30,249,20.00,1,65.838,65.838,21,20
31,0,20.00,1,98.133,98.133,19,19
31,1,20.00,1,99.613,99.613,19,19
31,2,20.00,1,94.130,94.130,19,19
31,3,20.00,1,81.906,81.906,19,19
31,4,20.00,1,67.584,67.584,19,17
31,5,20.00,1,69.798,69.798,17,17
31,6,20.00,1,71.977,71.977,17,17
31,7,20.00,1,100.362,100.362,17,17
31,8,20.00,1,111.395,111.395,17,16
31,9,20.00,1,101.405,101.405,16,16
31,10,20.00,1,86.042,86.042,16,15
31,11,20.00,1,76.566,76.566,15,14
31,12,20.00,1,68.999,68.999,14,13
31,13,20.00,1,65.277,65.277,13,13
31,14,20.00,1,100.008,100.008,13,13
31,15,20.00,1,95.632,95.632,13,13
31,16,20.00,1,95.302,95.302,12,13
31,17,20.00,1,91.255,91.255,12,13
31,18,20.00,1,71.294,71.294,12,13
31,19,20.00,1,73.751,73.751,12,13
31,20,20.00,1,56.774,56.774,12,14
31,21,20.00,1,108.371,108.371,13,15
31,22,20.00,1,93.895,93.895,14,15
31,23,20.00,1,85.848,85.848,14,15
31,24,20.00,1,96.731,96.731,14,14
31,25,20.00,1,74.564,74.564,13,14
31,26,20.00,1,72.184,72.184,13,14
31,27,20.00,1,66.464,66.464,13,14
31,28,20.00,1,97.760,97.760,13,14
31,29,20.00,1,91.960,91.960,13,14
31,30,20.00,1,85.070,85.070,13,15
31,31,20.00,1,87.137,87.137,14,14
31,32,20.00,1,75.659,75.659,13,14
31,33,20.00,1,68.831,68.831,13,14
31,34,20.00,1,63.769,63.769,13,14
31,35,20.00,1,94.803,94.803,13,14
31,36,20.00,1,98.710,98.710,13,14
31,37,20.00,1,89.616,89.616,13,15
31,38,20.00,1,73.327,73.327,14,16
31,39,20.00,1,70.269,70.269,15,16
31,40,20.00,1,66.416,66.416,15,16
31,41,20.00,1,55.811,55.811,15,16
31,42,20.00,1,91.779,91.779,15,16
31,43,20.00,1,96.508,96.508,15,17
31,44,20.00,1,84.021,84.021,16,17
31,45,20.00,1,88.166,88.166,16,18
31,46,20.00,1,71.968,71.968,17,18
31,47,20.00,1,68.120,68.120,17,18
31,48,20.00,1,63.586,63.586,17,18
31,49,20.00,1,94.689,94.689,17,16
31,50,20.00,1,103.823,103.823,16,17
31,51,20.00,1,84.910,84.910,17,17
31,52,20.00,1,89.902,89.902,17,17
31,53,20.00,1,68.479,68.479,17,18
31,54,20.00,1,71.575,71.575,18,18
31,55,20.00,1,64.187,64.187,18,18
31,56,20.00,1,93.854,93.854,18,18
31,57,20.00,1,98.118,98.118,18,18
31,58,20.00,1,95.837,95.837,18,18
31,59,20.00,1,74.383,74.383,18,17
31,60,20.00,1,65.350,65.350,17,17
31,61,20.00,1,73.733,73.733,17,17
31,62,20.00,1,66.896,66.896,17,16
31,63,20.00,1,93.032,93.032,16,16
31,64,20.00,1,106.435,106.435,16,16
31,65,20.00,1,83.792,83.792,16,17
31,66,20.00,1,82.233,82.233,17,17
31,67,20.00,1,70.724,70.724,17,18
31,68,20.00,1,76.975,76.975,18,17
31,69,20.00,1,63.338,63.338,17,15
31,70,20.00,1,99.863,99.863,15,15
31,71,20.00,1,93.794,93.794,15,15
31,72,20.00,1,88.934,88.934,15,16
31,73,20.00,1,93.507,93.507,16,16
31,74,20.00,1,74.469,74.469,16,16
31,75,20.00,1,68.094,68.094,16,17
31,76,20.00,1,55.096,55.096,17,16
31,77,20.00,1,97.616,97.616,16,16
31,78,20.00,1,82.903,82.903,16,16
31,79,20.00,1,103.299,103.299,16,16
31,80,20.00,1,84.541,84.541,16,16
31,81,20.00,1,74.194,74.194,16,16
31,82,20.00,1,58.510,58.510,16,16
31,83,20.00,1,68.797,68.797,16,17
31,84,20.00,1,109.033,109.033,17,17
31,85,20.00,1,90.844,90.844,17,17
31,86,20.00,1,93.417,93.417,17,17
31,87,20.00,1,92.717,92.717,17,18
31,88,20.00,1,70.282,70.282,18,17
31,89,20.00,1,69.416,69.416,17,17
31,90,20.00,1,65.409,65.409,17,17
31,91,20.00,1,96.248,96.248,17,17
31,92,20.00,1,96.276,96.276,17,17
31,93,20.00,1,87.641,87.641,17,17
31,94,20.00,1,79.189,79.189,17,17
31,95,20.00,1,71.504,71.504,17,17
31,96,20.00,1,67.991,67.991,17,17
31,97,20.00,1,59.596,59.596,17,17
31,98,20.00,1,78.663,78.663,17,17
31,99,20.00,1,69.413,69.413,17,17
31,100,20.00,1,78.747,78.747,17,17
31,101,20.00,1,78.807,78.807,17,18
31,102,20.00,1,65.055,65.055,18,18
31,103,20.00,1,61.429,61.429,17,17
31,104,20.00,1,53.885,53.885,15,18
31,105,20.00,1,85.074,85.074,18,19
31,106,20.00,1,71.584,71.584,19,19
31,107,20.00,1,76.436,76.436,19,18
31,108,20.00,1,68.508,68.508,18,18
31,109,20.00,1,65.756,65.756,17,18
31,110,20.00,1,59.404,59.404,17,18
31,111,20.00,1,58.031,58.031,16,18
31,112,20.00,1,72.839,72.839,18,18
31,113,20.00,1,87.932,87.932,18,18
31,114,20.00,1,95.148,95.148,18,18
31,115,20.00,1,86.400,86.400,18,19
31,116,20.00,1,69.183,69.183,19,18
31,117,20.00,1,68.111,68.111,18,18
31,118,20.00,1,60.797,60.797,18,18
31,119,20.00,1,95.484,95.484,18,18
31,120,20.00,1,89.559,89.559,18,18
31,121,20.00,1,93.876,93.876,18,18
31,122,20.00,1,77.663,77.663,18,17
31,123,20.00,1,77.825,77.825,17,17
31,124,20.00,1,67.153,67.153,17,17
31,125,20.00,1,69.027,69.027,17,17
31,126,20.00,1,107.687,107.687,17,16
31,127,20.00,1,89.698,89.698,16,15
31,128,20.00,1,83.085,83.085,15,15
31,129,20.00,1,79.428,79.428,15,15
31,130,20.00,1,71.467,71.467,15,15
31,131,20.00,1,69.593,69.593,15,15
31,132,20.00,1,66.280,66.280,15,14
31,133,20.00,1,96.601,96.601,14,14
31,134,20.00,1,90.877,90.877,14,14
31,135,20.00,1,99.844,99.844,14,13
31,136,20.00,1,81.127,81.127,13,13
31,137,20.00,1,74.327,74.327,13,12
31,138,20.00,1,69.800,69.800,12,12
31,139,20.00,1,66.980,66.980,12,12
31,140,20.00,1,100.330,100.330,12,13
31,141,20.00,1,92.422,92.422,13,13
31,142,20.00,1,91.220,91.220,13,12
31,143,20.00,1,71.460,71.460,12,13
31,144,20.00,1,83.982,83.982,13,13
31,145,20.00,1,76.931,76.931,13,13
31,146,20.00,1,78.720,78.720,13,13
31,147,20.00,1,96.667,96.667,13,15
31,148,20.00,1,91.018,91.018,15,15
31,149,20.00,1,93.585,93.585,15,15
31,150,20.00,1,102.272,102.272,15,15
31,151,20.00,1,69.442,69.442,15,15
31,152,20.00,1,67.681,67.681,15,15
31,153,20.00,1,66.603,66.603,15,14
31,154,20.00,1,106.276,106.276,14,15
31,155,20.00,1,93.241,93.241,15,15
31,156,20.00,1,98.747,98.747,15,16
31,157,20.00,1,89.164,89.164,16,16
31,158,20.00,1,73.608,73.608,16,16
31,159,20.00,1,64.756,64.756,16,16
31,160,20.00,1,60.528,60.528,16,16
31,161,20.00,1,106.646,106.646,16,16
31,162,20.00,1,94.915,94.915,16,16
31,163,20.00,1,92.403,92.403,16,15
31,164,20.00,1,106.582,106.582,15,15
31,165,20.00,1,65.629,65.629,15,15
31,166,20.00,1,70.351,70.351,15,15
31,167,20.00,1,62.548,62.548,15,15
31,168,20.00,1,95.875,95.875,15,15
31,169,20.00,1,91.661,91.661,15,15
31,170,20.00,1,86.572,86.572,15,15
31,171,20.00,1,88.893,88.893,15,15
31,172,20.00,1,76.753,76.753,15,15
31,173,20.00,1,72.512,72.512,15,15
31,174,20.00,1,68.970,68.970,15,14
31,175,20.00,1,87.862,87.862,14,14
31,176,20.00,1,103.534,103.534,14,14
31,177,20.00,1,87.475,87.475,14,13
31,178,20.00,1,88.506,88.506,13,13
31,179,20.00,1,67.241,67.241,13,13
31,180,20.00,1,76.750,76.750,13,13
31,181,20.00,1,65.528,65.528,13,13
31,182,20.00,1,90.789,90.789,13,14
31,183,20.00,1,86.742,86.742,14,14
31,184,20.00,1,94.505,94.505,14,15
31,185,20.00,1,81.418,81.418,15,15
31,186,20.00,1,72.209,72.209,15,15
31,187,20.00,1,62.722,62.722,15,16
31,188,20.00,1,59.273,59.273,16,16
31,189,20.00,1,97.104,97.104,16,17
31,190,20.00,1,98.089,98.089,17,17
31,191,20.00,1,97.469,97.469,17,17
31,192,20.00,1,82.648,82.648,17,17
31,193,20.00,1,68.941,68.941,17,17
31,194,20.00,1,62.266,62.266,17,17
31,195,20.00,1,54.669,54.669,17,17
31,196,20.00,1,104.372,104.372,17,16
31,197,20.00,1,97.832,97.832,16,16
31,198,20.00,1,96.830,96.830,16,16
31,199,20.00,1,92.213,92.213,16,17
31,200,20.00,1,71.582,71.582,17,17
31,201,20.00,1,63.993,63.993,17,17
31,202,20.00,1,61.906,61.906,17,17
31,203,20.00,1,96.113,96.113,17,17
31,204,20.00,1,92.102,92.102,17,17
31,205,20.00,1,92.723,92.723,17,17
31,206,20.00,1,96.842,96.842,17,17
31,207,20.00,1,75.658,75.658,17,18
31,208,20.00,1,50.279,50.279,18,18
31,209,20.00,1,49.992,49.992,18,18
31,210,20.00,1,77.050,77.050,18,18
31,211,20.00,1,76.905,76.905,18,18
31,212,20.00,1,72.229,72.229,18,18
31,213,20.00,1,65.116,65.116,18,18
31,214,20.00,1,63.042,63.042,18,18
31,215,20.00,1,60.044,60.044,17,17
31,216,20.00,1,57.646,57.646,15,17
31,217,20.00,1,72.137,72.137,17,16
31,218,20.00,1,78.270,78.270,16,16
31,219,20.00,1,101.306,101.306,16,15
31,220,20.00,1,86.267,86.267,15,16
31,221,20.00,1,69.462,69.462,16,17
31,222,20.00,1,72.752,72.752,17,17
31,223,20.00,1,67.955,67.955,17,17
31,224,20.00,1,95.394,95.394,17,18
31,225,20.00,1,97.565,97.565,18,18
31,226,20.00,1,71.436,71.436,18,17
31,227,20.00,1,63.031,63.031,17,17
31,228,20.00,1,69.127,69.127,16,18
31,229,20.00,1,60.562,60.562,17,18
31,230,20.00,1,56.033,56.033,17,18
31,231,20.00,1,81.582,81.582,18,18
31,232,20.00,1,79.357,79.357,18,18
31,233,20.00,1,80.457,80.457,18,18
31,234,20.00,1,68.206,68.206,18,18
31,235,20.00,1,61.239,61.239,18,18
31,236,20.00,1,63.921,63.921,18,17
31,237,20.00,1,60.735,60.735,16,17
31,238,20.00,1,74.305,74.305,17,16
31,239,20.00,1,85.806,85.806,16,16
31,240,20.00,1,78.639,78.639,16,17
31,241,20.00,1,81.016,81.016,17,17
31,242,20.00,1,82.941,82.941,17,17
31,243,20.00,1,64.663,64.663,16,17
31,244,20.00,1,68.414,68.414,16,17
31,245,20.00,1,101.142,101.142,17,17
31,246,20.00,1,90.934,90.934,17,17
31,247,20.00,1,101.606,101.606,17,17
31,248,20.00,1,90.600,90.600,17,17
31,249,20.00,1,81.226,81.226,17,18
32,0,20.00,1,71.956,71.956,18,18
32,1,20.00,1,64.488,64.488,18,18
32,2,20.00,1,72.373,72.373,17,17
32,3,20.00,1,58.448,58.448,16,17
32,4,20.00,1,58.062,58.062,16,15
32,5,20.00,1,52.989,52.989,14,15
32,6,20.00,1,53.410,53.410,14,14
32,7,20.00,1,63.445,63.445,14,14
32,8,20.00,1,64.562,64.562,14,14
32,9,20.00,1,60.627,60.627,14,14
32,10,20.00,1,67.916,67.916,14,14
32,11,20.00,1,57.459,57.459,13,14
32,12,20.00,1,57.629,57.629,12,14
32,13,20.00,1,56.276,56.276,12,14
32,14,20.00,1,66.686,66.686,14,15
32,15,20.00,1,69.549,69.549,15,15
32,16,20.00,1,65.509,65.509,15,15
32,17,20.00,1,61.203,61.203,14,14
32,18,20.00,1,59.911,59.911,13,14
32,19,20.00,1,62.110,62.110,13,15
32,20,20.00,1,57.668,57.668,13,15
32,21,20.00,1,66.509,66.509,15,16
32,22,20.00,1,62.591,62.591,16,16
32,23,20.00,1,61.821,61.821,16,16
32,24,20.00,1,68.202,68.202,16,16
32,25,20.00,1,68.242,68.242,16,15
32,26,20.00,1,62.005,62.005,14,15
32,27,20.00,1,55.512,55.512,14,15
32,28,20.00,1,65.248,65.248,15,16
32,29,20.00,1,69.189,69.189,16,16
32,30,20.00,1,67.523,67.523,16,16
32,31,20.00,1,66.130,66.130,16,16
32,32,20.00,1,62.928,62.928,16,14
32,33,20.00,1,57.926,57.926,13,14
32,34,20.00,1,54.959,54.959,13,15
32,35,20.00,1,76.235,76.235,15,15
32,36,20.00,1,70.175,70.175,15,14
32,37,20.00,1,65.212,65.212,14,14
32,38,20.00,1,63.609,63.609,13,14
32,39,20.00,1,62.779,62.779,13,14
32,40,20.00,1,53.040,53.040,13,14
32,41,20.00,1,51.728,51.728,13,13
32,42,20.00,1,74.366,74.366,13,12
32,43,20.00,1,67.879,67.879,12,13
32,44,20.00,1,64.627,64.627,13,13
32,45,20.00,1,60.534,60.534,12,13
32,46,20.00,1,70.537,70.537,12,13
32,47,20.00,1,56.154,56.154,12,13
32,48,20.00,1,58.484,58.484,12,13
32,49,20.00,1,66.941,66.941,13,14
32,50,20.00,1,69.706,69.706,14,14
32,51,20.00,1,102.986,102.986,14,14
32,52,20.00,1,72.053,72.053,14,14
32,53,20.00,1,68.862,68.862,14,15
32,54,20.00,1,80.799,80.799,15,15
32,55,20.00,1,62.533,62.533,15,15
32,56,20.00,1,96.395,96.395,15,15
32,57,20.00,1,89.972,89.972,15,17
32,58,20.00,1,74.556,74.556,17,17
32,59,20.00,1,75.426,75.426,17,17
32,60,20.00,1,70.069,70.069,17,17
32,61,20.00,1,69.412,69.412,17,17
32,62,20.00,1,68.578,68.578,17,18
32,63,20.00,1,97.950,97.950,18,18
32,64,20.00,1,91.416,91.416,18,18
32,65,20.00,1,76.381,76.381,18,18
32,66,20.00,1,82.032,82.032,18,18
32,67,20.00,1,71.914,71.914,18,18
32,68,20.00,1,68.610,68.610,18,18
32,69,20.00,1,72.278,72.278,18,18
32,70,20.00,1,107.125,107.125,18,20
32,71,20.00,1,80.864,80.864,20,20
32,72,20.00,1,73.139,73.139,20,20
32,73,20.00,1,74.055,74.055,20,20
32,74,20.00,1,73.107,73.107,20,20
32,75,20.00,1,75.357,75.357,20,20
32,76,20.00,1,65.745,65.745,20,19
32,77,20.00,1,94.731,94.731,19,19
32,78,20.00,1,99.119,99.119,19,19
32,79,20.00,1,74.048,74.048,19,19
32,80,20.00,1,72.965,72.965,19,19
32,81,20.00,1,70.026,70.026,19,19
32,82,20.00,1,66.690,66.690,19,19
32,83,20.00,1,66.566,66.566,19,18
32,84,20.00,1,88.165,88.165,18,18
32,85,20.00,1,79.318,79.318,18,16
32,86,20.00,1,73.640,73.640,16,16
32,87,20.00,1,82.629,82.629,16,16
32,88,20.00,1,79.284,79.284,16,16
32,89,20.00,1,68.846,68.846,16,17
32,90,20.00,1,69.897,69.897,17,17
32,91,20.00,1,91.100,91.100,17,17
32,92,20.00,1,82.974,82.974,17,17
32,93,20.00,1,82.369,82.369,17,18
32,94,20.00,1,76.498,76.498,17,18
32,95,20.00,1,66.275,66.275,17,18
32,96,20.00,1,64.874,64.874,17,18
32,97,20.00,1,68.433,68.433,17,18
32,98,20.00,1,97.145,97.145,18,17
32,99,20.00,1,84.339,84.339,17,18
32,100,20.00,1,73.747,73.747,18,17
32,101,20.00,1,69.955,69.955,17,16
32,102,20.00,1,72.635,72.635,16,16
32,103,20.00,1,69.133,69.133,16,16
32,104,20.00,1,66.786,66.786,16,16
32,105,20.00,1,98.761,98.761,16,16
32,106,20.00,1,85.742,85.742,16,16
32,107,20.00,1,74.834,74.834,16,16
32,108,20.00,1,73.655,73.655,16,17
32,109,20.00,1,67.641,67.641,17,17
32,110,20.00,1,63.323,63.323,17,17
32,111,20.00,1,72.639,72.639,17,16
32,112,20.00,1,89.718,89.718,16,17
32,113,20.00,1,104.387,104.387,17,17
32,114,20.00,1,75.274,75.274,17,17
32,115,20.00,1,76.139,76.139,17,16
32,116,20.00,1,69.867,69.867,16,16
32,117,20.00,1,79.116,79.116,16,16
32,118,20.00,1,69.865,69.865,15,16
32,119,20.00,1,91.701,91.701,16,16
32,120,20.00,1,83.887,83.887,16,16
32,121,20.00,1,75.297,75.297,16,16
32,122,20.00,1,81.192,81.192,16,15
32,123,20.00,1,72.466,72.466,15,15
32,124,20.00,1,87.593,87.593,15,15
32,125,20.00,1,64.235,64.235,14,15
32,126,20.00,1,91.752,91.752,15,15
32,127,20.00,1,74.851,74.851,15,14
32,128,20.00,1,95.376,95.376,14,14
32,129,20.00,1,78.034,78.034,14,14
32,130,20.00,1,65.765,65.765,14,14
32,131,20.00,1,68.141,68.141,14,16
32,132,20.00,1,62.304,62.304,16,16
32,133,20.00,1,103.161,103.161,16,15
32,134,20.00,1,85.220,85.220,15,15
32,135,20.00,1,75.964,75.964,15,15
32,136,20.00,1,68.733,68.733,15,15
32,137,20.00,1,68.220,68.220,15,17
32,138,20.00,1,66.376,66.376,17,17
32,139,20.00,1,69.374,69.374,17,17
32,140,20.00,1,91.566,91.566,17,17
32,141,20.00,1,84.210,84.210,17,17
32,142,20.00,1,75.706,75.706,17,17
32,143,20.00,1,71.259,71.259,17,17
32,144,20.00,1,79.428,79.428,17,17
32,145,20.00,1,72.418,72.418,17,16
32,146,20.00,1,68.362,68.362,16,16
32,147,20.00,1,91.582,91.582,16,17
32,148,20.00,1,88.800,88.800,17,18
32,149,20.00,1,74.418,74.418,18,18
32,150,20.00,1,73.157,73.157,18,18
32,151,20.00,1,81.070,81.070,18,18
32,152,20.00,1,76.910,76.910,18,19
32,153,20.00,1,73.278,73.278,19,19
32,154,20.00,1,88.765,88.765,19,18
32,155,20.00,1,88.258,88.258,18,18
32,156,20.00,1,79.106,79.106,18,18
32,157,20.00,1,77.882,77.882,18,18
32,158,20.00,1,75.572,75.572,18,18
32,159,20.00,1,71.124,71.124,18,18
32,160,20.00,1,63.388,63.388,18,18
32,161,20.00,1,88.808,88.808,18,18
32,162,20.00,1,75.743,75.743,18,19
32,163,20.00,1,90.868,90.868,19,19
32,164,20.00,1,71.404,71.404,19,19
32,165,20.00,1,81.374,81.374,19,19
32,166,20.00,1,67.518,67.518,19,20
32,167,20.00,1,61.609,61.609,20,20
32,168,20.00,1,87.909,87.909,20,20
32,169,20.00,1,84.961,84.961,20,21
32,170,20.00,1,72.848,72.848,21,22
32,171,20.00,1,74.348,74.348,22,22
32,172,20.00,1,69.545,69.545,22,22
32,173,20.00,1,66.765,66.765,22,22
32,174,20.00,1,67.573,67.573,22,21
32,175,20.00,1,85.581,85.581,21,21
32,176,20.00,1,83.157,83.157,21,21
32,177,20.00,1,77.228,77.228,21,21
32,178,20.00,1,75.568,75.568,21,21
32,179,20.00,1,74.804,74.804,21,21
32,180,20.00,1,75.258,75.258,20,21
32,181,20.00,1,71.411,71.411,20,21
32,182,20.00,1,94.635,94.635,21,21
32,183,20.00,1,83.372,83.372,21,21
32,184,20.00,1,79.775,79.775,21,21
32,185,20.00,1,74.218,74.218,20,21
32,186,20.00,1,78.331,78.331,20,21
32,187,20.00,1,72.364,72.364,20,20
32,188,20.00,1,66.199,66.199,19,20
32,189,20.00,1,94.947,94.947,20,21
32,190,20.00,1,77.063,77.063,21,20
32,191,20.00,1,80.022,80.022,20,20
32,192,20.00,1,77.674,77.674,20,19
32,193,20.00,1,76.153,76.153,19,19
32,194,20.00,1,70.133,70.133,19,19
32,195,20.00,1,68.584,68.584,19,18
32,196,20.00,1,91.830,91.830,18,17
32,197,20.00,1,86.474,86.474,17,17
32,198,20.00,1,71.986,71.986,17,17
32,199,20.00,1,72.736,72.736,17,18
32,200,20.00,1,74.469,74.469,18,18
32,201,20.00,1,72.415,72.415,18,18
32,202,20.00,1,67.534,67.534,18,16
32,203,20.00,1,95.489,95.489,16,16
32,204,20.00,1,82.025,82.025,16,17
32,205,20.00,1,76.258,76.258,17,17
32,206,20.00,1,55.187,55.187,15,17
32,207,20.00,1,57.985,57.985,17,17
32,208,20.00,1,64.106,64.106,17,17
32,209,20.00,1,52.425,52.425,17,16
32,210,20.00,1,74.665,74.665,15,16
32,211,20.00,1,69.081,69.081,16,16
32,212,20.00,1,61.779,61.779,15,17
32,213,20.00,1,58.397,58.397,16,17
32,214,20.00,1,61.015,61.015,16,17
32,215,20.00,1,64.174,64.174,16,17
32,216,20.00,1,58.363,58.363,15,17
32,217,20.00,1,62.287,62.287,17,18
32,218,20.00,1,75.122,75.122,17,18
32,219,20.00,1,61.459,61.459,17,18
32,220,20.00,1,61.322,61.322,18,18
32,221,20.00,1,62.954,62.954,15,18
32,222,20.00,1,59.734,59.734,17,18
32,223,20.00,1,56.412,56.412,15,18
32,224,20.00,1,74.756,74.756,18,18
32,225,20.00,1,61.688,61.688,17,18
32,226,20.00,1,61.295,61.295,17,18
32,227,20.00,1,60.726,60.726,17,18
32,228,20.00,1,58.680,58.680,15,18
32,229,20.00,1,65.180,65.180,16,17
32,230,20.00,1,58.143,58.143,15,16
32,231,20.00,1,69.619,69.619,15,16
32,232,20.00,1,66.826,66.826,16,17
32,233,20.00,1,79.595,79.595,16,16
32,234,20.00,1,81.311,81.311,15,16
32,235,20.00,1,73.524,73.524,15,15
32,236,20.00,1,71.895,71.895,14,15
32,237,20.00,1,73.577,73.577,14,14
32,238,20.00,1,96.988,96.988,14,14
32,239,20.00,1,84.357,84.357,14,13
32,240,20.00,1,71.888,71.888,13,13
32,241,20.00,1,82.596,82.596,13,14
32,242,20.00,1,78.071,78.071,14,14
32,243,20.00,1,69.463,69.463,14,13
32,244,20.00,1,70.715,70.715,13,14
32,245,20.00,1,111.372,111.372,14,14
32,246,20.00,1,78.116,78.116,14,13
32,247,20.00,1,74.369,74.369,13,13
32,248,20.00,1,77.392,77.392,13,13
32,249,20.00,1,68.253,68.253,13,14
33,0,20.00,1,86.670,86.670,21,21
33,1,20.00,1,71.151,71.151,21,20
33,2,20.00,1,64.881,64.881,20,19
33,3,20.00,1,69.340,69.340,19,18
33,4,20.00,1,70.685,70.685,18,19
33,5,20.00,1,65.741,65.741,19,19
33,6,20.00,1,63.505,63.505,19,20
33,7,20.00,1,79.773,79.773,20,21
33,8,20.00,1,79.306,79.306,21,20
33,9,20.00,1,69.144,69.144,20,21
33,10,20.00,1,68.229,68.229,21,21
33,11,20.00,1,67.109,67.109,20,22
33,12,20.00,1,65.962,65.962,21,22
33,13,20.00,1,64.743,64.743,21,22
33,14,20.00,1,73.736,73.736,22,23
33,15,20.00,1,72.310,72.310,23,23
33,16,20.00,1,73.454,73.454,23,23
33,17,20.00,1,73.336,73.336,22,23
33,18,20.00,1,73.434,73.434,22,23
33,19,20.00,1,69.213,69.213,21,22
33,20,20.00,1,60.747,60.747,21,22
33,21,20.00,1,83.538,83.538,22,22
33,22,20.00,1,74.771,74.771,22,21
33,23,20.00,1,63.997,63.997,21,22
33,24,20.00,1,65.978,65.978,21,22
33,25,20.00,1,67.544,67.544,21,22
33,26,20.00,1,67.440,67.440,21,22
33,27,20.00,1,63.167,63.167,21,22
33,28,20.00,1,77.908,77.908,22,22
33,29,20.00,1,79.331,79.331,22,22
33,30,20.00,1,70.823,70.823,21,22
33,31,20.00,1,78.895,78.895,22,22
33,32,20.00,1,72.534,72.534,22,22
33,33,20.00,1,69.626,69.626,21,22
33,34,20.00,1,71.617,71.617,21,22
33,35,20.00,1,75.644,75.644,22,22
33,36,20.00,1,72.184,72.184,22,22
33,37,20.00,1,71.890,71.890,22,22
33,38,20.00,1,74.835,74.835,21,22
33,39,20.00,1,74.650,74.650,21,22
33,40,20.00,1,64.238,64.238,21,22
33,41,20.00,1,60.828,60.828,21,21
33,42,20.00,1,99.044,99.044,21,19
33,43,20.00,1,69.393,69.393,18,20
33,44,20.00,1,76.672,76.672,20,20
33,45,20.00,1,70.619,70.619,20,20
33,46,20.00,1,60.661,60.661,20,20
33,47,20.00,1,65.398,65.398,20,19
33,48,20.00,1,61.944,61.944,19,20
33,49,20.00,1,79.758,79.758,20,20
33,50,20.00,1,67.776,67.776,20,20
33,51,20.00,1,72.903,72.903,19,19
33,52,20.00,1,71.821,71.821,18,19
33,53,20.00,1,62.146,62.146,18,19
33,54,20.00,1,66.120,66.120,18,19
33,55,20.00,1,70.310,70.310,18,19
33,56,20.00,1,71.747,71.747,19,18
33,57,20.00,1,75.788,75.788,18,18
33,58,20.00,1,76.507,76.507,17,17
33,59,20.00,1,71.464,71.464,16,16
33,60,20.00,1,66.990,66.990,15,16
33,61,20.00,1,68.252,68.252,15,16
33,62,20.00,1,60.098,60.098,15,16
33,63,20.00,1,77.924,77.924,16,16
33,64,20.00,1,88.765,88.765,16,15
33,65,20.00,1,69.610,69.610,15,15
33,66,20.00,1,67.100,67.100,14,15
33,67,20.00,1,64.732,64.732,14,14
33,68,20.00,1,70.854,70.854,13,13
33,69,20.00,1,61.837,61.837,12,13
33,70,20.00,1,72.677,72.677,13,13
33,71,20.00,1,66.421,66.421,13,13
33,72,20.00,1,71.250,71.250,13,13
33,73,20.00,1,68.306,68.306,12,13
33,74,20.00,1,64.607,64.607,12,13
33,75,20.00,1,66.422,66.422,12,14
33,76,20.00,1,67.368,67.368,13,13
33,77,20.00,1,78.069,78.069,13,14
33,78,20.00,1,86.541,86.541,14,14
33,79,20.00,1,68.594,68.594,14,15
33,80,20.00,1,68.274,68.274,15,15
33,81,20.00,1,66.289,66.289,15,15
33,82,20.00,1,63.172,63.172,15,16
33,83,20.00,1,67.080,67.080,16,15
33,84,20.00,1,78.402,78.402,15,15
33,85,20.00,1,73.342,73.342,15,16
33,86,20.00,1,72.982,72.982,16,17
33,87,20.00,1,73.999,73.999,17,17
33,88,20.00,1,70.723,70.723,17,17
33,89,20.00,1,69.132,69.132,17,18
33,90,20.00,1,60.572,60.572,17,18
33,91,20.00,1,92.859,92.859,18,18
33,92,20.00,1,70.124,70.124,18,18
33,93,20.00,1,65.279,65.279,18,18
33,94,20.00,1,69.832,69.832,18,17
33,95,20.00,1,77.297,77.297,17,17
33,96,20.00,1,61.108,61.108,17,17
33,97,20.00,1,70.186,70.186,16,17
33,98,20.00,1,77.230,77.230,17,18
33,99,20.00,1,71.045,71.045,18,18
33,100,20.00,1,70.277,70.277,18,19
33,101,20.00,1,80.775,80.775,18,19
33,102,20.00,1,65.738,65.738,18,19
33,103,20.00,1,69.489,69.489,18,19
33,104,20.00,1,60.649,60.649,17,19
33,105,20.00,1,80.176,80.176,19,19
33,106,20.00,1,78.888,78.888,19,19
33,107,20.00,1,67.358,67.358,19,19
33,108,20.00,1,71.727,71.727,18,18
33,109,20.00,1,77.985,77.985,17,18
33,110,20.00,1,68.899,68.899,17,17
33,111,20.00,1,62.996,62.996,16,18
33,112,20.00,1,78.083,78.083,18,19
33,113,20.00,1,72.061,72.061,19,19
33,114,20.00,1,76.809,76.809,19,18
33,115,20.00,1,71.169,71.169,18,18
33,116,20.00,1,72.468,72.468,18,18
33,117,20.00,1,73.961,73.961,18,18
33,118,20.00,1,69.451,69.451,18,18
33,119,20.00,1,87.317,87.317,18,18
33,120,20.00,1,72.558,72.558,18,18
33,121,20.00,1,72.437,72.437,18,18
33,122,20.00,1,80.862,80.862,17,18
33,123,20.00,1,68.094,68.094,18,18
33,124,20.00,1,93.212,93.212,18,18
33,125,20.00,1,69.231,69.231,18,18
33,126,20.00,1,101.150,101.150,18,18
33,127,20.00,1,88.563,88.563,18,18
33,128,20.00,1,86.071,86.071,18,18
33,129,20.00,1,87.962,87.962,18,18
33,130,20.00,1,90.262,90.262,18,18
33,131,20.00,1,70.507,70.507,18,18
33,132,20.00,1,72.113,72.113,18,18
33,133,20.00,1,109.689,109.689,18,17
33,134,20.00,1,99.267,99.267,17,17
33,135,20.00,1,85.528,85.528,17,17
33,136,20.00,1,87.063,87.063,17,17
33,137,20.00,1,82.651,82.651,17,17
33,138,20.00,1,86.732,86.732,17,18
33,139,20.00,1,71.313,71.313,18,19
33,140,20.00,1,103.867,103.867,19,20
33,141,20.00,1,94.670,94.670,20,20
33,142,20.00,1,91.332,91.332,20,20
33,143,20.00,1,94.708,94.708,20,21
33,144,20.00,1,103.679,103.679,21,21
33,145,20.00,1,93.578,93.578,20,21
33,146,20.00,1,64.530,64.530,20,21
33,147,20.00,1,102.493,102.493,21,21
33,148,20.00,1,87.660,87.660,21,21
33,149,20.00,1,96.522,96.522,21,21
33,150,20.00,1,85.003,85.003,21,21
33,151,20.00,1,85.660,85.660,21,20
33,152,20.00,1,68.617,68.617,20,20
33,153,20.00,1,65.835,65.835,20,20
33,154,20.00,1,99.991,99.991,20,19
33,155,20.00,1,95.683,95.683,19,19
33,156,20.00,1,88.895,88.895,19,19
33,157,20.00,1,99.771,99.771,19,18
33,158,20.00,1,90.785,90.785,18,18
33,159,20.00,1,81.702,81.702,18,19
33,160,20.00,1,68.899,68.899,19,19
33,161,20.00,1,99.010,99.010,19,20
33,162,20.00,1,85.602,85.602,20,20
33,163,20.00,1,89.156,89.156,20,21
33,164,20.00,1,84.170,84.170,21,21
33,165,20.00,1,79.876,79.876,21,22
33,166,20.00,1,77.623,77.623,22,22
33,167,20.00,1,77.051,77.051,22,20
33,168,20.00,1,93.957,93.957,20,20
33,169,20.00,1,83.385,83.385,20,20
33,170,20.00,1,89.819,89.819,20,19
33,171,20.00,1,94.310,94.310,19,19
33,172,20.00,1,82.188,82.188,19,20
33,173,20.00,1,84.615,84.615,20,19
33,174,20.00,1,79.217,79.217,19,19
33,175,20.00,1,106.145,106.145,19,19
33,176,20.00,1,87.661,87.661,19,19
33,177,20.00,1,87.242,87.242,19,19
33,178,20.00,1,82.240,82.240,19,19
33,179,20.00,1,87.064,87.064,19,19
33,180,20.00,1,81.483,81.483,19,20
33,181,20.00,1,74.717,74.717,20,20
33,182,20.00,1,101.050,101.050,20,21
33,183,20.00,1,90.119,90.119,21,21
33,184,20.00,1,82.994,82.994,21,20
33,185,20.00,1,84.152,84.152,20,20
33,186,20.00,1,80.530,80.530,20,20
33,187,20.00,1,85.955,85.955,20,20
33,188,20.00,1,84.735,84.735,20,22
33,189,20.00,1,105.625,105.625,22,22
33,190,20.00,1,82.118,82.118,22,21
33,191,20.00,1,83.481,83.481,21,21
33,192,20.00,1,80.079,80.079,21,21
33,193,20.00,1,88.337,88.337,21,21
33,194,20.00,1,80.920,80.920,21,20
33,195,20.00,1,88.450,88.450,20,20
33,196,20.00,1,96.626,96.626,20,21
33,197,20.00,1,70.236,70.236,21,21
33,198,20.00,1,67.664,67.664,21,20
33,199,20.00,1,77.034,77.034,20,20
33,200,20.00,1,67.337,67.337,20,21
33,201,20.00,1,61.998,61.998,21,21
33,202,20.00,1,67.342,67.342,21,21
33,203,20.00,1,74.482,74.482,21,22
33,204,20.00,1,73.052,73.052,22,22
33,205,20.00,1,67.527,67.527,21,21
33,206,20.00,1,75.059,75.059,19,21
33,207,20.00,1,66.731,66.731,20,21
33,208,20.00,1,61.884,61.884,20,21
33,209,20.00,1,63.397,63.397,20,21
33,210,20.00,1,78.230,78.230,21,22
33,211,20.00,1,74.700,74.700,22,22
33,212,20.00,1,77.059,77.059,22,21
33,213,20.00,1,73.566,73.566,21,20
33,214,20.00,1,69.304,69.304,19,20
33,215,20.00,1,70.331,70.331,19,20
33,216,20.00,1,63.700,63.700,19,20
33,217,20.00,1,74.687,74.687,20,19
33,218,20.00,1,76.404,76.404,19,18
33,219,20.00,1,71.130,71.130,18,18
33,220,20.00,1,79.646,79.646,17,18
33,221,20.00,1,68.468,68.468,17,18
33,222,20.00,1,72.824,72.824,17,18
33,223,20.00,1,63.137,63.137,17,18
33,224,20.00,1,75.916,75.916,18,19
33,225,20.00,1,84.696,84.696,19,18
33,226,20.00,1,68.170,68.170,18,18
33,227,20.00,1,75.168,75.168,18,17
33,228,20.00,1,62.839,62.839,17,18
33,229,20.00,1,64.783,64.783,17,18
33,230,20.00,1,66.982,66.982,17,19
33,231,20.00,1,69.875,69.875,19,19
33,232,20.00,1,77.659,77.659,18,19
33,233,20.00,1,71.156,71.156,18,19
33,234,20.00,1,69.462,69.462,18,20
33,235,20.00,1,68.580,68.580,19,19
33,236,20.00,1,59.915,59.915,18,19
33,237,20.00,1,65.854,65.854,18,19
33,238,20.00,1,69.545,69.545,19,18
33,239,20.00,1,79.760,79.760,18,17
33,240,20.00,1,77.990,77.990,17,17
33,241,20.00,1,72.749,72.749,16,18
33,242,20.00,1,67.108,67.108,17,18
33,243,20.00,1,67.468,67.468,17,18
33,244,20.00,1,63.852,63.852,17,17
33,245,20.00,1,70.909,70.909,17,17
33,246,20.00,1,69.802,69.802,17,16
33,247,20.00,1,63.550,63.550,15,16
33,248,20.00,1,72.478,72.478,15,16
33,249,20.00,1,61.841,61.841,15,14
34,0,20.00,1,81.882,81.882,19,20
34,1,20.00,1,82.501,82.501,20,20
34,2,20.00,1,74.751,74.751,20,21
34,3,20.00,1,78.632,78.632,20,19
34,4,20.00,1,63.072,63.072,17,18
34,5,20.00,1,88.441,88.441,16,19
34,6,20.00,1,69.675,69.675,17,19
34,7,20.00,1,100.023,100.023,19,19
34,8,20.00,1,111.217,111.217,19,19
34,9,20.00,1,83.383,83.383,19,19
34,10,20.00,1,70.314,70.314,19,18
34,11,20.00,1,76.826,76.826,18,19
34,12,20.00,1,89.438,89.438,19,19
34,13,20.00,1,86.177,86.177,18,19
34,14,20.00,1,119.531,119.531,19,20
34,15,20.00,1,107.009,107.009,20,20
34,16,20.00,1,84.154,84.154,20,20
34,17,20.00,1,81.385,81.385,20,19
34,18,20.00,1,92.851,92.851,19,19
34,19,20.00,1,69.611,69.611,19,20
34,20,20.00,1,67.307,67.307,20,20
34,21,20.00,1,119.915,119.915,20,19
34,22,20.00,1,101.719,101.719,19,20
34,23,20.00,1,78.795,78.795,20,20
34,24,20.00,1,78.185,78.185,20,20
34,25,20.00,1,76.003,76.003,20,20
34,26,20.00,1,83.039,83.039,20,20
34,27,20.00,1,78.704,78.704,20,20
34,28,20.00,1,122.819,122.819,20,20
34,29,20.00,1,112.412,112.412,20,20
34,30,20.00,1,82.782,82.782,20,20
34,31,20.00,1,85.672,85.672,20,20
34,32,20.00,1,86.115,86.115,20,18
34,33,20.00,1,64.132,64.132,18,18
34,34,20.00,1,66.828,66.828,18,17
34,35,20.00,1,119.333,119.333,17,17
34,36,20.00,1,110.296,110.296,17,17
34,37,20.00,1,77.493,77.493,17,18
34,38,20.00,1,80.028,80.028,18,18
34,39,20.00,1,83.455,83.455,18,19
34,40,20.00,1,62.940,62.940,19,19
34,41,20.00,1,75.837,75.837,19,19
34,42,20.00,1,119.063,119.063,19,19
34,43,20.00,1,116.319,116.319,19,18
34,44,20.00,1,88.187,88.187,18,18
34,45,20.00,1,95.383,95.383,18,17
34,46,20.00,1,68.806,68.806,16,17
34,47,20.00,1,73.412,73.412,16,17
34,48,20.00,1,67.170,67.170,16,17
34,49,20.00,1,141.610,141.610,17,17
34,50,20.00,1,103.677,103.677,16,17
34,51,20.00,1,77.684,77.684,16,17
34,52,20.00,1,73.563,73.563,16,17
34,53,20.00,1,79.288,79.288,16,18
34,54,20.00,1,88.807,88.807,17,16
34,55,20.00,1,62.608,62.608,15,17
34,56,20.00,1,108.010,108.010,17,17
34,57,20.00,1,103.765,103.765,17,17
34,58,20.00,1,79.491,79.491,17,17
34,59,20.00,1,74.089,74.089,17,16
34,60,20.00,1,80.640,80.640,16,17
34,61,20.00,1,80.191,80.191,17,17
34,62,20.00,1,64.869,64.869,17,16
34,63,20.00,1,111.517,111.517,16,16
34,64,20.00,1,123.750,123.750,16,16
34,65,20.00,1,80.734,80.734,16,17
34,66,20.00,1,77.127,77.127,17,17
34,67,20.00,1,85.333,85.333,17,17
34,68,20.00,1,62.635,62.635,17,17
34,69,20.00,1,65.835,65.835,17,17
34,70,20.00,1,114.310,114.310,17,18
34,71,20.00,1,98.067,98.067,18,18
34,72,20.00,1,74.294,74.294,18,18
34,73,20.00,1,84.984,84.984,18,17
34,74,20.00,1,77.503,77.503,17,17
34,75,20.00,1,78.079,78.079,17,17
34,76,20.00,1,68.017,68.017,17,17
34,77,20.00,1,108.574,108.574,17,18
34,78,20.00,1,112.291,112.291,18,17
34,79,20.00,1,81.766,81.766,17,18
34,80,20.00,1,75.667,75.667,18,18
34,81,20.00,1,84.437,84.437,18,18
34,82,20.00,1,78.226,78.226,18,18
34,83,20.00,1,63.500,63.500,18,18
34,84,20.00,1,101.319,101.319,18,18
34,85,20.00,1,94.677,94.677,18,18
34,86,20.00,1,91.302,91.302,18,18
34,87,20.00,1,82.249,82.249,18,18
34,88,20.00,1,72.796,72.796,18,19
34,89,20.00,1,69.678,69.678,19,19
34,90,20.00,1,62.575,62.575,19,18
34,91,20.00,1,108.581,108.581,18,19
34,92,20.00,1,78.877,78.877,19,19
34,93,20.00,1,78.374,78.374,19,19
34,94,20.00,1,63.526,63.526,18,19
34,95,20.00,1,62.870,62.870,18,19
34,96,20.00,1,64.067,64.067,18,19
34,97,20.00,1,63.222,63.222,18,19
34,98,20.00,1,91.895,91.895,19,19
34,99,20.00,1,93.280,93.280,19,18
34,100,20.00,1,68.619,68.619,18,17
34,101,20.00,1,68.332,68.332,16,17
34,102,20.00,1,63.971,63.971,16,19
34,103,20.00,1,62.229,62.229,17,18
34,104,20.00,1,59.927,59.927,16,18
34,105,20.00,1,85.766,85.766,18,17
34,106,20.00,1,82.598,82.598,17,17
34,107,20.00,1,74.060,74.060,17,18
34,108,20.00,1,71.485,71.485,17,18
34,109,20.00,1,60.036,60.036,16,18
34,110,20.00,1,57.005,57.005,16,17
34,111,20.00,1,65.887,65.887,15,17
34,112,20.00,1,81.336,81.336,17,17
34,113,20.00,1,78.599,78.599,17,17
34,114,20.00,1,75.973,75.973,17,18
34,115,20.00,1,75.916,75.916,17,18
34,116,20.00,1,64.654,64.654,16,17
34,117,20.00,1,59.434,59.434,15,17
34,118,20.00,1,64.284,64.284,15,17
34,119,20.00,1,87.697,87.697,17,17
34,120,20.00,1,82.000,82.000,17,17
34,121,20.00,1,78.514,78.514,17,17
34,122,20.00,1,69.555,69.555,16,17
34,123,20.00,1,60.845,60.845,15,17
34,124,20.00,1,57.412,57.412,15,17
34,125,20.00,1,56.494,56.494,15,17
34,126,20.00,1,105.547,105.547,17,17
34,127,20.00,1,69.888,69.888,17,18
34,128,20.00,1,80.771,80.771,18,18
34,129,20.00,1,59.922,59.922,17,18
34,130,20.00,1,66.754,66.754,17,19
34,131,20.00,1,66.187,66.187,18,19
34,132,20.00,1,57.014,57.014,18,18
34,133,20.00,1,89.733,89.733,18,18
34,134,20.00,1,82.459,82.459,18,17
34,135,20.00,1,71.394,71.394,17,18
34,136,20.00,1,67.519,67.519,17,18
34,137,20.00,1,60.709,60.709,16,18
34,138,20.00,1,60.666,60.666,16,18
34,139,20.00,1,58.073,58.073,16,18
34,140,20.00,1,94.042,94.042,18,18
34,141,20.00,1,84.516,84.516,18,18
34,142,20.00,1,68.398,68.398,18,17
34,143,20.00,1,64.983,64.983,16,18
34,144,20.00,1,77.801,77.801,17,18
34,145,20.00,1,80.308,80.308,17,18
34,146,20.00,1,68.352,68.352,16,18
34,147,20.00,1,104.901,104.901,18,18
34,148,20.00,1,98.990,98.990,18,19
34,149,20.00,1,87.008,87.008,19,19
34,150,20.00,1,75.788,75.788,19,19
34,151,20.00,1,74.352,74.352,19,19
34,152,20.00,1,73.932,73.932,19,19
34,153,20.00,1,66.747,66.747,19,20
34,154,20.00,1,106.673,106.673,20,20
34,155,20.00,1,92.439,92.439,20,20
34,156,20.00,1,80.452,80.452,20,20
34,157,20.00,1,81.793,81.793,20,19
34,158,20.00,1,75.317,75.317,19,18
34,159,20.00,1,68.075,68.075,18,19
34,160,20.00,1,72.400,72.400,18,19
34,161,20.00,1,109.858,109.858,19,19
34,162,20.00,1,111.210,111.210,19,18
34,163,20.00,1,77.223,77.223,18,18
34,164,20.00,1,91.256,91.256,18,18
34,165,20.00,1,73.497,73.497,18,17
34,166,20.00,1,85.175,85.175,16,17
34,167,20.00,1,71.018,71.018,16,17
34,168,20.00,1,137.889,137.889,17,16
34,169,20.00,1,119.859,119.859,15,16
34,170,20.00,1,84.084,84.084,15,16
34,171,20.00,1,74.026,74.026,15,16
34,172,20.00,1,79.905,79.905,15,16
34,173,20.00,1,73.655,73.655,15,16
34,174,20.00,1,72.292,72.292,15,16
34,175,20.00,1,120.677,120.677,16,17
34,176,20.00,1,108.501,108.501,17,16
34,177,20.00,1,92.320,92.320,16,15
34,178,20.00,1,79.622,79.622,15,15
34,179,20.00,1,80.993,80.993,15,17
34,180,20.00,1,69.783,69.783,17,17
34,181,20.00,1,62.913,62.913,17,17
34,182,20.00,1,117.528,117.528,17,17
34,183,20.00,1,103.024,103.024,17,17
34,184,20.00,1,95.189,95.189,17,17
34,185,20.00,1,80.820,80.820,16,17
34,186,20.00,1,80.928,80.928,16,17
34,187,20.00,1,67.211,67.211,16,17
34,188,20.00,1,75.507,75.507,16,17
34,189,20.00,1,116.841,116.841,17,17
34,190,20.00,1,110.185,110.185,17,18
34,191,20.00,1,89.089,89.089,18,17
34,192,20.00,1,84.361,84.361,16,17
34,193,20.00,1,75.352,75.352,16,18
34,194,20.00,1,63.812,63.812,17,18
34,195,20.00,1,67.796,67.796,17,18
34,196,20.00,1,111.430,111.430,18,17
34,197,20.00,1,112.439,112.439,17,18
34,198,20.00,1,82.679,82.679,18,20
34,199,20.00,1,83.460,83.460,20,19
34,200,20.00,1,73.898,73.898,19,19
34,201,20.00,1,69.227,69.227,19,19
34,202,20.00,1,73.937,73.937,19,19
34,203,20.00,1,122.139,122.139,19,21
34,204,20.00,1,103.859,103.859,21,21
34,205,20.00,1,82.477,82.477,21,21
34,206,20.00,1,77.698,77.698,21,21
34,207,20.00,1,73.683,73.683,21,21
34,208,20.00,1,77.622,77.622,21,22
34,209,20.00,1,71.035,71.035,22,22
34,210,20.00,1,105.206,105.206,22,22
34,211,20.00,1,102.825,102.825,22,22
34,212,20.00,1,96.099,96.099,22,22
34,213,20.00,1,87.375,87.375,21,22
34,214,20.00,1,83.118,83.118,21,22
34,215,20.00,1,68.238,68.238,21,22
34,216,20.00,1,64.855,64.855,21,22
34,217,20.00,1,100.701,100.701,22,22
34,218,20.00,1,111.299,111.299,22,21
34,219,20.00,1,85.355,85.355,21,20
34,220,20.00,1,83.356,83.356,20,20
34,221,20.00,1,76.957,76.957,20,19
34,222,20.00,1,64.368,64.368,19,19
34,223,20.00,1,75.007,75.007,19,19
34,224,20.00,1,109.432,109.432,19,19
34,225,20.00,1,94.152,94.152,19,19
34,226,20.00,1,84.534,84.534,19,19
34,227,20.00,1,77.050,77.050,19,19
34,228,20.00,1,75.832,75.832,19,18
34,229,20.00,1,71.543,71.543,18,18
34,230,20.00,1,64.609,64.609,18,18
34,231,20.00,1,119.616,119.616,18,18
34,232,20.00,1,112.322,112.322,18,18
34,233,20.00,1,73.260,73.260,18,18
34,234,20.00,1,79.542,79.542,18,18
34,235,20.00,1,82.254,82.254,18,18
34,236,20.00,1,83.528,83.528,18,18
34,237,20.00,1,63.715,63.715,18,18
34,238,20.00,1,108.096,108.096,18,17
34,239,20.00,1,110.414,110.414,17,17
34,240,20.00,1,91.624,91.624,17,17
34,241,20.00,1,75.015,75.015,17,17
34,242,20.00,1,67.716,67.716,17,17
34,243,20.00,1,69.760,69.760,17,17
34,244,20.00,1,74.147,74.147,17,17
34,245,20.00,1,109.765,109.765,17,17
34,246,20.00,1,125.432,125.432,17,18
34,247,20.00,1,83.863,83.863,18,18
34,248,20.00,1,77.546,77.546,18,18
34,249,20.00,1,69.894,69.894,18,18
35,0,20.00,1,79.179,79.179,17,17
35,1,20.00,1,64.435,64.435,17,17
35,2,20.00,1,57.183,57.183,15,17
35,3,20.00,1,61.035,61.035,16,17
35,4,20.00,1,60.869,60.869,15,17
35,5,20.00,1,64.087,64.087,16,17
35,6,20.00,1,47.168,47.168,15,18
35,7,20.00,1,71.577,71.577,18,18
35,8,20.00,1,68.370,68.370,17,18
35,9,20.00,1,61.695,61.695,17,18
35,10,20.00,1,56.309,56.309,16,18
35,11,20.00,1,56.983,56.983,17,18
35,12,20.00,1,60.737,60.737,17,18
35,13,20.00,1,60.040,60.040,17,17
35,14,20.00,1,67.114,67.114,17,17
35,15,20.00,1,69.473,69.473,17,16
35,16,20.00,1,55.567,55.567,14,17
35,17,20.00,1,61.657,61.657,15,18
35,18,20.00,1,60.012,60.012,17,19
35,19,20.00,1,51.882,51.882,18,20
35,20,20.00,1,52.748,52.748,19,20
35,21,20.00,1,67.420,67.420,20,20
35,22,20.00,1,65.111,65.111,20,20
35,23,20.00,1,63.596,63.596,18,20
35,24,20.00,1,57.360,57.360,18,20
35,25,20.00,1,55.855,55.855,19,20
35,26,20.00,1,68.070,68.070,18,19
35,27,20.00,1,54.787,54.787,18,19
35,28,20.00,1,69.403,69.403,19,19
35,29,20.00,1,70.164,70.164,19,19
35,30,20.00,1,59.565,59.565,18,19
35,31,20.00,1,60.776,60.776,18,19
35,32,20.00,1,56.067,56.067,18,20
35,33,20.00,1,62.159,62.159,19,19
35,34,20.00,1,63.104,63.104,18,19
35,35,20.00,1,64.858,64.858,19,20
35,36,20.00,1,80.225,80.225,20,20
35,37,20.00,1,78.757,78.757,20,20
35,38,20.00,1,84.877,84.877,19,20
35,39,20.00,1,71.368,71.368,19,20
35,40,20.00,1,70.644,70.644,19,20
35,41,20.00,1,70.008,70.008,19,20
35,42,20.00,1,75.922,75.922,20,20
35,43,20.00,1,84.979,84.979,20,20
35,44,20.00,1,75.543,75.543,20,20
35,45,20.00,1,81.967,81.967,20,20
35,46,20.00,1,80.177,80.177,20,19
35,47,20.00,1,67.692,67.692,19,19
35,48,20.00,1,74.443,74.443,18,19
35,49,20.00,1,91.953,91.953,19,19
35,50,20.00,1,75.552,75.552,19,19
35,51,20.00,1,74.226,74.226,19,19
35,52,20.00,1,74.315,74.315,19,18
35,53,20.00,1,69.755,69.755,18,17
35,54,20.00,1,72.211,72.211,17,18
35,55,20.00,1,68.871,68.871,18,18
35,56,20.00,1,81.771,81.771,18,18
35,57,20.00,1,104.266,104.266,18,18
35,58,20.00,1,76.895,76.895,18,18
35,59,20.00,1,71.868,71.868,18,18
35,60,20.00,1,84.882,84.882,18,17
35,61,20.00,1,69.177,69.177,17,17
35,62,20.00,1,69.379,69.379,17,17
35,63,20.00,1,96.488,96.488,17,16
35,64,20.00,1,76.828,76.828,16,16
35,65,20.00,1,75.802,75.802,16,16
35,66,20.00,1,73.288,73.288,16,15
35,67,20.00,1,72.549,72.549,15,15
35,68,20.00,1,73.063,73.063,15,15
35,69,20.00,1,65.279,65.279,15,15
35,70,20.00,1,100.787,100.787,15,16
35,71,20.00,1,87.718,87.718,16,17
35,72,20.00,1,77.077,77.077,16,17
35,73,20.00,1,76.293,76.293,16,18
35,74,20.00,1,74.095,74.095,16,18
35,75,20.00,1,69.564,69.564,16,18
35,76,20.00,1,64.599,64.599,16,18
35,77,20.00,1,101.448,101.448,18,18
35,78,20.00,1,75.467,75.467,18,17
35,79,20.00,1,75.159,75.159,17,17
35,80,20.00,1,77.787,77.787,17,17
35,81,20.00,1,73.113,73.113,17,17
35,82,20.00,1,65.347,65.347,17,17
35,83,20.00,1,72.661,72.661,17,17
35,84,20.00,1,98.493,98.493,17,17
35,85,20.00,1,75.896,75.896,17,17
35,86,20.00,1,79.466,79.466,17,17
35,87,20.00,1,76.478,76.478,17,18
35,88,20.00,1,82.251,82.251,18,18
35,89,20.00,1,72.651,72.651,17,18
35,90,20.00,1,69.843,69.843,17,18
35,91,20.00,1,84.776,84.776,18,18
35,92,20.00,1,77.540,77.540,18,18
35,93,20.00,1,76.534,76.534,18,19
35,94,20.00,1,74.180,74.180,19,18
35,95,20.00,1,70.628,70.628,18,18
35,96,20.00,1,61.459,61.459,18,18
35,97,20.00,1,71.378,71.378,18,18
35,98,20.00,1,90.300,90.300,18,18
35,99,20.00,1,84.135,84.135,18,18
35,100,20.00,1,83.497,83.497,18,19
35,101,20.00,1,89.302,89.302,19,19
35,102,20.00,1,53.314,53.314,17,19
35,103,20.00,1,55.629,55.629,17,19
35,104,20.00,1,47.948,47.948,16,19
35,105,20.00,1,69.493,69.493,19,19
35,106,20.00,1,74.121,74.121,18,18
35,107,20.00,1,69.964,69.964,17,18
35,108,20.00,1,57.335,57.335,17,18
35,109,20.00,1,55.970,55.970,16,19
35,110,20.00,1,63.298,63.298,17,19
35,111,20.00,1,62.438,62.438,18,19
35,112,20.00,1,70.609,70.609,18,18
35,113,20.00,1,73.005,73.005,18,18
35,114,20.00,1,58.900,58.900,17,18
35,115,20.00,1,55.657,55.657,17,18
35,116,20.00,1,66.834,66.834,17,19
35,117,20.00,1,52.196,52.196,18,19
35,118,20.00,1,69.268,69.268,18,18
35,119,20.00,1,68.509,68.509,18,18
35,120,20.00,1,80.624,80.624,18,18
35,121,20.00,1,80.182,80.182,17,18
35,122,20.00,1,75.105,75.105,17,18
35,123,20.00,1,77.890,77.890,16,18
35,124,20.00,1,84.944,84.944,16,18
35,125,20.00,1,77.173,77.173,16,19
35,126,20.00,1,91.466,91.466,19,20
35,127,20.00,1,84.037,84.037,20,20
35,128,20.00,1,75.015,75.015,20,20
35,129,20.00,1,85.989,85.989,20,19
35,130,20.00,1,86.708,86.708,18,20
35,131,20.00,1,65.295,65.295,19,19
35,132,20.00,1,60.922,60.922,18,19
35,133,20.00,1,91.382,91.382,19,19
35,134,20.00,1,76.297,76.297,19,19
35,135,20.00,1,72.321,72.321,19,19
35,136,20.00,1,67.389,67.389,19,18
35,137,20.00,1,69.201,69.201,18,19
35,138,20.00,1,76.216,76.216,19,19
35,139,20.00,1,67.669,67.669,18,18
35,140,20.00,1,86.505,86.505,18,18
35,141,20.00,1,103.847,103.847,17,18
35,142,20.00,1,76.322,76.322,17,18
35,143,20.00,1,76.093,76.093,17,18
35,144,20.00,1,81.775,81.775,17,18
35,145,20.00,1,71.862,71.862,17,18
35,146,20.00,1,66.853,66.853,17,18
35,147,20.00,1,88.786,88.786,18,18
35,148,20.00,1,77.593,77.593,18,18
35,149,20.00,1,80.339,80.339,18,18
35,150,20.00,1,71.495,71.495,18,18
35,151,20.00,1,72.962,72.962,18,18
35,152,20.00,1,65.662,65.662,18,18
35,153,20.00,1,66.201,66.201,18,17
35,154,20.00,1,100.225,100.225,17,16
35,155,20.00,1,76.014,76.014,16,15
35,156,20.00,1,59.379,59.379,15,15
35,157,20.00,1,60.885,60.885,14,15
35,158,20.00,1,57.369,57.369,14,15
35,159,20.00,1,50.968,50.968,14,15
35,160,20.00,1,52.959,52.959,15,16
35,161,20.00,1,85.729,85.729,16,16
35,162,20.00,1,63.561,63.561,15,16
35,163,20.00,1,63.014,63.014,15,16
35,164,20.00,1,64.280,64.280,15,16
35,165,20.00,1,60.141,60.141,16,15
35,166,20.00,1,57.885,57.885,14,14
35,167,20.00,1,54.356,54.356,13,16
35,168,20.00,1,86.270,86.270,15,16
35,169,20.00,1,59.643,59.643,16,16
35,170,20.00,1,57.344,57.344,16,16
35,171,20.00,1,61.261,61.261,14,16
35,172,20.00,1,68.169,68.169,15,16
35,173,20.00,1,53.354,53.354,15,16
35,174,20.00,1,54.701,54.701,15,16
35,175,20.00,1,89.821,89.821,16,15
35,176,20.00,1,62.814,62.814,15,16
35,177,20.00,1,59.805,59.805,15,16
35,178,20.00,1,60.256,60.256,16,16
35,179,20.00,1,53.793,53.793,16,17
35,180,20.00,1,57.353,57.353,15,18
35,181,20.00,1,63.612,63.612,16,18
35,182,20.00,1,68.708,68.708,18,18
35,183,20.00,1,74.572,74.572,18,18
35,184,20.00,1,59.784,59.784,17,17
35,185,20.00,1,58.818,58.818,16,17
35,186,20.00,1,59.956,59.956,16,17
35,187,20.00,1,56.445,56.445,15,17
35,188,20.00,1,55.852,55.852,16,17
35,189,20.00,1,64.552,64.552,17,17
35,190,20.00,1,79.062,79.062,16,17
35,191,20.00,1,60.038,60.038,16,17
35,192,20.00,1,61.046,61.046,16,18
35,193,20.00,1,62.400,62.400,17,18
35,194,20.00,1,57.695,57.695,17,18
35,195,20.00,1,48.070,48.070,17,19
35,196,20.00,1,75.773,75.773,19,19
35,197,20.00,1,63.156,63.156,18,18
35,198,20.00,1,64.445,64.445,17,19
35,199,20.00,1,68.592,68.592,17,18
35,200,20.00,1,59.192,59.192,17,18
35,201,20.00,1,54.463,54.463,16,18
35,202,20.00,1,55.760,55.760,16,19
35,203,20.00,1,66.625,66.625,19,19
35,204,20.00,1,59.285,59.285,19,19
35,205,20.00,1,63.911,63.911,18,18
35,206,20.00,1,63.490,63.490,17,18
35,207,20.00,1,58.678,58.678,16,18
35,208,20.00,1,55.500,55.500,17,18
35,209,20.00,1,50.058,50.058,16,18
35,210,20.00,1,72.430,72.430,17,18
35,211,20.00,1,63.081,63.081,18,18
35,212,20.00,1,64.587,64.587,17,18
35,213,20.00,1,60.693,60.693,17,18
35,214,20.00,1,56.320,56.320,17,19
35,215,20.00,1,57.701,57.701,17,19
35,216,20.00,1,53.545,53.545,18,20
35,217,20.00,1,65.419,65.419,20,20
35,218,20.00,1,69.111,69.111,20,19
35,219,20.00,1,62.925,62.925,19,19
35,220,20.00,1,64.880,64.880,19,20
35,221,20.00,1,55.675,55.675,19,20
35,222,20.00,1,59.456,59.456,19,20
35,223,20.00,1,55.559,55.559,19,20
35,224,20.00,1,57.819,57.819,20,20
35,225,20.00,1,66.189,66.189,20,21
35,226,20.00,1,63.944,63.944,20,22
35,227,20.00,1,60.939,60.939,22,23
35,228,20.00,1,75.358,75.358,23,22
35,229,20.00,1,55.024,55.024,21,22
35,230,20.00,1,50.023,50.023,20,22
35,231,20.00,1,64.179,64.179,22,23
35,232,20.00,1,62.521,62.521,22,22
35,233,20.00,1,60.675,60.675,21,20
35,234,20.00,1,57.627,57.627,19,20
35,235,20.00,1,62.720,62.720,18,21
35,236,20.00,1,60.537,60.537,20,21
35,237,20.00,1,52.862,52.862,19,20
35,238,20.00,1,65.197,65.197,20,21
35,239,20.00,1,63.709,63.709,21,21
35,240,20.00,1,104.129,104.129,21,21
35,241,20.00,1,72.110,72.110,21,21
35,242,20.00,1,78.402,78.402,21,21
35,243,20.00,1,76.901,76.901,21,20
35,244,20.00,1,60.525,60.525,20,21
35,245,20.00,1,103.134,103.134,21,21
35,246,20.00,1,77.459,77.459,21,21
35,247,20.00,1,87.423,87.423,21,21
35,248,20.00,1,70.884,70.884,20,21
35,249,20.00,1,75.200,75.200,20,21
36,0,20.00,1,105.259,105.259,16,15
36,1,20.00,1,90.625,90.625,15,15
36,2,20.00,1,88.764,88.764,15,14
36,3,20.00,1,78.926,78.926,14,14
36,4,20.00,1,76.914,76.914,14,16
36,5,20.00,1,76.687,76.687,16,16
36,6,20.00,1,75.557,75.557,16,16
36,7,20.00,1,102.316,102.316,16,16
36,8,20.00,1,102.999,102.999,16,16
36,9,20.00,1,80.687,80.687,16,16
36,10,20.00,1,76.857,76.857,16,15
36,11,20.00,1,82.891,82.891,15,15
36,12,20.00,1,75.061,75.061,14,15
36,13,20.00,1,66.422,66.422,14,15
36,14,20.00,1,91.768,91.768,14,14
36,15,20.00,1,70.666,70.666,13,14
36,16,20.00,1,67.835,67.835,13,15
36,17,20.00,1,65.543,65.543,15,15
36,18,20.00,1,68.203,68.203,14,15
36,19,20.00,1,64.993,64.993,14,16
36,20,20.00,1,59.900,59.900,14,16
36,21,20.00,1,88.385,88.385,15,16
36,22,20.00,1,64.316,64.316,15,16
36,23,20.00,1,68.463,68.463,16,16
36,24,20.00,1,66.888,66.888,15,15
36,25,20.00,1,66.851,66.851,14,15
36,26,20.00,1,60.878,60.878,13,15
36,27,20.00,1,57.460,57.460,12,16
36,28,20.00,1,76.008,76.008,15,17
36,29,20.00,1,73.049,73.049,16,17
36,30,20.00,1,76.214,76.214,16,17
36,31,20.00,1,63.511,63.511,15,19
36,32,20.00,1,61.531,61.531,18,19
36,33,20.00,1,56.821,56.821,17,19
36,34,20.00,1,59.623,59.623,17,19
36,35,20.00,1,82.096,82.096,19,19
36,36,20.00,1,72.674,72.674,19,19
36,37,20.00,1,67.167,67.167,19,19
36,38,20.00,1,60.561,60.561,17,18
36,39,20.00,1,60.155,60.155,17,17
36,40,20.00,1,65.835,65.835,14,17
36,41,20.00,1,60.272,60.272,15,18
36,42,20.00,1,75.824,75.824,17,18
36,43,20.00,1,69.497,69.497,18,18
36,44,20.00,1,67.058,67.058,17,17
36,45,20.00,1,69.697,69.697,15,17
36,46,20.00,1,63.236,63.236,16,16
36,47,20.00,1,62.173,62.173,15,16
36,48,20.00,1,57.005,57.005,14,16
36,49,20.00,1,75.416,75.416,16,16
36,50,20.00,1,81.067,81.067,16,16
36,51,20.00,1,73.802,73.802,16,16
36,52,20.00,1,75.597,75.597,16,16
36,53,20.00,1,71.689,71.689,16,17
36,54,20.00,1,71.575,71.575,17,17
36,55,20.00,1,70.529,70.529,17,17
36,56,20.00,1,97.119,97.119,17,17
36,57,20.00,1,91.802,91.802,17,17
36,58,20.00,1,76.796,76.796,17,18
36,59,20.00,1,80.934,80.934,18,18
36,60,20.00,1,76.447,76.447,18,17
36,61,20.00,1,85.493,85.493,17,17
36,62,20.00,1,69.046,69.046,17,17
36,63,20.00,1,104.967,104.967,17,17
36,64,20.00,1,87.682,87.682,17,17
36,65,20.00,1,70.564,70.564,17,17
36,66,20.00,1,87.944,87.944,17,17
36,67,20.00,1,80.123,80.123,17,17
36,68,20.00,1,71.263,71.263,17,17
36,69,20.00,1,72.211,72.211,17,17
36,70,20.00,1,90.256,90.256,17,17
36,71,20.00,1,90.546,90.546,17,18
36,72,20.00,1,76.048,76.048,18,18
36,73,20.00,1,80.379,80.379,18,18
36,74,20.00,1,80.109,80.109,18,18
36,75,20.00,1,81.113,81.113,18,18
36,76,20.00,1,78.756,78.756,18,18
36,77,20.00,1,89.199,89.199,18,18
36,78,20.00,1,94.150,94.150,18,18
36,79,20.00,1,83.917,83.917,18,18
36,80,20.00,1,75.758,75.758,18,18
36,81,20.00,1,73.481,73.481,18,18
36,82,20.00,1,79.798,79.798,18,18
36,83,20.00,1,68.063,68.063,18,19
36,84,20.00,1,73.365,73.365,18,19
36,85,20.00,1,75.174,75.174,18,18
36,86,20.00,1,75.898,75.898,17,18
36,87,20.00,1,58.092,58.092,16,17
36,88,20.00,1,61.852,61.852,15,17
36,89,20.00,1,60.923,60.923,15,16
36,90,20.00,1,57.655,57.655,14,17
36,91,20.00,1,68.832,68.832,16,17
36,92,20.00,1,70.402,70.402,16,18
36,93,20.00,1,76.880,76.880,17,18
36,94,20.00,1,64.327,64.327,16,20
36,95,20.00,1,63.997,63.997,18,20
36,96,20.00,1,61.942,61.942,17,20
36,97,20.00,1,60.243,60.243,17,20
36,98,20.00,1,76.695,76.695,19,20
36,99,20.00,1,77.736,77.736,19,20
36,100,20.00,1,72.568,72.568,19,19
36,101,20.00,1,69.662,69.662,17,19
36,102,20.00,1,65.687,65.687,18,19
36,103,20.00,1,55.093,55.093,17,19
36,104,20.00,1,60.040,60.040,16,19
36,105,20.00,1,69.621,69.621,18,20
36,106,20.00,1,79.872,79.872,19,20
36,107,20.00,1,69.391,69.391,20,21
36,108,20.00,1,64.358,64.358,19,22
36,109,20.00,1,65.132,65.132,20,22
36,110,20.00,1,63.207,63.207,20,22
36,111,20.00,1,59.745,59.745,20,22
36,112,20.00,1,77.626,77.626,21,22
36,113,20.00,1,69.162,69.162,22,22
36,114,20.00,1,71.637,71.637,22,22
36,115,20.00,1,63.666,63.666,20,21
36,116,20.00,1,71.798,71.798,18,21
36,117,20.00,1,61.478,61.478,19,21
36,118,20.00,1,56.955,56.955,19,23
36,119,20.00,1,76.756,76.756,23,23
36,120,20.00,1,72.567,72.567,22,23
36,121,20.00,1,72.507,72.507,22,23
36,122,20.00,1,61.964,61.964,21,23
36,123,20.00,1,63.992,63.992,21,23
36,124,20.00,1,60.262,60.262,21,23
36,125,20.00,1,62.782,62.782,21,22
36,126,20.00,1,74.546,74.546,22,22
36,127,20.00,1,72.251,72.251,21,23
36,128,20.00,1,73.414,73.414,23,23
36,129,20.00,1,62.216,62.216,21,22
36,130,20.00,1,58.283,58.283,20,22
36,131,20.00,1,65.844,65.844,19,22
36,132,20.00,1,56.641,56.641,19,22
36,133,20.00,1,83.258,83.258,21,22
36,134,20.00,1,66.005,66.005,22,22
36,135,20.00,1,72.736,72.736,20,21
36,136,20.00,1,64.966,64.966,19,19
36,137,20.00,1,60.092,60.092,18,18
36,138,20.00,1,60.910,60.910,15,17
36,139,20.00,1,59.091,59.091,15,16
36,140,20.00,1,72.679,72.679,16,16
36,141,20.00,1,63.426,63.426,16,16
36,142,20.00,1,85.837,85.837,16,15
36,143,20.00,1,81.901,81.901,14,17
36,144,20.00,1,70.867,70.867,16,18
36,145,20.00,1,72.477,72.477,17,18
36,146,20.00,1,74.693,74.693,17,18
36,147,20.00,1,94.282,94.282,18,18
36,148,20.00,1,83.088,83.088,18,18
36,149,20.00,1,95.783,95.783,18,18
36,150,20.00,1,72.909,72.909,18,18
36,151,20.00,1,85.569,85.569,18,18
36,152,20.00,1,74.381,74.381,18,18
36,153,20.00,1,71.178,71.178,18,18
36,154,20.00,1,93.014,93.014,18,17
36,155,20.00,1,99.328,99.328,17,18
36,156,20.00,1,84.547,84.547,18,18
36,157,20.00,1,73.631,73.631,18,17
36,158,20.00,1,77.852,77.852,17,17
36,159,20.00,1,77.535,77.535,17,17
36,160,20.00,1,68.949,68.949,17,17
36,161,20.00,1,108.734,108.734,17,17
36,162,20.00,1,91.166,91.166,17,17
36,163,20.00,1,85.582,85.582,17,17
36,164,20.00,1,77.302,77.302,17,16
36,165,20.00,1,69.366,69.366,16,17
36,166,20.00,1,75.988,75.988,17,17
36,167,20.00,1,67.821,67.821,17,17
36,168,20.00,1,99.044,99.044,17,17
36,169,20.00,1,92.319,92.319,17,18
36,170,20.00,1,80.373,80.373,18,18
36,171,20.00,1,77.772,77.772,18,15
36,172,20.00,1,76.603,76.603,15,15
36,173,20.00,1,74.937,74.937,15,15
36,174,20.00,1,77.542,77.542,15,15
36,175,20.00,1,94.613,94.613,15,15
36,176,20.00,1,95.284,95.284,15,15
36,177,20.00,1,77.377,77.377,15,15
36,178,20.00,1,77.143,77.143,15,15
36,179,20.00,1,79.852,79.852,15,15
36,180,20.00,1,73.174,73.174,15,14
36,181,20.00,1,71.787,71.787,14,14
36,182,20.00,1,105.740,105.740,14,14
36,183,20.00,1,89.615,89.615,14,14
36,184,20.00,1,85.729,85.729,14,14
36,185,20.00,1,74.866,74.866,14,13
36,186,20.00,1,71.830,71.830,13,13
36,187,20.00,1,83.959,83.959,13,14
36,188,20.00,1,67.819,67.819,14,14
36,189,20.00,1,103.864,103.864,14,14
36,190,20.00,1,86.902,86.902,14,14
36,191,20.00,1,84.435,84.435,14,14
36,192,20.00,1,77.974,77.974,14,14
36,193,20.00,1,73.974,73.974,14,14
36,194,20.00,1,78.851,78.851,14,14
36,195,20.00,1,63.089,63.089,14,14
36,196,20.00,1,95.428,95.428,14,14
36,197,20.00,1,100.029,100.029,14,14
36,198,20.00,1,77.365,77.365,14,15
36,199,20.00,1,77.377,77.377,15,15
36,200,20.00,1,76.446,76.446,15,15
36,201,20.00,1,70.563,70.563,15,15
36,202,20.00,1,70.181,70.181,15,15
36,203,20.00,1,97.587,97.587,15,15
36,204,20.00,1,98.212,98.212,15,14
36,205,20.00,1,77.322,77.322,14,15
36,206,20.00,1,80.770,80.770,15,15
36,207,20.00,1,71.884,71.884,15,15
36,208,20.00,1,80.407,80.407,15,15
36,209,20.00,1,57.212,57.212,14,15
36,210,20.00,1,75.497,75.497,14,15
36,211,20.00,1,79.558,79.558,14,16
36,212,20.00,1,73.765,73.765,15,16
36,213,20.00,1,56.908,56.908,14,16
36,214,20.00,1,58.606,58.606,14,16
36,215,20.00,1,62.231,62.231,14,16
36,216,20.00,1,63.472,63.472,14,15
36,217,20.00,1,70.341,70.341,14,16
36,218,20.00,1,74.118,74.118,15,16
36,219,20.00,1,63.170,63.170,15,15
36,220,20.00,1,69.659,69.659,14,15
36,221,20.00,1,63.966,63.966,12,15
36,222,20.00,1,57.480,57.480,12,15
36,223,20.00,1,52.592,52.592,12,16
36,224,20.00,1,71.997,71.997,15,16
36,225,20.00,1,77.266,77.266,15,16
36,226,20.00,1,87.432,87.432,15,17
36,227,20.00,1,75.514,75.514,16,18
36,228,20.00,1,87.505,87.505,17,17
36,229,20.00,1,77.979,77.979,16,16
36,230,20.00,1,61.158,61.158,15,15
36,231,20.00,1,97.996,97.996,15,16
36,232,20.00,1,95.145,95.145,16,16
36,233,20.00,1,86.266,86.266,16,16
36,234,20.00,1,84.063,84.063,16,16
36,235,20.00,1,76.162,76.162,16,16
36,236,20.00,1,81.120,81.120,16,16
36,237,20.00,1,60.400,60.400,16,15
36,238,20.00,1,101.421,101.421,15,15
36,239,20.00,1,93.505,93.505,15,15
36,240,20.00,1,81.128,81.128,15,15
36,241,20.00,1,76.491,76.491,15,15
36,242,20.00,1,72.359,72.359,15,15
36,243,20.00,1,74.005,74.005,15,15
36,244,20.00,1,78.079,78.079,15,15
36,245,20.00,1,106.755,106.755,15,16
36,246,20.00,1,98.654,98.654,16,15
36,247,20.00,1,74.618,74.618,15,15
36,248,20.00,1,75.717,75.717,15,15
36,249,20.00,1,75.736,75.736,15,15
37,0,20.00,1,81.238,81.238,15,15
37,1,20.00,1,87.108,87.108,15,15
37,2,20.00,1,57.949,57.949,15,16
37,3,20.00,1,64.793,64.793,14,16
37,4,20.00,1,56.323,56.323,15,16
37,5,20.00,1,56.792,56.792,15,16
37,6,20.00,1,50.932,50.932,15,16
37,7,20.00,1,67.817,67.817,16,16
37,8,20.00,1,67.254,67.254,14,18
37,9,20.00,1,61.270,61.270,16,18
37,10,20.00,1,58.638,58.638,16,18
37,11,20.00,1,63.367,63.367,16,18
37,12,20.00,1,54.354,54.354,16,17
37,13,20.00,1,55.162,55.162,15,17
37,14,20.00,1,66.085,66.085,15,18
37,15,20.00,1,65.839,65.839,16,18
37,16,20.00,1,70.310,70.310,17,17
37,17,20.00,1,62.456,62.456,16,17
37,18,20.00,1,52.687,52.687,16,18
37,19,20.00,1,54.310,54.310,16,18
37,20,20.00,1,61.262,61.262,15,18
37,21,20.00,1,68.653,68.653,16,18
37,22,20.00,1,86.983,86.983,18,18
37,23,20.00,1,57.311,57.311,17,18
37,24,20.00,1,57.551,57.551,17,18
37,25,20.00,1,57.925,57.925,17,18
37,26,20.00,1,60.334,60.334,16,18
37,27,20.00,1,61.876,61.876,17,18
37,28,20.00,1,74.813,74.813,18,19
37,29,20.00,1,75.978,75.978,18,20
37,30,20.00,1,62.646,62.646,19,20
37,31,20.00,1,57.492,57.492,18,20
37,32,20.00,1,54.023,54.023,18,20
37,33,20.00,1,56.654,56.654,19,21
37,34,20.00,1,64.777,64.777,21,21
37,35,20.00,1,65.995,65.995,19,21
37,36,20.00,1,68.135,68.135,19,21
37,37,20.00,1,63.092,63.092,20,20
37,38,20.00,1,54.335,54.335,18,20
37,39,20.00,1,62.727,62.727,19,20
37,40,20.00,1,60.421,60.421,18,20
37,41,20.00,1,53.912,53.912,19,20
37,42,20.00,1,73.156,73.156,20,20
37,43,20.00,1,68.300,68.300,19,20
37,44,20.00,1,57.200,57.200,20,20
37,45,20.00,1,57.780,57.780,20,20
37,46,20.00,1,59.664,59.664,19,21
37,47,20.00,1,55.931,55.931,20,21
37,48,20.00,1,56.594,56.594,19,21
37,49,20.00,1,69.357,69.357,21,21
37,50,20.00,1,65.604,65.604,21,20
37,51,20.00,1,59.444,59.444,20,19
37,52,20.00,1,60.534,60.534,19,19
37,53,20.00,1,59.729,59.729,19,19
37,54,20.00,1,60.910,60.910,18,18
37,55,20.00,1,56.515,56.515,17,19
37,56,20.00,1,77.616,77.616,19,19
37,57,20.00,1,63.215,63.215,19,19
37,58,20.00,1,60.273,60.273,19,19
37,59,20.00,1,66.876,66.876,19,19
37,60,20.00,1,55.116,55.116,19,19
37,61,20.00,1,61.274,61.274,19,19
37,62,20.00,1,58.882,58.882,19,19
37,63,20.00,1,71.667,71.667,19,19
37,64,20.00,1,64.005,64.005,19,19
37,65,20.00,1,70.622,70.622,19,19
37,66,20.00,1,57.419,57.419,19,19
37,67,20.00,1,58.139,58.139,18,19
37,68,20.00,1,57.604,57.604,18,19
37,69,20.00,1,61.594,61.594,18,19
37,70,20.00,1,70.560,70.560,19,19
37,71,20.00,1,66.371,66.371,19,18
37,72,20.00,1,58.527,58.527,18,18
37,73,20.00,1,59.015,59.015,17,18
37,74,20.00,1,57.188,57.188,17,17
37,75,20.00,1,69.290,69.290,16,17
37,76,20.00,1,48.610,48.610,16,17
37,77,20.00,1,65.424,65.424,17,16
37,78,20.00,1,63.663,63.663,16,15
37,79,20.00,1,61.760,61.760,14,15
37,80,20.00,1,57.429,57.429,14,15
37,81,20.00,1,58.492,58.492,14,16
37,82,20.00,1,53.868,53.868,15,16
37,83,20.00,1,57.488,57.488,15,17
37,84,20.00,1,57.860,57.860,17,17
37,85,20.00,1,68.567,68.567,17,17
37,86,20.00,1,74.204,74.204,17,17
37,87,20.00,1,92.886,92.886,17,17
37,88,20.00,1,80.368,80.368,16,17
37,89,20.00,1,71.227,71.227,16,17
37,90,20.00,1,72.825,72.825,15,18
37,91,20.00,1,99.199,99.199,18,18
37,92,20.00,1,80.392,80.392,18,19
37,93,20.00,1,75.821,75.821,19,20
37,94,20.00,1,81.299,81.299,20,20
37,95,20.00,1,70.047,70.047,20,21
37,96,20.00,1,73.434,73.434,21,21
37,97,20.00,1,59.025,59.025,21,22
37,98,20.00,1,89.143,89.143,22,22
37,99,20.00,1,90.992,90.992,21,22
37,100,20.00,1,81.781,81.781,21,23
37,101,20.00,1,75.075,75.075,22,21
37,102,20.00,1,70.138,70.138,20,21
37,103,20.00,1,76.584,76.584,20,21
37,104,20.00,1,78.911,78.911,20,21
37,105,20.00,1,85.240,85.240,21,21
37,106,20.00,1,75.742,75.742,21,21
37,107,20.00,1,68.744,68.744,21,20
37,108,20.00,1,74.771,74.771,20,20
37,109,20.00,1,73.112,73.112,20,20
37,110,20.00,1,78.376,78.376,20,20
37,111,20.00,1,63.079,63.079,20,19
37,112,20.00,1,97.718,97.718,19,20
37,113,20.00,1,79.764,79.764,19,20
37,114,20.00,1,72.168,72.168,19,20
37,115,20.00,1,68.682,68.682,19,20
37,116,20.00,1,74.736,74.736,19,20
37,117,20.00,1,78.485,78.485,19,20
37,118,20.00,1,64.957,64.957,18,20
37,119,20.00,1,82.954,82.954,20,20
37,120,20.00,1,78.103,78.103,20,21
37,121,20.00,1,70.712,70.712,21,21
37,122,20.00,1,76.773,76.773,21,23
37,123,20.00,1,79.268,79.268,23,23
37,124,20.00,1,76.336,76.336,23,23
37,125,20.00,1,72.038,72.038,23,23
37,126,20.00,1,85.867,85.867,23,24
37,127,20.00,1,82.881,82.881,24,24
37,128,20.00,1,73.232,73.232,24,23
37,129,20.00,1,74.308,74.308,23,23
37,130,20.00,1,76.948,76.948,23,23
37,131,20.00,1,66.043,66.043,23,22
37,132,20.00,1,74.012,74.012,22,21
37,133,20.00,1,84.792,84.792,21,21
37,134,20.00,1,74.366,74.366,21,21
37,135,20.00,1,81.653,81.653,21,21
37,136,20.00,1,75.160,75.160,21,21
37,137,20.00,1,73.429,73.429,21,21
37,138,20.00,1,76.904,76.904,21,21
37,139,20.00,1,60.645,60.645,21,21
37,140,20.00,1,86.343,86.343,21,21
37,141,20.00,1,80.896,80.896,21,21
37,142,20.00,1,94.453,94.453,21,21
37,143,20.00,1,72.969,72.969,21,20
37,144,20.00,1,70.316,70.316,20,20
37,145,20.00,1,65.118,65.118,20,20
37,146,20.00,1,63.771,63.771,20,20
37,147,20.00,1,88.855,88.855,20,19
37,148,20.00,1,75.630,75.630,19,19
37,149,20.00,1,60.614,60.614,18,19
37,150,20.00,1,68.915,68.915,19,19
37,151,20.00,1,63.034,63.034,18,19
37,152,20.00,1,55.515,55.515,18,19
37,153,20.00,1,58.040,58.040,18,18
37,154,20.00,1,69.615,69.615,18,18
37,155,20.00,1,60.098,60.098,18,18
37,156,20.00,1,64.807,64.807,18,18
37,157,20.00,1,59.472,59.472,18,18
37,158,20.00,1,64.501,64.501,17,18
37,159,20.00,1,58.233,58.233,17,17
37,160,20.00,1,51.912,51.912,16,16
37,161,20.00,1,73.913,73.913,16,16
37,162,20.00,1,63.468,63.468,16,16
37,163,20.00,1,67.754,67.754,16,16
37,164,20.00,1,63.831,63.831,16,15
37,165,20.00,1,61.333,61.333,15,16
37,166,20.00,1,61.442,61.442,14,16
37,167,20.00,1,58.199,58.199,14,16
37,168,20.00,1,64.712,64.712,15,16
37,169,20.00,1,67.216,67.216,16,16
37,170,20.00,1,61.871,61.871,15,16
37,171,20.00,1,62.030,62.030,15,16
37,172,20.00,1,55.328,55.328,15,15
37,173,20.00,1,58.536,58.536,13,14
37,174,20.00,1,58.012,58.012,12,14
37,175,20.00,1,78.058,78.058,13,14
37,176,20.00,1,68.628,68.628,13,15
37,177,20.00,1,55.683,55.683,14,14
37,178,20.00,1,55.594,55.594,13,14
37,179,20.00,1,55.254,55.254,14,14
37,180,20.00,1,57.538,57.538,13,16
37,181,20.00,1,54.073,54.073,16,16
37,182,20.00,1,64.901,64.901,15,16
37,183,20.00,1,64.185,64.185,16,15
37,184,20.00,1,63.429,63.429,13,15
37,185,20.00,1,67.915,67.915,13,15
37,186,20.00,1,59.635,59.635,13,15
37,187,20.00,1,58.897,58.897,13,15
37,188,20.00,1,57.169,57.169,14,15
37,189,20.00,1,67.335,67.335,14,16
37,190,20.00,1,75.973,75.973,15,16
37,191,20.00,1,70.761,70.761,15,16
37,192,20.00,1,59.347,59.347,15,16
37,193,20.00,1,64.088,64.088,15,15
37,194,20.00,1,53.961,53.961,14,15
37,195,20.00,1,53.445,53.445,14,14
37,196,20.00,1,64.105,64.105,14,14
37,197,20.00,1,67.603,67.603,13,14
37,198,20.00,1,62.296,62.296,14,15
37,199,20.00,1,61.484,61.484,14,16
37,200,20.00,1,54.902,54.902,14,16
37,201,20.00,1,52.684,52.684,15,16
37,202,20.00,1,55.522,55.522,14,16
37,203,20.00,1,67.378,67.378,15,15
37,204,20.00,1,66.635,66.635,14,15
37,205,20.00,1,61.709,61.709,15,16
37,206,20.00,1,66.024,66.024,14,17
37,207,20.00,1,56.907,56.907,15,16
37,208,20.00,1,56.032,56.032,13,17
37,209,20.00,1,55.418,55.418,15,17
37,210,20.00,1,73.281,73.281,15,17
37,211,20.00,1,63.038,63.038,17,18
37,212,20.00,1,59.609,59.609,16,17
37,213,20.00,1,56.662,56.662,16,17
37,214,20.00,1,65.240,65.240,16,17
37,215,20.00,1,62.769,62.769,16,17
37,216,20.00,1,55.806,55.806,16,17
37,217,20.00,1,61.332,61.332,16,17
37,218,20.00,1,63.899,63.899,16,18
37,219,20.00,1,64.219,64.219,16,17
37,220,20.00,1,59.160,59.160,14,17
37,221,20.00,1,65.606,65.606,15,18
37,222,20.00,1,56.721,56.721,17,18
37,223,20.00,1,53.920,53.920,16,18
37,224,20.00,1,61.781,61.781,18,18
37,225,20.00,1,66.419,66.419,17,18
37,226,20.00,1,59.517,59.517,15,18
37,227,20.00,1,62.460,62.460,15,18
37,228,20.00,1,59.502,59.502,15,18
37,229,20.00,1,68.398,68.398,15,18
37,230,20.00,1,57.150,57.150,16,19
37,231,20.00,1,59.773,59.773,19,20
37,232,20.00,1,57.317,57.317,18,19
37,233,20.00,1,64.116,64.116,18,20
37,234,20.00,1,62.441,62.441,19,19
37,235,20.00,1,55.207,55.207,16,19
37,236,20.00,1,55.738,55.738,16,19
37,237,20.00,1,52.867,52.867,16,18
37,238,20.00,1,63.853,63.853,18,18
37,239,20.00,1,65.234,65.234,17,18
37,240,20.00,1,59.714,59.714,15,18
37,241,20.00,1,58.966,58.966,15,18
37,242,20.00,1,61.856,61.856,16,17
37,243,20.00,1,62.802,62.802,15,17
37,244,20.00,1,59.287,59.287,15,17
37,245,20.00,1,85.996,85.996,17,18
37,246,20.00,1,76.890,76.890,18,18
37,247,20.00,1,69.207,69.207,18,18
37,248,20.00,1,72.080,72.080,18,17
37,249,20.00,1,70.076,70.076,17,17
38,0,20.00,1,71.970,71.970,13,13
38,1,20.00,1,71.704,71.704,13,13
38,2,20.00,1,75.945,75.945,13,13
38,3,20.00,1,69.512,69.512,13,14
38,4,20.00,1,62.070,62.070,13,15
38,5,20.00,1,66.582,66.582,13,15
38,6,20.00,1,60.980,60.980,13,16
38,7,20.00,1,76.059,76.059,16,16
38,8,20.00,1,73.640,73.640,16,16
38,9,20.00,1,70.098,70.098,16,16
38,10,20.00,1,72.605,72.605,16,16
38,11,20.00,1,65.423,65.423,16,16
38,12,20.00,1,64.320,64.320,15,17
38,13,20.00,1,60.133,60.133,15,17
38,14,20.00,1,83.761,83.761,17,16
38,15,20.00,1,74.916,74.916,16,16
38,16,20.00,1,79.527,79.527,16,16
38,17,20.00,1,60.458,60.458,16,17
38,18,20.00,1,58.858,58.858,17,16
38,19,20.00,1,57.721,57.721,15,16
38,20,20.00,1,57.398,57.398,14,15
38,21,20.00,1,85.790,85.790,15,15
38,22,20.00,1,77.707,77.707,15,15
38,23,20.00,1,79.847,79.847,15,13
38,24,20.00,1,71.213,71.213,13,13
38,25,20.00,1,61.634,61.634,13,13
38,26,20.00,1,56.067,56.067,12,14
38,27,20.00,1,51.134,51.134,12,14
38,28,20.00,1,77.824,77.824,14,13
38,29,20.00,1,82.511,82.511,13,14
38,30,20.00,1,65.597,65.597,14,14
38,31,20.00,1,71.328,71.328,14,14
38,32,20.00,1,58.971,58.971,13,15
38,33,20.00,1,59.587,59.587,13,15
38,34,20.00,1,55.950,55.950,13,15
38,35,20.00,1,89.294,89.294,15,15
38,36,20.00,1,75.008,75.008,15,14
38,37,20.00,1,77.848,77.848,14,14
38,38,20.00,1,69.969,69.969,14,14
38,39,20.00,1,59.077,59.077,14,14
38,40,20.00,1,58.766,58.766,13,14
38,41,20.00,1,52.187,52.187,12,13
38,42,20.00,1,80.858,80.858,13,13
38,43,20.00,1,78.452,78.452,13,14
38,44,20.00,1,71.085,71.085,14,15
38,45,20.00,1,62.883,62.883,15,16
38,46,20.00,1,62.689,62.689,16,16
38,47,20.00,1,60.623,60.623,15,16
38,48,20.00,1,58.473,58.473,14,15
38,49,20.00,1,95.197,95.197,15,15
38,50,20.00,1,91.188,91.188,15,16
38,51,20.00,1,99.884,99.884,16,16
38,52,20.00,1,92.696,92.696,16,16
38,53,20.00,1,54.696,54.696,16,17
38,54,20.00,1,58.308,58.308,17,17
38,55,20.00,1,53.137,53.137,17,17
38,56,20.00,1,97.858,97.858,17,17
38,57,20.00,1,86.029,86.029,17,17
38,58,20.00,1,94.547,94.547,17,17
38,59,20.00,1,71.159,71.159,17,16
38,60,20.00,1,58.661,58.661,16,16
38,61,20.00,1,57.400,57.400,16,16
38,62,20.00,1,58.106,58.106,16,16
38,63,20.00,1,101.256,101.256,16,16
38,64,20.00,1,97.709,97.709,16,17
38,65,20.00,1,96.097,96.097,17,17
38,66,20.00,1,85.855,85.855,17,16
38,67,20.00,1,68.363,68.363,16,16
38,68,20.00,1,64.042,64.042,16,15
38,69,20.00,1,49.337,49.337,15,15
38,70,20.00,1,108.699,108.699,15,14
38,71,20.00,1,91.065,91.065,14,14
38,72,20.00,1,100.810,100.810,14,15
38,73,20.00,1,101.373,101.373,15,15
38,74,20.00,1,64.351,64.351,15,15
38,75,20.00,1,59.544,59.544,15,16
38,76,20.00,1,47.323,47.323,16,15
38,77,20.00,1,113.275,113.275,15,15
38,78,20.00,1,90.227,90.227,15,15
38,79,20.00,1,87.307,87.307,15,15
38,80,20.00,1,75.301,75.301,15,15
38,81,20.00,1,60.773,60.773,15,15
38,82,20.00,1,54.035,54.035,15,15
38,83,20.00,1,61.976,61.976,15,15
38,84,20.00,1,98.614,98.614,15,15
38,85,20.00,1,95.214,95.214,15,16
38,86,20.00,1,84.679,84.679,16,16
38,87,20.00,1,84.924,84.924,16,15
38,88,20.00,1,72.803,72.803,15,15
38,89,20.00,1,52.681,52.681,15,15
38,90,20.00,1,59.645,59.645,15,15
38,91,20.00,1,100.988,100.988,15,15
38,92,20.00,1,103.959,103.959,15,15
38,93,20.00,1,86.437,86.437,15,15
38,94,20.00,1,77.785,77.785,15,14
38,95,20.00,1,70.627,70.627,14,14
38,96,20.00,1,59.981,59.981,14,15
38,97,20.00,1,55.989,55.989,15,14
38,98,20.00,1,100.665,100.665,14,15
38,99,20.00,1,104.067,104.067,15,14
38,100,20.00,1,89.574,89.574,14,14
38,101,20.00,1,79.462,79.462,14,14
38,102,20.00,1,72.134,72.134,14,14
38,103,20.00,1,81.825,81.825,14,14
38,104,20.00,1,57.520,57.520,14,14
38,105,20.00,1,106.468,106.468,14,13
38,106,20.00,1,96.822,96.822,13,14
38,107,20.00,1,90.329,90.329,14,14
38,108,20.00,1,79.929,79.929,14,14
38,109,20.00,1,73.915,73.915,14,15
38,110,20.00,1,67.000,67.000,15,15
38,111,20.00,1,53.357,53.357,15,16
38,112,20.00,1,112.875,112.875,16,18
38,113,20.00,1,93.482,93.482,18,18
38,114,20.00,1,84.489,84.489,18,18
38,115,20.00,1,74.584,74.584,18,18
38,116,20.00,1,70.381,70.381,18,19
38,117,20.00,1,89.556,89.556,19,19
38,118,20.00,1,54.163,54.163,18,19
38,119,20.00,1,102.174,102.174,19,19
38,120,20.00,1,93.490,93.490,19,20
38,121,20.00,1,94.378,94.378,20,20
38,122,20.00,1,78.533,78.533,20,20
38,123,20.00,1,75.590,75.590,20,20
38,124,20.00,1,58.868,58.868,20,20
38,125,20.00,1,58.735,58.735,20,20
38,126,20.00,1,106.411,106.411,20,20
38,127,20.00,1,88.364,88.364,20,21
38,128,20.00,1,102.890,102.890,21,22
38,129,20.00,1,76.447,76.447,22,22
38,130,20.00,1,73.726,73.726,22,22
38,131,20.00,1,67.057,67.057,22,21
38,132,20.00,1,69.465,69.465,21,21
38,133,20.00,1,93.118,93.118,21,21
38,134,20.00,1,102.558,102.558,21,21
38,135,20.00,1,98.141,98.141,21,21
38,136,20.00,1,74.382,74.382,21,21
38,137,20.00,1,69.996,69.996,21,21
38,138,20.00,1,60.669,60.669,21,21
38,139,20.00,1,63.219,63.219,21,22
38,140,20.00,1,95.428,95.428,22,22
38,141,20.00,1,100.417,100.417,22,21
38,142,20.00,1,93.756,93.756,21,21
38,143,20.00,1,82.784,82.784,21,21
38,144,20.00,1,91.363,91.363,21,21
38,145,20.00,1,49.612,49.612,20,21
38,146,20.00,1,52.859,52.859,20,19
38,147,20.00,1,97.894,97.894,19,19
38,148,20.00,1,91.249,91.249,19,18
38,149,20.00,1,92.988,92.988,18,18
38,150,20.00,1,76.898,76.898,18,17
38,151,20.00,1,73.504,73.504,17,17
38,152,20.00,1,60.334,60.334,17,17
38,153,20.00,1,66.807,66.807,17,17
38,154,20.00,1,91.586,91.586,17,17
38,155,20.00,1,96.893,96.893,17,18
38,156,20.00,1,116.536,116.536,18,18
38,157,20.00,1,75.498,75.498,18,19
38,158,20.00,1,74.411,74.411,19,19
38,159,20.00,1,61.630,61.630,19,19
38,160,20.00,1,65.994,65.994,19,19
38,161,20.00,1,75.803,75.803,19,19
38,162,20.00,1,82.563,82.563,19,19
38,163,20.00,1,73.586,73.586,19,19
38,164,20.00,1,63.454,63.454,19,19
38,165,20.00,1,63.339,63.339,19,19
38,166,20.00,1,63.479,63.479,18,19
38,167,20.00,1,58.918,58.918,18,19
38,168,20.00,1,77.456,77.456,19,19
38,169,20.00,1,70.591,70.591,19,20
38,170,20.00,1,66.665,66.665,20,19
38,171,20.00,1,70.260,70.260,19,20
38,172,20.00,1,64.026,64.026,19,20
38,173,20.00,1,63.183,63.183,18,21
38,174,20.00,1,57.068,57.068,18,22
38,175,20.00,1,83.383,83.383,22,21
38,176,20.00,1,72.651,72.651,21,21
38,177,20.00,1,72.239,72.239,21,21
38,178,20.00,1,69.242,69.242,21,21
38,179,20.00,1,68.036,68.036,20,21
38,180,20.00,1,64.274,64.274,20,21
38,181,20.00,1,59.388,59.388,19,21
38,182,20.00,1,76.854,76.854,21,21
38,183,20.00,1,76.392,76.392,21,21
38,184,20.00,1,71.792,71.792,21,20
38,185,20.00,1,64.628,64.628,20,20
38,186,20.00,1,65.133,65.133,19,20
38,187,20.00,1,57.382,57.382,18,20
38,188,20.00,1,59.495,59.495,17,20
38,189,20.00,1,74.991,74.991,20,19
38,190,20.00,1,78.019,78.019,19,19
38,191,20.00,1,66.491,66.491,19,17
38,192,20.00,1,78.089,78.089,16,17
38,193,20.00,1,70.747,70.747,16,17
38,194,20.00,1,58.836,58.836,16,18
38,195,20.00,1,56.944,56.944,16,17
38,196,20.00,1,73.073,73.073,17,16
38,197,20.00,1,82.759,82.759,16,16
38,198,20.00,1,71.325,71.325,16,15
38,199,20.00,1,66.243,66.243,15,15
38,200,20.00,1,55.439,55.439,14,15
38,201,20.00,1,69.003,69.003,13,15
38,202,20.00,1,54.771,54.771,13,14
38,203,20.00,1,73.767,73.767,14,14
38,204,20.00,1,71.252,71.252,14,14
38,205,20.00,1,77.900,77.900,14,15
38,206,20.00,1,71.090,71.090,15,15
38,207,20.00,1,66.796,66.796,15,16
38,208,20.00,1,65.673,65.673,15,17
38,209,20.00,1,60.767,60.767,15,17
38,210,20.00,1,74.452,74.452,17,17
38,211,20.00,1,78.633,78.633,17,17
38,212,20.00,1,69.921,69.921,17,17
38,213,20.00,1,67.204,67.204,17,18
38,214,20.00,1,67.029,67.029,18,16
38,215,20.00,1,67.004,67.004,15,16
38,216,20.00,1,55.141,55.141,14,17
38,217,20.00,1,84.652,84.652,17,17
38,218,20.00,1,76.866,76.866,17,18
38,219,20.00,1,67.080,67.080,18,18
38,220,20.00,1,65.333,65.333,18,18
38,221,20.00,1,60.059,60.059,17,18
38,222,20.00,1,61.798,61.798,16,18
38,223,20.00,1,60.847,60.847,16,19
38,224,20.00,1,77.015,77.015,19,19
38,225,20.00,1,75.933,75.933,19,19
38,226,20.00,1,64.467,64.467,19,18
38,227,20.00,1,72.046,72.046,17,18
38,228,20.00,1,67.136,67.136,17,18
38,229,20.00,1,61.727,61.727,17,18
38,230,20.00,1,60.992,60.992,16,18
38,231,20.00,1,76.956,76.956,18,18
38,232,20.00,1,72.998,72.998,18,18
38,233,20.00,1,73.782,73.782,18,18
38,234,20.00,1,68.484,68.484,18,18
38,235,20.00,1,66.659,66.659,17,18
38,236,20.00,1,60.020,60.020,17,18
38,237,20.00,1,59.992,59.992,17,18
38,238,20.00,1,83.968,83.968,18,17
38,239,20.00,1,76.604,76.604,17,17
38,240,20.00,1,66.386,66.386,17,16
38,241,20.00,1,69.020,69.020,16,16
38,242,20.00,1,67.388,67.388,16,15
38,243,20.00,1,64.878,64.878,14,15
38,244,20.00,1,64.576,64.576,13,15
38,245,20.00,1,73.362,73.362,15,15
38,246,20.00,1,72.748,72.748,15,15
38,247,20.00,1,68.119,68.119,15,15
38,248,20.00,1,64.932,64.932,14,15
38,249,20.00,1,68.842,68.842,14,14
39,0,20.00,1,94.291,94.291,14,15
39,1,20.00,1,88.544,88.544,15,15
39,2,20.00,1,71.859,71.859,15,15
39,3,20.00,1,68.584,68.584,15,16
39,4,20.00,1,59.477,59.477,16,14
39,5,20.00,1,60.419,60.419,14,14
39,6,20.00,1,55.558,55.558,14,14
39,7,20.00,1,100.203,100.203,14,14
39,8,20.00,1,90.919,90.919,14,14
39,9,20.00,1,75.191,75.191,14,14
39,10,20.00,1,68.048,68.048,14,14
39,11,20.00,1,72.315,72.315,14,15
39,12,20.00,1,61.438,61.438,14,15
39,13,20.00,1,63.398,63.398,14,15
39,14,20.00,1,107.094,107.094,15,15
39,15,20.00,1,92.623,92.623,15,15
39,16,20.00,1,76.546,76.546,15,15
39,17,20.00,1,64.878,64.878,15,15
39,18,20.00,1,67.198,67.198,15,15
39,19,20.00,1,63.794,63.794,15,14
39,20,20.00,1,69.505,69.505,14,14
39,21,20.00,1,101.381,101.381,14,14
39,22,20.00,1,97.544,97.544,14,13
39,23,20.00,1,76.088,76.088,13,14
39,24,20.00,1,60.982,60.982,14,14
39,25,20.00,1,65.314,65.314,14,14
39,26,20.00,1,67.392,67.392,14,14
39,27,20.00,1,57.589,57.589,14,14
39,28,20.00,1,102.840,102.840,14,14
39,29,20.00,1,93.269,93.269,14,14
39,30,20.00,1,68.405,68.405,14,14
39,31,20.00,1,79.383,79.383,14,15
39,32,20.00,1,74.343,74.343,15,15
39,33,20.00,1,51.108,51.108,14,15
39,34,20.00,1,46.827,46.827,14,15
39,35,20.00,1,71.649,71.649,15,15
39,36,20.00,1,79.334,79.334,15,15
39,37,20.00,1,63.211,63.211,15,16
39,38,20.00,1,62.492,62.492,14,17
39,39,20.00,1,57.690,57.690,15,17
39,40,20.00,1,53.363,53.363,14,17
39,41,20.00,1,52.898,52.898,14,17
39,42,20.00,1,77.864,77.864,16,17
39,43,20.00,1,71.102,71.102,16,17
39,44,20.00,1,65.934,65.934,16,17
39,45,20.00,1,59.159,59.159,15,17
39,46,20.00,1,62.636,62.636,14,16
39,47,20.00,1,50.374,50.374,13,16
39,48,20.00,1,52.509,52.509,13,16
39,49,20.00,1,68.083,68.083,16,16
39,50,20.00,1,69.118,69.118,15,17
39,51,20.00,1,68.940,68.940,16,17
39,52,20.00,1,67.918,67.918,15,18
39,53,20.00,1,63.482,63.482,15,18
39,54,20.00,1,49.225,49.225,15,18
39,55,20.00,1,51.554,51.554,15,18
39,56,20.00,1,71.149,71.149,17,18
39,57,20.00,1,98.811,98.811,17,18
39,58,20.00,1,70.505,70.505,18,18
39,59,20.00,1,66.788,66.788,18,19
39,60,20.00,1,65.888,65.888,18,19
39,61,20.00,1,64.921,64.921,17,19
39,62,20.00,1,69.727,69.727,18,19
39,63,20.00,1,100.712,100.712,19,19
39,64,20.00,1,88.157,88.157,19,20
39,65,20.00,1,72.294,72.294,20,20
39,66,20.00,1,72.917,72.917,19,19
39,67,20.00,1,73.298,73.298,18,19
39,68,20.00,1,65.622,65.622,16,19
39,69,20.00,1,61.556,61.556,17,19
39,70,20.00,1,101.535,101.535,18,19
39,71,20.00,1,89.360,89.360,18,20
39,72,20.00,1,80.020,80.020,20,20
39,73,20.00,1,69.340,69.340,19,19
39,74,20.00,1,67.693,67.693,19,20
39,75,20.00,1,66.596,66.596,19,20
39,76,20.00,1,60.882,60.882,20,20
39,77,20.00,1,105.287,105.287,20,20
39,78,20.00,1,113.592,113.592,19,20
39,79,20.00,1,70.606,70.606,20,20
39,80,20.00,1,64.309,64.309,19,21
39,81,20.00,1,68.681,68.681,21,21
39,82,20.00,1,62.029,62.029,20,22
39,83,20.00,1,70.255,70.255,21,23
39,84,20.00,1,94.319,94.319,22,23
39,85,20.00,1,83.362,83.362,23,21
39,86,20.00,1,66.054,66.054,21,22
39,87,20.00,1,67.476,67.476,22,22
39,88,20.00,1,77.026,77.026,21,22
39,89,20.00,1,67.072,67.072,21,21
39,90,20.00,1,62.835,62.835,19,21
39,91,20.00,1,97.889,97.889,20,21
39,92,20.00,1,96.487,96.487,21,21
39,93,20.00,1,67.207,67.207,20,21
39,94,20.00,1,65.269,65.269,20,21
39,95,20.00,1,59.812,59.812,21,22
39,96,20.00,1,62.263,62.263,21,21
39,97,20.00,1,70.380,70.380,21,21
39,98,20.00,1,89.524,89.524,20,21
39,99,20.00,1,96.635,96.635,20,21
39,100,20.00,1,78.121,78.121,20,21
39,101,20.00,1,65.065,65.065,21,21
39,102,20.00,1,71.292,71.292,20,20
39,103,20.00,1,63.773,63.773,19,20
39,104,20.00,1,60.058,60.058,18,20
39,105,20.00,1,102.942,102.942,20,20
39,106,20.00,1,94.676,94.676,20,20
39,107,20.00,1,72.842,72.842,19,20
39,108,20.00,1,70.551,70.551,19,20
39,109,20.00,1,68.355,68.355,19,20
39,110,20.00,1,62.562,62.562,20,19
39,111,20.00,1,71.545,71.545,19,19
39,112,20.00,1,95.024,95.024,19,18
39,113,20.00,1,100.348,100.348,17,19
39,114,20.00,1,71.270,71.270,19,19
39,115,20.00,1,69.708,69.708,18,19
39,116,20.00,1,70.421,70.421,19,20
39,117,20.00,1,72.654,72.654,20,19
39,118,20.00,1,63.359,63.359,18,18
39,119,20.00,1,89.643,89.643,18,19
39,120,20.00,1,87.486,87.486,19,18
39,121,20.00,1,69.701,69.701,18,18
39,122,20.00,1,80.362,80.362,18,18
39,123,20.00,1,63.879,63.879,18,18
39,124,20.00,1,69.786,69.786,18,18
39,125,20.00,1,62.841,62.841,18,17
39,126,20.00,1,106.938,106.938,17,17
39,127,20.00,1,98.169,98.169,17,18
39,128,20.00,1,69.246,69.246,18,18
39,129,20.00,1,64.376,64.376,18,18
39,130,20.00,1,70.495,70.495,18,17
39,131,20.00,1,61.895,61.895,17,17
39,132,20.00,1,61.260,61.260,17,17
39,133,20.00,1,114.387,114.387,17,17
39,134,20.00,1,98.037,98.037,17,17
39,135,20.00,1,75.192,75.192,17,17
39,136,20.00,1,64.506,64.506,17,17
39,137,20.00,1,72.400,72.400,17,17
39,138,20.00,1,70.734,70.734,16,17
39,139,20.00,1,67.393,67.393,16,17
39,140,20.00,1,96.578,96.578,17,17
39,141,20.00,1,106.732,106.732,17,16
39,142,20.00,1,76.454,76.454,16,17
39,143,20.00,1,70.736,70.736,17,17
39,144,20.00,1,66.078,66.078,17,18
39,145,20.00,1,60.835,60.835,18,18
39,146,20.00,1,72.806,72.806,18,17
39,147,20.00,1,100.236,100.236,17,16
39,148,20.00,1,89.583,89.583,16,16
39,149,20.00,1,77.714,77.714,16,16
39,150,20.00,1,80.004,80.004,15,17
39,151,20.00,1,69.948,69.948,16,17
39,152,20.00,1,61.135,61.135,16,17
39,153,20.00,1,63.270,63.270,16,17
39,154,20.00,1,94.571,94.571,17,17
39,155,20.00,1,82.351,82.351,17,17
39,156,20.00,1,77.438,77.438,17,17
39,157,20.00,1,68.389,68.389,17,17
39,158,20.00,1,67.372,67.372,17,17
39,159,20.00,1,65.075,65.075,17,17
39,160,20.00,1,63.149,63.149,17,17
39,161,20.00,1,94.652,94.652,17,17
39,162,20.00,1,108.122,108.122,17,17
39,163,20.00,1,73.402,73.402,17,18
39,164,20.00,1,65.343,65.343,18,17
39,165,20.00,1,64.567,64.567,17,17
39,166,20.00,1,64.401,64.401,17,17
39,167,20.00,1,64.887,64.887,17,17
39,168,20.00,1,94.863,94.863,17,16
39,169,20.00,1,87.369,87.369,16,16
39,170,20.00,1,66.969,66.969,16,16
39,171,20.00,1,49.668,49.668,16,16
39,172,20.00,1,47.498,47.498,15,17
39,173,20.00,1,53.666,53.666,16,17
39,174,20.00,1,55.500,55.500,16,17
39,175,20.00,1,80.819,80.819,17,17
39,176,20.00,1,71.140,71.140,17,17
39,177,20.00,1,65.883,65.883,17,17
39,178,20.00,1,56.218,56.218,16,17
39,179,20.00,1,51.480,51.480,15,17
39,180,20.00,1,57.639,57.639,15,16
39,181,20.00,1,51.530,51.530,14,16
39,182,20.00,1,70.160,70.160,16,16
39,183,20.00,1,71.499,71.499,16,16
39,184,20.00,1,66.540,66.540,16,16
39,185,20.00,1,64.742,64.742,15,16
39,186,20.00,1,54.683,54.683,14,16
39,187,20.00,1,51.755,51.755,14,16
39,188,20.00,1,51.857,51.857,13,16
39,189,20.00,1,69.135,69.135,16,16
39,190,20.00,1,65.082,65.082,16,15
39,191,20.00,1,69.714,69.714,15,14
39,192,20.00,1,67.902,67.902,13,14
39,193,20.00,1,53.739,53.739,12,14
39,194,20.00,1,58.214,58.214,12,14
39,195,20.00,1,50.956,50.956,12,14
39,196,20.00,1,87.200,87.200,14,13
39,197,20.00,1,62.037,62.037,13,14
39,198,20.00,1,74.927,74.927,14,15
39,199,20.00,1,57.572,57.572,13,14
39,200,20.00,1,52.893,52.893,12,14
39,201,20.00,1,51.598,51.598,11,15
39,202,20.00,1,49.837,49.837,12,15
39,203,20.00,1,73.860,73.860,14,18
39,204,20.00,1,63.163,63.163,17,19
39,205,20.00,1,75.099,75.099,17,19
39,206,20.00,1,61.937,61.937,17,19
39,207,20.00,1,52.887,52.887,16,19
39,208,20.00,1,56.283,56.283,16,18
39,209,20.00,1,50.549,50.549,14,18
39,210,20.00,1,60.295,60.295,17,18
39,211,20.00,1,70.280,70.280,17,17
39,212,20.00,1,72.326,72.326,16,17
39,213,20.00,1,66.756,66.756,15,17
39,214,20.00,1,61.002,61.002,14,17
39,215,20.00,1,50.379,50.379,14,17
39,216,20.00,1,56.882,56.882,14,17
39,217,20.00,1,78.602,78.602,16,16
39,218,20.00,1,72.023,72.023,15,16
39,219,20.00,1,65.000,65.000,15,17
39,220,20.00,1,62.064,62.064,15,16
39,221,20.00,1,58.434,58.434,14,16
39,222,20.00,1,51.536,51.536,13,17
39,223,20.00,1,49.337,49.337,14,18
39,224,20.00,1,71.143,71.143,17,18
39,225,20.00,1,65.893,65.893,17,18
39,226,20.00,1,66.656,66.656,16,18
39,227,20.00,1,66.212,66.212,16,18
39,228,20.00,1,58.208,58.208,15,18
39,229,20.00,1,52.064,52.064,15,18
39,230,20.00,1,52.656,52.656,15,18
39,231,20.00,1,96.952,96.952,17,18
39,232,20.00,1,101.817,101.817,18,18
39,233,20.00,1,77.597,77.597,17,18
39,234,20.00,1,68.702,68.702,17,17
39,235,20.00,1,64.860,64.860,16,17
39,236,20.00,1,67.941,67.941,16,16
39,237,20.00,1,63.431,63.431,16,16
39,238,20.00,1,107.831,107.831,16,16
39,239,20.00,1,89.339,89.339,16,16
39,240,20.00,1,75.055,75.055,16,17
39,241,20.00,1,64.928,64.928,17,17
39,242,20.00,1,59.826,59.826,17,15
39,243,20.00,1,58.854,58.854,15,15
39,244,20.00,1,61.448,61.448,15,15
39,245,20.00,1,98.682,98.682,15,16
39,246,20.00,1,102.701,102.701,16,16
39,247,20.00,1,73.037,73.037,16,16
39,248,20.00,1,64.959,64.959,16,17
39,249,20.00,1,68.504,68.504,17,17
