experiment,replicate,day,community,new_adopters,active
S3-E1,0,0,A,1,3
S3-E1,0,0,B,0,2
S3-E1,0,0,C,0,1
S3-E1,0,1,A,1,4
S3-E1,0,1,B,0,2
S3-E1,0,1,C,0,1
S3-E1,0,2,A,0,4
S3-E1,0,2,B,0,2
S3-E1,0,2,C,0,1
S3-E1,0,3,A,0,4
S3-E1,0,3,B,1,3
S3-E1,0,3,C,0,1
S3-E1,0,4,A,0,4
S3-E1,0,4,B,0,3
S3-E1,0,4,C,0,1
S3-E1,0,5,A,0,4
S3-E1,0,5,B,0,3
S3-E1,0,5,C,0,1
S3-E1,0,6,A,1,5
S3-E1,0,6,B,0,3
S3-E1,0,6,C,0,1
S3-E1,0,7,A,0,5
S3-E1,0,7,B,0,3
S3-E1,0,7,C,0,1
S3-E1,0,8,A,0,5
S3-E1,0,8,B,0,3
S3-E1,0,8,C,0,1
S3-E1,0,9,A,0,5
S3-E1,0,9,B,0,3
S3-E1,0,9,C,0,1
S3-E1,0,10,A,0,4
S3-E1,0,10,B,0,2
S3-E1,0,10,C,0,1
S3-E1,0,11,A,0,4
S3-E1,0,11,B,1,3
S3-E1,0,11,C,0,0
S3-E1,0,12,A,0,3
S3-E1,0,12,B,0,3
S3-E1,0,12,C,0,0
S3-E1,0,13,A,1,4
S3-E1,0,13,B,0,3
S3-E1,0,13,C,0,0
S3-E1,0,14,A,0,4
S3-E1,0,14,B,0,3
S3-E1,0,14,C,0,0
S3-E1,0,15,A,0,4
S3-E1,0,15,B,0,3
S3-E1,0,15,C,0,0
S3-E1,0,16,A,0,4
S3-E1,0,16,B,0,3
S3-E1,0,16,C,1,1
S3-E1,0,17,A,0,4
S3-E1,0,17,B,0,2
S3-E1,0,17,C,0,1
S3-E1,0,18,A,0,4
S3-E1,0,18,B,0,2
S3-E1,0,18,C,0,1
S3-E1,0,19,A,0,3
S3-E1,0,19,B,0,2
S3-E1,0,19,C,0,1
S3-E1,0,20,A,0,3
S3-E1,0,20,B,3,20
S3-E1,0,20,C,0,1
S3-E1,0,21,A,0,3
S3-E1,0,21,B,2,22
S3-E1,0,21,C,0,1
S3-E1,0,22,A,1,3
S3-E1,0,22,B,2,24
S3-E1,0,22,C,0,1
S3-E1,0,23,A,0,3
S3-E1,0,23,B,0,24
S3-E1,0,23,C,0,1
S3-E1,0,24,A,0,2
S3-E1,0,24,B,1,25
S3-E1,0,24,C,0,1
S3-E1,0,25,A,1,3
S3-E1,0,25,B,1,26
S3-E1,0,25,C,0,1
S3-E1,0,26,A,0,3
S3-E1,0,26,B,2,28
S3-E1,0,26,C,0,1
S3-E1,0,27,A,2,5
S3-E1,0,27,B,4,32
S3-E1,0,27,C,0,1
S3-E1,0,28,A,0,5
S3-E1,0,28,B,0,32
S3-E1,0,28,C,0,1
S3-E1,0,29,A,0,5
S3-E1,0,29,B,0,32
S3-E1,0,29,C,0,1
S3-E1,0,30,A,0,5
S3-E1,0,30,B,1,33
S3-E1,0,30,C,0,0
S3-E1,0,31,A,0,4
S3-E1,0,31,B,2,35
S3-E1,0,31,C,1,1
S3-E1,0,32,A,2,6
S3-E1,0,32,B,2,35
S3-E1,0,32,C,1,2
S3-E1,0,33,A,0,6
S3-E1,0,33,B,2,36
S3-E1,0,33,C,0,2
S3-E1,0,34,A,0,6
S3-E1,0,34,B,5,38
S3-E1,0,34,C,0,2
S3-E1,0,35,A,1,7
S3-E1,0,35,B,1,37
S3-E1,0,35,C,0,2
S3-E1,0,36,A,0,7
S3-E1,0,36,B,4,39
S3-E1,0,36,C,0,2
S3-E1,0,37,A,0,7
S3-E1,0,37,B,2,40
S3-E1,0,37,C,0,2
S3-E1,0,38,A,0,6
S3-E1,0,38,B,1,40
S3-E1,0,38,C,0,2
S3-E1,0,39,A,0,6
S3-E1,0,39,B,3,43
S3-E1,0,39,C,1,3
S3-E1,0,40,A,0,6
S3-E1,0,40,B,3,46
S3-E1,0,40,C,0,3
S3-E1,0,41,A,1,6
S3-E1,0,41,B,1,43
S3-E1,0,41,C,2,5
S3-E1,0,42,A,0,6
S3-E1,0,42,B,1,42
S3-E1,0,42,C,1,6
S3-E1,0,43,A,0,6
S3-E1,0,43,B,2,42
S3-E1,0,43,C,1,7
S3-E1,0,44,A,0,6
S3-E1,0,44,B,1,43
S3-E1,0,44,C,1,8
S3-E1,0,45,A,1,6
S3-E1,0,45,B,0,42
S3-E1,0,45,C,0,8
S3-E1,0,46,A,1,7
S3-E1,0,46,B,1,43
S3-E1,0,46,C,1,9
S3-E1,0,47,A,1,7
S3-E1,0,47,B,1,41
S3-E1,0,47,C,2,11
S3-E1,0,48,A,0,7
S3-E1,0,48,B,1,38
S3-E1,0,48,C,0,11
S3-E1,0,49,A,0,7
S3-E1,0,49,B,0,35
S3-E1,0,49,C,4,15
S3-E1,0,50,A,0,6
S3-E1,0,50,B,2,36
S3-E1,0,50,C,1,15
S3-E1,0,51,A,0,6
S3-E1,0,51,B,1,34
S3-E1,0,51,C,0,15
S3-E1,0,52,A,0,6
S3-E1,0,52,B,2,36
S3-E1,0,52,C,4,19
S3-E1,0,53,A,1,7
S3-E1,0,53,B,0,36
S3-E1,0,53,C,4,23
S3-E1,0,54,A,1,8
S3-E1,0,54,B,1,37
S3-E1,0,54,C,2,25
S3-E1,0,55,A,0,8
S3-E1,0,55,B,1,36
S3-E1,0,55,C,3,27
S3-E1,0,56,A,0,7
S3-E1,0,56,B,0,35
S3-E1,0,56,C,3,30
S3-E1,0,57,A,0,7
S3-E1,0,57,B,0,30
S3-E1,0,57,C,6,36
S3-E1,0,58,A,2,9
S3-E1,0,58,B,0,27
S3-E1,0,58,C,4,39
S3-E1,0,59,A,0,8
S3-E1,0,59,B,0,24
S3-E1,0,59,C,3,41
S3-E1,0,60,A,0,8
S3-E1,0,60,B,0,24
S3-E1,0,60,C,4,43
S3-E1,0,61,A,0,6
S3-E1,0,61,B,2,26
S3-E1,0,61,C,5,46
S3-E1,0,62,A,1,7
S3-E1,0,62,B,2,26
S3-E1,0,62,C,4,50
S3-E1,0,63,A,0,7
S3-E1,0,63,B,0,25
S3-E1,0,63,C,6,56
S3-E1,0,64,A,2,8
S3-E1,0,64,B,0,24
S3-E1,0,64,C,5,60
S3-E1,0,65,A,0,8
S3-E1,0,65,B,0,21
S3-E1,0,65,C,3,60
S3-E1,0,66,A,0,7
S3-E1,0,66,B,1,20
S3-E1,0,66,C,5,64
S3-E1,0,67,A,0,7
S3-E1,0,67,B,0,20
S3-E1,0,67,C,4,66
S3-E1,0,68,A,0,7
S3-E1,0,68,B,2,21
S3-E1,0,68,C,2,68
S3-E1,0,69,A,0,7
S3-E1,0,69,B,1,22
S3-E1,0,69,C,2,69
S3-E1,0,70,A,0,7
S3-E1,0,70,B,1,19
S3-E1,0,70,C,1,64
S3-E1,0,71,A,1,7
S3-E1,0,71,B,2,21
S3-E1,0,71,C,1,64
S3-E1,0,72,A,0,7
S3-E1,0,72,B,0,21
S3-E1,0,72,C,1,64
S3-E1,0,73,A,0,7
S3-E1,0,73,B,0,21
S3-E1,0,73,C,0,63
S3-E1,0,74,A,1,7
S3-E1,0,74,B,0,21
S3-E1,0,74,C,1,61
S3-E1,0,75,A,0,7
S3-E1,0,75,B,1,22
S3-E1,0,75,C,0,57
S3-E1,0,76,A,0,7
S3-E1,0,76,B,0,20
S3-E1,0,76,C,1,57
S3-E1,0,77,A,0,6
S3-E1,0,77,B,0,18
S3-E1,0,77,C,2,53
S3-E1,0,78,A,1,7
S3-E1,0,78,B,1,17
S3-E1,0,78,C,0,50
S3-E1,0,79,A,0,7
S3-E1,0,79,B,0,16
S3-E1,0,79,C,1,47
S3-E1,0,80,A,0,7
S3-E1,0,80,B,0,16
S3-E1,0,80,C,0,44
S3-E1,0,81,A,1,6
S3-E1,0,81,B,0,16
S3-E1,0,81,C,0,39
S3-E1,0,82,A,0,6
S3-E1,0,82,B,0,15
S3-E1,0,82,C,0,34
S3-E1,0,83,A,0,6
S3-E1,0,83,B,0,14
S3-E1,0,83,C,0,28
S3-E1,0,84,A,1,7
S3-E1,0,84,B,0,14
S3-E1,0,84,C,0,25
S3-E1,0,85,A,1,8
S3-E1,0,85,B,1,13
S3-E1,0,85,C,1,22
S3-E1,0,86,A,1,7
S3-E1,0,86,B,0,13
S3-E1,0,86,C,0,21
S3-E1,0,87,A,1,7
S3-E1,0,87,B,0,11
S3-E1,0,87,C,0,19
S3-E1,0,88,A,2,9
S3-E1,0,88,B,0,11
S3-E1,0,88,C,0,18
S3-E1,0,89,A,0,9
S3-E1,0,89,B,0,11
S3-E1,0,89,C,0,18
S3-E1,0,90,A,0,9
S3-E1,0,90,B,0,11
S3-E1,0,90,C,0,18
S3-E1,0,91,A,0,9
S3-E1,0,91,B,0,7
S3-E1,0,91,C,1,17
S3-E1,0,92,A,0,9
S3-E1,0,92,B,1,8
S3-E1,0,92,C,1,18
S3-E1,0,93,A,1,10
S3-E1,0,93,B,0,7
S3-E1,0,93,C,0,17
S3-E1,0,94,A,0,10
S3-E1,0,94,B,0,7
S3-E1,0,94,C,0,15
S3-E1,0,95,A,0,10
S3-E1,0,95,B,0,6
S3-E1,0,95,C,0,13
S3-E1,0,96,A,0,9
S3-E1,0,96,B,1,7
S3-E1,0,96,C,0,12
S3-E1,0,97,A,0,9
S3-E1,0,97,B,1,6
S3-E1,0,97,C,0,11
S3-E1,0,98,A,0,8
S3-E1,0,98,B,0,6
S3-E1,0,98,C,0,10
S3-E1,0,99,A,0,8
S3-E1,0,99,B,0,5
S3-E1,0,99,C,0,9
S3-E1,0,100,A,0,8
S3-E1,0,100,B,0,5
S3-E1,0,100,C,0,9
S3-E1,0,101,A,1,7
S3-E1,0,101,B,0,5
S3-E1,0,101,C,0,9
S3-E1,0,102,A,0,7
S3-E1,0,102,B,0,5
S3-E1,0,102,C,0,9
S3-E1,0,103,A,0,6
S3-E1,0,103,B,0,5
S3-E1,0,103,C,1,9
S3-E1,0,104,A,0,6
S3-E1,0,104,B,0,5
S3-E1,0,104,C,0,9
S3-E1,0,105,A,1,5
S3-E1,0,105,B,0,3
S3-E1,0,105,C,0,7
S3-E1,0,106,A,0,4
S3-E1,0,106,B,0,3
S3-E1,0,106,C,2,8
S3-E1,0,107,A,0,4
S3-E1,0,107,B,0,3
S3-E1,0,107,C,0,7
S3-E1,0,108,A,0,4
S3-E1,0,108,B,0,3
S3-E1,0,108,C,0,6
S3-E1,0,109,A,0,4
S3-E1,0,109,B,0,3
S3-E1,0,109,C,0,6
S3-E1,0,110,A,0,4
S3-E1,0,110,B,0,3
S3-E1,0,110,C,0,6
S3-E1,0,111,A,0,4
S3-E1,0,111,B,0,3
S3-E1,0,111,C,0,6
S3-E1,0,112,A,0,4
S3-E1,0,112,B,0,3
S3-E1,0,112,C,0,6
S3-E1,0,113,A,0,3
S3-E1,0,113,B,0,3
S3-E1,0,113,C,0,6
S3-E1,0,114,A,0,3
S3-E1,0,114,B,0,3
S3-E1,0,114,C,0,6
S3-E1,0,115,A,0,3
S3-E1,0,115,B,0,3
S3-E1,0,115,C,0,6
S3-E1,0,116,A,1,4
S3-E1,0,116,B,0,2
S3-E1,0,116,C,0,6
S3-E1,0,117,A,0,4
S3-E1,0,117,B,0,2
S3-E1,0,117,C,0,4
S3-E1,0,118,A,0,4
S3-E1,0,118,B,1,1
S3-E1,0,118,C,0,4
S3-E1,0,119,A,0,4
S3-E1,0,119,B,0,1
S3-E1,0,119,C,0,3
S3-E1,1,0,A,0,2
S3-E1,1,0,B,0,4
S3-E1,1,0,C,0,5
S3-E1,1,1,A,1,3
S3-E1,1,1,B,0,4
S3-E1,1,1,C,0,5
S3-E1,1,2,A,0,3
S3-E1,1,2,B,0,4
S3-E1,1,2,C,0,5
S3-E1,1,3,A,0,2
S3-E1,1,3,B,0,4
S3-E1,1,3,C,0,5
S3-E1,1,4,A,0,2
S3-E1,1,4,B,0,4
S3-E1,1,4,C,0,5
S3-E1,1,5,A,1,3
S3-E1,1,5,B,0,4
S3-E1,1,5,C,0,4
S3-E1,1,6,A,1,4
S3-E1,1,6,B,0,3
S3-E1,1,6,C,0,4
S3-E1,1,7,A,0,4
S3-E1,1,7,B,0,3
S3-E1,1,7,C,0,4
S3-E1,1,8,A,1,5
S3-E1,1,8,B,0,2
S3-E1,1,8,C,0,4
S3-E1,1,9,A,0,5
S3-E1,1,9,B,0,2
S3-E1,1,9,C,0,4
S3-E1,1,10,A,1,6
S3-E1,1,10,B,4,6
S3-E1,1,10,C,1,5
S3-E1,1,11,A,0,6
S3-E1,1,11,B,1,7
S3-E1,1,11,C,1,6
S3-E1,1,12,A,0,6
S3-E1,1,12,B,1,8
S3-E1,1,12,C,0,6
S3-E1,1,13,A,0,6
S3-E1,1,13,B,0,8
S3-E1,1,13,C,2,8
S3-E1,1,14,A,0,6
S3-E1,1,14,B,0,8
S3-E1,1,14,C,0,7
S3-E1,1,15,A,1,6
S3-E1,1,15,B,0,8
S3-E1,1,15,C,2,9
S3-E1,1,16,A,0,6
S3-E1,1,16,B,1,8
S3-E1,1,16,C,1,10
S3-E1,1,17,A,0,6
S3-E1,1,17,B,1,9
S3-E1,1,17,C,0,10
S3-E1,1,18,A,0,6
S3-E1,1,18,B,2,11
S3-E1,1,18,C,0,10
S3-E1,1,19,A,0,6
S3-E1,1,19,B,0,11
S3-E1,1,19,C,0,9
S3-E1,1,20,A,1,7
S3-E1,1,20,B,1,27
S3-E1,1,20,C,1,10
S3-E1,1,21,A,0,6
S3-E1,1,21,B,1,28
S3-E1,1,21,C,0,10
S3-E1,1,22,A,0,6
S3-E1,1,22,B,2,30
S3-E1,1,22,C,0,10
S3-E1,1,23,A,0,6
S3-E1,1,23,B,2,32
S3-E1,1,23,C,1,11
S3-E1,1,24,A,0,6
S3-E1,1,24,B,4,36
S3-E1,1,24,C,0,11
S3-E1,1,25,A,0,5
S3-E1,1,25,B,6,42
S3-E1,1,25,C,0,10
S3-E1,1,26,A,0,4
S3-E1,1,26,B,1,43
S3-E1,1,26,C,0,9
S3-E1,1,27,A,0,3
S3-E1,1,27,B,2,44
S3-E1,1,27,C,3,12
S3-E1,1,28,A,0,2
S3-E1,1,28,B,1,45
S3-E1,1,28,C,2,14
S3-E1,1,29,A,0,2
S3-E1,1,29,B,1,46
S3-E1,1,29,C,0,14
S3-E1,1,30,A,0,2
S3-E1,1,30,B,2,48
S3-E1,1,30,C,1,15
S3-E1,1,31,A,0,2
S3-E1,1,31,B,2,50
S3-E1,1,31,C,1,16
S3-E1,1,32,A,0,2
S3-E1,1,32,B,0,48
S3-E1,1,32,C,0,16
S3-E1,1,33,A,0,2
S3-E1,1,33,B,2,47
S3-E1,1,33,C,0,14
S3-E1,1,34,A,1,3
S3-E1,1,34,B,1,44
S3-E1,1,34,C,0,14
S3-E1,1,35,A,0,3
S3-E1,1,35,B,3,45
S3-E1,1,35,C,1,15
S3-E1,1,36,A,1,4
S3-E1,1,36,B,1,43
S3-E1,1,36,C,3,17
S3-E1,1,37,A,1,5
S3-E1,1,37,B,1,42
S3-E1,1,37,C,2,18
S3-E1,1,38,A,2,7
S3-E1,1,38,B,0,40
S3-E1,1,38,C,0,18
S3-E1,1,39,A,1,8
S3-E1,1,39,B,0,39
S3-E1,1,39,C,0,18
S3-E1,1,40,A,0,8
S3-E1,1,40,B,0,36
S3-E1,1,40,C,0,17
S3-E1,1,41,A,1,9
S3-E1,1,41,B,0,32
S3-E1,1,41,C,0,14
S3-E1,1,42,A,1,10
S3-E1,1,42,B,0,31
S3-E1,1,42,C,0,14
S3-E1,1,43,A,0,10
S3-E1,1,43,B,1,30
S3-E1,1,43,C,2,15
S3-E1,1,44,A,1,10
S3-E1,1,44,B,0,27
S3-E1,1,44,C,0,15
S3-E1,1,45,A,1,10
S3-E1,1,45,B,1,24
S3-E1,1,45,C,2,17
S3-E1,1,46,A,2,12
S3-E1,1,46,B,0,24
S3-E1,1,46,C,0,17
S3-E1,1,47,A,0,11
S3-E1,1,47,B,0,21
S3-E1,1,47,C,1,18
S3-E1,1,48,A,0,11
S3-E1,1,48,B,0,19
S3-E1,1,48,C,1,16
S3-E1,1,49,A,0,11
S3-E1,1,49,B,0,17
S3-E1,1,49,C,3,19
S3-E1,1,50,A,1,12
S3-E1,1,50,B,0,17
S3-E1,1,50,C,0,17
S3-E1,1,51,A,3,14
S3-E1,1,51,B,0,16
S3-E1,1,51,C,2,19
S3-E1,1,52,A,1,14
S3-E1,1,52,B,0,15
S3-E1,1,52,C,1,19
S3-E1,1,53,A,1,15
S3-E1,1,53,B,0,13
S3-E1,1,53,C,0,19
S3-E1,1,54,A,0,15
S3-E1,1,54,B,0,11
S3-E1,1,54,C,0,18
S3-E1,1,55,A,1,15
S3-E1,1,55,B,0,9
S3-E1,1,55,C,0,18
S3-E1,1,56,A,0,14
S3-E1,1,56,B,0,8
S3-E1,1,56,C,1,18
S3-E1,1,57,A,1,15
S3-E1,1,57,B,0,8
S3-E1,1,57,C,1,19
S3-E1,1,58,A,1,16
S3-E1,1,58,B,0,7
S3-E1,1,58,C,1,19
S3-E1,1,59,A,0,15
S3-E1,1,59,B,0,6
S3-E1,1,59,C,0,18
S3-E1,1,60,A,0,15
S3-E1,1,60,B,1,6
S3-E1,1,60,C,0,18
S3-E1,1,61,A,0,14
S3-E1,1,61,B,0,6
S3-E1,1,61,C,1,18
S3-E1,1,62,A,3,17
S3-E1,1,62,B,0,6
S3-E1,1,62,C,1,18
S3-E1,1,63,A,1,18
S3-E1,1,63,B,0,5
S3-E1,1,63,C,1,18
S3-E1,1,64,A,2,19
S3-E1,1,64,B,0,5
S3-E1,1,64,C,1,19
S3-E1,1,65,A,2,19
S3-E1,1,65,B,1,5
S3-E1,1,65,C,2,18
S3-E1,1,66,A,0,18
S3-E1,1,66,B,0,5
S3-E1,1,66,C,0,17
S3-E1,1,67,A,0,18
S3-E1,1,67,B,1,6
S3-E1,1,67,C,0,17
S3-E1,1,68,A,0,18
S3-E1,1,68,B,1,7
S3-E1,1,68,C,0,17
S3-E1,1,69,A,0,18
S3-E1,1,69,B,0,7
S3-E1,1,69,C,0,17
S3-E1,1,70,A,0,17
S3-E1,1,70,B,0,7
S3-E1,1,70,C,0,15
S3-E1,1,71,A,0,15
S3-E1,1,71,B,0,7
S3-E1,1,71,C,1,13
S3-E1,1,72,A,3,18
S3-E1,1,72,B,0,7
S3-E1,1,72,C,0,11
S3-E1,1,73,A,1,19
S3-E1,1,73,B,1,8
S3-E1,1,73,C,1,12
S3-E1,1,74,A,0,19
S3-E1,1,74,B,0,7
S3-E1,1,74,C,1,11
S3-E1,1,75,A,1,17
S3-E1,1,75,B,1,7
S3-E1,1,75,C,0,11
S3-E1,1,76,A,1,16
S3-E1,1,76,B,1,8
S3-E1,1,76,C,0,11
S3-E1,1,77,A,1,17
S3-E1,1,77,B,0,8
S3-E1,1,77,C,0,10
S3-E1,1,78,A,0,16
S3-E1,1,78,B,0,8
S3-E1,1,78,C,0,8
S3-E1,1,79,A,0,16
S3-E1,1,79,B,0,8
S3-E1,1,79,C,0,8
S3-E1,1,80,A,0,16
S3-E1,1,80,B,0,8
S3-E1,1,80,C,0,7
S3-E1,1,81,A,0,15
S3-E1,1,81,B,0,8
S3-E1,1,81,C,2,8
S3-E1,1,82,A,1,16
S3-E1,1,82,B,0,6
S3-E1,1,82,C,0,8
S3-E1,1,83,A,0,16
S3-E1,1,83,B,0,5
S3-E1,1,83,C,0,8
S3-E1,1,84,A,0,14
S3-E1,1,84,B,0,5
S3-E1,1,84,C,0,8
S3-E1,1,85,A,0,14
S3-E1,1,85,B,0,5
S3-E1,1,85,C,0,8
S3-E1,1,86,A,0,12
S3-E1,1,86,B,0,4
S3-E1,1,86,C,0,6
S3-E1,1,87,A,0,11
S3-E1,1,87,B,1,5
S3-E1,1,87,C,1,7
S3-E1,1,88,A,0,10
S3-E1,1,88,B,0,5
S3-E1,1,88,C,0,7
S3-E1,1,89,A,1,10
S3-E1,1,89,B,0,4
S3-E1,1,89,C,0,7
S3-E1,1,90,A,0,9
S3-E1,1,90,B,0,4
S3-E1,1,90,C,0,7
S3-E1,1,91,A,1,10
S3-E1,1,91,B,0,4
S3-E1,1,91,C,0,7
S3-E1,1,92,A,0,7
S3-E1,1,92,B,0,3
S3-E1,1,92,C,0,7
S3-E1,1,93,A,0,7
S3-E1,1,93,B,0,3
S3-E1,1,93,C,0,7
S3-E1,1,94,A,0,7
S3-E1,1,94,B,0,3
S3-E1,1,94,C,0,7
S3-E1,1,95,A,0,6
S3-E1,1,95,B,0,3
S3-E1,1,95,C,0,7
S3-E1,1,96,A,0,6
S3-E1,1,96,B,0,3
S3-E1,1,96,C,0,6
S3-E1,1,97,A,0,6
S3-E1,1,97,B,1,4
S3-E1,1,97,C,0,6
S3-E1,1,98,A,1,6
S3-E1,1,98,B,0,3
S3-E1,1,98,C,0,6
S3-E1,1,99,A,0,6
S3-E1,1,99,B,0,3
S3-E1,1,99,C,0,5
S3-E1,1,100,A,0,6
S3-E1,1,100,B,0,3
S3-E1,1,100,C,0,4
S3-E1,1,101,A,0,6
S3-E1,1,101,B,0,2
S3-E1,1,101,C,0,4
S3-E1,1,102,A,1,7
S3-E1,1,102,B,0,1
S3-E1,1,102,C,0,3
S3-E1,1,103,A,0,6
S3-E1,1,103,B,0,1
S3-E1,1,103,C,0,2
S3-E1,1,104,A,0,6
S3-E1,1,104,B,0,1
S3-E1,1,104,C,0,2
S3-E1,1,105,A,0,6
S3-E1,1,105,B,1,2
S3-E1,1,105,C,0,2
S3-E1,1,106,A,0,6
S3-E1,1,106,B,0,2
S3-E1,1,106,C,0,2
S3-E1,1,107,A,0,6
S3-E1,1,107,B,0,2
S3-E1,1,107,C,0,2
S3-E1,1,108,A,0,6
S3-E1,1,108,B,0,2
S3-E1,1,108,C,0,2
S3-E1,1,109,A,0,6
S3-E1,1,109,B,0,2
S3-E1,1,109,C,0,2
S3-E1,1,110,A,0,6
S3-E1,1,110,B,0,2
S3-E1,1,110,C,1,3
S3-E1,1,111,A,0,4
S3-E1,1,111,B,0,2
S3-E1,1,111,C,0,3
S3-E1,1,112,A,0,4
S3-E1,1,112,B,0,2
S3-E1,1,112,C,0,3
S3-E1,1,113,A,0,4
S3-E1,1,113,B,0,2
S3-E1,1,113,C,0,3
S3-E1,1,114,A,0,4
S3-E1,1,114,B,0,2
S3-E1,1,114,C,0,3
S3-E1,1,115,A,0,4
S3-E1,1,115,B,0,2
S3-E1,1,115,C,0,3
S3-E1,1,116,A,0,3
S3-E1,1,116,B,1,3
S3-E1,1,116,C,0,3
S3-E1,1,117,A,0,3
S3-E1,1,117,B,0,3
S3-E1,1,117,C,0,3
S3-E1,1,118,A,3,6
S3-E1,1,118,B,0,3
S3-E1,1,118,C,0,3
S3-E1,1,119,A,1,6
S3-E1,1,119,B,0,3
S3-E1,1,119,C,1,4
S3-E1,2,0,A,0,3
S3-E1,2,0,B,1,20
S3-E1,2,0,C,0,9
S3-E1,2,1,A,0,3
S3-E1,2,1,B,1,21
S3-E1,2,1,C,0,9
S3-E1,2,2,A,0,3
S3-E1,2,2,B,0,20
S3-E1,2,2,C,1,10
S3-E1,2,3,A,0,3
S3-E1,2,3,B,3,23
S3-E1,2,3,C,0,10
S3-E1,2,4,A,0,3
S3-E1,2,4,B,0,23
S3-E1,2,4,C,2,12
S3-E1,2,5,A,1,2
S3-E1,2,5,B,1,24
S3-E1,2,5,C,1,13
S3-E1,2,6,A,0,2
S3-E1,2,6,B,1,25
S3-E1,2,6,C,2,14
S3-E1,2,7,A,0,2
S3-E1,2,7,B,0,23
S3-E1,2,7,C,1,15
S3-E1,2,8,A,0,2
S3-E1,2,8,B,0,23
S3-E1,2,8,C,1,15
S3-E1,2,9,A,0,2
S3-E1,2,9,B,2,24
S3-E1,2,9,C,0,15
S3-E1,2,10,A,0,2
S3-E1,2,10,B,1,25
S3-E1,2,10,C,4,19
S3-E1,2,11,A,2,4
S3-E1,2,11,B,0,24
S3-E1,2,11,C,1,20
S3-E1,2,12,A,1,4
S3-E1,2,12,B,0,24
S3-E1,2,12,C,1,21
S3-E1,2,13,A,1,5
S3-E1,2,13,B,0,23
S3-E1,2,13,C,0,20
S3-E1,2,14,A,1,6
S3-E1,2,14,B,1,22
S3-E1,2,14,C,1,20
S3-E1,2,15,A,0,6
S3-E1,2,15,B,1,23
S3-E1,2,15,C,2,21
S3-E1,2,16,A,0,6
S3-E1,2,16,B,0,20
S3-E1,2,16,C,1,22
S3-E1,2,17,A,1,7
S3-E1,2,17,B,0,15
S3-E1,2,17,C,0,22
S3-E1,2,18,A,0,7
S3-E1,2,18,B,2,17
S3-E1,2,18,C,0,22
S3-E1,2,19,A,0,7
S3-E1,2,19,B,0,16
S3-E1,2,19,C,0,17
S3-E1,2,20,A,0,6
S3-E1,2,20,B,2,33
S3-E1,2,20,C,2,18
S3-E1,2,21,A,0,6
S3-E1,2,21,B,3,35
S3-E1,2,21,C,1,17
S3-E1,2,22,A,0,6
S3-E1,2,22,B,1,35
S3-E1,2,22,C,1,18
S3-E1,2,23,A,0,6
S3-E1,2,23,B,2,35
S3-E1,2,23,C,2,18
S3-E1,2,24,A,0,6
S3-E1,2,24,B,0,35
S3-E1,2,24,C,2,20
S3-E1,2,25,A,1,6
S3-E1,2,25,B,1,35
S3-E1,2,25,C,4,24
S3-E1,2,26,A,1,6
S3-E1,2,26,B,2,36
S3-E1,2,26,C,4,27
S3-E1,2,27,A,1,7
S3-E1,2,27,B,2,38
S3-E1,2,27,C,0,27
S3-E1,2,28,A,0,7
S3-E1,2,28,B,1,38
S3-E1,2,28,C,2,29
S3-E1,2,29,A,1,8
S3-E1,2,29,B,2,40
S3-E1,2,29,C,3,32
S3-E1,2,30,A,2,9
S3-E1,2,30,B,0,40
S3-E1,2,30,C,3,35
S3-E1,2,31,A,1,10
S3-E1,2,31,B,1,41
S3-E1,2,31,C,1,35
S3-E1,2,32,A,2,11
S3-E1,2,32,B,3,41
S3-E1,2,32,C,0,34
S3-E1,2,33,A,3,14
S3-E1,2,33,B,1,40
S3-E1,2,33,C,4,36
S3-E1,2,34,A,0,14
S3-E1,2,34,B,1,38
S3-E1,2,34,C,3,36
S3-E1,2,35,A,0,14
S3-E1,2,35,B,3,40
S3-E1,2,35,C,1,37
S3-E1,2,36,A,2,15
S3-E1,2,36,B,2,42
S3-E1,2,36,C,4,39
S3-E1,2,37,A,0,15
S3-E1,2,37,B,1,38
S3-E1,2,37,C,3,39
S3-E1,2,38,A,0,15
S3-E1,2,38,B,1,36
S3-E1,2,38,C,1,40
S3-E1,2,39,A,0,14
S3-E1,2,39,B,0,36
S3-E1,2,39,C,2,42
S3-E1,2,40,A,0,14
S3-E1,2,40,B,0,33
S3-E1,2,40,C,2,43
S3-E1,2,41,A,1,14
S3-E1,2,41,B,0,28
S3-E1,2,41,C,1,44
S3-E1,2,42,A,1,15
S3-E1,2,42,B,0,26
S3-E1,2,42,C,0,43
S3-E1,2,43,A,2,17
S3-E1,2,43,B,0,26
S3-E1,2,43,C,1,42
S3-E1,2,44,A,3,19
S3-E1,2,44,B,0,25
S3-E1,2,44,C,1,42
S3-E1,2,45,A,1,20
S3-E1,2,45,B,0,24
S3-E1,2,45,C,1,41
S3-E1,2,46,A,0,20
S3-E1,2,46,B,0,21
S3-E1,2,46,C,0,39
S3-E1,2,47,A,0,20
S3-E1,2,47,B,0,19
S3-E1,2,47,C,0,39
S3-E1,2,48,A,0,18
S3-E1,2,48,B,1,18
S3-E1,2,48,C,0,39
S3-E1,2,49,A,2,20
S3-E1,2,49,B,0,14
S3-E1,2,49,C,1,36
S3-E1,2,50,A,3,23
S3-E1,2,50,B,0,12
S3-E1,2,50,C,1,36
S3-E1,2,51,A,2,24
S3-E1,2,51,B,0,11
S3-E1,2,51,C,0,34
S3-E1,2,52,A,1,24
S3-E1,2,52,B,2,13
S3-E1,2,52,C,1,35
S3-E1,2,53,A,0,23
S3-E1,2,53,B,0,12
S3-E1,2,53,C,0,31
S3-E1,2,54,A,0,21
S3-E1,2,54,B,0,11
S3-E1,2,54,C,1,31
S3-E1,2,55,A,0,20
S3-E1,2,55,B,1,12
S3-E1,2,55,C,0,29
S3-E1,2,56,A,0,19
S3-E1,2,56,B,0,12
S3-E1,2,56,C,1,27
S3-E1,2,57,A,0,19
S3-E1,2,57,B,0,12
S3-E1,2,57,C,0,26
S3-E1,2,58,A,0,16
S3-E1,2,58,B,0,12
S3-E1,2,58,C,0,24
S3-E1,2,59,A,2,17
S3-E1,2,59,B,0,12
S3-E1,2,59,C,0,22
S3-E1,2,60,A,0,17
S3-E1,2,60,B,1,13
S3-E1,2,60,C,1,21
S3-E1,2,61,A,0,15
S3-E1,2,61,B,1,13
S3-E1,2,61,C,0,18
S3-E1,2,62,A,0,14
S3-E1,2,62,B,1,14
S3-E1,2,62,C,0,15
S3-E1,2,63,A,0,14
S3-E1,2,63,B,0,14
S3-E1,2,63,C,1,15
S3-E1,2,64,A,0,13
S3-E1,2,64,B,0,14
S3-E1,2,64,C,0,14
S3-E1,2,65,A,1,14
S3-E1,2,65,B,0,12
S3-E1,2,65,C,0,13
S3-E1,2,66,A,0,14
S3-E1,2,66,B,0,10
S3-E1,2,66,C,0,12
S3-E1,2,67,A,0,14
S3-E1,2,67,B,2,12
S3-E1,2,67,C,0,11
S3-E1,2,68,A,0,12
S3-E1,2,68,B,0,10
S3-E1,2,68,C,0,8
S3-E1,2,69,A,2,14
S3-E1,2,69,B,0,8
S3-E1,2,69,C,0,8
S3-E1,2,70,A,0,13
S3-E1,2,70,B,0,8
S3-E1,2,70,C,0,8
S3-E1,2,71,A,0,11
S3-E1,2,71,B,1,9
S3-E1,2,71,C,0,7
S3-E1,2,72,A,0,9
S3-E1,2,72,B,0,8
S3-E1,2,72,C,0,6
S3-E1,2,73,A,0,9
S3-E1,2,73,B,0,7
S3-E1,2,73,C,0,4
S3-E1,2,74,A,3,12
S3-E1,2,74,B,0,6
S3-E1,2,74,C,0,4
S3-E1,2,75,A,0,11
S3-E1,2,75,B,0,6
S3-E1,2,75,C,0,3
S3-E1,2,76,A,1,12
S3-E1,2,76,B,1,7
S3-E1,2,76,C,0,3
S3-E1,2,77,A,2,13
S3-E1,2,77,B,0,7
S3-E1,2,77,C,0,3
S3-E1,2,78,A,1,13
S3-E1,2,78,B,0,7
S3-E1,2,78,C,0,3
S3-E1,2,79,A,0,12
S3-E1,2,79,B,0,7
S3-E1,2,79,C,0,3
S3-E1,2,80,A,0,11
S3-E1,2,80,B,0,6
S3-E1,2,80,C,0,1
S3-E1,2,81,A,0,11
S3-E1,2,81,B,0,6
S3-E1,2,81,C,0,1
S3-E1,2,82,A,0,11
S3-E1,2,82,B,0,6
S3-E1,2,82,C,0,1
S3-E1,2,83,A,1,12
S3-E1,2,83,B,0,6
S3-E1,2,83,C,0,1
S3-E1,2,84,A,0,11
S3-E1,2,84,B,0,6
S3-E1,2,84,C,0,1
S3-E1,2,85,A,0,11
S3-E1,2,85,B,0,6
S3-E1,2,85,C,0,1
S3-E1,2,86,A,2,13
S3-E1,2,86,B,0,6
S3-E1,2,86,C,0,1
S3-E1,2,87,A,0,12
S3-E1,2,87,B,0,5
S3-E1,2,87,C,1,2
S3-E1,2,88,A,1,13
S3-E1,2,88,B,0,4
S3-E1,2,88,C,1,3
S3-E1,2,89,A,0,11
S3-E1,2,89,B,0,3
S3-E1,2,89,C,1,4
S3-E1,2,90,A,0,11
S3-E1,2,90,B,1,4
S3-E1,2,90,C,0,4
S3-E1,2,91,A,1,12
S3-E1,2,91,B,0,4
S3-E1,2,91,C,0,4
S3-E1,2,92,A,0,12
S3-E1,2,92,B,0,4
S3-E1,2,92,C,0,4
S3-E1,2,93,A,0,11
S3-E1,2,93,B,0,4
S3-E1,2,93,C,0,4
S3-E1,2,94,A,0,11
S3-E1,2,94,B,0,4
S3-E1,2,94,C,0,4
S3-E1,2,95,A,7,18
S3-E1,2,95,B,1,4
S3-E1,2,95,C,0,4
S3-E1,2,96,A,2,19
S3-E1,2,96,B,0,4
S3-E1,2,96,C,1,5
S3-E1,2,97,A,0,17
S3-E1,2,97,B,0,4
S3-E1,2,97,C,0,5
S3-E1,2,98,A,1,17
S3-E1,2,98,B,0,3
S3-E1,2,98,C,0,5
S3-E1,2,99,A,2,18
S3-E1,2,99,B,0,3
S3-E1,2,99,C,0,5
S3-E1,2,100,A,2,20
S3-E1,2,100,B,0,3
S3-E1,2,100,C,0,5
S3-E1,2,101,A,0,20
S3-E1,2,101,B,0,3
S3-E1,2,101,C,1,6
S3-E1,2,102,A,0,20
S3-E1,2,102,B,0,3
S3-E1,2,102,C,0,6
S3-E1,2,103,A,0,20
S3-E1,2,103,B,0,3
S3-E1,2,103,C,0,6
S3-E1,2,104,A,1,21
S3-E1,2,104,B,1,4
S3-E1,2,104,C,0,6
S3-E1,2,105,A,2,23
S3-E1,2,105,B,0,4
S3-E1,2,105,C,0,6
S3-E1,2,106,A,0,23
S3-E1,2,106,B,0,4
S3-E1,2,106,C,0,6
S3-E1,2,107,A,1,23
S3-E1,2,107,B,0,3
S3-E1,2,107,C,0,6
S3-E1,2,108,A,0,21
S3-E1,2,108,B,0,3
S3-E1,2,108,C,0,5
S3-E1,2,109,A,0,20
S3-E1,2,109,B,0,3
S3-E1,2,109,C,0,3
S3-E1,2,110,A,0,18
S3-E1,2,110,B,0,2
S3-E1,2,110,C,0,3
S3-E1,2,111,A,0,18
S3-E1,2,111,B,0,2
S3-E1,2,111,C,0,3
S3-E1,2,112,A,1,18
S3-E1,2,112,B,0,2
S3-E1,2,112,C,0,3
S3-E1,2,113,A,5,23
S3-E1,2,113,B,0,2
S3-E1,2,113,C,0,3
S3-E1,2,114,A,1,22
S3-E1,2,114,B,0,2
S3-E1,2,114,C,0,2
S3-E1,2,115,A,1,22
S3-E1,2,115,B,0,2
S3-E1,2,115,C,0,2
S3-E1,2,116,A,3,25
S3-E1,2,116,B,0,2
S3-E1,2,116,C,0,2
S3-E1,2,117,A,0,22
S3-E1,2,117,B,0,1
S3-E1,2,117,C,0,2
S3-E1,2,118,A,0,21
S3-E1,2,118,B,0,1
S3-E1,2,118,C,0,2
S3-E1,2,119,A,0,21
S3-E1,2,119,B,0,0
S3-E1,2,119,C,0,2
S3-E1,3,0,A,0,1
S3-E1,3,0,B,0,3
S3-E1,3,0,C,0,1
S3-E1,3,1,A,0,1
S3-E1,3,1,B,1,4
S3-E1,3,1,C,0,1
S3-E1,3,2,A,0,1
S3-E1,3,2,B,1,5
S3-E1,3,2,C,1,2
S3-E1,3,3,A,0,1
S3-E1,3,3,B,0,5
S3-E1,3,3,C,0,1
S3-E1,3,4,A,0,1
S3-E1,3,4,B,0,5
S3-E1,3,4,C,0,1
S3-E1,3,5,A,0,1
S3-E1,3,5,B,0,5
S3-E1,3,5,C,0,1
S3-E1,3,6,A,1,2
S3-E1,3,6,B,0,5
S3-E1,3,6,C,0,1
S3-E1,3,7,A,0,2
S3-E1,3,7,B,0,4
S3-E1,3,7,C,1,2
S3-E1,3,8,A,0,2
S3-E1,3,8,B,0,4
S3-E1,3,8,C,0,2
S3-E1,3,9,A,0,2
S3-E1,3,9,B,0,4
S3-E1,3,9,C,0,2
S3-E1,3,10,A,15,17
S3-E1,3,10,B,0,4
S3-E1,3,10,C,1,3
S3-E1,3,11,A,11,28
S3-E1,3,11,B,0,4
S3-E1,3,11,C,0,3
S3-E1,3,12,A,4,32
S3-E1,3,12,B,0,4
S3-E1,3,12,C,1,4
S3-E1,3,13,A,6,37
S3-E1,3,13,B,0,4
S3-E1,3,13,C,0,4
S3-E1,3,14,A,6,43
S3-E1,3,14,B,0,4
S3-E1,3,14,C,0,4
S3-E1,3,15,A,5,48
S3-E1,3,15,B,0,4
S3-E1,3,15,C,1,5
S3-E1,3,16,A,4,52
S3-E1,3,16,B,0,4
S3-E1,3,16,C,1,6
S3-E1,3,17,A,7,59
S3-E1,3,17,B,0,4
S3-E1,3,17,C,0,6
S3-E1,3,18,A,4,63
S3-E1,3,18,B,0,4
S3-E1,3,18,C,0,6
S3-E1,3,19,A,2,65
S3-E1,3,19,B,0,4
S3-E1,3,19,C,0,6
S3-E1,3,20,A,2,66
S3-E1,3,20,B,3,21
S3-E1,3,20,C,1,6
S3-E1,3,21,A,3,69
S3-E1,3,21,B,6,26
S3-E1,3,21,C,0,6
S3-E1,3,22,A,6,75
S3-E1,3,22,B,2,28
S3-E1,3,22,C,1,7
S3-E1,3,23,A,4,78
S3-E1,3,23,B,4,32
S3-E1,3,23,C,1,8
S3-E1,3,24,A,0,75
S3-E1,3,24,B,2,34
S3-E1,3,24,C,1,9
S3-E1,3,25,A,1,73
S3-E1,3,25,B,2,35
S3-E1,3,25,C,3,12
S3-E1,3,26,A,0,70
S3-E1,3,26,B,3,37
S3-E1,3,26,C,3,14
S3-E1,3,27,A,0,69
S3-E1,3,27,B,3,40
S3-E1,3,27,C,1,14
S3-E1,3,28,A,3,70
S3-E1,3,28,B,8,48
S3-E1,3,28,C,1,15
S3-E1,3,29,A,0,66
S3-E1,3,29,B,3,51
S3-E1,3,29,C,0,14
S3-E1,3,30,A,0,64
S3-E1,3,30,B,3,54
S3-E1,3,30,C,0,14
S3-E1,3,31,A,0,61
S3-E1,3,31,B,2,56
S3-E1,3,31,C,0,14
S3-E1,3,32,A,0,59
S3-E1,3,32,B,4,57
S3-E1,3,32,C,0,14
S3-E1,3,33,A,0,55
S3-E1,3,33,B,1,57
S3-E1,3,33,C,0,14
S3-E1,3,34,A,0,48
S3-E1,3,34,B,1,55
S3-E1,3,34,C,1,14
S3-E1,3,35,A,0,45
S3-E1,3,35,B,2,56
S3-E1,3,35,C,1,15
S3-E1,3,36,A,0,42
S3-E1,3,36,B,3,57
S3-E1,3,36,C,1,16
S3-E1,3,37,A,1,40
S3-E1,3,37,B,2,57
S3-E1,3,37,C,0,16
S3-E1,3,38,A,1,41
S3-E1,3,38,B,1,55
S3-E1,3,38,C,0,15
S3-E1,3,39,A,0,38
S3-E1,3,39,B,2,54
S3-E1,3,39,C,1,15
S3-E1,3,40,A,0,36
S3-E1,3,40,B,1,51
S3-E1,3,40,C,0,15
S3-E1,3,41,A,0,32
S3-E1,3,41,B,0,48
S3-E1,3,41,C,0,15
S3-E1,3,42,A,1,29
S3-E1,3,42,B,2,48
S3-E1,3,42,C,0,13
S3-E1,3,43,A,0,26
S3-E1,3,43,B,0,46
S3-E1,3,43,C,0,12
S3-E1,3,44,A,0,25
S3-E1,3,44,B,0,44
S3-E1,3,44,C,0,11
S3-E1,3,45,A,0,21
S3-E1,3,45,B,0,43
S3-E1,3,45,C,1,11
S3-E1,3,46,A,0,18
S3-E1,3,46,B,1,40
S3-E1,3,46,C,0,11
S3-E1,3,47,A,0,16
S3-E1,3,47,B,1,38
S3-E1,3,47,C,1,12
S3-E1,3,48,A,0,14
S3-E1,3,48,B,0,37
S3-E1,3,48,C,0,11
S3-E1,3,49,A,0,12
S3-E1,3,49,B,0,33
S3-E1,3,49,C,0,10
S3-E1,3,50,A,0,10
S3-E1,3,50,B,1,33
S3-E1,3,50,C,0,9
S3-E1,3,51,A,0,9
S3-E1,3,51,B,0,30
S3-E1,3,51,C,0,9
S3-E1,3,52,A,0,8
S3-E1,3,52,B,1,26
S3-E1,3,52,C,0,9
S3-E1,3,53,A,0,8
S3-E1,3,53,B,0,25
S3-E1,3,53,C,1,10
S3-E1,3,54,A,0,7
S3-E1,3,54,B,2,27
S3-E1,3,54,C,0,8
S3-E1,3,55,A,0,7
S3-E1,3,55,B,0,25
S3-E1,3,55,C,0,8
S3-E1,3,56,A,0,7
S3-E1,3,56,B,0,22
S3-E1,3,56,C,0,7
S3-E1,3,57,A,0,6
S3-E1,3,57,B,1,21
S3-E1,3,57,C,0,7
S3-E1,3,58,A,0,5
S3-E1,3,58,B,0,20
S3-E1,3,58,C,1,8
S3-E1,3,59,A,0,4
S3-E1,3,59,B,1,18
S3-E1,3,59,C,0,8
S3-E1,3,60,A,0,3
S3-E1,3,60,B,0,16
S3-E1,3,60,C,1,9
S3-E1,3,61,A,0,1
S3-E1,3,61,B,0,16
S3-E1,3,61,C,0,8
S3-E1,3,62,A,0,1
S3-E1,3,62,B,0,16
S3-E1,3,62,C,1,7
S3-E1,3,63,A,0,1
S3-E1,3,63,B,0,16
S3-E1,3,63,C,1,8
S3-E1,3,64,A,1,2
S3-E1,3,64,B,0,14
S3-E1,3,64,C,0,8
S3-E1,3,65,A,0,2
S3-E1,3,65,B,0,14
S3-E1,3,65,C,0,8
S3-E1,3,66,A,0,2
S3-E1,3,66,B,0,12
S3-E1,3,66,C,1,8
S3-E1,3,67,A,0,2
S3-E1,3,67,B,0,11
S3-E1,3,67,C,0,7
S3-E1,3,68,A,0,2
S3-E1,3,68,B,0,11
S3-E1,3,68,C,0,7
S3-E1,3,69,A,0,1
S3-E1,3,69,B,0,10
S3-E1,3,69,C,0,7
S3-E1,3,70,A,0,1
S3-E1,3,70,B,0,7
S3-E1,3,70,C,0,7
S3-E1,3,71,A,0,1
S3-E1,3,71,B,0,7
S3-E1,3,71,C,0,7
S3-E1,3,72,A,0,1
S3-E1,3,72,B,0,6
S3-E1,3,72,C,0,7
S3-E1,3,73,A,0,1
S3-E1,3,73,B,0,6
S3-E1,3,73,C,0,7
S3-E1,3,74,A,0,1
S3-E1,3,74,B,1,6
S3-E1,3,74,C,1,8
S3-E1,3,75,A,0,1
S3-E1,3,75,B,0,6
S3-E1,3,75,C,0,7
S3-E1,3,76,A,0,1
S3-E1,3,76,B,0,6
S3-E1,3,76,C,0,7
S3-E1,3,77,A,0,1
S3-E1,3,77,B,0,6
S3-E1,3,77,C,0,7
S3-E1,3,78,A,0,1
S3-E1,3,78,B,0,6
S3-E1,3,78,C,0,7
S3-E1,3,79,A,0,1
S3-E1,3,79,B,0,5
S3-E1,3,79,C,0,7
S3-E1,3,80,A,1,2
S3-E1,3,80,B,0,4
S3-E1,3,80,C,0,6
S3-E1,3,81,A,0,2
S3-E1,3,81,B,0,4
S3-E1,3,81,C,1,7
S3-E1,3,82,A,0,1
S3-E1,3,82,B,0,4
S3-E1,3,82,C,2,9
S3-E1,3,83,A,0,1
S3-E1,3,83,B,1,4
S3-E1,3,83,C,0,7
S3-E1,3,84,A,0,1
S3-E1,3,84,B,0,4
S3-E1,3,84,C,0,7
S3-E1,3,85,A,0,1
S3-E1,3,85,B,0,4
S3-E1,3,85,C,0,6
S3-E1,3,86,A,0,1
S3-E1,3,86,B,0,4
S3-E1,3,86,C,1,7
S3-E1,3,87,A,1,2
S3-E1,3,87,B,0,4
S3-E1,3,87,C,0,7
S3-E1,3,88,A,0,2
S3-E1,3,88,B,0,4
S3-E1,3,88,C,0,7
S3-E1,3,89,A,0,2
S3-E1,3,89,B,0,4
S3-E1,3,89,C,1,7
S3-E1,3,90,A,0,2
S3-E1,3,90,B,0,4
S3-E1,3,90,C,0,7
S3-E1,3,91,A,0,2
S3-E1,3,91,B,0,4
S3-E1,3,91,C,1,8
S3-E1,3,92,A,0,2
S3-E1,3,92,B,0,3
S3-E1,3,92,C,1,9
S3-E1,3,93,A,0,2
S3-E1,3,93,B,0,2
S3-E1,3,93,C,1,10
S3-E1,3,94,A,0,1
S3-E1,3,94,B,0,2
S3-E1,3,94,C,0,10
S3-E1,3,95,A,0,1
S3-E1,3,95,B,1,3
S3-E1,3,95,C,0,10
S3-E1,3,96,A,0,1
S3-E1,3,96,B,0,3
S3-E1,3,96,C,0,10
S3-E1,3,97,A,0,1
S3-E1,3,97,B,0,3
S3-E1,3,97,C,0,10
S3-E1,3,98,A,0,1
S3-E1,3,98,B,0,3
S3-E1,3,98,C,2,11
S3-E1,3,99,A,0,1
S3-E1,3,99,B,0,3
S3-E1,3,99,C,1,10
S3-E1,3,100,A,1,2
S3-E1,3,100,B,0,2
S3-E1,3,100,C,0,10
S3-E1,3,101,A,0,2
S3-E1,3,101,B,0,2
S3-E1,3,101,C,2,12
S3-E1,3,102,A,0,2
S3-E1,3,102,B,0,2
S3-E1,3,102,C,0,12
S3-E1,3,103,A,0,2
S3-E1,3,103,B,0,2
S3-E1,3,103,C,0,12
S3-E1,3,104,A,0,2
S3-E1,3,104,B,0,2
S3-E1,3,104,C,0,11
S3-E1,3,105,A,1,3
S3-E1,3,105,B,0,2
S3-E1,3,105,C,0,10
S3-E1,3,106,A,0,3
S3-E1,3,106,B,0,2
S3-E1,3,106,C,0,10
S3-E1,3,107,A,0,3
S3-E1,3,107,B,0,2
S3-E1,3,107,C,0,10
S3-E1,3,108,A,0,3
S3-E1,3,108,B,0,1
S3-E1,3,108,C,0,10
S3-E1,3,109,A,0,3
S3-E1,3,109,B,0,1
S3-E1,3,109,C,1,11
S3-E1,3,110,A,1,4
S3-E1,3,110,B,0,1
S3-E1,3,110,C,0,10
S3-E1,3,111,A,0,4
S3-E1,3,111,B,0,1
S3-E1,3,111,C,0,10
S3-E1,3,112,A,0,4
S3-E1,3,112,B,0,1
S3-E1,3,112,C,0,9
S3-E1,3,113,A,0,4
S3-E1,3,113,B,0,1
S3-E1,3,113,C,1,10
S3-E1,3,114,A,0,4
S3-E1,3,114,B,0,1
S3-E1,3,114,C,0,6
S3-E1,3,115,A,0,4
S3-E1,3,115,B,0,1
S3-E1,3,115,C,1,7
S3-E1,3,116,A,0,4
S3-E1,3,116,B,0,1
S3-E1,3,116,C,0,7
S3-E1,3,117,A,0,4
S3-E1,3,117,B,0,1
S3-E1,3,117,C,0,7
S3-E1,3,118,A,0,4
S3-E1,3,118,B,0,1
S3-E1,3,118,C,0,7
S3-E1,3,119,A,1,5
S3-E1,3,119,B,0,1
S3-E1,3,119,C,0,6
S3-E2,0,0,A,0,0
S3-E2,0,0,B,0,2
S3-E2,0,0,C,0,2
S3-E2,0,1,A,0,0
S3-E2,0,1,B,0,1
S3-E2,0,1,C,0,2
S3-E2,0,2,A,0,0
S3-E2,0,2,B,0,1
S3-E2,0,2,C,0,2
S3-E2,0,3,A,0,0
S3-E2,0,3,B,1,2
S3-E2,0,3,C,0,2
S3-E2,0,4,A,0,0
S3-E2,0,4,B,0,2
S3-E2,0,4,C,1,3
S3-E2,0,5,A,0,0
S3-E2,0,5,B,0,2
S3-E2,0,5,C,1,4
S3-E2,0,6,A,0,0
S3-E2,0,6,B,0,2
S3-E2,0,6,C,0,4
S3-E2,0,7,A,0,0
S3-E2,0,7,B,0,2
S3-E2,0,7,C,0,4
S3-E2,0,8,A,0,0
S3-E2,0,8,B,0,2
S3-E2,0,8,C,1,5
S3-E2,0,9,A,1,1
S3-E2,0,9,B,0,2
S3-E2,0,9,C,0,5
S3-E2,0,10,A,0,1
S3-E2,0,10,B,0,2
S3-E2,0,10,C,0,5
S3-E2,0,11,A,0,1
S3-E2,0,11,B,0,2
S3-E2,0,11,C,0,5
S3-E2,0,12,A,0,1
S3-E2,0,12,B,1,3
S3-E2,0,12,C,0,4
S3-E2,0,13,A,0,1
S3-E2,0,13,B,0,3
S3-E2,0,13,C,0,4
S3-E2,0,14,A,0,1
S3-E2,0,14,B,0,3
S3-E2,0,14,C,0,4
S3-E2,0,15,A,0,1
S3-E2,0,15,B,0,2
S3-E2,0,15,C,0,3
S3-E2,0,16,A,0,1
S3-E2,0,16,B,1,3
S3-E2,0,16,C,0,3
S3-E2,0,17,A,0,1
S3-E2,0,17,B,0,3
S3-E2,0,17,C,0,3
S3-E2,0,18,A,0,1
S3-E2,0,18,B,0,3
S3-E2,0,18,C,0,3
S3-E2,0,19,A,0,1
S3-E2,0,19,B,0,3
S3-E2,0,19,C,0,3
S3-E2,0,20,A,3,11
S3-E2,0,20,B,0,7
S3-E2,0,20,C,1,7
S3-E2,0,21,A,2,13
S3-E2,0,21,B,1,8
S3-E2,0,21,C,2,8
S3-E2,0,22,A,0,13
S3-E2,0,22,B,0,8
S3-E2,0,22,C,2,10
S3-E2,0,23,A,0,13
S3-E2,0,23,B,0,8
S3-E2,0,23,C,0,10
S3-E2,0,24,A,0,13
S3-E2,0,24,B,2,10
S3-E2,0,24,C,1,11
S3-E2,0,25,A,0,13
S3-E2,0,25,B,1,11
S3-E2,0,25,C,2,13
S3-E2,0,26,A,0,13
S3-E2,0,26,B,0,11
S3-E2,0,26,C,0,13
S3-E2,0,27,A,0,13
S3-E2,0,27,B,2,12
S3-E2,0,27,C,0,13
S3-E2,0,28,A,0,13
S3-E2,0,28,B,0,12
S3-E2,0,28,C,1,14
S3-E2,0,29,A,1,14
S3-E2,0,29,B,0,11
S3-E2,0,29,C,0,13
S3-E2,0,30,A,0,14
S3-E2,0,30,B,0,10
S3-E2,0,30,C,0,13
S3-E2,0,31,A,0,14
S3-E2,0,31,B,2,12
S3-E2,0,31,C,0,13
S3-E2,0,32,A,1,14
S3-E2,0,32,B,0,11
S3-E2,0,32,C,1,13
S3-E2,0,33,A,2,16
S3-E2,0,33,B,3,14
S3-E2,0,33,C,1,13
S3-E2,0,34,A,0,15
S3-E2,0,34,B,4,17
S3-E2,0,34,C,1,14
S3-E2,0,35,A,1,16
S3-E2,0,35,B,2,19
S3-E2,0,35,C,1,15
S3-E2,0,36,A,0,16
S3-E2,0,36,B,2,21
S3-E2,0,36,C,1,15
S3-E2,0,37,A,0,15
S3-E2,0,37,B,1,22
S3-E2,0,37,C,1,15
S3-E2,0,38,A,0,14
S3-E2,0,38,B,2,24
S3-E2,0,38,C,0,15
S3-E2,0,39,A,0,13
S3-E2,0,39,B,1,25
S3-E2,0,39,C,0,13
S3-E2,0,40,A,1,13
S3-E2,0,40,B,1,26
S3-E2,0,40,C,0,11
S3-E2,0,41,A,0,11
S3-E2,0,41,B,0,26
S3-E2,0,41,C,0,11
S3-E2,0,42,A,0,10
S3-E2,0,42,B,0,25
S3-E2,0,42,C,0,11
S3-E2,0,43,A,0,10
S3-E2,0,43,B,0,25
S3-E2,0,43,C,1,12
S3-E2,0,44,A,1,10
S3-E2,0,44,B,0,25
S3-E2,0,44,C,0,10
S3-E2,0,45,A,0,10
S3-E2,0,45,B,0,24
S3-E2,0,45,C,0,8
S3-E2,0,46,A,1,10
S3-E2,0,46,B,0,24
S3-E2,0,46,C,0,7
S3-E2,0,47,A,1,11
S3-E2,0,47,B,1,24
S3-E2,0,47,C,1,8
S3-E2,0,48,A,1,11
S3-E2,0,48,B,2,24
S3-E2,0,48,C,0,6
S3-E2,0,49,A,1,12
S3-E2,0,49,B,1,25
S3-E2,0,49,C,0,6
S3-E2,0,50,A,1,12
S3-E2,0,50,B,0,24
S3-E2,0,50,C,1,7
S3-E2,0,51,A,0,12
S3-E2,0,51,B,3,26
S3-E2,0,51,C,1,8
S3-E2,0,52,A,1,11
S3-E2,0,52,B,1,26
S3-E2,0,52,C,0,7
S3-E2,0,53,A,1,11
S3-E2,0,53,B,0,23
S3-E2,0,53,C,0,7
S3-E2,0,54,A,0,10
S3-E2,0,54,B,1,21
S3-E2,0,54,C,0,7
S3-E2,0,55,A,2,12
S3-E2,0,55,B,1,20
S3-E2,0,55,C,1,8
S3-E2,0,56,A,0,12
S3-E2,0,56,B,0,20
S3-E2,0,56,C,0,8
S3-E2,0,57,A,0,11
S3-E2,0,57,B,0,20
S3-E2,0,57,C,1,8
S3-E2,0,58,A,1,12
S3-E2,0,58,B,3,21
S3-E2,0,58,C,1,9
S3-E2,0,59,A,0,12
S3-E2,0,59,B,2,23
S3-E2,0,59,C,1,10
S3-E2,0,60,A,0,12
S3-E2,0,60,B,0,22
S3-E2,0,60,C,1,11
S3-E2,0,61,A,1,13
S3-E2,0,61,B,1,23
S3-E2,0,61,C,0,10
S3-E2,0,62,A,0,12
S3-E2,0,62,B,0,23
S3-E2,0,62,C,0,10
S3-E2,0,63,A,0,12
S3-E2,0,63,B,0,23
S3-E2,0,63,C,0,10
S3-E2,0,64,A,0,12
S3-E2,0,64,B,0,21
S3-E2,0,64,C,0,10
S3-E2,0,65,A,0,12
S3-E2,0,65,B,0,19
S3-E2,0,65,C,0,9
S3-E2,0,66,A,3,14
S3-E2,0,66,B,0,17
S3-E2,0,66,C,1,9
S3-E2,0,67,A,0,14
S3-E2,0,67,B,1,18
S3-E2,0,67,C,0,8
S3-E2,0,68,A,0,12
S3-E2,0,68,B,0,17
S3-E2,0,68,C,1,9
S3-E2,0,69,A,0,10
S3-E2,0,69,B,2,17
S3-E2,0,69,C,0,7
S3-E2,0,70,A,0,9
S3-E2,0,70,B,1,17
S3-E2,0,70,C,0,6
S3-E2,0,71,A,0,9
S3-E2,0,71,B,1,18
S3-E2,0,71,C,0,6
S3-E2,0,72,A,0,9
S3-E2,0,72,B,0,17
S3-E2,0,72,C,0,5
S3-E2,0,73,A,0,8
S3-E2,0,73,B,0,17
S3-E2,0,73,C,0,5
S3-E2,0,74,A,0,7
S3-E2,0,74,B,0,17
S3-E2,0,74,C,0,5
S3-E2,0,75,A,0,6
S3-E2,0,75,B,0,16
S3-E2,0,75,C,0,5
S3-E2,0,76,A,0,6
S3-E2,0,76,B,0,16
S3-E2,0,76,C,0,4
S3-E2,0,77,A,0,6
S3-E2,0,77,B,1,17
S3-E2,0,77,C,0,4
S3-E2,0,78,A,0,6
S3-E2,0,78,B,1,17
S3-E2,0,78,C,0,4
S3-E2,0,79,A,0,5
S3-E2,0,79,B,0,17
S3-E2,0,79,C,0,4
S3-E2,0,80,A,1,6
S3-E2,0,80,B,1,18
S3-E2,0,80,C,0,4
S3-E2,0,81,A,0,4
S3-E2,0,81,B,0,16
S3-E2,0,81,C,0,4
S3-E2,0,82,A,0,4
S3-E2,0,82,B,0,16
S3-E2,0,82,C,0,4
S3-E2,0,83,A,0,4
S3-E2,0,83,B,1,15
S3-E2,0,83,C,0,4
S3-E2,0,84,A,0,4
S3-E2,0,84,B,0,13
S3-E2,0,84,C,1,4
S3-E2,0,85,A,0,4
S3-E2,0,85,B,0,12
S3-E2,0,85,C,1,5
S3-E2,0,86,A,0,4
S3-E2,0,86,B,0,10
S3-E2,0,86,C,1,6
S3-E2,0,87,A,0,3
S3-E2,0,87,B,2,11
S3-E2,0,87,C,2,7
S3-E2,0,88,A,0,3
S3-E2,0,88,B,0,10
S3-E2,0,88,C,1,8
S3-E2,0,89,A,0,3
S3-E2,0,89,B,0,10
S3-E2,0,89,C,1,8
S3-E2,0,90,A,0,3
S3-E2,0,90,B,0,10
S3-E2,0,90,C,0,8
S3-E2,0,91,A,0,3
S3-E2,0,91,B,0,9
S3-E2,0,91,C,1,9
S3-E2,0,92,A,0,3
S3-E2,0,92,B,0,9
S3-E2,0,92,C,2,11
S3-E2,0,93,A,1,4
S3-E2,0,93,B,0,9
S3-E2,0,93,C,0,11
S3-E2,0,94,A,0,4
S3-E2,0,94,B,1,10
S3-E2,0,94,C,1,12
S3-E2,0,95,A,1,4
S3-E2,0,95,B,1,11
S3-E2,0,95,C,1,13
S3-E2,0,96,A,0,4
S3-E2,0,96,B,0,10
S3-E2,0,96,C,0,13
S3-E2,0,97,A,0,4
S3-E2,0,97,B,0,10
S3-E2,0,97,C,1,13
S3-E2,0,98,A,0,4
S3-E2,0,98,B,0,10
S3-E2,0,98,C,0,13
S3-E2,0,99,A,0,4
S3-E2,0,99,B,0,8
S3-E2,0,99,C,0,13
S3-E2,0,100,A,0,4
S3-E2,0,100,B,0,8
S3-E2,0,100,C,0,11
S3-E2,0,101,A,0,4
S3-E2,0,101,B,0,7
S3-E2,0,101,C,1,12
S3-E2,0,102,A,0,4
S3-E2,0,102,B,0,5
S3-E2,0,102,C,1,13
S3-E2,0,103,A,0,4
S3-E2,0,103,B,0,5
S3-E2,0,103,C,0,13
S3-E2,0,104,A,1,4
S3-E2,0,104,B,0,5
S3-E2,0,104,C,0,12
S3-E2,0,105,A,0,4
S3-E2,0,105,B,0,5
S3-E2,0,105,C,0,10
S3-E2,0,106,A,1,5
S3-E2,0,106,B,0,5
S3-E2,0,106,C,0,9
S3-E2,0,107,A,0,5
S3-E2,0,107,B,0,4
S3-E2,0,107,C,0,9
S3-E2,0,108,A,0,5
S3-E2,0,108,B,1,4
S3-E2,0,108,C,0,8
S3-E2,0,109,A,0,5
S3-E2,0,109,B,0,4
S3-E2,0,109,C,0,8
S3-E2,0,110,A,0,4
S3-E2,0,110,B,0,4
S3-E2,0,110,C,1,8
S3-E2,0,111,A,0,3
S3-E2,0,111,B,0,3
S3-E2,0,111,C,1,9
S3-E2,0,112,A,0,3
S3-E2,0,112,B,0,3
S3-E2,0,112,C,0,9
S3-E2,0,113,A,0,3
S3-E2,0,113,B,0,3
S3-E2,0,113,C,0,8
S3-E2,0,114,A,0,2
S3-E2,0,114,B,0,3
S3-E2,0,114,C,1,9
S3-E2,0,115,A,0,2
S3-E2,0,115,B,0,3
S3-E2,0,115,C,0,9
S3-E2,0,116,A,0,2
S3-E2,0,116,B,0,3
S3-E2,0,116,C,0,9
S3-E2,0,117,A,0,2
S3-E2,0,117,B,0,3
S3-E2,0,117,C,0,6
S3-E2,0,118,A,0,1
S3-E2,0,118,B,0,3
S3-E2,0,118,C,1,7
S3-E2,0,119,A,1,1
S3-E2,0,119,B,0,3
S3-E2,0,119,C,0,7
S3-E2,1,0,A,0,3
S3-E2,1,0,B,0,5
S3-E2,1,0,C,0,4
S3-E2,1,1,A,2,5
S3-E2,1,1,B,0,5
S3-E2,1,1,C,0,4
S3-E2,1,2,A,0,5
S3-E2,1,2,B,0,5
S3-E2,1,2,C,0,4
S3-E2,1,3,A,0,4
S3-E2,1,3,B,0,5
S3-E2,1,3,C,0,4
S3-E2,1,4,A,0,4
S3-E2,1,4,B,0,5
S3-E2,1,4,C,0,4
S3-E2,1,5,A,0,4
S3-E2,1,5,B,0,4
S3-E2,1,5,C,0,4
S3-E2,1,6,A,0,4
S3-E2,1,6,B,0,3
S3-E2,1,6,C,0,4
S3-E2,1,7,A,1,5
S3-E2,1,7,B,0,3
S3-E2,1,7,C,0,4
S3-E2,1,8,A,0,5
S3-E2,1,8,B,1,4
S3-E2,1,8,C,0,3
S3-E2,1,9,A,0,5
S3-E2,1,9,B,0,4
S3-E2,1,9,C,2,4
S3-E2,1,10,A,0,5
S3-E2,1,10,B,0,4
S3-E2,1,10,C,0,4
S3-E2,1,11,A,0,5
S3-E2,1,11,B,0,4
S3-E2,1,11,C,0,3
S3-E2,1,12,A,0,5
S3-E2,1,12,B,0,4
S3-E2,1,12,C,0,3
S3-E2,1,13,A,1,5
S3-E2,1,13,B,0,4
S3-E2,1,13,C,1,4
S3-E2,1,14,A,0,5
S3-E2,1,14,B,0,4
S3-E2,1,14,C,0,4
S3-E2,1,15,A,0,3
S3-E2,1,15,B,1,4
S3-E2,1,15,C,0,4
S3-E2,1,16,A,0,3
S3-E2,1,16,B,1,5
S3-E2,1,16,C,0,4
S3-E2,1,17,A,1,4
S3-E2,1,17,B,0,5
S3-E2,1,17,C,0,4
S3-E2,1,18,A,0,4
S3-E2,1,18,B,0,5
S3-E2,1,18,C,0,4
S3-E2,1,19,A,0,3
S3-E2,1,19,B,0,5
S3-E2,1,19,C,0,4
S3-E2,1,20,A,0,8
S3-E2,1,20,B,0,8
S3-E2,1,20,C,1,10
S3-E2,1,21,A,2,10
S3-E2,1,21,B,0,7
S3-E2,1,21,C,1,11
S3-E2,1,22,A,1,11
S3-E2,1,22,B,0,7
S3-E2,1,22,C,0,11
S3-E2,1,23,A,1,12
S3-E2,1,23,B,2,8
S3-E2,1,23,C,0,11
S3-E2,1,24,A,1,13
S3-E2,1,24,B,0,8
S3-E2,1,24,C,1,12
S3-E2,1,25,A,1,14
S3-E2,1,25,B,1,9
S3-E2,1,25,C,1,13
S3-E2,1,26,A,0,14
S3-E2,1,26,B,1,10
S3-E2,1,26,C,0,13
S3-E2,1,27,A,1,15
S3-E2,1,27,B,2,12
S3-E2,1,27,C,0,12
S3-E2,1,28,A,1,16
S3-E2,1,28,B,0,12
S3-E2,1,28,C,1,13
S3-E2,1,29,A,1,17
S3-E2,1,29,B,1,13
S3-E2,1,29,C,1,14
S3-E2,1,30,A,1,18
S3-E2,1,30,B,1,14
S3-E2,1,30,C,0,14
S3-E2,1,31,A,0,17
S3-E2,1,31,B,0,14
S3-E2,1,31,C,2,16
S3-E2,1,32,A,2,19
S3-E2,1,32,B,1,15
S3-E2,1,32,C,0,16
S3-E2,1,33,A,0,19
S3-E2,1,33,B,0,15
S3-E2,1,33,C,0,16
S3-E2,1,34,A,1,20
S3-E2,1,34,B,0,14
S3-E2,1,34,C,0,15
S3-E2,1,35,A,1,18
S3-E2,1,35,B,0,13
S3-E2,1,35,C,0,15
S3-E2,1,36,A,2,20
S3-E2,1,36,B,0,12
S3-E2,1,36,C,0,14
S3-E2,1,37,A,1,20
S3-E2,1,37,B,0,10
S3-E2,1,37,C,2,15
S3-E2,1,38,A,0,19
S3-E2,1,38,B,0,10
S3-E2,1,38,C,2,17
S3-E2,1,39,A,2,20
S3-E2,1,39,B,0,9
S3-E2,1,39,C,2,16
S3-E2,1,40,A,1,20
S3-E2,1,40,B,0,8
S3-E2,1,40,C,2,17
S3-E2,1,41,A,1,19
S3-E2,1,41,B,1,9
S3-E2,1,41,C,0,17
S3-E2,1,42,A,0,18
S3-E2,1,42,B,0,8
S3-E2,1,42,C,0,17
S3-E2,1,43,A,1,18
S3-E2,1,43,B,0,7
S3-E2,1,43,C,1,15
S3-E2,1,44,A,0,17
S3-E2,1,44,B,0,6
S3-E2,1,44,C,3,17
S3-E2,1,45,A,1,16
S3-E2,1,45,B,1,7
S3-E2,1,45,C,4,20
S3-E2,1,46,A,2,18
S3-E2,1,46,B,1,8
S3-E2,1,46,C,1,20
S3-E2,1,47,A,1,19
S3-E2,1,47,B,0,8
S3-E2,1,47,C,1,21
S3-E2,1,48,A,0,19
S3-E2,1,48,B,0,7
S3-E2,1,48,C,0,21
S3-E2,1,49,A,0,17
S3-E2,1,49,B,0,7
S3-E2,1,49,C,1,21
S3-E2,1,50,A,0,17
S3-E2,1,50,B,0,6
S3-E2,1,50,C,0,20
S3-E2,1,51,A,0,14
S3-E2,1,51,B,1,7
S3-E2,1,51,C,1,21
S3-E2,1,52,A,1,15
S3-E2,1,52,B,1,8
S3-E2,1,52,C,1,22
S3-E2,1,53,A,0,14
S3-E2,1,53,B,0,8
S3-E2,1,53,C,0,20
S3-E2,1,54,A,0,14
S3-E2,1,54,B,0,8
S3-E2,1,54,C,2,22
S3-E2,1,55,A,0,13
S3-E2,1,55,B,0,8
S3-E2,1,55,C,0,22
S3-E2,1,56,A,0,13
S3-E2,1,56,B,1,8
S3-E2,1,56,C,0,22
S3-E2,1,57,A,0,13
S3-E2,1,57,B,0,8
S3-E2,1,57,C,0,21
S3-E2,1,58,A,0,13
S3-E2,1,58,B,1,9
S3-E2,1,58,C,1,21
S3-E2,1,59,A,0,11
S3-E2,1,59,B,0,8
S3-E2,1,59,C,1,19
S3-E2,1,60,A,0,11
S3-E2,1,60,B,0,8
S3-E2,1,60,C,2,21
S3-E2,1,61,A,0,11
S3-E2,1,61,B,0,8
S3-E2,1,61,C,0,21
S3-E2,1,62,A,0,10
S3-E2,1,62,B,0,8
S3-E2,1,62,C,0,20
S3-E2,1,63,A,0,10
S3-E2,1,63,B,0,8
S3-E2,1,63,C,1,20
S3-E2,1,64,A,1,10
S3-E2,1,64,B,0,8
S3-E2,1,64,C,1,19
S3-E2,1,65,A,3,13
S3-E2,1,65,B,1,9
S3-E2,1,65,C,1,16
S3-E2,1,66,A,2,12
S3-E2,1,66,B,1,10
S3-E2,1,66,C,1,17
S3-E2,1,67,A,0,11
S3-E2,1,67,B,0,9
S3-E2,1,67,C,0,17
S3-E2,1,68,A,0,11
S3-E2,1,68,B,1,9
S3-E2,1,68,C,1,16
S3-E2,1,69,A,1,12
S3-E2,1,69,B,0,9
S3-E2,1,69,C,0,14
S3-E2,1,70,A,0,12
S3-E2,1,70,B,3,12
S3-E2,1,70,C,0,14
S3-E2,1,71,A,0,12
S3-E2,1,71,B,0,12
S3-E2,1,71,C,0,14
S3-E2,1,72,A,0,12
S3-E2,1,72,B,4,16
S3-E2,1,72,C,0,13
S3-E2,1,73,A,1,12
S3-E2,1,73,B,1,17
S3-E2,1,73,C,0,13
S3-E2,1,74,A,0,12
S3-E2,1,74,B,2,18
S3-E2,1,74,C,0,12
S3-E2,1,75,A,0,12
S3-E2,1,75,B,0,18
S3-E2,1,75,C,0,10
S3-E2,1,76,A,1,12
S3-E2,1,76,B,0,17
S3-E2,1,76,C,0,10
S3-E2,1,77,A,2,14
S3-E2,1,77,B,1,17
S3-E2,1,77,C,1,11
S3-E2,1,78,A,0,13
S3-E2,1,78,B,0,17
S3-E2,1,78,C,0,10
S3-E2,1,79,A,0,13
S3-E2,1,79,B,0,17
S3-E2,1,79,C,1,10
S3-E2,1,80,A,0,12
S3-E2,1,80,B,1,18
S3-E2,1,80,C,0,9
S3-E2,1,81,A,1,13
S3-E2,1,81,B,1,17
S3-E2,1,81,C,1,10
S3-E2,1,82,A,1,13
S3-E2,1,82,B,2,19
S3-E2,1,82,C,0,9
S3-E2,1,83,A,0,13
S3-E2,1,83,B,0,19
S3-E2,1,83,C,0,8
S3-E2,1,84,A,1,13
S3-E2,1,84,B,0,17
S3-E2,1,84,C,0,8
S3-E2,1,85,A,0,12
S3-E2,1,85,B,0,17
S3-E2,1,85,C,0,7
S3-E2,1,86,A,0,12
S3-E2,1,86,B,0,15
S3-E2,1,86,C,0,7
S3-E2,1,87,A,0,12
S3-E2,1,87,B,1,15
S3-E2,1,87,C,0,7
S3-E2,1,88,A,0,12
S3-E2,1,88,B,0,14
S3-E2,1,88,C,0,7
S3-E2,1,89,A,0,10
S3-E2,1,89,B,0,13
S3-E2,1,89,C,1,8
S3-E2,1,90,A,0,9
S3-E2,1,90,B,0,12
S3-E2,1,90,C,1,7
S3-E2,1,91,A,0,8
S3-E2,1,91,B,1,12
S3-E2,1,91,C,0,7
S3-E2,1,92,A,1,9
S3-E2,1,92,B,1,13
S3-E2,1,92,C,0,7
S3-E2,1,93,A,0,9
S3-E2,1,93,B,1,13
S3-E2,1,93,C,0,6
S3-E2,1,94,A,1,9
S3-E2,1,94,B,0,13
S3-E2,1,94,C,2,7
S3-E2,1,95,A,0,8
S3-E2,1,95,B,0,13
S3-E2,1,95,C,1,8
S3-E2,1,96,A,0,7
S3-E2,1,96,B,2,14
S3-E2,1,96,C,0,8
S3-E2,1,97,A,0,7
S3-E2,1,97,B,0,12
S3-E2,1,97,C,0,8
S3-E2,1,98,A,0,5
S3-E2,1,98,B,0,11
S3-E2,1,98,C,0,8
S3-E2,1,99,A,0,5
S3-E2,1,99,B,1,12
S3-E2,1,99,C,0,8
S3-E2,1,100,A,0,5
S3-E2,1,100,B,0,12
S3-E2,1,100,C,0,7
S3-E2,1,101,A,0,5
S3-E2,1,101,B,4,15
S3-E2,1,101,C,0,7
S3-E2,1,102,A,0,5
S3-E2,1,102,B,0,15
S3-E2,1,102,C,0,6
S3-E2,1,103,A,0,3
S3-E2,1,103,B,2,16
S3-E2,1,103,C,0,6
S3-E2,1,104,A,0,3
S3-E2,1,104,B,1,17
S3-E2,1,104,C,0,6
S3-E2,1,105,A,0,3
S3-E2,1,105,B,0,16
S3-E2,1,105,C,0,6
S3-E2,1,106,A,0,2
S3-E2,1,106,B,0,16
S3-E2,1,106,C,0,6
S3-E2,1,107,A,1,3
S3-E2,1,107,B,0,14
S3-E2,1,107,C,0,4
S3-E2,1,108,A,0,3
S3-E2,1,108,B,0,14
S3-E2,1,108,C,0,4
S3-E2,1,109,A,0,3
S3-E2,1,109,B,0,14
S3-E2,1,109,C,0,4
S3-E2,1,110,A,0,3
S3-E2,1,110,B,1,14
S3-E2,1,110,C,0,3
S3-E2,1,111,A,0,3
S3-E2,1,111,B,0,13
S3-E2,1,111,C,1,4
S3-E2,1,112,A,0,3
S3-E2,1,112,B,0,12
S3-E2,1,112,C,0,4
S3-E2,1,113,A,0,3
S3-E2,1,113,B,0,12
S3-E2,1,113,C,0,4
S3-E2,1,114,A,0,3
S3-E2,1,114,B,0,12
S3-E2,1,114,C,2,6
S3-E2,1,115,A,0,3
S3-E2,1,115,B,0,12
S3-E2,1,115,C,1,6
S3-E2,1,116,A,0,2
S3-E2,1,116,B,0,11
S3-E2,1,116,C,2,7
S3-E2,1,117,A,1,3
S3-E2,1,117,B,0,11
S3-E2,1,117,C,1,8
S3-E2,1,118,A,0,3
S3-E2,1,118,B,0,11
S3-E2,1,118,C,1,9
S3-E2,1,119,A,0,2
S3-E2,1,119,B,2,12
S3-E2,1,119,C,1,10
S3-E2,2,0,A,2,7
S3-E2,2,0,B,0,4
S3-E2,2,0,C,1,16
S3-E2,2,1,A,1,8
S3-E2,2,1,B,0,4
S3-E2,2,1,C,1,16
S3-E2,2,2,A,0,7
S3-E2,2,2,B,0,4
S3-E2,2,2,C,0,15
S3-E2,2,3,A,0,6
S3-E2,2,3,B,0,4
S3-E2,2,3,C,1,15
S3-E2,2,4,A,0,4
S3-E2,2,4,B,0,4
S3-E2,2,4,C,0,15
S3-E2,2,5,A,3,7
S3-E2,2,5,B,0,3
S3-E2,2,5,C,2,16
S3-E2,2,6,A,1,8
S3-E2,2,6,B,0,3
S3-E2,2,6,C,0,14
S3-E2,2,7,A,0,8
S3-E2,2,7,B,0,3
S3-E2,2,7,C,0,12
S3-E2,2,8,A,0,8
S3-E2,2,8,B,0,3
S3-E2,2,8,C,0,12
S3-E2,2,9,A,1,9
S3-E2,2,9,B,0,3
S3-E2,2,9,C,0,12
S3-E2,2,10,A,0,9
S3-E2,2,10,B,0,3
S3-E2,2,10,C,0,10
S3-E2,2,11,A,0,9
S3-E2,2,11,B,0,3
S3-E2,2,11,C,0,9
S3-E2,2,12,A,1,10
S3-E2,2,12,B,0,3
S3-E2,2,12,C,0,8
S3-E2,2,13,A,0,10
S3-E2,2,13,B,0,3
S3-E2,2,13,C,0,8
S3-E2,2,14,A,1,10
S3-E2,2,14,B,0,3
S3-E2,2,14,C,0,8
S3-E2,2,15,A,0,10
S3-E2,2,15,B,0,3
S3-E2,2,15,C,0,8
S3-E2,2,16,A,0,10
S3-E2,2,16,B,0,3
S3-E2,2,16,C,0,8
S3-E2,2,17,A,0,10
S3-E2,2,17,B,1,4
S3-E2,2,17,C,0,5
S3-E2,2,18,A,0,10
S3-E2,2,18,B,0,4
S3-E2,2,18,C,0,5
S3-E2,2,19,A,1,11
S3-E2,2,19,B,0,4
S3-E2,2,19,C,0,5
S3-E2,2,20,A,0,14
S3-E2,2,20,B,1,12
S3-E2,2,20,C,0,9
S3-E2,2,21,A,2,16
S3-E2,2,21,B,1,13
S3-E2,2,21,C,0,8
S3-E2,2,22,A,2,17
S3-E2,2,22,B,2,14
S3-E2,2,22,C,0,6
S3-E2,2,23,A,0,17
S3-E2,2,23,B,0,14
S3-E2,2,23,C,0,5
S3-E2,2,24,A,0,16
S3-E2,2,24,B,1,14
S3-E2,2,24,C,0,5
S3-E2,2,25,A,1,17
S3-E2,2,25,B,1,15
S3-E2,2,25,C,0,5
S3-E2,2,26,A,0,15
S3-E2,2,26,B,1,16
S3-E2,2,26,C,0,5
S3-E2,2,27,A,1,16
S3-E2,2,27,B,1,16
S3-E2,2,27,C,0,5
S3-E2,2,28,A,0,16
S3-E2,2,28,B,1,17
S3-E2,2,28,C,0,5
S3-E2,2,29,A,1,16
S3-E2,2,29,B,1,18
S3-E2,2,29,C,0,5
S3-E2,2,30,A,0,14
S3-E2,2,30,B,1,19
S3-E2,2,30,C,1,6
S3-E2,2,31,A,0,14
S3-E2,2,31,B,1,20
S3-E2,2,31,C,0,6
S3-E2,2,32,A,1,14
S3-E2,2,32,B,2,22
S3-E2,2,32,C,0,6
S3-E2,2,33,A,1,14
S3-E2,2,33,B,1,23
S3-E2,2,33,C,1,7
S3-E2,2,34,A,1,15
S3-E2,2,34,B,1,24
S3-E2,2,34,C,0,7
S3-E2,2,35,A,4,19
S3-E2,2,35,B,1,23
S3-E2,2,35,C,1,8
S3-E2,2,36,A,0,19
S3-E2,2,36,B,1,22
S3-E2,2,36,C,0,8
S3-E2,2,37,A,1,19
S3-E2,2,37,B,0,21
S3-E2,2,37,C,0,8
S3-E2,2,38,A,3,21
S3-E2,2,38,B,1,22
S3-E2,2,38,C,0,8
S3-E2,2,39,A,0,21
S3-E2,2,39,B,0,21
S3-E2,2,39,C,0,8
S3-E2,2,40,A,2,22
S3-E2,2,40,B,5,26
S3-E2,2,40,C,0,7
S3-E2,2,41,A,1,22
S3-E2,2,41,B,1,26
S3-E2,2,41,C,1,7
S3-E2,2,42,A,1,23
S3-E2,2,42,B,3,26
S3-E2,2,42,C,1,8
S3-E2,2,43,A,2,24
S3-E2,2,43,B,4,30
S3-E2,2,43,C,1,7
S3-E2,2,44,A,2,26
S3-E2,2,44,B,4,33
S3-E2,2,44,C,3,10
S3-E2,2,45,A,1,27
S3-E2,2,45,B,5,38
S3-E2,2,45,C,1,11
S3-E2,2,46,A,5,32
S3-E2,2,46,B,2,39
S3-E2,2,46,C,2,12
S3-E2,2,47,A,6,37
S3-E2,2,47,B,1,39
S3-E2,2,47,C,4,16
S3-E2,2,48,A,1,36
S3-E2,2,48,B,2,37
S3-E2,2,48,C,1,16
S3-E2,2,49,A,6,41
S3-E2,2,49,B,4,41
S3-E2,2,49,C,1,16
S3-E2,2,50,A,2,43
S3-E2,2,50,B,3,43
S3-E2,2,50,C,1,16
S3-E2,2,51,A,2,43
S3-E2,2,51,B,5,48
S3-E2,2,51,C,1,17
S3-E2,2,52,A,3,45
S3-E2,2,52,B,0,47
S3-E2,2,52,C,0,17
S3-E2,2,53,A,5,48
S3-E2,2,53,B,2,47
S3-E2,2,53,C,0,17
S3-E2,2,54,A,1,47
S3-E2,2,54,B,2,49
S3-E2,2,54,C,2,19
S3-E2,2,55,A,2,49
S3-E2,2,55,B,1,50
S3-E2,2,55,C,2,21
S3-E2,2,56,A,0,49
S3-E2,2,56,B,2,49
S3-E2,2,56,C,3,24
S3-E2,2,57,A,1,50
S3-E2,2,57,B,2,50
S3-E2,2,57,C,1,25
S3-E2,2,58,A,4,52
S3-E2,2,58,B,0,47
S3-E2,2,58,C,3,26
S3-E2,2,59,A,1,51
S3-E2,2,59,B,1,45
S3-E2,2,59,C,0,24
S3-E2,2,60,A,2,50
S3-E2,2,60,B,0,43
S3-E2,2,60,C,2,25
S3-E2,2,61,A,1,47
S3-E2,2,61,B,2,42
S3-E2,2,61,C,0,25
S3-E2,2,62,A,1,46
S3-E2,2,62,B,1,40
S3-E2,2,62,C,2,26
S3-E2,2,63,A,0,42
S3-E2,2,63,B,0,36
S3-E2,2,63,C,4,30
S3-E2,2,64,A,1,42
S3-E2,2,64,B,1,35
S3-E2,2,64,C,1,29
S3-E2,2,65,A,1,39
S3-E2,2,65,B,0,29
S3-E2,2,65,C,3,32
S3-E2,2,66,A,0,34
S3-E2,2,66,B,1,29
S3-E2,2,66,C,0,31
S3-E2,2,67,A,0,33
S3-E2,2,67,B,0,29
S3-E2,2,67,C,0,30
S3-E2,2,68,A,0,32
S3-E2,2,68,B,0,27
S3-E2,2,68,C,0,30
S3-E2,2,69,A,0,29
S3-E2,2,69,B,0,26
S3-E2,2,69,C,1,30
S3-E2,2,70,A,0,27
S3-E2,2,70,B,0,26
S3-E2,2,70,C,2,31
S3-E2,2,71,A,0,25
S3-E2,2,71,B,1,26
S3-E2,2,71,C,2,32
S3-E2,2,72,A,0,24
S3-E2,2,72,B,0,25
S3-E2,2,72,C,3,34
S3-E2,2,73,A,0,23
S3-E2,2,73,B,2,25
S3-E2,2,73,C,4,34
S3-E2,2,74,A,0,19
S3-E2,2,74,B,0,23
S3-E2,2,74,C,2,35
S3-E2,2,75,A,0,16
S3-E2,2,75,B,0,22
S3-E2,2,75,C,1,35
S3-E2,2,76,A,0,14
S3-E2,2,76,B,1,22
S3-E2,2,76,C,0,35
S3-E2,2,77,A,0,12
S3-E2,2,77,B,1,21
S3-E2,2,77,C,1,35
S3-E2,2,78,A,0,10
S3-E2,2,78,B,0,20
S3-E2,2,78,C,0,31
S3-E2,2,79,A,0,10
S3-E2,2,79,B,0,20
S3-E2,2,79,C,0,30
S3-E2,2,80,A,0,6
S3-E2,2,80,B,0,18
S3-E2,2,80,C,0,28
S3-E2,2,81,A,0,6
S3-E2,2,81,B,0,18
S3-E2,2,81,C,0,28
S3-E2,2,82,A,0,6
S3-E2,2,82,B,0,15
S3-E2,2,82,C,0,28
S3-E2,2,83,A,0,5
S3-E2,2,83,B,1,15
S3-E2,2,83,C,0,27
S3-E2,2,84,A,0,4
S3-E2,2,84,B,0,15
S3-E2,2,84,C,0,27
S3-E2,2,85,A,0,2
S3-E2,2,85,B,1,15
S3-E2,2,85,C,1,25
S3-E2,2,86,A,0,2
S3-E2,2,86,B,0,13
S3-E2,2,86,C,0,22
S3-E2,2,87,A,0,2
S3-E2,2,87,B,1,14
S3-E2,2,87,C,0,21
S3-E2,2,88,A,0,2
S3-E2,2,88,B,0,11
S3-E2,2,88,C,0,21
S3-E2,2,89,A,1,3
S3-E2,2,89,B,0,11
S3-E2,2,89,C,0,17
S3-E2,2,90,A,1,4
S3-E2,2,90,B,0,10
S3-E2,2,90,C,0,17
S3-E2,2,91,A,0,3
S3-E2,2,91,B,0,10
S3-E2,2,91,C,0,14
S3-E2,2,92,A,0,3
S3-E2,2,92,B,0,9
S3-E2,2,92,C,0,13
S3-E2,2,93,A,0,3
S3-E2,2,93,B,1,9
S3-E2,2,93,C,0,12
S3-E2,2,94,A,0,3
S3-E2,2,94,B,0,9
S3-E2,2,94,C,0,11
S3-E2,2,95,A,0,3
S3-E2,2,95,B,0,9
S3-E2,2,95,C,0,6
S3-E2,2,96,A,0,3
S3-E2,2,96,B,0,9
S3-E2,2,96,C,0,3
S3-E2,2,97,A,0,3
S3-E2,2,97,B,0,9
S3-E2,2,97,C,0,3
S3-E2,2,98,A,0,3
S3-E2,2,98,B,1,10
S3-E2,2,98,C,0,1
S3-E2,2,99,A,0,3
S3-E2,2,99,B,1,11
S3-E2,2,99,C,0,1
S3-E2,2,100,A,0,3
S3-E2,2,100,B,0,10
S3-E2,2,100,C,0,1
S3-E2,2,101,A,0,3
S3-E2,2,101,B,1,9
S3-E2,2,101,C,0,1
S3-E2,2,102,A,0,3
S3-E2,2,102,B,0,9
S3-E2,2,102,C,0,1
S3-E2,2,103,A,0,2
S3-E2,2,103,B,0,9
S3-E2,2,103,C,0,1
S3-E2,2,104,A,0,2
S3-E2,2,104,B,0,9
S3-E2,2,104,C,0,1
S3-E2,2,105,A,0,2
S3-E2,2,105,B,0,9
S3-E2,2,105,C,0,1
S3-E2,2,106,A,0,2
S3-E2,2,106,B,1,10
S3-E2,2,106,C,0,1
S3-E2,2,107,A,0,2
S3-E2,2,107,B,1,9
S3-E2,2,107,C,0,1
S3-E2,2,108,A,1,3
S3-E2,2,108,B,0,9
S3-E2,2,108,C,0,1
S3-E2,2,109,A,0,2
S3-E2,2,109,B,0,8
S3-E2,2,109,C,0,0
S3-E2,2,110,A,0,2
S3-E2,2,110,B,0,8
S3-E2,2,110,C,1,1
S3-E2,2,111,A,0,2
S3-E2,2,111,B,0,8
S3-E2,2,111,C,0,1
S3-E2,2,112,A,0,1
S3-E2,2,112,B,0,6
S3-E2,2,112,C,0,1
S3-E2,2,113,A,0,1
S3-E2,2,113,B,0,6
S3-E2,2,113,C,1,2
S3-E2,2,114,A,0,1
S3-E2,2,114,B,0,5
S3-E2,2,114,C,1,3
S3-E2,2,115,A,0,1
S3-E2,2,115,B,0,5
S3-E2,2,115,C,0,3
S3-E2,2,116,A,0,1
S3-E2,2,116,B,0,5
S3-E2,2,116,C,2,5
S3-E2,2,117,A,0,1
S3-E2,2,117,B,0,5
S3-E2,2,117,C,2,7
S3-E2,2,118,A,0,1
S3-E2,2,118,B,0,5
S3-E2,2,118,C,0,7
S3-E2,2,119,A,0,1
S3-E2,2,119,B,0,5
S3-E2,2,119,C,2,9
S3-E3,0,0,A,2,4
S3-E3,0,0,B,0,5
S3-E3,0,0,C,0,4
S3-E3,0,1,A,0,4
S3-E3,0,1,B,0,4
S3-E3,0,1,C,0,4
S3-E3,0,2,A,0,3
S3-E3,0,2,B,0,4
S3-E3,0,2,C,0,4
S3-E3,0,3,A,0,3
S3-E3,0,3,B,0,4
S3-E3,0,3,C,0,4
S3-E3,0,4,A,0,3
S3-E3,0,4,B,0,4
S3-E3,0,4,C,0,4
S3-E3,0,5,A,0,3
S3-E3,0,5,B,0,4
S3-E3,0,5,C,0,3
S3-E3,0,6,A,0,3
S3-E3,0,6,B,0,4
S3-E3,0,6,C,1,3
S3-E3,0,7,A,0,3
S3-E3,0,7,B,0,2
S3-E3,0,7,C,0,3
S3-E3,0,8,A,0,3
S3-E3,0,8,B,0,2
S3-E3,0,8,C,0,2
S3-E3,0,9,A,1,4
S3-E3,0,9,B,0,2
S3-E3,0,9,C,0,2
S3-E3,0,10,A,0,4
S3-E3,0,10,B,0,2
S3-E3,0,10,C,0,2
S3-E3,0,11,A,0,4
S3-E3,0,11,B,0,2
S3-E3,0,11,C,0,2
S3-E3,0,12,A,0,4
S3-E3,0,12,B,0,0
S3-E3,0,12,C,0,2
S3-E3,0,13,A,0,4
S3-E3,0,13,B,0,0
S3-E3,0,13,C,0,2
S3-E3,0,14,A,0,4
S3-E3,0,14,B,0,0
S3-E3,0,14,C,0,2
S3-E3,0,15,A,0,4
S3-E3,0,15,B,0,0
S3-E3,0,15,C,1,3
S3-E3,0,16,A,0,4
S3-E3,0,16,B,0,0
S3-E3,0,16,C,0,3
S3-E3,0,17,A,0,4
S3-E3,0,17,B,0,0
S3-E3,0,17,C,0,3
S3-E3,0,18,A,0,4
S3-E3,0,18,B,0,0
S3-E3,0,18,C,0,3
S3-E3,0,19,A,0,4
S3-E3,0,19,B,0,0
S3-E3,0,19,C,0,3
S3-E3,0,20,A,1,19
S3-E3,0,20,B,0,0
S3-E3,0,20,C,0,2
S3-E3,0,21,A,5,24
S3-E3,0,21,B,0,0
S3-E3,0,21,C,0,2
S3-E3,0,22,A,3,26
S3-E3,0,22,B,0,0
S3-E3,0,22,C,0,2
S3-E3,0,23,A,1,26
S3-E3,0,23,B,0,0
S3-E3,0,23,C,0,2
S3-E3,0,24,A,0,26
S3-E3,0,24,B,0,0
S3-E3,0,24,C,0,2
S3-E3,0,25,A,1,27
S3-E3,0,25,B,0,0
S3-E3,0,25,C,0,2
S3-E3,0,26,A,1,28
S3-E3,0,26,B,0,0
S3-E3,0,26,C,0,2
S3-E3,0,27,A,0,28
S3-E3,0,27,B,0,0
S3-E3,0,27,C,0,2
S3-E3,0,28,A,1,29
S3-E3,0,28,B,0,0
S3-E3,0,28,C,0,2
S3-E3,0,29,A,1,30
S3-E3,0,29,B,1,1
S3-E3,0,29,C,1,3
S3-E3,0,30,A,1,31
S3-E3,0,30,B,0,1
S3-E3,0,30,C,0,3
S3-E3,0,31,A,1,32
S3-E3,0,31,B,0,1
S3-E3,0,31,C,0,3
S3-E3,0,32,A,1,30
S3-E3,0,32,B,0,1
S3-E3,0,32,C,0,3
S3-E3,0,33,A,1,29
S3-E3,0,33,B,0,1
S3-E3,0,33,C,0,2
S3-E3,0,34,A,1,28
S3-E3,0,34,B,0,1
S3-E3,0,34,C,0,2
S3-E3,0,35,A,0,28
S3-E3,0,35,B,0,1
S3-E3,0,35,C,0,1
S3-E3,0,36,A,2,29
S3-E3,0,36,B,0,1
S3-E3,0,36,C,0,1
S3-E3,0,37,A,2,29
S3-E3,0,37,B,0,1
S3-E3,0,37,C,1,2
S3-E3,0,38,A,1,29
S3-E3,0,38,B,0,1
S3-E3,0,38,C,0,2
S3-E3,0,39,A,1,25
S3-E3,0,39,B,0,1
S3-E3,0,39,C,0,2
S3-E3,0,40,A,1,24
S3-E3,0,40,B,0,1
S3-E3,0,40,C,0,2
S3-E3,0,41,A,0,20
S3-E3,0,41,B,0,1
S3-E3,0,41,C,1,3
S3-E3,0,42,A,0,20
S3-E3,0,42,B,0,1
S3-E3,0,42,C,0,3
S3-E3,0,43,A,0,17
S3-E3,0,43,B,0,1
S3-E3,0,43,C,0,3
S3-E3,0,44,A,1,17
S3-E3,0,44,B,0,1
S3-E3,0,44,C,0,3
S3-E3,0,45,A,0,17
S3-E3,0,45,B,0,1
S3-E3,0,45,C,0,3
S3-E3,0,46,A,0,17
S3-E3,0,46,B,0,1
S3-E3,0,46,C,0,3
S3-E3,0,47,A,0,17
S3-E3,0,47,B,0,0
S3-E3,0,47,C,0,3
S3-E3,0,48,A,0,16
S3-E3,0,48,B,0,0
S3-E3,0,48,C,0,3
S3-E3,0,49,A,1,16
S3-E3,0,49,B,1,1
S3-E3,0,49,C,0,3
S3-E3,0,50,A,0,13
S3-E3,0,50,B,1,2
S3-E3,0,50,C,0,2
S3-E3,0,51,A,0,13
S3-E3,0,51,B,0,2
S3-E3,0,51,C,0,2
S3-E3,0,52,A,1,12
S3-E3,0,52,B,0,2
S3-E3,0,52,C,0,2
S3-E3,0,53,A,0,11
S3-E3,0,53,B,0,2
S3-E3,0,53,C,0,2
S3-E3,0,54,A,0,10
S3-E3,0,54,B,0,2
S3-E3,0,54,C,0,2
S3-E3,0,55,A,0,9
S3-E3,0,55,B,0,2
S3-E3,0,55,C,0,2
S3-E3,0,56,A,0,8
S3-E3,0,56,B,0,2
S3-E3,0,56,C,0,2
S3-E3,0,57,A,0,8
S3-E3,0,57,B,0,2
S3-E3,0,57,C,0,2
S3-E3,0,58,A,0,8
S3-E3,0,58,B,0,2
S3-E3,0,58,C,0,2
S3-E3,0,59,A,0,8
S3-E3,0,59,B,0,2
S3-E3,0,59,C,0,2
S3-E3,0,60,A,0,6
S3-E3,0,60,B,0,2
S3-E3,0,60,C,1,3
S3-E3,0,61,A,0,6
S3-E3,0,61,B,0,2
S3-E3,0,61,C,0,3
S3-E3,0,62,A,0,6
S3-E3,0,62,B,0,2
S3-E3,0,62,C,0,3
S3-E3,0,63,A,0,5
S3-E3,0,63,B,0,2
S3-E3,0,63,C,0,2
S3-E3,0,64,A,0,5
S3-E3,0,64,B,0,1
S3-E3,0,64,C,0,2
S3-E3,0,65,A,0,5
S3-E3,0,65,B,0,1
S3-E3,0,65,C,0,2
S3-E3,0,66,A,0,4
S3-E3,0,66,B,0,1
S3-E3,0,66,C,0,2
S3-E3,0,67,A,2,5
S3-E3,0,67,B,0,1
S3-E3,0,67,C,0,1
S3-E3,0,68,A,0,5
S3-E3,0,68,B,1,2
S3-E3,0,68,C,1,2
S3-E3,0,69,A,0,5
S3-E3,0,69,B,0,2
S3-E3,0,69,C,0,2
S3-E3,0,70,A,0,5
S3-E3,0,70,B,0,2
S3-E3,0,70,C,0,2
S3-E3,0,71,A,0,5
S3-E3,0,71,B,0,2
S3-E3,0,71,C,0,2
S3-E3,0,72,A,0,5
S3-E3,0,72,B,0,2
S3-E3,0,72,C,0,2
S3-E3,0,73,A,0,5
S3-E3,0,73,B,0,1
S3-E3,0,73,C,0,2
S3-E3,0,74,A,0,5
S3-E3,0,74,B,0,1
S3-E3,0,74,C,0,1
S3-E3,0,75,A,1,5
S3-E3,0,75,B,1,2
S3-E3,0,75,C,0,1
S3-E3,0,76,A,0,5
S3-E3,0,76,B,0,2
S3-E3,0,76,C,0,1
S3-E3,0,77,A,0,5
S3-E3,0,77,B,0,2
S3-E3,0,77,C,1,2
S3-E3,0,78,A,0,4
S3-E3,0,78,B,0,2
S3-E3,0,78,C,0,2
S3-E3,0,79,A,0,4
S3-E3,0,79,B,0,2
S3-E3,0,79,C,0,2
S3-E3,0,80,A,0,4
S3-E3,0,80,B,1,3
S3-E3,0,80,C,1,3
S3-E3,0,81,A,1,4
S3-E3,0,81,B,0,3
S3-E3,0,81,C,1,4
S3-E3,0,82,A,0,3
S3-E3,0,82,B,0,3
S3-E3,0,82,C,0,4
S3-E3,0,83,A,0,3
S3-E3,0,83,B,0,3
S3-E3,0,83,C,0,4
S3-E3,0,84,A,0,3
S3-E3,0,84,B,0,2
S3-E3,0,84,C,0,4
S3-E3,0,85,A,1,3
S3-E3,0,85,B,1,3
S3-E3,0,85,C,0,4
S3-E3,0,86,A,0,3
S3-E3,0,86,B,1,4
S3-E3,0,86,C,0,4
S3-E3,0,87,A,0,3
S3-E3,0,87,B,0,4
S3-E3,0,87,C,0,4
S3-E3,0,88,A,0,3
S3-E3,0,88,B,1,5
S3-E3,0,88,C,0,4
S3-E3,0,89,A,1,4
S3-E3,0,89,B,0,5
S3-E3,0,89,C,0,4
S3-E3,0,90,A,0,4
S3-E3,0,90,B,1,6
S3-E3,0,90,C,0,4
S3-E3,0,91,A,0,4
S3-E3,0,91,B,0,6
S3-E3,0,91,C,0,4
S3-E3,0,92,A,0,4
S3-E3,0,92,B,1,7
S3-E3,0,92,C,0,4
S3-E3,0,93,A,0,4
S3-E3,0,93,B,1,8
S3-E3,0,93,C,0,4
S3-E3,0,94,A,0,4
S3-E3,0,94,B,0,8
S3-E3,0,94,C,0,4
S3-E3,0,95,A,0,4
S3-E3,0,95,B,0,8
S3-E3,0,95,C,0,3
S3-E3,0,96,A,0,3
S3-E3,0,96,B,1,9
S3-E3,0,96,C,0,3
S3-E3,0,97,A,0,3
S3-E3,0,97,B,0,9
S3-E3,0,97,C,0,3
S3-E3,0,98,A,0,3
S3-E3,0,98,B,0,8
S3-E3,0,98,C,0,3
S3-E3,0,99,A,0,3
S3-E3,0,99,B,0,7
S3-E3,0,99,C,1,4
S3-E3,0,100,A,0,3
S3-E3,0,100,B,1,8
S3-E3,0,100,C,0,3
S3-E3,0,101,A,0,3
S3-E3,0,101,B,1,8
S3-E3,0,101,C,1,4
S3-E3,0,102,A,0,1
S3-E3,0,102,B,0,7
S3-E3,0,102,C,0,3
S3-E3,0,103,A,0,1
S3-E3,0,103,B,1,8
S3-E3,0,103,C,0,3
S3-E3,0,104,A,0,1
S3-E3,0,104,B,1,9
S3-E3,0,104,C,0,3
S3-E3,0,105,A,0,1
S3-E3,0,105,B,3,12
S3-E3,0,105,C,0,3
S3-E3,0,106,A,0,0
S3-E3,0,106,B,0,12
S3-E3,0,106,C,0,2
S3-E3,0,107,A,0,0
S3-E3,0,107,B,0,12
S3-E3,0,107,C,1,3
S3-E3,0,108,A,0,0
S3-E3,0,108,B,0,11
S3-E3,0,108,C,1,4
S3-E3,0,109,A,1,1
S3-E3,0,109,B,3,12
S3-E3,0,109,C,0,4
S3-E3,0,110,A,0,1
S3-E3,0,110,B,0,12
S3-E3,0,110,C,0,4
S3-E3,0,111,A,0,1
S3-E3,0,111,B,0,11
S3-E3,0,111,C,0,4
S3-E3,0,112,A,0,1
S3-E3,0,112,B,0,10
S3-E3,0,112,C,0,4
S3-E3,0,113,A,0,1
S3-E3,0,113,B,1,11
S3-E3,0,113,C,0,4
S3-E3,0,114,A,0,1
S3-E3,0,114,B,0,11
S3-E3,0,114,C,0,4
S3-E3,0,115,A,0,1
S3-E3,0,115,B,0,11
S3-E3,0,115,C,0,4
S3-E3,0,116,A,0,1
S3-E3,0,116,B,2,12
S3-E3,0,116,C,0,4
S3-E3,0,117,A,0,1
S3-E3,0,117,B,0,12
S3-E3,0,117,C,0,4
S3-E3,0,118,A,0,1
S3-E3,0,118,B,0,12
S3-E3,0,118,C,0,4
S3-E3,0,119,A,0,1
S3-E3,0,119,B,0,12
S3-E3,0,119,C,0,4
S3-E3,1,0,A,0,2
S3-E3,1,0,B,1,7
S3-E3,1,0,C,3,39
S3-E3,1,1,A,1,3
S3-E3,1,1,B,2,9
S3-E3,1,1,C,2,40
S3-E3,1,2,A,0,2
S3-E3,1,2,B,1,10
S3-E3,1,2,C,2,41
S3-E3,1,3,A,0,2
S3-E3,1,3,B,1,11
S3-E3,1,3,C,0,38
S3-E3,1,4,A,0,1
S3-E3,1,4,B,3,14
S3-E3,1,4,C,0,33
S3-E3,1,5,A,0,1
S3-E3,1,5,B,3,16
S3-E3,1,5,C,1,34
S3-E3,1,6,A,0,1
S3-E3,1,6,B,2,17
S3-E3,1,6,C,0,33
S3-E3,1,7,A,0,1
S3-E3,1,7,B,1,18
S3-E3,1,7,C,0,31
S3-E3,1,8,A,0,1
S3-E3,1,8,B,1,19
S3-E3,1,8,C,1,31
S3-E3,1,9,A,0,1
S3-E3,1,9,B,0,19
S3-E3,1,9,C,1,28
S3-E3,1,10,A,0,1
S3-E3,1,10,B,0,19
S3-E3,1,10,C,2,27
S3-E3,1,11,A,0,1
S3-E3,1,11,B,1,20
S3-E3,1,11,C,0,26
S3-E3,1,12,A,0,1
S3-E3,1,12,B,1,21
S3-E3,1,12,C,1,26
S3-E3,1,13,A,0,1
S3-E3,1,13,B,2,23
S3-E3,1,13,C,2,25
S3-E3,1,14,A,1,2
S3-E3,1,14,B,2,25
S3-E3,1,14,C,0,25
S3-E3,1,15,A,1,3
S3-E3,1,15,B,3,27
S3-E3,1,15,C,0,24
S3-E3,1,16,A,1,4
S3-E3,1,16,B,1,28
S3-E3,1,16,C,0,24
S3-E3,1,17,A,1,5
S3-E3,1,17,B,0,27
S3-E3,1,17,C,2,25
S3-E3,1,18,A,0,5
S3-E3,1,18,B,1,28
S3-E3,1,18,C,0,23
S3-E3,1,19,A,0,5
S3-E3,1,19,B,1,27
S3-E3,1,19,C,2,24
S3-E3,1,20,A,2,22
S3-E3,1,20,B,0,26
S3-E3,1,20,C,2,26
S3-E3,1,21,A,8,30
S3-E3,1,21,B,2,26
S3-E3,1,21,C,0,26
S3-E3,1,22,A,5,34
S3-E3,1,22,B,0,25
S3-E3,1,22,C,2,27
S3-E3,1,23,A,6,40
S3-E3,1,23,B,0,23
S3-E3,1,23,C,0,27
S3-E3,1,24,A,7,47
S3-E3,1,24,B,0,22
S3-E3,1,24,C,0,25
S3-E3,1,25,A,6,53
S3-E3,1,25,B,1,22
S3-E3,1,25,C,0,21
S3-E3,1,26,A,4,57
S3-E3,1,26,B,0,22
S3-E3,1,26,C,0,18
S3-E3,1,27,A,3,60
S3-E3,1,27,B,0,19
S3-E3,1,27,C,1,18
S3-E3,1,28,A,2,62
S3-E3,1,28,B,1,19
S3-E3,1,28,C,0,18
S3-E3,1,29,A,7,69
S3-E3,1,29,B,1,17
S3-E3,1,29,C,0,13
S3-E3,1,30,A,3,72
S3-E3,1,30,B,0,16
S3-E3,1,30,C,0,12
S3-E3,1,31,A,3,74
S3-E3,1,31,B,1,17
S3-E3,1,31,C,1,13
S3-E3,1,32,A,3,77
S3-E3,1,32,B,1,16
S3-E3,1,32,C,0,12
S3-E3,1,33,A,2,79
S3-E3,1,33,B,1,17
S3-E3,1,33,C,0,12
S3-E3,1,34,A,2,77
S3-E3,1,34,B,0,17
S3-E3,1,34,C,0,9
S3-E3,1,35,A,0,76
S3-E3,1,35,B,2,18
S3-E3,1,35,C,0,8
S3-E3,1,36,A,2,75
S3-E3,1,36,B,1,19
S3-E3,1,36,C,0,6
S3-E3,1,37,A,0,73
S3-E3,1,37,B,1,19
S3-E3,1,37,C,1,7
S3-E3,1,38,A,1,70
S3-E3,1,38,B,0,18
S3-E3,1,38,C,0,7
S3-E3,1,39,A,0,68
S3-E3,1,39,B,0,17
S3-E3,1,39,C,0,7
S3-E3,1,40,A,0,65
S3-E3,1,40,B,2,15
S3-E3,1,40,C,0,7
S3-E3,1,41,A,1,63
S3-E3,1,41,B,0,15
S3-E3,1,41,C,1,6
S3-E3,1,42,A,0,60
S3-E3,1,42,B,0,14
S3-E3,1,42,C,0,6
S3-E3,1,43,A,1,58
S3-E3,1,43,B,0,14
S3-E3,1,43,C,0,5
S3-E3,1,44,A,1,53
S3-E3,1,44,B,0,14
S3-E3,1,44,C,1,6
S3-E3,1,45,A,1,51
S3-E3,1,45,B,1,14
S3-E3,1,45,C,0,6
S3-E3,1,46,A,0,44
S3-E3,1,46,B,1,15
S3-E3,1,46,C,0,6
S3-E3,1,47,A,1,42
S3-E3,1,47,B,0,15
S3-E3,1,47,C,0,6
S3-E3,1,48,A,0,40
S3-E3,1,48,B,0,14
S3-E3,1,48,C,0,6
S3-E3,1,49,A,1,39
S3-E3,1,49,B,0,13
S3-E3,1,49,C,1,6
S3-E3,1,50,A,0,30
S3-E3,1,50,B,0,12
S3-E3,1,50,C,0,6
S3-E3,1,51,A,0,30
S3-E3,1,51,B,0,10
S3-E3,1,51,C,0,5
S3-E3,1,52,A,0,27
S3-E3,1,52,B,0,10
S3-E3,1,52,C,1,6
S3-E3,1,53,A,0,25
S3-E3,1,53,B,0,10
S3-E3,1,53,C,1,7
S3-E3,1,54,A,0,20
S3-E3,1,54,B,0,9
S3-E3,1,54,C,0,6
S3-E3,1,55,A,0,19
S3-E3,1,55,B,0,9
S3-E3,1,55,C,0,6
S3-E3,1,56,A,1,17
S3-E3,1,56,B,0,7
S3-E3,1,56,C,0,6
S3-E3,1,57,A,1,18
S3-E3,1,57,B,0,7
S3-E3,1,57,C,0,6
S3-E3,1,58,A,3,21
S3-E3,1,58,B,0,7
S3-E3,1,58,C,0,5
S3-E3,1,59,A,1,21
S3-E3,1,59,B,1,8
S3-E3,1,59,C,0,5
S3-E3,1,60,A,1,21
S3-E3,1,60,B,0,7
S3-E3,1,60,C,0,4
S3-E3,1,61,A,1,22
S3-E3,1,61,B,0,7
S3-E3,1,61,C,1,5
S3-E3,1,62,A,1,20
S3-E3,1,62,B,0,7
S3-E3,1,62,C,0,5
S3-E3,1,63,A,1,20
S3-E3,1,63,B,0,7
S3-E3,1,63,C,0,4
S3-E3,1,64,A,0,20
S3-E3,1,64,B,0,6
S3-E3,1,64,C,0,4
S3-E3,1,65,A,0,17
S3-E3,1,65,B,0,5
S3-E3,1,65,C,0,4
S3-E3,1,66,A,0,16
S3-E3,1,66,B,0,4
S3-E3,1,66,C,0,4
S3-E3,1,67,A,0,16
S3-E3,1,67,B,0,4
S3-E3,1,67,C,0,3
S3-E3,1,68,A,0,16
S3-E3,1,68,B,0,3
S3-E3,1,68,C,1,4
S3-E3,1,69,A,1,17
S3-E3,1,69,B,0,2
S3-E3,1,69,C,0,4
S3-E3,1,70,A,0,16
S3-E3,1,70,B,0,2
S3-E3,1,70,C,0,4
S3-E3,1,71,A,2,17
S3-E3,1,71,B,0,2
S3-E3,1,71,C,0,3
S3-E3,1,72,A,1,18
S3-E3,1,72,B,1,3
S3-E3,1,72,C,0,3
S3-E3,1,73,A,0,17
S3-E3,1,73,B,0,3
S3-E3,1,73,C,0,3
S3-E3,1,74,A,0,16
S3-E3,1,74,B,0,3
S3-E3,1,74,C,0,3
S3-E3,1,75,A,1,17
S3-E3,1,75,B,0,3
S3-E3,1,75,C,0,3
S3-E3,1,76,A,0,17
S3-E3,1,76,B,0,3
S3-E3,1,76,C,0,3
S3-E3,1,77,A,1,17
S3-E3,1,77,B,0,3
S3-E3,1,77,C,0,3
S3-E3,1,78,A,0,16
S3-E3,1,78,B,0,3
S3-E3,1,78,C,0,3
S3-E3,1,79,A,0,15
S3-E3,1,79,B,0,3
S3-E3,1,79,C,0,3
S3-E3,1,80,A,1,16
S3-E3,1,80,B,1,4
S3-E3,1,80,C,0,3
S3-E3,1,81,A,0,15
S3-E3,1,81,B,0,4
S3-E3,1,81,C,0,3
S3-E3,1,82,A,0,13
S3-E3,1,82,B,0,4
S3-E3,1,82,C,0,2
S3-E3,1,83,A,0,12
S3-E3,1,83,B,0,4
S3-E3,1,83,C,0,2
S3-E3,1,84,A,0,11
S3-E3,1,84,B,0,4
S3-E3,1,84,C,0,2
S3-E3,1,85,A,0,11
S3-E3,1,85,B,0,4
S3-E3,1,85,C,0,2
S3-E3,1,86,A,0,10
S3-E3,1,86,B,0,4
S3-E3,1,86,C,0,2
S3-E3,1,87,A,0,9
S3-E3,1,87,B,0,3
S3-E3,1,87,C,0,2
S3-E3,1,88,A,0,8
S3-E3,1,88,B,0,3
S3-E3,1,88,C,0,1
S3-E3,1,89,A,0,7
S3-E3,1,89,B,0,3
S3-E3,1,89,C,0,1
S3-E3,1,90,A,0,6
S3-E3,1,90,B,0,2
S3-E3,1,90,C,0,1
S3-E3,1,91,A,0,6
S3-E3,1,91,B,0,2
S3-E3,1,91,C,0,1
S3-E3,1,92,A,0,5
S3-E3,1,92,B,0,2
S3-E3,1,92,C,0,1
S3-E3,1,93,A,0,3
S3-E3,1,93,B,0,1
S3-E3,1,93,C,0,1
S3-E3,1,94,A,0,2
S3-E3,1,94,B,0,1
S3-E3,1,94,C,0,1
S3-E3,1,95,A,0,2
S3-E3,1,95,B,0,1
S3-E3,1,95,C,0,1
S3-E3,1,96,A,0,2
S3-E3,1,96,B,0,0
S3-E3,1,96,C,0,1
S3-E3,1,97,A,0,1
S3-E3,1,97,B,0,0
S3-E3,1,97,C,0,1
S3-E3,1,98,A,0,1
S3-E3,1,98,B,0,0
S3-E3,1,98,C,0,1
S3-E3,1,99,A,1,1
S3-E3,1,99,B,0,0
S3-E3,1,99,C,3,4
S3-E3,1,100,A,0,1
S3-E3,1,100,B,0,0
S3-E3,1,100,C,0,3
S3-E3,1,101,A,0,1
S3-E3,1,101,B,0,0
S3-E3,1,101,C,0,3
S3-E3,1,102,A,0,1
S3-E3,1,102,B,0,0
S3-E3,1,102,C,0,3
S3-E3,1,103,A,0,1
S3-E3,1,103,B,0,0
S3-E3,1,103,C,0,3
S3-E3,1,104,A,1,2
S3-E3,1,104,B,0,0
S3-E3,1,104,C,0,3
S3-E3,1,105,A,0,2
S3-E3,1,105,B,0,0
S3-E3,1,105,C,0,3
S3-E3,1,106,A,0,2
S3-E3,1,106,B,0,0
S3-E3,1,106,C,0,3
S3-E3,1,107,A,0,2
S3-E3,1,107,B,0,0
S3-E3,1,107,C,0,3
S3-E3,1,108,A,0,2
S3-E3,1,108,B,0,0
S3-E3,1,108,C,0,3
S3-E3,1,109,A,0,2
S3-E3,1,109,B,0,0
S3-E3,1,109,C,0,3
S3-E3,1,110,A,0,2
S3-E3,1,110,B,0,0
S3-E3,1,110,C,0,3
S3-E3,1,111,A,1,3
S3-E3,1,111,B,0,0
S3-E3,1,111,C,0,3
S3-E3,1,112,A,0,3
S3-E3,1,112,B,0,0
S3-E3,1,112,C,0,3
S3-E3,1,113,A,0,3
S3-E3,1,113,B,0,0
S3-E3,1,113,C,2,5
S3-E3,1,114,A,0,3
S3-E3,1,114,B,0,0
S3-E3,1,114,C,0,4
S3-E3,1,115,A,0,3
S3-E3,1,115,B,0,0
S3-E3,1,115,C,0,4
S3-E3,1,116,A,0,3
S3-E3,1,116,B,0,0
S3-E3,1,116,C,0,4
S3-E3,1,117,A,0,3
S3-E3,1,117,B,0,0
S3-E3,1,117,C,0,4
S3-E3,1,118,A,0,3
S3-E3,1,118,B,0,0
S3-E3,1,118,C,0,3
S3-E3,1,119,A,0,3
S3-E3,1,119,B,0,0
S3-E3,1,119,C,0,3
S3-E3,2,0,A,0,4
S3-E3,2,0,B,0,1
S3-E3,2,0,C,1,2
S3-E3,2,1,A,0,4
S3-E3,2,1,B,0,1
S3-E3,2,1,C,0,2
S3-E3,2,2,A,0,4
S3-E3,2,2,B,0,1
S3-E3,2,2,C,0,2
S3-E3,2,3,A,0,3
S3-E3,2,3,B,0,1
S3-E3,2,3,C,0,2
S3-E3,2,4,A,0,3
S3-E3,2,4,B,0,1
S3-E3,2,4,C,0,2
S3-E3,2,5,A,0,3
S3-E3,2,5,B,0,1
S3-E3,2,5,C,0,2
S3-E3,2,6,A,0,3
S3-E3,2,6,B,1,2
S3-E3,2,6,C,0,2
S3-E3,2,7,A,0,2
S3-E3,2,7,B,0,2
S3-E3,2,7,C,0,2
S3-E3,2,8,A,0,2
S3-E3,2,8,B,0,2
S3-E3,2,8,C,0,2
S3-E3,2,9,A,0,1
S3-E3,2,9,B,0,2
S3-E3,2,9,C,0,2
S3-E3,2,10,A,0,1
S3-E3,2,10,B,0,1
S3-E3,2,10,C,0,2
S3-E3,2,11,A,0,1
S3-E3,2,11,B,0,1
S3-E3,2,11,C,0,2
S3-E3,2,12,A,0,1
S3-E3,2,12,B,2,3
S3-E3,2,12,C,0,2
S3-E3,2,13,A,0,1
S3-E3,2,13,B,0,3
S3-E3,2,13,C,0,1
S3-E3,2,14,A,0,1
S3-E3,2,14,B,0,3
S3-E3,2,14,C,0,1
S3-E3,2,15,A,0,0
S3-E3,2,15,B,0,3
S3-E3,2,15,C,0,1
S3-E3,2,16,A,0,0
S3-E3,2,16,B,0,3
S3-E3,2,16,C,1,2
S3-E3,2,17,A,0,0
S3-E3,2,17,B,0,3
S3-E3,2,17,C,0,2
S3-E3,2,18,A,0,0
S3-E3,2,18,B,0,3
S3-E3,2,18,C,0,2
S3-E3,2,19,A,0,0
S3-E3,2,19,B,0,3
S3-E3,2,19,C,0,2
S3-E3,2,20,A,1,16
S3-E3,2,20,B,0,2
S3-E3,2,20,C,0,2
S3-E3,2,21,A,1,17
S3-E3,2,21,B,1,3
S3-E3,2,21,C,0,2
S3-E3,2,22,A,1,18
S3-E3,2,22,B,0,3
S3-E3,2,22,C,0,2
S3-E3,2,23,A,1,19
S3-E3,2,23,B,0,3
S3-E3,2,23,C,0,1
S3-E3,2,24,A,0,19
S3-E3,2,24,B,1,4
S3-E3,2,24,C,0,1
S3-E3,2,25,A,0,19
S3-E3,2,25,B,0,4
S3-E3,2,25,C,0,1
S3-E3,2,26,A,0,19
S3-E3,2,26,B,1,5
S3-E3,2,26,C,1,2
S3-E3,2,27,A,1,20
S3-E3,2,27,B,1,6
S3-E3,2,27,C,0,2
S3-E3,2,28,A,1,21
S3-E3,2,28,B,0,6
S3-E3,2,28,C,1,3
S3-E3,2,29,A,0,21
S3-E3,2,29,B,1,7
S3-E3,2,29,C,1,4
S3-E3,2,30,A,1,22
S3-E3,2,30,B,0,6
S3-E3,2,30,C,0,4
S3-E3,2,31,A,0,22
S3-E3,2,31,B,0,6
S3-E3,2,31,C,0,4
S3-E3,2,32,A,0,21
S3-E3,2,32,B,0,6
S3-E3,2,32,C,1,5
S3-E3,2,33,A,0,19
S3-E3,2,33,B,0,6
S3-E3,2,33,C,0,4
S3-E3,2,34,A,0,18
S3-E3,2,34,B,0,6
S3-E3,2,34,C,1,5
S3-E3,2,35,A,0,17
S3-E3,2,35,B,0,6
S3-E3,2,35,C,0,5
S3-E3,2,36,A,0,17
S3-E3,2,36,B,0,5
S3-E3,2,36,C,0,5
S3-E3,2,37,A,0,16
S3-E3,2,37,B,0,4
S3-E3,2,37,C,0,5
S3-E3,2,38,A,0,14
S3-E3,2,38,B,1,5
S3-E3,2,38,C,0,5
S3-E3,2,39,A,1,15
S3-E3,2,39,B,0,5
S3-E3,2,39,C,0,4
S3-E3,2,40,A,0,15
S3-E3,2,40,B,1,6
S3-E3,2,40,C,0,4
S3-E3,2,41,A,0,15
S3-E3,2,41,B,0,5
S3-E3,2,41,C,0,4
S3-E3,2,42,A,1,14
S3-E3,2,42,B,0,5
S3-E3,2,42,C,0,3
S3-E3,2,43,A,0,13
S3-E3,2,43,B,0,5
S3-E3,2,43,C,0,3
S3-E3,2,44,A,0,11
S3-E3,2,44,B,0,5
S3-E3,2,44,C,0,3
S3-E3,2,45,A,0,11
S3-E3,2,45,B,0,5
S3-E3,2,45,C,1,4
S3-E3,2,46,A,0,11
S3-E3,2,46,B,0,5
S3-E3,2,46,C,0,4
S3-E3,2,47,A,2,12
S3-E3,2,47,B,0,5
S3-E3,2,47,C,0,4
S3-E3,2,48,A,1,12
S3-E3,2,48,B,0,5
S3-E3,2,48,C,0,3
S3-E3,2,49,A,2,14
S3-E3,2,49,B,0,5
S3-E3,2,49,C,1,4
S3-E3,2,50,A,0,13
S3-E3,2,50,B,0,4
S3-E3,2,50,C,1,5
S3-E3,2,51,A,1,14
S3-E3,2,51,B,0,4
S3-E3,2,51,C,0,5
S3-E3,2,52,A,0,14
S3-E3,2,52,B,0,3
S3-E3,2,52,C,0,5
S3-E3,2,53,A,0,13
S3-E3,2,53,B,0,3
S3-E3,2,53,C,0,4
S3-E3,2,54,A,0,12
S3-E3,2,54,B,0,3
S3-E3,2,54,C,1,5
S3-E3,2,55,A,0,11
S3-E3,2,55,B,0,3
S3-E3,2,55,C,0,5
S3-E3,2,56,A,1,12
S3-E3,2,56,B,0,1
S3-E3,2,56,C,0,5
S3-E3,2,57,A,0,11
S3-E3,2,57,B,0,1
S3-E3,2,57,C,0,5
S3-E3,2,58,A,0,11
S3-E3,2,58,B,0,1
S3-E3,2,58,C,0,5
S3-E3,2,59,A,1,12
S3-E3,2,59,B,0,1
S3-E3,2,59,C,0,5
S3-E3,2,60,A,0,12
S3-E3,2,60,B,0,1
S3-E3,2,60,C,0,5
S3-E3,2,61,A,0,11
S3-E3,2,61,B,0,1
S3-E3,2,61,C,1,5
S3-E3,2,62,A,0,10
S3-E3,2,62,B,0,1
S3-E3,2,62,C,0,4
S3-E3,2,63,A,0,9
S3-E3,2,63,B,0,1
S3-E3,2,63,C,0,4
S3-E3,2,64,A,1,9
S3-E3,2,64,B,0,1
S3-E3,2,64,C,0,4
S3-E3,2,65,A,0,7
S3-E3,2,65,B,0,1
S3-E3,2,65,C,0,4
S3-E3,2,66,A,1,8
S3-E3,2,66,B,0,1
S3-E3,2,66,C,0,4
S3-E3,2,67,A,0,8
S3-E3,2,67,B,0,0
S3-E3,2,67,C,0,4
S3-E3,2,68,A,0,8
S3-E3,2,68,B,0,0
S3-E3,2,68,C,0,4
S3-E3,2,69,A,0,7
S3-E3,2,69,B,0,0
S3-E3,2,69,C,0,4
S3-E3,2,70,A,0,7
S3-E3,2,70,B,0,0
S3-E3,2,70,C,0,4
S3-E3,2,71,A,0,6
S3-E3,2,71,B,0,0
S3-E3,2,71,C,0,4
S3-E3,2,72,A,0,5
S3-E3,2,72,B,0,0
S3-E3,2,72,C,0,4
S3-E3,2,73,A,0,4
S3-E3,2,73,B,0,0
S3-E3,2,73,C,0,4
S3-E3,2,74,A,0,4
S3-E3,2,74,B,0,0
S3-E3,2,74,C,1,5
S3-E3,2,75,A,0,4
S3-E3,2,75,B,0,0
S3-E3,2,75,C,0,4
S3-E3,2,76,A,0,4
S3-E3,2,76,B,0,0
S3-E3,2,76,C,0,4
S3-E3,2,77,A,0,4
S3-E3,2,77,B,0,0
S3-E3,2,77,C,0,4
S3-E3,2,78,A,0,3
S3-E3,2,78,B,0,0
S3-E3,2,78,C,0,4
S3-E3,2,79,A,0,3
S3-E3,2,79,B,1,1
S3-E3,2,79,C,0,3
S3-E3,2,80,A,1,4
S3-E3,2,80,B,0,1
S3-E3,2,80,C,0,2
S3-E3,2,81,A,0,4
S3-E3,2,81,B,0,1
S3-E3,2,81,C,1,3
S3-E3,2,82,A,0,3
S3-E3,2,82,B,0,1
S3-E3,2,82,C,0,3
S3-E3,2,83,A,0,2
S3-E3,2,83,B,0,1
S3-E3,2,83,C,2,5
S3-E3,2,84,A,1,3
S3-E3,2,84,B,0,1
S3-E3,2,84,C,2,7
S3-E3,2,85,A,1,4
S3-E3,2,85,B,0,1
S3-E3,2,85,C,0,7
S3-E3,2,86,A,1,5
S3-E3,2,86,B,0,1
S3-E3,2,86,C,0,7
S3-E3,2,87,A,0,5
S3-E3,2,87,B,0,1
S3-E3,2,87,C,0,7
S3-E3,2,88,A,0,4
S3-E3,2,88,B,0,1
S3-E3,2,88,C,0,7
S3-E3,2,89,A,0,4
S3-E3,2,89,B,0,1
S3-E3,2,89,C,0,7
S3-E3,2,90,A,1,5
S3-E3,2,90,B,0,1
S3-E3,2,90,C,0,7
S3-E3,2,91,A,0,5
S3-E3,2,91,B,0,1
S3-E3,2,91,C,0,7
S3-E3,2,92,A,0,5
S3-E3,2,92,B,0,1
S3-E3,2,92,C,0,7
S3-E3,2,93,A,0,4
S3-E3,2,93,B,0,1
S3-E3,2,93,C,0,7
S3-E3,2,94,A,0,4
S3-E3,2,94,B,0,1
S3-E3,2,94,C,0,7
S3-E3,2,95,A,1,5
S3-E3,2,95,B,0,1
S3-E3,2,95,C,0,6
S3-E3,2,96,A,0,5
S3-E3,2,96,B,0,1
S3-E3,2,96,C,0,5
S3-E3,2,97,A,0,5
S3-E3,2,97,B,0,1
S3-E3,2,97,C,1,6
S3-E3,2,98,A,0,5
S3-E3,2,98,B,0,1
S3-E3,2,98,C,0,6
S3-E3,2,99,A,0,5
S3-E3,2,99,B,0,1
S3-E3,2,99,C,0,5
S3-E3,2,100,A,0,5
S3-E3,2,100,B,0,1
S3-E3,2,100,C,1,5
S3-E3,2,101,A,0,4
S3-E3,2,101,B,0,1
S3-E3,2,101,C,0,5
S3-E3,2,102,A,0,4
S3-E3,2,102,B,0,1
S3-E3,2,102,C,0,4
S3-E3,2,103,A,1,5
S3-E3,2,103,B,0,1
S3-E3,2,103,C,1,5
S3-E3,2,104,A,0,4
S3-E3,2,104,B,0,1
S3-E3,2,104,C,0,4
S3-E3,2,105,A,0,3
S3-E3,2,105,B,0,1
S3-E3,2,105,C,0,4
S3-E3,2,106,A,0,3
S3-E3,2,106,B,0,1
S3-E3,2,106,C,0,4
S3-E3,2,107,A,0,2
S3-E3,2,107,B,0,1
S3-E3,2,107,C,0,4
S3-E3,2,108,A,0,2
S3-E3,2,108,B,0,1
S3-E3,2,108,C,0,4
S3-E3,2,109,A,0,2
S3-E3,2,109,B,0,1
S3-E3,2,109,C,1,5
S3-E3,2,110,A,0,2
S3-E3,2,110,B,1,2
S3-E3,2,110,C,0,5
S3-E3,2,111,A,0,2
S3-E3,2,111,B,2,4
S3-E3,2,111,C,0,5
S3-E3,2,112,A,0,1
S3-E3,2,112,B,0,4
S3-E3,2,112,C,1,6
S3-E3,2,113,A,0,1
S3-E3,2,113,B,0,4
S3-E3,2,113,C,0,6
S3-E3,2,114,A,0,1
S3-E3,2,114,B,1,5
S3-E3,2,114,C,1,7
S3-E3,2,115,A,0,1
S3-E3,2,115,B,1,6
S3-E3,2,115,C,0,7
S3-E3,2,116,A,0,1
S3-E3,2,116,B,0,6
S3-E3,2,116,C,0,6
S3-E3,2,117,A,0,1
S3-E3,2,117,B,0,6
S3-E3,2,117,C,0,6
S3-E3,2,118,A,0,1
S3-E3,2,118,B,0,6
S3-E3,2,118,C,3,9
S3-E3,2,119,A,0,0
S3-E3,2,119,B,0,6
S3-E3,2,119,C,0,8
S3-E4,0,0,A,0,3
S3-E4,0,0,B,0,8
S3-E4,0,0,C,1,5
S3-E4,0,1,A,0,3
S3-E4,0,1,B,0,8
S3-E4,0,1,C,0,5
S3-E4,0,2,A,0,3
S3-E4,0,2,B,0,8
S3-E4,0,2,C,0,5
S3-E4,0,3,A,0,2
S3-E4,0,3,B,0,7
S3-E4,0,3,C,0,4
S3-E4,0,4,A,1,3
S3-E4,0,4,B,0,7
S3-E4,0,4,C,0,3
S3-E4,0,5,A,0,3
S3-E4,0,5,B,1,7
S3-E4,0,5,C,0,3
S3-E4,0,6,A,0,3
S3-E4,0,6,B,0,7
S3-E4,0,6,C,1,4
S3-E4,0,7,A,0,3
S3-E4,0,7,B,0,7
S3-E4,0,7,C,1,5
S3-E4,0,8,A,0,3
S3-E4,0,8,B,0,7
S3-E4,0,8,C,0,5
S3-E4,0,9,A,0,3
S3-E4,0,9,B,0,6
S3-E4,0,9,C,0,5
S3-E4,0,10,A,0,2
S3-E4,0,10,B,0,4
S3-E4,0,10,C,0,5
S3-E4,0,11,A,0,2
S3-E4,0,11,B,0,4
S3-E4,0,11,C,0,4
S3-E4,0,12,A,1,3
S3-E4,0,12,B,0,4
S3-E4,0,12,C,0,4
S3-E4,0,13,A,0,3
S3-E4,0,13,B,0,3
S3-E4,0,13,C,0,4
S3-E4,0,14,A,0,2
S3-E4,0,14,B,0,3
S3-E4,0,14,C,0,4
S3-E4,0,15,A,2,4
S3-E4,0,15,B,0,3
S3-E4,0,15,C,0,3
S3-E4,0,16,A,0,4
S3-E4,0,16,B,0,3
S3-E4,0,16,C,0,3
S3-E4,0,17,A,1,5
S3-E4,0,17,B,2,5
S3-E4,0,17,C,0,3
S3-E4,0,18,A,0,5
S3-E4,0,18,B,0,5
S3-E4,0,18,C,0,3
S3-E4,0,19,A,0,4
S3-E4,0,19,B,0,5
S3-E4,0,19,C,0,2
S3-E4,0,20,A,0,4
S3-E4,0,20,B,0,5
S3-E4,0,20,C,1,3
S3-E4,0,21,A,2,6
S3-E4,0,21,B,0,5
S3-E4,0,21,C,0,3
S3-E4,0,22,A,0,6
S3-E4,0,22,B,0,5
S3-E4,0,22,C,0,2
S3-E4,0,23,A,0,6
S3-E4,0,23,B,0,4
S3-E4,0,23,C,1,3
S3-E4,0,24,A,0,6
S3-E4,0,24,B,0,4
S3-E4,0,24,C,2,5
S3-E4,0,25,A,0,6
S3-E4,0,25,B,0,4
S3-E4,0,25,C,0,5
S3-E4,0,26,A,1,7
S3-E4,0,26,B,0,4
S3-E4,0,26,C,0,5
S3-E4,0,27,A,0,7
S3-E4,0,27,B,2,6
S3-E4,0,27,C,0,5
S3-E4,0,28,A,0,7
S3-E4,0,28,B,1,7
S3-E4,0,28,C,1,6
S3-E4,0,29,A,0,6
S3-E4,0,29,B,2,9
S3-E4,0,29,C,0,5
S3-E4,0,30,A,0,6
S3-E4,0,30,B,1,10
S3-E4,0,30,C,0,5
S3-E4,0,31,A,1,7
S3-E4,0,31,B,0,9
S3-E4,0,31,C,0,5
S3-E4,0,32,A,0,7
S3-E4,0,32,B,0,9
S3-E4,0,32,C,0,5
S3-E4,0,33,A,0,7
S3-E4,0,33,B,1,10
S3-E4,0,33,C,0,5
S3-E4,0,34,A,0,7
S3-E4,0,34,B,0,9
S3-E4,0,34,C,0,5
S3-E4,0,35,A,0,6
S3-E4,0,35,B,1,10
S3-E4,0,35,C,2,7
S3-E4,0,36,A,0,5
S3-E4,0,36,B,0,10
S3-E4,0,36,C,0,7
S3-E4,0,37,A,1,6
S3-E4,0,37,B,2,12
S3-E4,0,37,C,0,6
S3-E4,0,38,A,0,6
S3-E4,0,38,B,1,13
S3-E4,0,38,C,0,5
S3-E4,0,39,A,0,5
S3-E4,0,39,B,0,13
S3-E4,0,39,C,1,6
S3-E4,0,40,A,0,4
S3-E4,0,40,B,0,13
S3-E4,0,40,C,1,7
S3-E4,0,41,A,0,4
S3-E4,0,41,B,1,14
S3-E4,0,41,C,0,7
S3-E4,0,42,A,0,4
S3-E4,0,42,B,1,14
S3-E4,0,42,C,0,6
S3-E4,0,43,A,1,5
S3-E4,0,43,B,0,14
S3-E4,0,43,C,0,6
S3-E4,0,44,A,0,5
S3-E4,0,44,B,1,14
S3-E4,0,44,C,0,6
S3-E4,0,45,A,1,6
S3-E4,0,45,B,0,14
S3-E4,0,45,C,0,5
S3-E4,0,46,A,0,5
S3-E4,0,46,B,0,13
S3-E4,0,46,C,0,4
S3-E4,0,47,A,0,5
S3-E4,0,47,B,0,13
S3-E4,0,47,C,0,4
S3-E4,0,48,A,0,5
S3-E4,0,48,B,0,13
S3-E4,0,48,C,0,4
S3-E4,0,49,A,0,4
S3-E4,0,49,B,0,12
S3-E4,0,49,C,0,4
S3-E4,0,50,A,0,4
S3-E4,0,50,B,1,12
S3-E4,0,50,C,0,4
S3-E4,0,51,A,0,4
S3-E4,0,51,B,0,12
S3-E4,0,51,C,0,3
S3-E4,0,52,A,0,4
S3-E4,0,52,B,1,12
S3-E4,0,52,C,0,2
S3-E4,0,53,A,2,6
S3-E4,0,53,B,0,11
S3-E4,0,53,C,1,3
S3-E4,0,54,A,0,5
S3-E4,0,54,B,1,12
S3-E4,0,54,C,0,3
S3-E4,0,55,A,0,4
S3-E4,0,55,B,0,12
S3-E4,0,55,C,0,3
S3-E4,0,56,A,0,4
S3-E4,0,56,B,0,11
S3-E4,0,56,C,1,4
S3-E4,0,57,A,0,3
S3-E4,0,57,B,0,10
S3-E4,0,57,C,1,4
S3-E4,0,58,A,0,3
S3-E4,0,58,B,0,8
S3-E4,0,58,C,0,4
S3-E4,0,59,A,0,3
S3-E4,0,59,B,0,8
S3-E4,0,59,C,0,4
S3-E4,0,60,A,1,4
S3-E4,0,60,B,0,8
S3-E4,0,60,C,1,5
S3-E4,0,61,A,2,6
S3-E4,0,61,B,1,8
S3-E4,0,61,C,3,8
S3-E4,0,62,A,0,6
S3-E4,0,62,B,0,8
S3-E4,0,62,C,0,7
S3-E4,0,63,A,1,7
S3-E4,0,63,B,1,8
S3-E4,0,63,C,2,9
S3-E4,0,64,A,2,8
S3-E4,0,64,B,0,7
S3-E4,0,64,C,0,9
S3-E4,0,65,A,1,9
S3-E4,0,65,B,0,6
S3-E4,0,65,C,0,9
S3-E4,0,66,A,1,10
S3-E4,0,66,B,0,6
S3-E4,0,66,C,0,9
S3-E4,0,67,A,0,10
S3-E4,0,67,B,0,5
S3-E4,0,67,C,0,9
S3-E4,0,68,A,0,10
S3-E4,0,68,B,0,4
S3-E4,0,68,C,0,9
S3-E4,0,69,A,0,10
S3-E4,0,69,B,0,3
S3-E4,0,69,C,0,9
S3-E4,0,70,A,2,12
S3-E4,0,70,B,0,3
S3-E4,0,70,C,0,9
S3-E4,0,71,A,0,12
S3-E4,0,71,B,0,3
S3-E4,0,71,C,0,9
S3-E4,0,72,A,1,13
S3-E4,0,72,B,0,3
S3-E4,0,72,C,1,10
S3-E4,0,73,A,1,14
S3-E4,0,73,B,0,3
S3-E4,0,73,C,1,11
S3-E4,0,74,A,2,15
S3-E4,0,74,B,0,3
S3-E4,0,74,C,0,10
S3-E4,0,75,A,0,15
S3-E4,0,75,B,0,3
S3-E4,0,75,C,6,16
S3-E4,0,76,A,0,15
S3-E4,0,76,B,0,2
S3-E4,0,76,C,6,22
S3-E4,0,77,A,2,15
S3-E4,0,77,B,0,2
S3-E4,0,77,C,5,26
S3-E4,0,78,A,1,15
S3-E4,0,78,B,1,3
S3-E4,0,78,C,2,28
S3-E4,0,79,A,0,14
S3-E4,0,79,B,0,2
S3-E4,0,79,C,2,30
S3-E4,0,80,A,1,15
S3-E4,0,80,B,0,2
S3-E4,0,80,C,4,33
S3-E4,0,81,A,0,15
S3-E4,0,81,B,0,2
S3-E4,0,81,C,4,37
S3-E4,0,82,A,2,17
S3-E4,0,82,B,0,2
S3-E4,0,82,C,4,39
S3-E4,0,83,A,2,19
S3-E4,0,83,B,0,2
S3-E4,0,83,C,5,44
S3-E4,0,84,A,0,18
S3-E4,0,84,B,0,2
S3-E4,0,84,C,5,49
S3-E4,0,85,A,1,19
S3-E4,0,85,B,1,3
S3-E4,0,85,C,2,51
S3-E4,0,86,A,0,18
S3-E4,0,86,B,1,4
S3-E4,0,86,C,1,52
S3-E4,0,87,A,1,19
S3-E4,0,87,B,1,5
S3-E4,0,87,C,3,55
S3-E4,0,88,A,1,20
S3-E4,0,88,B,1,6
S3-E4,0,88,C,1,55
S3-E4,0,89,A,3,22
S3-E4,0,89,B,1,7
S3-E4,0,89,C,1,56
S3-E4,0,90,A,4,25
S3-E4,0,90,B,0,7
S3-E4,0,90,C,3,55
S3-E4,0,91,A,2,26
S3-E4,0,91,B,2,9
S3-E4,0,91,C,3,56
S3-E4,0,92,A,3,29
S3-E4,0,92,B,1,10
S3-E4,0,92,C,1,56
S3-E4,0,93,A,1,30
S3-E4,0,93,B,3,12
S3-E4,0,93,C,1,55
S3-E4,0,94,A,3,33
S3-E4,0,94,B,3,15
S3-E4,0,94,C,1,54
S3-E4,0,95,A,2,32
S3-E4,0,95,B,2,16
S3-E4,0,95,C,2,55
S3-E4,0,96,A,4,36
S3-E4,0,96,B,2,18
S3-E4,0,96,C,4,57
S3-E4,0,97,A,1,34
S3-E4,0,97,B,2,20
S3-E4,0,97,C,2,58
S3-E4,0,98,A,3,36
S3-E4,0,98,B,4,24
S3-E4,0,98,C,1,55
S3-E4,0,99,A,1,37
S3-E4,0,99,B,3,27
S3-E4,0,99,C,1,54
S3-E4,0,100,A,1,38
S3-E4,0,100,B,2,29
S3-E4,0,100,C,0,52
S3-E4,0,101,A,2,40
S3-E4,0,101,B,3,32
S3-E4,0,101,C,0,49
S3-E4,0,102,A,0,40
S3-E4,0,102,B,4,36
S3-E4,0,102,C,0,48
S3-E4,0,103,A,3,41
S3-E4,0,103,B,4,39
S3-E4,0,103,C,0,44
S3-E4,0,104,A,2,41
S3-E4,0,104,B,2,40
S3-E4,0,104,C,0,39
S3-E4,0,105,A,0,39
S3-E4,0,105,B,4,44
S3-E4,0,105,C,0,36
S3-E4,0,106,A,0,39
S3-E4,0,106,B,1,45
S3-E4,0,106,C,0,33
S3-E4,0,107,A,2,38
S3-E4,0,107,B,2,44
S3-E4,0,107,C,0,32
S3-E4,0,108,A,0,36
S3-E4,0,108,B,3,46
S3-E4,0,108,C,1,31
S3-E4,0,109,A,2,35
S3-E4,0,109,B,2,47
S3-E4,0,109,C,0,30
S3-E4,0,110,A,0,34
S3-E4,0,110,B,1,46
S3-E4,0,110,C,1,27
S3-E4,0,111,A,0,34
S3-E4,0,111,B,2,45
S3-E4,0,111,C,1,22
S3-E4,0,112,A,0,32
S3-E4,0,112,B,0,44
S3-E4,0,112,C,0,21
S3-E4,0,113,A,1,31
S3-E4,0,113,B,1,43
S3-E4,0,113,C,0,19
S3-E4,0,114,A,0,30
S3-E4,0,114,B,2,44
S3-E4,0,114,C,0,18
S3-E4,0,115,A,1,29
S3-E4,0,115,B,2,45
S3-E4,0,115,C,0,17
S3-E4,0,116,A,1,25
S3-E4,0,116,B,2,45
S3-E4,0,116,C,1,18
S3-E4,0,117,A,0,24
S3-E4,0,117,B,2,46
S3-E4,0,117,C,0,17
S3-E4,0,118,A,0,22
S3-E4,0,118,B,0,41
S3-E4,0,118,C,0,14
S3-E4,0,119,A,1,22
S3-E4,0,119,B,0,39
S3-E4,0,119,C,0,12
S3-E4,1,0,A,0,6
S3-E4,1,0,B,0,14
S3-E4,1,0,C,3,46
S3-E4,1,1,A,0,5
S3-E4,1,1,B,0,12
S3-E4,1,1,C,0,45
S3-E4,1,2,A,0,5
S3-E4,1,2,B,1,12
S3-E4,1,2,C,2,44
S3-E4,1,3,A,0,5
S3-E4,1,3,B,0,12
S3-E4,1,3,C,0,42
S3-E4,1,4,A,3,8
S3-E4,1,4,B,0,12
S3-E4,1,4,C,1,42
S3-E4,1,5,A,0,7
S3-E4,1,5,B,0,12
S3-E4,1,5,C,7,48
S3-E4,1,6,A,0,7
S3-E4,1,6,B,1,10
S3-E4,1,6,C,2,44
S3-E4,1,7,A,2,9
S3-E4,1,7,B,0,8
S3-E4,1,7,C,1,43
S3-E4,1,8,A,0,9
S3-E4,1,8,B,0,8
S3-E4,1,8,C,1,43
S3-E4,1,9,A,1,8
S3-E4,1,9,B,0,7
S3-E4,1,9,C,2,42
S3-E4,1,10,A,0,8
S3-E4,1,10,B,0,7
S3-E4,1,10,C,1,40
S3-E4,1,11,A,1,9
S3-E4,1,11,B,0,7
S3-E4,1,11,C,0,38
S3-E4,1,12,A,0,9
S3-E4,1,12,B,0,7
S3-E4,1,12,C,0,37
S3-E4,1,13,A,0,9
S3-E4,1,13,B,0,7
S3-E4,1,13,C,2,36
S3-E4,1,14,A,0,9
S3-E4,1,14,B,0,6
S3-E4,1,14,C,0,34
S3-E4,1,15,A,1,10
S3-E4,1,15,B,0,6
S3-E4,1,15,C,1,35
S3-E4,1,16,A,0,10
S3-E4,1,16,B,0,5
S3-E4,1,16,C,0,34
S3-E4,1,17,A,0,10
S3-E4,1,17,B,0,5
S3-E4,1,17,C,0,30
S3-E4,1,18,A,0,10
S3-E4,1,18,B,0,5
S3-E4,1,18,C,0,27
S3-E4,1,19,A,1,11
S3-E4,1,19,B,0,4
S3-E4,1,19,C,0,27
S3-E4,1,20,A,0,9
S3-E4,1,20,B,1,5
S3-E4,1,20,C,0,26
S3-E4,1,21,A,0,9
S3-E4,1,21,B,0,4
S3-E4,1,21,C,0,22
S3-E4,1,22,A,0,9
S3-E4,1,22,B,0,4
S3-E4,1,22,C,0,20
S3-E4,1,23,A,0,9
S3-E4,1,23,B,0,4
S3-E4,1,23,C,0,17
S3-E4,1,24,A,0,8
S3-E4,1,24,B,0,4
S3-E4,1,24,C,0,17
S3-E4,1,25,A,0,7
S3-E4,1,25,B,1,4
S3-E4,1,25,C,1,18
S3-E4,1,26,A,0,6
S3-E4,1,26,B,0,4
S3-E4,1,26,C,1,18
S3-E4,1,27,A,0,5
S3-E4,1,27,B,0,4
S3-E4,1,27,C,0,18
S3-E4,1,28,A,0,5
S3-E4,1,28,B,0,4
S3-E4,1,28,C,1,18
S3-E4,1,29,A,0,3
S3-E4,1,29,B,0,4
S3-E4,1,29,C,0,16
S3-E4,1,30,A,0,3
S3-E4,1,30,B,0,4
S3-E4,1,30,C,0,14
S3-E4,1,31,A,0,3
S3-E4,1,31,B,0,4
S3-E4,1,31,C,0,13
S3-E4,1,32,A,0,2
S3-E4,1,32,B,0,3
S3-E4,1,32,C,1,14
S3-E4,1,33,A,0,2
S3-E4,1,33,B,0,2
S3-E4,1,33,C,0,12
S3-E4,1,34,A,0,2
S3-E4,1,34,B,0,1
S3-E4,1,34,C,0,12
S3-E4,1,35,A,0,2
S3-E4,1,35,B,0,1
S3-E4,1,35,C,0,11
S3-E4,1,36,A,0,2
S3-E4,1,36,B,0,1
S3-E4,1,36,C,0,10
S3-E4,1,37,A,0,2
S3-E4,1,37,B,0,1
S3-E4,1,37,C,0,9
S3-E4,1,38,A,0,2
S3-E4,1,38,B,0,1
S3-E4,1,38,C,0,9
S3-E4,1,39,A,1,3
S3-E4,1,39,B,0,1
S3-E4,1,39,C,0,9
S3-E4,1,40,A,0,3
S3-E4,1,40,B,0,0
S3-E4,1,40,C,0,9
S3-E4,1,41,A,0,2
S3-E4,1,41,B,0,0
S3-E4,1,41,C,0,8
S3-E4,1,42,A,0,2
S3-E4,1,42,B,0,0
S3-E4,1,42,C,0,8
S3-E4,1,43,A,0,2
S3-E4,1,43,B,0,0
S3-E4,1,43,C,0,7
S3-E4,1,44,A,0,2
S3-E4,1,44,B,1,1
S3-E4,1,44,C,1,8
S3-E4,1,45,A,0,2
S3-E4,1,45,B,2,3
S3-E4,1,45,C,0,8
S3-E4,1,46,A,0,2
S3-E4,1,46,B,2,5
S3-E4,1,46,C,0,8
S3-E4,1,47,A,0,2
S3-E4,1,47,B,0,5
S3-E4,1,47,C,0,8
S3-E4,1,48,A,0,2
S3-E4,1,48,B,0,5
S3-E4,1,48,C,0,6
S3-E4,1,49,A,0,2
S3-E4,1,49,B,0,5
S3-E4,1,49,C,1,5
S3-E4,1,50,A,0,2
S3-E4,1,50,B,0,5
S3-E4,1,50,C,0,4
S3-E4,1,51,A,0,2
S3-E4,1,51,B,1,6
S3-E4,1,51,C,1,5
S3-E4,1,52,A,0,1
S3-E4,1,52,B,2,8
S3-E4,1,52,C,0,4
S3-E4,1,53,A,0,1
S3-E4,1,53,B,1,9
S3-E4,1,53,C,1,5
S3-E4,1,54,A,0,1
S3-E4,1,54,B,0,9
S3-E4,1,54,C,1,6
S3-E4,1,55,A,0,1
S3-E4,1,55,B,0,9
S3-E4,1,55,C,0,6
S3-E4,1,56,A,0,1
S3-E4,1,56,B,1,10
S3-E4,1,56,C,0,6
S3-E4,1,57,A,0,1
S3-E4,1,57,B,0,10
S3-E4,1,57,C,1,7
S3-E4,1,58,A,0,1
S3-E4,1,58,B,1,10
S3-E4,1,58,C,0,6
S3-E4,1,59,A,0,1
S3-E4,1,59,B,0,10
S3-E4,1,59,C,0,5
S3-E4,1,60,A,0,1
S3-E4,1,60,B,1,10
S3-E4,1,60,C,0,5
S3-E4,1,61,A,2,3
S3-E4,1,61,B,0,10
S3-E4,1,61,C,2,7
S3-E4,1,62,A,0,2
S3-E4,1,62,B,0,9
S3-E4,1,62,C,0,7
S3-E4,1,63,A,2,4
S3-E4,1,63,B,0,9
S3-E4,1,63,C,1,8
S3-E4,1,64,A,0,4
S3-E4,1,64,B,1,9
S3-E4,1,64,C,1,9
S3-E4,1,65,A,0,4
S3-E4,1,65,B,1,9
S3-E4,1,65,C,0,9
S3-E4,1,66,A,1,5
S3-E4,1,66,B,1,10
S3-E4,1,66,C,0,9
S3-E4,1,67,A,0,5
S3-E4,1,67,B,0,9
S3-E4,1,67,C,0,9
S3-E4,1,68,A,0,5
S3-E4,1,68,B,1,10
S3-E4,1,68,C,0,9
S3-E4,1,69,A,0,5
S3-E4,1,69,B,0,10
S3-E4,1,69,C,0,9
S3-E4,1,70,A,0,5
S3-E4,1,70,B,0,9
S3-E4,1,70,C,0,9
S3-E4,1,71,A,1,6
S3-E4,1,71,B,0,8
S3-E4,1,71,C,0,8
S3-E4,1,72,A,0,6
S3-E4,1,72,B,0,8
S3-E4,1,72,C,0,8
S3-E4,1,73,A,0,6
S3-E4,1,73,B,0,6
S3-E4,1,73,C,0,8
S3-E4,1,74,A,0,6
S3-E4,1,74,B,0,5
S3-E4,1,74,C,0,7
S3-E4,1,75,A,0,6
S3-E4,1,75,B,0,5
S3-E4,1,75,C,0,7
S3-E4,1,76,A,0,6
S3-E4,1,76,B,0,5
S3-E4,1,76,C,0,6
S3-E4,1,77,A,0,6
S3-E4,1,77,B,0,5
S3-E4,1,77,C,0,6
S3-E4,1,78,A,0,6
S3-E4,1,78,B,0,5
S3-E4,1,78,C,0,3
S3-E4,1,79,A,0,5
S3-E4,1,79,B,0,5
S3-E4,1,79,C,0,3
S3-E4,1,80,A,0,5
S3-E4,1,80,B,1,5
S3-E4,1,80,C,1,4
S3-E4,1,81,A,0,5
S3-E4,1,81,B,0,4
S3-E4,1,81,C,0,3
S3-E4,1,82,A,1,6
S3-E4,1,82,B,1,4
S3-E4,1,82,C,0,3
S3-E4,1,83,A,0,6
S3-E4,1,83,B,0,4
S3-E4,1,83,C,0,3
S3-E4,1,84,A,2,7
S3-E4,1,84,B,0,2
S3-E4,1,84,C,0,2
S3-E4,1,85,A,1,8
S3-E4,1,85,B,0,2
S3-E4,1,85,C,0,2
S3-E4,1,86,A,0,8
S3-E4,1,86,B,0,2
S3-E4,1,86,C,0,2
S3-E4,1,87,A,0,8
S3-E4,1,87,B,0,2
S3-E4,1,87,C,0,2
S3-E4,1,88,A,2,10
S3-E4,1,88,B,0,2
S3-E4,1,88,C,0,2
S3-E4,1,89,A,0,8
S3-E4,1,89,B,0,2
S3-E4,1,89,C,0,2
S3-E4,1,90,A,0,8
S3-E4,1,90,B,0,2
S3-E4,1,90,C,0,2
S3-E4,1,91,A,0,8
S3-E4,1,91,B,0,2
S3-E4,1,91,C,0,2
S3-E4,1,92,A,2,10
S3-E4,1,92,B,0,2
S3-E4,1,92,C,0,2
S3-E4,1,93,A,0,10
S3-E4,1,93,B,0,2
S3-E4,1,93,C,0,1
S3-E4,1,94,A,0,10
S3-E4,1,94,B,0,2
S3-E4,1,94,C,0,1
S3-E4,1,95,A,1,11
S3-E4,1,95,B,1,3
S3-E4,1,95,C,0,0
S3-E4,1,96,A,0,11
S3-E4,1,96,B,0,3
S3-E4,1,96,C,0,0
S3-E4,1,97,A,0,11
S3-E4,1,97,B,0,3
S3-E4,1,97,C,1,1
S3-E4,1,98,A,0,11
S3-E4,1,98,B,0,3
S3-E4,1,98,C,0,1
S3-E4,1,99,A,0,9
S3-E4,1,99,B,0,3
S3-E4,1,99,C,0,1
S3-E4,1,100,A,1,10
S3-E4,1,100,B,0,3
S3-E4,1,100,C,1,2
S3-E4,1,101,A,1,11
S3-E4,1,101,B,0,3
S3-E4,1,101,C,1,3
S3-E4,1,102,A,1,12
S3-E4,1,102,B,1,4
S3-E4,1,102,C,0,3
S3-E4,1,103,A,0,10
S3-E4,1,103,B,0,4
S3-E4,1,103,C,0,3
S3-E4,1,104,A,1,11
S3-E4,1,104,B,1,5
S3-E4,1,104,C,1,4
S3-E4,1,105,A,1,11
S3-E4,1,105,B,1,6
S3-E4,1,105,C,2,6
S3-E4,1,106,A,0,10
S3-E4,1,106,B,0,5
S3-E4,1,106,C,2,8
S3-E4,1,107,A,0,9
S3-E4,1,107,B,0,5
S3-E4,1,107,C,0,8
S3-E4,1,108,A,0,9
S3-E4,1,108,B,1,6
S3-E4,1,108,C,0,8
S3-E4,1,109,A,0,8
S3-E4,1,109,B,0,5
S3-E4,1,109,C,1,9
S3-E4,1,110,A,0,8
S3-E4,1,110,B,0,4
S3-E4,1,110,C,1,10
S3-E4,1,111,A,0,8
S3-E4,1,111,B,1,5
S3-E4,1,111,C,0,10
S3-E4,1,112,A,0,7
S3-E4,1,112,B,0,5
S3-E4,1,112,C,0,10
S3-E4,1,113,A,0,7
S3-E4,1,113,B,0,5
S3-E4,1,113,C,4,14
S3-E4,1,114,A,0,7
S3-E4,1,114,B,0,5
S3-E4,1,114,C,1,15
S3-E4,1,115,A,0,5
S3-E4,1,115,B,0,5
S3-E4,1,115,C,2,17
S3-E4,1,116,A,1,6
S3-E4,1,116,B,7,11
S3-E4,1,116,C,0,17
S3-E4,1,117,A,0,5
S3-E4,1,117,B,2,13
S3-E4,1,117,C,2,19
S3-E4,1,118,A,0,4
S3-E4,1,118,B,1,14
S3-E4,1,118,C,2,20
S3-E4,1,119,A,0,4
S3-E4,1,119,B,2,16
S3-E4,1,119,C,0,20
S3-E4,2,0,A,0,3
S3-E4,2,0,B,0,3
S3-E4,2,0,C,1,3
S3-E4,2,1,A,0,3
S3-E4,2,1,B,1,4
S3-E4,2,1,C,0,3
S3-E4,2,2,A,0,2
S3-E4,2,2,B,0,4
S3-E4,2,2,C,0,3
S3-E4,2,3,A,5,7
S3-E4,2,3,B,0,4
S3-E4,2,3,C,0,3
S3-E4,2,4,A,1,7
S3-E4,2,4,B,0,3
S3-E4,2,4,C,0,3
S3-E4,2,5,A,1,8
S3-E4,2,5,B,0,3
S3-E4,2,5,C,0,3
S3-E4,2,6,A,0,8
S3-E4,2,6,B,0,3
S3-E4,2,6,C,0,3
S3-E4,2,7,A,1,9
S3-E4,2,7,B,1,3
S3-E4,2,7,C,1,4
S3-E4,2,8,A,0,9
S3-E4,2,8,B,0,3
S3-E4,2,8,C,0,4
S3-E4,2,9,A,0,9
S3-E4,2,9,B,0,2
S3-E4,2,9,C,0,4
S3-E4,2,10,A,0,9
S3-E4,2,10,B,0,2
S3-E4,2,10,C,0,4
S3-E4,2,11,A,0,9
S3-E4,2,11,B,1,3
S3-E4,2,11,C,0,4
S3-E4,2,12,A,0,9
S3-E4,2,12,B,0,3
S3-E4,2,12,C,0,4
S3-E4,2,13,A,0,9
S3-E4,2,13,B,0,3
S3-E4,2,13,C,0,2
S3-E4,2,14,A,0,9
S3-E4,2,14,B,0,3
S3-E4,2,14,C,0,2
S3-E4,2,15,A,0,9
S3-E4,2,15,B,0,3
S3-E4,2,15,C,0,2
S3-E4,2,16,A,0,9
S3-E4,2,16,B,0,3
S3-E4,2,16,C,1,3
S3-E4,2,17,A,0,9
S3-E4,2,17,B,0,3
S3-E4,2,17,C,0,3
S3-E4,2,18,A,0,8
S3-E4,2,18,B,1,4
S3-E4,2,18,C,0,3
S3-E4,2,19,A,0,6
S3-E4,2,19,B,1,4
S3-E4,2,19,C,0,3
S3-E4,2,20,A,0,5
S3-E4,2,20,B,0,4
S3-E4,2,20,C,0,3
S3-E4,2,21,A,0,4
S3-E4,2,21,B,0,4
S3-E4,2,21,C,0,2
S3-E4,2,22,A,0,4
S3-E4,2,22,B,0,4
S3-E4,2,22,C,2,4
S3-E4,2,23,A,0,4
S3-E4,2,23,B,0,4
S3-E4,2,23,C,1,5
S3-E4,2,24,A,0,4
S3-E4,2,24,B,0,4
S3-E4,2,24,C,1,6
S3-E4,2,25,A,1,5
S3-E4,2,25,B,0,4
S3-E4,2,25,C,0,6
S3-E4,2,26,A,0,5
S3-E4,2,26,B,1,5
S3-E4,2,26,C,1,7
S3-E4,2,27,A,1,6
S3-E4,2,27,B,1,6
S3-E4,2,27,C,1,7
S3-E4,2,28,A,0,6
S3-E4,2,28,B,0,6
S3-E4,2,28,C,0,7
S3-E4,2,29,A,0,6
S3-E4,2,29,B,1,7
S3-E4,2,29,C,0,7
S3-E4,2,30,A,0,6
S3-E4,2,30,B,0,7
S3-E4,2,30,C,0,7
S3-E4,2,31,A,0,5
S3-E4,2,31,B,0,7
S3-E4,2,31,C,1,8
S3-E4,2,32,A,0,4
S3-E4,2,32,B,1,7
S3-E4,2,32,C,0,7
S3-E4,2,33,A,0,4
S3-E4,2,33,B,1,8
S3-E4,2,33,C,0,7
S3-E4,2,34,A,0,4
S3-E4,2,34,B,1,8
S3-E4,2,34,C,0,7
S3-E4,2,35,A,0,3
S3-E4,2,35,B,1,9
S3-E4,2,35,C,0,7
S3-E4,2,36,A,0,3
S3-E4,2,36,B,0,9
S3-E4,2,36,C,1,8
S3-E4,2,37,A,0,3
S3-E4,2,37,B,0,8
S3-E4,2,37,C,0,8
S3-E4,2,38,A,0,3
S3-E4,2,38,B,0,7
S3-E4,2,38,C,0,8
S3-E4,2,39,A,0,3
S3-E4,2,39,B,0,7
S3-E4,2,39,C,0,8
S3-E4,2,40,A,0,3
S3-E4,2,40,B,0,7
S3-E4,2,40,C,0,8
S3-E4,2,41,A,1,4
S3-E4,2,41,B,1,8
S3-E4,2,41,C,0,7
S3-E4,2,42,A,1,5
S3-E4,2,42,B,0,8
S3-E4,2,42,C,1,7
S3-E4,2,43,A,0,4
S3-E4,2,43,B,1,8
S3-E4,2,43,C,1,8
S3-E4,2,44,A,0,4
S3-E4,2,44,B,1,9
S3-E4,2,44,C,0,8
S3-E4,2,45,A,0,4
S3-E4,2,45,B,0,9
S3-E4,2,45,C,0,7
S3-E4,2,46,A,0,4
S3-E4,2,46,B,0,9
S3-E4,2,46,C,2,9
S3-E4,2,47,A,0,4
S3-E4,2,47,B,1,9
S3-E4,2,47,C,0,8
S3-E4,2,48,A,0,4
S3-E4,2,48,B,1,8
S3-E4,2,48,C,1,9
S3-E4,2,49,A,1,5
S3-E4,2,49,B,1,9
S3-E4,2,49,C,0,9
S3-E4,2,50,A,0,4
S3-E4,2,50,B,2,10
S3-E4,2,50,C,1,10
S3-E4,2,51,A,1,5
S3-E4,2,51,B,1,11
S3-E4,2,51,C,0,10
S3-E4,2,52,A,0,5
S3-E4,2,52,B,0,10
S3-E4,2,52,C,1,11
S3-E4,2,53,A,0,4
S3-E4,2,53,B,0,10
S3-E4,2,53,C,0,10
S3-E4,2,54,A,0,4
S3-E4,2,54,B,0,10
S3-E4,2,54,C,0,10
S3-E4,2,55,A,20,23
S3-E4,2,55,B,1,11
S3-E4,2,55,C,0,10
S3-E4,2,56,A,10,33
S3-E4,2,56,B,2,13
S3-E4,2,56,C,0,10
S3-E4,2,57,A,4,37
S3-E4,2,57,B,1,13
S3-E4,2,57,C,0,9
S3-E4,2,58,A,5,42
S3-E4,2,58,B,2,15
S3-E4,2,58,C,1,10
S3-E4,2,59,A,5,47
S3-E4,2,59,B,0,15
S3-E4,2,59,C,0,10
S3-E4,2,60,A,6,52
S3-E4,2,60,B,2,17
S3-E4,2,60,C,2,12
S3-E4,2,61,A,5,57
S3-E4,2,61,B,0,17
S3-E4,2,61,C,1,13
S3-E4,2,62,A,7,64
S3-E4,2,62,B,5,22
S3-E4,2,62,C,2,14
S3-E4,2,63,A,4,68
S3-E4,2,63,B,3,24
S3-E4,2,63,C,2,15
S3-E4,2,64,A,1,69
S3-E4,2,64,B,2,26
S3-E4,2,64,C,1,16
S3-E4,2,65,A,3,72
S3-E4,2,65,B,2,27
S3-E4,2,65,C,2,18
S3-E4,2,66,A,5,77
S3-E4,2,66,B,2,27
S3-E4,2,66,C,2,20
S3-E4,2,67,A,2,78
S3-E4,2,67,B,2,29
S3-E4,2,67,C,5,25
S3-E4,2,68,A,1,77
S3-E4,2,68,B,2,31
S3-E4,2,68,C,1,26
S3-E4,2,69,A,0,75
S3-E4,2,69,B,1,30
S3-E4,2,69,C,2,28
S3-E4,2,70,A,0,73
S3-E4,2,70,B,3,31
S3-E4,2,70,C,0,28
S3-E4,2,71,A,0,66
S3-E4,2,71,B,1,31
S3-E4,2,71,C,0,27
S3-E4,2,72,A,0,61
S3-E4,2,72,B,1,32
S3-E4,2,72,C,2,29
S3-E4,2,73,A,1,59
S3-E4,2,73,B,1,32
S3-E4,2,73,C,1,30
S3-E4,2,74,A,0,56
S3-E4,2,74,B,1,33
S3-E4,2,74,C,1,30
S3-E4,2,75,A,0,50
S3-E4,2,75,B,0,33
S3-E4,2,75,C,1,28
S3-E4,2,76,A,0,50
S3-E4,2,76,B,0,32
S3-E4,2,76,C,2,28
S3-E4,2,77,A,0,47
S3-E4,2,77,B,1,31
S3-E4,2,77,C,2,29
S3-E4,2,78,A,0,41
S3-E4,2,78,B,1,29
S3-E4,2,78,C,1,30
S3-E4,2,79,A,1,40
S3-E4,2,79,B,0,29
S3-E4,2,79,C,3,32
S3-E4,2,80,A,2,38
S3-E4,2,80,B,2,29
S3-E4,2,80,C,2,32
S3-E4,2,81,A,0,35
S3-E4,2,81,B,1,27
S3-E4,2,81,C,3,33
S3-E4,2,82,A,0,32
S3-E4,2,82,B,2,28
S3-E4,2,82,C,1,31
S3-E4,2,83,A,0,27
S3-E4,2,83,B,1,27
S3-E4,2,83,C,2,33
S3-E4,2,84,A,0,25
S3-E4,2,84,B,2,29
S3-E4,2,84,C,3,36
S3-E4,2,85,A,0,23
S3-E4,2,85,B,1,29
S3-E4,2,85,C,3,38
S3-E4,2,86,A,0,18
S3-E4,2,86,B,1,26
S3-E4,2,86,C,1,37
S3-E4,2,87,A,0,14
S3-E4,2,87,B,2,28
S3-E4,2,87,C,1,38
S3-E4,2,88,A,0,13
S3-E4,2,88,B,1,26
S3-E4,2,88,C,0,37
S3-E4,2,89,A,0,12
S3-E4,2,89,B,0,23
S3-E4,2,89,C,0,34
S3-E4,2,90,A,0,11
S3-E4,2,90,B,0,22
S3-E4,2,90,C,1,35
S3-E4,2,91,A,0,9
S3-E4,2,91,B,3,24
S3-E4,2,91,C,1,34
S3-E4,2,92,A,0,8
S3-E4,2,92,B,1,23
S3-E4,2,92,C,1,33
S3-E4,2,93,A,1,9
S3-E4,2,93,B,2,25
S3-E4,2,93,C,0,33
S3-E4,2,94,A,1,10
S3-E4,2,94,B,2,27
S3-E4,2,94,C,0,30
S3-E4,2,95,A,0,9
S3-E4,2,95,B,1,26
S3-E4,2,95,C,1,27
S3-E4,2,96,A,0,7
S3-E4,2,96,B,0,26
S3-E4,2,96,C,1,27
S3-E4,2,97,A,0,7
S3-E4,2,97,B,0,24
S3-E4,2,97,C,2,27
S3-E4,2,98,A,0,7
S3-E4,2,98,B,0,23
S3-E4,2,98,C,1,25
S3-E4,2,99,A,0,7
S3-E4,2,99,B,1,22
S3-E4,2,99,C,1,25
S3-E4,2,100,A,0,6
S3-E4,2,100,B,0,22
S3-E4,2,100,C,2,27
S3-E4,2,101,A,0,5
S3-E4,2,101,B,1,21
S3-E4,2,101,C,0,25
S3-E4,2,102,A,1,6
S3-E4,2,102,B,0,19
S3-E4,2,102,C,0,24
S3-E4,2,103,A,0,6
S3-E4,2,103,B,0,18
S3-E4,2,103,C,0,23
S3-E4,2,104,A,1,6
S3-E4,2,104,B,0,15
S3-E4,2,104,C,0,22
S3-E4,2,105,A,0,5
S3-E4,2,105,B,0,15
S3-E4,2,105,C,1,22
S3-E4,2,106,A,0,5
S3-E4,2,106,B,2,16
S3-E4,2,106,C,0,19
S3-E4,2,107,A,1,6
S3-E4,2,107,B,1,16
S3-E4,2,107,C,0,18
S3-E4,2,108,A,1,7
S3-E4,2,108,B,1,17
S3-E4,2,108,C,1,18
S3-E4,2,109,A,0,7
S3-E4,2,109,B,0,17
S3-E4,2,109,C,0,18
S3-E4,2,110,A,1,8
S3-E4,2,110,B,1,17
S3-E4,2,110,C,0,16
S3-E4,2,111,A,2,9
S3-E4,2,111,B,1,17
S3-E4,2,111,C,0,16
S3-E4,2,112,A,0,9
S3-E4,2,112,B,0,16
S3-E4,2,112,C,0,14
S3-E4,2,113,A,1,10
S3-E4,2,113,B,2,17
S3-E4,2,113,C,0,13
S3-E4,2,114,A,0,10
S3-E4,2,114,B,0,16
S3-E4,2,114,C,0,13
S3-E4,2,115,A,0,10
S3-E4,2,115,B,1,15
S3-E4,2,115,C,0,12
S3-E4,2,116,A,0,10
S3-E4,2,116,B,0,14
S3-E4,2,116,C,0,11
S3-E4,2,117,A,0,9
S3-E4,2,117,B,0,14
S3-E4,2,117,C,0,9
S3-E4,2,118,A,0,9
S3-E4,2,118,B,0,13
S3-E4,2,118,C,0,8
S3-E4,2,119,A,0,9
S3-E4,2,119,B,0,13
S3-E4,2,119,C,0,7
S3-E4,3,0,A,0,4
S3-E4,3,0,B,0,4
S3-E4,3,0,C,1,10
S3-E4,3,1,A,0,3
S3-E4,3,1,B,0,4
S3-E4,3,1,C,0,10
S3-E4,3,2,A,0,2
S3-E4,3,2,B,0,4
S3-E4,3,2,C,1,11
S3-E4,3,3,A,0,2
S3-E4,3,3,B,0,4
S3-E4,3,3,C,0,10
S3-E4,3,4,A,0,2
S3-E4,3,4,B,1,4
S3-E4,3,4,C,0,10
S3-E4,3,5,A,0,2
S3-E4,3,5,B,1,5
S3-E4,3,5,C,1,11
S3-E4,3,6,A,0,2
S3-E4,3,6,B,0,4
S3-E4,3,6,C,0,10
S3-E4,3,7,A,1,3
S3-E4,3,7,B,0,4
S3-E4,3,7,C,1,11
S3-E4,3,8,A,0,3
S3-E4,3,8,B,0,4
S3-E4,3,8,C,0,11
S3-E4,3,9,A,1,4
S3-E4,3,9,B,1,5
S3-E4,3,9,C,1,11
S3-E4,3,10,A,0,4
S3-E4,3,10,B,0,5
S3-E4,3,10,C,0,11
S3-E4,3,11,A,1,5
S3-E4,3,11,B,0,5
S3-E4,3,11,C,0,10
S3-E4,3,12,A,1,5
S3-E4,3,12,B,0,5
S3-E4,3,12,C,0,10
S3-E4,3,13,A,0,5
S3-E4,3,13,B,0,5
S3-E4,3,13,C,1,10
S3-E4,3,14,A,0,5
S3-E4,3,14,B,1,6
S3-E4,3,14,C,1,10
S3-E4,3,15,A,0,5
S3-E4,3,15,B,0,6
S3-E4,3,15,C,1,10
S3-E4,3,16,A,0,5
S3-E4,3,16,B,0,6
S3-E4,3,16,C,0,9
S3-E4,3,17,A,1,6
S3-E4,3,17,B,0,6
S3-E4,3,17,C,1,9
S3-E4,3,18,A,0,6
S3-E4,3,18,B,0,5
S3-E4,3,18,C,1,9
S3-E4,3,19,A,1,7
S3-E4,3,19,B,0,5
S3-E4,3,19,C,1,10
S3-E4,3,20,A,0,7
S3-E4,3,20,B,0,4
S3-E4,3,20,C,0,8
S3-E4,3,21,A,0,7
S3-E4,3,21,B,0,4
S3-E4,3,21,C,0,8
S3-E4,3,22,A,0,7
S3-E4,3,22,B,0,4
S3-E4,3,22,C,0,7
S3-E4,3,23,A,0,7
S3-E4,3,23,B,0,3
S3-E4,3,23,C,1,8
S3-E4,3,24,A,1,7
S3-E4,3,24,B,0,3
S3-E4,3,24,C,0,8
S3-E4,3,25,A,1,8
S3-E4,3,25,B,0,3
S3-E4,3,25,C,0,7
S3-E4,3,26,A,0,8
S3-E4,3,26,B,0,3
S3-E4,3,26,C,0,7
S3-E4,3,27,A,1,7
S3-E4,3,27,B,0,3
S3-E4,3,27,C,3,10
S3-E4,3,28,A,0,6
S3-E4,3,28,B,0,3
S3-E4,3,28,C,1,11
S3-E4,3,29,A,0,6
S3-E4,3,29,B,0,3
S3-E4,3,29,C,0,10
S3-E4,3,30,A,0,5
S3-E4,3,30,B,0,3
S3-E4,3,30,C,0,10
S3-E4,3,31,A,0,5
S3-E4,3,31,B,0,3
S3-E4,3,31,C,0,9
S3-E4,3,32,A,1,6
S3-E4,3,32,B,0,2
S3-E4,3,32,C,0,8
S3-E4,3,33,A,1,7
S3-E4,3,33,B,0,2
S3-E4,3,33,C,0,8
S3-E4,3,34,A,0,7
S3-E4,3,34,B,0,2
S3-E4,3,34,C,0,8
S3-E4,3,35,A,0,7
S3-E4,3,35,B,0,2
S3-E4,3,35,C,0,8
S3-E4,3,36,A,0,7
S3-E4,3,36,B,0,2
S3-E4,3,36,C,0,8
S3-E4,3,37,A,0,7
S3-E4,3,37,B,0,2
S3-E4,3,37,C,0,8
S3-E4,3,38,A,0,6
S3-E4,3,38,B,0,2
S3-E4,3,38,C,1,8
S3-E4,3,39,A,0,6
S3-E4,3,39,B,0,2
S3-E4,3,39,C,0,8
S3-E4,3,40,A,0,6
S3-E4,3,40,B,0,2
S3-E4,3,40,C,1,7
S3-E4,3,41,A,0,6
S3-E4,3,41,B,0,1
S3-E4,3,41,C,0,6
S3-E4,3,42,A,0,6
S3-E4,3,42,B,0,0
S3-E4,3,42,C,0,5
S3-E4,3,43,A,0,6
S3-E4,3,43,B,0,0
S3-E4,3,43,C,0,5
S3-E4,3,44,A,0,6
S3-E4,3,44,B,0,0
S3-E4,3,44,C,2,6
S3-E4,3,45,A,0,5
S3-E4,3,45,B,0,0
S3-E4,3,45,C,0,6
S3-E4,3,46,A,0,5
S3-E4,3,46,B,0,0
S3-E4,3,46,C,1,7
S3-E4,3,47,A,0,5
S3-E4,3,47,B,0,0
S3-E4,3,47,C,0,7
S3-E4,3,48,A,0,5
S3-E4,3,48,B,0,0
S3-E4,3,48,C,0,6
S3-E4,3,49,A,0,5
S3-E4,3,49,B,0,0
S3-E4,3,49,C,0,5
S3-E4,3,50,A,0,4
S3-E4,3,50,B,0,0
S3-E4,3,50,C,0,5
S3-E4,3,51,A,2,6
S3-E4,3,51,B,0,0
S3-E4,3,51,C,0,5
S3-E4,3,52,A,0,6
S3-E4,3,52,B,0,0
S3-E4,3,52,C,0,5
S3-E4,3,53,A,0,5
S3-E4,3,53,B,1,1
S3-E4,3,53,C,0,5
S3-E4,3,54,A,0,5
S3-E4,3,54,B,0,1
S3-E4,3,54,C,1,6
S3-E4,3,55,A,0,4
S3-E4,3,55,B,0,1
S3-E4,3,55,C,0,6
S3-E4,3,56,A,0,4
S3-E4,3,56,B,0,1
S3-E4,3,56,C,1,7
S3-E4,3,57,A,0,4
S3-E4,3,57,B,0,1
S3-E4,3,57,C,0,7
S3-E4,3,58,A,0,4
S3-E4,3,58,B,0,1
S3-E4,3,58,C,0,6
S3-E4,3,59,A,1,4
S3-E4,3,59,B,0,1
S3-E4,3,59,C,0,6
S3-E4,3,60,A,1,5
S3-E4,3,60,B,0,1
S3-E4,3,60,C,3,8
S3-E4,3,61,A,2,7
S3-E4,3,61,B,1,2
S3-E4,3,61,C,2,10
S3-E4,3,62,A,1,8
S3-E4,3,62,B,1,3
S3-E4,3,62,C,1,10
S3-E4,3,63,A,1,9
S3-E4,3,63,B,1,4
S3-E4,3,63,C,0,10
S3-E4,3,64,A,0,7
S3-E4,3,64,B,2,6
S3-E4,3,64,C,2,12
S3-E4,3,65,A,1,8
S3-E4,3,65,B,0,6
S3-E4,3,65,C,2,14
S3-E4,3,66,A,0,8
S3-E4,3,66,B,0,6
S3-E4,3,66,C,0,14
S3-E4,3,67,A,0,8
S3-E4,3,67,B,0,6
S3-E4,3,67,C,0,14
S3-E4,3,68,A,1,9
S3-E4,3,68,B,0,5
S3-E4,3,68,C,0,14
S3-E4,3,69,A,0,9
S3-E4,3,69,B,0,5
S3-E4,3,69,C,0,13
S3-E4,3,70,A,0,9
S3-E4,3,70,B,0,5
S3-E4,3,70,C,0,13
S3-E4,3,71,A,0,9
S3-E4,3,71,B,0,5
S3-E4,3,71,C,0,12
S3-E4,3,72,A,0,8
S3-E4,3,72,B,0,5
S3-E4,3,72,C,0,12
S3-E4,3,73,A,0,8
S3-E4,3,73,B,1,6
S3-E4,3,73,C,0,10
S3-E4,3,74,A,0,8
S3-E4,3,74,B,0,6
S3-E4,3,74,C,0,10
S3-E4,3,75,A,0,8
S3-E4,3,75,B,1,7
S3-E4,3,75,C,0,10
S3-E4,3,76,A,0,6
S3-E4,3,76,B,0,7
S3-E4,3,76,C,1,10
S3-E4,3,77,A,0,6
S3-E4,3,77,B,1,8
S3-E4,3,77,C,1,11
S3-E4,3,78,A,0,5
S3-E4,3,78,B,1,9
S3-E4,3,78,C,0,9
S3-E4,3,79,A,0,5
S3-E4,3,79,B,2,11
S3-E4,3,79,C,1,9
S3-E4,3,80,A,0,4
S3-E4,3,80,B,0,10
S3-E4,3,80,C,0,8
S3-E4,3,81,A,0,4
S3-E4,3,81,B,1,11
S3-E4,3,81,C,0,8
S3-E4,3,82,A,0,4
S3-E4,3,82,B,1,11
S3-E4,3,82,C,0,7
S3-E4,3,83,A,1,5
S3-E4,3,83,B,1,12
S3-E4,3,83,C,0,5
S3-E4,3,84,A,0,3
S3-E4,3,84,B,1,13
S3-E4,3,84,C,0,5
S3-E4,3,85,A,0,3
S3-E4,3,85,B,0,12
S3-E4,3,85,C,0,5
S3-E4,3,86,A,0,3
S3-E4,3,86,B,1,11
S3-E4,3,86,C,0,5
S3-E4,3,87,A,0,3
S3-E4,3,87,B,0,11
S3-E4,3,87,C,0,5
S3-E4,3,88,A,0,3
S3-E4,3,88,B,0,11
S3-E4,3,88,C,0,5
S3-E4,3,89,A,0,3
S3-E4,3,89,B,0,11
S3-E4,3,89,C,0,5
S3-E4,3,90,A,0,3
S3-E4,3,90,B,0,11
S3-E4,3,90,C,0,3
S3-E4,3,91,A,0,3
S3-E4,3,91,B,0,10
S3-E4,3,91,C,0,3
S3-E4,3,92,A,0,2
S3-E4,3,92,B,0,10
S3-E4,3,92,C,0,3
S3-E4,3,93,A,1,3
S3-E4,3,93,B,0,10
S3-E4,3,93,C,0,3
S3-E4,3,94,A,0,3
S3-E4,3,94,B,0,9
S3-E4,3,94,C,0,3
S3-E4,3,95,A,0,3
S3-E4,3,95,B,0,9
S3-E4,3,95,C,0,3
S3-E4,3,96,A,0,2
S3-E4,3,96,B,0,8
S3-E4,3,96,C,0,2
S3-E4,3,97,A,0,1
S3-E4,3,97,B,0,7
S3-E4,3,97,C,0,2
S3-E4,3,98,A,0,1
S3-E4,3,98,B,0,7
S3-E4,3,98,C,2,4
S3-E4,3,99,A,0,1
S3-E4,3,99,B,2,7
S3-E4,3,99,C,0,4
S3-E4,3,100,A,0,1
S3-E4,3,100,B,0,7
S3-E4,3,100,C,1,5
S3-E4,3,101,A,0,1
S3-E4,3,101,B,0,6
S3-E4,3,101,C,0,4
S3-E4,3,102,A,0,1
S3-E4,3,102,B,0,5
S3-E4,3,102,C,0,4
S3-E4,3,103,A,0,1
S3-E4,3,103,B,0,5
S3-E4,3,103,C,1,4
S3-E4,3,104,A,0,1
S3-E4,3,104,B,0,4
S3-E4,3,104,C,0,4
S3-E4,3,105,A,0,1
S3-E4,3,105,B,0,4
S3-E4,3,105,C,0,4
S3-E4,3,106,A,0,1
S3-E4,3,106,B,1,5
S3-E4,3,106,C,0,4
S3-E4,3,107,A,0,0
S3-E4,3,107,B,0,5
S3-E4,3,107,C,0,4
S3-E4,3,108,A,1,1
S3-E4,3,108,B,0,5
S3-E4,3,108,C,0,4
S3-E4,3,109,A,0,1
S3-E4,3,109,B,0,5
S3-E4,3,109,C,0,4
S3-E4,3,110,A,0,1
S3-E4,3,110,B,0,5
S3-E4,3,110,C,0,4
S3-E4,3,111,A,0,1
S3-E4,3,111,B,0,4
S3-E4,3,111,C,0,4
S3-E4,3,112,A,0,1
S3-E4,3,112,B,1,5
S3-E4,3,112,C,0,3
S3-E4,3,113,A,0,1
S3-E4,3,113,B,0,3
S3-E4,3,113,C,0,3
S3-E4,3,114,A,1,2
S3-E4,3,114,B,1,4
S3-E4,3,114,C,0,2
S3-E4,3,115,A,0,2
S3-E4,3,115,B,0,3
S3-E4,3,115,C,0,2
S3-E4,3,116,A,0,2
S3-E4,3,116,B,0,3
S3-E4,3,116,C,1,3
S3-E4,3,117,A,1,3
S3-E4,3,117,B,0,3
S3-E4,3,117,C,0,3
S3-E4,3,118,A,0,3
S3-E4,3,118,B,0,3
S3-E4,3,118,C,0,3
S3-E4,3,119,A,0,3
S3-E4,3,119,B,0,3
S3-E4,3,119,C,0,3
S3-E5,0,0,A,0,3
S3-E5,0,0,B,0,4
S3-E5,0,0,C,0,2
S3-E5,0,1,A,0,3
S3-E5,0,1,B,0,4
S3-E5,0,1,C,0,2
S3-E5,0,2,A,0,3
S3-E5,0,2,B,1,5
S3-E5,0,2,C,0,2
S3-E5,0,3,A,0,3
S3-E5,0,3,B,0,5
S3-E5,0,3,C,0,2
S3-E5,0,4,A,0,3
S3-E5,0,4,B,0,4
S3-E5,0,4,C,0,2
S3-E5,0,5,A,0,3
S3-E5,0,5,B,0,4
S3-E5,0,5,C,0,2
S3-E5,0,6,A,0,3
S3-E5,0,6,B,0,4
S3-E5,0,6,C,0,2
S3-E5,0,7,A,0,1
S3-E5,0,7,B,0,4
S3-E5,0,7,C,0,1
S3-E5,0,8,A,0,1
S3-E5,0,8,B,0,4
S3-E5,0,8,C,0,1
S3-E5,0,9,A,1,2
S3-E5,0,9,B,0,3
S3-E5,0,9,C,1,2
S3-E5,0,10,A,0,2
S3-E5,0,10,B,1,4
S3-E5,0,10,C,0,2
S3-E5,0,11,A,0,1
S3-E5,0,11,B,0,3
S3-E5,0,11,C,1,3
S3-E5,0,12,A,0,1
S3-E5,0,12,B,0,3
S3-E5,0,12,C,0,3
S3-E5,0,13,A,0,1
S3-E5,0,13,B,1,4
S3-E5,0,13,C,0,3
S3-E5,0,14,A,0,1
S3-E5,0,14,B,0,4
S3-E5,0,14,C,0,3
S3-E5,0,15,A,7,8
S3-E5,0,15,B,0,4
S3-E5,0,15,C,1,4
S3-E5,0,16,A,3,11
S3-E5,0,16,B,0,4
S3-E5,0,16,C,1,5
S3-E5,0,17,A,1,12
S3-E5,0,17,B,1,5
S3-E5,0,17,C,0,5
S3-E5,0,18,A,1,13
S3-E5,0,18,B,0,5
S3-E5,0,18,C,0,5
S3-E5,0,19,A,2,15
S3-E5,0,19,B,0,5
S3-E5,0,19,C,2,6
S3-E5,0,20,A,0,15
S3-E5,0,20,B,0,5
S3-E5,0,20,C,0,6
S3-E5,0,21,A,3,18
S3-E5,0,21,B,0,5
S3-E5,0,21,C,1,7
S3-E5,0,22,A,0,18
S3-E5,0,22,B,0,5
S3-E5,0,22,C,2,9
S3-E5,0,23,A,1,19
S3-E5,0,23,B,1,6
S3-E5,0,23,C,0,9
S3-E5,0,24,A,3,22
S3-E5,0,24,B,1,7
S3-E5,0,24,C,1,9
S3-E5,0,25,A,1,23
S3-E5,0,25,B,0,6
S3-E5,0,25,C,0,8
S3-E5,0,26,A,1,24
S3-E5,0,26,B,0,5
S3-E5,0,26,C,1,9
S3-E5,0,27,A,3,27
S3-E5,0,27,B,0,5
S3-E5,0,27,C,1,10
S3-E5,0,28,A,3,30
S3-E5,0,28,B,9,14
S3-E5,0,28,C,0,9
S3-E5,0,29,A,1,30
S3-E5,0,29,B,3,17
S3-E5,0,29,C,0,9
S3-E5,0,30,A,0,25
S3-E5,0,30,B,1,17
S3-E5,0,30,C,0,9
S3-E5,0,31,A,1,26
S3-E5,0,31,B,4,20
S3-E5,0,31,C,1,10
S3-E5,0,32,A,1,27
S3-E5,0,32,B,3,22
S3-E5,0,32,C,1,11
S3-E5,0,33,A,3,29
S3-E5,0,33,B,1,23
S3-E5,0,33,C,0,11
S3-E5,0,34,A,4,31
S3-E5,0,34,B,1,24
S3-E5,0,34,C,1,12
S3-E5,0,35,A,3,33
S3-E5,0,35,B,3,27
S3-E5,0,35,C,1,12
S3-E5,0,36,A,3,36
S3-E5,0,36,B,3,29
S3-E5,0,36,C,0,10
S3-E5,0,37,A,1,35
S3-E5,0,37,B,4,33
S3-E5,0,37,C,0,10
S3-E5,0,38,A,1,33
S3-E5,0,38,B,3,36
S3-E5,0,38,C,0,10
S3-E5,0,39,A,2,34
S3-E5,0,39,B,3,38
S3-E5,0,39,C,2,12
S3-E5,0,40,A,3,36
S3-E5,0,40,B,3,41
S3-E5,0,40,C,3,15
S3-E5,0,41,A,2,37
S3-E5,0,41,B,2,42
S3-E5,0,41,C,2,17
S3-E5,0,42,A,4,41
S3-E5,0,42,B,2,43
S3-E5,0,42,C,1,18
S3-E5,0,43,A,0,41
S3-E5,0,43,B,3,42
S3-E5,0,43,C,1,19
S3-E5,0,44,A,1,41
S3-E5,0,44,B,0,41
S3-E5,0,44,C,1,20
S3-E5,0,45,A,2,42
S3-E5,0,45,B,3,42
S3-E5,0,45,C,2,22
S3-E5,0,46,A,1,42
S3-E5,0,46,B,0,42
S3-E5,0,46,C,0,22
S3-E5,0,47,A,0,39
S3-E5,0,47,B,3,43
S3-E5,0,47,C,0,21
S3-E5,0,48,A,1,38
S3-E5,0,48,B,1,42
S3-E5,0,48,C,1,20
S3-E5,0,49,A,1,38
S3-E5,0,49,B,0,40
S3-E5,0,49,C,0,19
S3-E5,0,50,A,0,36
S3-E5,0,50,B,0,37
S3-E5,0,50,C,0,18
S3-E5,0,51,A,1,35
S3-E5,0,51,B,0,35
S3-E5,0,51,C,1,19
S3-E5,0,52,A,0,34
S3-E5,0,52,B,1,34
S3-E5,0,52,C,0,18
S3-E5,0,53,A,0,34
S3-E5,0,53,B,0,34
S3-E5,0,53,C,0,17
S3-E5,0,54,A,0,30
S3-E5,0,54,B,0,30
S3-E5,0,54,C,0,16
S3-E5,0,55,A,0,26
S3-E5,0,55,B,1,30
S3-E5,0,55,C,0,15
S3-E5,0,56,A,1,25
S3-E5,0,56,B,0,26
S3-E5,0,56,C,1,14
S3-E5,0,57,A,1,24
S3-E5,0,57,B,1,25
S3-E5,0,57,C,3,16
S3-E5,0,58,A,1,22
S3-E5,0,58,B,1,24
S3-E5,0,58,C,1,15
S3-E5,0,59,A,0,21
S3-E5,0,59,B,1,25
S3-E5,0,59,C,0,12
S3-E5,0,60,A,0,20
S3-E5,0,60,B,0,23
S3-E5,0,60,C,0,12
S3-E5,0,61,A,0,20
S3-E5,0,61,B,0,20
S3-E5,0,61,C,0,11
S3-E5,0,62,A,0,18
S3-E5,0,62,B,0,19
S3-E5,0,62,C,0,11
S3-E5,0,63,A,0,16
S3-E5,0,63,B,1,20
S3-E5,0,63,C,0,10
S3-E5,0,64,A,0,15
S3-E5,0,64,B,0,20
S3-E5,0,64,C,0,9
S3-E5,0,65,A,0,13
S3-E5,0,65,B,0,17
S3-E5,0,65,C,0,9
S3-E5,0,66,A,1,11
S3-E5,0,66,B,1,18
S3-E5,0,66,C,0,8
S3-E5,0,67,A,0,9
S3-E5,0,67,B,1,17
S3-E5,0,67,C,0,7
S3-E5,0,68,A,0,8
S3-E5,0,68,B,1,17
S3-E5,0,68,C,0,7
S3-E5,0,69,A,0,8
S3-E5,0,69,B,0,16
S3-E5,0,69,C,0,7
S3-E5,0,70,A,0,8
S3-E5,0,70,B,1,15
S3-E5,0,70,C,0,5
S3-E5,0,71,A,0,8
S3-E5,0,71,B,0,14
S3-E5,0,71,C,0,5
S3-E5,0,72,A,0,8
S3-E5,0,72,B,0,13
S3-E5,0,72,C,0,4
S3-E5,0,73,A,0,8
S3-E5,0,73,B,0,12
S3-E5,0,73,C,0,4
S3-E5,0,74,A,0,7
S3-E5,0,74,B,0,12
S3-E5,0,74,C,0,3
S3-E5,0,75,A,0,6
S3-E5,0,75,B,0,11
S3-E5,0,75,C,0,2
S3-E5,0,76,A,0,5
S3-E5,0,76,B,0,11
S3-E5,0,76,C,0,2
S3-E5,0,77,A,0,5
S3-E5,0,77,B,0,10
S3-E5,0,77,C,0,2
S3-E5,0,78,A,1,6
S3-E5,0,78,B,0,9
S3-E5,0,78,C,0,2
S3-E5,0,79,A,0,6
S3-E5,0,79,B,0,9
S3-E5,0,79,C,2,4
S3-E5,0,80,A,0,5
S3-E5,0,80,B,0,9
S3-E5,0,80,C,1,4
S3-E5,0,81,A,0,5
S3-E5,0,81,B,0,9
S3-E5,0,81,C,0,4
S3-E5,0,82,A,0,5
S3-E5,0,82,B,0,8
S3-E5,0,82,C,0,4
S3-E5,0,83,A,0,5
S3-E5,0,83,B,0,7
S3-E5,0,83,C,0,4
S3-E5,0,84,A,0,5
S3-E5,0,84,B,0,7
S3-E5,0,84,C,0,4
S3-E5,0,85,A,0,5
S3-E5,0,85,B,0,6
S3-E5,0,85,C,0,3
S3-E5,0,86,A,0,4
S3-E5,0,86,B,0,5
S3-E5,0,86,C,0,3
S3-E5,0,87,A,0,3
S3-E5,0,87,B,0,4
S3-E5,0,87,C,0,3
S3-E5,0,88,A,0,3
S3-E5,0,88,B,0,3
S3-E5,0,88,C,1,4
S3-E5,0,89,A,0,3
S3-E5,0,89,B,0,3
S3-E5,0,89,C,0,4
S3-E5,0,90,A,0,3
S3-E5,0,90,B,0,3
S3-E5,0,90,C,0,4
S3-E5,0,91,A,0,3
S3-E5,0,91,B,0,1
S3-E5,0,91,C,0,4
S3-E5,0,92,A,0,3
S3-E5,0,92,B,0,0
S3-E5,0,92,C,0,4
S3-E5,0,93,A,0,2
S3-E5,0,93,B,0,0
S3-E5,0,93,C,0,4
S3-E5,0,94,A,0,2
S3-E5,0,94,B,0,0
S3-E5,0,94,C,0,4
S3-E5,0,95,A,0,2
S3-E5,0,95,B,0,0
S3-E5,0,95,C,0,4
S3-E5,0,96,A,0,1
S3-E5,0,96,B,0,0
S3-E5,0,96,C,0,4
S3-E5,0,97,A,0,1
S3-E5,0,97,B,1,1
S3-E5,0,97,C,0,4
S3-E5,0,98,A,0,1
S3-E5,0,98,B,0,1
S3-E5,0,98,C,0,4
S3-E5,0,99,A,0,1
S3-E5,0,99,B,0,1
S3-E5,0,99,C,0,4
S3-E5,0,100,A,0,1
S3-E5,0,100,B,0,1
S3-E5,0,100,C,0,3
S3-E5,0,101,A,0,1
S3-E5,0,101,B,0,1
S3-E5,0,101,C,0,3
S3-E5,0,102,A,0,0
S3-E5,0,102,B,0,1
S3-E5,0,102,C,0,3
S3-E5,0,103,A,0,0
S3-E5,0,103,B,0,1
S3-E5,0,103,C,0,3
S3-E5,0,104,A,0,0
S3-E5,0,104,B,0,1
S3-E5,0,104,C,1,4
S3-E5,0,105,A,0,0
S3-E5,0,105,B,1,2
S3-E5,0,105,C,0,2
S3-E5,0,106,A,0,0
S3-E5,0,106,B,1,3
S3-E5,0,106,C,0,2
S3-E5,0,107,A,0,0
S3-E5,0,107,B,1,4
S3-E5,0,107,C,0,1
S3-E5,0,108,A,0,0
S3-E5,0,108,B,0,4
S3-E5,0,108,C,0,1
S3-E5,0,109,A,0,0
S3-E5,0,109,B,0,4
S3-E5,0,109,C,1,2
S3-E5,0,110,A,0,0
S3-E5,0,110,B,0,4
S3-E5,0,110,C,0,2
S3-E5,0,111,A,0,0
S3-E5,0,111,B,0,3
S3-E5,0,111,C,0,2
S3-E5,0,112,A,0,0
S3-E5,0,112,B,0,3
S3-E5,0,112,C,1,3
S3-E5,0,113,A,0,0
S3-E5,0,113,B,0,3
S3-E5,0,113,C,0,3
S3-E5,0,114,A,0,0
S3-E5,0,114,B,0,3
S3-E5,0,114,C,0,3
S3-E5,0,115,A,0,0
S3-E5,0,115,B,0,3
S3-E5,0,115,C,0,3
S3-E5,0,116,A,0,0
S3-E5,0,116,B,0,3
S3-E5,0,116,C,0,3
S3-E5,0,117,A,0,0
S3-E5,0,117,B,0,3
S3-E5,0,117,C,0,3
S3-E5,0,118,A,0,0
S3-E5,0,118,B,0,3
S3-E5,0,118,C,1,4
S3-E5,0,119,A,0,0
S3-E5,0,119,B,0,3
S3-E5,0,119,C,0,4
S3-E5,1,0,A,0,20
S3-E5,1,0,B,0,1
S3-E5,1,0,C,0,6
S3-E5,1,1,A,0,20
S3-E5,1,1,B,1,2
S3-E5,1,1,C,0,6
S3-E5,1,2,A,0,20
S3-E5,1,2,B,1,3
S3-E5,1,2,C,0,6
S3-E5,1,3,A,0,20
S3-E5,1,3,B,0,3
S3-E5,1,3,C,0,6
S3-E5,1,4,A,1,21
S3-E5,1,4,B,0,3
S3-E5,1,4,C,0,6
S3-E5,1,5,A,1,22
S3-E5,1,5,B,0,3
S3-E5,1,5,C,0,5
S3-E5,1,6,A,1,23
S3-E5,1,6,B,0,3
S3-E5,1,6,C,0,5
S3-E5,1,7,A,1,24
S3-E5,1,7,B,0,3
S3-E5,1,7,C,0,5
S3-E5,1,8,A,2,25
S3-E5,1,8,B,0,3
S3-E5,1,8,C,0,5
S3-E5,1,9,A,0,24
S3-E5,1,9,B,0,3
S3-E5,1,9,C,0,5
S3-E5,1,10,A,1,24
S3-E5,1,10,B,0,3
S3-E5,1,10,C,0,5
S3-E5,1,11,A,1,24
S3-E5,1,11,B,0,3
S3-E5,1,11,C,0,5
S3-E5,1,12,A,1,23
S3-E5,1,12,B,0,3
S3-E5,1,12,C,0,5
S3-E5,1,13,A,1,23
S3-E5,1,13,B,0,2
S3-E5,1,13,C,0,4
S3-E5,1,14,A,1,21
S3-E5,1,14,B,0,2
S3-E5,1,14,C,0,3
S3-E5,1,15,A,0,19
S3-E5,1,15,B,0,1
S3-E5,1,15,C,0,3
S3-E5,1,16,A,2,20
S3-E5,1,16,B,0,1
S3-E5,1,16,C,0,3
S3-E5,1,17,A,2,21
S3-E5,1,17,B,1,2
S3-E5,1,17,C,0,3
S3-E5,1,18,A,1,21
S3-E5,1,18,B,0,2
S3-E5,1,18,C,0,3
S3-E5,1,19,A,2,22
S3-E5,1,19,B,0,2
S3-E5,1,19,C,0,3
S3-E5,1,20,A,1,22
S3-E5,1,20,B,0,2
S3-E5,1,20,C,0,3
S3-E5,1,21,A,0,22
S3-E5,1,21,B,1,2
S3-E5,1,21,C,0,3
S3-E5,1,22,A,3,25
S3-E5,1,22,B,0,2
S3-E5,1,22,C,0,3
S3-E5,1,23,A,1,24
S3-E5,1,23,B,0,2
S3-E5,1,23,C,1,4
S3-E5,1,24,A,2,26
S3-E5,1,24,B,0,2
S3-E5,1,24,C,1,5
S3-E5,1,25,A,0,24
S3-E5,1,25,B,0,2
S3-E5,1,25,C,1,6
S3-E5,1,26,A,3,27
S3-E5,1,26,B,1,3
S3-E5,1,26,C,1,6
S3-E5,1,27,A,3,30
S3-E5,1,27,B,2,5
S3-E5,1,27,C,2,8
S3-E5,1,28,A,2,31
S3-E5,1,28,B,0,5
S3-E5,1,28,C,0,8
S3-E5,1,29,A,0,30
S3-E5,1,29,B,1,6
S3-E5,1,29,C,0,8
S3-E5,1,30,A,1,31
S3-E5,1,30,B,0,6
S3-E5,1,30,C,0,8
S3-E5,1,31,A,5,34
S3-E5,1,31,B,2,8
S3-E5,1,31,C,1,9
S3-E5,1,32,A,1,33
S3-E5,1,32,B,2,10
S3-E5,1,32,C,1,10
S3-E5,1,33,A,2,32
S3-E5,1,33,B,0,10
S3-E5,1,33,C,1,11
S3-E5,1,34,A,0,31
S3-E5,1,34,B,0,9
S3-E5,1,34,C,1,12
S3-E5,1,35,A,0,31
S3-E5,1,35,B,0,9
S3-E5,1,35,C,0,12
S3-E5,1,36,A,1,32
S3-E5,1,36,B,1,10
S3-E5,1,36,C,0,12
S3-E5,1,37,A,1,31
S3-E5,1,37,B,2,12
S3-E5,1,37,C,1,13
S3-E5,1,38,A,0,31
S3-E5,1,38,B,2,14
S3-E5,1,38,C,0,13
S3-E5,1,39,A,0,31
S3-E5,1,39,B,0,14
S3-E5,1,39,C,1,14
S3-E5,1,40,A,0,30
S3-E5,1,40,B,1,15
S3-E5,1,40,C,1,15
S3-E5,1,41,A,1,26
S3-E5,1,41,B,2,17
S3-E5,1,41,C,1,16
S3-E5,1,42,A,0,26
S3-E5,1,42,B,1,18
S3-E5,1,42,C,0,16
S3-E5,1,43,A,1,25
S3-E5,1,43,B,1,19
S3-E5,1,43,C,1,16
S3-E5,1,44,A,0,23
S3-E5,1,44,B,1,19
S3-E5,1,44,C,1,16
S3-E5,1,45,A,0,19
S3-E5,1,45,B,0,18
S3-E5,1,45,C,3,19
S3-E5,1,46,A,0,17
S3-E5,1,46,B,0,18
S3-E5,1,46,C,0,18
S3-E5,1,47,A,0,15
S3-E5,1,47,B,1,19
S3-E5,1,47,C,3,21
S3-E5,1,48,A,0,13
S3-E5,1,48,B,0,18
S3-E5,1,48,C,1,22
S3-E5,1,49,A,0,13
S3-E5,1,49,B,1,18
S3-E5,1,49,C,2,23
S3-E5,1,50,A,0,12
S3-E5,1,50,B,0,16
S3-E5,1,50,C,0,20
S3-E5,1,51,A,0,11
S3-E5,1,51,B,0,16
S3-E5,1,51,C,0,20
S3-E5,1,52,A,0,10
S3-E5,1,52,B,0,15
S3-E5,1,52,C,2,22
S3-E5,1,53,A,0,10
S3-E5,1,53,B,0,14
S3-E5,1,53,C,0,22
S3-E5,1,54,A,0,9
S3-E5,1,54,B,0,14
S3-E5,1,54,C,0,21
S3-E5,1,55,A,0,8
S3-E5,1,55,B,0,14
S3-E5,1,55,C,0,19
S3-E5,1,56,A,1,8
S3-E5,1,56,B,1,14
S3-E5,1,56,C,0,19
S3-E5,1,57,A,1,8
S3-E5,1,57,B,0,12
S3-E5,1,57,C,1,19
S3-E5,1,58,A,0,8
S3-E5,1,58,B,0,10
S3-E5,1,58,C,0,18
S3-E5,1,59,A,0,7
S3-E5,1,59,B,1,11
S3-E5,1,59,C,0,18
S3-E5,1,60,A,1,8
S3-E5,1,60,B,0,10
S3-E5,1,60,C,0,16
S3-E5,1,61,A,0,7
S3-E5,1,61,B,0,10
S3-E5,1,61,C,0,15
S3-E5,1,62,A,0,7
S3-E5,1,62,B,0,10
S3-E5,1,62,C,0,12
S3-E5,1,63,A,0,6
S3-E5,1,63,B,1,10
S3-E5,1,63,C,0,12
S3-E5,1,64,A,0,6
S3-E5,1,64,B,0,9
S3-E5,1,64,C,0,11
S3-E5,1,65,A,1,7
S3-E5,1,65,B,0,8
S3-E5,1,65,C,0,11
S3-E5,1,66,A,0,7
S3-E5,1,66,B,1,9
S3-E5,1,66,C,0,10
S3-E5,1,67,A,1,8
S3-E5,1,67,B,0,8
S3-E5,1,67,C,1,10
S3-E5,1,68,A,0,7
S3-E5,1,68,B,0,7
S3-E5,1,68,C,0,10
S3-E5,1,69,A,0,7
S3-E5,1,69,B,0,7
S3-E5,1,69,C,1,11
S3-E5,1,70,A,1,8
S3-E5,1,70,B,0,7
S3-E5,1,70,C,0,10
S3-E5,1,71,A,0,8
S3-E5,1,71,B,0,5
S3-E5,1,71,C,0,8
S3-E5,1,72,A,0,8
S3-E5,1,72,B,0,5
S3-E5,1,72,C,0,7
S3-E5,1,73,A,0,8
S3-E5,1,73,B,0,5
S3-E5,1,73,C,0,7
S3-E5,1,74,A,0,8
S3-E5,1,74,B,0,5
S3-E5,1,74,C,0,7
S3-E5,1,75,A,0,6
S3-E5,1,75,B,0,5
S3-E5,1,75,C,0,6
S3-E5,1,76,A,0,5
S3-E5,1,76,B,0,4
S3-E5,1,76,C,0,6
S3-E5,1,77,A,0,5
S3-E5,1,77,B,0,4
S3-E5,1,77,C,1,7
S3-E5,1,78,A,1,6
S3-E5,1,78,B,0,4
S3-E5,1,78,C,0,7
S3-E5,1,79,A,0,6
S3-E5,1,79,B,0,3
S3-E5,1,79,C,0,7
S3-E5,1,80,A,0,5
S3-E5,1,80,B,0,2
S3-E5,1,80,C,0,7
S3-E5,1,81,A,0,5
S3-E5,1,81,B,1,3
S3-E5,1,81,C,0,6
S3-E5,1,82,A,0,5
S3-E5,1,82,B,0,3
S3-E5,1,82,C,0,6
S3-E5,1,83,A,0,3
S3-E5,1,83,B,0,3
S3-E5,1,83,C,0,6
S3-E5,1,84,A,0,3
S3-E5,1,84,B,0,3
S3-E5,1,84,C,0,5
S3-E5,1,85,A,1,4
S3-E5,1,85,B,1,3
S3-E5,1,85,C,0,3
S3-E5,1,86,A,0,4
S3-E5,1,86,B,0,3
S3-E5,1,86,C,0,2
S3-E5,1,87,A,0,4
S3-E5,1,87,B,0,3
S3-E5,1,87,C,1,3
S3-E5,1,88,A,0,3
S3-E5,1,88,B,0,3
S3-E5,1,88,C,1,4
S3-E5,1,89,A,0,2
S3-E5,1,89,B,0,3
S3-E5,1,89,C,0,3
S3-E5,1,90,A,0,2
S3-E5,1,90,B,0,3
S3-E5,1,90,C,0,3
S3-E5,1,91,A,0,2
S3-E5,1,91,B,0,3
S3-E5,1,91,C,0,3
S3-E5,1,92,A,0,2
S3-E5,1,92,B,0,3
S3-E5,1,92,C,0,3
S3-E5,1,93,A,0,2
S3-E5,1,93,B,0,3
S3-E5,1,93,C,0,3
S3-E5,1,94,A,0,1
S3-E5,1,94,B,0,3
S3-E5,1,94,C,0,3
S3-E5,1,95,A,0,1
S3-E5,1,95,B,0,3
S3-E5,1,95,C,0,2
S3-E5,1,96,A,0,1
S3-E5,1,96,B,0,3
S3-E5,1,96,C,0,2
S3-E5,1,97,A,0,1
S3-E5,1,97,B,0,2
S3-E5,1,97,C,0,2
S3-E5,1,98,A,1,2
S3-E5,1,98,B,0,2
S3-E5,1,98,C,0,2
S3-E5,1,99,A,0,2
S3-E5,1,99,B,0,2
S3-E5,1,99,C,0,2
S3-E5,1,100,A,0,2
S3-E5,1,100,B,0,2
S3-E5,1,100,C,0,2
S3-E5,1,101,A,0,2
S3-E5,1,101,B,1,3
S3-E5,1,101,C,0,2
S3-E5,1,102,A,0,2
S3-E5,1,102,B,0,3
S3-E5,1,102,C,0,2
S3-E5,1,103,A,0,2
S3-E5,1,103,B,0,3
S3-E5,1,103,C,0,2
S3-E5,1,104,A,1,3
S3-E5,1,104,B,0,2
S3-E5,1,104,C,0,2
S3-E5,1,105,A,0,3
S3-E5,1,105,B,0,1
S3-E5,1,105,C,0,1
S3-E5,1,106,A,0,3
S3-E5,1,106,B,0,1
S3-E5,1,106,C,0,0
S3-E5,1,107,A,0,3
S3-E5,1,107,B,0,1
S3-E5,1,107,C,0,0
S3-E5,1,108,A,0,2
S3-E5,1,108,B,0,1
S3-E5,1,108,C,0,0
S3-E5,1,109,A,0,2
S3-E5,1,109,B,0,1
S3-E5,1,109,C,0,0
S3-E5,1,110,A,1,3
S3-E5,1,110,B,0,1
S3-E5,1,110,C,0,0
S3-E5,1,111,A,0,3
S3-E5,1,111,B,0,1
S3-E5,1,111,C,0,0
S3-E5,1,112,A,0,3
S3-E5,1,112,B,0,1
S3-E5,1,112,C,0,0
S3-E5,1,113,A,0,3
S3-E5,1,113,B,0,1
S3-E5,1,113,C,0,0
S3-E5,1,114,A,0,3
S3-E5,1,114,B,0,1
S3-E5,1,114,C,0,0
S3-E5,1,115,A,0,3
S3-E5,1,115,B,0,1
S3-E5,1,115,C,1,1
S3-E5,1,116,A,0,3
S3-E5,1,116,B,0,1
S3-E5,1,116,C,0,1
S3-E5,1,117,A,0,3
S3-E5,1,117,B,0,1
S3-E5,1,117,C,0,1
S3-E5,1,118,A,0,3
S3-E5,1,118,B,0,1
S3-E5,1,118,C,0,1
S3-E5,1,119,A,0,3
S3-E5,1,119,B,0,0
S3-E5,1,119,C,1,2
S3-E5,2,0,A,0,19
S3-E5,2,0,B,0,10
S3-E5,2,0,C,0,2
S3-E5,2,1,A,0,17
S3-E5,2,1,B,0,10
S3-E5,2,1,C,1,3
S3-E5,2,2,A,0,15
S3-E5,2,2,B,0,10
S3-E5,2,2,C,0,3
S3-E5,2,3,A,0,15
S3-E5,2,3,B,0,10
S3-E5,2,3,C,0,3
S3-E5,2,4,A,0,14
S3-E5,2,4,B,2,12
S3-E5,2,4,C,0,3
S3-E5,2,5,A,1,13
S3-E5,2,5,B,0,12
S3-E5,2,5,C,0,3
S3-E5,2,6,A,1,12
S3-E5,2,6,B,1,13
S3-E5,2,6,C,0,3
S3-E5,2,7,A,0,11
S3-E5,2,7,B,1,14
S3-E5,2,7,C,0,3
S3-E5,2,8,A,1,11
S3-E5,2,8,B,0,13
S3-E5,2,8,C,0,3
S3-E5,2,9,A,0,11
S3-E5,2,9,B,1,14
S3-E5,2,9,C,1,4
S3-E5,2,10,A,0,11
S3-E5,2,10,B,0,13
S3-E5,2,10,C,0,3
S3-E5,2,11,A,0,10
S3-E5,2,11,B,1,14
S3-E5,2,11,C,2,5
S3-E5,2,12,A,0,8
S3-E5,2,12,B,0,13
S3-E5,2,12,C,0,5
S3-E5,2,13,A,1,9
S3-E5,2,13,B,0,12
S3-E5,2,13,C,0,4
S3-E5,2,14,A,0,9
S3-E5,2,14,B,0,12
S3-E5,2,14,C,1,4
S3-E5,2,15,A,0,9
S3-E5,2,15,B,1,13
S3-E5,2,15,C,0,4
S3-E5,2,16,A,0,8
S3-E5,2,16,B,0,13
S3-E5,2,16,C,0,4
S3-E5,2,17,A,1,8
S3-E5,2,17,B,0,12
S3-E5,2,17,C,2,6
S3-E5,2,18,A,0,8
S3-E5,2,18,B,0,12
S3-E5,2,18,C,0,6
S3-E5,2,19,A,0,8
S3-E5,2,19,B,0,12
S3-E5,2,19,C,0,6
S3-E5,2,20,A,0,8
S3-E5,2,20,B,0,12
S3-E5,2,20,C,0,6
S3-E5,2,21,A,0,8
S3-E5,2,21,B,0,11
S3-E5,2,21,C,2,8
S3-E5,2,22,A,0,8
S3-E5,2,22,B,0,10
S3-E5,2,22,C,0,8
S3-E5,2,23,A,0,6
S3-E5,2,23,B,1,10
S3-E5,2,23,C,0,8
S3-E5,2,24,A,0,6
S3-E5,2,24,B,2,12
S3-E5,2,24,C,0,7
S3-E5,2,25,A,0,6
S3-E5,2,25,B,0,11
S3-E5,2,25,C,1,8
S3-E5,2,26,A,0,5
S3-E5,2,26,B,0,10
S3-E5,2,26,C,0,8
S3-E5,2,27,A,0,4
S3-E5,2,27,B,0,8
S3-E5,2,27,C,0,7
S3-E5,2,28,A,0,4
S3-E5,2,28,B,0,7
S3-E5,2,28,C,0,7
S3-E5,2,29,A,0,4
S3-E5,2,29,B,0,7
S3-E5,2,29,C,0,7
S3-E5,2,30,A,0,4
S3-E5,2,30,B,0,6
S3-E5,2,30,C,0,7
S3-E5,2,31,A,1,5
S3-E5,2,31,B,0,6
S3-E5,2,31,C,0,7
S3-E5,2,32,A,0,4
S3-E5,2,32,B,0,6
S3-E5,2,32,C,0,7
S3-E5,2,33,A,0,4
S3-E5,2,33,B,0,6
S3-E5,2,33,C,1,8
S3-E5,2,34,A,0,3
S3-E5,2,34,B,0,6
S3-E5,2,34,C,1,9
S3-E5,2,35,A,0,3
S3-E5,2,35,B,0,6
S3-E5,2,35,C,0,7
S3-E5,2,36,A,0,3
S3-E5,2,36,B,0,6
S3-E5,2,36,C,0,7
S3-E5,2,37,A,0,2
S3-E5,2,37,B,0,6
S3-E5,2,37,C,0,7
S3-E5,2,38,A,0,1
S3-E5,2,38,B,0,5
S3-E5,2,38,C,0,6
S3-E5,2,39,A,0,1
S3-E5,2,39,B,0,3
S3-E5,2,39,C,0,6
S3-E5,2,40,A,0,1
S3-E5,2,40,B,0,3
S3-E5,2,40,C,0,6
S3-E5,2,41,A,0,1
S3-E5,2,41,B,0,2
S3-E5,2,41,C,0,5
S3-E5,2,42,A,0,1
S3-E5,2,42,B,0,2
S3-E5,2,42,C,0,5
S3-E5,2,43,A,0,1
S3-E5,2,43,B,0,2
S3-E5,2,43,C,0,5
S3-E5,2,44,A,0,1
S3-E5,2,44,B,0,2
S3-E5,2,44,C,1,6
S3-E5,2,45,A,0,1
S3-E5,2,45,B,0,1
S3-E5,2,45,C,0,6
S3-E5,2,46,A,0,1
S3-E5,2,46,B,0,1
S3-E5,2,46,C,0,6
S3-E5,2,47,A,0,1
S3-E5,2,47,B,0,1
S3-E5,2,47,C,0,4
S3-E5,2,48,A,1,2
S3-E5,2,48,B,0,1
S3-E5,2,48,C,1,5
S3-E5,2,49,A,0,2
S3-E5,2,49,B,0,0
S3-E5,2,49,C,1,6
S3-E5,2,50,A,0,2
S3-E5,2,50,B,1,1
S3-E5,2,50,C,0,6
S3-E5,2,51,A,0,2
S3-E5,2,51,B,0,1
S3-E5,2,51,C,0,6
S3-E5,2,52,A,1,3
S3-E5,2,52,B,0,1
S3-E5,2,52,C,0,6
S3-E5,2,53,A,0,3
S3-E5,2,53,B,0,1
S3-E5,2,53,C,10,16
S3-E5,2,54,A,0,3
S3-E5,2,54,B,2,3
S3-E5,2,54,C,5,20
S3-E5,2,55,A,1,4
S3-E5,2,55,B,0,3
S3-E5,2,55,C,6,26
S3-E5,2,56,A,0,3
S3-E5,2,56,B,0,3
S3-E5,2,56,C,5,31
S3-E5,2,57,A,0,3
S3-E5,2,57,B,1,4
S3-E5,2,57,C,10,41
S3-E5,2,58,A,0,3
S3-E5,2,58,B,1,5
S3-E5,2,58,C,3,44
S3-E5,2,59,A,0,3
S3-E5,2,59,B,1,6
S3-E5,2,59,C,5,49
S3-E5,2,60,A,0,3
S3-E5,2,60,B,0,6
S3-E5,2,60,C,1,50
S3-E5,2,61,A,0,2
S3-E5,2,61,B,1,7
S3-E5,2,61,C,3,52
S3-E5,2,62,A,0,2
S3-E5,2,62,B,1,8
S3-E5,2,62,C,2,54
S3-E5,2,63,A,0,2
S3-E5,2,63,B,1,9
S3-E5,2,63,C,5,59
S3-E5,2,64,A,0,2
S3-E5,2,64,B,2,11
S3-E5,2,64,C,1,60
S3-E5,2,65,A,0,2
S3-E5,2,65,B,1,12
S3-E5,2,65,C,0,60
S3-E5,2,66,A,0,2
S3-E5,2,66,B,2,14
S3-E5,2,66,C,3,60
S3-E5,2,67,A,0,2
S3-E5,2,67,B,0,13
S3-E5,2,67,C,1,61
S3-E5,2,68,A,1,2
S3-E5,2,68,B,0,13
S3-E5,2,68,C,4,64
S3-E5,2,69,A,0,2
S3-E5,2,69,B,3,16
S3-E5,2,69,C,1,64
S3-E5,2,70,A,0,2
S3-E5,2,70,B,3,19
S3-E5,2,70,C,1,59
S3-E5,2,71,A,1,3
S3-E5,2,71,B,2,21
S3-E5,2,71,C,1,57
S3-E5,2,72,A,0,2
S3-E5,2,72,B,5,26
S3-E5,2,72,C,2,57
S3-E5,2,73,A,3,5
S3-E5,2,73,B,3,29
S3-E5,2,73,C,2,57
S3-E5,2,74,A,0,5
S3-E5,2,74,B,3,31
S3-E5,2,74,C,0,51
S3-E5,2,75,A,0,5
S3-E5,2,75,B,2,33
S3-E5,2,75,C,1,50
S3-E5,2,76,A,0,5
S3-E5,2,76,B,1,34
S3-E5,2,76,C,0,48
S3-E5,2,77,A,0,5
S3-E5,2,77,B,3,37
S3-E5,2,77,C,0,45
S3-E5,2,78,A,0,5
S3-E5,2,78,B,3,39
S3-E5,2,78,C,1,42
S3-E5,2,79,A,1,6
S3-E5,2,79,B,3,42
S3-E5,2,79,C,0,41
S3-E5,2,80,A,0,6
S3-E5,2,80,B,1,41
S3-E5,2,80,C,1,37
S3-E5,2,81,A,0,6
S3-E5,2,81,B,2,41
S3-E5,2,81,C,1,36
S3-E5,2,82,A,0,6
S3-E5,2,82,B,0,38
S3-E5,2,82,C,0,32
S3-E5,2,83,A,0,6
S3-E5,2,83,B,0,37
S3-E5,2,83,C,2,32
S3-E5,2,84,A,0,6
S3-E5,2,84,B,1,37
S3-E5,2,84,C,0,31
S3-E5,2,85,A,0,6
S3-E5,2,85,B,0,37
S3-E5,2,85,C,0,28
S3-E5,2,86,A,0,6
S3-E5,2,86,B,0,35
S3-E5,2,86,C,0,25
S3-E5,2,87,A,0,5
S3-E5,2,87,B,2,34
S3-E5,2,87,C,0,23
S3-E5,2,88,A,0,5
S3-E5,2,88,B,2,33
S3-E5,2,88,C,0,21
S3-E5,2,89,A,0,5
S3-E5,2,89,B,0,31
S3-E5,2,89,C,0,20
S3-E5,2,90,A,0,5
S3-E5,2,90,B,2,33
S3-E5,2,90,C,0,18
S3-E5,2,91,A,0,5
S3-E5,2,91,B,3,32
S3-E5,2,91,C,0,17
S3-E5,2,92,A,0,4
S3-E5,2,92,B,2,33
S3-E5,2,92,C,0,15
S3-E5,2,93,A,0,2
S3-E5,2,93,B,1,29
S3-E5,2,93,C,0,15
S3-E5,2,94,A,0,2
S3-E5,2,94,B,0,28
S3-E5,2,94,C,0,13
S3-E5,2,95,A,0,2
S3-E5,2,95,B,0,27
S3-E5,2,95,C,0,11
S3-E5,2,96,A,0,1
S3-E5,2,96,B,0,26
S3-E5,2,96,C,1,11
S3-E5,2,97,A,0,1
S3-E5,2,97,B,0,24
S3-E5,2,97,C,0,10
S3-E5,2,98,A,0,1
S3-E5,2,98,B,0,24
S3-E5,2,98,C,0,8
S3-E5,2,99,A,0,1
S3-E5,2,99,B,0,23
S3-E5,2,99,C,0,8
S3-E5,2,100,A,0,1
S3-E5,2,100,B,0,23
S3-E5,2,100,C,0,7
S3-E5,2,101,A,0,1
S3-E5,2,101,B,1,23
S3-E5,2,101,C,1,8
S3-E5,2,102,A,0,0
S3-E5,2,102,B,1,23
S3-E5,2,102,C,0,8
S3-E5,2,103,A,0,0
S3-E5,2,103,B,0,23
S3-E5,2,103,C,0,7
S3-E5,2,104,A,0,0
S3-E5,2,104,B,1,23
S3-E5,2,104,C,0,6
S3-E5,2,105,A,0,0
S3-E5,2,105,B,0,22
S3-E5,2,105,C,0,5
S3-E5,2,106,A,0,0
S3-E5,2,106,B,0,21
S3-E5,2,106,C,0,4
S3-E5,2,107,A,0,0
S3-E5,2,107,B,0,19
S3-E5,2,107,C,0,4
S3-E5,2,108,A,0,0
S3-E5,2,108,B,0,16
S3-E5,2,108,C,1,5
S3-E5,2,109,A,0,0
S3-E5,2,109,B,2,16
S3-E5,2,109,C,0,5
S3-E5,2,110,A,0,0
S3-E5,2,110,B,1,16
S3-E5,2,110,C,0,5
S3-E5,2,111,A,0,0
S3-E5,2,111,B,0,16
S3-E5,2,111,C,0,5
S3-E5,2,112,A,0,0
S3-E5,2,112,B,0,15
S3-E5,2,112,C,0,5
S3-E5,2,113,A,0,0
S3-E5,2,113,B,1,15
S3-E5,2,113,C,0,5
S3-E5,2,114,A,0,0
S3-E5,2,114,B,0,14
S3-E5,2,114,C,0,5
S3-E5,2,115,A,0,0
S3-E5,2,115,B,0,13
S3-E5,2,115,C,0,5
S3-E5,2,116,A,0,0
S3-E5,2,116,B,0,13
S3-E5,2,116,C,0,5
S3-E5,2,117,A,0,0
S3-E5,2,117,B,0,12
S3-E5,2,117,C,0,5
S3-E5,2,118,A,0,0
S3-E5,2,118,B,0,12
S3-E5,2,118,C,0,5
S3-E5,2,119,A,0,0
S3-E5,2,119,B,0,12
S3-E5,2,119,C,0,5
S3-E6,0,0,A,0,1
S3-E6,0,0,B,0,9
S3-E6,0,0,C,1,12
S3-E6,0,1,A,0,1
S3-E6,0,1,B,0,9
S3-E6,0,1,C,2,14
S3-E6,0,2,A,0,1
S3-E6,0,2,B,0,8
S3-E6,0,2,C,2,15
S3-E6,0,3,A,0,1
S3-E6,0,3,B,1,9
S3-E6,0,3,C,1,15
S3-E6,0,4,A,0,1
S3-E6,0,4,B,0,9
S3-E6,0,4,C,1,16
S3-E6,0,5,A,0,1
S3-E6,0,5,B,0,9
S3-E6,0,5,C,0,16
S3-E6,0,6,A,0,1
S3-E6,0,6,B,0,9
S3-E6,0,6,C,1,17
S3-E6,0,7,A,1,2
S3-E6,0,7,B,0,9
S3-E6,0,7,C,0,17
S3-E6,0,8,A,0,2
S3-E6,0,8,B,0,9
S3-E6,0,8,C,2,19
S3-E6,0,9,A,0,2
S3-E6,0,9,B,0,9
S3-E6,0,9,C,0,19
S3-E6,0,10,A,0,2
S3-E6,0,10,B,0,9
S3-E6,0,10,C,4,23
S3-E6,0,11,A,0,2
S3-E6,0,11,B,0,8
S3-E6,0,11,C,1,22
S3-E6,0,12,A,0,1
S3-E6,0,12,B,0,7
S3-E6,0,12,C,0,22
S3-E6,0,13,A,0,1
S3-E6,0,13,B,0,5
S3-E6,0,13,C,1,22
S3-E6,0,14,A,0,1
S3-E6,0,14,B,0,5
S3-E6,0,14,C,1,22
S3-E6,0,15,A,0,1
S3-E6,0,15,B,1,6
S3-E6,0,15,C,0,21
S3-E6,0,16,A,0,1
S3-E6,0,16,B,0,6
S3-E6,0,16,C,1,22
S3-E6,0,17,A,0,1
S3-E6,0,17,B,0,6
S3-E6,0,17,C,1,21
S3-E6,0,18,A,1,2
S3-E6,0,18,B,1,5
S3-E6,0,18,C,1,22
S3-E6,0,19,A,2,4
S3-E6,0,19,B,0,4
S3-E6,0,19,C,0,18
S3-E6,0,20,A,0,4
S3-E6,0,20,B,2,6
S3-E6,0,20,C,0,18
S3-E6,0,21,A,0,4
S3-E6,0,21,B,0,5
S3-E6,0,21,C,0,18
S3-E6,0,22,A,0,3
S3-E6,0,22,B,1,6
S3-E6,0,22,C,1,18
S3-E6,0,23,A,0,3
S3-E6,0,23,B,0,6
S3-E6,0,23,C,0,18
S3-E6,0,24,A,0,3
S3-E6,0,24,B,0,6
S3-E6,0,24,C,0,18
S3-E6,0,25,A,0,3
S3-E6,0,25,B,1,7
S3-E6,0,25,C,2,19
S3-E6,0,26,A,0,3
S3-E6,0,26,B,2,9
S3-E6,0,26,C,0,19
S3-E6,0,27,A,0,3
S3-E6,0,27,B,0,9
S3-E6,0,27,C,2,21
S3-E6,0,28,A,0,3
S3-E6,0,28,B,0,9
S3-E6,0,28,C,0,19
S3-E6,0,29,A,0,3
S3-E6,0,29,B,2,11
S3-E6,0,29,C,0,18
S3-E6,0,30,A,0,3
S3-E6,0,30,B,0,11
S3-E6,0,30,C,0,16
S3-E6,0,31,A,0,3
S3-E6,0,31,B,0,11
S3-E6,0,31,C,1,17
S3-E6,0,32,A,0,3
S3-E6,0,32,B,0,11
S3-E6,0,32,C,1,17
S3-E6,0,33,A,0,3
S3-E6,0,33,B,1,12
S3-E6,0,33,C,0,14
S3-E6,0,34,A,0,3
S3-E6,0,34,B,0,12
S3-E6,0,34,C,0,13
S3-E6,0,35,A,1,3
S3-E6,0,35,B,0,12
S3-E6,0,35,C,0,13
S3-E6,0,36,A,0,3
S3-E6,0,36,B,0,12
S3-E6,0,36,C,0,13
S3-E6,0,37,A,0,3
S3-E6,0,37,B,0,12
S3-E6,0,37,C,0,13
S3-E6,0,38,A,0,3
S3-E6,0,38,B,0,11
S3-E6,0,38,C,0,13
S3-E6,0,39,A,0,3
S3-E6,0,39,B,0,10
S3-E6,0,39,C,0,12
S3-E6,0,40,A,0,2
S3-E6,0,40,B,0,8
S3-E6,0,40,C,0,11
S3-E6,0,41,A,0,2
S3-E6,0,41,B,0,8
S3-E6,0,41,C,0,11
S3-E6,0,42,A,0,2
S3-E6,0,42,B,0,6
S3-E6,0,42,C,1,10
S3-E6,0,43,A,0,2
S3-E6,0,43,B,0,5
S3-E6,0,43,C,0,10
S3-E6,0,44,A,0,2
S3-E6,0,44,B,0,5
S3-E6,0,44,C,0,10
S3-E6,0,45,A,0,1
S3-E6,0,45,B,0,5
S3-E6,0,45,C,0,10
S3-E6,0,46,A,0,1
S3-E6,0,46,B,0,5
S3-E6,0,46,C,0,8
S3-E6,0,47,A,0,1
S3-E6,0,47,B,0,3
S3-E6,0,47,C,0,7
S3-E6,0,48,A,0,1
S3-E6,0,48,B,0,3
S3-E6,0,48,C,0,7
S3-E6,0,49,A,0,1
S3-E6,0,49,B,0,3
S3-E6,0,49,C,0,6
S3-E6,0,50,A,0,1
S3-E6,0,50,B,0,3
S3-E6,0,50,C,0,6
S3-E6,0,51,A,0,1
S3-E6,0,51,B,0,3
S3-E6,0,51,C,0,6
S3-E6,0,52,A,0,1
S3-E6,0,52,B,0,3
S3-E6,0,52,C,0,5
S3-E6,0,53,A,0,1
S3-E6,0,53,B,0,3
S3-E6,0,53,C,0,5
S3-E6,0,54,A,0,1
S3-E6,0,54,B,0,3
S3-E6,0,54,C,0,5
S3-E6,0,55,A,0,1
S3-E6,0,55,B,0,3
S3-E6,0,55,C,0,4
S3-E6,0,56,A,1,2
S3-E6,0,56,B,1,4
S3-E6,0,56,C,0,4
S3-E6,0,57,A,0,2
S3-E6,0,57,B,0,4
S3-E6,0,57,C,0,4
S3-E6,0,58,A,0,2
S3-E6,0,58,B,0,4
S3-E6,0,58,C,0,4
S3-E6,0,59,A,0,2
S3-E6,0,59,B,0,4
S3-E6,0,59,C,0,3
S3-E6,0,60,A,0,2
S3-E6,0,60,B,0,3
S3-E6,0,60,C,0,3
S3-E6,0,61,A,0,2
S3-E6,0,61,B,0,3
S3-E6,0,61,C,0,3
S3-E6,0,62,A,0,2
S3-E6,0,62,B,0,3
S3-E6,0,62,C,2,5
S3-E6,0,63,A,1,3
S3-E6,0,63,B,0,3
S3-E6,0,63,C,1,6
S3-E6,0,64,A,0,3
S3-E6,0,64,B,0,3
S3-E6,0,64,C,1,6
S3-E6,0,65,A,0,3
S3-E6,0,65,B,0,3
S3-E6,0,65,C,0,6
S3-E6,0,66,A,0,3
S3-E6,0,66,B,0,3
S3-E6,0,66,C,1,7
S3-E6,0,67,A,0,3
S3-E6,0,67,B,0,3
S3-E6,0,67,C,0,7
S3-E6,0,68,A,1,4
S3-E6,0,68,B,0,3
S3-E6,0,68,C,0,6
S3-E6,0,69,A,0,4
S3-E6,0,69,B,0,3
S3-E6,0,69,C,0,6
S3-E6,0,70,A,0,4
S3-E6,0,70,B,0,3
S3-E6,0,70,C,0,6
S3-E6,0,71,A,0,4
S3-E6,0,71,B,0,3
S3-E6,0,71,C,0,5
S3-E6,0,72,A,0,4
S3-E6,0,72,B,1,4
S3-E6,0,72,C,0,5
S3-E6,0,73,A,0,3
S3-E6,0,73,B,0,4
S3-E6,0,73,C,1,6
S3-E6,0,74,A,0,3
S3-E6,0,74,B,0,4
S3-E6,0,74,C,1,7
S3-E6,0,75,A,0,3
S3-E6,0,75,B,0,4
S3-E6,0,75,C,0,7
S3-E6,0,76,A,0,2
S3-E6,0,76,B,0,4
S3-E6,0,76,C,0,7
S3-E6,0,77,A,0,2
S3-E6,0,77,B,1,4
S3-E6,0,77,C,0,6
S3-E6,0,78,A,0,2
S3-E6,0,78,B,0,4
S3-E6,0,78,C,1,7
S3-E6,0,79,A,0,2
S3-E6,0,79,B,0,4
S3-E6,0,79,C,0,7
S3-E6,0,80,A,0,2
S3-E6,0,80,B,0,4
S3-E6,0,80,C,0,7
S3-E6,0,81,A,1,3
S3-E6,0,81,B,0,3
S3-E6,0,81,C,0,7
S3-E6,0,82,A,0,3
S3-E6,0,82,B,0,3
S3-E6,0,82,C,0,6
S3-E6,0,83,A,0,3
S3-E6,0,83,B,0,3
S3-E6,0,83,C,0,5
S3-E6,0,84,A,0,3
S3-E6,0,84,B,0,3
S3-E6,0,84,C,2,7
S3-E6,0,85,A,0,3
S3-E6,0,85,B,1,4
S3-E6,0,85,C,0,7
S3-E6,0,86,A,0,3
S3-E6,0,86,B,0,4
S3-E6,0,86,C,1,8
S3-E6,0,87,A,0,2
S3-E6,0,87,B,1,5
S3-E6,0,87,C,1,8
S3-E6,0,88,A,0,2
S3-E6,0,88,B,0,5
S3-E6,0,88,C,1,8
S3-E6,0,89,A,0,2
S3-E6,0,89,B,0,4
S3-E6,0,89,C,0,8
S3-E6,0,90,A,0,2
S3-E6,0,90,B,0,4
S3-E6,0,90,C,0,8
S3-E6,0,91,A,0,2
S3-E6,0,91,B,0,4
S3-E6,0,91,C,0,8
S3-E6,0,92,A,0,2
S3-E6,0,92,B,1,5
S3-E6,0,92,C,1,9
S3-E6,0,93,A,0,2
S3-E6,0,93,B,1,6
S3-E6,0,93,C,0,9
S3-E6,0,94,A,1,2
S3-E6,0,94,B,0,5
S3-E6,0,94,C,1,10
S3-E6,0,95,A,0,2
S3-E6,0,95,B,1,6
S3-E6,0,95,C,1,11
S3-E6,0,96,A,1,2
S3-E6,0,96,B,1,7
S3-E6,0,96,C,1,12
S3-E6,0,97,A,0,2
S3-E6,0,97,B,1,8
S3-E6,0,97,C,0,12
S3-E6,0,98,A,1,3
S3-E6,0,98,B,2,10
S3-E6,0,98,C,1,12
S3-E6,0,99,A,0,3
S3-E6,0,99,B,2,12
S3-E6,0,99,C,1,13
S3-E6,0,100,A,0,3
S3-E6,0,100,B,1,12
S3-E6,0,100,C,0,12
S3-E6,0,101,A,0,3
S3-E6,0,101,B,1,11
S3-E6,0,101,C,0,10
S3-E6,0,102,A,0,3
S3-E6,0,102,B,0,11
S3-E6,0,102,C,0,10
S3-E6,0,103,A,0,3
S3-E6,0,103,B,0,11
S3-E6,0,103,C,0,9
S3-E6,0,104,A,0,3
S3-E6,0,104,B,0,11
S3-E6,0,104,C,0,9
S3-E6,0,105,A,1,4
S3-E6,0,105,B,0,11
S3-E6,0,105,C,0,9
S3-E6,0,106,A,2,6
S3-E6,0,106,B,0,11
S3-E6,0,106,C,0,8
S3-E6,0,107,A,0,6
S3-E6,0,107,B,0,11
S3-E6,0,107,C,0,8
S3-E6,0,108,A,0,6
S3-E6,0,108,B,1,12
S3-E6,0,108,C,1,9
S3-E6,0,109,A,1,7
S3-E6,0,109,B,0,12
S3-E6,0,109,C,1,10
S3-E6,0,110,A,0,7
S3-E6,0,110,B,0,11
S3-E6,0,110,C,0,8
S3-E6,0,111,A,0,7
S3-E6,0,111,B,0,11
S3-E6,0,111,C,0,8
S3-E6,0,112,A,1,8
S3-E6,0,112,B,0,9
S3-E6,0,112,C,0,8
S3-E6,0,113,A,1,7
S3-E6,0,113,B,1,9
S3-E6,0,113,C,0,7
S3-E6,0,114,A,0,7
S3-E6,0,114,B,1,9
S3-E6,0,114,C,0,6
S3-E6,0,115,A,0,7
S3-E6,0,115,B,0,9
S3-E6,0,115,C,1,6
S3-E6,0,116,A,1,8
S3-E6,0,116,B,0,9
S3-E6,0,116,C,0,6
S3-E6,0,117,A,0,8
S3-E6,0,117,B,1,10
S3-E6,0,117,C,1,7
S3-E6,0,118,A,0,8
S3-E6,0,118,B,1,9
S3-E6,0,118,C,1,8
S3-E6,0,119,A,0,8
S3-E6,0,119,B,0,9
S3-E6,0,119,C,0,7
S3-E6,1,0,A,0,1
S3-E6,1,0,B,1,2
S3-E6,1,0,C,0,3
S3-E6,1,1,A,0,1
S3-E6,1,1,B,1,3
S3-E6,1,1,C,0,3
S3-E6,1,2,A,0,1
S3-E6,1,2,B,0,3
S3-E6,1,2,C,0,3
S3-E6,1,3,A,0,1
S3-E6,1,3,B,0,3
S3-E6,1,3,C,2,4
S3-E6,1,4,A,0,1
S3-E6,1,4,B,0,3
S3-E6,1,4,C,0,4
S3-E6,1,5,A,0,1
S3-E6,1,5,B,1,4
S3-E6,1,5,C,0,4
S3-E6,1,6,A,0,0
S3-E6,1,6,B,0,4
S3-E6,1,6,C,0,4
S3-E6,1,7,A,0,0
S3-E6,1,7,B,1,5
S3-E6,1,7,C,0,4
S3-E6,1,8,A,1,1
S3-E6,1,8,B,2,7
S3-E6,1,8,C,0,4
S3-E6,1,9,A,0,1
S3-E6,1,9,B,0,7
S3-E6,1,9,C,0,4
S3-E6,1,10,A,0,1
S3-E6,1,10,B,1,8
S3-E6,1,10,C,0,3
S3-E6,1,11,A,0,1
S3-E6,1,11,B,0,8
S3-E6,1,11,C,0,3
S3-E6,1,12,A,0,1
S3-E6,1,12,B,0,8
S3-E6,1,12,C,0,3
S3-E6,1,13,A,0,1
S3-E6,1,13,B,0,7
S3-E6,1,13,C,0,3
S3-E6,1,14,A,0,1
S3-E6,1,14,B,0,7
S3-E6,1,14,C,0,2
S3-E6,1,15,A,0,1
S3-E6,1,15,B,0,7
S3-E6,1,15,C,0,2
S3-E6,1,16,A,0,1
S3-E6,1,16,B,0,7
S3-E6,1,16,C,0,1
S3-E6,1,17,A,0,1
S3-E6,1,17,B,1,8
S3-E6,1,17,C,0,1
S3-E6,1,18,A,0,1
S3-E6,1,18,B,1,9
S3-E6,1,18,C,0,1
S3-E6,1,19,A,0,1
S3-E6,1,19,B,1,8
S3-E6,1,19,C,0,1
S3-E6,1,20,A,1,2
S3-E6,1,20,B,0,7
S3-E6,1,20,C,0,1
S3-E6,1,21,A,1,3
S3-E6,1,21,B,1,8
S3-E6,1,21,C,0,1
S3-E6,1,22,A,0,2
S3-E6,1,22,B,1,9
S3-E6,1,22,C,0,1
S3-E6,1,23,A,0,2
S3-E6,1,23,B,0,9
S3-E6,1,23,C,0,0
S3-E6,1,24,A,0,2
S3-E6,1,24,B,1,9
S3-E6,1,24,C,0,0
S3-E6,1,25,A,0,2
S3-E6,1,25,B,0,9
S3-E6,1,25,C,0,0
S3-E6,1,26,A,0,2
S3-E6,1,26,B,1,9
S3-E6,1,26,C,0,0
S3-E6,1,27,A,0,2
S3-E6,1,27,B,1,9
S3-E6,1,27,C,0,0
S3-E6,1,28,A,0,2
S3-E6,1,28,B,0,9
S3-E6,1,28,C,0,0
S3-E6,1,29,A,0,2
S3-E6,1,29,B,1,10
S3-E6,1,29,C,2,2
S3-E6,1,30,A,0,2
S3-E6,1,30,B,2,12
S3-E6,1,30,C,0,2
S3-E6,1,31,A,1,3
S3-E6,1,31,B,0,12
S3-E6,1,31,C,0,2
S3-E6,1,32,A,0,3
S3-E6,1,32,B,2,14
S3-E6,1,32,C,0,2
S3-E6,1,33,A,0,3
S3-E6,1,33,B,0,13
S3-E6,1,33,C,0,2
S3-E6,1,34,A,0,2
S3-E6,1,34,B,0,13
S3-E6,1,34,C,0,2
S3-E6,1,35,A,0,2
S3-E6,1,35,B,2,14
S3-E6,1,35,C,0,2
S3-E6,1,36,A,0,2
S3-E6,1,36,B,1,14
S3-E6,1,36,C,0,2
S3-E6,1,37,A,1,3
S3-E6,1,37,B,0,14
S3-E6,1,37,C,0,2
S3-E6,1,38,A,0,3
S3-E6,1,38,B,1,14
S3-E6,1,38,C,1,3
S3-E6,1,39,A,0,3
S3-E6,1,39,B,1,15
S3-E6,1,39,C,0,3
S3-E6,1,40,A,0,3
S3-E6,1,40,B,0,14
S3-E6,1,40,C,1,4
S3-E6,1,41,A,0,3
S3-E6,1,41,B,0,14
S3-E6,1,41,C,1,5
S3-E6,1,42,A,1,4
S3-E6,1,42,B,1,15
S3-E6,1,42,C,1,5
S3-E6,1,43,A,0,4
S3-E6,1,43,B,0,15
S3-E6,1,43,C,1,6
S3-E6,1,44,A,0,3
S3-E6,1,44,B,1,16
S3-E6,1,44,C,1,7
S3-E6,1,45,A,0,3
S3-E6,1,45,B,1,16
S3-E6,1,45,C,0,6
S3-E6,1,46,A,0,3
S3-E6,1,46,B,1,17
S3-E6,1,46,C,0,6
S3-E6,1,47,A,0,3
S3-E6,1,47,B,3,20
S3-E6,1,47,C,0,6
S3-E6,1,48,A,0,3
S3-E6,1,48,B,4,24
S3-E6,1,48,C,0,6
S3-E6,1,49,A,0,3
S3-E6,1,49,B,4,27
S3-E6,1,49,C,2,8
S3-E6,1,50,A,0,3
S3-E6,1,50,B,1,28
S3-E6,1,50,C,0,8
S3-E6,1,51,A,1,4
S3-E6,1,51,B,1,29
S3-E6,1,51,C,3,11
S3-E6,1,52,A,0,4
S3-E6,1,52,B,3,31
S3-E6,1,52,C,1,12
S3-E6,1,53,A,0,4
S3-E6,1,53,B,1,30
S3-E6,1,53,C,0,12
S3-E6,1,54,A,0,4
S3-E6,1,54,B,1,31
S3-E6,1,54,C,3,14
S3-E6,1,55,A,0,3
S3-E6,1,55,B,2,32
S3-E6,1,55,C,2,16
S3-E6,1,56,A,0,3
S3-E6,1,56,B,1,31
S3-E6,1,56,C,1,16
S3-E6,1,57,A,0,3
S3-E6,1,57,B,0,31
S3-E6,1,57,C,0,14
S3-E6,1,58,A,0,3
S3-E6,1,58,B,1,31
S3-E6,1,58,C,1,15
S3-E6,1,59,A,0,3
S3-E6,1,59,B,1,32
S3-E6,1,59,C,1,16
S3-E6,1,60,A,0,3
S3-E6,1,60,B,1,32
S3-E6,1,60,C,1,17
S3-E6,1,61,A,0,2
S3-E6,1,61,B,3,33
S3-E6,1,61,C,1,18
S3-E6,1,62,A,0,2
S3-E6,1,62,B,2,34
S3-E6,1,62,C,1,19
S3-E6,1,63,A,0,2
S3-E6,1,63,B,1,33
S3-E6,1,63,C,1,20
S3-E6,1,64,A,0,1
S3-E6,1,64,B,3,33
S3-E6,1,64,C,3,23
S3-E6,1,65,A,1,2
S3-E6,1,65,B,1,30
S3-E6,1,65,C,3,25
S3-E6,1,66,A,1,3
S3-E6,1,66,B,2,32
S3-E6,1,66,C,2,26
S3-E6,1,67,A,1,4
S3-E6,1,67,B,2,34
S3-E6,1,67,C,1,27
S3-E6,1,68,A,0,4
S3-E6,1,68,B,1,35
S3-E6,1,68,C,0,26
S3-E6,1,69,A,0,4
S3-E6,1,69,B,2,37
S3-E6,1,69,C,3,29
S3-E6,1,70,A,2,6
S3-E6,1,70,B,1,38
S3-E6,1,70,C,1,29
S3-E6,1,71,A,0,6
S3-E6,1,71,B,3,39
S3-E6,1,71,C,0,27
S3-E6,1,72,A,2,8
S3-E6,1,72,B,0,36
S3-E6,1,72,C,0,27
S3-E6,1,73,A,3,11
S3-E6,1,73,B,0,35
S3-E6,1,73,C,1,27
S3-E6,1,74,A,2,13
S3-E6,1,74,B,1,35
S3-E6,1,74,C,1,26
S3-E6,1,75,A,0,12
S3-E6,1,75,B,0,35
S3-E6,1,75,C,0,25
S3-E6,1,76,A,0,12
S3-E6,1,76,B,0,33
S3-E6,1,76,C,0,23
S3-E6,1,77,A,4,16
S3-E6,1,77,B,3,33
S3-E6,1,77,C,0,22
S3-E6,1,78,A,2,18
S3-E6,1,78,B,0,30
S3-E6,1,78,C,0,22
S3-E6,1,79,A,3,20
S3-E6,1,79,B,2,28
S3-E6,1,79,C,0,20
S3-E6,1,80,A,5,25
S3-E6,1,80,B,0,25
S3-E6,1,80,C,0,19
S3-E6,1,81,A,2,27
S3-E6,1,81,B,1,25
S3-E6,1,81,C,0,17
S3-E6,1,82,A,3,30
S3-E6,1,82,B,1,25
S3-E6,1,82,C,1,17
S3-E6,1,83,A,3,32
S3-E6,1,83,B,1,26
S3-E6,1,83,C,0,17
S3-E6,1,84,A,2,33
S3-E6,1,84,B,0,24
S3-E6,1,84,C,0,16
S3-E6,1,85,A,1,34
S3-E6,1,85,B,2,26
S3-E6,1,85,C,1,16
S3-E6,1,86,A,3,36
S3-E6,1,86,B,2,27
S3-E6,1,86,C,3,19
S3-E6,1,87,A,2,37
S3-E6,1,87,B,0,24
S3-E6,1,87,C,3,21
S3-E6,1,88,A,1,38
S3-E6,1,88,B,1,25
S3-E6,1,88,C,1,20
S3-E6,1,89,A,1,39
S3-E6,1,89,B,1,26
S3-E6,1,89,C,2,20
S3-E6,1,90,A,1,36
S3-E6,1,90,B,0,25
S3-E6,1,90,C,1,20
S3-E6,1,91,A,3,38
S3-E6,1,91,B,2,26
S3-E6,1,91,C,0,20
S3-E6,1,92,A,3,40
S3-E6,1,92,B,1,24
S3-E6,1,92,C,0,20
S3-E6,1,93,A,1,40
S3-E6,1,93,B,0,23
S3-E6,1,93,C,0,17
S3-E6,1,94,A,1,39
S3-E6,1,94,B,3,25
S3-E6,1,94,C,1,18
S3-E6,1,95,A,1,39
S3-E6,1,95,B,1,25
S3-E6,1,95,C,1,19
S3-E6,1,96,A,0,39
S3-E6,1,96,B,1,24
S3-E6,1,96,C,0,19
S3-E6,1,97,A,2,39
S3-E6,1,97,B,1,25
S3-E6,1,97,C,0,19
S3-E6,1,98,A,2,39
S3-E6,1,98,B,0,25
S3-E6,1,98,C,0,18
S3-E6,1,99,A,2,40
S3-E6,1,99,B,2,27
S3-E6,1,99,C,1,18
S3-E6,1,100,A,4,40
S3-E6,1,100,B,1,26
S3-E6,1,100,C,1,18
S3-E6,1,101,A,0,37
S3-E6,1,101,B,0,26
S3-E6,1,101,C,2,18
S3-E6,1,102,A,2,35
S3-E6,1,102,B,1,25
S3-E6,1,102,C,0,17
S3-E6,1,103,A,3,37
S3-E6,1,103,B,0,23
S3-E6,1,103,C,0,16
S3-E6,1,104,A,2,37
S3-E6,1,104,B,1,24
S3-E6,1,104,C,0,16
S3-E6,1,105,A,2,36
S3-E6,1,105,B,0,24
S3-E6,1,105,C,0,14
S3-E6,1,106,A,0,33
S3-E6,1,106,B,0,22
S3-E6,1,106,C,1,15
S3-E6,1,107,A,1,31
S3-E6,1,107,B,0,20
S3-E6,1,107,C,0,13
S3-E6,1,108,A,1,32
S3-E6,1,108,B,1,21
S3-E6,1,108,C,0,12
S3-E6,1,109,A,3,32
S3-E6,1,109,B,1,22
S3-E6,1,109,C,0,11
S3-E6,1,110,A,0,31
S3-E6,1,110,B,0,22
S3-E6,1,110,C,1,11
S3-E6,1,111,A,0,30
S3-E6,1,111,B,0,21
S3-E6,1,111,C,0,11
S3-E6,1,112,A,1,31
S3-E6,1,112,B,0,20
S3-E6,1,112,C,0,9
S3-E6,1,113,A,1,32
S3-E6,1,113,B,1,20
S3-E6,1,113,C,0,8
S3-E6,1,114,A,0,32
S3-E6,1,114,B,0,19
S3-E6,1,114,C,1,8
S3-E6,1,115,A,1,31
S3-E6,1,115,B,0,19
S3-E6,1,115,C,0,8
S3-E6,1,116,A,0,30
S3-E6,1,116,B,0,18
S3-E6,1,116,C,1,9
S3-E6,1,117,A,0,29
S3-E6,1,117,B,1,18
S3-E6,1,117,C,1,9
S3-E6,1,118,A,1,28
S3-E6,1,118,B,0,18
S3-E6,1,118,C,0,9
S3-E6,1,119,A,0,24
S3-E6,1,119,B,0,16
S3-E6,1,119,C,1,10
S3-E6,2,0,A,0,14
S3-E6,2,0,B,0,2
S3-E6,2,0,C,0,1
S3-E6,2,1,A,0,12
S3-E6,2,1,B,2,4
S3-E6,2,1,C,0,1
S3-E6,2,2,A,0,12
S3-E6,2,2,B,0,4
S3-E6,2,2,C,0,1
S3-E6,2,3,A,0,11
S3-E6,2,3,B,0,4
S3-E6,2,3,C,1,2
S3-E6,2,4,A,0,9
S3-E6,2,4,B,1,5
S3-E6,2,4,C,0,2
S3-E6,2,5,A,0,8
S3-E6,2,5,B,0,5
S3-E6,2,5,C,0,2
S3-E6,2,6,A,0,8
S3-E6,2,6,B,0,5
S3-E6,2,6,C,0,2
S3-E6,2,7,A,0,7
S3-E6,2,7,B,0,5
S3-E6,2,7,C,0,2
S3-E6,2,8,A,0,7
S3-E6,2,8,B,0,4
S3-E6,2,8,C,0,2
S3-E6,2,9,A,0,7
S3-E6,2,9,B,0,4
S3-E6,2,9,C,0,2
S3-E6,2,10,A,0,6
S3-E6,2,10,B,0,4
S3-E6,2,10,C,1,3
S3-E6,2,11,A,0,5
S3-E6,2,11,B,0,4
S3-E6,2,11,C,1,3
S3-E6,2,12,A,0,4
S3-E6,2,12,B,0,4
S3-E6,2,12,C,0,3
S3-E6,2,13,A,0,2
S3-E6,2,13,B,0,4
S3-E6,2,13,C,1,4
S3-E6,2,14,A,0,2
S3-E6,2,14,B,0,4
S3-E6,2,14,C,1,5
S3-E6,2,15,A,0,2
S3-E6,2,15,B,1,4
S3-E6,2,15,C,0,5
S3-E6,2,16,A,0,2
S3-E6,2,16,B,0,4
S3-E6,2,16,C,1,6
S3-E6,2,17,A,0,1
S3-E6,2,17,B,1,5
S3-E6,2,17,C,0,6
S3-E6,2,18,A,0,1
S3-E6,2,18,B,1,5
S3-E6,2,18,C,2,8
S3-E6,2,19,A,0,0
S3-E6,2,19,B,0,5
S3-E6,2,19,C,1,9
S3-E6,2,20,A,0,0
S3-E6,2,20,B,1,6
S3-E6,2,20,C,3,12
S3-E6,2,21,A,0,0
S3-E6,2,21,B,0,6
S3-E6,2,21,C,0,12
S3-E6,2,22,A,0,0
S3-E6,2,22,B,0,6
S3-E6,2,22,C,1,13
S3-E6,2,23,A,0,0
S3-E6,2,23,B,0,6
S3-E6,2,23,C,2,15
S3-E6,2,24,A,0,0
S3-E6,2,24,B,0,6
S3-E6,2,24,C,1,16
S3-E6,2,25,A,0,0
S3-E6,2,25,B,0,6
S3-E6,2,25,C,2,18
S3-E6,2,26,A,0,0
S3-E6,2,26,B,1,7
S3-E6,2,26,C,3,21
S3-E6,2,27,A,0,0
S3-E6,2,27,B,0,7
S3-E6,2,27,C,3,24
S3-E6,2,28,A,3,3
S3-E6,2,28,B,0,7
S3-E6,2,28,C,1,25
S3-E6,2,29,A,2,5
S3-E6,2,29,B,0,7
S3-E6,2,29,C,2,27
S3-E6,2,30,A,1,6
S3-E6,2,30,B,0,6
S3-E6,2,30,C,0,26
S3-E6,2,31,A,0,6
S3-E6,2,31,B,0,6
S3-E6,2,31,C,1,26
S3-E6,2,32,A,0,6
S3-E6,2,32,B,1,6
S3-E6,2,32,C,1,27
S3-E6,2,33,A,0,6
S3-E6,2,33,B,0,5
S3-E6,2,33,C,1,28
S3-E6,2,34,A,0,6
S3-E6,2,34,B,1,6
S3-E6,2,34,C,3,29
S3-E6,2,35,A,0,6
S3-E6,2,35,B,0,5
S3-E6,2,35,C,0,29
S3-E6,2,36,A,0,6
S3-E6,2,36,B,0,5
S3-E6,2,36,C,1,30
S3-E6,2,37,A,0,6
S3-E6,2,37,B,0,5
S3-E6,2,37,C,0,30
S3-E6,2,38,A,0,6
S3-E6,2,38,B,0,5
S3-E6,2,38,C,0,30
S3-E6,2,39,A,0,6
S3-E6,2,39,B,0,4
S3-E6,2,39,C,1,30
S3-E6,2,40,A,0,6
S3-E6,2,40,B,0,4
S3-E6,2,40,C,1,31
S3-E6,2,41,A,0,5
S3-E6,2,41,B,1,5
S3-E6,2,41,C,0,29
S3-E6,2,42,A,0,4
S3-E6,2,42,B,1,6
S3-E6,2,42,C,0,29
S3-E6,2,43,A,0,3
S3-E6,2,43,B,0,4
S3-E6,2,43,C,1,28
S3-E6,2,44,A,0,3
S3-E6,2,44,B,0,4
S3-E6,2,44,C,3,30
S3-E6,2,45,A,1,4
S3-E6,2,45,B,0,4
S3-E6,2,45,C,1,26
S3-E6,2,46,A,0,4
S3-E6,2,46,B,1,5
S3-E6,2,46,C,0,26
S3-E6,2,47,A,0,4
S3-E6,2,47,B,1,6
S3-E6,2,47,C,0,25
S3-E6,2,48,A,0,3
S3-E6,2,48,B,0,6
S3-E6,2,48,C,0,24
S3-E6,2,49,A,0,2
S3-E6,2,49,B,0,6
S3-E6,2,49,C,0,22
S3-E6,2,50,A,0,2
S3-E6,2,50,B,0,6
S3-E6,2,50,C,0,17
S3-E6,2,51,A,0,2
S3-E6,2,51,B,0,6
S3-E6,2,51,C,0,16
S3-E6,2,52,A,0,2
S3-E6,2,52,B,1,7
S3-E6,2,52,C,1,14
S3-E6,2,53,A,0,2
S3-E6,2,53,B,1,8
S3-E6,2,53,C,0,14
S3-E6,2,54,A,0,2
S3-E6,2,54,B,2,10
S3-E6,2,54,C,0,14
S3-E6,2,55,A,0,2
S3-E6,2,55,B,1,10
S3-E6,2,55,C,1,13
S3-E6,2,56,A,0,2
S3-E6,2,56,B,1,11
S3-E6,2,56,C,1,14
S3-E6,2,57,A,0,2
S3-E6,2,57,B,1,11
S3-E6,2,57,C,0,13
S3-E6,2,58,A,0,2
S3-E6,2,58,B,0,11
S3-E6,2,58,C,0,12
S3-E6,2,59,A,0,2
S3-E6,2,59,B,0,10
S3-E6,2,59,C,0,12
S3-E6,2,60,A,1,2
S3-E6,2,60,B,0,10
S3-E6,2,60,C,1,11
S3-E6,2,61,A,0,2
S3-E6,2,61,B,1,10
S3-E6,2,61,C,0,10
S3-E6,2,62,A,0,2
S3-E6,2,62,B,0,9
S3-E6,2,62,C,1,11
S3-E6,2,63,A,0,2
S3-E6,2,63,B,0,9
S3-E6,2,63,C,0,11
S3-E6,2,64,A,0,2
S3-E6,2,64,B,0,9
S3-E6,2,64,C,0,9
S3-E6,2,65,A,0,1
S3-E6,2,65,B,0,9
S3-E6,2,65,C,1,10
S3-E6,2,66,A,0,1
S3-E6,2,66,B,1,10
S3-E6,2,66,C,0,9
S3-E6,2,67,A,0,1
S3-E6,2,67,B,3,11
S3-E6,2,67,C,0,8
S3-E6,2,68,A,1,2
S3-E6,2,68,B,1,11
S3-E6,2,68,C,0,8
S3-E6,2,69,A,0,2
S3-E6,2,69,B,0,9
S3-E6,2,69,C,0,7
S3-E6,2,70,A,0,2
S3-E6,2,70,B,0,9
S3-E6,2,70,C,1,7
S3-E6,2,71,A,0,2
S3-E6,2,71,B,1,10
S3-E6,2,71,C,0,6
S3-E6,2,72,A,0,2
S3-E6,2,72,B,0,10
S3-E6,2,72,C,0,6
S3-E6,2,73,A,0,2
S3-E6,2,73,B,2,12
S3-E6,2,73,C,0,6
S3-E6,2,74,A,1,3
S3-E6,2,74,B,1,13
S3-E6,2,74,C,0,6
S3-E6,2,75,A,0,3
S3-E6,2,75,B,2,14
S3-E6,2,75,C,0,6
S3-E6,2,76,A,0,3
S3-E6,2,76,B,0,14
S3-E6,2,76,C,0,5
S3-E6,2,77,A,0,3
S3-E6,2,77,B,1,15
S3-E6,2,77,C,0,5
S3-E6,2,78,A,0,3
S3-E6,2,78,B,1,16
S3-E6,2,78,C,0,5
S3-E6,2,79,A,0,3
S3-E6,2,79,B,1,16
S3-E6,2,79,C,0,5
S3-E6,2,80,A,0,3
S3-E6,2,80,B,0,16
S3-E6,2,80,C,0,3
S3-E6,2,81,A,0,3
S3-E6,2,81,B,1,17
S3-E6,2,81,C,0,3
S3-E6,2,82,A,0,3
S3-E6,2,82,B,2,17
S3-E6,2,82,C,1,4
S3-E6,2,83,A,0,3
S3-E6,2,83,B,0,17
S3-E6,2,83,C,0,3
S3-E6,2,84,A,0,3
S3-E6,2,84,B,1,18
S3-E6,2,84,C,0,2
S3-E6,2,85,A,0,3
S3-E6,2,85,B,0,17
S3-E6,2,85,C,0,2
S3-E6,2,86,A,0,3
S3-E6,2,86,B,0,16
S3-E6,2,86,C,2,4
S3-E6,2,87,A,0,3
S3-E6,2,87,B,0,15
S3-E6,2,87,C,0,4
S3-E6,2,88,A,0,2
S3-E6,2,88,B,2,17
S3-E6,2,88,C,0,4
S3-E6,2,89,A,0,2
S3-E6,2,89,B,0,17
S3-E6,2,89,C,0,4
S3-E6,2,90,A,0,2
S3-E6,2,90,B,0,17
S3-E6,2,90,C,1,5
S3-E6,2,91,A,1,3
S3-E6,2,91,B,0,16
S3-E6,2,91,C,0,5
S3-E6,2,92,A,3,6
S3-E6,2,92,B,1,17
S3-E6,2,92,C,1,6
S3-E6,2,93,A,1,7
S3-E6,2,93,B,0,17
S3-E6,2,93,C,1,7
S3-E6,2,94,A,1,8
S3-E6,2,94,B,0,15
S3-E6,2,94,C,1,7
S3-E6,2,95,A,0,8
S3-E6,2,95,B,0,13
S3-E6,2,95,C,1,7
S3-E6,2,96,A,0,8
S3-E6,2,96,B,0,13
S3-E6,2,96,C,2,9
S3-E6,2,97,A,0,8
S3-E6,2,97,B,2,14
S3-E6,2,97,C,0,9
S3-E6,2,98,A,1,9
S3-E6,2,98,B,1,14
S3-E6,2,98,C,3,12
S3-E6,2,99,A,0,9
S3-E6,2,99,B,1,14
S3-E6,2,99,C,1,12
S3-E6,2,100,A,0,9
S3-E6,2,100,B,0,12
S3-E6,2,100,C,1,13
S3-E6,2,101,A,0,9
S3-E6,2,101,B,0,12
S3-E6,2,101,C,0,13
S3-E6,2,102,A,0,8
S3-E6,2,102,B,0,11
S3-E6,2,102,C,1,13
S3-E6,2,103,A,0,8
S3-E6,2,103,B,0,10
S3-E6,2,103,C,1,14
S3-E6,2,104,A,0,8
S3-E6,2,104,B,0,9
S3-E6,2,104,C,0,14
S3-E6,2,105,A,0,8
S3-E6,2,105,B,0,9
S3-E6,2,105,C,0,14
S3-E6,2,106,A,0,8
S3-E6,2,106,B,0,9
S3-E6,2,106,C,2,15
S3-E6,2,107,A,0,7
S3-E6,2,107,B,0,9
S3-E6,2,107,C,1,15
S3-E6,2,108,A,0,6
S3-E6,2,108,B,0,8
S3-E6,2,108,C,0,14
S3-E6,2,109,A,1,7
S3-E6,2,109,B,1,9
S3-E6,2,109,C,0,14
S3-E6,2,110,A,0,7
S3-E6,2,110,B,0,9
S3-E6,2,110,C,0,14
S3-E6,2,111,A,0,6
S3-E6,2,111,B,0,8
S3-E6,2,111,C,2,16
S3-E6,2,112,A,0,6
S3-E6,2,112,B,1,9
S3-E6,2,112,C,0,15
S3-E6,2,113,A,0,5
S3-E6,2,113,B,0,9
S3-E6,2,113,C,2,16
S3-E6,2,114,A,0,5
S3-E6,2,114,B,1,8
S3-E6,2,114,C,0,15
S3-E6,2,115,A,0,5
S3-E6,2,115,B,0,8
S3-E6,2,115,C,1,16
S3-E6,2,116,A,1,5
S3-E6,2,116,B,0,6
S3-E6,2,116,C,2,17
S3-E6,2,117,A,0,4
S3-E6,2,117,B,0,6
S3-E6,2,117,C,1,18
S3-E6,2,118,A,0,4
S3-E6,2,118,B,1,5
S3-E6,2,118,C,1,18
S3-E6,2,119,A,0,4
S3-E6,2,119,B,0,5
S3-E6,2,119,C,1,19
