episode,day,community,new_adopters,active
0,0,A,0,5
0,0,B,0,32
0,0,C,0,22
0,1,A,0,5
0,1,B,0,31
0,1,C,2,23
0,2,A,0,5
0,2,B,2,32
0,2,C,1,23
0,3,A,0,4
0,3,B,0,30
0,3,C,0,23
0,4,A,2,6
0,4,B,0,29
0,4,C,2,23
0,5,A,1,7
0,5,B,2,29
0,5,C,0,21
0,6,A,0,7
0,6,B,2,29
0,6,C,0,18
0,7,A,0,7
0,7,B,0,29
0,7,C,0,17
0,8,A,1,8
0,8,B,0,28
0,8,C,2,17
0,9,A,0,8
0,9,B,0,27
0,9,C,0,16
0,10,A,1,9
0,10,B,0,26
0,10,C,3,18
0,11,A,1,10
0,11,B,0,23
0,11,C,0,18
0,12,A,0,10
0,12,B,2,23
0,12,C,3,20
0,13,A,0,10
0,13,B,0,20
0,13,C,0,19
0,14,A,0,10
0,14,B,0,18
0,14,C,0,19
0,15,A,0,10
0,15,B,0,17
0,15,C,0,17
0,16,A,0,9
0,16,B,0,17
0,16,C,1,16
0,17,A,1,8
0,17,B,1,16
0,17,C,0,15
0,18,A,0,7
0,18,B,0,15
0,18,C,0,15
0,19,A,0,7
0,19,B,0,14
0,19,C,0,13
0,20,A,0,7
0,20,B,1,15
0,20,C,0,12
0,21,A,5,12
0,21,B,0,13
0,21,C,2,14
0,22,A,1,13
0,22,B,0,13
0,22,C,2,16
0,23,A,1,14
0,23,B,0,11
0,23,C,0,16
0,24,A,0,13
0,24,B,1,12
0,24,C,1,16
0,25,A,1,13
0,25,B,2,12
0,25,C,0,14
0,26,A,0,13
0,26,B,0,11
0,26,C,0,12
0,27,A,0,13
0,27,B,0,11
0,27,C,0,12
0,28,A,0,13
0,28,B,0,11
0,28,C,0,11
0,29,A,0,13
0,29,B,0,11
0,29,C,0,10
0,30,A,0,12
0,30,B,0,10
0,30,C,1,11
0,31,A,0,12
0,31,B,0,9
0,31,C,0,10
0,32,A,0,12
0,32,B,0,8
0,32,C,0,10
0,33,A,0,12
0,33,B,0,8
0,33,C,1,11
0,34,A,1,12
0,34,B,0,8
0,34,C,0,11
0,35,A,0,11
0,35,B,0,6
0,35,C,0,8
0,36,A,0,11
0,36,B,0,6
0,36,C,1,8
0,37,A,0,10
0,37,B,0,6
0,37,C,0,8
0,38,A,0,9
0,38,B,0,6
0,38,C,2,10
0,39,A,1,8
0,39,B,0,5
0,39,C,0,9
0,40,A,0,8
0,40,B,0,4
0,40,C,0,9
0,41,A,0,8
0,41,B,0,4
0,41,C,1,10
0,42,A,0,8
0,42,B,0,4
0,42,C,1,10
0,43,A,0,7
0,43,B,0,3
0,43,C,0,10
0,44,A,0,7
0,44,B,0,3
0,44,C,0,9
0,45,A,0,7
0,45,B,0,3
0,45,C,0,8
0,46,A,0,7
0,46,B,0,3
0,46,C,0,8
0,47,A,0,7
0,47,B,0,3
0,47,C,1,9
0,48,A,0,7
0,48,B,0,2
0,48,C,0,9
0,49,A,0,6
0,49,B,0,2
0,49,C,0,9
0,50,A,1,6
0,50,B,0,2
0,50,C,0,9
0,51,A,0,6
0,51,B,0,2
0,51,C,0,8
0,52,A,0,5
0,52,B,1,3
0,52,C,0,8
0,53,A,0,5
0,53,B,0,3
0,53,C,0,8
0,54,A,0,5
0,54,B,0,3
0,54,C,0,7
0,55,A,0,4
0,55,B,0,3
0,55,C,0,6
0,56,A,0,4
0,56,B,0,3
0,56,C,1,7
0,57,A,0,4
0,57,B,0,3
0,57,C,0,7
0,58,A,0,4
0,58,B,0,2
0,58,C,0,6
0,59,A,0,4
0,59,B,0,2
0,59,C,2,7
0,60,A,0,4
0,60,B,0,2
0,60,C,1,7
0,61,A,0,3
0,61,B,0,2
0,61,C,0,7
0,62,A,1,4
0,62,B,0,2
0,62,C,1,8
0,63,A,0,4
0,63,B,0,2
0,63,C,1,9
0,64,A,1,5
0,64,B,0,2
0,64,C,1,10
0,65,A,0,4
0,65,B,1,3
0,65,C,0,10
0,66,A,0,4
0,66,B,0,3
0,66,C,0,10
0,67,A,0,4
0,67,B,0,3
0,67,C,0,10
0,68,A,0,4
0,68,B,1,4
0,68,C,0,10
0,69,A,0,4
0,69,B,0,4
0,69,C,0,9
0,70,A,0,4
0,70,B,0,4
0,70,C,1,9
0,71,A,0,4
0,71,B,0,4
0,71,C,0,9
0,72,A,0,4
0,72,B,0,4
0,72,C,1,9
0,73,A,0,3
0,73,B,0,4
0,73,C,0,8
0,74,A,0,3
0,74,B,1,5
0,74,C,0,8
0,75,A,0,3
0,75,B,0,5
0,75,C,0,8
0,76,A,0,3
0,76,B,0,5
0,76,C,0,8
0,77,A,0,3
0,77,B,0,5
0,77,C,0,8
0,78,A,0,3
0,78,B,0,5
0,78,C,0,7
0,79,A,1,4
0,79,B,0,5
0,79,C,0,6
0,80,A,0,4
0,80,B,1,6
0,80,C,0,6
0,81,A,0,4
0,81,B,0,5
0,81,C,0,6
0,82,A,0,3
0,82,B,0,4
0,82,C,0,6
0,83,A,0,3
0,83,B,0,3
0,83,C,0,5
0,84,A,0,3
0,84,B,0,3
0,84,C,0,4
0,85,A,0,3
0,85,B,0,3
0,85,C,0,4
0,86,A,0,3
0,86,B,0,3
0,86,C,0,4
0,87,A,0,2
0,87,B,0,3
0,87,C,1,5
0,88,A,0,2
0,88,B,0,3
0,88,C,0,4
0,89,A,0,2
0,89,B,0,3
0,89,C,1,5
0,90,A,0,2
0,90,B,1,4
0,90,C,0,5
0,91,A,0,2
0,91,B,0,4
0,91,C,1,6
0,92,A,0,2
0,92,B,0,4
0,92,C,1,6
0,93,A,0,2
0,93,B,0,4
0,93,C,0,6
0,94,A,0,2
0,94,B,0,4
0,94,C,1,6
0,95,A,0,2
0,95,B,0,3
0,95,C,0,6
0,96,A,0,2
0,96,B,0,3
0,96,C,0,6
0,97,A,0,1
0,97,B,1,4
0,97,C,0,6
0,98,A,0,1
0,98,B,0,4
0,98,C,1,6
0,99,A,0,1
0,99,B,0,3
0,99,C,0,6
0,100,A,0,1
0,100,B,0,3
0,100,C,0,6
0,101,A,0,1
0,101,B,1,4
0,101,C,0,6
0,102,A,0,1
0,102,B,1,5
0,102,C,0,6
0,103,A,0,1
0,103,B,0,5
0,103,C,0,6
0,104,A,1,2
0,104,B,0,4
0,104,C,0,6
0,105,A,0,2
0,105,B,0,4
0,105,C,0,5
0,106,A,0,2
0,106,B,0,3
0,106,C,0,5
0,107,A,0,2
0,107,B,0,3
0,107,C,0,5
0,108,A,0,2
0,108,B,1,4
0,108,C,0,5
0,109,A,0,2
0,109,B,0,4
0,109,C,0,4
0,110,A,0,2
0,110,B,0,4
0,110,C,0,4
0,111,A,0,1
0,111,B,0,4
0,111,C,0,4
0,112,A,0,1
0,112,B,0,4
0,112,C,0,4
0,113,A,0,1
0,113,B,0,4
0,113,C,0,4
0,114,A,0,1
0,114,B,0,4
0,114,C,0,4
0,115,A,0,1
0,115,B,0,4
0,115,C,1,5
0,116,A,0,1
0,116,B,0,3
0,116,C,0,5
0,117,A,0,1
0,117,B,0,3
0,117,C,0,4
0,118,A,1,2
0,118,B,0,2
0,118,C,0,4
0,119,A,0,2
0,119,B,0,2
0,119,C,0,4
1,0,A,0,1
1,0,B,0,4
1,0,C,1,7
1,1,A,2,3
1,1,B,0,3
1,1,C,0,7
1,2,A,0,3
1,2,B,0,2
1,2,C,0,7
1,3,A,0,3
1,3,B,0,2
1,3,C,0,7
1,4,A,0,3
1,4,B,0,2
1,4,C,0,7
1,5,A,0,3
1,5,B,0,2
1,5,C,0,7
1,6,A,1,4
1,6,B,1,2
1,6,C,0,7
1,7,A,0,4
1,7,B,0,2
1,7,C,0,7
1,8,A,0,4
1,8,B,0,1
1,8,C,0,7
1,9,A,1,5
1,9,B,1,2
1,9,C,0,7
1,10,A,0,5
1,10,B,0,2
1,10,C,0,7
1,11,A,0,5
1,11,B,0,2
1,11,C,0,7
1,12,A,0,5
1,12,B,0,2
1,12,C,0,7
1,13,A,0,5
1,13,B,0,2
1,13,C,0,5
1,14,A,1,5
1,14,B,0,2
1,14,C,1,6
1,15,A,3,8
1,15,B,0,2
1,15,C,0,6
1,16,A,0,8
1,16,B,1,3
1,16,C,0,5
1,17,A,15,23
1,17,B,0,3
1,17,C,2,7
1,18,A,5,28
1,18,B,0,3
1,18,C,0,7
1,19,A,4,32
1,19,B,1,4
1,19,C,0,7
1,20,A,3,34
1,20,B,0,4
1,20,C,0,6
1,21,A,4,38
1,21,B,0,4
1,21,C,1,6
1,22,A,8,46
1,22,B,0,4
1,22,C,0,6
1,23,A,7,53
1,23,B,0,3
1,23,C,1,7
1,24,A,5,58
1,24,B,1,4
1,24,C,1,8
1,25,A,6,63
1,25,B,0,4
1,25,C,0,8
1,26,A,3,66
1,26,B,0,4
1,26,C,1,9
1,27,A,5,71
1,27,B,0,4
1,27,C,0,9
1,28,A,5,74
1,28,B,1,5
1,28,C,0,8
1,29,A,5,79
1,29,B,0,5
1,29,C,0,8
1,30,A,2,80
1,30,B,1,6
1,30,C,0,6
1,31,A,0,76
1,31,B,0,6
1,31,C,1,7
1,32,A,0,73
1,32,B,0,6
1,32,C,1,8
1,33,A,1,73
1,33,B,0,6
1,33,C,2,10
1,34,A,2,73
1,34,B,0,6
1,34,C,1,10
1,35,A,0,69
1,35,B,0,6
1,35,C,2,12
1,36,A,1,67
1,36,B,0,6
1,36,C,0,11
1,37,A,0,63
1,37,B,1,7
1,37,C,0,11
1,38,A,1,58
1,38,B,0,7
1,38,C,2,13
1,39,A,0,52
1,39,B,0,6
1,39,C,0,11
1,40,A,3,52
1,40,B,0,5
1,40,C,0,11
1,41,A,0,47
1,41,B,1,5
1,41,C,1,12
1,42,A,2,44
1,42,B,0,5
1,42,C,0,12
1,43,A,0,37
1,43,B,0,5
1,43,C,0,12
1,44,A,2,38
1,44,B,0,5
1,44,C,1,13
1,45,A,2,36
1,45,B,1,5
1,45,C,0,11
1,46,A,0,32
1,46,B,0,5
1,46,C,0,11
1,47,A,0,30
1,47,B,0,5
1,47,C,0,11
1,48,A,0,27
1,48,B,0,5
1,48,C,0,11
1,49,A,0,25
1,49,B,0,5
1,49,C,0,8
1,50,A,0,24
1,50,B,0,4
1,50,C,0,8
1,51,A,0,24
1,51,B,0,2
1,51,C,1,8
1,52,A,0,23
1,52,B,0,2
1,52,C,0,6
1,53,A,0,22
1,53,B,0,2
1,53,C,0,5
1,54,A,0,22
1,54,B,0,2
1,54,C,1,5
1,55,A,0,21
1,55,B,0,2
1,55,C,0,5
1,56,A,1,21
1,56,B,0,2
1,56,C,0,5
1,57,A,1,22
1,57,B,0,2
1,57,C,0,5
1,58,A,0,18
1,58,B,0,2
1,58,C,0,5
1,59,A,0,16
1,59,B,0,2
1,59,C,0,5
1,60,A,1,16
1,60,B,1,3
1,60,C,0,5
1,61,A,0,15
1,61,B,0,3
1,61,C,0,4
1,62,A,0,13
1,62,B,0,3
1,62,C,0,4
1,63,A,0,12
1,63,B,0,3
1,63,C,0,3
1,64,A,0,12
1,64,B,0,3
1,64,C,0,3
1,65,A,0,11
1,65,B,0,3
1,65,C,0,3
1,66,A,0,11
1,66,B,0,3
1,66,C,0,3
1,67,A,0,11
1,67,B,1,4
1,67,C,0,3
1,68,A,0,9
1,68,B,0,4
1,68,C,1,3
1,69,A,0,9
1,69,B,0,4
1,69,C,0,2
1,70,A,0,9
1,70,B,0,4
1,70,C,0,1
1,71,A,0,9
1,71,B,0,4
1,71,C,0,1
1,72,A,0,9
1,72,B,0,3
1,72,C,0,1
1,73,A,0,9
1,73,B,0,3
1,73,C,0,1
1,74,A,0,8
1,74,B,0,2
1,74,C,0,1
1,75,A,0,8
1,75,B,0,2
1,75,C,0,1
1,76,A,0,6
1,76,B,0,1
1,76,C,0,1
1,77,A,0,6
1,77,B,0,1
1,77,C,1,2
1,78,A,0,6
1,78,B,0,1
1,78,C,0,2
1,79,A,0,5
1,79,B,0,1
1,79,C,0,2
1,80,A,0,3
1,80,B,0,1
1,80,C,0,2
1,81,A,0,3
1,81,B,0,0
1,81,C,0,2
1,82,A,0,3
1,82,B,0,0
1,82,C,0,2
1,83,A,0,3
1,83,B,1,1
1,83,C,0,2
1,84,A,0,3
1,84,B,0,1
1,84,C,0,2
1,85,A,0,3
1,85,B,0,1
1,85,C,0,1
1,86,A,0,3
1,86,B,0,1
1,86,C,0,1
1,87,A,0,3
1,87,B,1,2
1,87,C,1,2
1,88,A,0,3
1,88,B,0,2
1,88,C,0,2
1,89,A,0,3
1,89,B,0,2
1,89,C,0,2
1,90,A,0,3
1,90,B,0,2
1,90,C,0,2
1,91,A,0,3
1,91,B,0,2
1,91,C,0,2
1,92,A,0,3
1,92,B,1,3
1,92,C,0,2
1,93,A,0,3
1,93,B,3,6
1,93,C,0,2
1,94,A,0,2
1,94,B,1,7
1,94,C,0,2
1,95,A,0,2
1,95,B,2,9
1,95,C,0,2
1,96,A,0,2
1,96,B,0,9
1,96,C,0,2
1,97,A,0,2
1,97,B,0,8
1,97,C,0,2
1,98,A,0,1
1,98,B,0,8
1,98,C,0,2
1,99,A,0,1
1,99,B,0,8
1,99,C,0,1
1,100,A,0,1
1,100,B,0,8
1,100,C,1,2
1,101,A,0,1
1,101,B,0,8
1,101,C,0,2
1,102,A,0,0
1,102,B,0,8
1,102,C,0,2
1,103,A,0,0
1,103,B,1,9
1,103,C,0,2
1,104,A,0,0
1,104,B,0,9
1,104,C,1,3
1,105,A,0,0
1,105,B,0,8
1,105,C,0,3
1,106,A,0,0
1,106,B,0,8
1,106,C,0,3
1,107,A,0,0
1,107,B,0,8
1,107,C,1,4
1,108,A,1,1
1,108,B,0,8
1,108,C,0,4
1,109,A,0,1
1,109,B,0,5
1,109,C,0,4
1,110,A,0,1
1,110,B,0,4
1,110,C,0,4
1,111,A,0,1
1,111,B,0,4
1,111,C,0,4
1,112,A,0,1
1,112,B,0,4
1,112,C,0,4
1,113,A,0,1
1,113,B,1,5
1,113,C,0,4
1,114,A,0,1
1,114,B,0,5
1,114,C,0,4
1,115,A,0,1
1,115,B,0,5
1,115,C,0,4
1,116,A,0,1
1,116,B,0,5
1,116,C,0,4
1,117,A,0,1
1,117,B,0,5
1,117,C,1,3
1,118,A,0,1
1,118,B,0,4
1,118,C,0,3
1,119,A,1,2
1,119,B,0,4
1,119,C,0,3
2,0,A,0,7
2,0,B,1,3
2,0,C,0,11
2,1,A,1,8
2,1,B,1,4
2,1,C,0,11
2,2,A,0,7
2,2,B,0,4
2,2,C,0,11
2,3,A,0,7
2,3,B,0,4
2,3,C,0,9
2,4,A,0,7
2,4,B,0,4
2,4,C,0,9
2,5,A,0,7
2,5,B,0,3
2,5,C,0,9
2,6,A,1,8
2,6,B,0,3
2,6,C,0,9
2,7,A,0,6
2,7,B,1,4
2,7,C,0,8
2,8,A,0,6
2,8,B,0,4
2,8,C,1,9
2,9,A,0,6
2,9,B,1,5
2,9,C,0,9
2,10,A,0,6
2,10,B,0,5
2,10,C,1,9
2,11,A,0,5
2,11,B,0,5
2,11,C,0,6
2,12,A,0,4
2,12,B,0,5
2,12,C,0,6
2,13,A,0,4
2,13,B,0,5
2,13,C,0,6
2,14,A,0,3
2,14,B,0,5
2,14,C,0,5
2,15,A,0,3
2,15,B,0,5
2,15,C,0,5
2,16,A,0,3
2,16,B,0,5
2,16,C,0,5
2,17,A,0,3
2,17,B,1,6
2,17,C,0,5
2,18,A,0,2
2,18,B,0,6
2,18,C,0,5
2,19,A,0,1
2,19,B,0,6
2,19,C,0,5
2,20,A,0,1
2,20,B,0,5
2,20,C,1,6
2,21,A,0,1
2,21,B,0,5
2,21,C,0,5
2,22,A,1,2
2,22,B,0,5
2,22,C,0,5
2,23,A,1,3
2,23,B,0,4
2,23,C,0,5
2,24,A,0,3
2,24,B,0,4
2,24,C,1,5
2,25,A,0,3
2,25,B,0,4
2,25,C,0,5
2,26,A,0,3
2,26,B,0,4
2,26,C,0,5
2,27,A,0,3
2,27,B,0,4
2,27,C,0,4
2,28,A,0,3
2,28,B,0,3
2,28,C,0,4
2,29,A,0,3
2,29,B,0,3
2,29,C,0,4
2,30,A,1,4
2,30,B,0,3
2,30,C,0,4
2,31,A,0,4
2,31,B,0,3
2,31,C,0,4
2,32,A,0,4
2,32,B,0,1
2,32,C,0,3
2,33,A,1,5
2,33,B,0,0
2,33,C,0,3
2,34,A,0,5
2,34,B,0,0
2,34,C,0,3
2,35,A,0,5
2,35,B,0,0
2,35,C,0,3
2,36,A,0,5
2,36,B,0,0
2,36,C,0,3
2,37,A,0,5
2,37,B,0,0
2,37,C,0,3
2,38,A,0,4
2,38,B,0,0
2,38,C,0,3
2,39,A,0,4
2,39,B,0,0
2,39,C,0,3
2,40,A,0,3
2,40,B,0,0
2,40,C,0,3
2,41,A,0,3
2,41,B,0,0
2,41,C,0,2
2,42,A,1,4
2,42,B,0,0
2,42,C,0,2
2,43,A,0,4
2,43,B,0,0
2,43,C,0,2
2,44,A,0,4
2,44,B,0,0
2,44,C,0,2
2,45,A,0,4
2,45,B,0,0
2,45,C,0,2
2,46,A,0,4
2,46,B,0,0
2,46,C,1,3
2,47,A,0,4
2,47,B,0,0
2,47,C,0,2
2,48,A,0,4
2,48,B,0,0
2,48,C,0,2
2,49,A,1,4
2,49,B,0,0
2,49,C,0,2
2,50,A,0,4
2,50,B,0,0
2,50,C,0,2
2,51,A,0,4
2,51,B,1,1
2,51,C,1,2
2,52,A,0,3
2,52,B,0,1
2,52,C,0,2
2,53,A,0,3
2,53,B,0,1
2,53,C,0,2
2,54,A,0,3
2,54,B,0,1
2,54,C,0,2
2,55,A,0,3
2,55,B,0,1
2,55,C,0,2
2,56,A,0,3
2,56,B,0,1
2,56,C,0,2
2,57,A,0,3
2,57,B,2,3
2,57,C,0,2
2,58,A,0,2
2,58,B,0,3
2,58,C,0,2
2,59,A,0,2
2,59,B,1,4
2,59,C,0,2
2,60,A,0,1
2,60,B,1,5
2,60,C,0,2
2,61,A,1,2
2,61,B,1,6
2,61,C,0,2
2,62,A,0,2
2,62,B,3,9
2,62,C,0,2
2,63,A,0,2
2,63,B,3,12
2,63,C,1,3
2,64,A,0,2
2,64,B,3,15
2,64,C,1,4
2,65,A,0,2
2,65,B,5,20
2,65,C,0,4
2,66,A,0,2
2,66,B,5,25
2,66,C,0,4
2,67,A,0,2
2,67,B,1,26
2,67,C,1,3
2,68,A,0,2
2,68,B,0,26
2,68,C,0,3
2,69,A,0,2
2,69,B,0,25
2,69,C,0,3
2,70,A,0,2
2,70,B,0,25
2,70,C,0,3
2,71,A,0,2
2,71,B,0,25
2,71,C,1,4
2,72,A,0,2
2,72,B,0,24
2,72,C,0,4
2,73,A,0,2
2,73,B,2,25
2,73,C,0,4
2,74,A,0,2
2,74,B,0,25
2,74,C,0,4
2,75,A,0,1
2,75,B,1,25
2,75,C,0,4
2,76,A,1,2
2,76,B,0,23
2,76,C,0,4
2,77,A,1,3
2,77,B,0,23
2,77,C,5,9
2,78,A,0,2
2,78,B,0,22
2,78,C,4,13
2,79,A,0,2
2,79,B,2,21
2,79,C,4,17
2,80,A,1,3
2,80,B,1,20
2,80,C,1,18
2,81,A,0,3
2,81,B,2,22
2,81,C,4,21
2,82,A,0,3
2,82,B,3,24
2,82,C,3,24
2,83,A,0,3
2,83,B,0,24
2,83,C,0,24
2,84,A,0,3
2,84,B,1,25
2,84,C,1,25
2,85,A,0,3
2,85,B,2,27
2,85,C,3,28
2,86,A,0,3
2,86,B,1,24
2,86,C,1,29
2,87,A,0,3
2,87,B,1,25
2,87,C,2,31
2,88,A,0,3
2,88,B,0,23
2,88,C,1,32
2,89,A,0,3
2,89,B,0,21
2,89,C,2,34
2,90,A,0,2
2,90,B,0,19
2,90,C,4,38
2,91,A,0,2
2,91,B,0,19
2,91,C,3,38
2,92,A,0,2
2,92,B,0,19
2,92,C,1,38
2,93,A,0,2
2,93,B,1,20
2,93,C,0,38
2,94,A,0,2
2,94,B,0,20
2,94,C,0,35
2,95,A,0,2
2,95,B,0,18
2,95,C,0,31
2,96,A,0,1
2,96,B,1,19
2,96,C,0,28
2,97,A,0,1
2,97,B,0,18
2,97,C,0,27
2,98,A,0,1
2,98,B,0,16
2,98,C,0,26
2,99,A,0,1
2,99,B,1,15
2,99,C,0,25
2,100,A,1,2
2,100,B,1,14
2,100,C,0,24
2,101,A,0,2
2,101,B,1,15
2,101,C,0,21
2,102,A,0,2
2,102,B,2,17
2,102,C,0,20
2,103,A,0,2
2,103,B,2,19
2,103,C,1,19
2,104,A,0,1
2,104,B,0,17
2,104,C,0,19
2,105,A,0,1
2,105,B,1,18
2,105,C,2,20
2,106,A,0,1
2,106,B,0,17
2,106,C,0,19
2,107,A,0,1
2,107,B,0,15
2,107,C,0,15
2,108,A,0,1
2,108,B,0,14
2,108,C,0,15
2,109,A,0,1
2,109,B,0,14
2,109,C,0,14
2,110,A,0,1
2,110,B,0,14
2,110,C,0,13
2,111,A,0,1
2,111,B,0,13
2,111,C,0,11
2,112,A,0,1
2,112,B,0,12
2,112,C,0,9
2,113,A,0,1
2,113,B,0,12
2,113,C,0,9
2,114,A,0,1
2,114,B,0,11
2,114,C,0,9
2,115,A,0,1
2,115,B,0,10
2,115,C,0,9
2,116,A,0,1
2,116,B,0,8
2,116,C,0,9
2,117,A,0,1
2,117,B,0,8
2,117,C,0,9
2,118,A,0,0
2,118,B,0,8
2,118,C,1,10
2,119,A,0,0
2,119,B,0,8
2,119,C,0,10
3,0,A,0,5
3,0,B,0,2
3,0,C,0,6
3,1,A,0,4
3,1,B,0,1
3,1,C,0,5
3,2,A,0,4
3,2,B,0,1
3,2,C,0,5
3,3,A,0,4
3,3,B,0,1
3,3,C,0,5
3,4,A,0,4
3,4,B,0,1
3,4,C,0,5
3,5,A,0,2
3,5,B,1,1
3,5,C,0,4
3,6,A,0,2
3,6,B,0,1
3,6,C,0,4
3,7,A,0,1
3,7,B,0,1
3,7,C,0,4
3,8,A,0,1
3,8,B,0,1
3,8,C,0,4
3,9,A,0,1
3,9,B,0,1
3,9,C,0,3
3,10,A,0,1
3,10,B,0,1
3,10,C,0,3
3,11,A,1,2
3,11,B,0,1
3,11,C,0,3
3,12,A,0,2
3,12,B,0,1
3,12,C,0,3
3,13,A,0,2
3,13,B,0,1
3,13,C,1,4
3,14,A,0,2
3,14,B,0,1
3,14,C,0,4
3,15,A,0,2
3,15,B,0,1
3,15,C,0,4
3,16,A,0,2
3,16,B,0,1
3,16,C,0,4
3,17,A,0,2
3,17,B,0,1
3,17,C,0,3
3,18,A,0,2
3,18,B,0,1
3,18,C,0,3
3,19,A,0,2
3,19,B,0,0
3,19,C,0,3
3,20,A,0,2
3,20,B,0,0
3,20,C,0,3
3,21,A,0,2
3,21,B,0,0
3,21,C,0,2
3,22,A,0,2
3,22,B,0,0
3,22,C,0,2
3,23,A,0,2
3,23,B,0,0
3,23,C,0,2
3,24,A,1,3
3,24,B,0,0
3,24,C,0,2
3,25,A,0,2
3,25,B,0,0
3,25,C,0,1
3,26,A,0,2
3,26,B,0,0
3,26,C,0,1
3,27,A,0,2
3,27,B,1,1
3,27,C,0,1
3,28,A,0,2
3,28,B,0,1
3,28,C,0,1
3,29,A,1,3
3,29,B,0,1
3,29,C,0,1
3,30,A,0,3
3,30,B,0,1
3,30,C,0,1
3,31,A,0,3
3,31,B,0,1
3,31,C,0,1
3,32,A,0,3
3,32,B,0,1
3,32,C,0,0
3,33,A,1,4
3,33,B,0,1
3,33,C,0,0
3,34,A,0,3
3,34,B,0,1
3,34,C,0,0
3,35,A,1,4
3,35,B,0,1
3,35,C,0,0
3,36,A,1,5
3,36,B,0,1
3,36,C,0,0
3,37,A,1,6
3,37,B,0,1
3,37,C,0,0
3,38,A,2,8
3,38,B,1,2
3,38,C,1,1
3,39,A,3,11
3,39,B,0,2
3,39,C,0,1
3,40,A,2,13
3,40,B,1,3
3,40,C,0,1
3,41,A,1,14
3,41,B,0,3
3,41,C,0,1
3,42,A,0,14
3,42,B,0,3
3,42,C,0,1
3,43,A,1,15
3,43,B,0,3
3,43,C,1,2
3,44,A,1,16
3,44,B,0,3
3,44,C,0,2
3,45,A,1,16
3,45,B,0,3
3,45,C,0,2
3,46,A,0,15
3,46,B,0,3
3,46,C,0,2
3,47,A,0,15
3,47,B,0,3
3,47,C,0,2
3,48,A,3,18
3,48,B,1,4
3,48,C,0,2
3,49,A,2,19
3,49,B,0,4
3,49,C,0,2
3,50,A,2,21
3,50,B,0,4
3,50,C,0,2
3,51,A,0,21
3,51,B,0,3
3,51,C,0,2
3,52,A,2,22
3,52,B,0,3
3,52,C,2,4
3,53,A,1,21
3,53,B,0,3
3,53,C,1,5
3,54,A,0,21
3,54,B,1,4
3,54,C,0,5
3,55,A,1,22
3,55,B,0,4
3,55,C,1,6
3,56,A,2,23
3,56,B,1,4
3,56,C,0,6
3,57,A,1,22
3,57,B,0,4
3,57,C,1,6
3,58,A,2,24
3,58,B,0,4
3,58,C,0,6
3,59,A,1,24
3,59,B,0,4
3,59,C,0,6
3,60,A,2,25
3,60,B,2,6
3,60,C,0,6
3,61,A,0,23
3,61,B,1,7
3,61,C,0,6
3,62,A,0,22
3,62,B,0,7
3,62,C,0,6
3,63,A,0,21
3,63,B,0,7
3,63,C,0,6
3,64,A,0,20
3,64,B,0,7
3,64,C,0,6
3,65,A,0,16
3,65,B,1,7
3,65,C,0,6
3,66,A,0,15
3,66,B,0,7
3,66,C,0,6
3,67,A,1,16
3,67,B,0,7
3,67,C,0,4
3,68,A,0,16
3,68,B,0,7
3,68,C,0,4
3,69,A,0,15
3,69,B,1,8
3,69,C,0,4
3,70,A,0,14
3,70,B,0,8
3,70,C,0,4
3,71,A,0,14
3,71,B,0,8
3,71,C,1,5
3,72,A,0,11
3,72,B,1,8
3,72,C,0,5
3,73,A,0,10
3,73,B,0,8
3,73,C,1,6
3,74,A,0,9
3,74,B,1,8
3,74,C,0,5
3,75,A,0,9
3,75,B,0,8
3,75,C,0,5
3,76,A,0,9
3,76,B,1,8
3,76,C,0,5
3,77,A,0,7
3,77,B,0,8
3,77,C,0,5
3,78,A,1,8
3,78,B,0,8
3,78,C,0,4
3,79,A,1,7
3,79,B,0,8
3,79,C,0,4
3,80,A,0,7
3,80,B,0,8
3,80,C,0,3
3,81,A,0,6
3,81,B,0,8
3,81,C,0,3
3,82,A,2,7
3,82,B,0,8
3,82,C,0,3
3,83,A,1,8
3,83,B,0,6
3,83,C,1,4
3,84,A,0,8
3,84,B,0,6
3,84,C,1,5
3,85,A,0,8
3,85,B,0,6
3,85,C,1,5
3,86,A,0,8
3,86,B,0,5
3,86,C,0,5
3,87,A,0,8
3,87,B,0,4
3,87,C,0,5
3,88,A,0,7
3,88,B,0,4
3,88,C,0,5
3,89,A,0,7
3,89,B,1,5
3,89,C,0,5
3,90,A,0,6
3,90,B,0,5
3,90,C,0,5
3,91,A,0,6
3,91,B,0,4
3,91,C,0,5
3,92,A,0,6
3,92,B,0,4
3,92,C,0,5
3,93,A,0,5
3,93,B,0,4
3,93,C,0,5
3,94,A,1,6
3,94,B,0,3
3,94,C,0,5
3,95,A,1,7
3,95,B,0,3
3,95,C,0,4
3,96,A,0,6
3,96,B,0,3
3,96,C,0,4
3,97,A,0,6
3,97,B,0,3
3,97,C,0,2
3,98,A,0,6
3,98,B,0,3
3,98,C,0,2
3,99,A,0,5
3,99,B,0,3
3,99,C,0,2
3,100,A,0,5
3,100,B,0,3
3,100,C,0,2
3,101,A,0,5
3,101,B,0,3
3,101,C,1,3
3,102,A,0,5
3,102,B,0,3
3,102,C,0,3
3,103,A,0,5
3,103,B,0,2
3,103,C,0,3
3,104,A,0,5
3,104,B,1,2
3,104,C,0,2
3,105,A,0,5
3,105,B,0,2
3,105,C,0,2
3,106,A,0,5
3,106,B,0,2
3,106,C,0,2
3,107,A,0,4
3,107,B,0,2
3,107,C,0,2
3,108,A,0,4
3,108,B,0,2
3,108,C,0,2
3,109,A,0,4
3,109,B,1,3
3,109,C,0,2
3,110,A,0,4
3,110,B,0,3
3,110,C,0,2
3,111,A,0,2
3,111,B,0,3
3,111,C,0,2
3,112,A,0,1
3,112,B,0,3
3,112,C,0,1
3,113,A,0,1
3,113,B,0,3
3,113,C,0,1
3,114,A,0,1
3,114,B,0,3
3,114,C,0,1
3,115,A,0,1
3,115,B,0,3
3,115,C,0,1
3,116,A,0,0
3,116,B,1,4
3,116,C,0,1
3,117,A,0,0
3,117,B,1,5
3,117,C,1,2
3,118,A,0,0
3,118,B,0,5
3,118,C,0,2
3,119,A,0,0
3,119,B,0,5
3,119,C,0,2
4,0,A,1,2
4,0,B,0,2
4,0,C,0,3
4,1,A,0,2
4,1,B,1,2
4,1,C,0,2
4,2,A,1,3
4,2,B,0,2
4,2,C,0,2
4,3,A,0,3
4,3,B,0,2
4,3,C,0,2
4,4,A,0,3
4,4,B,0,2
4,4,C,0,2
4,5,A,0,3
4,5,B,0,2
4,5,C,0,2
4,6,A,0,3
4,6,B,0,2
4,6,C,0,2
4,7,A,0,3
4,7,B,0,2
4,7,C,0,2
4,8,A,0,3
4,8,B,0,2
4,8,C,0,2
4,9,A,1,4
4,9,B,0,2
4,9,C,0,2
4,10,A,1,5
4,10,B,0,2
4,10,C,0,2
4,11,A,0,5
4,11,B,0,2
4,11,C,0,2
4,12,A,0,4
4,12,B,0,2
4,12,C,2,4
4,13,A,0,4
4,13,B,0,1
4,13,C,2,5
4,14,A,0,4
4,14,B,0,1
4,14,C,1,6
4,15,A,0,4
4,15,B,0,1
4,15,C,2,8
4,16,A,0,4
4,16,B,0,1
4,16,C,1,9
4,17,A,0,4
4,17,B,0,1
4,17,C,0,9
4,18,A,0,4
4,18,B,0,1
4,18,C,0,9
4,19,A,0,4
4,19,B,0,1
4,19,C,0,9
4,20,A,0,4
4,20,B,0,0
4,20,C,1,9
4,21,A,0,3
4,21,B,0,0
4,21,C,0,9
4,22,A,0,3
4,22,B,0,0
4,22,C,0,9
4,23,A,0,3
4,23,B,0,0
4,23,C,0,9
4,24,A,0,2
4,24,B,0,0
4,24,C,0,9
4,25,A,0,2
4,25,B,0,0
4,25,C,1,10
4,26,A,0,2
4,26,B,0,0
4,26,C,0,9
4,27,A,0,2
4,27,B,0,0
4,27,C,0,9
4,28,A,0,2
4,28,B,0,0
4,28,C,0,8
4,29,A,0,2
4,29,B,0,0
4,29,C,0,7
4,30,A,0,1
4,30,B,0,0
4,30,C,0,6
4,31,A,0,1
4,31,B,0,0
4,31,C,1,5
4,32,A,1,2
4,32,B,0,0
4,32,C,0,5
4,33,A,0,2
4,33,B,0,0
4,33,C,0,4
4,34,A,0,2
4,34,B,0,0
4,34,C,1,3
4,35,A,1,3
4,35,B,0,0
4,35,C,0,3
4,36,A,0,3
4,36,B,0,0
4,36,C,0,3
4,37,A,1,4
4,37,B,0,0
4,37,C,0,3
4,38,A,1,5
4,38,B,0,0
4,38,C,2,5
4,39,A,0,5
4,39,B,0,0
4,39,C,0,5
4,40,A,0,5
4,40,B,0,0
4,40,C,0,5
4,41,A,0,5
4,41,B,1,1
4,41,C,0,5
4,42,A,0,5
4,42,B,0,1
4,42,C,0,4
4,43,A,1,5
4,43,B,1,2
4,43,C,0,4
4,44,A,0,5
4,44,B,0,2
4,44,C,0,4
4,45,A,1,6
4,45,B,0,2
4,45,C,0,4
4,46,A,1,7
4,46,B,0,2
4,46,C,1,5
4,47,A,0,7
4,47,B,1,3
4,47,C,0,5
4,48,A,0,7
4,48,B,0,3
4,48,C,0,4
4,49,A,1,7
4,49,B,0,3
4,49,C,1,5
4,50,A,0,7
4,50,B,0,3
4,50,C,1,6
4,51,A,0,7
4,51,B,1,4
4,51,C,0,6
4,52,A,1,8
4,52,B,0,4
4,52,C,1,7
4,53,A,0,8
4,53,B,1,5
4,53,C,1,8
4,54,A,0,7
4,54,B,1,6
4,54,C,1,9
4,55,A,0,7
4,55,B,0,5
4,55,C,0,9
4,56,A,0,7
4,56,B,0,5
4,56,C,0,9
4,57,A,0,7
4,57,B,0,5
4,57,C,0,9
4,58,A,0,6
4,58,B,0,5
4,58,C,1,10
4,59,A,0,6
4,59,B,0,5
4,59,C,0,9
4,60,A,0,5
4,60,B,0,5
4,60,C,0,9
4,61,A,0,5
4,61,B,0,5
4,61,C,0,9
4,62,A,0,5
4,62,B,1,6
4,62,C,0,8
4,63,A,0,5
4,63,B,0,6
4,63,C,0,8
4,64,A,0,4
4,64,B,0,6
4,64,C,0,8
4,65,A,0,4
4,65,B,0,5
4,65,C,0,8
4,66,A,0,4
4,66,B,0,4
4,66,C,0,7
4,67,A,1,4
4,67,B,1,5
4,67,C,1,7
4,68,A,0,4
4,68,B,0,5
4,68,C,0,7
4,69,A,0,4
4,69,B,0,5
4,69,C,0,7
4,70,A,0,3
4,70,B,1,5
4,70,C,1,7
4,71,A,0,3
4,71,B,0,4
4,71,C,0,7
4,72,A,0,3
4,72,B,0,4
4,72,C,0,7
4,73,A,0,2
4,73,B,0,4
4,73,C,0,7
4,74,A,0,1
4,74,B,0,4
4,74,C,1,8
4,75,A,1,2
4,75,B,0,4
4,75,C,1,9
4,76,A,1,3
4,76,B,0,3
4,76,C,0,8
4,77,A,0,3
4,77,B,0,3
4,77,C,1,9
4,78,A,0,3
4,78,B,0,3
4,78,C,2,9
4,79,A,0,3
4,79,B,0,3
4,79,C,2,10
4,80,A,0,3
4,80,B,0,3
4,80,C,2,12
4,81,A,2,5
4,81,B,0,2
4,81,C,0,12
4,82,A,0,5
4,82,B,0,2
4,82,C,1,13
4,83,A,0,5
4,83,B,0,2
4,83,C,0,12
4,84,A,0,5
4,84,B,0,1
4,84,C,0,12
4,85,A,0,5
4,85,B,0,1
4,85,C,1,12
4,86,A,0,5
4,86,B,0,0
4,86,C,1,13
4,87,A,1,6
4,87,B,0,0
4,87,C,0,13
4,88,A,0,6
4,88,B,0,0
4,88,C,0,13
4,89,A,1,7
4,89,B,0,0
4,89,C,1,14
4,90,A,0,7
4,90,B,0,0
4,90,C,1,15
4,91,A,0,7
4,91,B,0,0
4,91,C,0,15
4,92,A,1,8
4,92,B,0,0
4,92,C,0,14
4,93,A,1,9
4,93,B,0,0
4,93,C,0,13
4,94,A,1,8
4,94,B,0,0
4,94,C,1,14
4,95,A,1,9
4,95,B,0,0
4,95,C,0,13
4,96,A,0,9
4,96,B,0,0
4,96,C,0,12
4,97,A,0,9
4,97,B,0,0
4,97,C,0,11
4,98,A,0,9
4,98,B,0,0
4,98,C,1,12
4,99,A,0,8
4,99,B,0,0
4,99,C,1,13
4,100,A,0,7
4,100,B,0,0
4,100,C,0,12
4,101,A,0,7
4,101,B,0,0
4,101,C,0,11
4,102,A,0,6
4,102,B,1,1
4,102,C,0,8
4,103,A,0,6
4,103,B,0,1
4,103,C,0,8
4,104,A,1,5
4,104,B,0,1
4,104,C,0,7
4,105,A,0,5
4,105,B,0,1
4,105,C,0,7
4,106,A,1,6
4,106,B,0,1
4,106,C,0,7
4,107,A,0,5
4,107,B,0,1
4,107,C,0,7
4,108,A,1,6
4,108,B,0,1
4,108,C,0,6
4,109,A,0,6
4,109,B,0,1
4,109,C,0,6
4,110,A,0,6
4,110,B,0,1
4,110,C,0,6
4,111,A,0,6
4,111,B,0,1
4,111,C,1,5
4,112,A,2,8
4,112,B,0,1
4,112,C,0,5
4,113,A,0,7
4,113,B,0,1
4,113,C,0,5
4,114,A,0,7
4,114,B,0,1
4,114,C,0,4
4,115,A,0,7
4,115,B,0,1
4,115,C,0,3
4,116,A,0,7
4,116,B,0,1
4,116,C,0,3
4,117,A,0,7
4,117,B,0,0
4,117,C,1,3
4,118,A,0,7
4,118,B,0,0
4,118,C,0,2
4,119,A,0,7
4,119,B,0,0
4,119,C,0,2
5,0,A,0,5
5,0,B,0,5
5,0,C,0,4
5,1,A,0,5
5,1,B,0,5
5,1,C,0,4
5,2,A,0,5
5,2,B,0,3
5,2,C,0,4
5,3,A,0,5
5,3,B,0,3
5,3,C,0,4
5,4,A,0,5
5,4,B,0,3
5,4,C,0,4
5,5,A,0,5
5,5,B,0,3
5,5,C,0,4
5,6,A,0,5
5,6,B,1,4
5,6,C,0,4
5,7,A,1,6
5,7,B,0,4
5,7,C,0,4
5,8,A,0,5
5,8,B,0,4
5,8,C,0,4
5,9,A,0,5
5,9,B,0,3
5,9,C,0,4
5,10,A,0,5
5,10,B,0,3
5,10,C,0,3
5,11,A,0,5
5,11,B,0,3
5,11,C,0,3
5,12,A,0,5
5,12,B,0,3
5,12,C,0,3
5,13,A,0,5
5,13,B,0,3
5,13,C,0,2
5,14,A,0,5
5,14,B,0,3
5,14,C,0,1
5,15,A,0,5
5,15,B,0,3
5,15,C,1,2
5,16,A,0,5
5,16,B,0,3
5,16,C,0,2
5,17,A,0,5
5,17,B,0,3
5,17,C,0,2
5,18,A,0,3
5,18,B,0,3
5,18,C,0,2
5,19,A,0,3
5,19,B,0,3
5,19,C,0,2
5,20,A,0,3
5,20,B,0,2
5,20,C,1,3
5,21,A,0,3
5,21,B,2,4
5,21,C,0,3
5,22,A,0,3
5,22,B,0,4
5,22,C,0,3
5,23,A,0,3
5,23,B,0,3
5,23,C,1,3
5,24,A,1,4
5,24,B,0,3
5,24,C,1,4
5,25,A,0,3
5,25,B,0,3
5,25,C,0,4
5,26,A,0,2
5,26,B,1,4
5,26,C,0,4
5,27,A,0,2
5,27,B,0,4
5,27,C,0,4
5,28,A,0,2
5,28,B,0,4
5,28,C,0,4
5,29,A,0,2
5,29,B,0,3
5,29,C,0,3
5,30,A,0,2
5,30,B,0,3
5,30,C,0,3
5,31,A,0,2
5,31,B,2,5
5,31,C,0,3
5,32,A,0,2
5,32,B,1,6
5,32,C,0,3
5,33,A,0,2
5,33,B,2,8
5,33,C,1,4
5,34,A,0,1
5,34,B,1,8
5,34,C,0,4
5,35,A,0,1
5,35,B,2,10
5,35,C,0,4
5,36,A,0,1
5,36,B,1,11
5,36,C,1,4
5,37,A,0,1
5,37,B,0,10
5,37,C,0,4
5,38,A,0,1
5,38,B,0,10
5,38,C,0,4
5,39,A,0,1
5,39,B,2,12
5,39,C,1,5
5,40,A,0,0
5,40,B,1,13
5,40,C,1,6
5,41,A,0,0
5,41,B,0,13
5,41,C,0,6
5,42,A,0,0
5,42,B,1,14
5,42,C,0,6
5,43,A,0,0
5,43,B,2,16
5,43,C,0,6
5,44,A,0,0
5,44,B,0,15
5,44,C,0,4
5,45,A,0,0
5,45,B,0,15
5,45,C,0,4
5,46,A,0,0
5,46,B,2,17
5,46,C,0,4
5,47,A,0,0
5,47,B,1,16
5,47,C,0,4
5,48,A,0,0
5,48,B,1,14
5,48,C,0,4
5,49,A,0,0
5,49,B,0,13
5,49,C,0,4
5,50,A,0,0
5,50,B,1,14
5,50,C,0,4
5,51,A,0,0
5,51,B,0,13
5,51,C,0,4
5,52,A,0,0
5,52,B,1,14
5,52,C,1,5
5,53,A,0,0
5,53,B,0,14
5,53,C,1,6
5,54,A,0,0
5,54,B,1,15
5,54,C,0,6
5,55,A,0,0
5,55,B,1,16
5,55,C,0,6
5,56,A,0,0
5,56,B,0,15
5,56,C,1,7
5,57,A,0,0
5,57,B,1,15
5,57,C,1,8
5,58,A,0,0
5,58,B,1,15
5,58,C,0,8
5,59,A,0,0
5,59,B,0,15
5,59,C,1,6
5,60,A,0,0
5,60,B,0,14
5,60,C,0,6
5,61,A,0,0
5,61,B,1,13
5,61,C,0,6
5,62,A,0,0
5,62,B,1,13
5,62,C,0,6
5,63,A,0,0
5,63,B,0,13
5,63,C,0,6
5,64,A,0,0
5,64,B,0,13
5,64,C,0,6
5,65,A,0,0
5,65,B,0,13
5,65,C,0,6
5,66,A,0,0
5,66,B,1,14
5,66,C,0,5
5,67,A,0,0
5,67,B,0,14
5,67,C,1,6
5,68,A,0,0
5,68,B,1,15
5,68,C,1,7
5,69,A,0,0
5,69,B,1,16
5,69,C,0,6
5,70,A,0,0
5,70,B,0,13
5,70,C,0,6
5,71,A,0,0
5,71,B,0,12
5,71,C,0,5
5,72,A,0,0
5,72,B,0,9
5,72,C,0,5
5,73,A,0,0
5,73,B,0,9
5,73,C,1,6
5,74,A,1,1
5,74,B,0,9
5,74,C,0,6
5,75,A,0,1
5,75,B,0,8
5,75,C,0,6
5,76,A,1,2
5,76,B,0,7
5,76,C,0,6
5,77,A,0,2
5,77,B,0,6
5,77,C,0,6
5,78,A,0,2
5,78,B,1,6
5,78,C,0,6
5,79,A,0,2
5,79,B,0,6
5,79,C,0,5
5,80,A,0,2
5,80,B,0,6
5,80,C,0,5
5,81,A,0,2
5,81,B,1,6
5,81,C,0,4
5,82,A,0,2
5,82,B,0,6
5,82,C,0,4
5,83,A,1,3
5,83,B,0,6
5,83,C,0,4
5,84,A,0,3
5,84,B,1,7
5,84,C,0,4
5,85,A,0,3
5,85,B,0,6
5,85,C,0,4
5,86,A,0,3
5,86,B,0,5
5,86,C,0,4
5,87,A,0,2
5,87,B,0,5
5,87,C,0,4
5,88,A,0,2
5,88,B,0,4
5,88,C,0,4
5,89,A,0,2
5,89,B,0,4
5,89,C,0,4
5,90,A,0,2
5,90,B,0,4
5,90,C,0,2
5,91,A,0,2
5,91,B,0,4
5,91,C,1,3
5,92,A,0,2
5,92,B,0,4
5,92,C,0,3
5,93,A,1,3
5,93,B,0,4
5,93,C,0,3
5,94,A,1,4
5,94,B,0,3
5,94,C,1,4
5,95,A,0,4
5,95,B,0,3
5,95,C,0,4
5,96,A,0,4
5,96,B,0,3
5,96,C,0,4
5,97,A,0,3
5,97,B,0,3
5,97,C,1,5
5,98,A,0,3
5,98,B,0,3
5,98,C,1,5
5,99,A,0,3
5,99,B,0,3
5,99,C,0,5
5,100,A,0,3
5,100,B,0,3
5,100,C,0,5
5,101,A,0,3
5,101,B,0,2
5,101,C,0,5
5,102,A,0,3
5,102,B,1,2
5,102,C,0,4
5,103,A,0,3
5,103,B,0,2
5,103,C,0,4
5,104,A,0,3
5,104,B,0,2
5,104,C,0,4
5,105,A,0,3
5,105,B,0,2
5,105,C,0,4
5,106,A,0,3
5,106,B,0,2
5,106,C,0,4
5,107,A,0,2
5,107,B,0,2
5,107,C,0,4
5,108,A,1,2
5,108,B,2,4
5,108,C,2,6
5,109,A,0,2
5,109,B,1,5
5,109,C,0,6
5,110,A,0,1
5,110,B,0,5
5,110,C,0,6
5,111,A,1,2
5,111,B,0,4
5,111,C,0,6
5,112,A,0,2
5,112,B,0,4
5,112,C,1,5
5,113,A,0,2
5,113,B,0,4
5,113,C,0,5
5,114,A,0,2
5,114,B,0,4
5,114,C,0,5
5,115,A,0,2
5,115,B,0,4
5,115,C,0,4
5,116,A,1,3
5,116,B,0,4
5,116,C,0,4
5,117,A,0,3
5,117,B,0,4
5,117,C,0,4
5,118,A,1,4
5,118,B,0,4
5,118,C,0,4
5,119,A,0,4
5,119,B,0,3
5,119,C,0,3
6,0,A,0,3
6,0,B,0,59
6,0,C,1,17
6,1,A,0,3
6,1,B,1,58
6,1,C,1,16
6,2,A,0,2
6,2,B,2,60
6,2,C,0,16
6,3,A,0,2
6,3,B,0,59
6,3,C,2,18
6,4,A,0,2
6,4,B,1,59
6,4,C,4,22
6,5,A,0,2
6,5,B,0,57
6,5,C,4,24
6,6,A,1,3
6,6,B,1,54
6,6,C,2,26
6,7,A,0,3
6,7,B,0,50
6,7,C,3,29
6,8,A,0,3
6,8,B,1,49
6,8,C,1,28
6,9,A,0,2
6,9,B,0,46
6,9,C,2,29
6,10,A,0,2
6,10,B,1,47
6,10,C,0,29
6,11,A,0,2
6,11,B,1,46
6,11,C,2,30
6,12,A,0,2
6,12,B,2,43
6,12,C,3,32
6,13,A,0,2
6,13,B,0,38
6,13,C,0,31
6,14,A,1,3
6,14,B,0,33
6,14,C,0,30
6,15,A,2,5
6,15,B,1,32
6,15,C,1,31
6,16,A,3,8
6,16,B,3,33
6,16,C,2,33
6,17,A,4,12
6,17,B,0,31
6,17,C,0,32
6,18,A,1,13
6,18,B,1,31
6,18,C,0,30
6,19,A,1,13
6,19,B,3,30
6,19,C,0,29
6,20,A,0,13
6,20,B,1,31
6,20,C,0,24
6,21,A,1,14
6,21,B,1,30
6,21,C,0,23
6,22,A,1,15
6,22,B,1,30
6,22,C,0,21
6,23,A,2,17
6,23,B,0,30
6,23,C,2,23
6,24,A,3,20
6,24,B,1,30
6,24,C,1,23
6,25,A,2,22
6,25,B,1,30
6,25,C,1,23
6,26,A,2,24
6,26,B,0,29
6,26,C,0,22
6,27,A,1,25
6,27,B,3,32
6,27,C,1,22
6,28,A,1,25
6,28,B,1,32
6,28,C,1,21
6,29,A,1,25
6,29,B,2,34
6,29,C,0,18
6,30,A,0,23
6,30,B,0,32
6,30,C,0,17
6,31,A,0,22
6,31,B,0,31
6,31,C,0,17
6,32,A,0,21
6,32,B,0,29
6,32,C,1,18
6,33,A,0,21
6,33,B,1,26
6,33,C,1,19
6,34,A,2,21
6,34,B,1,26
6,34,C,0,17
6,35,A,1,22
6,35,B,0,24
6,35,C,0,16
6,36,A,1,22
6,36,B,0,23
6,36,C,0,16
6,37,A,1,22
6,37,B,0,22
6,37,C,1,16
6,38,A,0,20
6,38,B,0,22
6,38,C,1,16
6,39,A,0,19
6,39,B,0,22
6,39,C,0,15
6,40,A,0,17
6,40,B,0,22
6,40,C,0,12
6,41,A,0,17
6,41,B,1,22
6,41,C,0,10
6,42,A,0,17
6,42,B,0,18
6,42,C,0,10
6,43,A,0,14
6,43,B,0,17
6,43,C,0,8
6,44,A,0,14
6,44,B,0,16
6,44,C,0,8
6,45,A,1,15
6,45,B,0,14
6,45,C,0,8
6,46,A,0,14
6,46,B,0,12
6,46,C,0,7
6,47,A,0,14
6,47,B,2,13
6,47,C,0,6
6,48,A,0,13
6,48,B,0,11
6,48,C,0,5
6,49,A,0,11
6,49,B,0,11
6,49,C,0,4
6,50,A,1,11
6,50,B,0,10
6,50,C,0,4
6,51,A,0,11
6,51,B,0,7
6,51,C,0,4
6,52,A,0,11
6,52,B,0,6
6,52,C,0,4
6,53,A,0,11
6,53,B,0,6
6,53,C,0,4
6,54,A,1,9
6,54,B,0,6
6,54,C,1,4
6,55,A,2,10
6,55,B,0,6
6,55,C,0,4
6,56,A,0,10
6,56,B,1,6
6,56,C,0,4
6,57,A,2,11
6,57,B,0,5
6,57,C,0,4
6,58,A,0,11
6,58,B,0,5
6,58,C,0,4
6,59,A,0,11
6,59,B,0,4
6,59,C,0,4
6,60,A,0,11
6,60,B,0,4
6,60,C,0,4
6,61,A,0,11
6,61,B,0,4
6,61,C,0,3
6,62,A,1,11
6,62,B,0,4
6,62,C,0,3
6,63,A,0,10
6,63,B,0,4
6,63,C,0,3
6,64,A,0,10
6,64,B,0,4
6,64,C,0,3
6,65,A,1,10
6,65,B,0,4
6,65,C,0,3
6,66,A,0,9
6,66,B,0,3
6,66,C,0,3
6,67,A,0,9
6,67,B,0,2
6,67,C,1,4
6,68,A,0,8
6,68,B,0,1
6,68,C,0,4
6,69,A,0,8
6,69,B,0,1
6,69,C,0,4
6,70,A,0,8
6,70,B,0,1
6,70,C,0,4
6,71,A,0,8
6,71,B,0,1
6,71,C,0,3
6,72,A,0,8
6,72,B,0,1
6,72,C,0,3
6,73,A,0,8
6,73,B,1,1
6,73,C,1,4
6,74,A,0,8
6,74,B,0,1
6,74,C,0,4
6,75,A,0,6
6,75,B,0,1
6,75,C,0,4
6,76,A,0,6
6,76,B,0,1
6,76,C,0,4
6,77,A,0,5
6,77,B,0,1
6,77,C,0,3
6,78,A,0,4
6,78,B,0,1
6,78,C,0,3
6,79,A,0,3
6,79,B,0,1
6,79,C,0,3
6,80,A,0,3
6,80,B,0,1
6,80,C,0,3
6,81,A,0,1
6,81,B,0,1
6,81,C,0,3
6,82,A,0,1
6,82,B,0,1
6,82,C,0,3
6,83,A,1,2
6,83,B,0,1
6,83,C,0,3
6,84,A,0,2
6,84,B,0,1
6,84,C,0,2
6,85,A,0,2
6,85,B,0,1
6,85,C,0,2
6,86,A,0,2
6,86,B,2,2
6,86,C,1,1
6,87,A,0,2
6,87,B,1,3
6,87,C,0,1
6,88,A,0,2
6,88,B,0,3
6,88,C,0,1
6,89,A,0,2
6,89,B,0,3
6,89,C,1,2
6,90,A,1,3
6,90,B,0,3
6,90,C,0,2
6,91,A,0,3
6,91,B,0,3
6,91,C,0,2
6,92,A,0,3
6,92,B,0,3
6,92,C,0,2
6,93,A,0,3
6,93,B,0,3
6,93,C,0,2
6,94,A,0,2
6,94,B,0,3
6,94,C,0,2
6,95,A,0,2
6,95,B,0,3
6,95,C,1,3
6,96,A,1,2
6,96,B,0,3
6,96,C,0,3
6,97,A,0,2
6,97,B,0,3
6,97,C,0,3
6,98,A,0,2
6,98,B,0,3
6,98,C,0,3
6,99,A,0,2
6,99,B,0,3
6,99,C,1,4
6,100,A,0,2
6,100,B,0,3
6,100,C,0,4
6,101,A,0,2
6,101,B,0,3
6,101,C,0,4
6,102,A,0,2
6,102,B,0,3
6,102,C,0,3
6,103,A,0,2
6,103,B,0,2
6,103,C,0,3
6,104,A,1,3
6,104,B,0,2
6,104,C,0,2
6,105,A,0,3
6,105,B,0,2
6,105,C,0,2
6,106,A,1,4
6,106,B,0,1
6,106,C,0,2
6,107,A,1,5
6,107,B,0,1
6,107,C,0,2
6,108,A,0,4
6,108,B,0,1
6,108,C,0,2
6,109,A,0,4
6,109,B,0,1
6,109,C,0,2
6,110,A,0,4
6,110,B,1,2
6,110,C,1,3
6,111,A,0,4
6,111,B,0,2
6,111,C,0,3
6,112,A,0,3
6,112,B,0,1
6,112,C,1,4
6,113,A,0,3
6,113,B,0,1
6,113,C,1,5
6,114,A,0,3
6,114,B,0,1
6,114,C,0,5
6,115,A,0,3
6,115,B,0,1
6,115,C,0,5
6,116,A,0,3
6,116,B,0,1
6,116,C,0,4
6,117,A,0,3
6,117,B,0,1
6,117,C,0,4
6,118,A,0,3
6,118,B,0,1
6,118,C,0,4
6,119,A,0,3
6,119,B,0,1
6,119,C,1,5
7,0,A,0,1
7,0,B,0,4
7,0,C,1,5
7,1,A,1,2
7,1,B,0,3
7,1,C,0,4
7,2,A,0,2
7,2,B,0,3
7,2,C,0,4
7,3,A,0,2
7,3,B,0,2
7,3,C,0,4
7,4,A,0,2
7,4,B,0,2
7,4,C,0,4
7,5,A,2,4
7,5,B,0,2
7,5,C,1,5
7,6,A,0,4
7,6,B,0,2
7,6,C,1,5
7,7,A,0,4
7,7,B,0,1
7,7,C,1,6
7,8,A,0,4
7,8,B,0,1
7,8,C,0,6
7,9,A,0,4
7,9,B,0,1
7,9,C,0,6
7,10,A,0,4
7,10,B,1,2
7,10,C,1,7
7,11,A,0,4
7,11,B,0,1
7,11,C,1,8
7,12,A,0,4
7,12,B,0,1
7,12,C,0,8
7,13,A,0,4
7,13,B,2,3
7,13,C,0,7
7,14,A,0,4
7,14,B,0,3
7,14,C,0,7
7,15,A,0,4
7,15,B,0,3
7,15,C,0,7
7,16,A,0,4
7,16,B,0,3
7,16,C,0,7
7,17,A,0,4
7,17,B,0,3
7,17,C,0,6
7,18,A,0,4
7,18,B,0,3
7,18,C,0,6
7,19,A,1,5
7,19,B,0,3
7,19,C,0,6
7,20,A,1,6
7,20,B,1,4
7,20,C,0,6
7,21,A,0,6
7,21,B,0,4
7,21,C,0,5
7,22,A,0,5
7,22,B,0,4
7,22,C,0,4
7,23,A,0,5
7,23,B,0,4
7,23,C,0,3
7,24,A,0,5
7,24,B,0,4
7,24,C,0,3
7,25,A,0,5
7,25,B,0,4
7,25,C,0,3
7,26,A,0,5
7,26,B,0,4
7,26,C,1,3
7,27,A,0,5
7,27,B,1,5
7,27,C,1,4
7,28,A,0,5
7,28,B,0,4
7,28,C,1,5
7,29,A,0,5
7,29,B,0,4
7,29,C,1,6
7,30,A,0,5
7,30,B,0,4
7,30,C,1,7
7,31,A,0,5
7,31,B,1,5
7,31,C,0,7
7,32,A,0,5
7,32,B,0,5
7,32,C,1,8
7,33,A,0,5
7,33,B,1,5
7,33,C,0,8
7,34,A,0,4
7,34,B,0,5
7,34,C,0,8
7,35,A,0,4
7,35,B,0,5
7,35,C,1,9
7,36,A,0,4
7,36,B,1,6
7,36,C,0,9
7,37,A,0,3
7,37,B,0,6
7,37,C,0,9
7,38,A,0,2
7,38,B,1,6
7,38,C,0,9
7,39,A,0,2
7,39,B,0,6
7,39,C,0,7
7,40,A,0,2
7,40,B,0,6
7,40,C,0,7
7,41,A,0,2
7,41,B,0,6
7,41,C,1,8
7,42,A,0,2
7,42,B,0,6
7,42,C,0,8
7,43,A,0,2
7,43,B,0,6
7,43,C,0,8
7,44,A,0,2
7,44,B,0,5
7,44,C,2,8
7,45,A,0,2
7,45,B,0,5
7,45,C,0,8
7,46,A,0,1
7,46,B,0,4
7,46,C,0,8
7,47,A,0,1
7,47,B,0,3
7,47,C,1,9
7,48,A,0,1
7,48,B,0,3
7,48,C,0,8
7,49,A,1,2
7,49,B,0,2
7,49,C,0,8
7,50,A,5,7
7,50,B,0,2
7,50,C,0,8
7,51,A,0,7
7,51,B,0,1
7,51,C,0,8
7,52,A,2,9
7,52,B,0,1
7,52,C,1,9
7,53,A,0,9
7,53,B,0,1
7,53,C,0,9
7,54,A,0,9
7,54,B,0,1
7,54,C,0,9
7,55,A,0,9
7,55,B,0,1
7,55,C,0,8
7,56,A,0,8
7,56,B,0,1
7,56,C,0,7
7,57,A,1,9
7,57,B,0,1
7,57,C,0,7
7,58,A,1,10
7,58,B,0,1
7,58,C,0,7
7,59,A,1,11
7,59,B,0,1
7,59,C,0,7
7,60,A,2,13
7,60,B,0,1
7,60,C,0,6
7,61,A,2,15
7,61,B,0,0
7,61,C,0,6
7,62,A,0,15
7,62,B,0,0
7,62,C,0,5
7,63,A,1,16
7,63,B,0,0
7,63,C,0,5
7,64,A,0,16
7,64,B,0,0
7,64,C,0,5
7,65,A,1,16
7,65,B,0,0
7,65,C,0,5
7,66,A,1,16
7,66,B,0,0
7,66,C,0,5
7,67,A,0,16
7,67,B,0,0
7,67,C,0,4
7,68,A,0,16
7,68,B,0,0
7,68,C,1,5
7,69,A,2,17
7,69,B,0,0
7,69,C,0,4
7,70,A,0,16
7,70,B,0,0
7,70,C,1,5
7,71,A,0,16
7,71,B,1,1
7,71,C,0,5
7,72,A,0,16
7,72,B,0,1
7,72,C,0,5
7,73,A,1,16
7,73,B,0,1
7,73,C,0,5
7,74,A,1,16
7,74,B,1,2
7,74,C,1,5
7,75,A,0,15
7,75,B,1,3
7,75,C,1,6
7,76,A,1,15
7,76,B,0,3
7,76,C,0,6
7,77,A,0,13
7,77,B,0,3
7,77,C,0,6
7,78,A,0,13
7,78,B,0,3
7,78,C,1,7
7,79,A,1,14
7,79,B,1,4
7,79,C,1,8
7,80,A,0,14
7,80,B,0,4
7,80,C,0,8
7,81,A,0,14
7,81,B,0,4
7,81,C,2,9
7,82,A,0,12
7,82,B,1,5
7,82,C,0,9
7,83,A,0,11
7,83,B,0,5
7,83,C,1,10
7,84,A,0,11
7,84,B,0,5
7,84,C,1,11
7,85,A,0,10
7,85,B,1,6
7,85,C,1,12
7,86,A,0,9
7,86,B,1,7
7,86,C,0,12
7,87,A,0,9
7,87,B,0,7
7,87,C,0,11
7,88,A,2,10
7,88,B,3,10
7,88,C,16,27
7,89,A,1,10
7,89,B,0,10
7,89,C,13,40
7,90,A,1,10
7,90,B,2,12
7,90,C,3,43
7,91,A,1,10
7,91,B,2,13
7,91,C,5,47
7,92,A,1,11
7,92,B,3,16
7,92,C,5,52
7,93,A,2,13
7,93,B,1,17
7,93,C,4,56
7,94,A,0,13
7,94,B,2,19
7,94,C,2,55
7,95,A,2,15
7,95,B,3,21
7,95,C,2,56
7,96,A,2,14
7,96,B,1,22
7,96,C,3,59
7,97,A,1,15
7,97,B,4,26
7,97,C,4,63
7,98,A,0,14
7,98,B,8,34
7,98,C,0,63
7,99,A,0,14
7,99,B,2,36
7,99,C,2,63
7,100,A,2,16
7,100,B,7,42
7,100,C,1,64
7,101,A,0,16
7,101,B,4,45
7,101,C,2,64
7,102,A,1,17
7,102,B,5,49
7,102,C,0,63
7,103,A,1,18
7,103,B,3,52
7,103,C,1,59
7,104,A,1,19
7,104,B,4,54
7,104,C,1,54
7,105,A,3,22
7,105,B,6,59
7,105,C,0,52
7,106,A,5,27
7,106,B,2,61
7,106,C,2,53
7,107,A,2,29
7,107,B,3,62
7,107,C,1,49
7,108,A,3,30
7,108,B,3,63
7,108,C,0,48
7,109,A,4,33
7,109,B,3,64
7,109,C,0,46
7,110,A,3,36
7,110,B,2,63
7,110,C,1,43
7,111,A,3,39
7,111,B,0,57
7,111,C,2,40
7,112,A,5,43
7,112,B,2,59
7,112,C,0,34
7,113,A,3,45
7,113,B,0,58
7,113,C,1,31
7,114,A,3,47
7,114,B,0,55
7,114,C,0,27
7,115,A,5,50
7,115,B,1,53
7,115,C,1,26
7,116,A,0,49
7,116,B,0,52
7,116,C,1,25
7,117,A,1,50
7,117,B,1,49
7,117,C,1,24
7,118,A,3,51
7,118,B,0,45
7,118,C,0,23
7,119,A,1,50
7,119,B,1,46
7,119,C,1,21
8,0,A,0,14
8,0,B,1,16
8,0,C,0,16
8,1,A,1,13
8,1,B,0,15
8,1,C,0,16
8,2,A,0,11
8,2,B,1,15
8,2,C,0,16
8,3,A,0,11
8,3,B,0,13
8,3,C,0,16
8,4,A,1,11
8,4,B,1,14
8,4,C,0,16
8,5,A,0,10
8,5,B,0,12
8,5,C,1,17
8,6,A,1,10
8,6,B,0,11
8,6,C,3,20
8,7,A,1,9
8,7,B,1,12
8,7,C,1,18
8,8,A,0,9
8,8,B,1,12
8,8,C,0,18
8,9,A,0,8
8,9,B,2,12
8,9,C,0,17
8,10,A,0,8
8,10,B,1,13
8,10,C,0,16
8,11,A,0,8
8,11,B,1,14
8,11,C,0,16
8,12,A,0,8
8,12,B,1,15
8,12,C,0,14
8,13,A,0,8
8,13,B,1,16
8,13,C,0,12
8,14,A,0,7
8,14,B,2,17
8,14,C,0,11
8,15,A,0,7
8,15,B,1,18
8,15,C,0,11
8,16,A,0,7
8,16,B,1,18
8,16,C,1,12
8,17,A,0,5
8,17,B,0,17
8,17,C,0,12
8,18,A,0,5
8,18,B,1,18
8,18,C,1,12
8,19,A,0,4
8,19,B,1,18
8,19,C,2,14
8,20,A,0,4
8,20,B,2,18
8,20,C,0,13
8,21,A,0,4
8,21,B,0,18
8,21,C,1,14
8,22,A,0,4
8,22,B,0,18
8,22,C,0,14
8,23,A,0,4
8,23,B,0,15
8,23,C,0,14
8,24,A,0,4
8,24,B,1,16
8,24,C,0,12
8,25,A,0,3
8,25,B,1,16
8,25,C,0,12
8,26,A,0,3
8,26,B,2,17
8,26,C,1,13
8,27,A,0,3
8,27,B,14,28
8,27,C,1,13
8,28,A,0,3
8,28,B,7,34
8,28,C,0,13
8,29,A,2,4
8,29,B,4,37
8,29,C,0,11
8,30,A,0,4
8,30,B,4,41
8,30,C,1,12
8,31,A,0,3
8,31,B,4,44
8,31,C,2,14
8,32,A,0,3
8,32,B,1,45
8,32,C,0,12
8,33,A,0,3
8,33,B,4,49
8,33,C,3,14
8,34,A,3,6
8,34,B,1,50
8,34,C,1,15
8,35,A,1,7
8,35,B,2,51
8,35,C,0,13
8,36,A,2,9
8,36,B,1,52
8,36,C,1,14
8,37,A,2,10
8,37,B,0,52
8,37,C,0,14
8,38,A,2,12
8,38,B,1,52
8,38,C,1,14
8,39,A,0,12
8,39,B,0,52
8,39,C,0,12
8,40,A,3,15
8,40,B,0,49
8,40,C,0,11
8,41,A,1,16
8,41,B,1,47
8,41,C,1,12
8,42,A,1,17
8,42,B,3,48
8,42,C,0,12
8,43,A,0,16
8,43,B,1,48
8,43,C,0,11
8,44,A,1,17
8,44,B,1,45
8,44,C,1,10
8,45,A,0,17
8,45,B,0,43
8,45,C,0,10
8,46,A,1,18
8,46,B,0,42
8,46,C,1,10
8,47,A,0,18
8,47,B,0,38
8,47,C,0,10
8,48,A,1,18
8,48,B,0,35
8,48,C,0,10
8,49,A,1,18
8,49,B,0,29
8,49,C,0,10
8,50,A,0,15
8,50,B,1,26
8,50,C,0,9
8,51,A,0,15
8,51,B,0,25
8,51,C,0,7
8,52,A,0,13
8,52,B,0,25
8,52,C,1,8
8,53,A,1,14
8,53,B,1,25
8,53,C,10,17
8,54,A,0,14
8,54,B,1,25
8,54,C,0,16
8,55,A,0,13
8,55,B,0,23
8,55,C,5,20
8,56,A,0,11
8,56,B,1,22
8,56,C,1,21
8,57,A,0,11
8,57,B,0,21
8,57,C,2,23
8,58,A,0,10
8,58,B,1,21
8,58,C,1,24
8,59,A,0,10
8,59,B,0,20
8,59,C,0,24
8,60,A,0,6
8,60,B,0,19
8,60,C,0,24
8,61,A,0,6
8,61,B,0,18
8,61,C,0,22
8,62,A,0,5
8,62,B,1,18
8,62,C,1,22
8,63,A,0,4
8,63,B,1,18
8,63,C,2,24
8,64,A,0,4
8,64,B,1,18
8,64,C,1,25
8,65,A,0,4
8,65,B,0,17
8,65,C,1,26
8,66,A,0,3
8,66,B,1,16
8,66,C,0,23
8,67,A,0,2
8,67,B,0,14
8,67,C,0,22
8,68,A,0,2
8,68,B,0,14
8,68,C,1,23
8,69,A,0,2
8,69,B,0,13
8,69,C,0,23
8,70,A,0,2
8,70,B,0,12
8,70,C,1,23
8,71,A,1,3
8,71,B,0,11
8,71,C,0,20
8,72,A,0,3
8,72,B,1,11
8,72,C,1,19
8,73,A,0,2
8,73,B,1,12
8,73,C,2,19
8,74,A,1,3
8,74,B,0,12
8,74,C,0,19
8,75,A,0,3
8,75,B,0,12
8,75,C,0,19
8,76,A,0,3
8,76,B,1,12
8,76,C,0,18
8,77,A,0,3
8,77,B,1,13
8,77,C,0,17
8,78,A,0,3
8,78,B,1,14
8,78,C,2,18
8,79,A,0,3
8,79,B,1,14
8,79,C,0,18
8,80,A,0,3
8,80,B,0,12
8,80,C,1,17
8,81,A,0,3
8,81,B,0,12
8,81,C,0,16
8,82,A,0,3
8,82,B,1,13
8,82,C,0,16
8,83,A,0,2
8,83,B,1,14
8,83,C,1,16
8,84,A,0,2
8,84,B,0,14
8,84,C,0,14
8,85,A,0,2
8,85,B,1,14
8,85,C,0,14
8,86,A,0,2
8,86,B,0,14
8,86,C,0,14
8,87,A,0,2
8,87,B,0,13
8,87,C,3,16
8,88,A,0,2
8,88,B,0,12
8,88,C,0,16
8,89,A,0,2
8,89,B,1,13
8,89,C,0,16
8,90,A,0,2
8,90,B,0,12
8,90,C,1,17
8,91,A,0,2
8,91,B,0,12
8,91,C,0,16
8,92,A,0,2
8,92,B,0,11
8,92,C,1,17
8,93,A,1,3
8,93,B,0,10
8,93,C,0,17
8,94,A,0,3
8,94,B,0,10
8,94,C,1,16
8,95,A,0,3
8,95,B,0,9
8,95,C,1,15
8,96,A,0,3
8,96,B,0,7
8,96,C,1,15
8,97,A,0,2
8,97,B,1,7
8,97,C,0,14
8,98,A,0,2
8,98,B,0,7
8,98,C,0,13
8,99,A,2,4
8,99,B,0,7
8,99,C,0,13
8,100,A,0,4
8,100,B,1,8
8,100,C,0,13
8,101,A,2,6
8,101,B,0,7
8,101,C,0,11
8,102,A,0,6
8,102,B,0,7
8,102,C,0,10
8,103,A,0,6
8,103,B,0,7
8,103,C,0,10
8,104,A,0,6
8,104,B,0,7
8,104,C,0,9
8,105,A,0,6
8,105,B,0,7
8,105,C,0,6
8,106,A,0,5
8,106,B,0,7
8,106,C,0,5
8,107,A,1,6
8,107,B,0,6
8,107,C,1,6
8,108,A,0,6
8,108,B,0,4
8,108,C,0,6
8,109,A,0,5
8,109,B,0,4
8,109,C,0,6
8,110,A,0,5
8,110,B,0,2
8,110,C,0,6
8,111,A,0,5
8,111,B,0,1
8,111,C,0,6
8,112,A,0,4
8,112,B,0,1
8,112,C,1,6
8,113,A,0,4
8,113,B,0,1
8,113,C,0,6
8,114,A,0,2
8,114,B,0,1
8,114,C,0,6
8,115,A,0,2
8,115,B,0,1
8,115,C,0,6
8,116,A,0,2
8,116,B,0,1
8,116,C,0,6
8,117,A,1,3
8,117,B,0,1
8,117,C,0,6
8,118,A,0,3
8,118,B,0,1
8,118,C,0,6
8,119,A,0,3
8,119,B,0,0
8,119,C,0,5
9,0,A,1,6
9,0,B,0,2
9,0,C,0,0
9,1,A,0,6
9,1,B,0,2
9,1,C,0,0
9,2,A,0,6
9,2,B,0,2
9,2,C,0,0
9,3,A,0,5
9,3,B,0,2
9,3,C,1,1
9,4,A,1,6
9,4,B,0,2
9,4,C,0,1
9,5,A,0,6
9,5,B,0,2
9,5,C,0,1
9,6,A,0,6
9,6,B,0,2
9,6,C,0,1
9,7,A,1,6
9,7,B,0,1
9,7,C,0,1
9,8,A,1,6
9,8,B,0,1
9,8,C,0,1
9,9,A,0,6
9,9,B,0,1
9,9,C,0,1
9,10,A,0,5
9,10,B,0,1
9,10,C,1,2
9,11,A,0,5
9,11,B,0,1
9,11,C,0,2
9,12,A,0,5
9,12,B,0,1
9,12,C,0,2
9,13,A,0,5
9,13,B,0,1
9,13,C,0,2
9,14,A,0,5
9,14,B,0,1
9,14,C,0,2
9,15,A,0,5
9,15,B,0,1
9,15,C,0,2
9,16,A,0,5
9,16,B,0,1
9,16,C,0,2
9,17,A,0,5
9,17,B,0,1
9,17,C,2,3
9,18,A,0,5
9,18,B,0,1
9,18,C,0,3
9,19,A,0,5
9,19,B,0,1
9,19,C,0,3
9,20,A,0,5
9,20,B,0,1
9,20,C,0,3
9,21,A,0,5
9,21,B,0,1
9,21,C,0,3
9,22,A,0,4
9,22,B,0,1
9,22,C,0,3
9,23,A,1,5
9,23,B,0,1
9,23,C,1,4
9,24,A,1,4
9,24,B,0,1
9,24,C,1,5
9,25,A,0,4
9,25,B,0,1
9,25,C,1,6
9,26,A,0,4
9,26,B,2,3
9,26,C,0,6
9,27,A,0,4
9,27,B,0,3
9,27,C,0,6
9,28,A,0,4
9,28,B,0,3
9,28,C,0,6
9,29,A,0,4
9,29,B,1,4
9,29,C,1,7
9,30,A,1,5
9,30,B,0,4
9,30,C,2,9
9,31,A,0,5
9,31,B,0,4
9,31,C,1,10
9,32,A,0,5
9,32,B,0,4
9,32,C,2,11
9,33,A,0,4
9,33,B,0,4
9,33,C,2,13
9,34,A,1,5
9,34,B,0,3
9,34,C,3,16
9,35,A,0,5
9,35,B,0,3
9,35,C,3,19
9,36,A,0,5
9,36,B,2,5
9,36,C,1,19
9,37,A,0,5
9,37,B,7,12
9,37,C,1,19
9,38,A,0,4
9,38,B,6,18
9,38,C,3,22
9,39,A,0,3
9,39,B,4,22
9,39,C,3,24
9,40,A,1,4
9,40,B,12,34
9,40,C,1,25
9,41,A,0,4
9,41,B,2,36
9,41,C,1,26
9,42,A,0,4
9,42,B,5,41
9,42,C,3,29
9,43,A,0,4
9,43,B,5,45
9,43,C,2,30
9,44,A,1,5
9,44,B,3,48
9,44,C,4,34
9,45,A,2,6
9,45,B,1,48
9,45,C,4,34
9,46,A,0,6
9,46,B,6,54
9,46,C,0,34
9,47,A,0,6
9,47,B,5,59
9,47,C,3,37
9,48,A,0,6
9,48,B,2,61
9,48,C,1,38
9,49,A,0,6
9,49,B,3,63
9,49,C,3,41
9,50,A,0,6
9,50,B,3,65
9,50,C,2,42
9,51,A,0,5
9,51,B,2,67
9,51,C,2,41
9,52,A,1,5
9,52,B,2,68
9,52,C,3,41
9,53,A,1,6
9,53,B,3,66
9,53,C,1,42
9,54,A,3,9
9,54,B,1,65
9,54,C,5,46
9,55,A,2,11
9,55,B,1,62
9,55,C,3,49
9,56,A,0,11
9,56,B,0,60
9,56,C,2,49
9,57,A,1,12
9,57,B,1,57
9,57,C,2,47
9,58,A,0,12
9,58,B,0,54
9,58,C,2,48
9,59,A,0,12
9,59,B,2,53
9,59,C,1,48
9,60,A,1,13
9,60,B,1,53
9,60,C,3,48
9,61,A,4,15
9,61,B,1,52
9,61,C,1,44
9,62,A,1,16
9,62,B,0,49
9,62,C,1,44
9,63,A,3,18
9,63,B,0,46
9,63,C,1,44
9,64,A,6,24
9,64,B,1,44
9,64,C,0,42
9,65,A,3,27
9,65,B,2,43
9,65,C,2,42
9,66,A,3,29
9,66,B,0,37
9,66,C,2,44
9,67,A,3,31
9,67,B,0,36
9,67,C,2,45
9,68,A,3,33
9,68,B,0,32
9,68,C,2,45
9,69,A,1,32
9,69,B,1,32
9,69,C,0,43
9,70,A,2,34
9,70,B,1,33
9,70,C,0,42
9,71,A,3,37
9,71,B,2,35
9,71,C,1,42
9,72,A,2,39
9,72,B,0,34
9,72,C,2,41
9,73,A,0,37
9,73,B,2,34
9,73,C,0,39
9,74,A,4,41
9,74,B,0,30
9,74,C,3,40
9,75,A,4,43
9,75,B,0,30
9,75,C,1,40
9,76,A,2,43
9,76,B,1,31
9,76,C,0,35
9,77,A,3,46
9,77,B,0,27
9,77,C,0,33
9,78,A,0,46
9,78,B,0,25
9,78,C,1,32
9,79,A,2,45
9,79,B,0,21
9,79,C,0,31
9,80,A,3,46
9,80,B,0,21
9,80,C,0,31
9,81,A,2,47
9,81,B,1,20
9,81,C,1,30
9,82,A,2,49
9,82,B,0,18
9,82,C,2,29
9,83,A,4,50
9,83,B,0,18
9,83,C,0,25
9,84,A,0,46
9,84,B,0,18
9,84,C,0,24
9,85,A,0,44
9,85,B,0,17
9,85,C,0,24
9,86,A,1,43
9,86,B,0,14
9,86,C,0,21
9,87,A,0,42
9,87,B,0,14
9,87,C,0,21
9,88,A,0,41
9,88,B,0,13
9,88,C,0,18
9,89,A,2,39
9,89,B,0,10
9,89,C,0,16
9,90,A,2,40
9,90,B,0,8
9,90,C,0,15
9,91,A,1,38
9,91,B,0,8
9,91,C,0,13
9,92,A,0,31
9,92,B,0,8
9,92,C,0,11
9,93,A,1,31
9,93,B,0,8
9,93,C,0,11
9,94,A,0,28
9,94,B,0,7
9,94,C,0,11
9,95,A,0,25
9,95,B,0,6
9,95,C,0,10
9,96,A,0,25
9,96,B,1,7
9,96,C,0,9
9,97,A,2,27
9,97,B,0,7
9,97,C,0,9
9,98,A,1,27
9,98,B,0,4
9,98,C,0,8
9,99,A,0,26
9,99,B,0,4
9,99,C,0,7
9,100,A,0,25
9,100,B,0,4
9,100,C,0,5
9,101,A,0,23
9,101,B,0,4
9,101,C,0,4
9,102,A,0,22
9,102,B,0,4
9,102,C,0,4
9,103,A,0,22
9,103,B,0,4
9,103,C,0,4
9,104,A,0,20
9,104,B,1,5
9,104,C,0,4
9,105,A,0,17
9,105,B,0,4
9,105,C,1,5
9,106,A,0,15
9,106,B,0,4
9,106,C,0,5
9,107,A,0,14
9,107,B,0,4
9,107,C,0,4
9,108,A,1,14
9,108,B,0,3
9,108,C,0,4
9,109,A,0,14
9,109,B,0,3
9,109,C,1,5
9,110,A,0,13
9,110,B,0,3
9,110,C,0,5
9,111,A,1,13
9,111,B,0,2
9,111,C,0,5
9,112,A,0,12
9,112,B,1,3
9,112,C,0,3
9,113,A,0,12
9,113,B,0,3
9,113,C,0,3
9,114,A,0,10
9,114,B,0,3
9,114,C,0,3
9,115,A,0,10
9,115,B,0,3
9,115,C,0,3
9,116,A,1,11
9,116,B,0,3
9,116,C,0,2
9,117,A,0,11
9,117,B,0,3
9,117,C,0,2
9,118,A,0,10
9,118,B,0,3
9,118,C,0,2
9,119,A,0,9
9,119,B,1,3
9,119,C,0,1
10,0,A,0,4
10,0,B,0,2
10,0,C,0,1
10,1,A,0,4
10,1,B,1,3
10,1,C,2,3
10,2,A,0,4
10,2,B,0,3
10,2,C,0,3
10,3,A,1,5
10,3,B,0,3
10,3,C,0,3
10,4,A,0,5
10,4,B,0,3
10,4,C,0,3
10,5,A,0,5
10,5,B,0,3
10,5,C,0,3
10,6,A,0,5
10,6,B,0,3
10,6,C,0,3
10,7,A,0,5
10,7,B,0,3
10,7,C,0,3
10,8,A,0,5
10,8,B,0,2
10,8,C,0,2
10,9,A,0,4
10,9,B,0,2
10,9,C,0,2
10,10,A,2,6
10,10,B,0,2
10,10,C,0,2
10,11,A,0,6
10,11,B,0,1
10,11,C,1,3
10,12,A,0,6
10,12,B,0,1
10,12,C,0,3
10,13,A,1,7
10,13,B,0,1
10,13,C,0,3
10,14,A,0,6
10,14,B,0,1
10,14,C,0,3
10,15,A,0,6
10,15,B,0,1
10,15,C,0,2
10,16,A,1,7
10,16,B,0,1
10,16,C,0,2
10,17,A,1,8
10,17,B,0,0
10,17,C,0,2
10,18,A,2,10
10,18,B,0,0
10,18,C,0,1
10,19,A,1,11
10,19,B,0,0
10,19,C,0,1
10,20,A,0,11
10,20,B,0,0
10,20,C,0,1
10,21,A,1,12
10,21,B,0,0
10,21,C,0,1
10,22,A,1,13
10,22,B,0,0
10,22,C,0,1
10,23,A,1,14
10,23,B,0,0
10,23,C,0,1
10,24,A,0,14
10,24,B,0,0
10,24,C,0,1
10,25,A,0,13
10,25,B,0,0
10,25,C,0,1
10,26,A,1,10
10,26,B,0,0
10,26,C,0,1
10,27,A,0,10
10,27,B,0,0
10,27,C,0,1
10,28,A,0,10
10,28,B,0,0
10,28,C,0,1
10,29,A,0,10
10,29,B,0,0
10,29,C,0,1
10,30,A,1,10
10,30,B,0,0
10,30,C,0,1
10,31,A,0,10
10,31,B,0,0
10,31,C,0,1
10,32,A,0,10
10,32,B,0,0
10,32,C,0,1
10,33,A,0,10
10,33,B,0,0
10,33,C,2,2
10,34,A,0,9
10,34,B,0,0
10,34,C,0,2
10,35,A,0,9
10,35,B,0,0
10,35,C,0,2
10,36,A,0,8
10,36,B,0,0
10,36,C,0,2
10,37,A,0,6
10,37,B,0,0
10,37,C,0,2
10,38,A,0,6
10,38,B,0,0
10,38,C,0,2
10,39,A,0,6
10,39,B,0,0
10,39,C,0,2
10,40,A,0,5
10,40,B,1,1
10,40,C,1,3
10,41,A,0,5
10,41,B,0,1
10,41,C,0,3
10,42,A,0,5
10,42,B,0,1
10,42,C,0,3
10,43,A,0,4
10,43,B,0,1
10,43,C,1,4
10,44,A,0,4
10,44,B,0,1
10,44,C,0,4
10,45,A,0,4
10,45,B,0,1
10,45,C,0,4
10,46,A,0,3
10,46,B,1,2
10,46,C,0,3
10,47,A,0,3
10,47,B,1,3
10,47,C,0,3
10,48,A,0,3
10,48,B,0,3
10,48,C,0,3
10,49,A,0,3
10,49,B,0,3
10,49,C,0,3
10,50,A,0,3
10,50,B,0,3
10,50,C,4,7
10,51,A,1,4
10,51,B,0,3
10,51,C,2,9
10,52,A,0,4
10,52,B,0,3
10,52,C,2,11
10,53,A,0,4
10,53,B,0,3
10,53,C,0,11
10,54,A,1,5
10,54,B,0,3
10,54,C,0,11
10,55,A,0,5
10,55,B,0,3
10,55,C,1,11
10,56,A,0,4
10,56,B,0,3
10,56,C,1,12
10,57,A,0,3
10,57,B,0,3
10,57,C,0,12
10,58,A,0,3
10,58,B,0,3
10,58,C,1,13
10,59,A,0,3
10,59,B,0,3
10,59,C,0,13
10,60,A,0,3
10,60,B,0,3
10,60,C,0,13
10,61,A,0,3
10,61,B,1,4
10,61,C,0,12
10,62,A,0,3
10,62,B,0,4
10,62,C,1,13
10,63,A,0,3
10,63,B,0,3
10,63,C,1,14
10,64,A,0,3
10,64,B,0,3
10,64,C,0,13
10,65,A,0,3
10,65,B,0,3
10,65,C,0,12
10,66,A,0,3
10,66,B,0,3
10,66,C,0,12
10,67,A,0,3
10,67,B,0,3
10,67,C,1,13
10,68,A,0,3
10,68,B,1,3
10,68,C,1,14
10,69,A,0,3
10,69,B,0,3
10,69,C,0,12
10,70,A,0,3
10,70,B,0,2
10,70,C,0,12
10,71,A,0,3
10,71,B,0,2
10,71,C,1,13
10,72,A,0,2
10,72,B,0,2
10,72,C,0,13
10,73,A,0,2
10,73,B,0,2
10,73,C,0,12
10,74,A,0,2
10,74,B,0,2
10,74,C,0,12
10,75,A,1,3
10,75,B,0,2
10,75,C,0,11
10,76,A,0,3
10,76,B,0,1
10,76,C,1,11
10,77,A,0,3
10,77,B,0,1
10,77,C,0,11
10,78,A,0,3
10,78,B,0,1
10,78,C,0,10
10,79,A,0,3
10,79,B,0,1
10,79,C,0,10
10,80,A,1,4
10,80,B,1,2
10,80,C,0,10
10,81,A,0,3
10,81,B,0,1
10,81,C,1,11
10,82,A,0,3
10,82,B,0,1
10,82,C,0,10
10,83,A,0,2
10,83,B,0,1
10,83,C,0,10
10,84,A,0,2
10,84,B,4,5
10,84,C,0,6
10,85,A,0,2
10,85,B,0,5
10,85,C,0,6
10,86,A,0,2
10,86,B,2,7
10,86,C,0,5
10,87,A,0,2
10,87,B,1,8
10,87,C,1,6
10,88,A,0,2
10,88,B,0,8
10,88,C,0,6
10,89,A,0,2
10,89,B,0,8
10,89,C,0,6
10,90,A,0,2
10,90,B,1,9
10,90,C,1,6
10,91,A,0,2
10,91,B,1,10
10,91,C,0,6
10,92,A,6,8
10,92,B,0,10
10,92,C,2,8
10,93,A,1,9
10,93,B,0,10
10,93,C,1,8
10,94,A,1,10
10,94,B,0,10
10,94,C,0,8
10,95,A,0,10
10,95,B,0,10
10,95,C,1,9
10,96,A,0,10
10,96,B,0,10
10,96,C,1,10
10,97,A,2,12
10,97,B,1,11
10,97,C,0,10
10,98,A,0,12
10,98,B,1,12
10,98,C,0,10
10,99,A,3,14
10,99,B,0,12
10,99,C,1,11
10,100,A,9,23
10,100,B,0,12
10,100,C,0,10
10,101,A,8,31
10,101,B,0,12
10,101,C,0,9
10,102,A,5,35
10,102,B,2,13
10,102,C,1,10
10,103,A,3,38
10,103,B,3,16
10,103,C,0,10
10,104,A,8,46
10,104,B,1,16
10,104,C,0,10
10,105,A,3,49
10,105,B,0,15
10,105,C,0,9
10,106,A,3,51
10,106,B,0,15
10,106,C,1,10
10,107,A,6,55
10,107,B,0,15
10,107,C,0,9
10,108,A,5,59
10,108,B,1,14
10,108,C,1,10
10,109,A,3,62
10,109,B,0,14
10,109,C,1,11
10,110,A,4,66
10,110,B,0,13
10,110,C,1,10
10,111,A,4,70
10,111,B,0,13
10,111,C,0,10
10,112,A,3,73
10,112,B,0,13
10,112,C,1,11
10,113,A,1,73
10,113,B,1,14
10,113,C,0,10
10,114,A,0,70
10,114,B,2,16
10,114,C,1,11
10,115,A,0,68
10,115,B,0,15
10,115,C,1,12
10,116,A,2,69
10,116,B,2,17
10,116,C,0,12
10,117,A,2,66
10,117,B,1,18
10,117,C,1,12
10,118,A,0,64
10,118,B,2,19
10,118,C,0,11
10,119,A,0,60
10,119,B,3,22
10,119,C,0,11
11,0,A,0,1
11,0,B,0,0
11,0,C,1,7
11,1,A,1,2
11,1,B,0,0
11,1,C,0,5
11,2,A,0,2
11,2,B,0,0
11,2,C,0,5
11,3,A,1,3
11,3,B,0,0
11,3,C,0,5
11,4,A,0,3
11,4,B,0,0
11,4,C,0,5
11,5,A,1,4
11,5,B,0,0
11,5,C,0,5
11,6,A,0,4
11,6,B,0,0
11,6,C,0,5
11,7,A,0,3
11,7,B,0,0
11,7,C,0,5
11,8,A,0,3
11,8,B,0,0
11,8,C,0,5
11,9,A,0,3
11,9,B,1,1
11,9,C,0,5
11,10,A,0,3
11,10,B,0,1
11,10,C,0,4
11,11,A,0,3
11,11,B,0,1
11,11,C,0,4
11,12,A,0,3
11,12,B,0,1
11,12,C,1,5
11,13,A,0,3
11,13,B,0,1
11,13,C,0,5
11,14,A,0,3
11,14,B,0,1
11,14,C,0,5
11,15,A,0,3
11,15,B,0,1
11,15,C,0,3
11,16,A,0,2
11,16,B,0,1
11,16,C,0,3
11,17,A,0,2
11,17,B,0,1
11,17,C,3,6
11,18,A,0,2
11,18,B,1,2
11,18,C,2,8
11,19,A,0,2
11,19,B,0,2
11,19,C,2,10
11,20,A,0,2
11,20,B,1,3
11,20,C,0,10
11,21,A,0,2
11,21,B,0,3
11,21,C,0,10
11,22,A,0,2
11,22,B,0,3
11,22,C,0,10
11,23,A,0,2
11,23,B,0,3
11,23,C,0,10
11,24,A,0,1
11,24,B,0,3
11,24,C,1,11
11,25,A,0,1
11,25,B,0,3
11,25,C,0,10
11,26,A,0,1
11,26,B,0,3
11,26,C,0,9
11,27,A,0,1
11,27,B,0,3
11,27,C,0,9
11,28,A,0,1
11,28,B,0,3
11,28,C,0,9
11,29,A,0,0
11,29,B,0,3
11,29,C,0,9
11,30,A,0,0
11,30,B,0,3
11,30,C,0,9
11,31,A,0,0
11,31,B,0,2
11,31,C,1,10
11,32,A,0,0
11,32,B,0,2
11,32,C,0,10
11,33,A,0,0
11,33,B,1,3
11,33,C,0,10
11,34,A,0,0
11,34,B,0,3
11,34,C,0,9
11,35,A,0,0
11,35,B,0,3
11,35,C,0,9
11,36,A,0,0
11,36,B,0,3
11,36,C,0,6
11,37,A,0,0
11,37,B,0,3
11,37,C,0,5
11,38,A,0,0
11,38,B,0,3
11,38,C,0,4
11,39,A,0,0
11,39,B,0,3
11,39,C,0,4
11,40,A,0,0
11,40,B,1,4
11,40,C,0,4
11,41,A,0,0
11,41,B,0,4
11,41,C,0,3
11,42,A,0,0
11,42,B,0,4
11,42,C,0,2
11,43,A,0,0
11,43,B,0,4
11,43,C,0,2
11,44,A,0,0
11,44,B,0,4
11,44,C,0,2
11,45,A,0,0
11,45,B,0,4
11,45,C,3,5
11,46,A,0,0
11,46,B,0,4
11,46,C,1,6
11,47,A,1,1
11,47,B,0,4
11,47,C,1,7
11,48,A,1,2
11,48,B,1,4
11,48,C,0,7
11,49,A,1,3
11,49,B,0,4
11,49,C,0,7
11,50,A,0,3
11,50,B,0,4
11,50,C,1,8
11,51,A,1,4
11,51,B,0,4
11,51,C,0,8
11,52,A,0,4
11,52,B,0,3
11,52,C,0,8
11,53,A,0,4
11,53,B,0,3
11,53,C,2,10
11,54,A,0,4
11,54,B,0,3
11,54,C,0,10
11,55,A,0,4
11,55,B,1,4
11,55,C,0,10
11,56,A,0,4
11,56,B,0,4
11,56,C,0,10
11,57,A,0,4
11,57,B,0,4
11,57,C,1,11
11,58,A,0,4
11,58,B,0,4
11,58,C,0,10
11,59,A,0,4
11,59,B,0,4
11,59,C,0,10
11,60,A,0,3
11,60,B,0,3
11,60,C,0,10
11,61,A,0,3
11,61,B,0,3
11,61,C,0,9
11,62,A,0,3
11,62,B,0,3
11,62,C,0,8
11,63,A,0,3
11,63,B,0,3
11,63,C,0,8
11,64,A,2,5
11,64,B,0,3
11,64,C,0,8
11,65,A,1,6
11,65,B,0,3
11,65,C,0,6
11,66,A,0,5
11,66,B,0,3
11,66,C,0,6
11,67,A,1,5
11,67,B,0,2
11,67,C,0,6
11,68,A,0,4
11,68,B,0,1
11,68,C,0,6
11,69,A,2,6
11,69,B,0,1
11,69,C,0,4
11,70,A,1,7
11,70,B,1,2
11,70,C,1,5
11,71,A,1,8
11,71,B,0,2
11,71,C,0,4
11,72,A,0,8
11,72,B,0,2
11,72,C,0,4
11,73,A,0,8
11,73,B,0,2
11,73,C,0,4
11,74,A,0,8
11,74,B,0,2
11,74,C,0,4
11,75,A,0,8
11,75,B,0,2
11,75,C,0,4
11,76,A,0,8
11,76,B,1,3
11,76,C,0,2
11,77,A,1,8
11,77,B,1,4
11,77,C,0,2
11,78,A,0,8
11,78,B,2,6
11,78,C,0,2
11,79,A,0,8
11,79,B,1,7
11,79,C,0,2
11,80,A,0,8
11,80,B,0,7
11,80,C,0,2
11,81,A,0,8
11,81,B,0,7
11,81,C,0,2
11,82,A,0,8
11,82,B,0,7
11,82,C,1,3
11,83,A,0,6
11,83,B,0,7
11,83,C,0,3
11,84,A,0,6
11,84,B,1,8
11,84,C,0,3
11,85,A,0,5
11,85,B,1,9
11,85,C,0,3
11,86,A,0,5
11,86,B,1,10
11,86,C,0,3
11,87,A,0,5
11,87,B,2,12
11,87,C,0,3
11,88,A,0,3
11,88,B,0,12
11,88,C,0,3
11,89,A,1,4
11,89,B,1,13
11,89,C,0,3
11,90,A,0,4
11,90,B,0,13
11,90,C,0,3
11,91,A,0,4
11,91,B,2,13
11,91,C,0,3
11,92,A,0,4
11,92,B,1,14
11,92,C,0,3
11,93,A,0,3
11,93,B,0,14
11,93,C,0,3
11,94,A,1,4
11,94,B,0,14
11,94,C,0,3
11,95,A,1,5
11,95,B,0,13
11,95,C,0,2
11,96,A,1,6
11,96,B,0,12
11,96,C,0,2
11,97,A,0,6
11,97,B,0,12
11,97,C,0,2
11,98,A,0,6
11,98,B,1,13
11,98,C,0,2
11,99,A,0,6
11,99,B,2,15
11,99,C,0,2
11,100,A,0,6
11,100,B,2,16
11,100,C,1,3
11,101,A,0,6
11,101,B,4,20
11,101,C,0,2
11,102,A,2,8
11,102,B,0,20
11,102,C,1,2
11,103,A,0,8
11,103,B,1,20
11,103,C,0,2
11,104,A,0,8
11,104,B,2,21
11,104,C,0,2
11,105,A,2,8
11,105,B,1,21
11,105,C,0,2
11,106,A,0,8
11,106,B,1,22
11,106,C,0,2
11,107,A,0,8
11,107,B,0,22
11,107,C,0,2
11,108,A,0,8
11,108,B,1,23
11,108,C,1,3
11,109,A,0,8
11,109,B,1,23
11,109,C,1,4
11,110,A,0,8
11,110,B,3,25
11,110,C,0,4
11,111,A,1,9
11,111,B,3,28
11,111,C,0,4
11,112,A,2,11
11,112,B,0,28
11,112,C,0,4
11,113,A,1,12
11,113,B,1,29
11,113,C,0,4
11,114,A,0,12
11,114,B,1,28
11,114,C,0,4
11,115,A,0,11
11,115,B,1,29
11,115,C,0,4
11,116,A,0,11
11,116,B,0,28
11,116,C,0,4
11,117,A,1,12
11,117,B,1,28
11,117,C,0,4
11,118,A,1,13
11,118,B,0,27
11,118,C,0,4
11,119,A,0,12
11,119,B,0,25
11,119,C,0,4
12,0,A,1,11
12,0,B,2,7
12,0,C,0,19
12,1,A,0,11
12,1,B,0,7
12,1,C,0,18
12,2,A,0,10
12,2,B,0,7
12,2,C,0,16
12,3,A,0,8
12,3,B,0,6
12,3,C,1,15
12,4,A,0,8
12,4,B,1,7
12,4,C,0,13
12,5,A,0,7
12,5,B,0,7
12,5,C,0,11
12,6,A,0,7
12,6,B,0,7
12,6,C,0,10
12,7,A,1,7
12,7,B,0,7
12,7,C,0,10
12,8,A,0,7
12,8,B,0,7
12,8,C,0,9
12,9,A,0,7
12,9,B,0,7
12,9,C,0,8
12,10,A,1,7
12,10,B,2,8
12,10,C,0,7
12,11,A,1,7
12,11,B,0,8
12,11,C,0,7
12,12,A,0,6
12,12,B,0,8
12,12,C,0,7
12,13,A,0,6
12,13,B,0,8
12,13,C,0,7
12,14,A,0,5
12,14,B,0,7
12,14,C,0,5
12,15,A,0,5
12,15,B,0,6
12,15,C,0,4
12,16,A,0,5
12,16,B,0,6
12,16,C,0,4
12,17,A,0,5
12,17,B,0,6
12,17,C,0,4
12,18,A,0,5
12,18,B,0,6
12,18,C,0,4
12,19,A,0,5
12,19,B,1,7
12,19,C,1,5
12,20,A,1,5
12,20,B,1,7
12,20,C,0,5
12,21,A,0,5
12,21,B,1,8
12,21,C,0,5
12,22,A,0,5
12,22,B,0,8
12,22,C,0,5
12,23,A,0,5
12,23,B,0,8
12,23,C,0,5
12,24,A,0,3
12,24,B,0,7
12,24,C,0,5
12,25,A,0,3
12,25,B,0,6
12,25,C,0,5
12,26,A,0,3
12,26,B,0,5
12,26,C,1,5
12,27,A,0,3
12,27,B,1,6
12,27,C,1,6
12,28,A,0,3
12,28,B,0,6
12,28,C,0,5
12,29,A,0,3
12,29,B,0,6
12,29,C,0,5
12,30,A,0,3
12,30,B,0,4
12,30,C,1,6
12,31,A,0,2
12,31,B,0,4
12,31,C,3,9
12,32,A,0,2
12,32,B,1,5
12,32,C,1,10
12,33,A,0,2
12,33,B,0,5
12,33,C,1,11
12,34,A,0,2
12,34,B,1,6
12,34,C,0,11
12,35,A,0,2
12,35,B,1,6
12,35,C,1,11
12,36,A,0,2
12,36,B,0,6
12,36,C,1,12
12,37,A,0,2
12,37,B,0,6
12,37,C,0,12
12,38,A,0,2
12,38,B,2,8
12,38,C,1,12
12,39,A,0,2
12,39,B,2,10
12,39,C,0,12
12,40,A,0,2
12,40,B,0,10
12,40,C,1,13
12,41,A,0,2
12,41,B,0,9
12,41,C,0,13
12,42,A,0,2
12,42,B,1,10
12,42,C,1,14
12,43,A,0,2
12,43,B,1,11
12,43,C,0,14
12,44,A,0,2
12,44,B,0,10
12,44,C,1,14
12,45,A,0,2
12,45,B,0,10
12,45,C,0,14
12,46,A,0,2
12,46,B,1,11
12,46,C,0,13
12,47,A,0,2
12,47,B,0,11
12,47,C,1,14
12,48,A,0,2
12,48,B,0,10
12,48,C,1,15
12,49,A,0,2
12,49,B,0,10
12,49,C,0,12
12,50,A,0,2
12,50,B,0,10
12,50,C,0,12
12,51,A,0,2
12,51,B,1,11
12,51,C,0,11
12,52,A,0,2
12,52,B,3,13
12,52,C,0,11
12,53,A,0,2
12,53,B,0,13
12,53,C,0,10
12,54,A,0,2
12,54,B,1,13
12,54,C,2,12
12,55,A,0,2
12,55,B,1,13
12,55,C,1,13
12,56,A,0,2
12,56,B,1,13
12,56,C,1,12
12,57,A,0,2
12,57,B,0,12
12,57,C,0,12
12,58,A,1,3
12,58,B,1,12
12,58,C,0,12
12,59,A,0,3
12,59,B,0,10
12,59,C,1,12
12,60,A,0,2
12,60,B,0,10
12,60,C,1,11
12,61,A,0,2
12,61,B,0,10
12,61,C,0,11
12,62,A,0,2
12,62,B,1,11
12,62,C,0,10
12,63,A,0,2
12,63,B,1,12
12,63,C,1,10
12,64,A,0,2
12,64,B,1,13
12,64,C,2,11
12,65,A,0,2
12,65,B,0,11
12,65,C,1,12
12,66,A,0,2
12,66,B,1,11
12,66,C,0,11
12,67,A,2,4
12,67,B,1,12
12,67,C,0,11
12,68,A,0,4
12,68,B,0,10
12,68,C,0,11
12,69,A,0,4
12,69,B,1,11
12,69,C,0,10
12,70,A,0,4
12,70,B,1,12
12,70,C,0,10
12,71,A,0,4
12,71,B,1,13
12,71,C,0,8
12,72,A,0,4
12,72,B,1,13
12,72,C,0,8
12,73,A,0,3
12,73,B,0,13
12,73,C,0,6
12,74,A,0,3
12,74,B,0,13
12,74,C,0,6
12,75,A,1,3
12,75,B,0,13
12,75,C,0,6
12,76,A,0,3
12,76,B,0,12
12,76,C,0,6
12,77,A,0,3
12,77,B,0,12
12,77,C,0,5
12,78,A,1,4
12,78,B,0,12
12,78,C,0,5
12,79,A,0,4
12,79,B,0,11
12,79,C,0,4
12,80,A,0,4
12,80,B,0,11
12,80,C,0,3
12,81,A,0,4
12,81,B,0,9
12,81,C,0,3
12,82,A,0,3
12,82,B,0,8
12,82,C,2,5
12,83,A,1,4
12,83,B,0,6
12,83,C,1,6
12,84,A,1,5
12,84,B,0,6
12,84,C,0,6
12,85,A,0,5
12,85,B,0,5
12,85,C,0,6
12,86,A,0,5
12,86,B,0,5
12,86,C,1,6
12,87,A,0,5
12,87,B,0,4
12,87,C,0,6
12,88,A,0,5
12,88,B,0,4
12,88,C,1,7
12,89,A,0,5
12,89,B,0,4
12,89,C,0,7
12,90,A,0,5
12,90,B,0,3
12,90,C,0,7
12,91,A,0,5
12,91,B,0,3
12,91,C,0,7
12,92,A,0,5
12,92,B,0,3
12,92,C,0,7
12,93,A,0,3
12,93,B,0,3
12,93,C,0,7
12,94,A,0,3
12,94,B,0,1
12,94,C,1,8
12,95,A,0,2
12,95,B,0,1
12,95,C,1,8
12,96,A,0,2
12,96,B,0,1
12,96,C,0,8
12,97,A,0,1
12,97,B,3,4
12,97,C,0,8
12,98,A,0,1
12,98,B,3,6
12,98,C,0,8
12,99,A,0,1
12,99,B,1,7
12,99,C,0,6
12,100,A,0,1
12,100,B,0,7
12,100,C,0,5
12,101,A,1,2
12,101,B,0,7
12,101,C,0,5
12,102,A,0,1
12,102,B,0,7
12,102,C,0,5
12,103,A,1,2
12,103,B,0,7
12,103,C,1,6
12,104,A,0,2
12,104,B,1,8
12,104,C,1,7
12,105,A,0,2
12,105,B,0,8
12,105,C,1,7
12,106,A,1,3
12,106,B,0,8
12,106,C,0,6
12,107,A,0,3
12,107,B,2,10
12,107,C,1,7
12,108,A,2,5
12,108,B,2,12
12,108,C,0,7
12,109,A,0,5
12,109,B,2,14
12,109,C,2,9
12,110,A,0,5
12,110,B,1,14
12,110,C,1,9
12,111,A,0,5
12,111,B,1,15
12,111,C,1,10
12,112,A,0,5
12,112,B,1,15
12,112,C,0,10
12,113,A,0,5
12,113,B,0,15
12,113,C,1,11
12,114,A,0,5
12,114,B,1,16
12,114,C,2,13
12,115,A,0,5
12,115,B,0,15
12,115,C,0,13
12,116,A,0,5
12,116,B,0,15
12,116,C,3,16
12,117,A,4,8
12,117,B,0,14
12,117,C,1,17
12,118,A,2,10
12,118,B,1,15
12,118,C,1,17
12,119,A,0,10
12,119,B,0,15
12,119,C,2,19
13,0,A,1,11
13,0,B,2,6
13,0,C,1,7
13,1,A,2,12
13,1,B,0,6
13,1,C,0,7
13,2,A,0,12
13,2,B,1,5
13,2,C,0,7
13,3,A,0,12
13,3,B,0,5
13,3,C,0,4
13,4,A,0,12
13,4,B,0,4
13,4,C,2,6
13,5,A,0,11
13,5,B,0,4
13,5,C,1,6
13,6,A,0,11
13,6,B,0,4
13,6,C,0,6
13,7,A,2,11
13,7,B,0,4
13,7,C,0,6
13,8,A,1,11
13,8,B,0,4
13,8,C,0,6
13,9,A,0,10
13,9,B,0,4
13,9,C,0,6
13,10,A,1,10
13,10,B,0,4
13,10,C,0,5
13,11,A,1,11
13,11,B,0,4
13,11,C,0,5
13,12,A,1,11
13,12,B,0,4
13,12,C,0,5
13,13,A,0,11
13,13,B,0,4
13,13,C,0,5
13,14,A,2,13
13,14,B,0,4
13,14,C,0,5
13,15,A,1,14
13,15,B,2,5
13,15,C,0,5
13,16,A,2,15
13,16,B,0,5
13,16,C,1,6
13,17,A,0,14
13,17,B,0,4
13,17,C,0,6
13,18,A,0,14
13,18,B,0,4
13,18,C,2,8
13,19,A,0,14
13,19,B,0,4
13,19,C,1,9
13,20,A,0,13
13,20,B,1,4
13,20,C,1,10
13,21,A,1,14
13,21,B,0,4
13,21,C,1,11
13,22,A,0,14
13,22,B,0,4
13,22,C,0,11
13,23,A,1,14
13,23,B,0,4
13,23,C,0,11
13,24,A,0,13
13,24,B,1,4
13,24,C,0,11
13,25,A,0,13
13,25,B,0,4
13,25,C,0,11
13,26,A,1,14
13,26,B,0,4
13,26,C,0,10
13,27,A,0,12
13,27,B,0,4
13,27,C,1,11
13,28,A,0,12
13,28,B,0,4
13,28,C,1,12
13,29,A,0,11
13,29,B,0,4
13,29,C,3,15
13,30,A,0,11
13,30,B,1,5
13,30,C,2,17
13,31,A,0,10
13,31,B,0,5
13,31,C,1,18
13,32,A,0,10
13,32,B,0,4
13,32,C,1,18
13,33,A,0,9
13,33,B,0,4
13,33,C,1,19
13,34,A,0,6
13,34,B,0,3
13,34,C,1,20
13,35,A,1,7
13,35,B,0,3
13,35,C,0,19
13,36,A,0,7
13,36,B,1,3
13,36,C,1,20
13,37,A,0,7
13,37,B,0,3
13,37,C,3,22
13,38,A,0,7
13,38,B,0,3
13,38,C,2,24
13,39,A,0,7
13,39,B,1,4
13,39,C,1,24
13,40,A,1,7
13,40,B,1,5
13,40,C,0,24
13,41,A,0,6
13,41,B,1,6
13,41,C,1,24
13,42,A,0,6
13,42,B,0,6
13,42,C,0,22
13,43,A,0,6
13,43,B,0,6
13,43,C,1,22
13,44,A,0,6
13,44,B,0,6
13,44,C,0,22
13,45,A,0,5
13,45,B,0,6
13,45,C,0,21
13,46,A,0,5
13,46,B,0,6
13,46,C,1,21
13,47,A,1,6
13,47,B,0,6
13,47,C,2,22
13,48,A,0,6
13,48,B,0,6
13,48,C,0,21
13,49,A,0,6
13,49,B,0,5
13,49,C,0,20
13,50,A,0,6
13,50,B,0,5
13,50,C,1,19
13,51,A,0,6
13,51,B,0,5
13,51,C,1,19
13,52,A,1,6
13,52,B,0,5
13,52,C,1,18
13,53,A,0,5
13,53,B,0,4
13,53,C,1,18
13,54,A,0,5
13,54,B,4,8
13,54,C,0,17
13,55,A,0,5
13,55,B,1,8
13,55,C,1,18
13,56,A,0,5
13,56,B,0,8
13,56,C,0,15
13,57,A,0,4
13,57,B,2,10
13,57,C,0,15
13,58,A,0,4
13,58,B,0,9
13,58,C,0,15
13,59,A,0,3
13,59,B,0,9
13,59,C,0,14
13,60,A,0,2
13,60,B,0,9
13,60,C,0,14
13,61,A,0,2
13,61,B,0,9
13,61,C,0,13
13,62,A,0,2
13,62,B,1,10
13,62,C,0,12
13,63,A,0,2
13,63,B,1,11
13,63,C,0,12
13,64,A,0,1
13,64,B,1,11
13,64,C,0,11
13,65,A,0,1
13,65,B,0,11
13,65,C,1,11
13,66,A,0,1
13,66,B,1,12
13,66,C,1,10
13,67,A,0,1
13,67,B,2,13
13,67,C,0,10
13,68,A,0,0
13,68,B,0,12
13,68,C,1,11
13,69,A,0,0
13,69,B,2,14
13,69,C,0,11
13,70,A,0,0
13,70,B,0,13
13,70,C,1,10
13,71,A,0,0
13,71,B,0,12
13,71,C,0,9
13,72,A,0,0
13,72,B,2,14
13,72,C,0,8
13,73,A,0,0
13,73,B,2,16
13,73,C,0,8
13,74,A,0,0
13,74,B,1,17
13,74,C,1,8
13,75,A,0,0
13,75,B,0,16
13,75,C,0,8
13,76,A,0,0
13,76,B,0,15
13,76,C,0,8
13,77,A,2,2
13,77,B,1,16
13,77,C,0,8
13,78,A,2,4
13,78,B,0,16
13,78,C,1,9
13,79,A,0,4
13,79,B,0,14
13,79,C,0,7
13,80,A,0,4
13,80,B,0,14
13,80,C,0,7
13,81,A,0,4
13,81,B,0,14
13,81,C,0,7
13,82,A,0,4
13,82,B,3,16
13,82,C,2,8
13,83,A,0,4
13,83,B,4,20
13,83,C,0,8
13,84,A,0,4
13,84,B,1,21
13,84,C,0,7
13,85,A,0,4
13,85,B,4,24
13,85,C,0,7
13,86,A,0,4
13,86,B,0,24
13,86,C,0,7
13,87,A,0,4
13,87,B,4,26
13,87,C,0,5
13,88,A,0,4
13,88,B,0,26
13,88,C,0,5
13,89,A,0,4
13,89,B,1,27
13,89,C,1,6
13,90,A,0,4
13,90,B,0,25
13,90,C,0,6
13,91,A,0,4
13,91,B,1,25
13,91,C,1,6
13,92,A,0,4
13,92,B,0,24
13,92,C,0,6
13,93,A,0,4
13,93,B,0,24
13,93,C,0,6
13,94,A,1,4
13,94,B,1,25
13,94,C,1,7
13,95,A,0,4
13,95,B,1,25
13,95,C,0,7
13,96,A,0,4
13,96,B,1,26
13,96,C,0,6
13,97,A,0,4
13,97,B,0,25
13,97,C,2,6
13,98,A,1,5
13,98,B,3,26
13,98,C,0,5
13,99,A,0,4
13,99,B,2,25
13,99,C,0,5
13,100,A,0,4
13,100,B,0,24
13,100,C,1,6
13,101,A,0,4
13,101,B,1,24
13,101,C,0,6
13,102,A,1,5
13,102,B,1,22
13,102,C,1,7
13,103,A,0,5
13,103,B,1,21
13,103,C,1,8
13,104,A,0,5
13,104,B,0,20
13,104,C,0,7
13,105,A,0,5
13,105,B,0,19
13,105,C,0,7
13,106,A,0,5
13,106,B,1,20
13,106,C,0,7
13,107,A,0,5
13,107,B,0,20
13,107,C,0,6
13,108,A,0,5
13,108,B,2,21
13,108,C,0,5
13,109,A,1,6
13,109,B,0,20
13,109,C,0,5
13,110,A,0,5
13,110,B,0,17
13,110,C,1,6
13,111,A,0,4
13,111,B,0,16
13,111,C,2,7
13,112,A,0,4
13,112,B,0,15
13,112,C,0,7
13,113,A,0,3
13,113,B,0,15
13,113,C,0,7
13,114,A,0,3
13,114,B,1,15
13,114,C,0,7
13,115,A,0,3
13,115,B,0,14
13,115,C,1,8
13,116,A,0,3
13,116,B,0,13
13,116,C,0,8
13,117,A,0,2
13,117,B,1,11
13,117,C,0,8
13,118,A,0,2
13,118,B,0,11
13,118,C,0,7
13,119,A,0,1
13,119,B,0,10
13,119,C,0,7
14,0,A,1,21
14,0,B,0,5
14,0,C,1,6
14,1,A,0,21
14,1,B,0,5
14,1,C,5,11
14,2,A,0,20
14,2,B,0,5
14,2,C,2,12
14,3,A,0,17
14,3,B,0,5
14,3,C,0,12
14,4,A,1,18
14,4,B,0,4
14,4,C,2,14
14,5,A,0,17
14,5,B,0,3
14,5,C,0,13
14,6,A,2,19
14,6,B,1,4
14,6,C,0,13
14,7,A,1,20
14,7,B,2,5
14,7,C,1,14
14,8,A,0,19
14,8,B,0,5
14,8,C,0,14
14,9,A,0,19
14,9,B,0,5
14,9,C,1,15
14,10,A,0,15
14,10,B,0,5
14,10,C,0,14
14,11,A,0,14
14,11,B,1,5
14,11,C,2,16
14,12,A,0,14
14,12,B,0,5
14,12,C,0,15
14,13,A,0,14
14,13,B,0,5
14,13,C,0,14
14,14,A,0,14
14,14,B,0,4
14,14,C,1,14
14,15,A,0,13
14,15,B,0,4
14,15,C,0,14
14,16,A,1,14
14,16,B,0,4
14,16,C,0,13
14,17,A,0,13
14,17,B,0,4
14,17,C,0,13
14,18,A,2,15
14,18,B,0,4
14,18,C,0,13
14,19,A,2,16
14,19,B,0,4
14,19,C,0,11
14,20,A,0,15
14,20,B,0,4
14,20,C,0,10
14,21,A,0,15
14,21,B,0,4
14,21,C,0,10
14,22,A,0,14
14,22,B,1,4
14,22,C,0,9
14,23,A,0,14
14,23,B,0,4
14,23,C,0,8
14,24,A,0,13
14,24,B,0,4
14,24,C,1,6
14,25,A,0,12
14,25,B,0,4
14,25,C,0,6
14,26,A,0,12
14,26,B,0,3
14,26,C,0,5
14,27,A,0,12
14,27,B,0,3
14,27,C,0,4
14,28,A,0,12
14,28,B,0,3
14,28,C,0,4
14,29,A,1,13
14,29,B,0,3
14,29,C,0,4
14,30,A,0,13
14,30,B,0,3
14,30,C,0,3
14,31,A,0,13
14,31,B,0,3
14,31,C,0,3
14,32,A,2,14
14,32,B,0,3
14,32,C,1,4
14,33,A,0,14
14,33,B,0,1
14,33,C,0,4
14,34,A,2,14
14,34,B,0,1
14,34,C,1,5
14,35,A,1,13
14,35,B,0,1
14,35,C,0,5
14,36,A,1,13
14,36,B,0,1
14,36,C,1,6
14,37,A,0,12
14,37,B,0,0
14,37,C,0,6
14,38,A,0,12
14,38,B,0,0
14,38,C,1,7
14,39,A,1,13
14,39,B,0,0
14,39,C,0,7
14,40,A,1,14
14,40,B,1,1
14,40,C,0,7
14,41,A,0,13
14,41,B,0,1
14,41,C,1,6
14,42,A,1,14
14,42,B,0,1
14,42,C,2,8
14,43,A,0,14
14,43,B,0,1
14,43,C,0,8
14,44,A,0,14
14,44,B,0,1
14,44,C,0,8
14,45,A,0,14
14,45,B,0,1
14,45,C,0,8
14,46,A,0,14
14,46,B,1,2
14,46,C,0,8
14,47,A,0,13
14,47,B,0,2
14,47,C,0,8
14,48,A,0,12
14,48,B,0,2
14,48,C,0,8
14,49,A,0,12
14,49,B,0,2
14,49,C,0,7
14,50,A,0,12
14,50,B,0,2
14,50,C,0,7
14,51,A,0,8
14,51,B,0,2
14,51,C,0,7
14,52,A,1,9
14,52,B,0,2
14,52,C,0,7
14,53,A,1,9
14,53,B,0,2
14,53,C,0,6
14,54,A,0,9
14,54,B,1,3
14,54,C,0,6
14,55,A,1,9
14,55,B,0,3
14,55,C,0,6
14,56,A,0,8
14,56,B,0,2
14,56,C,0,6
14,57,A,1,9
14,57,B,0,2
14,57,C,0,5
14,58,A,1,9
14,58,B,0,2
14,58,C,0,5
14,59,A,1,9
14,59,B,0,2
14,59,C,0,5
14,60,A,2,11
14,60,B,0,2
14,60,C,0,4
14,61,A,1,12
14,61,B,0,2
14,61,C,0,4
14,62,A,1,13
14,62,B,0,2
14,62,C,0,3
14,63,A,1,14
14,63,B,0,2
14,63,C,1,2
14,64,A,0,13
14,64,B,0,2
14,64,C,0,2
14,65,A,0,13
14,65,B,0,2
14,65,C,0,2
14,66,A,0,12
14,66,B,1,3
14,66,C,0,2
14,67,A,0,12
14,67,B,0,3
14,67,C,0,2
14,68,A,0,11
14,68,B,0,3
14,68,C,0,2
14,69,A,1,11
14,69,B,0,3
14,69,C,1,3
14,70,A,1,12
14,70,B,0,2
14,70,C,0,3
14,71,A,0,12
14,71,B,0,2
14,71,C,2,5
14,72,A,0,11
14,72,B,0,2
14,72,C,0,5
14,73,A,0,11
14,73,B,0,2
14,73,C,0,5
14,74,A,0,11
14,74,B,0,2
14,74,C,0,5
14,75,A,1,11
14,75,B,1,3
14,75,C,0,5
14,76,A,0,10
14,76,B,0,2
14,76,C,0,5
14,77,A,0,8
14,77,B,1,3
14,77,C,0,4
14,78,A,0,8
14,78,B,1,4
14,78,C,0,4
14,79,A,1,9
14,79,B,0,4
14,79,C,0,4
14,80,A,1,10
14,80,B,0,4
14,80,C,1,5
14,81,A,1,10
14,81,B,1,5
14,81,C,0,5
14,82,A,0,10
14,82,B,0,5
14,82,C,0,5
14,83,A,0,10
14,83,B,0,4
14,83,C,0,5
14,84,A,1,10
14,84,B,0,4
14,84,C,0,5
14,85,A,0,10
14,85,B,0,4
14,85,C,1,4
14,86,A,1,11
14,86,B,0,4
14,86,C,0,4
14,87,A,0,11
14,87,B,0,4
14,87,C,0,4
14,88,A,1,12
14,88,B,1,5
14,88,C,0,4
14,89,A,0,11
14,89,B,0,5
14,89,C,0,4
14,90,A,0,11
14,90,B,0,5
14,90,C,0,4
14,91,A,0,11
14,91,B,0,5
14,91,C,0,3
14,92,A,0,11
14,92,B,0,5
14,92,C,0,3
14,93,A,0,11
14,93,B,0,5
14,93,C,1,3
14,94,A,0,10
14,94,B,0,4
14,94,C,0,3
14,95,A,0,10
14,95,B,0,4
14,95,C,0,3
14,96,A,0,9
14,96,B,0,4
14,96,C,1,3
14,97,A,0,8
14,97,B,0,4
14,97,C,0,3
14,98,A,1,8
14,98,B,1,5
14,98,C,0,2
14,99,A,0,7
14,99,B,0,5
14,99,C,0,2
14,100,A,1,8
14,100,B,0,4
14,100,C,1,3
14,101,A,0,6
14,101,B,1,4
14,101,C,0,3
14,102,A,0,5
14,102,B,1,4
14,102,C,0,3
14,103,A,1,6
14,103,B,0,4
14,103,C,0,3
14,104,A,0,5
14,104,B,1,5
14,104,C,0,3
14,105,A,0,5
14,105,B,0,5
14,105,C,1,4
14,106,A,0,5
14,106,B,1,6
14,106,C,2,6
14,107,A,0,4
14,107,B,0,6
14,107,C,2,7
14,108,A,0,4
14,108,B,0,6
14,108,C,0,7
14,109,A,0,4
14,109,B,1,7
14,109,C,1,8
14,110,A,0,4
14,110,B,0,7
14,110,C,0,8
14,111,A,1,5
14,111,B,1,8
14,111,C,0,8
14,112,A,0,5
14,112,B,1,9
14,112,C,0,8
14,113,A,0,5
14,113,B,0,9
14,113,C,0,8
14,114,A,0,4
14,114,B,0,9
14,114,C,0,8
14,115,A,0,4
14,115,B,0,9
14,115,C,0,8
14,116,A,0,4
14,116,B,0,9
14,116,C,1,8
14,117,A,0,4
14,117,B,0,8
14,117,C,1,9
14,118,A,0,4
14,118,B,0,8
14,118,C,0,9
14,119,A,0,4
14,119,B,1,9
14,119,C,3,11
15,0,A,0,1
15,0,B,0,2
15,0,C,0,8
15,1,A,0,1
15,1,B,0,2
15,1,C,0,8
15,2,A,0,1
15,2,B,1,1
15,2,C,0,7
15,3,A,0,1
15,3,B,0,1
15,3,C,0,7
15,4,A,0,1
15,4,B,0,1
15,4,C,0,7
15,5,A,1,2
15,5,B,0,1
15,5,C,0,7
15,6,A,0,2
15,6,B,2,3
15,6,C,0,6
15,7,A,0,2
15,7,B,0,3
15,7,C,0,6
15,8,A,0,2
15,8,B,0,3
15,8,C,0,6
15,9,A,0,2
15,9,B,0,3
15,9,C,0,5
15,10,A,0,2
15,10,B,0,3
15,10,C,0,4
15,11,A,0,1
15,11,B,0,3
15,11,C,0,3
15,12,A,0,1
15,12,B,0,3
15,12,C,0,3
15,13,A,0,1
15,13,B,0,3
15,13,C,1,4
15,14,A,1,2
15,14,B,0,3
15,14,C,0,4
15,15,A,0,2
15,15,B,0,3
15,15,C,0,4
15,16,A,0,2
15,16,B,3,6
15,16,C,1,4
15,17,A,0,2
15,17,B,0,6
15,17,C,0,4
15,18,A,0,2
15,18,B,0,5
15,18,C,0,4
15,19,A,1,2
15,19,B,1,6
15,19,C,1,5
15,20,A,0,2
15,20,B,0,6
15,20,C,0,5
15,21,A,0,2
15,21,B,0,6
15,21,C,0,5
15,22,A,0,2
15,22,B,0,6
15,22,C,1,6
15,23,A,0,2
15,23,B,0,6
15,23,C,1,7
15,24,A,1,3
15,24,B,0,6
15,24,C,0,6
15,25,A,1,4
15,25,B,1,7
15,25,C,0,6
15,26,A,0,4
15,26,B,1,8
15,26,C,0,6
15,27,A,0,4
15,27,B,0,8
15,27,C,0,6
15,28,A,0,4
15,28,B,0,8
15,28,C,0,5
15,29,A,0,4
15,29,B,0,8
15,29,C,0,5
15,30,A,0,4
15,30,B,0,7
15,30,C,0,5
15,31,A,0,4
15,31,B,0,6
15,31,C,0,4
15,32,A,1,5
15,32,B,0,6
15,32,C,0,4
15,33,A,0,5
15,33,B,0,6
15,33,C,0,4
15,34,A,0,5
15,34,B,0,5
15,34,C,0,3
15,35,A,0,5
15,35,B,1,6
15,35,C,0,3
15,36,A,0,5
15,36,B,0,6
15,36,C,0,3
15,37,A,1,6
15,37,B,0,6
15,37,C,0,2
15,38,A,1,5
15,38,B,0,6
15,38,C,0,1
15,39,A,0,5
15,39,B,0,6
15,39,C,0,1
15,40,A,0,5
15,40,B,1,6
15,40,C,0,1
15,41,A,0,5
15,41,B,1,7
15,41,C,0,0
15,42,A,1,6
15,42,B,0,7
15,42,C,0,0
15,43,A,0,6
15,43,B,0,7
15,43,C,0,0
15,44,A,1,7
15,44,B,0,7
15,44,C,0,0
15,45,A,2,9
15,45,B,0,7
15,45,C,0,0
15,46,A,2,11
15,46,B,0,7
15,46,C,0,0
15,47,A,3,14
15,47,B,0,7
15,47,C,0,0
15,48,A,2,16
15,48,B,0,7
15,48,C,0,0
15,49,A,2,16
15,49,B,0,7
15,49,C,0,0
15,50,A,0,15
15,50,B,1,8
15,50,C,0,0
15,51,A,1,15
15,51,B,0,8
15,51,C,0,0
15,52,A,2,17
15,52,B,0,8
15,52,C,0,0
15,53,A,0,17
15,53,B,0,8
15,53,C,0,0
15,54,A,0,17
15,54,B,0,7
15,54,C,0,0
15,55,A,0,17
15,55,B,0,7
15,55,C,0,0
15,56,A,1,18
15,56,B,0,7
15,56,C,0,0
15,57,A,0,18
15,57,B,0,7
15,57,C,1,1
15,58,A,0,18
15,58,B,0,7
15,58,C,1,2
15,59,A,0,15
15,59,B,0,7
15,59,C,0,2
15,60,A,0,15
15,60,B,0,7
15,60,C,0,2
15,61,A,0,13
15,61,B,0,7
15,61,C,0,2
15,62,A,3,15
15,62,B,0,7
15,62,C,0,2
15,63,A,0,14
15,63,B,0,7
15,63,C,0,2
15,64,A,0,14
15,64,B,0,5
15,64,C,0,2
15,65,A,0,11
15,65,B,0,5
15,65,C,0,2
15,66,A,0,11
15,66,B,1,6
15,66,C,0,2
15,67,A,1,11
15,67,B,0,5
15,67,C,0,2
15,68,A,0,11
15,68,B,0,5
15,68,C,1,3
15,69,A,0,10
15,69,B,0,5
15,69,C,1,4
15,70,A,0,9
15,70,B,0,5
15,70,C,0,4
15,71,A,0,9
15,71,B,0,5
15,71,C,0,3
15,72,A,0,9
15,72,B,0,5
15,72,C,0,3
15,73,A,0,8
15,73,B,0,3
15,73,C,0,3
15,74,A,1,9
15,74,B,0,3
15,74,C,0,3
15,75,A,0,8
15,75,B,0,3
15,75,C,0,3
15,76,A,0,8
15,76,B,0,3
15,76,C,0,3
15,77,A,0,8
15,77,B,0,3
15,77,C,1,4
15,78,A,0,8
15,78,B,0,3
15,78,C,0,4
15,79,A,0,7
15,79,B,0,3
15,79,C,2,6
15,80,A,0,6
15,80,B,0,2
15,80,C,0,6
15,81,A,0,6
15,81,B,0,2
15,81,C,1,7
15,82,A,0,6
15,82,B,0,1
15,82,C,0,6
15,83,A,1,7
15,83,B,1,2
15,83,C,0,6
15,84,A,1,7
15,84,B,0,2
15,84,C,0,5
15,85,A,1,8
15,85,B,0,2
15,85,C,0,5
15,86,A,0,8
15,86,B,0,2
15,86,C,0,5
15,87,A,0,8
15,87,B,1,3
15,87,C,0,5
15,88,A,0,8
15,88,B,1,4
15,88,C,0,4
15,89,A,1,9
15,89,B,0,4
15,89,C,0,4
15,90,A,0,9
15,90,B,0,4
15,90,C,0,4
15,91,A,0,7
15,91,B,0,4
15,91,C,0,4
15,92,A,0,7
15,92,B,0,4
15,92,C,1,5
15,93,A,0,7
15,93,B,0,4
15,93,C,0,5
15,94,A,0,7
15,94,B,0,4
15,94,C,1,6
15,95,A,0,7
15,95,B,1,5
15,95,C,0,5
15,96,A,0,7
15,96,B,1,6
15,96,C,2,7
15,97,A,0,6
15,97,B,1,7
15,97,C,2,9
15,98,A,0,4
15,98,B,1,8
15,98,C,1,10
15,99,A,0,4
15,99,B,2,10
15,99,C,1,9
15,100,A,0,4
15,100,B,0,10
15,100,C,1,10
15,101,A,1,5
15,101,B,1,11
15,101,C,1,11
15,102,A,1,6
15,102,B,1,11
15,102,C,0,11
15,103,A,2,7
15,103,B,2,12
15,103,C,1,12
15,104,A,1,8
15,104,B,1,13
15,104,C,0,12
15,105,A,0,8
15,105,B,4,17
15,105,C,0,12
15,106,A,0,8
15,106,B,3,20
15,106,C,0,12
15,107,A,0,8
15,107,B,1,21
15,107,C,1,13
15,108,A,0,8
15,108,B,1,22
15,108,C,1,14
15,109,A,0,8
15,109,B,2,24
15,109,C,3,17
15,110,A,0,8
15,110,B,0,24
15,110,C,2,19
15,111,A,1,9
15,111,B,3,27
15,111,C,0,19
15,112,A,0,9
15,112,B,0,25
15,112,C,0,18
15,113,A,0,9
15,113,B,1,26
15,113,C,0,17
15,114,A,0,9
15,114,B,0,24
15,114,C,0,17
15,115,A,0,8
15,115,B,1,25
15,115,C,2,19
15,116,A,0,8
15,116,B,1,24
15,116,C,0,17
15,117,A,0,5
15,117,B,0,22
15,117,C,1,18
15,118,A,0,4
15,118,B,1,22
15,118,C,0,18
15,119,A,1,5
15,119,B,0,21
15,119,C,0,18
16,0,A,0,1
16,0,B,0,3
16,0,C,0,1
16,1,A,0,1
16,1,B,0,3
16,1,C,0,1
16,2,A,1,2
16,2,B,0,3
16,2,C,0,1
16,3,A,0,2
16,3,B,0,3
16,3,C,0,1
16,4,A,0,2
16,4,B,0,3
16,4,C,0,1
16,5,A,0,2
16,5,B,0,3
16,5,C,0,1
16,6,A,0,2
16,6,B,0,2
16,6,C,1,2
16,7,A,0,2
16,7,B,0,2
16,7,C,0,2
16,8,A,0,2
16,8,B,0,1
16,8,C,1,2
16,9,A,1,3
16,9,B,0,1
16,9,C,0,2
16,10,A,0,3
16,10,B,0,1
16,10,C,0,2
16,11,A,0,2
16,11,B,0,1
16,11,C,0,2
16,12,A,1,3
16,12,B,0,1
16,12,C,0,2
16,13,A,0,3
16,13,B,0,1
16,13,C,1,3
16,14,A,0,3
16,14,B,0,1
16,14,C,0,3
16,15,A,0,2
16,15,B,0,1
16,15,C,0,3
16,16,A,0,2
16,16,B,0,1
16,16,C,0,3
16,17,A,0,2
16,17,B,1,1
16,17,C,0,3
16,18,A,1,3
16,18,B,0,1
16,18,C,0,3
16,19,A,0,3
16,19,B,0,1
16,19,C,0,3
16,20,A,0,3
16,20,B,0,1
16,20,C,1,3
16,21,A,1,4
16,21,B,1,2
16,21,C,0,3
16,22,A,0,3
16,22,B,0,2
16,22,C,0,3
16,23,A,1,4
16,23,B,0,2
16,23,C,0,3
16,24,A,0,4
16,24,B,0,2
16,24,C,0,3
16,25,A,0,4
16,25,B,0,2
16,25,C,1,4
16,26,A,0,4
16,26,B,0,2
16,26,C,0,4
16,27,A,0,4
16,27,B,0,2
16,27,C,0,4
16,28,A,0,4
16,28,B,0,2
16,28,C,0,4
16,29,A,0,4
16,29,B,0,2
16,29,C,0,4
16,30,A,0,4
16,30,B,0,2
16,30,C,0,4
16,31,A,0,4
16,31,B,0,2
16,31,C,0,4
16,32,A,1,4
16,32,B,0,2
16,32,C,0,4
16,33,A,1,5
16,33,B,0,2
16,33,C,2,6
16,34,A,1,6
16,34,B,0,2
16,34,C,1,7
16,35,A,0,6
16,35,B,0,2
16,35,C,0,7
16,36,A,0,5
16,36,B,1,3
16,36,C,1,8
16,37,A,0,5
16,37,B,0,3
16,37,C,1,9
16,38,A,0,5
16,38,B,0,3
16,38,C,1,10
16,39,A,1,6
16,39,B,0,3
16,39,C,0,10
16,40,A,0,6
16,40,B,0,3
16,40,C,0,10
16,41,A,0,6
16,41,B,1,4
16,41,C,0,10
16,42,A,0,6
16,42,B,1,5
16,42,C,0,9
16,43,A,0,6
16,43,B,0,5
16,43,C,0,9
16,44,A,0,6
16,44,B,1,5
16,44,C,0,8
16,45,A,1,7
16,45,B,0,5
16,45,C,0,7
16,46,A,0,7
16,46,B,0,5
16,46,C,1,8
16,47,A,1,8
16,47,B,0,5
16,47,C,0,7
16,48,A,0,8
16,48,B,0,5
16,48,C,0,7
16,49,A,0,8
16,49,B,0,5
16,49,C,0,7
16,50,A,2,9
16,50,B,0,5
16,50,C,0,6
16,51,A,0,9
16,51,B,0,5
16,51,C,0,6
16,52,A,2,11
16,52,B,0,5
16,52,C,0,6
16,53,A,0,11
16,53,B,0,5
16,53,C,0,5
16,54,A,0,10
16,54,B,1,6
16,54,C,0,5
16,55,A,0,10
16,55,B,0,5
16,55,C,1,6
16,56,A,1,10
16,56,B,0,5
16,56,C,0,6
16,57,A,1,10
16,57,B,0,5
16,57,C,0,5
16,58,A,3,13
16,58,B,0,5
16,58,C,0,5
16,59,A,1,14
16,59,B,0,4
16,59,C,0,5
16,60,A,1,15
16,60,B,0,4
16,60,C,0,5
16,61,A,1,14
16,61,B,0,4
16,61,C,1,5
16,62,A,1,15
16,62,B,0,4
16,62,C,0,5
16,63,A,0,14
16,63,B,1,4
16,63,C,1,6
16,64,A,1,15
16,64,B,1,4
16,64,C,0,5
16,65,A,0,15
16,65,B,1,4
16,65,C,0,5
16,66,A,0,15
16,66,B,1,5
16,66,C,0,5
16,67,A,0,15
16,67,B,3,8
16,67,C,0,5
16,68,A,0,15
16,68,B,0,8
16,68,C,1,6
16,69,A,0,14
16,69,B,1,8
16,69,C,1,6
16,70,A,0,13
16,70,B,1,9
16,70,C,0,6
16,71,A,0,13
16,71,B,2,11
16,71,C,1,7
16,72,A,1,13
16,72,B,0,11
16,72,C,0,7
16,73,A,0,13
16,73,B,1,12
16,73,C,0,7
16,74,A,0,12
16,74,B,1,13
16,74,C,0,7
16,75,A,0,12
16,75,B,0,13
16,75,C,0,7
16,76,A,0,11
16,76,B,1,14
16,76,C,0,7
16,77,A,1,12
16,77,B,0,14
16,77,C,1,8
16,78,A,0,10
16,78,B,1,14
16,78,C,0,8
16,79,A,0,10
16,79,B,0,13
16,79,C,0,8
16,80,A,0,9
16,80,B,2,15
16,80,C,0,8
16,81,A,0,8
16,81,B,1,16
16,81,C,1,9
16,82,A,0,7
16,82,B,2,16
16,82,C,0,9
16,83,A,1,8
16,83,B,0,15
16,83,C,0,7
16,84,A,0,8
16,84,B,0,15
16,84,C,0,7
16,85,A,0,8
16,85,B,3,18
16,85,C,0,7
16,86,A,0,8
16,86,B,1,18
16,86,C,0,7
16,87,A,0,8
16,87,B,1,19
16,87,C,0,7
16,88,A,0,7
16,88,B,1,20
16,88,C,0,6
16,89,A,0,7
16,89,B,1,20
16,89,C,1,6
16,90,A,0,3
16,90,B,0,19
16,90,C,0,5
16,91,A,0,3
16,91,B,0,18
16,91,C,0,5
16,92,A,0,2
16,92,B,1,19
16,92,C,0,5
16,93,A,0,2
16,93,B,1,20
16,93,C,1,6
16,94,A,0,2
16,94,B,0,20
16,94,C,0,5
16,95,A,0,2
16,95,B,1,19
16,95,C,2,7
16,96,A,0,1
16,96,B,0,19
16,96,C,0,7
16,97,A,0,1
16,97,B,0,19
16,97,C,0,7
16,98,A,0,1
16,98,B,1,18
16,98,C,1,8
16,99,A,0,1
16,99,B,0,16
16,99,C,0,8
16,100,A,0,1
16,100,B,0,16
16,100,C,0,8
16,101,A,0,1
16,101,B,0,14
16,101,C,0,8
16,102,A,0,1
16,102,B,0,14
16,102,C,0,8
16,103,A,0,1
16,103,B,1,13
16,103,C,1,9
16,104,A,0,1
16,104,B,0,12
16,104,C,1,10
16,105,A,0,1
16,105,B,0,11
16,105,C,1,10
16,106,A,0,1
16,106,B,2,12
16,106,C,1,11
16,107,A,0,1
16,107,B,0,12
16,107,C,1,12
16,108,A,0,1
16,108,B,0,12
16,108,C,0,11
16,109,A,0,1
16,109,B,0,12
16,109,C,0,10
16,110,A,0,1
16,110,B,0,10
16,110,C,1,11
16,111,A,0,1
16,111,B,0,10
16,111,C,0,9
16,112,A,0,1
16,112,B,0,9
16,112,C,0,8
16,113,A,0,1
16,113,B,0,8
16,113,C,0,7
16,114,A,0,1
16,114,B,0,8
16,114,C,0,7
16,115,A,0,1
16,115,B,0,7
16,115,C,1,8
16,116,A,0,1
16,116,B,1,8
16,116,C,1,9
16,117,A,1,1
16,117,B,1,9
16,117,C,0,9
16,118,A,0,1
16,118,B,0,8
16,118,C,0,9
16,119,A,0,1
16,119,B,0,8
16,119,C,0,9
17,0,A,0,9
17,0,B,1,29
17,0,C,4,56
17,1,A,2,11
17,1,B,2,29
17,1,C,0,55
17,2,A,0,11
17,2,B,1,29
17,2,C,1,52
17,3,A,1,11
17,3,B,1,29
17,3,C,2,53
17,4,A,2,12
17,4,B,3,32
17,4,C,2,52
17,5,A,2,14
17,5,B,5,37
17,5,C,0,50
17,6,A,3,17
17,6,B,7,43
17,6,C,3,49
17,7,A,2,19
17,7,B,5,47
17,7,C,1,46
17,8,A,1,20
17,8,B,3,47
17,8,C,1,43
17,9,A,1,19
17,9,B,6,53
17,9,C,3,44
17,10,A,2,19
17,10,B,5,56
17,10,C,0,41
17,11,A,0,19
17,11,B,2,56
17,11,C,1,41
17,12,A,2,21
17,12,B,1,55
17,12,C,0,38
17,13,A,2,23
17,13,B,2,57
17,13,C,3,39
17,14,A,1,22
17,14,B,3,60
17,14,C,1,38
17,15,A,1,23
17,15,B,1,59
17,15,C,0,36
17,16,A,3,24
17,16,B,2,60
17,16,C,2,36
17,17,A,3,26
17,17,B,2,60
17,17,C,0,32
17,18,A,2,28
17,18,B,1,59
17,18,C,1,30
17,19,A,7,34
17,19,B,0,57
17,19,C,0,26
17,20,A,1,34
17,20,B,0,55
17,20,C,0,24
17,21,A,2,36
17,21,B,1,54
17,21,C,1,25
17,22,A,0,35
17,22,B,0,50
17,22,C,1,26
17,23,A,2,36
17,23,B,2,50
17,23,C,1,23
17,24,A,0,35
17,24,B,0,46
17,24,C,0,20
17,25,A,2,34
17,25,B,0,43
17,25,C,0,18
17,26,A,3,37
17,26,B,0,41
17,26,C,0,16
17,27,A,1,36
17,27,B,1,38
17,27,C,1,15
17,28,A,8,42
17,28,B,1,35
17,28,C,0,15
17,29,A,1,42
17,29,B,1,27
17,29,C,0,14
17,30,A,4,44
17,30,B,1,27
17,30,C,0,13
17,31,A,3,47
17,31,B,2,29
17,31,C,0,12
17,32,A,1,45
17,32,B,0,26
17,32,C,1,13
17,33,A,2,47
17,33,B,1,25
17,33,C,0,12
17,34,A,1,46
17,34,B,1,26
17,34,C,0,12
17,35,A,2,45
17,35,B,2,26
17,35,C,0,12
17,36,A,0,41
17,36,B,0,25
17,36,C,0,12
17,37,A,0,40
17,37,B,0,24
17,37,C,0,11
17,38,A,3,42
17,38,B,1,23
17,38,C,0,10
17,39,A,0,42
17,39,B,0,22
17,39,C,1,9
17,40,A,0,39
17,40,B,0,20
17,40,C,0,9
17,41,A,0,37
17,41,B,0,16
17,41,C,0,9
17,42,A,2,38
17,42,B,0,15
17,42,C,0,8
17,43,A,1,36
17,43,B,0,13
17,43,C,0,8
17,44,A,0,34
17,44,B,0,12
17,44,C,0,8
17,45,A,0,31
17,45,B,0,12
17,45,C,0,8
17,46,A,0,27
17,46,B,0,12
17,46,C,0,8
17,47,A,0,24
17,47,B,0,10
17,47,C,1,8
17,48,A,0,22
17,48,B,0,10
17,48,C,0,8
17,49,A,0,22
17,49,B,0,9
17,49,C,0,8
17,50,A,0,21
17,50,B,0,9
17,50,C,0,8
17,51,A,0,20
17,51,B,0,7
17,51,C,0,6
17,52,A,0,17
17,52,B,0,5
17,52,C,1,7
17,53,A,0,15
17,53,B,0,4
17,53,C,0,6
17,54,A,0,13
17,54,B,0,4
17,54,C,1,6
17,55,A,0,12
17,55,B,1,5
17,55,C,0,6
17,56,A,0,10
17,56,B,0,5
17,56,C,0,6
17,57,A,0,8
17,57,B,0,5
17,57,C,0,6
17,58,A,0,8
17,58,B,0,5
17,58,C,1,6
17,59,A,0,8
17,59,B,0,5
17,59,C,0,6
17,60,A,0,7
17,60,B,0,5
17,60,C,0,5
17,61,A,0,7
17,61,B,0,4
17,61,C,0,5
17,62,A,0,7
17,62,B,1,5
17,62,C,1,6
17,63,A,0,7
17,63,B,0,5
17,63,C,0,6
17,64,A,0,6
17,64,B,0,5
17,64,C,0,6
17,65,A,0,5
17,65,B,0,4
17,65,C,1,7
17,66,A,0,4
17,66,B,1,5
17,66,C,3,10
17,67,A,0,4
17,67,B,0,4
17,67,C,2,11
17,68,A,0,3
17,68,B,0,4
17,68,C,0,11
17,69,A,0,3
17,69,B,0,4
17,69,C,0,11
17,70,A,0,2
17,70,B,0,4
17,70,C,0,11
17,71,A,0,2
17,71,B,0,3
17,71,C,0,11
17,72,A,0,2
17,72,B,0,3
17,72,C,0,11
17,73,A,0,2
17,73,B,0,3
17,73,C,0,11
17,74,A,1,3
17,74,B,0,2
17,74,C,0,11
17,75,A,0,3
17,75,B,0,2
17,75,C,1,11
17,76,A,0,3
17,76,B,0,2
17,76,C,0,11
17,77,A,0,3
17,77,B,0,2
17,77,C,0,11
17,78,A,0,3
17,78,B,0,2
17,78,C,0,10
17,79,A,0,3
17,79,B,1,3
17,79,C,0,10
17,80,A,0,3
17,80,B,0,3
17,80,C,3,11
17,81,A,0,3
17,81,B,0,3
17,81,C,0,11
17,82,A,0,3
17,82,B,0,3
17,82,C,1,9
17,83,A,0,1
17,83,B,0,3
17,83,C,0,9
17,84,A,0,1
17,84,B,0,3
17,84,C,0,9
17,85,A,1,2
17,85,B,0,3
17,85,C,0,8
17,86,A,0,2
17,86,B,1,4
17,86,C,0,8
17,87,A,0,2
17,87,B,0,4
17,87,C,0,8
17,88,A,0,2
17,88,B,0,4
17,88,C,0,7
17,89,A,1,3
17,89,B,0,3
17,89,C,0,6
17,90,A,0,3
17,90,B,0,2
17,90,C,0,6
17,91,A,0,3
17,91,B,0,2
17,91,C,0,6
17,92,A,0,3
17,92,B,0,2
17,92,C,0,6
17,93,A,0,3
17,93,B,0,2
17,93,C,0,5
17,94,A,0,3
17,94,B,0,2
17,94,C,0,4
17,95,A,0,2
17,95,B,0,2
17,95,C,0,4
17,96,A,0,2
17,96,B,0,2
17,96,C,0,4
17,97,A,0,2
17,97,B,0,2
17,97,C,0,4
17,98,A,0,2
17,98,B,0,2
17,98,C,0,4
17,99,A,0,2
17,99,B,0,2
17,99,C,0,3
17,100,A,1,3
17,100,B,0,2
17,100,C,0,3
17,101,A,0,3
17,101,B,0,2
17,101,C,0,2
17,102,A,0,2
17,102,B,0,2
17,102,C,0,1
17,103,A,0,2
17,103,B,0,2
17,103,C,0,1
17,104,A,0,2
17,104,B,0,2
17,104,C,0,1
17,105,A,0,1
17,105,B,0,2
17,105,C,0,1
17,106,A,0,1
17,106,B,0,2
17,106,C,0,1
17,107,A,0,1
17,107,B,0,2
17,107,C,0,1
17,108,A,0,1
17,108,B,0,1
17,108,C,0,1
17,109,A,0,1
17,109,B,0,1
17,109,C,0,1
17,110,A,0,1
17,110,B,0,1
17,110,C,0,0
17,111,A,0,1
17,111,B,0,1
17,111,C,0,0
17,112,A,0,1
17,112,B,0,1
17,112,C,0,0
17,113,A,0,1
17,113,B,0,1
17,113,C,0,0
17,114,A,0,1
17,114,B,0,1
17,114,C,0,0
17,115,A,0,1
17,115,B,0,1
17,115,C,0,0
17,116,A,0,1
17,116,B,0,1
17,116,C,0,0
17,117,A,0,1
17,117,B,0,1
17,117,C,0,0
17,118,A,0,1
17,118,B,0,1
17,118,C,1,1
17,119,A,0,1
17,119,B,0,1
17,119,C,0,1
18,0,A,0,3
18,0,B,0,5
18,0,C,0,4
18,1,A,0,3
18,1,B,0,5
18,1,C,0,4
18,2,A,0,3
18,2,B,0,5
18,2,C,0,4
18,3,A,0,3
18,3,B,0,5
18,3,C,1,5
18,4,A,0,3
18,4,B,0,5
18,4,C,0,4
18,5,A,0,3
18,5,B,0,4
18,5,C,0,4
18,6,A,0,3
18,6,B,0,3
18,6,C,0,4
18,7,A,0,3
18,7,B,2,5
18,7,C,0,4
18,8,A,0,3
18,8,B,0,4
18,8,C,0,4
18,9,A,0,3
18,9,B,0,4
18,9,C,0,4
18,10,A,0,2
18,10,B,0,4
18,10,C,0,4
18,11,A,0,2
18,11,B,0,4
18,11,C,0,4
18,12,A,0,2
18,12,B,0,4
18,12,C,0,4
18,13,A,0,2
18,13,B,0,4
18,13,C,1,5
18,14,A,0,2
18,14,B,1,5
18,14,C,0,5
18,15,A,0,2
18,15,B,0,5
18,15,C,0,5
18,16,A,0,2
18,16,B,1,6
18,16,C,0,5
18,17,A,0,1
18,17,B,0,6
18,17,C,0,5
18,18,A,0,1
18,18,B,0,6
18,18,C,0,5
18,19,A,0,1
18,19,B,0,6
18,19,C,0,5
18,20,A,0,1
18,20,B,0,6
18,20,C,1,5
18,21,A,0,1
18,21,B,0,5
18,21,C,0,5
18,22,A,0,1
18,22,B,1,6
18,22,C,1,6
18,23,A,0,1
18,23,B,0,6
18,23,C,0,6
18,24,A,0,1
18,24,B,0,6
18,24,C,0,6
18,25,A,0,1
18,25,B,0,6
18,25,C,0,6
18,26,A,0,1
18,26,B,2,8
18,26,C,1,7
18,27,A,2,3
18,27,B,1,9
18,27,C,0,6
18,28,A,0,3
18,28,B,2,10
18,28,C,1,7
18,29,A,0,3
18,29,B,1,10
18,29,C,1,8
18,30,A,1,4
18,30,B,2,12
18,30,C,0,8
18,31,A,0,4
18,31,B,0,12
18,31,C,1,9
18,32,A,0,4
18,32,B,2,14
18,32,C,0,9
18,33,A,0,4
18,33,B,1,15
18,33,C,1,10
18,34,A,0,4
18,34,B,1,16
18,34,C,0,10
18,35,A,0,4
18,35,B,1,17
18,35,C,1,11
18,36,A,1,5
18,36,B,2,19
18,36,C,1,12
18,37,A,0,5
18,37,B,1,20
18,37,C,0,12
18,38,A,1,5
18,38,B,1,21
18,38,C,0,12
18,39,A,0,5
18,39,B,2,22
18,39,C,0,12
18,40,A,1,6
18,40,B,2,24
18,40,C,1,11
18,41,A,1,6
18,41,B,1,23
18,41,C,0,11
18,42,A,0,6
18,42,B,0,22
18,42,C,0,10
18,43,A,0,5
18,43,B,2,24
18,43,C,0,9
18,44,A,1,5
18,44,B,1,24
18,44,C,1,10
18,45,A,0,5
18,45,B,0,23
18,45,C,3,13
18,46,A,1,6
18,46,B,1,23
18,46,C,3,16
18,47,A,1,7
18,47,B,0,22
18,47,C,2,17
18,48,A,1,8
18,48,B,1,20
18,48,C,4,20
18,49,A,0,8
18,49,B,0,19
18,49,C,3,23
18,50,A,2,10
18,50,B,1,20
18,50,C,2,24
18,51,A,0,10
18,51,B,0,19
18,51,C,1,24
18,52,A,0,10
18,52,B,1,19
18,52,C,0,23
18,53,A,0,9
18,53,B,2,20
18,53,C,1,24
18,54,A,1,10
18,54,B,0,17
18,54,C,0,24
18,55,A,0,10
18,55,B,1,17
18,55,C,1,24
18,56,A,2,11
18,56,B,1,18
18,56,C,0,24
18,57,A,0,11
18,57,B,1,19
18,57,C,0,24
18,58,A,1,12
18,58,B,0,19
18,58,C,3,26
18,59,A,0,10
18,59,B,1,19
18,59,C,1,27
18,60,A,0,10
18,60,B,1,20
18,60,C,3,29
18,61,A,2,11
18,61,B,3,23
18,61,C,2,30
18,62,A,2,13
18,62,B,0,22
18,62,C,1,30
18,63,A,1,14
18,63,B,0,21
18,63,C,0,26
18,64,A,3,17
18,64,B,3,22
18,64,C,5,29
18,65,A,0,17
18,65,B,1,22
18,65,C,2,29
18,66,A,1,16
18,66,B,3,25
18,66,C,1,28
18,67,A,2,17
18,67,B,1,25
18,67,C,0,27
18,68,A,1,18
18,68,B,2,27
18,68,C,0,27
18,69,A,1,18
18,69,B,1,26
18,69,C,1,27
18,70,A,1,19
18,70,B,1,25
18,70,C,0,27
18,71,A,1,20
18,71,B,2,26
18,71,C,1,27
18,72,A,0,18
18,72,B,1,27
18,72,C,1,28
18,73,A,0,18
18,73,B,2,28
18,73,C,3,29
18,74,A,0,18
18,74,B,0,26
18,74,C,0,28
18,75,A,1,17
18,75,B,0,25
18,75,C,0,28
18,76,A,1,17
18,76,B,0,25
18,76,C,0,27
18,77,A,0,17
18,77,B,0,21
18,77,C,2,28
18,78,A,0,16
18,78,B,0,20
18,78,C,1,26
18,79,A,0,15
18,79,B,2,22
18,79,C,0,25
18,80,A,0,15
18,80,B,0,21
18,80,C,0,24
18,81,A,0,15
18,81,B,0,21
18,81,C,0,23
18,82,A,0,14
18,82,B,0,21
18,82,C,1,23
18,83,A,1,13
18,83,B,2,20
18,83,C,1,22
18,84,A,1,14
18,84,B,0,17
18,84,C,0,19
18,85,A,0,14
18,85,B,0,16
18,85,C,0,16
18,86,A,0,14
18,86,B,0,15
18,86,C,0,16
18,87,A,0,13
18,87,B,1,14
18,87,C,0,13
18,88,A,0,12
18,88,B,0,13
18,88,C,1,13
18,89,A,0,12
18,89,B,0,12
18,89,C,0,9
18,90,A,0,11
18,90,B,0,11
18,90,C,0,9
18,91,A,0,11
18,91,B,1,12
18,91,C,0,9
18,92,A,0,10
18,92,B,1,12
18,92,C,0,9
18,93,A,0,10
18,93,B,0,12
18,93,C,0,7
18,94,A,0,10
18,94,B,0,12
18,94,C,0,7
18,95,A,0,9
18,95,B,0,12
18,95,C,0,6
18,96,A,1,10
18,96,B,0,10
18,96,C,1,7
18,97,A,0,10
18,97,B,0,10
18,97,C,0,7
18,98,A,0,9
18,98,B,0,9
18,98,C,0,7
18,99,A,0,9
18,99,B,0,9
18,99,C,0,7
18,100,A,0,9
18,100,B,1,8
18,100,C,0,7
18,101,A,0,9
18,101,B,0,8
18,101,C,1,7
18,102,A,0,8
18,102,B,0,7
18,102,C,2,8
18,103,A,1,9
18,103,B,0,7
18,103,C,1,8
18,104,A,0,9
18,104,B,0,7
18,104,C,0,8
18,105,A,0,7
18,105,B,0,7
18,105,C,0,8
18,106,A,0,7
18,106,B,0,5
18,106,C,0,8
18,107,A,0,7
18,107,B,0,5
18,107,C,0,8
18,108,A,0,6
18,108,B,0,5
18,108,C,0,8
18,109,A,0,5
18,109,B,1,6
18,109,C,0,8
18,110,A,0,4
18,110,B,1,7
18,110,C,0,8
18,111,A,0,4
18,111,B,0,6
18,111,C,0,8
18,112,A,0,4
18,112,B,0,6
18,112,C,1,8
18,113,A,0,4
18,113,B,0,6
18,113,C,0,8
18,114,A,0,3
18,114,B,0,5
18,114,C,0,7
18,115,A,0,3
18,115,B,3,8
18,115,C,0,7
18,116,A,0,3
18,116,B,0,8
18,116,C,0,7
18,117,A,0,3
18,117,B,0,7
18,117,C,0,6
18,118,A,0,3
18,118,B,0,7
18,118,C,0,6
18,119,A,0,3
18,119,B,0,7
18,119,C,0,6
19,0,A,0,4
19,0,B,1,2
19,0,C,0,2
19,1,A,0,4
19,1,B,0,1
19,1,C,1,3
19,2,A,0,4
19,2,B,0,1
19,2,C,1,3
19,3,A,1,5
19,3,B,0,1
19,3,C,0,3
19,4,A,3,8
19,4,B,0,1
19,4,C,1,4
19,5,A,0,8
19,5,B,0,1
19,5,C,0,4
19,6,A,1,9
19,6,B,0,1
19,6,C,0,4
19,7,A,0,9
19,7,B,0,1
19,7,C,0,4
19,8,A,0,9
19,8,B,0,1
19,8,C,0,4
19,9,A,0,9
19,9,B,0,1
19,9,C,1,5
19,10,A,0,8
19,10,B,0,1
19,10,C,0,5
19,11,A,1,9
19,11,B,0,1
19,11,C,0,5
19,12,A,2,10
19,12,B,0,1
19,12,C,1,6
19,13,A,0,10
19,13,B,0,1
19,13,C,0,6
19,14,A,0,9
19,14,B,0,1
19,14,C,0,6
19,15,A,1,10
19,15,B,1,2
19,15,C,0,6
19,16,A,1,11
19,16,B,0,2
19,16,C,0,4
19,17,A,0,11
19,17,B,0,2
19,17,C,0,4
19,18,A,0,11
19,18,B,0,2
19,18,C,0,4
19,19,A,0,10
19,19,B,0,2
19,19,C,0,4
19,20,A,0,10
19,20,B,1,3
19,20,C,0,4
19,21,A,1,11
19,21,B,0,3
19,21,C,0,4
19,22,A,0,10
19,22,B,0,3
19,22,C,1,5
19,23,A,0,9
19,23,B,0,2
19,23,C,0,5
19,24,A,0,9
19,24,B,0,2
19,24,C,0,4
19,25,A,0,8
19,25,B,0,2
19,25,C,0,4
19,26,A,1,9
19,26,B,0,2
19,26,C,0,3
19,27,A,1,9
19,27,B,0,2
19,27,C,1,4
19,28,A,1,9
19,28,B,0,2
19,28,C,0,3
19,29,A,0,7
19,29,B,0,2
19,29,C,0,3
19,30,A,0,7
19,30,B,0,2
19,30,C,0,3
19,31,A,0,7
19,31,B,0,2
19,31,C,0,2
19,32,A,0,7
19,32,B,0,2
19,32,C,1,3
19,33,A,0,7
19,33,B,0,2
19,33,C,1,4
19,34,A,0,7
19,34,B,0,2
19,34,C,1,5
19,35,A,0,6
19,35,B,0,2
19,35,C,1,6
19,36,A,0,6
19,36,B,0,1
19,36,C,1,7
19,37,A,0,6
19,37,B,0,0
19,37,C,1,7
19,38,A,0,5
19,38,B,0,0
19,38,C,1,8
19,39,A,0,5
19,39,B,0,0
19,39,C,1,9
19,40,A,0,5
19,40,B,1,1
19,40,C,0,9
19,41,A,0,5
19,41,B,0,1
19,41,C,0,9
19,42,A,0,4
19,42,B,0,1
19,42,C,0,9
19,43,A,0,4
19,43,B,0,1
19,43,C,0,9
19,44,A,0,3
19,44,B,0,1
19,44,C,0,9
19,45,A,0,2
19,45,B,0,1
19,45,C,0,9
19,46,A,2,4
19,46,B,0,1
19,46,C,0,9
19,47,A,0,3
19,47,B,1,2
19,47,C,0,9
19,48,A,0,3
19,48,B,1,3
19,48,C,1,9
19,49,A,0,3
19,49,B,0,3
19,49,C,1,8
19,50,A,0,3
19,50,B,0,3
19,50,C,0,7
19,51,A,1,4
19,51,B,0,3
19,51,C,0,5
19,52,A,1,5
19,52,B,0,3
19,52,C,0,5
19,53,A,0,5
19,53,B,1,4
19,53,C,1,5
19,54,A,0,4
19,54,B,1,5
19,54,C,0,4
19,55,A,0,4
19,55,B,0,4
19,55,C,1,5
19,56,A,0,4
19,56,B,0,4
19,56,C,0,5
19,57,A,1,5
19,57,B,0,4
19,57,C,1,6
19,58,A,2,7
19,58,B,0,4
19,58,C,0,6
19,59,A,0,7
19,59,B,0,4
19,59,C,1,7
19,60,A,0,7
19,60,B,0,4
19,60,C,0,6
19,61,A,0,7
19,61,B,0,3
19,61,C,0,6
19,62,A,1,7
19,62,B,0,3
19,62,C,0,6
19,63,A,0,7
19,63,B,0,3
19,63,C,0,6
19,64,A,0,7
19,64,B,0,3
19,64,C,1,7
19,65,A,0,7
19,65,B,1,4
19,65,C,0,7
19,66,A,1,8
19,66,B,0,4
19,66,C,1,8
19,67,A,0,8
19,67,B,1,4
19,67,C,1,9
19,68,A,0,7
19,68,B,0,4
19,68,C,0,8
19,69,A,0,7
19,69,B,0,4
19,69,C,0,7
19,70,A,0,6
19,70,B,0,4
19,70,C,0,7
19,71,A,0,6
19,71,B,0,3
19,71,C,0,7
19,72,A,0,5
19,72,B,1,4
19,72,C,0,7
19,73,A,0,5
19,73,B,0,3
19,73,C,0,6
19,74,A,1,5
19,74,B,0,3
19,74,C,0,6
19,75,A,0,5
19,75,B,0,3
19,75,C,0,4
19,76,A,0,4
19,76,B,0,3
19,76,C,0,4
19,77,A,1,5
19,77,B,2,5
19,77,C,0,3
19,78,A,0,5
19,78,B,0,5
19,78,C,0,3
19,79,A,0,3
19,79,B,0,5
19,79,C,0,3
19,80,A,0,3
19,80,B,1,6
19,80,C,0,2
19,81,A,0,2
19,81,B,0,6
19,81,C,0,1
19,82,A,1,3
19,82,B,0,6
19,82,C,0,0
19,83,A,0,3
19,83,B,1,7
19,83,C,1,1
19,84,A,0,3
19,84,B,0,6
19,84,C,0,1
19,85,A,0,3
19,85,B,0,6
19,85,C,0,1
19,86,A,1,4
19,86,B,0,6
19,86,C,0,1
19,87,A,0,4
19,87,B,1,7
19,87,C,0,1
19,88,A,0,4
19,88,B,0,7
19,88,C,1,2
19,89,A,0,3
19,89,B,1,7
19,89,C,0,2
19,90,A,1,4
19,90,B,1,8
19,90,C,0,2
19,91,A,0,3
19,91,B,0,8
19,91,C,0,2
19,92,A,0,3
19,92,B,0,8
19,92,C,0,2
19,93,A,2,5
19,93,B,0,8
19,93,C,0,2
19,94,A,1,6
19,94,B,0,8
19,94,C,0,2
19,95,A,0,6
19,95,B,0,8
19,95,C,1,3
19,96,A,0,6
19,96,B,0,7
19,96,C,0,3
19,97,A,0,5
19,97,B,0,6
19,97,C,1,4
19,98,A,0,5
19,98,B,0,5
19,98,C,0,4
19,99,A,2,7
19,99,B,0,5
19,99,C,1,5
19,100,A,1,8
19,100,B,0,5
19,100,C,0,4
19,101,A,2,10
19,101,B,0,5
19,101,C,0,4
19,102,A,1,11
19,102,B,0,5
19,102,C,0,3
19,103,A,0,11
19,103,B,0,5
19,103,C,0,3
19,104,A,0,11
19,104,B,0,5
19,104,C,0,3
19,105,A,0,11
19,105,B,0,5
19,105,C,0,3
19,106,A,0,10
19,106,B,0,5
19,106,C,0,3
19,107,A,1,11
19,107,B,0,4
19,107,C,1,4
19,108,A,1,12
19,108,B,1,5
19,108,C,0,4
19,109,A,0,11
19,109,B,0,5
19,109,C,0,3
19,110,A,0,10
19,110,B,1,3
19,110,C,0,3
19,111,A,0,10
19,111,B,0,2
19,111,C,0,3
19,112,A,0,10
19,112,B,0,2
19,112,C,0,3
19,113,A,0,10
19,113,B,0,2
19,113,C,0,3
19,114,A,0,8
19,114,B,0,2
19,114,C,0,2
19,115,A,1,8
19,115,B,0,2
19,115,C,0,2
19,116,A,3,11
19,116,B,1,3
19,116,C,2,3
19,117,A,1,10
19,117,B,0,3
19,117,C,0,3
19,118,A,0,10
19,118,B,0,3
19,118,C,0,3
19,119,A,0,10
19,119,B,0,3
19,119,C,1,4
20,0,A,0,4
20,0,B,1,9
20,0,C,0,4
20,1,A,0,3
20,1,B,0,8
20,1,C,2,6
20,2,A,0,3
20,2,B,0,7
20,2,C,0,6
20,3,A,0,3
20,3,B,0,5
20,3,C,0,6
20,4,A,0,3
20,4,B,0,5
20,4,C,0,6
20,5,A,0,3
20,5,B,0,5
20,5,C,1,6
20,6,A,0,3
20,6,B,0,5
20,6,C,0,6
20,7,A,0,3
20,7,B,0,5
20,7,C,0,6
20,8,A,0,3
20,8,B,0,5
20,8,C,0,5
20,9,A,0,3
20,9,B,1,5
20,9,C,1,5
20,10,A,0,3
20,10,B,0,5
20,10,C,0,5
20,11,A,0,3
20,11,B,0,5
20,11,C,1,6
20,12,A,0,3
20,12,B,0,5
20,12,C,0,6
20,13,A,1,4
20,13,B,3,8
20,13,C,0,6
20,14,A,1,3
20,14,B,0,7
20,14,C,0,6
20,15,A,1,4
20,15,B,2,9
20,15,C,1,7
20,16,A,0,4
20,16,B,0,9
20,16,C,0,7
20,17,A,0,4
20,17,B,1,10
20,17,C,0,7
20,18,A,0,3
20,18,B,0,10
20,18,C,1,7
20,19,A,0,3
20,19,B,1,11
20,19,C,1,8
20,20,A,1,4
20,20,B,0,11
20,20,C,0,7
20,21,A,0,4
20,21,B,1,12
20,21,C,0,7
20,22,A,0,4
20,22,B,0,12
20,22,C,0,7
20,23,A,1,5
20,23,B,1,12
20,23,C,2,9
20,24,A,0,5
20,24,B,0,12
20,24,C,0,9
20,25,A,0,5
20,25,B,0,11
20,25,C,1,10
20,26,A,0,5
20,26,B,0,11
20,26,C,0,10
20,27,A,0,5
20,27,B,0,9
20,27,C,0,9
20,28,A,0,5
20,28,B,1,10
20,28,C,0,9
20,29,A,0,5
20,29,B,0,9
20,29,C,0,9
20,30,A,0,5
20,30,B,0,8
20,30,C,0,9
20,31,A,0,4
20,31,B,1,8
20,31,C,0,8
20,32,A,0,3
20,32,B,0,8
20,32,C,0,6
20,33,A,0,3
20,33,B,0,8
20,33,C,0,5
20,34,A,0,3
20,34,B,0,8
20,34,C,0,5
20,35,A,0,3
20,35,B,0,8
20,35,C,1,6
20,36,A,0,2
20,36,B,0,8
20,36,C,0,6
20,37,A,0,0
20,37,B,0,8
20,37,C,2,7
20,38,A,0,0
20,38,B,0,8
20,38,C,0,7
20,39,A,0,0
20,39,B,0,8
20,39,C,2,9
20,40,A,0,0
20,40,B,0,7
20,40,C,2,11
20,41,A,1,1
20,41,B,0,7
20,41,C,0,11
20,42,A,0,1
20,42,B,0,7
20,42,C,2,12
20,43,A,0,1
20,43,B,0,6
20,43,C,0,12
20,44,A,0,1
20,44,B,1,7
20,44,C,0,11
20,45,A,0,1
20,45,B,1,8
20,45,C,0,10
20,46,A,0,1
20,46,B,0,7
20,46,C,1,11
20,47,A,0,1
20,47,B,0,7
20,47,C,0,11
20,48,A,0,1
20,48,B,1,8
20,48,C,1,12
20,49,A,0,1
20,49,B,0,8
20,49,C,1,13
20,50,A,0,1
20,50,B,0,8
20,50,C,0,13
20,51,A,0,1
20,51,B,0,8
20,51,C,1,14
20,52,A,1,2
20,52,B,0,7
20,52,C,1,15
20,53,A,0,2
20,53,B,0,5
20,53,C,1,15
20,54,A,1,3
20,54,B,0,5
20,54,C,0,15
20,55,A,0,3
20,55,B,2,7
20,55,C,1,15
20,56,A,0,3
20,56,B,2,9
20,56,C,2,17
20,57,A,0,3
20,57,B,2,10
20,57,C,1,16
20,58,A,0,3
20,58,B,3,12
20,58,C,0,15
20,59,A,0,3
20,59,B,1,13
20,59,C,2,16
20,60,A,0,3
20,60,B,1,13
20,60,C,0,16
20,61,A,0,3
20,61,B,0,12
20,61,C,2,17
20,62,A,3,6
20,62,B,0,12
20,62,C,0,15
20,63,A,1,7
20,63,B,1,13
20,63,C,0,14
20,64,A,0,7
20,64,B,2,14
20,64,C,0,14
20,65,A,3,10
20,65,B,0,14
20,65,C,0,14
20,66,A,2,12
20,66,B,0,14
20,66,C,0,14
20,67,A,1,13
20,67,B,1,15
20,67,C,0,13
20,68,A,1,14
20,68,B,0,14
20,68,C,0,11
20,69,A,1,15
20,69,B,1,15
20,69,C,0,11
20,70,A,1,16
20,70,B,0,14
20,70,C,1,11
20,71,A,2,17
20,71,B,2,15
20,71,C,1,12
20,72,A,0,17
20,72,B,1,14
20,72,C,1,11
20,73,A,1,18
20,73,B,0,14
20,73,C,0,10
20,74,A,0,17
20,74,B,1,13
20,74,C,0,10
20,75,A,0,17
20,75,B,0,12
20,75,C,0,8
20,76,A,2,19
20,76,B,1,13
20,76,C,2,10
20,77,A,0,19
20,77,B,1,14
20,77,C,0,10
20,78,A,0,18
20,78,B,0,14
20,78,C,0,10
20,79,A,0,18
20,79,B,0,14
20,79,C,0,10
20,80,A,0,18
20,80,B,0,14
20,80,C,0,10
20,81,A,1,19
20,81,B,0,12
20,81,C,0,8
20,82,A,0,18
20,82,B,1,13
20,82,C,0,8
20,83,A,0,16
20,83,B,1,14
20,83,C,1,9
20,84,A,0,15
20,84,B,2,14
20,84,C,0,8
20,85,A,0,14
20,85,B,1,13
20,85,C,0,8
20,86,A,0,14
20,86,B,1,14
20,86,C,1,8
20,87,A,1,14
20,87,B,0,14
20,87,C,0,8
20,88,A,0,12
20,88,B,0,13
20,88,C,3,11
20,89,A,0,11
20,89,B,0,11
20,89,C,0,11
20,90,A,0,11
20,90,B,2,11
20,90,C,0,8
20,91,A,0,9
20,91,B,0,10
20,91,C,0,8
20,92,A,0,7
20,92,B,1,11
20,92,C,0,7
20,93,A,1,7
20,93,B,0,10
20,93,C,1,8
20,94,A,0,6
20,94,B,1,11
20,94,C,0,7
20,95,A,0,6
20,95,B,0,11
20,95,C,0,7
20,96,A,0,6
20,96,B,1,12
20,96,C,0,7
20,97,A,0,5
20,97,B,1,12
20,97,C,0,7
20,98,A,0,5
20,98,B,0,12
20,98,C,0,7
20,99,A,0,5
20,99,B,0,11
20,99,C,0,7
20,100,A,0,5
20,100,B,0,9
20,100,C,1,8
20,101,A,0,5
20,101,B,0,9
20,101,C,0,8
20,102,A,0,5
20,102,B,0,9
20,102,C,0,8
20,103,A,0,5
20,103,B,0,9
20,103,C,1,8
20,104,A,1,6
20,104,B,0,8
20,104,C,0,8
20,105,A,0,5
20,105,B,0,8
20,105,C,0,7
20,106,A,0,4
20,106,B,0,7
20,106,C,0,7
20,107,A,0,4
20,107,B,0,6
20,107,C,0,7
20,108,A,0,4
20,108,B,2,8
20,108,C,0,7
20,109,A,0,3
20,109,B,0,8
20,109,C,0,6
20,110,A,0,3
20,110,B,0,6
20,110,C,0,6
20,111,A,0,3
20,111,B,0,5
20,111,C,0,6
20,112,A,0,3
20,112,B,0,4
20,112,C,0,6
20,113,A,0,2
20,113,B,0,4
20,113,C,0,6
20,114,A,1,3
20,114,B,0,4
20,114,C,1,7
20,115,A,0,3
20,115,B,0,4
20,115,C,1,7
20,116,A,0,3
20,116,B,0,3
20,116,C,0,7
20,117,A,2,5
20,117,B,0,3
20,117,C,0,7
20,118,A,0,5
20,118,B,0,3
20,118,C,0,7
20,119,A,0,5
20,119,B,0,3
20,119,C,0,6
21,0,A,2,15
21,0,B,0,6
21,0,C,0,3
21,1,A,1,14
21,1,B,1,6
21,1,C,0,3
21,2,A,1,15
21,2,B,0,6
21,2,C,1,4
21,3,A,0,12
21,3,B,0,6
21,3,C,0,3
21,4,A,0,12
21,4,B,1,7
21,4,C,0,3
21,5,A,0,11
21,5,B,0,7
21,5,C,0,3
21,6,A,0,10
21,6,B,1,8
21,6,C,0,3
21,7,A,1,9
21,7,B,0,7
21,7,C,0,3
21,8,A,2,10
21,8,B,0,7
21,8,C,1,4
21,9,A,0,10
21,9,B,1,8
21,9,C,16,20
21,10,A,0,10
21,10,B,0,7
21,10,C,8,28
21,11,A,1,11
21,11,B,0,6
21,11,C,3,31
21,12,A,1,12
21,12,B,0,5
21,12,C,5,36
21,13,A,1,13
21,13,B,2,7
21,13,C,3,39
21,14,A,0,13
21,14,B,1,8
21,14,C,1,40
21,15,A,1,13
21,15,B,2,9
21,15,C,4,44
21,16,A,0,11
21,16,B,0,9
21,16,C,4,48
21,17,A,1,10
21,17,B,1,10
21,17,C,0,48
21,18,A,1,10
21,18,B,0,9
21,18,C,1,48
21,19,A,1,10
21,19,B,1,10
21,19,C,2,50
21,20,A,0,10
21,20,B,1,10
21,20,C,3,53
21,21,A,0,10
21,21,B,1,11
21,21,C,2,55
21,22,A,0,10
21,22,B,1,12
21,22,C,1,54
21,23,A,1,11
21,23,B,2,13
21,23,C,2,53
21,24,A,0,11
21,24,B,1,14
21,24,C,2,53
21,25,A,0,10
21,25,B,1,15
21,25,C,1,54
21,26,A,2,12
21,26,B,2,17
21,26,C,1,50
21,27,A,1,13
21,27,B,2,17
21,27,C,1,47
21,28,A,0,12
21,28,B,2,19
21,28,C,1,44
21,29,A,0,12
21,29,B,4,22
21,29,C,1,43
21,30,A,1,13
21,30,B,2,24
21,30,C,1,43
21,31,A,0,12
21,31,B,1,25
21,31,C,0,41
21,32,A,1,12
21,32,B,0,24
21,32,C,2,42
21,33,A,0,11
21,33,B,5,28
21,33,C,1,43
21,34,A,0,11
21,34,B,1,27
21,34,C,1,44
21,35,A,0,11
21,35,B,1,28
21,35,C,1,41
21,36,A,0,11
21,36,B,2,30
21,36,C,1,39
21,37,A,0,9
21,37,B,0,30
21,37,C,0,37
21,38,A,0,9
21,38,B,2,29
21,38,C,0,33
21,39,A,0,7
21,39,B,5,34
21,39,C,0,31
21,40,A,1,8
21,40,B,2,35
21,40,C,0,29
21,41,A,2,9
21,41,B,2,37
21,41,C,2,29
21,42,A,0,8
21,42,B,1,35
21,42,C,1,27
21,43,A,1,8
21,43,B,0,35
21,43,C,0,27
21,44,A,3,11
21,44,B,1,33
21,44,C,0,25
21,45,A,3,12
21,45,B,1,32
21,45,C,0,24
21,46,A,1,13
21,46,B,1,33
21,46,C,0,23
21,47,A,1,14
21,47,B,1,30
21,47,C,0,23
21,48,A,1,15
21,48,B,0,28
21,48,C,0,21
21,49,A,0,15
21,49,B,0,27
21,49,C,1,21
21,50,A,1,16
21,50,B,0,27
21,50,C,1,22
21,51,A,0,16
21,51,B,0,25
21,51,C,0,19
21,52,A,0,16
21,52,B,0,24
21,52,C,0,18
21,53,A,0,16
21,53,B,0,24
21,53,C,0,17
21,54,A,0,14
21,54,B,1,24
21,54,C,0,15
21,55,A,0,14
21,55,B,0,22
21,55,C,0,13
21,56,A,0,14
21,56,B,1,20
21,56,C,0,13
21,57,A,0,14
21,57,B,0,20
21,57,C,1,14
21,58,A,0,14
21,58,B,1,20
21,58,C,0,14
21,59,A,0,12
21,59,B,0,20
21,59,C,0,13
21,60,A,0,11
21,60,B,1,19
21,60,C,1,12
21,61,A,0,10
21,61,B,0,19
21,61,C,0,12
21,62,A,0,9
21,62,B,0,18
21,62,C,0,12
21,63,A,1,9
21,63,B,1,18
21,63,C,1,13
21,64,A,2,10
21,64,B,1,17
21,64,C,0,13
21,65,A,1,11
21,65,B,1,18
21,65,C,0,10
21,66,A,2,13
21,66,B,0,18
21,66,C,0,10
21,67,A,0,13
21,67,B,0,18
21,67,C,0,10
21,68,A,0,12
21,68,B,0,17
21,68,C,1,9
21,69,A,1,12
21,69,B,0,16
21,69,C,0,8
21,70,A,0,12
21,70,B,0,15
21,70,C,0,8
21,71,A,0,11
21,71,B,0,13
21,71,C,0,8
21,72,A,0,10
21,72,B,1,13
21,72,C,0,7
21,73,A,2,12
21,73,B,0,13
21,73,C,0,6
21,74,A,0,12
21,74,B,0,13
21,74,C,0,6
21,75,A,0,11
21,75,B,0,12
21,75,C,0,3
21,76,A,2,12
21,76,B,0,9
21,76,C,0,3
21,77,A,1,13
21,77,B,0,9
21,77,C,0,3
21,78,A,0,11
21,78,B,0,9
21,78,C,0,2
21,79,A,0,11
21,79,B,0,7
21,79,C,0,2
21,80,A,0,10
21,80,B,1,8
21,80,C,0,2
21,81,A,0,9
21,81,B,0,8
21,81,C,0,1
21,82,A,0,9
21,82,B,0,7
21,82,C,0,0
21,83,A,0,8
21,83,B,0,7
21,83,C,0,0
21,84,A,0,8
21,84,B,0,6
21,84,C,0,0
21,85,A,1,9
21,85,B,0,6
21,85,C,0,0
21,86,A,0,9
21,86,B,1,6
21,86,C,0,0
21,87,A,0,9
21,87,B,0,6
21,87,C,0,0
21,88,A,0,8
21,88,B,0,6
21,88,C,0,0
21,89,A,0,8
21,89,B,0,5
21,89,C,1,1
21,90,A,0,8
21,90,B,0,5
21,90,C,1,2
21,91,A,0,7
21,91,B,2,7
21,91,C,0,2
21,92,A,0,6
21,92,B,0,7
21,92,C,0,2
21,93,A,0,4
21,93,B,0,7
21,93,C,1,3
21,94,A,1,4
21,94,B,0,7
21,94,C,0,3
21,95,A,0,4
21,95,B,0,7
21,95,C,0,3
21,96,A,0,4
21,96,B,0,6
21,96,C,1,4
21,97,A,1,5
21,97,B,0,5
21,97,C,0,4
21,98,A,1,6
21,98,B,0,5
21,98,C,1,5
21,99,A,1,7
21,99,B,0,5
21,99,C,1,6
21,100,A,0,7
21,100,B,0,4
21,100,C,0,6
21,101,A,0,6
21,101,B,0,4
21,101,C,0,6
21,102,A,0,5
21,102,B,0,4
21,102,C,1,7
21,103,A,0,5
21,103,B,0,4
21,103,C,0,6
21,104,A,0,5
21,104,B,0,3
21,104,C,0,6
21,105,A,0,5
21,105,B,0,3
21,105,C,0,6
21,106,A,0,5
21,106,B,0,3
21,106,C,0,5
21,107,A,0,4
21,107,B,1,3
21,107,C,2,7
21,108,A,0,4
21,108,B,0,3
21,108,C,0,7
21,109,A,3,7
21,109,B,0,3
21,109,C,0,6
21,110,A,0,7
21,110,B,0,3
21,110,C,0,6
21,111,A,0,7
21,111,B,0,3
21,111,C,1,7
21,112,A,0,7
21,112,B,0,3
21,112,C,0,7
21,113,A,0,7
21,113,B,0,3
21,113,C,0,6
21,114,A,0,7
21,114,B,0,3
21,114,C,2,8
21,115,A,0,7
21,115,B,0,3
21,115,C,0,7
21,116,A,0,6
21,116,B,0,3
21,116,C,1,8
21,117,A,1,6
21,117,B,0,3
21,117,C,0,8
21,118,A,0,6
21,118,B,0,3
21,118,C,0,8
21,119,A,0,6
21,119,B,0,3
21,119,C,0,8
22,0,A,0,0
22,0,B,3,8
22,0,C,0,7
22,1,A,0,0
22,1,B,0,8
22,1,C,0,7
22,2,A,0,0
22,2,B,0,8
22,2,C,0,7
22,3,A,0,0
22,3,B,0,7
22,3,C,0,7
22,4,A,0,0
22,4,B,0,7
22,4,C,0,7
22,5,A,0,0
22,5,B,0,7
22,5,C,1,8
22,6,A,1,1
22,6,B,1,8
22,6,C,0,8
22,7,A,0,1
22,7,B,0,8
22,7,C,1,7
22,8,A,0,1
22,8,B,0,8
22,8,C,0,7
22,9,A,0,1
22,9,B,0,6
22,9,C,1,8
22,10,A,0,1
22,10,B,0,5
22,10,C,0,8
22,11,A,1,2
22,11,B,0,5
22,11,C,0,8
22,12,A,1,3
22,12,B,0,5
22,12,C,0,7
22,13,A,0,3
22,13,B,0,5
22,13,C,0,7
22,14,A,0,3
22,14,B,0,4
22,14,C,0,7
22,15,A,0,3
22,15,B,0,4
22,15,C,0,7
22,16,A,1,4
22,16,B,0,3
22,16,C,0,7
22,17,A,0,4
22,17,B,0,3
22,17,C,0,7
22,18,A,1,5
22,18,B,0,3
22,18,C,0,6
22,19,A,0,5
22,19,B,0,2
22,19,C,0,5
22,20,A,0,5
22,20,B,0,2
22,20,C,0,4
22,21,A,0,5
22,21,B,0,1
22,21,C,0,4
22,22,A,0,5
22,22,B,0,1
22,22,C,0,4
22,23,A,0,5
22,23,B,0,1
22,23,C,0,4
22,24,A,0,4
22,24,B,1,2
22,24,C,0,2
22,25,A,0,4
22,25,B,8,10
22,25,C,0,1
22,26,A,0,4
22,26,B,4,14
22,26,C,0,1
22,27,A,0,4
22,27,B,1,15
22,27,C,0,1
22,28,A,0,3
22,28,B,2,17
22,28,C,0,1
22,29,A,1,4
22,29,B,0,17
22,29,C,0,1
22,30,A,0,4
22,30,B,1,18
22,30,C,0,1
22,31,A,0,4
22,31,B,0,18
22,31,C,0,1
22,32,A,0,4
22,32,B,1,19
22,32,C,0,0
22,33,A,0,4
22,33,B,3,22
22,33,C,0,0
22,34,A,0,3
22,34,B,0,22
22,34,C,0,0
22,35,A,0,2
22,35,B,1,23
22,35,C,0,0
22,36,A,0,2
22,36,B,2,25
22,36,C,0,0
22,37,A,0,1
22,37,B,1,26
22,37,C,0,0
22,38,A,0,1
22,38,B,5,31
22,38,C,0,0
22,39,A,0,1
22,39,B,1,32
22,39,C,1,1
22,40,A,0,1
22,40,B,1,29
22,40,C,0,1
22,41,A,0,1
22,41,B,3,30
22,41,C,0,1
22,42,A,0,1
22,42,B,1,31
22,42,C,2,3
22,43,A,1,2
22,43,B,0,30
22,43,C,1,4
22,44,A,0,2
22,44,B,2,30
22,44,C,0,4
22,45,A,0,2
22,45,B,1,31
22,45,C,0,4
22,46,A,1,3
22,46,B,4,34
22,46,C,0,4
22,47,A,0,3
22,47,B,0,34
22,47,C,0,4
22,48,A,0,3
22,48,B,2,32
22,48,C,1,5
22,49,A,0,3
22,49,B,1,30
22,49,C,1,6
22,50,A,0,3
22,50,B,0,30
22,50,C,0,6
22,51,A,0,3
22,51,B,2,31
22,51,C,0,6
22,52,A,1,4
22,52,B,1,31
22,52,C,1,7
22,53,A,0,4
22,53,B,0,31
22,53,C,0,7
22,54,A,0,4
22,54,B,0,28
22,54,C,0,7
22,55,A,0,3
22,55,B,0,28
22,55,C,0,6
22,56,A,0,3
22,56,B,0,27
22,56,C,0,6
22,57,A,0,3
22,57,B,2,26
22,57,C,1,7
22,58,A,0,3
22,58,B,0,23
22,58,C,0,7
22,59,A,0,3
22,59,B,0,22
22,59,C,0,6
22,60,A,0,3
22,60,B,0,21
22,60,C,1,6
22,61,A,0,3
22,61,B,0,21
22,61,C,0,6
22,62,A,0,2
22,62,B,0,18
22,62,C,0,6
22,63,A,0,2
22,63,B,0,15
22,63,C,0,6
22,64,A,0,2
22,64,B,0,14
22,64,C,0,6
22,65,A,0,2
22,65,B,0,14
22,65,C,0,6
22,66,A,0,2
22,66,B,0,14
22,66,C,0,5
22,67,A,0,2
22,67,B,1,15
22,67,C,0,5
22,68,A,0,1
22,68,B,0,15
22,68,C,0,5
22,69,A,1,2
22,69,B,0,15
22,69,C,1,6
22,70,A,1,3
22,70,B,0,14
22,70,C,0,6
22,71,A,0,3
22,71,B,1,14
22,71,C,2,7
22,72,A,0,3
22,72,B,0,13
22,72,C,1,8
22,73,A,0,3
22,73,B,0,13
22,73,C,0,8
22,74,A,0,3
22,74,B,0,11
22,74,C,0,8
22,75,A,0,3
22,75,B,1,11
22,75,C,0,8
22,76,A,0,3
22,76,B,1,12
22,76,C,0,7
22,77,A,1,4
22,77,B,1,10
22,77,C,0,7
22,78,A,0,4
22,78,B,0,9
22,78,C,1,7
22,79,A,1,5
22,79,B,0,8
22,79,C,1,8
22,80,A,0,5
22,80,B,0,8
22,80,C,1,9
22,81,A,0,5
22,81,B,0,8
22,81,C,0,9
22,82,A,1,5
22,82,B,1,9
22,82,C,0,8
22,83,A,0,5
22,83,B,0,8
22,83,C,0,7
22,84,A,0,4
22,84,B,0,7
22,84,C,2,9
22,85,A,0,4
22,85,B,0,6
22,85,C,1,10
22,86,A,1,5
22,86,B,0,6
22,86,C,0,9
22,87,A,0,5
22,87,B,0,6
22,87,C,1,10
22,88,A,0,4
22,88,B,1,7
22,88,C,0,9
22,89,A,0,4
22,89,B,0,5
22,89,C,1,10
22,90,A,1,5
22,90,B,0,5
22,90,C,0,10
22,91,A,1,6
22,91,B,0,4
22,91,C,1,11
22,92,A,0,6
22,92,B,0,3
22,92,C,1,12
22,93,A,0,6
22,93,B,1,4
22,93,C,1,11
22,94,A,1,7
22,94,B,0,4
22,94,C,0,10
22,95,A,1,8
22,95,B,1,5
22,95,C,1,11
22,96,A,0,7
22,96,B,1,6
22,96,C,1,12
22,97,A,0,7
22,97,B,1,7
22,97,C,0,12
22,98,A,0,7
22,98,B,1,7
22,98,C,1,12
22,99,A,0,7
22,99,B,0,7
22,99,C,1,12
22,100,A,1,6
22,100,B,0,7
22,100,C,0,12
22,101,A,0,6
22,101,B,0,7
22,101,C,0,12
22,102,A,1,7
22,102,B,2,9
22,102,C,0,11
22,103,A,0,7
22,103,B,2,11
22,103,C,1,12
22,104,A,0,7
22,104,B,1,12
22,104,C,0,12
22,105,A,0,5
22,105,B,0,11
22,105,C,0,11
22,106,A,0,4
22,106,B,0,11
22,106,C,0,10
22,107,A,0,4
22,107,B,0,11
22,107,C,0,9
22,108,A,0,4
22,108,B,1,12
22,108,C,0,9
22,109,A,1,5
22,109,B,2,14
22,109,C,0,9
22,110,A,0,5
22,110,B,0,14
22,110,C,2,8
22,111,A,0,5
22,111,B,0,12
22,111,C,0,8
22,112,A,0,4
22,112,B,0,12
22,112,C,0,7
22,113,A,0,4
22,113,B,0,12
22,113,C,1,7
22,114,A,0,4
22,114,B,1,13
22,114,C,1,8
22,115,A,1,5
22,115,B,0,13
22,115,C,0,8
22,116,A,0,4
22,116,B,0,13
22,116,C,0,7
22,117,A,0,4
22,117,B,0,13
22,117,C,0,7
22,118,A,0,4
22,118,B,0,12
22,118,C,0,7
22,119,A,2,6
22,119,B,1,12
22,119,C,0,7
23,0,A,1,6
23,0,B,1,4
23,0,C,4,22
23,1,A,1,7
23,1,B,0,4
23,1,C,0,21
23,2,A,0,7
23,2,B,0,4
23,2,C,0,20
23,3,A,0,7
23,3,B,1,5
23,3,C,0,20
23,4,A,0,6
23,4,B,0,5
23,4,C,0,20
23,5,A,0,6
23,5,B,0,5
23,5,C,0,20
23,6,A,0,5
23,6,B,0,5
23,6,C,2,22
23,7,A,0,5
23,7,B,1,5
23,7,C,0,20
23,8,A,0,5
23,8,B,0,5
23,8,C,1,21
23,9,A,0,4
23,9,B,0,4
23,9,C,0,21
23,10,A,1,5
23,10,B,0,4
23,10,C,0,19
23,11,A,0,5
23,11,B,0,4
23,11,C,0,18
23,12,A,1,6
23,12,B,0,4
23,12,C,0,17
23,13,A,0,6
23,13,B,0,4
23,13,C,0,16
23,14,A,0,6
23,14,B,0,4
23,14,C,0,15
23,15,A,0,6
23,15,B,0,4
23,15,C,0,14
23,16,A,0,5
23,16,B,0,4
23,16,C,1,14
23,17,A,0,5
23,17,B,0,4
23,17,C,0,12
23,18,A,0,5
23,18,B,1,5
23,18,C,0,11
23,19,A,0,5
23,19,B,1,6
23,19,C,0,11
23,20,A,0,5
23,20,B,0,6
23,20,C,0,11
23,21,A,0,4
23,21,B,1,5
23,21,C,2,13
23,22,A,0,4
23,22,B,0,5
23,22,C,0,13
23,23,A,1,5
23,23,B,1,6
23,23,C,0,10
23,24,A,0,5
23,24,B,0,6
23,24,C,0,9
23,25,A,0,4
23,25,B,0,6
23,25,C,0,7
23,26,A,0,4
23,26,B,0,6
23,26,C,0,7
23,27,A,0,4
23,27,B,0,6
23,27,C,0,7
23,28,A,0,4
23,28,B,0,6
23,28,C,0,7
23,29,A,0,4
23,29,B,0,6
23,29,C,0,7
23,30,A,0,4
23,30,B,0,6
23,30,C,0,7
23,31,A,0,3
23,31,B,0,6
23,31,C,1,7
23,32,A,0,2
23,32,B,0,6
23,32,C,0,6
23,33,A,1,3
23,33,B,0,6
23,33,C,0,6
23,34,A,0,3
23,34,B,0,5
23,34,C,0,6
23,35,A,0,3
23,35,B,0,5
23,35,C,0,5
23,36,A,0,3
23,36,B,0,3
23,36,C,0,4
23,37,A,0,3
23,37,B,0,3
23,37,C,0,3
23,38,A,0,3
23,38,B,2,5
23,38,C,0,3
23,39,A,0,3
23,39,B,0,5
23,39,C,0,3
23,40,A,0,3
23,40,B,0,5
23,40,C,0,3
23,41,A,0,3
23,41,B,2,7
23,41,C,0,3
23,42,A,0,3
23,42,B,1,8
23,42,C,0,3
23,43,A,0,3
23,43,B,0,8
23,43,C,1,4
23,44,A,2,5
23,44,B,0,8
23,44,C,0,4
23,45,A,0,5
23,45,B,0,7
23,45,C,0,3
23,46,A,0,5
23,46,B,0,7
23,46,C,0,3
23,47,A,0,5
23,47,B,1,8
23,47,C,0,3
23,48,A,0,5
23,48,B,0,8
23,48,C,0,3
23,49,A,0,5
23,49,B,0,7
23,49,C,0,3
23,50,A,0,5
23,50,B,0,7
23,50,C,0,3
23,51,A,0,3
23,51,B,0,6
23,51,C,0,3
23,52,A,0,3
23,52,B,0,6
23,52,C,0,3
23,53,A,0,3
23,53,B,0,6
23,53,C,0,2
23,54,A,0,3
23,54,B,0,6
23,54,C,0,2
23,55,A,0,3
23,55,B,0,5
23,55,C,0,2
23,56,A,0,3
23,56,B,1,5
23,56,C,0,1
23,57,A,1,4
23,57,B,1,6
23,57,C,0,0
23,58,A,2,6
23,58,B,0,5
23,58,C,1,1
23,59,A,0,6
23,59,B,1,6
23,59,C,0,1
23,60,A,0,6
23,60,B,1,6
23,60,C,0,1
23,61,A,0,6
23,61,B,0,5
23,61,C,0,1
23,62,A,0,6
23,62,B,1,6
23,62,C,0,1
23,63,A,0,6
23,63,B,0,6
23,63,C,1,2
23,64,A,0,6
23,64,B,0,6
23,64,C,0,2
23,65,A,0,6
23,65,B,0,6
23,65,C,0,2
23,66,A,0,6
23,66,B,0,6
23,66,C,0,2
23,67,A,0,6
23,67,B,0,6
23,67,C,0,2
23,68,A,0,5
23,68,B,1,7
23,68,C,0,2
23,69,A,0,3
23,69,B,0,6
23,69,C,0,2
23,70,A,0,3
23,70,B,1,7
23,70,C,0,2
23,71,A,0,2
23,71,B,0,7
23,71,C,0,2
23,72,A,0,2
23,72,B,2,9
23,72,C,0,2
23,73,A,0,2
23,73,B,0,8
23,73,C,0,2
23,74,A,1,3
23,74,B,0,8
23,74,C,0,2
23,75,A,0,3
23,75,B,0,7
23,75,C,0,2
23,76,A,0,3
23,76,B,1,7
23,76,C,0,1
23,77,A,0,3
23,77,B,0,7
23,77,C,0,1
23,78,A,0,3
23,78,B,0,7
23,78,C,0,1
23,79,A,0,3
23,79,B,0,6
23,79,C,0,1
23,80,A,0,3
23,80,B,0,5
23,80,C,0,0
23,81,A,0,3
23,81,B,1,6
23,81,C,0,0
23,82,A,0,3
23,82,B,0,6
23,82,C,0,0
23,83,A,0,3
23,83,B,0,6
23,83,C,0,0
23,84,A,1,4
23,84,B,0,5
23,84,C,0,0
23,85,A,0,4
23,85,B,0,5
23,85,C,0,0
23,86,A,0,4
23,86,B,0,5
23,86,C,0,0
23,87,A,0,4
23,87,B,0,5
23,87,C,0,0
23,88,A,0,4
23,88,B,0,4
23,88,C,0,0
23,89,A,0,3
23,89,B,0,4
23,89,C,1,1
23,90,A,0,3
23,90,B,0,4
23,90,C,0,1
23,91,A,0,3
23,91,B,1,4
23,91,C,0,1
23,92,A,0,3
23,92,B,0,4
23,92,C,0,1
23,93,A,0,3
23,93,B,0,3
23,93,C,0,1
23,94,A,0,3
23,94,B,0,3
23,94,C,0,1
23,95,A,0,3
23,95,B,0,2
23,95,C,0,1
23,96,A,0,3
23,96,B,0,2
23,96,C,0,1
23,97,A,0,3
23,97,B,0,2
23,97,C,0,1
23,98,A,0,2
23,98,B,1,3
23,98,C,0,1
23,99,A,0,2
23,99,B,0,3
23,99,C,0,1
23,100,A,1,2
23,100,B,0,3
23,100,C,0,1
23,101,A,1,3
23,101,B,0,3
23,101,C,0,1
23,102,A,0,3
23,102,B,0,3
23,102,C,0,1
23,103,A,0,3
23,103,B,0,3
23,103,C,0,1
23,104,A,0,3
23,104,B,0,2
23,104,C,0,1
23,105,A,0,3
23,105,B,0,2
23,105,C,1,2
23,106,A,0,3
23,106,B,0,2
23,106,C,0,2
23,107,A,1,4
23,107,B,0,2
23,107,C,0,2
23,108,A,0,4
23,108,B,0,2
23,108,C,1,3
23,109,A,0,4
23,109,B,0,2
23,109,C,0,3
23,110,A,0,4
23,110,B,0,1
23,110,C,0,3
23,111,A,0,4
23,111,B,1,2
23,111,C,0,3
23,112,A,0,4
23,112,B,0,2
23,112,C,0,2
23,113,A,0,4
23,113,B,0,2
23,113,C,0,2
23,114,A,0,4
23,114,B,1,3
23,114,C,0,2
23,115,A,1,5
23,115,B,0,3
23,115,C,0,2
23,116,A,0,5
23,116,B,0,3
23,116,C,1,3
23,117,A,0,4
23,117,B,0,3
23,117,C,0,3
23,118,A,1,4
23,118,B,0,3
23,118,C,0,3
23,119,A,0,4
23,119,B,0,3
23,119,C,0,3
24,0,A,0,4
24,0,B,0,2
24,0,C,0,1
24,1,A,0,4
24,1,B,0,2
24,1,C,0,1
24,2,A,0,4
24,2,B,0,2
24,2,C,0,1
24,3,A,0,4
24,3,B,0,2
24,3,C,0,1
24,4,A,0,4
24,4,B,0,1
24,4,C,0,1
24,5,A,0,4
24,5,B,0,1
24,5,C,0,1
24,6,A,0,4
24,6,B,0,1
24,6,C,1,2
24,7,A,0,3
24,7,B,0,1
24,7,C,0,2
24,8,A,0,3
24,8,B,0,1
24,8,C,0,2
24,9,A,0,3
24,9,B,0,1
24,9,C,0,2
24,10,A,0,3
24,10,B,1,2
24,10,C,0,2
24,11,A,0,3
24,11,B,0,2
24,11,C,1,3
24,12,A,0,2
24,12,B,0,2
24,12,C,0,3
24,13,A,0,2
24,13,B,1,3
24,13,C,0,3
24,14,A,0,2
24,14,B,0,3
24,14,C,0,3
24,15,A,0,2
24,15,B,0,2
24,15,C,0,3
24,16,A,0,2
24,16,B,0,2
24,16,C,0,3
24,17,A,0,2
24,17,B,1,3
24,17,C,0,3
24,18,A,0,1
24,18,B,3,6
24,18,C,0,3
24,19,A,0,1
24,19,B,0,6
24,19,C,0,3
24,20,A,1,2
24,20,B,2,8
24,20,C,0,3
24,21,A,0,2
24,21,B,1,9
24,21,C,0,3
24,22,A,1,3
24,22,B,1,10
24,22,C,0,3
24,23,A,0,3
24,23,B,2,12
24,23,C,0,3
24,24,A,0,3
24,24,B,0,11
24,24,C,0,3
24,25,A,0,3
24,25,B,0,11
24,25,C,0,3
24,26,A,0,2
24,26,B,0,11
24,26,C,0,2
24,27,A,0,2
24,27,B,0,11
24,27,C,0,2
24,28,A,0,2
24,28,B,0,11
24,28,C,0,2
24,29,A,0,2
24,29,B,0,10
24,29,C,0,2
24,30,A,0,2
24,30,B,1,11
24,30,C,0,2
24,31,A,0,2
24,31,B,0,9
24,31,C,0,2
24,32,A,0,2
24,32,B,0,9
24,32,C,0,2
24,33,A,1,3
24,33,B,0,9
24,33,C,0,2
24,34,A,0,3
24,34,B,0,9
24,34,C,0,2
24,35,A,0,3
24,35,B,0,9
24,35,C,0,1
24,36,A,0,3
24,36,B,0,8
24,36,C,0,1
24,37,A,0,2
24,37,B,0,7
24,37,C,0,1
24,38,A,0,2
24,38,B,0,7
24,38,C,1,2
24,39,A,1,2
24,39,B,0,6
24,39,C,0,2
24,40,A,0,2
24,40,B,2,8
24,40,C,0,2
24,41,A,0,2
24,41,B,1,9
24,41,C,0,2
24,42,A,0,2
24,42,B,0,9
24,42,C,0,2
24,43,A,0,2
24,43,B,1,10
24,43,C,0,2
24,44,A,0,2
24,44,B,0,10
24,44,C,0,2
24,45,A,1,3
24,45,B,0,9
24,45,C,0,2
24,46,A,0,3
24,46,B,0,9
24,46,C,1,3
24,47,A,0,3
24,47,B,0,8
24,47,C,0,3
24,48,A,2,5
24,48,B,0,7
24,48,C,0,3
24,49,A,1,6
24,49,B,0,6
24,49,C,0,3
24,50,A,2,8
24,50,B,0,6
24,50,C,1,4
24,51,A,1,9
24,51,B,1,7
24,51,C,2,5
24,52,A,2,11
24,52,B,0,7
24,52,C,1,6
24,53,A,2,13
24,53,B,0,7
24,53,C,0,5
24,54,A,0,13
24,54,B,2,8
24,54,C,0,5
24,55,A,1,14
24,55,B,1,9
24,55,C,0,5
24,56,A,2,16
24,56,B,0,8
24,56,C,0,5
24,57,A,1,17
24,57,B,0,7
24,57,C,0,5
24,58,A,5,22
24,58,B,0,6
24,58,C,1,6
24,59,A,5,25
24,59,B,0,6
24,59,C,0,6
24,60,A,3,28
24,60,B,0,6
24,60,C,1,7
24,61,A,1,28
24,61,B,1,7
24,61,C,0,7
24,62,A,4,32
24,62,B,0,6
24,62,C,1,8
24,63,A,4,34
24,63,B,1,7
24,63,C,0,8
24,64,A,4,38
24,64,B,0,7
24,64,C,0,8
24,65,A,1,39
24,65,B,0,7
24,65,C,0,6
24,66,A,0,38
24,66,B,0,7
24,66,C,0,6
24,67,A,1,37
24,67,B,1,8
24,67,C,1,7
24,68,A,0,37
24,68,B,0,7
24,68,C,0,7
24,69,A,0,37
24,69,B,1,8
24,69,C,0,7
24,70,A,1,37
24,70,B,0,8
24,70,C,0,7
24,71,A,0,36
24,71,B,1,9
24,71,C,1,7
24,72,A,0,35
24,72,B,0,9
24,72,C,0,7
24,73,A,0,32
24,73,B,0,9
24,73,C,0,6
24,74,A,1,31
24,74,B,1,10
24,74,C,0,5
24,75,A,0,30
24,75,B,0,10
24,75,C,1,6
24,76,A,0,28
24,76,B,0,10
24,76,C,1,7
24,77,A,1,25
24,77,B,0,10
24,77,C,1,7
24,78,A,0,24
24,78,B,1,11
24,78,C,0,5
24,79,A,0,23
24,79,B,1,12
24,79,C,0,5
24,80,A,1,22
24,80,B,0,11
24,80,C,1,6
24,81,A,1,21
24,81,B,0,11
24,81,C,0,6
24,82,A,0,18
24,82,B,1,12
24,82,C,0,6
24,83,A,0,16
24,83,B,0,11
24,83,C,0,6
24,84,A,0,14
24,84,B,0,11
24,84,C,1,7
24,85,A,0,11
24,85,B,1,10
24,85,C,0,7
24,86,A,1,11
24,86,B,0,10
24,86,C,1,7
24,87,A,0,9
24,87,B,0,9
24,87,C,2,8
24,88,A,0,9
24,88,B,0,9
24,88,C,0,8
24,89,A,0,9
24,89,B,0,8
24,89,C,1,9
24,90,A,0,9
24,90,B,0,7
24,90,C,1,10
24,91,A,0,9
24,91,B,0,7
24,91,C,0,10
24,92,A,1,10
24,92,B,0,6
24,92,C,0,10
24,93,A,1,11
24,93,B,0,5
24,93,C,0,10
24,94,A,0,11
24,94,B,0,5
24,94,C,0,10
24,95,A,0,9
24,95,B,0,4
24,95,C,1,11
24,96,A,0,9
24,96,B,0,3
24,96,C,0,11
24,97,A,0,9
24,97,B,0,3
24,97,C,0,11
24,98,A,0,9
24,98,B,0,2
24,98,C,0,11
24,99,A,0,8
24,99,B,0,2
24,99,C,4,14
24,100,A,0,8
24,100,B,0,2
24,100,C,2,16
24,101,A,1,8
24,101,B,0,2
24,101,C,0,16
24,102,A,0,8
24,102,B,0,2
24,102,C,0,16
24,103,A,0,8
24,103,B,0,1
24,103,C,1,16
24,104,A,0,8
24,104,B,0,1
24,104,C,2,17
24,105,A,0,7
24,105,B,0,1
24,105,C,0,16
24,106,A,1,7
24,106,B,0,1
24,106,C,1,17
24,107,A,0,6
24,107,B,0,0
24,107,C,2,19
24,108,A,0,6
24,108,B,0,0
24,108,C,3,21
24,109,A,0,6
24,109,B,0,0
24,109,C,2,22
24,110,A,0,6
24,110,B,1,1
24,110,C,1,23
24,111,A,0,5
24,111,B,0,1
24,111,C,0,21
24,112,A,0,5
24,112,B,1,2
24,112,C,1,22
24,113,A,1,5
24,113,B,1,3
24,113,C,0,21
24,114,A,0,5
24,114,B,0,3
24,114,C,3,23
24,115,A,1,5
24,115,B,0,3
24,115,C,2,22
24,116,A,1,6
24,116,B,1,4
24,116,C,1,23
24,117,A,0,6
24,117,B,2,6
24,117,C,3,25
24,118,A,2,8
24,118,B,1,7
24,118,C,1,26
24,119,A,1,8
24,119,B,0,7
24,119,C,0,25
25,0,A,0,4
25,0,B,0,3
25,0,C,0,12
25,1,A,0,4
25,1,B,0,3
25,1,C,1,13
25,2,A,0,4
25,2,B,0,3
25,2,C,1,14
25,3,A,1,4
25,3,B,0,2
25,3,C,0,14
25,4,A,0,4
25,4,B,0,2
25,4,C,1,15
25,5,A,0,4
25,5,B,0,2
25,5,C,1,16
25,6,A,0,4
25,6,B,0,2
25,6,C,0,15
25,7,A,0,3
25,7,B,0,2
25,7,C,1,16
25,8,A,1,4
25,8,B,0,2
25,8,C,2,16
25,9,A,0,4
25,9,B,0,2
25,9,C,0,16
25,10,A,0,4
25,10,B,0,2
25,10,C,2,17
25,11,A,1,5
25,11,B,0,2
25,11,C,0,17
25,12,A,1,6
25,12,B,1,3
25,12,C,0,17
25,13,A,0,6
25,13,B,0,3
25,13,C,1,17
25,14,A,0,5
25,14,B,0,3
25,14,C,0,14
25,15,A,1,6
25,15,B,0,3
25,15,C,0,14
25,16,A,1,7
25,16,B,0,3
25,16,C,0,14
25,17,A,0,7
25,17,B,0,1
25,17,C,1,14
25,18,A,0,7
25,18,B,1,2
25,18,C,0,14
25,19,A,0,6
25,19,B,0,2
25,19,C,1,13
25,20,A,0,6
25,20,B,0,2
25,20,C,0,13
25,21,A,0,5
25,21,B,0,2
25,21,C,0,12
25,22,A,0,5
25,22,B,1,3
25,22,C,0,11
25,23,A,0,5
25,23,B,1,4
25,23,C,0,11
25,24,A,0,5
25,24,B,0,4
25,24,C,0,10
25,25,A,0,5
25,25,B,3,7
25,25,C,0,10
25,26,A,0,4
25,26,B,0,7
25,26,C,0,10
25,27,A,0,4
25,27,B,0,7
25,27,C,0,8
25,28,A,0,4
25,28,B,0,7
25,28,C,0,7
25,29,A,0,4
25,29,B,6,13
25,29,C,0,7
25,30,A,1,4
25,30,B,3,16
25,30,C,0,6
25,31,A,0,3
25,31,B,0,16
25,31,C,0,5
25,32,A,1,4
25,32,B,1,17
25,32,C,0,5
25,33,A,0,4
25,33,B,1,18
25,33,C,0,5
25,34,A,0,4
25,34,B,2,20
25,34,C,1,6
25,35,A,0,4
25,35,B,1,20
25,35,C,1,7
25,36,A,0,4
25,36,B,2,22
25,36,C,0,7
25,37,A,1,5
25,37,B,2,23
25,37,C,0,7
25,38,A,1,6
25,38,B,1,23
25,38,C,0,7
25,39,A,0,6
25,39,B,3,26
25,39,C,0,6
25,40,A,0,5
25,40,B,1,26
25,40,C,0,6
25,41,A,2,7
25,41,B,2,28
25,41,C,0,4
25,42,A,0,7
25,42,B,2,28
25,42,C,0,4
25,43,A,0,7
25,43,B,2,30
25,43,C,0,4
25,44,A,0,7
25,44,B,0,30
25,44,C,0,3
25,45,A,0,6
25,45,B,3,31
25,45,C,1,4
25,46,A,0,6
25,46,B,0,29
25,46,C,0,4
25,47,A,0,6
25,47,B,0,27
25,47,C,0,4
25,48,A,0,6
25,48,B,2,28
25,48,C,0,4
25,49,A,0,6
25,49,B,1,29
25,49,C,0,4
25,50,A,0,5
25,50,B,0,29
25,50,C,0,2
25,51,A,0,5
25,51,B,0,26
25,51,C,0,2
25,52,A,0,5
25,52,B,0,25
25,52,C,0,2
25,53,A,0,5
25,53,B,0,23
25,53,C,1,3
25,54,A,0,5
25,54,B,1,23
25,54,C,0,2
25,55,A,0,5
25,55,B,1,24
25,55,C,0,2
25,56,A,0,5
25,56,B,2,24
25,56,C,0,2
25,57,A,0,5
25,57,B,1,25
25,57,C,1,3
25,58,A,0,5
25,58,B,1,23
25,58,C,0,2
25,59,A,0,5
25,59,B,1,23
25,59,C,1,3
25,60,A,0,4
25,60,B,0,23
25,60,C,0,3
25,61,A,0,4
25,61,B,0,22
25,61,C,0,3
25,62,A,0,4
25,62,B,0,21
25,62,C,0,3
25,63,A,0,3
25,63,B,1,21
25,63,C,0,3
25,64,A,0,2
25,64,B,0,20
25,64,C,0,3
25,65,A,0,2
25,65,B,1,19
25,65,C,0,3
25,66,A,1,3
25,66,B,2,21
25,66,C,0,3
25,67,A,2,4
25,67,B,0,20
25,67,C,0,3
25,68,A,1,5
25,68,B,0,19
25,68,C,1,4
25,69,A,0,5
25,69,B,0,18
25,69,C,0,4
25,70,A,1,6
25,70,B,0,17
25,70,C,0,4
25,71,A,1,7
25,71,B,0,16
25,71,C,1,5
25,72,A,2,9
25,72,B,1,15
25,72,C,1,6
25,73,A,1,10
25,73,B,2,16
25,73,C,0,6
25,74,A,0,10
25,74,B,0,13
25,74,C,1,7
25,75,A,0,9
25,75,B,0,13
25,75,C,1,8
25,76,A,0,9
25,76,B,2,15
25,76,C,0,8
25,77,A,0,9
25,77,B,0,14
25,77,C,0,8
25,78,A,1,10
25,78,B,0,13
25,78,C,0,7
25,79,A,1,11
25,79,B,0,12
25,79,C,0,7
25,80,A,0,10
25,80,B,0,12
25,80,C,0,6
25,81,A,0,10
25,81,B,0,12
25,81,C,0,6
25,82,A,1,10
25,82,B,0,12
25,82,C,0,6
25,83,A,0,10
25,83,B,0,11
25,83,C,0,6
25,84,A,0,9
25,84,B,0,11
25,84,C,1,7
25,85,A,0,8
25,85,B,0,10
25,85,C,0,7
25,86,A,0,7
25,86,B,0,7
25,86,C,0,6
25,87,A,2,9
25,87,B,0,6
25,87,C,1,7
25,88,A,0,9
25,88,B,0,6
25,88,C,0,7
25,89,A,0,8
25,89,B,0,6
25,89,C,0,6
25,90,A,0,8
25,90,B,0,6
25,90,C,0,6
25,91,A,0,7
25,91,B,0,6
25,91,C,0,6
25,92,A,0,7
25,92,B,0,5
25,92,C,0,5
25,93,A,0,7
25,93,B,1,6
25,93,C,0,5
25,94,A,0,7
25,94,B,0,6
25,94,C,0,5
25,95,A,0,6
25,95,B,0,6
25,95,C,0,4
25,96,A,0,5
25,96,B,2,6
25,96,C,0,4
25,97,A,1,6
25,97,B,0,6
25,97,C,0,4
25,98,A,0,6
25,98,B,1,6
25,98,C,1,5
25,99,A,0,6
25,99,B,0,6
25,99,C,0,4
25,100,A,0,5
25,100,B,0,5
25,100,C,0,4
25,101,A,1,5
25,101,B,0,5
25,101,C,0,4
25,102,A,0,5
25,102,B,0,5
25,102,C,0,4
25,103,A,1,6
25,103,B,0,5
25,103,C,1,5
25,104,A,0,6
25,104,B,0,5
25,104,C,0,4
25,105,A,0,5
25,105,B,0,5
25,105,C,0,4
25,106,A,0,5
25,106,B,0,4
25,106,C,0,4
25,107,A,0,5
25,107,B,0,4
25,107,C,0,4
25,108,A,0,5
25,108,B,0,4
25,108,C,0,3
25,109,A,0,5
25,109,B,0,3
25,109,C,0,3
25,110,A,0,5
25,110,B,0,2
25,110,C,0,3
25,111,A,2,7
25,111,B,0,2
25,111,C,0,3
25,112,A,0,7
25,112,B,0,2
25,112,C,0,3
25,113,A,0,7
25,113,B,0,2
25,113,C,1,4
25,114,A,0,7
25,114,B,0,1
25,114,C,0,3
25,115,A,0,6
25,115,B,0,1
25,115,C,0,3
25,116,A,0,5
25,116,B,0,1
25,116,C,0,3
25,117,A,0,5
25,117,B,0,1
25,117,C,0,3
25,118,A,0,5
25,118,B,0,1
25,118,C,0,3
25,119,A,0,5
25,119,B,0,1
25,119,C,0,3
26,0,A,0,15
26,0,B,1,32
26,0,C,0,16
26,1,A,1,14
26,1,B,1,31
26,1,C,0,16
26,2,A,0,13
26,2,B,0,30
26,2,C,0,15
26,3,A,0,12
26,3,B,1,28
26,3,C,0,14
26,4,A,0,11
26,4,B,1,27
26,4,C,1,15
26,5,A,0,10
26,5,B,1,25
26,5,C,0,15
26,6,A,0,10
26,6,B,0,24
26,6,C,0,15
26,7,A,0,9
26,7,B,0,23
26,7,C,1,15
26,8,A,0,8
26,8,B,1,24
26,8,C,0,15
26,9,A,1,9
26,9,B,0,23
26,9,C,0,13
26,10,A,0,7
26,10,B,0,23
26,10,C,0,12
26,11,A,0,6
26,11,B,0,19
26,11,C,0,11
26,12,A,0,6
26,12,B,0,16
26,12,C,0,9
26,13,A,0,5
26,13,B,0,16
26,13,C,0,9
26,14,A,0,4
26,14,B,0,15
26,14,C,0,9
26,15,A,0,4
26,15,B,0,15
26,15,C,0,8
26,16,A,0,3
26,16,B,0,14
26,16,C,0,8
26,17,A,0,3
26,17,B,0,13
26,17,C,0,7
26,18,A,0,3
26,18,B,0,13
26,18,C,0,6
26,19,A,0,2
26,19,B,0,12
26,19,C,0,4
26,20,A,0,2
26,20,B,0,12
26,20,C,0,4
26,21,A,0,1
26,21,B,0,11
26,21,C,0,2
26,22,A,0,1
26,22,B,0,11
26,22,C,0,2
26,23,A,0,1
26,23,B,0,11
26,23,C,1,3
26,24,A,0,0
26,24,B,0,10
26,24,C,0,3
26,25,A,0,0
26,25,B,0,7
26,25,C,0,3
26,26,A,0,0
26,26,B,0,6
26,26,C,0,2
26,27,A,0,0
26,27,B,0,6
26,27,C,0,2
26,28,A,0,0
26,28,B,0,5
26,28,C,0,2
26,29,A,0,0
26,29,B,0,5
26,29,C,0,2
26,30,A,0,0
26,30,B,1,5
26,30,C,0,2
26,31,A,0,0
26,31,B,1,6
26,31,C,0,2
26,32,A,0,0
26,32,B,0,5
26,32,C,0,2
26,33,A,0,0
26,33,B,0,4
26,33,C,0,2
26,34,A,0,0
26,34,B,0,2
26,34,C,0,2
26,35,A,0,0
26,35,B,0,2
26,35,C,0,2
26,36,A,0,0
26,36,B,0,2
26,36,C,0,2
26,37,A,0,0
26,37,B,0,2
26,37,C,1,3
26,38,A,0,0
26,38,B,0,2
26,38,C,0,3
26,39,A,0,0
26,39,B,0,2
26,39,C,0,2
26,40,A,0,0
26,40,B,0,2
26,40,C,0,2
26,41,A,0,0
26,41,B,0,2
26,41,C,0,2
26,42,A,2,2
26,42,B,0,2
26,42,C,0,2
26,43,A,0,2
26,43,B,1,3
26,43,C,1,3
26,44,A,2,4
26,44,B,0,2
26,44,C,0,3
26,45,A,0,4
26,45,B,0,2
26,45,C,0,3
26,46,A,1,5
26,46,B,0,2
26,46,C,0,3
26,47,A,0,5
26,47,B,0,2
26,47,C,1,4
26,48,A,0,5
26,48,B,0,2
26,48,C,0,4
26,49,A,4,9
26,49,B,0,2
26,49,C,0,3
26,50,A,2,11
26,50,B,0,2
26,50,C,0,3
26,51,A,0,11
26,51,B,0,2
26,51,C,0,3
26,52,A,0,11
26,52,B,0,2
26,52,C,0,3
26,53,A,0,11
26,53,B,0,2
26,53,C,0,3
26,54,A,0,11
26,54,B,0,1
26,54,C,0,3
26,55,A,0,11
26,55,B,0,1
26,55,C,0,3
26,56,A,0,11
26,56,B,0,1
26,56,C,0,3
26,57,A,0,10
26,57,B,0,1
26,57,C,0,3
26,58,A,0,8
26,58,B,0,0
26,58,C,0,3
26,59,A,0,8
26,59,B,0,0
26,59,C,0,3
26,60,A,0,8
26,60,B,0,0
26,60,C,1,3
26,61,A,0,7
26,61,B,0,0
26,61,C,0,3
26,62,A,0,6
26,62,B,0,0
26,62,C,0,3
26,63,A,0,6
26,63,B,0,0
26,63,C,0,3
26,64,A,0,4
26,64,B,0,0
26,64,C,1,4
26,65,A,0,4
26,65,B,0,0
26,65,C,0,4
26,66,A,0,4
26,66,B,0,0
26,66,C,0,4
26,67,A,0,4
26,67,B,0,0
26,67,C,0,4
26,68,A,0,4
26,68,B,0,0
26,68,C,0,4
26,69,A,1,5
26,69,B,0,0
26,69,C,0,3
26,70,A,0,4
26,70,B,0,0
26,70,C,0,3
26,71,A,0,4
26,71,B,0,0
26,71,C,0,3
26,72,A,0,4
26,72,B,0,0
26,72,C,0,2
26,73,A,0,3
26,73,B,0,0
26,73,C,1,3
26,74,A,0,3
26,74,B,1,1
26,74,C,0,3
26,75,A,0,3
26,75,B,0,1
26,75,C,3,6
26,76,A,0,3
26,76,B,0,1
26,76,C,0,5
26,77,A,0,3
26,77,B,0,1
26,77,C,0,5
26,78,A,0,3
26,78,B,0,1
26,78,C,0,5
26,79,A,0,3
26,79,B,0,1
26,79,C,0,5
26,80,A,0,3
26,80,B,0,1
26,80,C,0,5
26,81,A,0,3
26,81,B,0,1
26,81,C,0,5
26,82,A,0,3
26,82,B,0,1
26,82,C,0,5
26,83,A,0,3
26,83,B,0,1
26,83,C,0,5
26,84,A,0,3
26,84,B,0,1
26,84,C,0,4
26,85,A,0,3
26,85,B,1,2
26,85,C,0,4
26,86,A,0,3
26,86,B,1,3
26,86,C,0,3
26,87,A,0,3
26,87,B,0,3
26,87,C,1,4
26,88,A,1,3
26,88,B,0,3
26,88,C,0,3
26,89,A,0,3
26,89,B,0,3
26,89,C,0,3
26,90,A,0,3
26,90,B,0,3
26,90,C,0,2
26,91,A,0,3
26,91,B,0,2
26,91,C,0,2
26,92,A,0,3
26,92,B,0,2
26,92,C,0,2
26,93,A,0,2
26,93,B,0,2
26,93,C,0,2
26,94,A,0,2
26,94,B,0,2
26,94,C,2,4
26,95,A,0,2
26,95,B,0,2
26,95,C,0,4
26,96,A,0,2
26,96,B,0,2
26,96,C,1,5
26,97,A,0,2
26,97,B,0,2
26,97,C,0,5
26,98,A,0,2
26,98,B,0,2
26,98,C,9,14
26,99,A,0,2
26,99,B,0,1
26,99,C,5,19
26,100,A,0,1
26,100,B,0,1
26,100,C,1,20
26,101,A,0,1
26,101,B,0,1
26,101,C,1,20
26,102,A,0,1
26,102,B,0,1
26,102,C,1,21
26,103,A,0,1
26,103,B,1,2
26,103,C,3,24
26,104,A,0,0
26,104,B,1,3
26,104,C,1,25
26,105,A,0,0
26,105,B,0,3
26,105,C,0,25
26,106,A,0,0
26,106,B,0,3
26,106,C,2,27
26,107,A,0,0
26,107,B,0,3
26,107,C,2,27
26,108,A,1,1
26,108,B,1,4
26,108,C,0,27
26,109,A,0,1
26,109,B,0,4
26,109,C,0,27
26,110,A,0,1
26,110,B,0,4
26,110,C,0,27
26,111,A,0,1
26,111,B,0,4
26,111,C,2,28
26,112,A,1,2
26,112,B,0,4
26,112,C,0,25
26,113,A,0,2
26,113,B,0,4
26,113,C,1,24
26,114,A,0,2
26,114,B,1,5
26,114,C,1,25
26,115,A,1,3
26,115,B,0,4
26,115,C,1,22
26,116,A,0,3
26,116,B,0,4
26,116,C,0,19
26,117,A,0,3
26,117,B,0,4
26,117,C,0,19
26,118,A,0,3
26,118,B,0,4
26,118,C,0,17
26,119,A,0,3
26,119,B,4,7
26,119,C,0,15
27,0,A,0,13
27,0,B,0,7
27,0,C,0,13
27,1,A,0,12
27,1,B,0,7
27,1,C,0,13
27,2,A,0,12
27,2,B,0,6
27,2,C,0,13
27,3,A,0,10
27,3,B,1,6
27,3,C,0,13
27,4,A,0,8
27,4,B,0,6
27,4,C,0,12
27,5,A,0,8
27,5,B,1,7
27,5,C,0,10
27,6,A,0,8
27,6,B,0,6
27,6,C,0,10
27,7,A,0,8
27,7,B,0,6
27,7,C,0,8
27,8,A,0,6
27,8,B,1,7
27,8,C,0,8
27,9,A,0,5
27,9,B,1,8
27,9,C,0,8
27,10,A,0,5
27,10,B,0,8
27,10,C,0,8
27,11,A,0,5
27,11,B,0,8
27,11,C,0,7
27,12,A,0,4
27,12,B,0,8
27,12,C,0,6
27,13,A,0,4
27,13,B,0,8
27,13,C,0,6
27,14,A,0,4
27,14,B,0,7
27,14,C,0,5
27,15,A,0,4
27,15,B,0,6
27,15,C,0,5
27,16,A,0,4
27,16,B,0,6
27,16,C,0,5
27,17,A,0,2
27,17,B,0,5
27,17,C,1,5
27,18,A,0,2
27,18,B,0,3
27,18,C,0,5
27,19,A,0,2
27,19,B,0,2
27,19,C,0,5
27,20,A,0,1
27,20,B,0,2
27,20,C,0,3
27,21,A,0,0
27,21,B,0,2
27,21,C,0,3
27,22,A,0,0
27,22,B,0,2
27,22,C,0,2
27,23,A,0,0
27,23,B,0,2
27,23,C,0,2
27,24,A,0,0
27,24,B,0,2
27,24,C,0,2
27,25,A,0,0
27,25,B,0,2
27,25,C,0,2
27,26,A,0,0
27,26,B,0,2
27,26,C,1,3
27,27,A,0,0
27,27,B,0,2
27,27,C,0,2
27,28,A,0,0
27,28,B,0,2
27,28,C,1,3
27,29,A,0,0
27,29,B,0,1
27,29,C,1,4
27,30,A,0,0
27,30,B,0,1
27,30,C,0,4
27,31,A,1,1
27,31,B,0,1
27,31,C,0,4
27,32,A,0,1
27,32,B,0,1
27,32,C,0,4
27,33,A,0,1
27,33,B,0,1
27,33,C,0,4
27,34,A,0,1
27,34,B,1,2
27,34,C,0,3
27,35,A,0,1
27,35,B,0,2
27,35,C,0,3
27,36,A,2,3
27,36,B,0,1
27,36,C,0,3
27,37,A,0,3
27,37,B,0,1
27,37,C,0,3
27,38,A,1,4
27,38,B,0,1
27,38,C,0,3
27,39,A,0,4
27,39,B,0,1
27,39,C,0,3
27,40,A,0,4
27,40,B,0,1
27,40,C,0,3
27,41,A,0,4
27,41,B,0,1
27,41,C,0,3
27,42,A,0,4
27,42,B,0,1
27,42,C,0,2
27,43,A,0,4
27,43,B,0,1
27,43,C,0,2
27,44,A,0,4
27,44,B,0,1
27,44,C,0,2
27,45,A,0,4
27,45,B,0,1
27,45,C,1,3
27,46,A,0,4
27,46,B,0,1
27,46,C,0,3
27,47,A,1,5
27,47,B,0,1
27,47,C,0,3
27,48,A,1,6
27,48,B,0,1
27,48,C,0,3
27,49,A,0,6
27,49,B,0,1
27,49,C,1,4
27,50,A,1,6
27,50,B,0,1
27,50,C,0,4
27,51,A,0,5
27,51,B,0,0
27,51,C,0,4
27,52,A,0,3
27,52,B,1,1
27,52,C,0,4
27,53,A,0,3
27,53,B,0,1
27,53,C,0,4
27,54,A,0,3
27,54,B,0,1
27,54,C,0,4
27,55,A,0,3
27,55,B,0,1
27,55,C,0,4
27,56,A,0,3
27,56,B,0,1
27,56,C,1,5
27,57,A,1,4
27,57,B,0,1
27,57,C,0,5
27,58,A,1,5
27,58,B,0,1
27,58,C,0,5
27,59,A,1,6
27,59,B,0,1
27,59,C,0,4
27,60,A,0,6
27,60,B,0,1
27,60,C,0,4
27,61,A,0,5
27,61,B,0,1
27,61,C,1,5
27,62,A,0,5
27,62,B,0,1
27,62,C,0,4
27,63,A,0,5
27,63,B,0,1
27,63,C,0,3
27,64,A,0,5
27,64,B,0,1
27,64,C,0,3
27,65,A,0,5
27,65,B,0,1
27,65,C,1,4
27,66,A,0,4
27,66,B,0,1
27,66,C,0,4
27,67,A,0,4
27,67,B,0,1
27,67,C,1,5
27,68,A,0,4
27,68,B,0,1
27,68,C,0,5
27,69,A,0,4
27,69,B,0,1
27,69,C,0,5
27,70,A,0,3
27,70,B,0,1
27,70,C,0,5
27,71,A,0,3
27,71,B,1,2
27,71,C,1,6
27,72,A,0,3
27,72,B,0,2
27,72,C,0,6
27,73,A,0,3
27,73,B,0,2
27,73,C,0,5
27,74,A,0,3
27,74,B,0,2
27,74,C,0,5
27,75,A,0,3
27,75,B,1,3
27,75,C,0,4
27,76,A,0,3
27,76,B,1,3
27,76,C,0,4
27,77,A,1,4
27,77,B,0,3
27,77,C,0,4
27,78,A,0,4
27,78,B,0,3
27,78,C,0,3
27,79,A,0,3
27,79,B,0,3
27,79,C,0,3
27,80,A,0,3
27,80,B,1,4
27,80,C,0,3
27,81,A,0,2
27,81,B,0,4
27,81,C,0,3
27,82,A,0,2
27,82,B,0,4
27,82,C,0,3
27,83,A,0,2
27,83,B,1,5
27,83,C,0,3
27,84,A,0,2
27,84,B,0,5
27,84,C,0,2
27,85,A,0,2
27,85,B,0,5
27,85,C,1,3
27,86,A,0,2
27,86,B,0,5
27,86,C,0,3
27,87,A,0,2
27,87,B,0,5
27,87,C,0,3
27,88,A,0,2
27,88,B,0,5
27,88,C,0,2
27,89,A,0,2
27,89,B,0,4
27,89,C,0,2
27,90,A,0,2
27,90,B,1,5
27,90,C,0,2
27,91,A,0,2
27,91,B,0,5
27,91,C,1,3
27,92,A,0,2
27,92,B,1,5
27,92,C,0,3
27,93,A,0,2
27,93,B,0,5
27,93,C,0,3
27,94,A,0,2
27,94,B,0,5
27,94,C,1,4
27,95,A,0,2
27,95,B,1,6
27,95,C,0,4
27,96,A,0,2
27,96,B,1,7
27,96,C,0,4
27,97,A,0,2
27,97,B,0,6
27,97,C,1,5
27,98,A,0,2
27,98,B,0,6
27,98,C,1,5
27,99,A,0,2
27,99,B,0,6
27,99,C,0,5
27,100,A,0,2
27,100,B,0,6
27,100,C,0,5
27,101,A,0,2
27,101,B,1,6
27,101,C,0,5
27,102,A,0,2
27,102,B,0,6
27,102,C,1,6
27,103,A,1,2
27,103,B,0,6
27,103,C,0,6
27,104,A,0,2
27,104,B,0,6
27,104,C,0,5
27,105,A,0,2
27,105,B,1,7
27,105,C,0,5
27,106,A,0,2
27,106,B,0,7
27,106,C,0,5
27,107,A,0,2
27,107,B,0,6
27,107,C,0,5
27,108,A,0,2
27,108,B,1,7
27,108,C,1,6
27,109,A,0,2
27,109,B,0,6
27,109,C,0,6
27,110,A,0,2
27,110,B,0,6
27,110,C,0,6
27,111,A,0,2
27,111,B,2,8
27,111,C,0,5
27,112,A,0,2
27,112,B,1,9
27,112,C,0,4
27,113,A,1,3
27,113,B,0,9
27,113,C,0,4
27,114,A,0,2
27,114,B,0,8
27,114,C,0,4
27,115,A,0,2
27,115,B,0,8
27,115,C,0,4
27,116,A,0,2
27,116,B,0,8
27,116,C,0,4
27,117,A,0,2
27,117,B,1,9
27,117,C,0,4
27,118,A,1,3
27,118,B,0,8
27,118,C,0,4
27,119,A,0,3
27,119,B,0,8
27,119,C,0,2
