experiment,replicate,day,nutrient,algae,grazers,fish
S1-E1,0,0,1.102,22.525,365,33
S1-E1,0,1,1.177,22.961,349,24
S1-E1,0,2,1.029,27.158,362,39
S1-E1,0,3,1.384,20.778,329,32
S1-E1,0,4,1.229,26.268,307,43
S1-E1,0,5,1.235,28.976,352,35
S1-E1,0,6,1.342,21.053,454,41
S1-E1,0,7,1.326,24.267,388,36
S1-E1,0,8,1.303,21.069,395,29
S1-E1,0,9,1.323,21.151,355,31
S1-E1,0,10,1.346,21.289,354,28
S1-E1,0,11,1.543,24.525,337,42
S1-E1,0,12,1.413,19.977,384,33
S1-E1,0,13,6.720,28.894,482,32
S1-E1,0,14,5.998,33.644,408,36
S1-E1,0,15,5.299,38.270,318,33
S1-E1,0,16,4.320,35.770,352,31
S1-E1,0,17,3.353,43.483,411,42
S1-E1,0,18,2.776,46.673,401,34
S1-E1,0,19,1.989,48.136,437,36
S1-E1,0,20,1.810,45.646,419,42
S1-E1,0,21,1.463,41.674,356,27
S1-E1,0,22,1.260,36.885,405,33
S1-E1,0,23,1.124,36.025,436,31
S1-E1,0,24,0.995,42.557,360,33
S1-E1,0,25,1.054,34.671,294,24
S1-E1,0,26,1.210,32.451,345,31
S1-E1,0,27,1.239,30.031,300,38
S1-E1,0,28,1.415,28.586,327,24
S1-E1,0,29,1.481,27.705,397,32
S1-E1,0,30,1.337,29.676,361,33
S1-E1,0,31,1.839,24.500,362,33
S1-E1,0,32,1.410,26.427,402,28
S1-E1,0,33,1.672,27.434,352,32
S1-E1,0,34,1.841,26.890,429,26
S1-E1,0,35,1.414,26.910,388,36
S1-E1,0,36,2.000,29.468,445,32
S1-E1,0,37,1.430,26.001,394,43
S1-E1,0,38,47.269,29.371,428,32
S1-E1,0,39,36.347,38.527,411,18
S1-E1,0,40,34.838,43.161,423,39
S1-E1,0,41,29.024,60.851,459,28
S1-E1,0,42,26.123,51.428,464,26
S1-E1,0,43,22.655,47.229,506,34
S1-E1,0,44,18.215,67.408,457,37
S1-E1,0,45,16.331,53.607,491,34
S1-E1,0,46,15.417,56.941,442,29
S1-E1,0,47,13.816,66.422,366,30
S1-E1,0,48,11.912,66.899,292,17
S1-E1,0,49,11.650,64.846,184,31
S1-E1,0,50,9.503,68.669,151,22
S1-E1,0,51,8.123,81.161,118,26
S1-E1,0,52,5.932,75.470,86,14
S1-E1,0,53,6.095,93.108,63,18
S1-E1,0,54,4.838,83.018,40,21
S1-E1,0,55,4.678,76.234,36,17
S1-E1,0,56,4.169,67.719,31,22
S1-E1,0,57,3.750,93.257,18,19
S1-E1,0,58,3.949,84.150,16,7
S1-E1,0,59,3.354,86.957,11,11
S1-E1,0,60,3.179,79.621,10,17
S1-E1,0,61,3.003,83.107,8,8
S1-E1,0,62,2.627,84.124,6,12
S1-E1,0,63,2.219,78.573,6,5
S1-E1,0,64,2.107,81.033,4,10
S1-E1,0,65,2.495,68.426,4,8
S1-E1,0,66,2.617,78.177,4,7
S1-E1,0,67,1.952,72.871,3,4
S1-E1,0,68,2.545,69.360,3,7
S1-E1,0,69,2.470,79.852,2,5
S1-E1,0,70,2.339,82.831,2,5
S1-E1,0,71,1.982,79.597,2,6
S1-E1,0,72,2.083,80.223,2,4
S1-E1,0,73,2.100,82.499,2,5
S1-E1,0,74,2.037,75.482,2,6
S1-E1,0,75,1.864,91.667,2,0
S1-E1,0,76,2.072,84.358,2,3
S1-E1,0,77,1.983,82.335,2,4
S1-E1,0,78,2.402,83.097,1,2
S1-E1,0,79,2.151,77.602,1,0
S1-E1,0,80,7.268,85.149,2,5
S1-E1,0,81,6.694,97.270,1,0
S1-E1,0,82,6.787,77.812,1,4
S1-E1,0,83,4.750,88.745,1,2
S1-E1,0,84,4.919,81.660,1,2
S1-E1,0,85,4.869,99.568,1,0
S1-E1,0,86,4.074,101.063,1,2
S1-E1,0,87,4.156,84.133,1,2
S1-E1,0,88,3.909,92.825,1,0
S1-E1,0,89,4.328,70.259,1,1
S1-E1,0,90,3.908,94.808,1,0
S1-E1,0,91,3.792,97.769,1,1
S1-E1,0,92,3.582,71.986,1,3
S1-E1,0,93,3.122,96.781,1,0
S1-E1,0,94,3.029,88.518,1,0
S1-E1,0,95,2.779,79.051,1,1
S1-E1,0,96,2.901,99.387,1,1
S1-E1,0,97,2.977,85.750,1,0
S1-E1,0,98,2.545,86.866,1,1
S1-E1,0,99,2.870,88.543,1,1
S1-E1,0,100,2.970,83.187,1,1
S1-E1,0,101,3.344,94.558,1,0
S1-E1,0,102,4.256,90.238,1,1
S1-E1,0,103,4.316,77.310,1,2
S1-E1,0,104,4.951,81.303,1,0
S1-E1,0,105,4.831,89.529,1,0
S1-E1,0,106,4.492,97.516,1,1
S1-E1,0,107,5.499,80.831,1,0
S1-E1,0,108,5.021,95.655,2,0
S1-E1,0,109,5.901,91.782,1,1
S1-E1,0,110,5.835,88.447,1,0
S1-E1,0,111,5.483,90.377,2,0
S1-E1,0,112,5.400,85.115,1,1
S1-E1,0,113,6.422,93.000,1,0
S1-E1,0,114,6.080,95.813,1,0
S1-E1,0,115,6.555,100.996,1,1
S1-E1,0,116,7.244,100.233,1,0
S1-E1,0,117,6.296,77.717,1,0
S1-E1,0,118,6.824,83.258,1,1
S1-E1,0,119,6.549,96.073,1,0
S1-E1,0,120,6.349,90.084,1,0
S1-E1,0,121,7.124,81.735,2,2
S1-E1,0,122,7.217,76.789,1,0
S1-E1,0,123,7.050,82.925,1,1
S1-E1,0,124,6.948,95.024,1,2
S1-E1,0,125,7.091,94.214,1,0
S1-E1,0,126,6.783,77.011,1,0
S1-E1,0,127,6.353,81.288,1,0
S1-E1,0,128,7.397,94.554,1,0
S1-E1,0,129,6.782,85.173,1,1
S1-E1,0,130,7.433,98.549,1,0
S1-E1,0,131,7.633,83.448,1,0
S1-E1,0,132,8.645,78.834,1,0
S1-E1,0,133,7.133,88.501,1,0
S1-E1,0,134,7.621,105.539,1,2
S1-E1,0,135,7.827,98.968,1,0
S1-E1,0,136,6.514,97.568,1,0
S1-E1,0,137,7.039,92.851,2,3
S1-E1,0,138,7.968,100.671,1,0
S1-E1,0,139,7.254,94.443,1,0
S1-E1,0,140,5.837,94.046,1,0
S1-E1,0,141,6.764,90.936,1,1
S1-E1,0,142,7.594,81.781,1,0
S1-E1,0,143,6.245,92.391,1,0
S1-E1,0,144,7.446,86.673,2,0
S1-E1,0,145,7.059,91.926,1,0
S1-E1,0,146,7.090,93.132,1,0
S1-E1,0,147,7.295,97.480,1,0
S1-E1,0,148,6.862,94.752,1,0
S1-E1,0,149,7.006,92.103,1,1
S1-E1,0,150,6.735,83.027,1,1
S1-E1,0,151,6.113,88.524,1,3
S1-E1,0,152,8.308,88.203,1,0
S1-E1,0,153,5.855,87.660,1,0
S1-E1,0,154,7.205,98.434,1,0
S1-E1,0,155,7.416,87.851,2,1
S1-E1,0,156,6.525,89.861,1,0
S1-E1,0,157,7.177,95.622,1,0
S1-E1,0,158,6.840,82.606,1,0
S1-E1,0,159,6.305,89.590,1,0
S1-E1,0,160,7.727,98.577,1,0
S1-E1,0,161,6.847,90.322,1,0
S1-E1,0,162,6.411,89.853,1,0
S1-E1,0,163,6.103,89.589,1,0
S1-E1,0,164,6.991,91.805,1,0
S1-E1,0,165,5.792,109.503,1,1
S1-E1,0,166,6.852,77.681,1,0
S1-E1,0,167,7.107,91.209,1,1
S1-E1,0,168,6.823,79.159,2,0
S1-E1,0,169,7.052,83.926,2,0
S1-E1,0,170,6.567,78.795,1,0
S1-E1,0,171,6.090,81.728,1,0
S1-E1,0,172,6.722,79.207,1,0
S1-E1,0,173,6.809,92.354,1,0
S1-E1,0,174,5.593,81.424,1,1
S1-E1,0,175,5.758,80.791,1,0
S1-E1,0,176,5.762,80.266,1,0
S1-E1,0,177,5.803,87.876,1,3
S1-E1,0,178,4.934,84.060,1,0
S1-E1,0,179,6.570,100.888,1,0
S1-E1,0,180,5.333,107.973,1,0
S1-E1,0,181,6.177,85.417,1,1
S1-E1,0,182,5.660,75.365,1,1
S1-E1,0,183,5.738,79.500,1,0
S1-E1,0,184,5.874,86.443,1,2
S1-E1,0,185,5.190,111.830,2,1
S1-E1,0,186,6.325,94.366,1,0
S1-E1,0,187,5.595,86.817,1,0
S1-E1,0,188,5.919,81.246,1,1
S1-E1,0,189,5.736,79.263,1,0
S1-E1,0,190,4.965,86.570,1,0
S1-E1,0,191,5.225,88.324,1,0
S1-E1,0,192,5.077,89.159,1,0
S1-E1,0,193,4.778,83.064,1,1
S1-E1,0,194,4.517,96.506,1,0
S1-E1,0,195,5.319,102.937,1,0
S1-E1,0,196,4.945,92.728,1,0
S1-E1,0,197,5.077,81.357,1,0
S1-E1,0,198,4.751,92.609,1,0
S1-E1,0,199,4.127,105.471,1,0
S1-E1,0,200,5.164,105.926,1,0
S1-E1,0,201,5.110,90.689,1,1
S1-E1,0,202,4.239,73.191,2,1
S1-E1,0,203,4.720,103.211,1,0
S1-E1,0,204,4.287,100.504,2,1
S1-E1,0,205,4.769,81.908,1,0
S1-E1,0,206,5.134,99.307,1,0
S1-E1,0,207,4.404,93.747,1,0
S1-E1,0,208,4.134,73.556,1,0
S1-E1,0,209,4.562,99.871,1,0
S1-E1,0,210,4.020,89.076,1,0
S1-E1,0,211,4.263,75.867,1,0
S1-E1,0,212,4.480,93.032,1,0
S1-E1,0,213,4.056,89.846,2,1
S1-E1,0,214,4.145,77.270,1,1
S1-E1,0,215,4.131,93.125,1,1
S1-E1,0,216,4.018,84.047,1,0
S1-E1,0,217,3.987,89.662,1,0
S1-E1,0,218,3.787,83.105,1,0
S1-E1,0,219,4.215,70.517,1,0
S1-E1,0,220,3.077,79.561,2,1
S1-E1,0,221,3.937,69.628,1,0
S1-E1,0,222,3.870,89.298,1,0
S1-E1,0,223,3.203,101.246,1,0
S1-E1,0,224,3.630,97.275,2,0
S1-E1,0,225,3.668,74.890,1,0
S1-E1,0,226,3.386,109.217,1,0
S1-E1,0,227,3.434,84.422,2,2
S1-E1,0,228,2.812,77.089,1,1
S1-E1,0,229,3.522,88.985,1,1
S1-E1,0,230,2.744,83.619,1,0
S1-E1,0,231,3.175,88.958,1,0
S1-E1,0,232,3.306,91.193,1,0
S1-E1,0,233,3.038,79.950,2,0
S1-E1,0,234,3.334,92.724,1,0
S1-E1,0,235,2.972,74.747,2,0
S1-E1,0,236,2.855,74.158,1,0
S1-E1,0,237,2.185,74.590,1,1
S1-E1,0,238,2.719,81.930,1,0
S1-E1,0,239,2.808,82.083,1,0
S1-E1,0,240,2.403,98.326,1,0
S1-E1,0,241,2.511,87.480,1,0
S1-E1,0,242,2.274,105.127,1,0
S1-E1,0,243,2.378,57.138,1,0
S1-E1,0,244,2.648,102.191,1,1
S1-E1,0,245,2.331,68.363,1,0
S1-E1,0,246,2.189,81.493,1,0
S1-E1,0,247,2.036,90.371,1,1
S1-E1,0,248,2.549,74.101,2,1
S1-E1,0,249,2.234,81.483,1,0
S1-E1,0,250,2.073,94.164,1,1
S1-E1,0,251,2.004,80.241,1,0
S1-E1,0,252,2.197,70.571,1,0
S1-E1,0,253,2.150,78.954,1,1
S1-E1,0,254,2.006,86.075,1,0
S1-E1,0,255,2.069,73.011,1,0
S1-E1,0,256,1.665,86.161,1,0
S1-E1,0,257,1.684,81.504,1,0
S1-E1,0,258,1.591,87.931,1,1
S1-E1,0,259,1.717,83.020,1,0
S1-E1,0,260,1.802,90.623,2,0
S1-E1,0,261,2.020,81.160,1,0
S1-E1,0,262,1.677,87.345,2,1
S1-E1,0,263,1.707,88.533,1,0
S1-E1,0,264,1.594,74.724,1,0
S1-E1,0,265,1.543,87.004,1,0
S1-E1,0,266,1.483,77.086,1,0
S1-E1,0,267,1.587,83.235,1,0
S1-E1,0,268,1.613,75.358,1,0
S1-E1,0,269,1.566,74.099,1,0
S1-E1,0,270,1.602,76.214,1,1
S1-E1,0,271,1.730,77.685,1,1
S1-E1,0,272,1.211,85.211,1,0
S1-E1,0,273,1.382,83.677,1,1
S1-E1,0,274,1.262,68.579,1,0
S1-E1,0,275,1.170,79.862,1,0
S1-E1,0,276,1.125,72.192,1,0
S1-E1,0,277,1.180,73.315,1,0
S1-E1,0,278,1.432,64.388,1,0
S1-E1,0,279,1.135,85.316,1,0
S1-E1,0,280,1.260,62.483,1,0
S1-E1,0,281,1.140,60.594,1,0
S1-E1,0,282,1.332,74.211,2,1
S1-E1,0,283,1.181,74.290,1,1
S1-E1,0,284,1.112,75.480,2,1
S1-E1,0,285,1.095,78.084,1,0
S1-E1,0,286,1.393,67.588,1,0
S1-E1,0,287,1.159,75.040,1,0
S1-E1,0,288,1.275,74.825,1,0
S1-E1,0,289,1.044,66.910,1,0
S1-E1,0,290,1.031,75.321,1,0
S1-E1,0,291,1.085,65.070,1,0
S1-E1,0,292,1.157,76.162,2,1
S1-E1,0,293,1.197,70.025,1,0
S1-E1,0,294,1.112,77.202,1,1
S1-E1,0,295,1.009,80.259,2,0
S1-E1,0,296,1.122,65.473,2,0
S1-E1,0,297,1.108,75.716,3,0
S1-E1,0,298,1.078,64.616,3,1
S1-E1,0,299,1.101,65.584,3,0
S1-E1,0,300,1.238,63.153,4,0
S1-E1,0,301,1.193,72.032,4,1
S1-E1,0,302,1.136,76.411,5,0
S1-E1,0,303,1.055,70.880,5,0
S1-E1,0,304,1.073,75.315,5,0
S1-E1,0,305,0.920,81.545,5,0
S1-E1,0,306,1.154,74.332,6,0
S1-E1,0,307,1.102,77.998,8,1
S1-E1,0,308,1.077,62.992,6,0
S1-E1,0,309,1.011,79.645,8,1
S1-E1,0,310,1.081,71.292,6,1
S1-E1,0,311,1.112,74.949,10,0
S1-E1,0,312,0.972,76.249,9,0
S1-E1,0,313,1.142,67.861,9,0
S1-E1,0,314,1.189,73.572,9,1
S1-E1,0,315,1.032,78.728,11,0
S1-E1,0,316,1.061,62.594,11,2
S1-E1,0,317,1.069,60.244,10,1
S1-E1,0,318,0.983,72.303,15,1
S1-E1,0,319,1.190,66.896,11,0
S1-E1,0,320,1.264,57.225,17,1
S1-E1,0,321,1.051,55.599,15,0
S1-E1,0,322,1.255,76.034,18,1
S1-E1,0,323,1.179,69.030,18,3
S1-E1,0,324,1.067,75.855,21,0
S1-E1,0,325,1.370,55.145,19,0
S1-E1,0,326,1.131,64.485,20,0
S1-E1,0,327,1.136,65.755,19,1
S1-E1,0,328,1.066,86.381,21,4
S1-E1,0,329,1.171,57.313,33,3
S1-E1,0,330,1.245,90.984,30,1
S1-E1,0,331,0.925,61.698,30,3
S1-E1,0,332,0.990,74.201,29,1
S1-E1,0,333,1.097,61.553,29,2
S1-E1,0,334,1.246,60.823,34,1
S1-E1,0,335,1.223,65.065,48,0
S1-E1,0,336,0.984,69.087,33,1
S1-E1,0,337,1.287,64.233,33,2
S1-E1,0,338,1.091,79.608,39,1
S1-E1,0,339,1.009,76.714,40,0
S1-E1,0,340,1.148,63.834,45,0
S1-E1,0,341,1.152,78.282,50,2
S1-E1,0,342,0.995,77.705,62,0
S1-E1,0,343,1.182,71.627,49,0
S1-E1,0,344,1.029,80.306,43,1
S1-E1,0,345,1.322,58.653,60,3
S1-E1,0,346,28.117,85.787,67,1
S1-E1,0,347,21.759,88.528,57,1
S1-E1,0,348,19.929,102.962,41,2
S1-E1,0,349,18.421,92.913,39,0
S1-E1,0,350,14.367,101.882,26,2
S1-E1,0,351,15.012,90.471,19,0
S1-E1,0,352,12.391,88.701,16,0
S1-E1,0,353,12.144,88.622,10,1
S1-E1,0,354,14.623,83.328,10,1
S1-E1,0,355,13.085,93.567,7,1
S1-E1,0,356,10.719,90.271,7,1
S1-E1,0,357,11.979,111.911,6,0
S1-E1,0,358,10.086,73.645,4,0
S1-E1,0,359,8.379,86.048,3,1
S1-E1,0,360,7.586,96.093,3,1
S1-E1,0,361,7.923,115.920,2,0
S1-E1,0,362,7.944,88.177,2,2
S1-E1,0,363,6.440,88.501,3,1
S1-E1,0,364,5.822,94.357,2,1
S1-E1,0,365,4.973,96.575,1,0
S1-E1,0,366,5.148,96.349,2,0
S1-E1,0,367,4.994,93.938,1,1
S1-E1,0,368,4.545,76.960,2,1
S1-E1,0,369,4.593,86.317,2,0
S1-E1,0,370,3.949,92.070,1,0
S1-E1,0,371,4.040,84.196,2,1
S1-E1,0,372,3.367,88.970,1,1
S1-E1,0,373,3.516,80.637,2,0
S1-E1,0,374,3.095,84.492,1,1
S1-E1,0,375,3.099,94.540,1,1
S1-E1,0,376,2.716,102.859,1,0
S1-E1,0,377,8.618,94.758,1,0
S1-E1,0,378,7.843,79.716,1,0
S1-E1,0,379,7.616,88.450,2,0
S1-E1,0,380,6.949,91.215,1,0
S1-E1,0,381,6.109,84.844,1,0
S1-E1,0,382,6.125,85.182,2,0
S1-E1,0,383,5.018,96.180,1,0
S1-E1,0,384,5.422,112.493,1,0
S1-E1,0,385,6.154,92.990,1,0
S1-E1,0,386,4.845,82.763,1,1
S1-E1,0,387,4.453,82.245,1,0
S1-E1,0,388,4.208,77.529,1,0
S1-E1,0,389,4.483,72.209,1,4
S1-E1,0,390,4.460,89.139,1,0
S1-E1,0,391,4.403,107.576,1,1
S1-E1,0,392,3.809,76.343,1,0
S1-E1,0,393,3.997,91.175,1,0
S1-E1,0,394,3.991,89.151,1,0
S1-E1,0,395,4.389,74.537,1,0
S1-E1,0,396,4.386,89.376,1,0
S1-E1,0,397,3.780,87.118,1,0
S1-E1,0,398,3.978,92.887,1,0
S1-E1,0,399,4.054,75.395,2,0
S1-E1,1,0,1.016,20.430,311,32
S1-E1,1,1,1.270,23.067,319,32
S1-E1,1,2,1.084,21.343,310,36
S1-E1,1,3,1.274,28.806,314,30
S1-E1,1,4,1.295,21.837,246,34
S1-E1,1,5,1.436,22.189,378,40
S1-E1,1,6,1.476,20.385,324,31
S1-E1,1,7,1.212,25.419,382,33
S1-E1,1,8,1.390,27.447,271,25
S1-E1,1,9,1.277,24.400,373,21
S1-E1,1,10,1.327,26.851,304,37
S1-E1,1,11,1.188,25.222,280,30
S1-E1,1,12,1.281,24.721,334,25
S1-E1,1,13,1.139,29.322,296,25
S1-E1,1,14,1.308,26.682,308,43
S1-E1,1,15,1.385,24.782,375,41
S1-E1,1,16,1.450,23.232,314,27
S1-E1,1,17,1.552,20.915,353,22
S1-E1,1,18,1.617,21.009,251,36
S1-E1,1,19,1.292,28.657,295,30
S1-E1,1,20,1.190,21.505,308,35
S1-E1,1,21,1.201,23.827,393,35
S1-E1,1,22,1.157,29.419,330,30
S1-E1,1,23,1.258,26.766,319,23
S1-E1,1,24,1.308,27.431,408,36
S1-E1,1,25,1.133,25.635,303,29
S1-E1,1,26,1.352,25.225,399,25
S1-E1,1,27,1.256,30.973,359,29
S1-E1,1,28,1.214,30.160,297,31
S1-E1,1,29,1.129,27.931,383,32
S1-E1,1,30,1.462,27.272,387,36
S1-E1,1,31,1.552,21.266,307,27
S1-E1,1,32,1.782,25.286,340,21
S1-E1,1,33,1.717,24.205,303,32
S1-E1,1,34,1.543,24.169,417,26
S1-E1,1,35,1.169,28.675,383,31
S1-E1,1,36,1.495,25.274,307,26
S1-E1,1,37,1.496,24.793,335,36
S1-E1,1,38,1.617,30.790,448,34
S1-E1,1,39,1.436,24.872,364,40
S1-E1,1,40,1.647,28.643,434,27
S1-E1,1,41,1.780,31.014,310,34
S1-E1,1,42,1.495,26.803,369,30
S1-E1,1,43,1.907,24.601,447,26
S1-E1,1,44,1.701,27.528,381,24
S1-E1,1,45,1.988,22.821,378,33
S1-E1,1,46,2.048,27.675,365,33
S1-E1,1,47,1.771,25.931,384,25
S1-E1,1,48,1.804,29.440,483,23
S1-E1,1,49,1.916,26.909,445,26
S1-E1,1,50,1.581,31.921,461,27
S1-E1,1,51,1.426,36.637,363,36
S1-E1,1,52,1.709,28.133,342,26
S1-E1,1,53,1.623,28.031,400,29
S1-E1,1,54,1.723,29.013,396,35
S1-E1,1,55,1.922,28.132,505,31
S1-E1,1,56,1.747,31.277,423,30
S1-E1,1,57,1.530,29.441,370,31
S1-E1,1,58,4.519,32.052,456,24
S1-E1,1,59,4.494,40.872,436,28
S1-E1,1,60,3.201,43.353,358,25
S1-E1,1,61,2.502,43.806,347,27
S1-E1,1,62,2.432,37.057,369,36
S1-E1,1,63,1.710,47.094,394,34
S1-E1,1,64,2.110,55.142,393,36
S1-E1,1,65,1.834,37.663,554,30
S1-E1,1,66,1.524,40.875,345,41
S1-E1,1,67,1.688,40.148,456,32
S1-E1,1,68,1.493,34.945,510,28
S1-E1,1,69,1.514,36.155,593,36
S1-E1,1,70,1.515,29.769,490,30
S1-E1,1,71,4.692,41.603,378,35
S1-E1,1,72,4.088,37.306,430,27
S1-E1,1,73,3.151,45.839,474,23
S1-E1,1,74,2.580,36.441,431,29
S1-E1,1,75,2.659,42.082,397,35
S1-E1,1,76,2.167,38.370,449,28
S1-E1,1,77,2.333,40.536,433,21
S1-E1,1,78,1.789,35.879,393,35
S1-E1,1,79,1.802,38.566,434,33
S1-E1,1,80,1.633,32.913,549,28
S1-E1,1,81,1.987,34.604,462,19
S1-E1,1,82,1.694,30.787,497,31
S1-E1,1,83,1.480,28.785,512,33
S1-E1,1,84,1.801,27.951,523,36
S1-E1,1,85,1.921,28.894,605,37
S1-E1,1,86,1.773,28.250,499,42
S1-E1,1,87,1.952,27.074,452,42
S1-E1,1,88,2.169,24.176,449,24
S1-E1,1,89,2.169,21.762,561,35
S1-E1,1,90,2.033,18.962,505,32
S1-E1,1,91,2.697,21.889,636,32
S1-E1,1,92,2.899,20.871,510,33
S1-E1,1,93,2.791,24.109,588,26
S1-E1,1,94,3.356,22.174,672,36
S1-E1,1,95,2.600,21.837,694,33
S1-E1,1,96,2.317,24.766,639,28
S1-E1,1,97,2.770,24.385,672,35
S1-E1,1,98,2.717,27.989,627,33
S1-E1,1,99,2.722,26.108,588,34
S1-E1,1,100,2.828,21.727,591,28
S1-E1,1,101,3.465,26.968,483,35
S1-E1,1,102,4.237,26.020,543,53
S1-E1,1,103,3.984,29.544,627,28
S1-E1,1,104,4.372,32.461,573,44
S1-E1,1,105,4.500,25.608,677,32
S1-E1,1,106,5.055,28.028,569,32
S1-E1,1,107,5.668,27.832,587,39
S1-E1,1,108,4.697,36.148,737,29
S1-E1,1,109,4.398,33.721,568,29
S1-E1,1,110,4.520,35.880,660,36
S1-E1,1,111,4.544,34.923,715,35
S1-E1,1,112,3.730,38.823,588,32
S1-E1,1,113,3.879,44.637,628,27
S1-E1,1,114,4.511,44.857,544,37
S1-E1,1,115,3.803,44.210,770,37
S1-E1,1,116,3.812,44.987,545,32
S1-E1,1,117,4.073,40.713,478,22
S1-E1,1,118,4.464,41.967,551,27
S1-E1,1,119,4.218,36.139,501,38
S1-E1,1,120,4.183,42.833,574,31
S1-E1,1,121,4.012,42.973,610,38
S1-E1,1,122,4.142,44.440,517,28
S1-E1,1,123,4.307,41.521,598,27
S1-E1,1,124,4.102,45.917,692,31
S1-E1,1,125,3.902,44.532,505,35
S1-E1,1,126,3.552,40.993,573,25
S1-E1,1,127,3.499,46.005,550,30
S1-E1,1,128,4.132,41.942,592,35
S1-E1,1,129,3.927,37.238,673,33
S1-E1,1,130,3.861,33.178,501,33
S1-E1,1,131,3.847,48.896,656,28
S1-E1,1,132,3.764,35.499,612,32
S1-E1,1,133,3.860,42.582,715,46
S1-E1,1,134,3.654,41.339,664,39
S1-E1,1,135,3.513,37.034,707,37
S1-E1,1,136,4.285,29.546,589,36
S1-E1,1,137,3.927,36.136,542,27
S1-E1,1,138,3.940,31.253,743,25
S1-E1,1,139,4.137,34.026,778,32
S1-E1,1,140,3.757,31.908,657,36
S1-E1,1,141,4.646,29.988,662,34
S1-E1,1,142,4.430,34.231,692,35
S1-E1,1,143,4.763,27.707,742,35
S1-E1,1,144,4.244,30.065,764,36
S1-E1,1,145,4.239,32.593,750,27
S1-E1,1,146,4.789,35.656,766,34
S1-E1,1,147,4.873,31.347,590,35
S1-E1,1,148,3.986,37.313,597,44
S1-E1,1,149,5.192,30.469,740,32
S1-E1,1,150,4.273,37.190,832,39
S1-E1,1,151,4.374,35.487,599,27
S1-E1,1,152,4.224,41.140,884,32
S1-E1,1,153,3.807,33.051,613,31
S1-E1,1,154,4.192,45.561,713,34
S1-E1,1,155,4.707,29.995,700,31
S1-E1,1,156,3.990,30.823,867,34
S1-E1,1,157,4.585,31.155,649,36
S1-E1,1,158,4.950,34.170,645,23
S1-E1,1,159,3.832,27.057,723,50
S1-E1,1,160,4.567,26.246,754,22
S1-E1,1,161,5.179,22.926,819,37
S1-E1,1,162,4.588,28.210,564,30
S1-E1,1,163,4.628,30.716,677,30
S1-E1,1,164,4.959,26.686,713,42
S1-E1,1,165,5.004,33.773,644,29
S1-E1,1,166,4.378,30.014,776,35
S1-E1,1,167,4.810,28.288,838,27
S1-E1,1,168,4.927,29.223,696,33
S1-E1,1,169,4.850,24.466,673,46
S1-E1,1,170,4.649,27.364,592,29
S1-E1,1,171,4.737,27.698,771,38
S1-E1,1,172,4.681,37.402,589,39
S1-E1,1,173,4.109,31.624,667,38
S1-E1,1,174,4.157,31.739,711,41
S1-E1,1,175,4.463,35.649,667,32
S1-E1,1,176,3.974,36.129,559,52
S1-E1,1,177,3.518,33.475,563,35
S1-E1,1,178,3.912,35.390,670,31
S1-E1,1,179,3.721,32.636,639,51
S1-E1,1,180,4.525,34.578,737,39
S1-E1,1,181,3.659,33.135,742,35
S1-E1,1,182,3.364,27.740,662,41
S1-E1,1,183,3.072,40.394,787,38
S1-E1,1,184,3.263,34.377,722,27
S1-E1,1,185,3.243,33.470,655,45
S1-E1,1,186,3.151,31.691,767,38
S1-E1,1,187,3.520,29.478,629,37
S1-E1,1,188,3.513,28.056,737,41
S1-E1,1,189,3.791,32.212,679,26
S1-E1,1,190,3.850,25.170,568,44
S1-E1,1,191,3.654,23.375,668,36
S1-E1,1,192,4.145,25.628,552,37
S1-E1,1,193,4.095,31.212,541,39
S1-E1,1,194,3.374,27.014,625,39
S1-E1,1,195,4.235,26.438,505,48
S1-E1,1,196,3.953,24.300,663,31
S1-E1,1,197,3.598,24.391,786,34
S1-E1,1,198,3.739,27.906,698,40
S1-E1,1,199,3.824,25.804,761,37
S1-E1,1,200,4.681,24.370,582,28
S1-E1,1,201,3.413,24.522,724,39
S1-E1,1,202,4.024,29.102,721,35
S1-E1,1,203,3.672,28.057,544,32
S1-E1,1,204,3.494,28.344,814,38
S1-E1,1,205,3.431,32.423,723,38
S1-E1,1,206,3.411,31.524,752,34
S1-E1,1,207,2.761,23.692,626,32
S1-E1,1,208,3.032,31.489,564,45
S1-E1,1,209,3.195,29.554,567,38
S1-E1,1,210,3.210,29.992,798,37
S1-E1,1,211,3.319,29.708,601,30
S1-E1,1,212,2.425,30.667,606,40
S1-E1,1,213,3.181,31.376,481,32
S1-E1,1,214,2.525,29.384,693,33
S1-E1,1,215,3.202,30.032,518,47
S1-E1,1,216,3.015,24.254,634,36
S1-E1,1,217,3.077,27.873,595,40
S1-E1,1,218,2.767,28.967,554,34
S1-E1,1,219,3.365,22.719,653,28
S1-E1,1,220,3.025,24.742,612,47
S1-E1,1,221,2.864,23.687,591,48
S1-E1,1,222,3.280,22.453,544,31
S1-E1,1,223,3.133,24.713,539,27
S1-E1,1,224,3.005,28.525,528,33
S1-E1,1,225,3.169,23.176,595,42
S1-E1,1,226,2.655,24.843,545,41
S1-E1,1,227,2.839,29.885,653,41
S1-E1,1,228,2.457,27.311,559,47
S1-E1,1,229,2.752,22.715,493,34
S1-E1,1,230,2.824,27.536,522,38
S1-E1,1,231,2.934,27.692,558,35
S1-E1,1,232,2.579,28.132,497,29
S1-E1,1,233,2.594,25.958,637,38
S1-E1,1,234,3.205,28.550,579,39
S1-E1,1,235,2.568,22.547,448,38
S1-E1,1,236,2.570,22.834,488,40
S1-E1,1,237,2.415,23.699,499,30
S1-E1,1,238,2.433,25.752,457,34
S1-E1,1,239,2.563,28.641,568,42
S1-E1,1,240,2.665,24.022,476,36
S1-E1,1,241,2.928,30.363,671,31
S1-E1,1,242,2.754,24.721,726,51
S1-E1,1,243,2.609,28.682,552,41
S1-E1,1,244,2.359,27.622,667,39
S1-E1,1,245,2.325,30.270,543,40
S1-E1,1,246,2.336,26.424,557,31
S1-E1,1,247,2.678,25.229,457,42
S1-E1,1,248,2.326,21.621,666,41
S1-E1,1,249,2.416,22.504,611,31
S1-E1,1,250,2.422,23.249,529,52
S1-E1,1,251,2.080,24.345,567,32
S1-E1,1,252,2.289,28.993,492,48
S1-E1,1,253,1.828,34.026,558,49
S1-E1,1,254,1.904,25.494,466,31
S1-E1,1,255,1.833,27.456,493,44
S1-E1,1,256,1.767,29.260,483,56
S1-E1,1,257,2.325,30.597,428,48
S1-E1,1,258,1.791,23.030,549,48
S1-E1,1,259,1.934,31.853,535,43
S1-E1,1,260,2.015,24.363,466,37
S1-E1,1,261,2.091,24.320,438,38
S1-E1,1,262,1.889,28.208,420,35
S1-E1,1,263,1.827,27.195,499,30
S1-E1,1,264,1.830,22.784,478,38
S1-E1,1,265,1.777,26.092,441,36
S1-E1,1,266,1.706,27.663,427,40
S1-E1,1,267,1.724,29.451,438,43
S1-E1,1,268,1.882,23.966,519,36
S1-E1,1,269,2.014,22.791,490,42
S1-E1,1,270,1.783,26.844,399,45
S1-E1,1,271,1.722,26.431,430,40
S1-E1,1,272,1.927,20.351,448,39
S1-E1,1,273,1.727,23.584,443,45
S1-E1,1,274,2.235,21.591,546,47
S1-E1,1,275,1.771,18.870,448,44
S1-E1,1,276,2.134,21.952,432,39
S1-E1,1,277,1.990,23.832,431,40
S1-E1,1,278,1.934,18.685,601,38
S1-E1,1,279,2.120,24.548,491,50
S1-E1,1,280,2.135,24.547,498,42
S1-E1,1,281,1.891,24.397,368,46
S1-E1,1,282,1.593,26.210,494,40
S1-E1,1,283,5.556,28.926,457,33
S1-E1,1,284,5.481,33.379,491,56
S1-E1,1,285,4.517,41.027,363,36
S1-E1,1,286,4.122,41.839,471,35
S1-E1,1,287,3.229,46.037,383,46
S1-E1,1,288,2.478,42.051,466,40
S1-E1,1,289,1.573,45.508,407,39
S1-E1,1,290,1.535,42.273,468,28
S1-E1,1,291,1.362,37.578,434,36
S1-E1,1,292,1.192,39.788,409,35
S1-E1,1,293,1.202,41.439,394,44
S1-E1,1,294,1.129,37.466,379,36
S1-E1,1,295,1.216,32.319,405,29
S1-E1,1,296,1.185,27.502,400,34
S1-E1,1,297,1.201,26.043,349,39
S1-E1,1,298,1.267,28.030,418,39
S1-E1,1,299,1.363,23.487,403,46
S1-E1,1,300,1.135,28.124,376,46
S1-E1,1,301,1.446,24.799,402,40
S1-E1,1,302,1.449,29.935,391,52
S1-E1,1,303,1.523,23.360,399,48
S1-E1,1,304,1.564,26.637,471,41
S1-E1,1,305,1.601,24.285,465,41
S1-E1,1,306,1.417,20.915,383,43
S1-E1,1,307,1.537,15.929,475,48
S1-E1,1,308,1.674,18.991,431,44
S1-E1,1,309,2.178,19.742,528,40
S1-E1,1,310,1.621,16.355,467,31
S1-E1,1,311,1.808,21.840,438,50
S1-E1,1,312,1.628,23.127,396,32
S1-E1,1,313,1.654,18.757,424,32
S1-E1,1,314,1.931,19.686,483,47
S1-E1,1,315,2.155,22.081,335,37
S1-E1,1,316,1.940,16.898,416,43
S1-E1,1,317,2.110,20.088,418,41
S1-E1,1,318,1.879,24.458,426,40
S1-E1,1,319,2.242,18.653,497,38
S1-E1,1,320,2.311,17.645,430,42
S1-E1,1,321,2.422,20.540,476,50
S1-E1,1,322,2.219,21.007,367,38
S1-E1,1,323,1.954,21.006,420,48
S1-E1,1,324,1.713,28.425,471,49
S1-E1,1,325,1.525,25.709,392,27
S1-E1,1,326,1.584,24.598,387,45
S1-E1,1,327,1.658,28.473,434,35
S1-E1,1,328,2.066,24.419,339,40
S1-E1,1,329,2.038,25.864,391,46
S1-E1,1,330,1.887,26.312,409,43
S1-E1,1,331,2.064,24.921,347,28
S1-E1,1,332,1.667,27.864,330,43
S1-E1,1,333,1.696,23.063,397,45
S1-E1,1,334,1.916,27.515,423,47
S1-E1,1,335,1.680,23.434,474,37
S1-E1,1,336,1.709,27.457,427,34
S1-E1,1,337,1.590,26.524,422,34
S1-E1,1,338,1.500,30.469,335,51
S1-E1,1,339,1.721,26.513,347,46
S1-E1,1,340,1.726,25.223,416,36
S1-E1,1,341,1.779,26.340,335,40
S1-E1,1,342,1.936,26.599,320,42
S1-E1,1,343,1.602,28.258,319,29
S1-E1,1,344,2.019,34.422,489,40
S1-E1,1,345,1.997,27.940,483,34
S1-E1,1,346,1.961,26.661,445,41
S1-E1,1,347,1.757,28.320,322,32
S1-E1,1,348,1.656,29.209,386,44
S1-E1,1,349,1.489,29.593,402,43
S1-E1,1,350,1.556,31.462,410,34
S1-E1,1,351,1.849,31.573,474,37
S1-E1,1,352,1.670,28.756,396,31
S1-E1,1,353,1.419,34.577,410,41
S1-E1,1,354,1.808,30.414,441,52
S1-E1,1,355,1.560,32.523,374,40
S1-E1,1,356,1.303,31.560,347,29
S1-E1,1,357,1.429,31.854,392,43
S1-E1,1,358,1.607,35.780,387,26
S1-E1,1,359,1.437,36.013,346,46
S1-E1,1,360,1.440,35.422,362,40
S1-E1,1,361,1.428,34.615,397,24
S1-E1,1,362,1.722,32.401,283,44
S1-E1,1,363,1.524,26.698,347,36
S1-E1,1,364,1.757,26.273,451,34
S1-E1,1,365,2.144,34.178,374,34
S1-E1,1,366,2.082,30.644,381,45
S1-E1,1,367,2.345,38.046,418,38
S1-E1,1,368,1.853,32.708,465,34
S1-E1,1,369,1.983,32.616,331,32
S1-E1,1,370,1.794,34.736,502,41
S1-E1,1,371,1.675,36.310,412,42
S1-E1,1,372,1.704,38.126,520,45
S1-E1,1,373,1.904,32.234,483,47
S1-E1,1,374,1.648,30.189,467,32
S1-E1,1,375,2.138,36.200,534,41
S1-E1,1,376,2.081,31.922,341,43
S1-E1,1,377,2.304,30.898,416,41
S1-E1,1,378,2.305,30.924,408,41
S1-E1,1,379,2.003,28.215,479,26
S1-E1,1,380,2.388,27.881,452,22
S1-E1,1,381,2.080,32.855,408,44
S1-E1,1,382,2.136,35.192,439,46
S1-E1,1,383,2.097,33.980,509,40
S1-E1,1,384,2.129,30.028,433,37
S1-E1,1,385,2.240,38.792,354,40
S1-E1,1,386,2.450,44.514,473,52
S1-E1,1,387,1.695,33.711,420,29
S1-E1,1,388,2.307,34.592,418,51
S1-E1,1,389,2.176,37.627,377,45
S1-E1,1,390,2.464,30.568,369,39
S1-E1,1,391,2.539,39.791,519,42
S1-E1,1,392,2.066,34.530,477,35
S1-E1,1,393,2.374,40.437,407,46
S1-E1,1,394,2.240,33.706,438,42
S1-E1,1,395,2.636,41.832,426,46
S1-E1,1,396,2.240,37.691,563,38
S1-E1,1,397,2.066,38.710,404,28
S1-E1,1,398,2.511,32.642,461,38
S1-E1,1,399,2.404,35.129,503,47
S1-E1,2,0,1.259,24.720,326,31
S1-E1,2,1,1.138,24.744,288,25
S1-E1,2,2,0.902,29.037,238,35
S1-E1,2,3,1.208,32.475,285,33
S1-E1,2,4,1.171,21.783,229,34
S1-E1,2,5,1.166,21.191,343,35
S1-E1,2,6,1.234,24.463,376,27
S1-E1,2,7,1.206,21.422,317,32
S1-E1,2,8,1.291,22.348,304,32
S1-E1,2,9,1.436,23.283,296,30
S1-E1,2,10,1.238,23.766,340,31
S1-E1,2,11,1.484,24.995,284,34
S1-E1,2,12,1.446,26.398,313,29
S1-E1,2,13,1.410,25.482,312,30
S1-E1,2,14,1.392,23.007,290,41
S1-E1,2,15,1.430,29.063,346,28
S1-E1,2,16,1.370,22.835,303,30
S1-E1,2,17,1.201,32.779,326,28
S1-E1,2,18,1.214,30.557,325,33
S1-E1,2,19,1.261,30.007,414,34
S1-E1,2,20,1.178,32.510,341,36
S1-E1,2,21,1.101,23.713,329,28
S1-E1,2,22,1.292,23.825,317,32
S1-E1,2,23,1.226,29.504,372,32
S1-E1,2,24,1.181,25.454,312,36
S1-E1,2,25,1.392,24.076,344,34
S1-E1,2,26,1.488,24.836,316,23
S1-E1,2,27,1.287,26.794,392,29
S1-E1,2,28,1.607,31.334,404,35
S1-E1,2,29,1.321,26.481,381,38
S1-E1,2,30,1.424,29.287,353,28
S1-E1,2,31,1.451,29.286,335,36
S1-E1,2,32,1.220,28.268,374,34
S1-E1,2,33,1.565,21.745,393,39
S1-E1,2,34,1.600,23.674,323,38
S1-E1,2,35,1.803,26.094,380,28
S1-E1,2,36,1.656,30.195,444,28
S1-E1,2,37,1.798,21.277,412,36
S1-E1,2,38,1.703,23.804,413,36
S1-E1,2,39,1.811,27.032,342,32
S1-E1,2,40,2.093,28.360,411,35
S1-E1,2,41,2.168,19.888,339,32
S1-E1,2,42,1.840,22.927,355,25
S1-E1,2,43,1.812,25.277,454,39
S1-E1,2,44,2.082,28.447,392,34
S1-E1,2,45,1.840,27.973,330,31
S1-E1,2,46,1.657,26.309,323,27
S1-E1,2,47,2.043,25.837,468,25
S1-E1,2,48,1.921,26.094,336,28
S1-E1,2,49,1.818,24.603,449,23
S1-E1,2,50,1.469,32.192,483,40
S1-E1,2,51,1.581,27.525,396,35
S1-E1,2,52,1.850,31.900,464,31
S1-E1,2,53,1.561,29.152,538,22
S1-E1,2,54,1.463,25.098,349,27
S1-E1,2,55,1.865,32.753,431,38
S1-E1,2,56,1.968,35.272,389,24
S1-E1,2,57,1.930,32.935,379,30
S1-E1,2,58,1.854,25.476,372,34
S1-E1,2,59,1.754,28.590,394,30
S1-E1,2,60,1.870,27.313,435,31
S1-E1,2,61,1.929,25.235,507,46
S1-E1,2,62,1.728,27.309,393,29
S1-E1,2,63,2.222,26.445,396,36
S1-E1,2,64,2.080,29.114,514,29
S1-E1,2,65,2.273,23.563,395,22
S1-E1,2,66,2.562,28.367,454,32
S1-E1,2,67,2.236,27.059,544,29
S1-E1,2,68,2.166,31.290,415,32
S1-E1,2,69,2.424,25.042,428,27
S1-E1,2,70,1.763,31.306,534,31
S1-E1,2,71,1.965,32.538,493,33
S1-E1,2,72,2.461,26.124,487,25
S1-E1,2,73,2.140,30.415,549,39
S1-E1,2,74,1.862,29.123,394,23
S1-E1,2,75,2.178,25.049,476,37
S1-E1,2,76,2.443,23.182,465,27
S1-E1,2,77,2.101,27.644,522,33
S1-E1,2,78,2.079,28.483,490,35
S1-E1,2,79,2.143,28.406,479,37
S1-E1,2,80,1.835,28.576,450,30
S1-E1,2,81,1.985,28.922,483,27
S1-E1,2,82,1.985,25.116,593,25
S1-E1,2,83,1.883,27.464,394,33
S1-E1,2,84,1.900,30.530,449,34
S1-E1,2,85,2.165,25.260,499,41
S1-E1,2,86,2.408,30.986,391,37
S1-E1,2,87,2.264,31.022,478,32
S1-E1,2,88,2.284,32.683,518,39
S1-E1,2,89,1.857,32.140,504,33
S1-E1,2,90,2.141,30.021,650,26
S1-E1,2,91,2.135,27.762,362,32
S1-E1,2,92,2.257,28.409,587,30
S1-E1,2,93,2.063,31.757,443,25
S1-E1,2,94,1.836,32.388,430,38
S1-E1,2,95,2.228,32.549,531,35
S1-E1,2,96,2.005,35.096,557,27
S1-E1,2,97,2.243,31.502,529,29
S1-E1,2,98,2.592,26.996,609,39
S1-E1,2,99,2.161,27.648,448,30
S1-E1,2,100,2.553,27.681,513,30
S1-E1,2,101,2.867,28.541,560,26
S1-E1,2,102,3.106,33.054,413,30
S1-E1,2,103,3.457,31.097,498,24
S1-E1,2,104,3.635,47.050,448,32
S1-E1,2,105,3.741,38.913,521,33
S1-E1,2,106,4.108,35.928,597,22
S1-E1,2,107,3.619,40.780,455,29
S1-E1,2,108,4.639,42.199,608,27
S1-E1,2,109,3.624,49.873,541,30
S1-E1,2,110,3.732,40.069,536,27
S1-E1,2,111,3.342,37.182,590,36
S1-E1,2,112,4.398,35.785,407,24
S1-E1,2,113,4.130,34.900,414,34
S1-E1,2,114,3.987,39.511,620,29
S1-E1,2,115,3.854,40.234,562,36
S1-E1,2,116,4.299,34.625,488,41
S1-E1,2,117,4.184,35.151,637,24
S1-E1,2,118,4.220,37.774,475,38
S1-E1,2,119,4.768,44.873,610,29
S1-E1,2,120,4.082,46.695,525,22
S1-E1,2,121,3.833,45.244,541,26
S1-E1,2,122,4.148,52.977,396,33
S1-E1,2,123,4.088,41.559,594,31
S1-E1,2,124,4.101,41.586,693,33
S1-E1,2,125,4.583,40.033,543,31
S1-E1,2,126,4.022,42.538,680,30
S1-E1,2,127,4.704,35.153,621,33
S1-E1,2,128,4.066,37.059,694,29
S1-E1,2,129,4.184,32.385,651,29
S1-E1,2,130,4.095,35.443,670,37
S1-E1,2,131,4.268,30.350,751,30
S1-E1,2,132,4.348,35.847,634,41
S1-E1,2,133,4.059,45.024,522,30
S1-E1,2,134,3.704,47.300,548,36
S1-E1,2,135,4.561,44.984,751,36
S1-E1,2,136,3.967,43.199,554,28
S1-E1,2,137,3.913,40.418,655,30
S1-E1,2,138,3.714,40.035,647,33
S1-E1,2,139,4.519,38.906,692,30
S1-E1,2,140,4.302,36.610,787,32
S1-E1,2,141,4.706,28.783,795,35
S1-E1,2,142,3.740,36.655,678,56
S1-E1,2,143,4.600,30.903,617,28
S1-E1,2,144,4.836,32.728,729,42
S1-E1,2,145,4.519,35.687,726,31
S1-E1,2,146,3.829,32.052,639,41
S1-E1,2,147,3.702,36.814,839,40
S1-E1,2,148,4.048,30.262,827,31
S1-E1,2,149,4.662,27.257,505,39
S1-E1,2,150,4.174,27.649,656,28
S1-E1,2,151,4.071,43.017,598,37
S1-E1,2,152,3.561,31.163,979,43
S1-E1,2,153,4.151,25.945,700,30
S1-E1,2,154,4.617,23.354,716,49
S1-E1,2,155,5.813,30.085,853,34
S1-E1,2,156,5.514,22.094,670,31
S1-E1,2,157,5.645,25.514,517,43
S1-E1,2,158,4.540,29.715,713,37
S1-E1,2,159,9.738,33.364,886,38
S1-E1,2,160,8.446,36.002,794,48
S1-E1,2,161,8.732,38.110,668,32
S1-E1,2,162,7.493,36.896,600,27
S1-E1,2,163,7.469,39.809,651,36
S1-E1,2,164,6.137,37.389,853,42
S1-E1,2,165,6.586,40.550,744,34
S1-E1,2,166,5.189,35.305,641,42
S1-E1,2,167,5.290,36.111,808,32
S1-E1,2,168,5.695,34.630,831,45
S1-E1,2,169,4.677,36.806,874,45
S1-E1,2,170,5.263,34.193,631,43
S1-E1,2,171,4.883,31.311,665,36
S1-E1,2,172,4.635,33.239,717,34
S1-E1,2,173,5.156,39.116,645,43
S1-E1,2,174,3.791,32.146,801,44
S1-E1,2,175,3.923,29.690,777,30
S1-E1,2,176,4.312,28.218,760,31
S1-E1,2,177,4.202,28.882,720,28
S1-E1,2,178,4.498,25.899,829,43
S1-E1,2,179,4.134,25.715,644,26
S1-E1,2,180,3.848,27.917,760,41
S1-E1,2,181,3.963,22.938,699,44
S1-E1,2,182,4.422,27.568,614,31
S1-E1,2,183,4.099,26.581,673,35
S1-E1,2,184,3.825,27.621,963,27
S1-E1,2,185,4.164,22.784,674,31
S1-E1,2,186,4.696,22.595,676,31
S1-E1,2,187,4.230,23.108,723,35
S1-E1,2,188,4.545,24.641,549,43
S1-E1,2,189,4.267,27.717,744,41
S1-E1,2,190,4.505,28.332,725,42
S1-E1,2,191,4.236,24.125,648,44
S1-E1,2,192,3.604,21.336,768,58
S1-E1,2,193,4.342,28.893,757,32
S1-E1,2,194,4.118,28.420,663,32
S1-E1,2,195,3.962,27.566,646,42
S1-E1,2,196,4.226,26.070,645,37
S1-E1,2,197,4.189,28.069,650,41
S1-E1,2,198,4.049,27.104,698,33
S1-E1,2,199,3.474,26.751,636,37
S1-E1,2,200,3.971,23.737,735,45
S1-E1,2,201,3.798,31.250,790,33
S1-E1,2,202,3.574,23.420,650,47
S1-E1,2,203,3.707,25.620,493,40
S1-E1,2,204,3.395,30.618,681,37
S1-E1,2,205,3.704,34.346,540,31
S1-E1,2,206,3.400,25.106,588,37
S1-E1,2,207,3.484,25.441,692,31
S1-E1,2,208,3.617,28.132,547,24
S1-E1,2,209,4.416,33.617,646,44
S1-E1,2,210,3.330,30.575,738,42
S1-E1,2,211,3.474,25.209,674,50
S1-E1,2,212,3.423,31.940,728,44
S1-E1,2,213,3.148,28.914,658,46
S1-E1,2,214,3.245,31.463,563,52
S1-E1,2,215,3.417,32.617,735,40
S1-E1,2,216,3.080,29.609,671,41
S1-E1,2,217,3.044,25.084,536,46
S1-E1,2,218,2.667,28.434,648,37
S1-E1,2,219,3.099,34.805,699,29
S1-E1,2,220,2.808,29.923,726,38
S1-E1,2,221,3.085,22.526,657,32
S1-E1,2,222,3.161,26.722,547,47
S1-E1,2,223,2.475,26.845,581,43
S1-E1,2,224,2.717,25.378,768,39
S1-E1,2,225,2.669,24.920,514,36
S1-E1,2,226,3.297,27.502,525,31
S1-E1,2,227,2.993,24.055,562,41
S1-E1,2,228,3.062,28.206,460,44
S1-E1,2,229,2.963,23.167,601,44
S1-E1,2,230,2.959,18.600,504,34
S1-E1,2,231,2.636,27.099,528,43
S1-E1,2,232,3.045,24.358,506,45
S1-E1,2,233,2.832,26.893,531,36
S1-E1,2,234,2.376,29.281,510,35
S1-E1,2,235,3.154,24.860,703,34
S1-E1,2,236,2.642,24.993,590,40
S1-E1,2,237,2.817,26.354,706,41
S1-E1,2,238,2.402,20.381,602,37
S1-E1,2,239,2.244,24.697,662,45
S1-E1,2,240,2.456,23.971,477,35
S1-E1,2,241,2.462,20.014,621,37
S1-E1,2,242,2.302,23.395,449,46
S1-E1,2,243,2.070,28.141,581,30
S1-E1,2,244,2.024,25.583,589,39
S1-E1,2,245,2.170,34.521,496,32
S1-E1,2,246,1.999,27.618,488,43
S1-E1,2,247,2.117,24.132,531,35
S1-E1,2,248,2.199,28.212,694,37
S1-E1,2,249,2.215,24.283,531,39
S1-E1,2,250,1.908,29.482,435,31
S1-E1,2,251,1.942,25.527,514,34
S1-E1,2,252,1.952,23.215,462,37
S1-E1,2,253,1.959,23.128,517,41
S1-E1,2,254,2.304,22.923,581,38
S1-E1,2,255,2.450,18.964,482,33
S1-E1,2,256,1.986,28.664,450,42
S1-E1,2,257,2.076,24.565,437,37
S1-E1,2,258,2.022,23.038,512,38
S1-E1,2,259,2.575,25.982,375,26
S1-E1,2,260,2.068,22.962,458,49
S1-E1,2,261,2.098,25.729,500,46
S1-E1,2,262,8.360,25.438,438,43
S1-E1,2,263,7.053,33.895,379,34
S1-E1,2,264,6.273,33.589,390,32
S1-E1,2,265,5.810,40.708,486,33
S1-E1,2,266,5.186,45.718,513,40
S1-E1,2,267,4.093,44.062,483,43
S1-E1,2,268,2.834,49.027,515,44
S1-E1,2,269,2.666,56.172,539,35
S1-E1,2,270,1.696,52.283,396,46
S1-E1,2,271,1.643,41.278,532,48
S1-E1,2,272,1.793,37.913,387,59
S1-E1,2,273,1.699,30.079,429,29
S1-E1,2,274,1.290,36.116,445,41
S1-E1,2,275,1.318,27.800,484,45
S1-E1,2,276,1.485,26.838,440,37
S1-E1,2,277,1.353,27.303,473,39
S1-E1,2,278,1.490,23.191,424,39
S1-E1,2,279,1.641,24.329,670,42
S1-E1,2,280,1.584,23.719,415,23
S1-E1,2,281,1.435,26.471,415,36
S1-E1,2,282,1.508,26.708,511,41
S1-E1,2,283,1.627,24.453,532,39
S1-E1,2,284,1.579,21.358,452,36
S1-E1,2,285,1.902,19.161,505,35
S1-E1,2,286,1.912,18.043,514,40
S1-E1,2,287,1.895,17.477,517,48
S1-E1,2,288,2.045,15.750,456,34
S1-E1,2,289,1.961,17.717,490,37
S1-E1,2,290,1.646,18.002,590,36
S1-E1,2,291,1.825,19.757,578,42
S1-E1,2,292,1.639,25.485,622,38
S1-E1,2,293,1.790,18.493,409,31
S1-E1,2,294,1.625,19.127,590,40
S1-E1,2,295,2.006,18.539,454,49
S1-E1,2,296,2.019,18.630,359,32
S1-E1,2,297,2.212,19.578,405,42
S1-E1,2,298,2.071,16.582,462,37
S1-E1,2,299,1.994,20.807,488,56
S1-E1,2,300,2.119,19.808,391,44
S1-E1,2,301,1.732,21.485,431,40
S1-E1,2,302,1.738,21.754,516,44
S1-E1,2,303,1.869,19.705,477,47
S1-E1,2,304,1.728,23.388,411,37
S1-E1,2,305,1.522,23.908,519,49
S1-E1,2,306,1.541,25.853,442,37
S1-E1,2,307,1.525,23.909,562,33
S1-E1,2,308,1.575,21.806,365,43
S1-E1,2,309,1.904,18.623,388,45
S1-E1,2,310,1.375,19.944,428,39
S1-E1,2,311,1.571,20.132,323,41
S1-E1,2,312,1.477,21.551,501,42
S1-E1,2,313,1.707,22.437,413,34
S1-E1,2,314,1.806,24.005,375,48
S1-E1,2,315,1.786,18.172,444,41
S1-E1,2,316,1.758,18.778,414,32
S1-E1,2,317,1.695,27.795,359,45
S1-E1,2,318,1.910,28.640,434,47
S1-E1,2,319,1.615,24.991,406,36
S1-E1,2,320,1.633,29.434,368,36
S1-E1,2,321,1.715,22.432,492,38
S1-E1,2,322,1.792,26.788,366,37
S1-E1,2,323,1.791,27.508,499,38
S1-E1,2,324,1.825,19.701,361,42
S1-E1,2,325,1.555,26.304,426,34
S1-E1,2,326,1.801,30.930,341,37
S1-E1,2,327,1.525,27.652,400,37
S1-E1,2,328,1.783,28.046,403,50
S1-E1,2,329,1.639,23.178,384,33
S1-E1,2,330,1.654,24.782,312,47
S1-E1,2,331,7.355,30.915,403,34
S1-E1,2,332,5.835,40.081,400,41
S1-E1,2,333,4.908,39.955,396,47
S1-E1,2,334,4.076,50.438,381,37
S1-E1,2,335,2.800,51.829,396,36
S1-E1,2,336,2.998,56.008,397,43
S1-E1,2,337,2.212,42.179,394,44
S1-E1,2,338,2.097,39.374,366,60
S1-E1,2,339,1.928,46.671,334,44
S1-E1,2,340,1.584,47.123,382,39
S1-E1,2,341,1.327,50.077,440,39
S1-E1,2,342,1.603,37.800,360,48
S1-E1,2,343,1.420,41.219,424,37
S1-E1,2,344,1.496,33.652,417,43
S1-E1,2,345,1.635,25.545,327,31
S1-E1,2,346,1.445,34.867,435,37
S1-E1,2,347,1.320,29.653,353,52
S1-E1,2,348,1.418,33.932,413,45
S1-E1,2,349,1.547,26.272,423,44
S1-E1,2,350,1.569,29.849,468,46
S1-E1,2,351,1.458,25.561,396,39
S1-E1,2,352,1.452,27.357,418,33
S1-E1,2,353,1.635,30.388,412,33
S1-E1,2,354,1.536,30.466,372,39
S1-E1,2,355,1.575,25.808,528,39
S1-E1,2,356,1.861,30.787,482,42
S1-E1,2,357,1.853,25.334,502,37
S1-E1,2,358,1.642,28.426,487,39
S1-E1,2,359,1.523,33.122,435,25
S1-E1,2,360,1.851,31.229,456,53
S1-E1,2,361,1.876,26.184,495,47
S1-E1,2,362,1.739,29.783,427,45
S1-E1,2,363,1.880,27.377,408,39
S1-E1,2,364,2.037,31.868,509,42
S1-E1,2,365,2.023,23.417,477,53
S1-E1,2,366,1.995,25.129,610,36
S1-E1,2,367,2.228,29.639,479,36
S1-E1,2,368,2.108,25.785,522,51
S1-E1,2,369,2.437,31.240,360,29
S1-E1,2,370,1.798,33.040,410,43
S1-E1,2,371,2.395,27.505,575,33
S1-E1,2,372,7.223,39.673,414,41
S1-E1,2,373,6.663,42.147,409,47
S1-E1,2,374,6.378,49.074,409,33
S1-E1,2,375,4.301,55.856,462,34
S1-E1,2,376,4.564,50.675,510,42
S1-E1,2,377,3.659,50.502,414,37
S1-E1,2,378,2.948,54.014,447,40
S1-E1,2,379,2.948,46.318,414,39
S1-E1,2,380,2.643,54.705,457,59
S1-E1,2,381,2.687,43.225,494,38
S1-E1,2,382,2.903,44.726,481,36
S1-E1,2,383,2.307,46.650,376,34
S1-E1,2,384,1.953,43.428,309,40
S1-E1,2,385,2.270,32.806,377,42
S1-E1,2,386,2.580,39.917,401,30
S1-E1,2,387,2.112,39.473,379,50
S1-E1,2,388,2.135,41.900,510,46
S1-E1,2,389,1.940,47.740,540,41
S1-E1,2,390,2.387,35.270,425,37
S1-E1,2,391,2.106,37.664,444,38
S1-E1,2,392,2.161,26.939,438,33
S1-E1,2,393,2.265,37.848,467,31
S1-E1,2,394,2.260,42.266,457,41
S1-E1,2,395,2.229,41.777,446,47
S1-E1,2,396,2.282,31.908,574,55
S1-E1,2,397,2.599,30.062,585,41
S1-E1,2,398,2.497,28.166,569,38
S1-E1,2,399,3.137,31.237,483,50
S1-E1,3,0,1.238,24.372,288,28
S1-E1,3,1,1.335,23.576,339,30
S1-E1,3,2,1.270,24.150,331,35
S1-E1,3,3,1.523,24.652,369,25
S1-E1,3,4,1.196,22.723,460,40
S1-E1,3,5,1.240,28.195,365,21
S1-E1,3,6,1.170,25.115,301,31
S1-E1,3,7,1.210,27.530,328,26
S1-E1,3,8,1.195,22.180,311,35
S1-E1,3,9,1.510,26.376,257,33
S1-E1,3,10,1.345,20.793,285,36
S1-E1,3,11,1.527,22.101,312,32
S1-E1,3,12,1.732,21.759,366,37
S1-E1,3,13,1.603,22.751,263,23
S1-E1,3,14,1.433,25.353,291,28
S1-E1,3,15,1.354,25.369,358,27
S1-E1,3,16,1.188,27.218,410,19
S1-E1,3,17,1.082,24.097,337,24
S1-E1,3,18,1.274,24.030,347,34
S1-E1,3,19,1.422,24.184,309,22
S1-E1,3,20,1.547,22.075,327,23
S1-E1,3,21,1.366,30.148,329,35
S1-E1,3,22,1.392,27.049,364,32
S1-E1,3,23,1.653,24.677,319,28
S1-E1,3,24,1.485,28.600,344,35
S1-E1,3,25,1.301,23.573,418,28
S1-E1,3,26,1.509,26.493,350,37
S1-E1,3,27,1.338,28.647,395,28
S1-E1,3,28,1.476,22.295,415,32
S1-E1,3,29,1.394,30.054,346,28
S1-E1,3,30,1.565,26.113,357,34
S1-E1,3,31,1.603,33.560,399,31
S1-E1,3,32,1.551,30.357,415,34
S1-E1,3,33,1.662,29.366,345,31
S1-E1,3,34,1.589,22.981,395,32
S1-E1,3,35,1.835,23.544,342,29
S1-E1,3,36,1.730,25.183,355,31
S1-E1,3,37,1.600,25.427,453,32
S1-E1,3,38,1.639,27.574,370,34
S1-E1,3,39,1.502,27.205,392,31
S1-E1,3,40,1.606,30.622,399,31
S1-E1,3,41,1.749,30.723,371,26
S1-E1,3,42,1.472,31.320,399,26
S1-E1,3,43,1.661,35.112,446,28
S1-E1,3,44,1.425,35.941,357,25
S1-E1,3,45,1.288,31.970,373,36
S1-E1,3,46,1.713,25.122,325,29
S1-E1,3,47,1.343,24.801,417,30
S1-E1,3,48,1.506,26.584,359,40
S1-E1,3,49,1.546,31.498,412,39
S1-E1,3,50,1.940,24.075,399,27
S1-E1,3,51,2.171,24.273,398,27
S1-E1,3,52,1.943,29.269,417,27
S1-E1,3,53,1.726,30.971,425,34
S1-E1,3,54,1.925,24.566,320,23
S1-E1,3,55,2.081,25.777,332,31
S1-E1,3,56,2.131,26.056,439,29
S1-E1,3,57,1.954,31.985,383,34
S1-E1,3,58,1.779,36.573,437,28
S1-E1,3,59,1.605,31.490,463,32
S1-E1,3,60,1.542,27.362,468,25
S1-E1,3,61,1.856,29.798,430,29
S1-E1,3,62,1.972,26.317,441,29
S1-E1,3,63,1.692,29.721,509,26
S1-E1,3,64,1.809,31.102,469,32
S1-E1,3,65,2.011,39.265,443,34
S1-E1,3,66,2.069,21.989,533,30
S1-E1,3,67,1.712,24.284,403,30
S1-E1,3,68,1.889,27.795,458,33
S1-E1,3,69,2.096,23.252,524,30
S1-E1,3,70,1.894,31.390,550,28
S1-E1,3,71,1.968,27.960,497,26
S1-E1,3,72,2.009,27.937,425,36
S1-E1,3,73,1.822,28.434,544,36
S1-E1,3,74,1.849,28.127,466,34
S1-E1,3,75,1.998,27.231,570,40
S1-E1,3,76,2.115,28.955,472,35
S1-E1,3,77,2.337,30.050,452,29
S1-E1,3,78,1.894,27.823,541,26
S1-E1,3,79,2.416,31.120,509,20
S1-E1,3,80,1.960,32.592,508,38
S1-E1,3,81,2.258,23.607,478,34
S1-E1,3,82,2.159,30.848,439,33
S1-E1,3,83,2.151,27.970,523,22
S1-E1,3,84,2.290,25.233,446,17
S1-E1,3,85,2.195,29.582,498,36
S1-E1,3,86,2.416,24.588,484,45
S1-E1,3,87,2.328,27.674,520,33
S1-E1,3,88,2.465,30.584,513,21
S1-E1,3,89,2.582,24.086,472,27
S1-E1,3,90,2.805,23.180,455,37
S1-E1,3,91,2.649,29.052,569,31
S1-E1,3,92,3.109,22.199,540,21
S1-E1,3,93,2.824,19.832,581,19
S1-E1,3,94,2.686,23.739,504,25
S1-E1,3,95,2.781,24.557,366,34
S1-E1,3,96,2.967,27.188,533,31
S1-E1,3,97,3.198,24.969,493,25
S1-E1,3,98,2.549,24.768,466,32
S1-E1,3,99,2.805,25.259,613,33
S1-E1,3,100,3.321,27.439,535,27
S1-E1,3,101,3.812,21.042,623,33
S1-E1,3,102,3.832,24.824,519,30
S1-E1,3,103,4.205,37.500,531,26
S1-E1,3,104,4.003,34.650,511,28
S1-E1,3,105,4.220,46.350,578,31
S1-E1,3,106,3.832,39.960,555,33
S1-E1,3,107,3.530,51.154,471,26
S1-E1,3,108,3.437,41.390,468,24
S1-E1,3,109,4.019,42.877,482,34
S1-E1,3,110,3.842,47.754,463,35
S1-E1,3,111,3.741,50.819,543,33
S1-E1,3,112,3.675,49.969,527,30
S1-E1,3,113,4.188,39.322,416,16
S1-E1,3,114,4.826,45.741,446,25
S1-E1,3,115,4.446,38.731,503,36
S1-E1,3,116,3.283,52.885,485,35
S1-E1,3,117,4.015,51.434,530,35
S1-E1,3,118,3.906,56.368,525,36
S1-E1,3,119,3.596,49.058,838,37
S1-E1,3,120,4.384,41.578,667,36
S1-E1,3,121,4.311,41.277,545,25
S1-E1,3,122,4.074,41.948,507,33
S1-E1,3,123,3.907,45.337,465,32
S1-E1,3,124,3.775,49.470,512,28
S1-E1,3,125,3.946,57.182,507,31
S1-E1,3,126,3.404,41.474,546,37
S1-E1,3,127,3.935,51.574,500,31
S1-E1,3,128,3.954,41.944,685,32
S1-E1,3,129,3.107,40.718,709,38
S1-E1,3,130,3.816,41.461,651,38
S1-E1,3,131,3.877,38.242,766,43
S1-E1,3,132,4.135,35.343,716,29
S1-E1,3,133,4.154,35.110,569,32
S1-E1,3,134,3.595,31.631,713,29
S1-E1,3,135,4.102,34.538,647,34
S1-E1,3,136,4.226,31.991,674,37
S1-E1,3,137,4.558,35.533,628,33
S1-E1,3,138,3.899,32.394,695,25
S1-E1,3,139,4.520,38.116,704,34
S1-E1,3,140,5.226,34.643,680,32
S1-E1,3,141,4.225,31.244,781,25
S1-E1,3,142,4.741,30.766,527,34
S1-E1,3,143,4.835,35.717,669,30
S1-E1,3,144,5.533,32.072,787,26
S1-E1,3,145,4.613,33.185,725,26
S1-E1,3,146,4.253,30.515,635,34
S1-E1,3,147,4.867,34.185,582,37
S1-E1,3,148,4.459,27.061,737,36
S1-E1,3,149,4.245,27.570,816,25
S1-E1,3,150,4.378,28.921,712,31
S1-E1,3,151,3.960,28.887,707,40
S1-E1,3,152,4.873,23.149,754,38
S1-E1,3,153,4.637,29.983,685,35
S1-E1,3,154,4.283,33.637,721,35
S1-E1,3,155,4.168,32.747,782,34
S1-E1,3,156,5.222,23.190,752,34
S1-E1,3,157,4.698,27.306,956,39
S1-E1,3,158,4.446,27.641,756,30
S1-E1,3,159,4.658,34.329,837,32
S1-E1,3,160,4.265,35.965,695,29
S1-E1,3,161,4.387,34.263,662,28
S1-E1,3,162,4.361,32.183,704,40
S1-E1,3,163,5.075,31.077,755,38
S1-E1,3,164,5.359,24.244,745,34
S1-E1,3,165,4.843,25.697,806,26
S1-E1,3,166,4.939,23.944,776,28
S1-E1,3,167,4.908,25.481,592,33
S1-E1,3,168,4.858,23.548,796,35
S1-E1,3,169,4.252,30.328,853,32
S1-E1,3,170,5.125,22.981,693,31
S1-E1,3,171,5.019,27.688,676,36
S1-E1,3,172,5.181,26.083,574,28
S1-E1,3,173,4.627,26.700,767,35
S1-E1,3,174,4.830,25.310,680,43
S1-E1,3,175,4.799,27.542,735,32
S1-E1,3,176,4.350,29.137,698,22
S1-E1,3,177,4.556,27.541,693,32
S1-E1,3,178,4.789,32.794,663,38
S1-E1,3,179,4.009,29.078,649,32
S1-E1,3,180,4.558,29.381,735,30
S1-E1,3,181,4.499,30.866,636,32
S1-E1,3,182,3.943,29.114,657,35
S1-E1,3,183,4.054,22.611,661,39
S1-E1,3,184,3.787,33.355,657,42
S1-E1,3,185,3.536,43.665,626,32
S1-E1,3,186,3.308,34.410,688,35
S1-E1,3,187,2.906,35.083,558,44
S1-E1,3,188,3.098,26.488,650,36
S1-E1,3,189,3.524,26.017,546,32
S1-E1,3,190,3.925,27.136,596,32
S1-E1,3,191,3.746,24.267,507,40
S1-E1,3,192,3.448,29.266,761,30
S1-E1,3,193,3.898,25.291,677,25
S1-E1,3,194,3.803,24.895,843,37
S1-E1,3,195,3.211,29.324,655,22
S1-E1,3,196,3.710,25.921,608,40
S1-E1,3,197,3.467,21.576,644,33
S1-E1,3,198,4.074,25.271,660,31
S1-E1,3,199,4.200,21.544,705,33
S1-E1,3,200,4.812,22.479,700,34
S1-E1,3,201,3.889,28.234,798,37
S1-E1,3,202,4.235,27.052,779,39
S1-E1,3,203,3.547,26.489,672,39
S1-E1,3,204,3.658,34.027,736,42
S1-E1,3,205,3.793,29.853,520,34
S1-E1,3,206,3.424,28.718,820,35
S1-E1,3,207,2.957,26.894,648,47
S1-E1,3,208,3.069,35.062,650,37
S1-E1,3,209,3.228,28.310,720,39
S1-E1,3,210,2.726,27.788,709,43
S1-E1,3,211,3.305,28.476,539,42
S1-E1,3,212,3.465,29.600,563,34
S1-E1,3,213,3.262,26.340,588,29
S1-E1,3,214,3.094,23.613,642,25
S1-E1,3,215,3.102,24.978,610,31
S1-E1,3,216,2.712,33.579,672,29
S1-E1,3,217,2.912,27.438,526,37
S1-E1,3,218,3.869,24.544,523,43
S1-E1,3,219,3.364,27.879,688,34
S1-E1,3,220,3.402,26.839,491,39
S1-E1,3,221,2.317,25.114,680,46
S1-E1,3,222,2.143,37.809,628,25
S1-E1,3,223,2.318,30.103,595,44
S1-E1,3,224,2.454,31.635,512,32
S1-E1,3,225,2.316,29.438,551,42
S1-E1,3,226,2.542,28.728,726,50
S1-E1,3,227,1.982,25.528,668,35
S1-E1,3,228,2.761,25.155,556,35
S1-E1,3,229,2.688,27.450,543,36
S1-E1,3,230,2.446,26.308,528,32
S1-E1,3,231,2.473,25.401,547,32
S1-E1,3,232,2.285,21.686,486,32
S1-E1,3,233,2.462,25.084,561,35
S1-E1,3,234,2.337,23.261,458,30
S1-E1,3,235,2.895,22.373,579,33
S1-E1,3,236,2.666,25.702,549,41
S1-E1,3,237,2.903,20.831,547,45
S1-E1,3,238,2.441,24.674,423,46
S1-E1,3,239,3.098,22.059,514,35
S1-E1,3,240,2.745,25.774,541,41
S1-E1,3,241,2.486,23.419,644,49
S1-E1,3,242,2.511,20.916,563,29
S1-E1,3,243,2.470,26.847,502,41
S1-E1,3,244,2.349,34.519,565,43
S1-E1,3,245,2.318,25.497,519,43
S1-E1,3,246,2.343,28.719,598,38
S1-E1,3,247,2.183,22.859,606,33
S1-E1,3,248,2.209,23.272,486,50
S1-E1,3,249,2.538,19.943,468,38
S1-E1,3,250,2.012,22.080,460,30
S1-E1,3,251,2.387,20.708,482,45
S1-E1,3,252,2.562,24.699,602,32
S1-E1,3,253,2.514,25.542,545,41
S1-E1,3,254,2.267,26.907,484,33
S1-E1,3,255,2.231,24.639,578,33
S1-E1,3,256,2.263,26.886,450,33
S1-E1,3,257,2.211,22.540,629,41
S1-E1,3,258,2.018,24.283,512,29
S1-E1,3,259,2.168,24.334,547,28
S1-E1,3,260,2.008,23.741,483,44
S1-E1,3,261,1.962,23.906,589,47
S1-E1,3,262,1.841,22.836,461,35
S1-E1,3,263,1.485,27.998,524,28
S1-E1,3,264,1.768,26.062,495,36
S1-E1,3,265,1.789,23.242,502,42
S1-E1,3,266,1.775,25.218,414,34
S1-E1,3,267,2.278,24.201,519,50
S1-E1,3,268,1.892,24.482,425,32
S1-E1,3,269,1.981,22.785,426,36
S1-E1,3,270,1.678,22.569,531,48
S1-E1,3,271,1.804,22.188,494,44
S1-E1,3,272,1.991,25.860,522,38
S1-E1,3,273,1.806,22.827,394,35
S1-E1,3,274,1.925,21.988,444,46
S1-E1,3,275,1.732,23.761,536,52
S1-E1,3,276,1.702,27.814,520,40
S1-E1,3,277,1.718,25.799,448,28
S1-E1,3,278,1.762,19.701,490,35
S1-E1,3,279,1.828,23.810,506,40
S1-E1,3,280,2.215,22.159,432,40
S1-E1,3,281,2.346,18.894,436,40
S1-E1,3,282,2.071,22.338,522,37
S1-E1,3,283,1.679,25.565,399,38
S1-E1,3,284,1.518,21.804,394,41
S1-E1,3,285,1.681,24.126,358,37
S1-E1,3,286,1.525,26.834,473,34
S1-E1,3,287,1.608,24.511,412,31
S1-E1,3,288,1.685,20.037,439,33
S1-E1,3,289,1.923,26.507,430,38
S1-E1,3,290,1.707,22.976,433,41
S1-E1,3,291,1.761,23.144,441,20
S1-E1,3,292,1.697,22.875,436,35
S1-E1,3,293,1.781,24.777,456,40
S1-E1,3,294,1.849,22.271,414,41
S1-E1,3,295,1.975,20.322,423,35
S1-E1,3,296,1.834,24.778,397,36
S1-E1,3,297,1.953,22.957,467,32
S1-E1,3,298,1.509,20.687,428,37
S1-E1,3,299,1.633,24.834,401,34
S1-E1,3,300,1.610,21.921,419,37
S1-E1,3,301,1.778,25.992,418,40
S1-E1,3,302,1.640,28.901,529,37
S1-E1,3,303,1.572,29.201,435,37
S1-E1,3,304,1.346,24.779,370,40
S1-E1,3,305,1.610,24.640,422,25
S1-E1,3,306,1.447,30.249,449,35
S1-E1,3,307,1.397,27.972,400,42
S1-E1,3,308,1.589,23.167,503,30
S1-E1,3,309,1.671,22.321,375,29
S1-E1,3,310,1.651,18.709,307,39
S1-E1,3,311,1.961,22.743,379,28
S1-E1,3,312,1.715,27.684,406,44
S1-E1,3,313,1.635,20.143,353,39
S1-E1,3,314,1.577,26.588,359,50
S1-E1,3,315,1.793,23.595,427,37
S1-E1,3,316,1.974,21.648,319,44
S1-E1,3,317,1.671,22.497,389,42
S1-E1,3,318,1.676,27.494,356,38
S1-E1,3,319,1.517,27.532,437,37
S1-E1,3,320,1.307,26.636,436,32
S1-E1,3,321,1.359,29.250,338,32
S1-E1,3,322,1.429,27.113,416,47
S1-E1,3,323,1.669,34.901,438,40
S1-E1,3,324,1.516,25.367,345,43
S1-E1,3,325,1.670,26.432,431,39
S1-E1,3,326,1.539,24.532,454,38
S1-E1,3,327,1.718,23.232,358,42
S1-E1,3,328,1.710,26.821,332,51
S1-E1,3,329,1.739,23.157,346,42
S1-E1,3,330,1.791,24.998,288,39
S1-E1,3,331,2.010,29.883,374,45
S1-E1,3,332,1.424,27.783,353,54
S1-E1,3,333,1.671,26.506,493,35
S1-E1,3,334,1.622,30.394,351,44
S1-E1,3,335,1.655,29.223,463,35
S1-E1,3,336,1.479,26.020,395,38
S1-E1,3,337,1.389,31.677,386,36
S1-E1,3,338,1.538,31.673,397,35
S1-E1,3,339,1.604,36.686,333,28
S1-E1,3,340,1.358,29.972,367,40
S1-E1,3,341,1.649,29.712,373,51
S1-E1,3,342,1.492,38.270,398,29
S1-E1,3,343,1.358,29.152,397,48
S1-E1,3,344,1.441,29.998,382,35
S1-E1,3,345,1.318,30.183,300,32
S1-E1,3,346,1.733,32.117,373,43
S1-E1,3,347,1.728,28.559,364,42
S1-E1,3,348,1.612,31.760,483,42
S1-E1,3,349,1.466,29.773,354,39
S1-E1,3,350,1.526,34.509,406,39
S1-E1,3,351,1.778,24.276,366,37
S1-E1,3,352,1.413,29.853,429,36
S1-E1,3,353,1.768,29.683,420,42
S1-E1,3,354,1.894,27.198,452,39
S1-E1,3,355,1.658,29.309,368,37
S1-E1,3,356,1.635,33.278,444,44
S1-E1,3,357,1.663,32.546,332,44
S1-E1,3,358,1.427,33.361,393,38
S1-E1,3,359,1.384,34.231,320,35
S1-E1,3,360,1.630,30.980,411,35
S1-E1,3,361,1.542,35.380,351,51
S1-E1,3,362,1.527,30.244,450,34
S1-E1,3,363,1.645,32.424,402,42
S1-E1,3,364,1.841,31.574,395,29
S1-E1,3,365,1.405,36.549,400,46
S1-E1,3,366,1.757,33.334,486,35
S1-E1,3,367,1.467,34.809,438,36
S1-E1,3,368,1.563,27.782,394,39
S1-E1,3,369,1.427,30.755,489,39
S1-E1,3,370,1.570,35.465,334,36
S1-E1,3,371,1.701,29.868,332,43
S1-E1,3,372,1.417,34.179,425,40
S1-E1,3,373,1.476,38.167,412,40
S1-E1,3,374,1.892,36.053,351,25
S1-E1,3,375,1.921,34.992,518,33
S1-E1,3,376,1.723,36.145,482,39
S1-E1,3,377,2.190,29.028,412,39
S1-E1,3,378,2.101,28.398,474,32
S1-E1,3,379,2.045,29.576,444,37
S1-E1,3,380,2.182,34.910,371,36
S1-E1,3,381,1.966,33.860,401,48
S1-E1,3,382,2.201,29.057,508,38
S1-E1,3,383,2.078,36.353,487,41
S1-E1,3,384,2.058,44.997,383,34
S1-E1,3,385,1.756,37.301,350,39
S1-E1,3,386,1.818,39.828,427,34
S1-E1,3,387,1.967,38.028,562,40
S1-E1,3,388,1.676,40.581,412,33
S1-E1,3,389,2.093,33.934,405,35
S1-E1,3,390,1.977,34.412,478,44
S1-E1,3,391,2.325,32.960,466,39
S1-E1,3,392,2.260,31.975,527,42
S1-E1,3,393,2.207,38.572,452,33
S1-E1,3,394,2.431,34.934,474,31
S1-E1,3,395,2.432,35.720,456,30
S1-E1,3,396,2.259,39.936,644,48
S1-E1,3,397,2.277,35.834,406,35
S1-E1,3,398,2.063,39.260,502,32
S1-E1,3,399,2.447,41.262,378,34
S1-E2,0,0,1.889,22.266,342,29
S1-E2,0,1,1.800,23.330,326,37
S1-E2,0,2,1.494,22.286,387,39
S1-E2,0,3,1.631,19.170,360,33
S1-E2,0,4,1.911,18.662,360,41
S1-E2,0,5,1.705,24.950,300,38
S1-E2,0,6,1.477,22.018,352,26
S1-E2,0,7,1.545,21.654,277,35
S1-E2,0,8,1.576,23.354,353,24
S1-E2,0,9,1.891,22.963,386,27
S1-E2,0,10,1.470,22.200,349,31
S1-E2,0,11,1.289,29.368,433,35
S1-E2,0,12,1.470,21.299,412,29
S1-E2,0,13,1.328,22.734,428,29
S1-E2,0,14,1.779,23.281,325,36
S1-E2,0,15,1.480,27.818,339,19
S1-E2,0,16,1.369,29.205,303,31
S1-E2,0,17,1.571,26.179,329,28
S1-E2,0,18,1.062,27.963,318,43
S1-E2,0,19,1.142,27.801,313,25
S1-E2,0,20,1.360,25.972,341,27
S1-E2,0,21,1.364,25.680,374,32
S1-E2,0,22,1.354,27.118,398,35
S1-E2,0,23,1.589,21.587,401,30
S1-E2,0,24,1.678,25.841,295,35
S1-E2,0,25,1.596,22.845,360,33
S1-E2,0,26,1.265,29.127,494,28
S1-E2,0,27,6.942,37.504,338,34
S1-E2,0,28,6.427,40.708,365,35
S1-E2,0,29,5.368,45.421,402,42
S1-E2,0,30,4.558,49.340,315,45
S1-E2,0,31,3.509,45.177,387,27
S1-E2,0,32,3.206,58.673,361,28
S1-E2,0,33,2.356,50.136,413,27
S1-E2,0,34,1.831,62.249,339,31
S1-E2,0,35,1.653,55.755,406,31
S1-E2,0,36,1.307,48.875,385,27
S1-E2,0,37,1.340,45.948,316,20
S1-E2,0,38,1.439,41.004,440,35
S1-E2,0,39,1.330,35.183,394,31
S1-E2,0,40,1.166,39.204,415,48
S1-E2,0,41,1.410,34.732,363,31
S1-E2,0,42,1.371,31.520,442,34
S1-E2,0,43,1.492,27.707,407,48
S1-E2,0,44,1.579,22.179,463,29
S1-E2,0,45,1.602,27.385,423,26
S1-E2,0,46,1.646,26.471,406,36
S1-E2,0,47,1.928,26.709,552,26
S1-E2,0,48,1.749,23.665,447,26
S1-E2,0,49,1.484,27.670,440,37
S1-E2,0,50,2.010,23.494,513,36
S1-E2,0,51,1.961,21.071,504,28
S1-E2,0,52,2.184,21.601,445,34
S1-E2,0,53,1.895,23.560,543,28
S1-E2,0,54,1.971,20.754,501,36
S1-E2,0,55,1.813,25.447,553,26
S1-E2,0,56,1.806,26.721,545,33
S1-E2,0,57,2.184,18.420,531,31
S1-E2,0,58,2.152,21.360,494,39
S1-E2,0,59,2.567,21.950,627,26
S1-E2,0,60,2.181,21.443,432,31
S1-E2,0,61,2.855,18.030,467,30
S1-E2,0,62,2.555,17.436,504,25
S1-E2,0,63,7.465,20.021,473,28
S1-E2,0,64,7.299,22.971,596,26
S1-E2,0,65,6.703,32.535,499,35
S1-E2,0,66,5.695,39.634,544,31
S1-E2,0,67,5.589,31.080,558,31
S1-E2,0,68,4.619,42.847,584,32
S1-E2,0,69,4.431,37.988,653,25
S1-E2,0,70,4.136,38.347,562,38
S1-E2,0,71,3.452,34.423,535,28
S1-E2,0,72,2.909,33.906,624,39
S1-E2,0,73,2.925,37.004,528,27
S1-E2,0,74,2.316,32.193,552,30
S1-E2,0,75,2.603,27.965,557,39
S1-E2,0,76,2.444,30.509,482,34
S1-E2,0,77,2.343,31.473,442,30
S1-E2,0,78,2.296,35.690,535,21
S1-E2,0,79,2.065,29.084,561,30
S1-E2,0,80,2.008,29.235,598,29
S1-E2,0,81,2.394,30.920,573,38
S1-E2,0,82,1.994,26.492,546,26
S1-E2,0,83,1.953,29.556,461,35
S1-E2,0,84,2.102,33.734,458,28
S1-E2,0,85,2.299,30.283,576,38
S1-E2,0,86,2.348,27.604,535,25
S1-E2,0,87,2.261,25.839,492,28
S1-E2,0,88,2.341,28.588,502,28
S1-E2,0,89,2.272,28.905,481,23
S1-E2,0,90,2.219,25.397,445,40
S1-E2,0,91,2.451,24.387,517,32
S1-E2,0,92,2.296,22.385,663,35
S1-E2,0,93,2.316,21.337,499,41
S1-E2,0,94,2.586,24.411,606,27
S1-E2,0,95,2.974,25.409,534,30
S1-E2,0,96,2.625,23.575,488,29
S1-E2,0,97,2.695,23.756,612,37
S1-E2,0,98,2.676,21.121,624,41
S1-E2,0,99,2.789,27.616,513,27
S1-E2,0,100,2.137,22.649,643,25
S1-E2,0,101,2.251,24.028,670,30
S1-E2,0,102,1.602,22.450,571,34
S1-E2,0,103,1.711,18.125,762,29
S1-E2,0,104,1.236,19.338,604,34
S1-E2,0,105,1.139,17.984,670,24
S1-E2,0,106,1.010,14.176,546,34
S1-E2,0,107,1.092,14.634,607,37
S1-E2,0,108,1.471,11.548,542,36
S1-E2,0,109,1.407,10.379,565,38
S1-E2,0,110,1.497,8.687,578,37
S1-E2,0,111,1.446,9.337,515,29
S1-E2,0,112,1.485,12.103,422,24
S1-E2,0,113,1.957,7.680,625,28
S1-E2,0,114,1.756,9.824,497,27
S1-E2,0,115,1.851,9.933,635,36
S1-E2,0,116,2.134,8.645,489,37
S1-E2,0,117,2.070,8.739,513,26
S1-E2,0,118,1.824,7.795,518,28
S1-E2,0,119,1.829,12.284,495,34
S1-E2,0,120,1.997,8.347,538,33
S1-E2,0,121,1.972,10.636,553,39
S1-E2,0,122,2.369,10.390,596,27
S1-E2,0,123,2.123,9.504,507,39
S1-E2,0,124,1.924,8.383,558,29
S1-E2,0,125,2.007,10.780,522,31
S1-E2,0,126,1.791,11.351,417,35
S1-E2,0,127,1.731,15.054,522,42
S1-E2,0,128,2.072,12.532,462,36
S1-E2,0,129,1.736,12.278,437,42
S1-E2,0,130,1.805,12.093,417,38
S1-E2,0,131,1.940,13.220,428,38
S1-E2,0,132,1.874,11.833,379,36
S1-E2,0,133,1.607,15.390,413,34
S1-E2,0,134,1.639,18.420,433,37
S1-E2,0,135,1.392,15.897,478,33
S1-E2,0,136,1.325,13.498,347,33
S1-E2,0,137,3.088,17.044,350,57
S1-E2,0,138,2.869,20.490,323,36
S1-E2,0,139,2.349,23.751,430,40
S1-E2,0,140,1.731,26.779,445,36
S1-E2,0,141,1.370,33.836,424,35
S1-E2,0,142,1.128,27.065,331,36
S1-E2,0,143,1.039,27.306,336,32
S1-E2,0,144,1.002,27.059,336,27
S1-E2,0,145,1.021,22.691,292,28
S1-E2,0,146,1.118,17.238,361,33
S1-E2,0,147,1.019,17.407,260,23
S1-E2,0,148,1.029,20.206,343,25
S1-E2,0,149,0.910,19.914,337,39
S1-E2,0,150,0.966,17.002,380,33
S1-E2,0,151,1.121,20.049,329,19
S1-E2,0,152,1.249,14.786,320,30
S1-E2,0,153,1.115,14.026,398,25
S1-E2,0,154,1.068,13.951,293,37
S1-E2,0,155,1.362,16.885,303,33
S1-E2,0,156,1.302,17.162,372,33
S1-E2,0,157,1.191,17.918,405,28
S1-E2,0,158,1.482,13.411,347,34
S1-E2,0,159,1.140,14.594,386,39
S1-E2,0,160,1.099,15.102,336,28
S1-E2,0,161,1.301,17.172,344,27
S1-E2,0,162,1.238,15.751,340,28
S1-E2,0,163,1.135,15.958,343,23
S1-E2,0,164,1.066,17.360,404,36
S1-E2,0,165,1.169,14.609,403,26
S1-E2,0,166,1.376,15.666,347,23
S1-E2,0,167,1.391,13.845,307,26
S1-E2,0,168,1.085,16.192,279,32
S1-E2,0,169,1.258,15.696,271,42
S1-E2,0,170,1.245,15.709,290,28
S1-E2,0,171,1.271,15.580,362,23
S1-E2,0,172,1.152,11.189,338,32
S1-E2,0,173,5.692,23.518,342,26
S1-E2,0,174,3.537,27.260,381,28
S1-E2,0,175,3.347,34.952,336,32
S1-E2,0,176,2.666,36.252,347,27
S1-E2,0,177,2.027,31.513,335,34
S1-E2,0,178,1.614,46.445,303,38
S1-E2,0,179,1.025,30.274,309,32
S1-E2,0,180,0.885,35.305,307,36
S1-E2,0,181,0.636,27.857,300,24
S1-E2,0,182,0.572,30.265,361,28
S1-E2,0,183,0.605,26.478,287,27
S1-E2,0,184,0.644,19.288,325,39
S1-E2,0,185,0.776,19.759,316,21
S1-E2,0,186,0.779,18.178,311,28
S1-E2,0,187,0.957,16.875,305,26
S1-E2,0,188,0.894,15.013,301,25
S1-E2,0,189,1.029,13.862,313,36
S1-E2,0,190,0.965,13.627,335,28
S1-E2,0,191,1.004,13.538,241,24
S1-E2,0,192,1.119,13.207,371,32
S1-E2,0,193,0.846,13.922,375,36
S1-E2,0,194,0.924,12.824,345,32
S1-E2,0,195,1.067,15.960,292,25
S1-E2,0,196,1.023,12.360,310,36
S1-E2,0,197,1.113,11.718,323,34
S1-E2,0,198,1.030,13.312,330,29
S1-E2,0,199,1.082,11.225,420,36
S1-E2,0,200,1.162,12.285,273,26
S1-E2,0,201,1.239,12.851,378,31
S1-E2,0,202,1.241,12.143,348,22
S1-E2,0,203,1.205,11.252,394,22
S1-E2,0,204,0.930,10.988,433,29
S1-E2,0,205,1.033,13.494,403,29
S1-E2,0,206,1.149,11.907,358,40
S1-E2,0,207,1.062,12.856,298,33
S1-E2,0,208,0.926,13.692,301,34
S1-E2,0,209,0.978,15.023,250,25
S1-E2,0,210,1.089,11.457,319,28
S1-E2,0,211,1.165,12.093,304,28
S1-E2,0,212,0.981,12.325,320,29
S1-E2,0,213,1.145,10.915,353,31
S1-E2,0,214,0.956,11.614,295,34
S1-E2,0,215,1.247,12.224,287,32
S1-E2,0,216,1.017,11.562,355,30
S1-E2,0,217,1.178,15.259,289,33
S1-E2,0,218,1.145,11.108,309,32
S1-E2,0,219,1.131,12.534,288,27
S1-E2,0,220,1.055,11.599,363,29
S1-E2,0,221,1.106,10.550,325,38
S1-E2,0,222,1.017,10.090,320,37
S1-E2,0,223,1.029,11.524,357,17
S1-E2,0,224,0.987,11.562,310,37
S1-E2,0,225,1.059,11.696,397,34
S1-E2,0,226,0.861,11.926,288,20
S1-E2,0,227,1.099,11.793,328,35
S1-E2,0,228,1.116,11.117,279,30
S1-E2,0,229,0.932,11.767,236,21
S1-E2,0,230,0.971,10.745,296,23
S1-E2,0,231,1.015,12.071,281,30
S1-E2,0,232,1.108,10.704,262,28
S1-E2,0,233,1.045,10.345,284,35
S1-E2,0,234,1.012,8.476,324,29
S1-E2,0,235,0.881,12.086,327,40
S1-E2,0,236,1.056,13.942,270,26
S1-E2,0,237,0.944,13.170,292,25
S1-E2,0,238,0.889,14.025,290,29
S1-E2,0,239,0.832,14.199,248,32
S1-E2,0,240,1.005,11.615,266,26
S1-E2,0,241,0.982,11.535,244,29
S1-E2,0,242,0.857,11.194,273,26
S1-E2,0,243,0.925,11.853,272,32
S1-E2,0,244,0.817,9.659,295,37
S1-E2,0,245,0.639,11.162,249,21
S1-E2,0,246,0.841,9.672,293,45
S1-E2,0,247,0.775,11.688,245,35
S1-E2,0,248,0.735,11.848,290,34
S1-E2,0,249,0.776,12.589,196,25
S1-E2,0,250,0.967,12.182,247,24
S1-E2,0,251,0.826,12.736,223,26
S1-E2,0,252,0.963,12.397,227,30
S1-E2,0,253,0.797,12.158,243,32
S1-E2,0,254,0.884,13.584,233,33
S1-E2,0,255,0.831,9.943,251,29
S1-E2,0,256,0.732,11.807,256,25
S1-E2,0,257,0.754,10.163,230,30
S1-E2,0,258,0.828,13.010,257,22
S1-E2,0,259,0.832,10.368,222,25
S1-E2,0,260,0.653,11.637,263,30
S1-E2,0,261,0.829,10.127,230,28
S1-E2,0,262,0.773,11.295,206,34
S1-E2,0,263,0.834,10.414,237,23
S1-E2,0,264,0.713,10.548,224,22
S1-E2,0,265,0.732,12.044,255,31
S1-E2,0,266,0.850,9.900,308,28
S1-E2,0,267,0.857,10.668,201,17
S1-E2,0,268,0.916,8.838,248,24
S1-E2,0,269,0.780,10.889,223,31
S1-E2,0,270,0.873,9.631,220,32
S1-E2,0,271,0.769,9.571,283,27
S1-E2,0,272,0.861,10.755,189,22
S1-E2,0,273,0.776,8.905,194,35
S1-E2,0,274,0.726,8.705,269,16
S1-E2,0,275,0.833,10.357,268,32
S1-E2,0,276,0.680,8.525,230,32
S1-E2,0,277,0.736,10.115,195,26
S1-E2,0,278,0.724,11.186,228,34
S1-E2,0,279,0.800,10.660,227,23
S1-E2,0,280,0.599,9.210,239,25
S1-E2,0,281,0.827,9.687,172,25
S1-E2,0,282,0.969,8.326,292,17
S1-E2,0,283,0.759,9.716,224,32
S1-E2,0,284,0.746,10.578,213,32
S1-E2,0,285,0.700,8.911,264,29
S1-E2,0,286,0.572,10.947,210,27
S1-E2,0,287,0.647,11.222,244,24
S1-E2,0,288,0.631,11.147,270,30
S1-E2,0,289,0.692,10.172,202,21
S1-E2,0,290,0.634,9.186,236,28
S1-E2,0,291,0.729,11.289,201,25
S1-E2,0,292,0.673,10.931,184,28
S1-E2,0,293,0.737,8.604,178,22
S1-E2,0,294,0.651,12.073,164,28
S1-E2,0,295,0.650,11.371,215,18
S1-E2,0,296,0.637,10.363,239,33
S1-E2,0,297,0.590,10.963,184,41
S1-E2,0,298,0.681,9.551,205,24
S1-E2,0,299,0.727,9.451,190,24
S1-E2,0,300,0.730,9.385,203,31
S1-E2,0,301,0.682,10.922,208,25
S1-E2,0,302,0.767,10.050,224,27
S1-E2,0,303,0.636,8.779,159,29
S1-E2,0,304,0.704,8.818,204,33
S1-E2,0,305,0.617,11.531,211,24
S1-E2,0,306,0.696,11.419,183,13
S1-E2,0,307,0.872,8.233,221,26
S1-E2,0,308,0.759,8.908,232,28
S1-E2,0,309,0.697,8.807,233,27
S1-E2,0,310,0.747,10.214,161,31
S1-E2,0,311,0.810,9.988,190,27
S1-E2,0,312,0.831,9.646,249,33
S1-E2,0,313,0.709,13.486,152,17
S1-E2,0,314,0.800,9.597,233,22
S1-E2,0,315,0.742,8.871,220,25
S1-E2,0,316,0.853,9.310,159,22
S1-E2,0,317,0.666,10.959,208,30
S1-E2,0,318,0.736,9.262,230,25
S1-E2,0,319,0.713,9.799,232,26
S1-E2,0,320,0.721,10.993,195,24
S1-E2,0,321,0.792,12.508,192,26
S1-E2,0,322,0.694,10.322,172,28
S1-E2,0,323,0.672,9.881,222,27
S1-E2,0,324,0.711,11.088,177,25
S1-E2,0,325,0.579,11.250,204,24
S1-E2,0,326,0.666,10.484,197,33
S1-E2,0,327,0.621,11.667,164,24
S1-E2,0,328,0.748,11.008,235,23
S1-E2,0,329,0.596,10.507,187,25
S1-E2,0,330,0.674,9.770,171,20
S1-E2,0,331,0.751,12.494,181,21
S1-E2,0,332,0.624,11.037,222,26
S1-E2,0,333,0.669,11.594,165,21
S1-E2,0,334,0.693,10.028,205,24
S1-E2,0,335,0.743,11.846,177,23
S1-E2,0,336,0.807,13.427,211,27
S1-E2,0,337,0.785,8.868,188,18
S1-E2,0,338,0.774,10.044,199,35
S1-E2,0,339,0.777,8.973,206,16
S1-E2,0,340,0.765,11.895,225,25
S1-E2,0,341,0.737,10.236,192,25
S1-E2,0,342,0.807,12.111,212,25
S1-E2,0,343,0.668,12.729,197,24
S1-E2,0,344,0.710,13.382,174,25
S1-E2,0,345,0.753,12.601,202,19
S1-E2,0,346,0.682,11.289,186,35
S1-E2,0,347,0.642,11.497,255,17
S1-E2,0,348,0.812,13.269,219,23
S1-E2,0,349,0.672,10.492,169,26
S1-E2,0,350,0.699,10.897,189,24
S1-E2,0,351,0.671,11.685,207,20
S1-E2,0,352,0.801,13.298,188,21
S1-E2,0,353,0.707,13.956,196,23
S1-E2,0,354,0.796,12.160,170,23
S1-E2,0,355,0.893,10.726,175,22
S1-E2,0,356,0.820,11.727,186,22
S1-E2,0,357,0.828,11.564,211,20
S1-E2,0,358,0.838,13.164,162,15
S1-E2,0,359,0.773,14.431,170,19
S1-E2,0,360,0.702,14.407,199,20
S1-E2,0,361,0.670,11.989,214,23
S1-E2,0,362,0.745,13.109,233,30
S1-E2,0,363,0.764,13.273,182,26
S1-E2,0,364,0.805,15.255,222,25
S1-E2,0,365,0.741,14.933,214,22
S1-E2,0,366,0.770,12.943,151,14
S1-E2,0,367,0.826,13.453,170,25
S1-E2,0,368,0.737,13.176,200,17
S1-E2,0,369,0.707,17.329,202,27
S1-E2,0,370,0.705,14.754,163,23
S1-E2,0,371,0.738,13.814,198,24
S1-E2,0,372,0.750,14.880,218,23
S1-E2,0,373,0.886,16.147,152,20
S1-E2,0,374,0.831,15.197,186,18
S1-E2,0,375,0.827,14.225,189,22
S1-E2,0,376,0.712,16.272,177,19
S1-E2,0,377,0.764,16.104,190,17
S1-E2,0,378,0.769,17.568,180,20
S1-E2,0,379,0.641,15.640,197,14
S1-E2,0,380,0.675,15.644,215,21
S1-E2,0,381,0.875,17.095,196,26
S1-E2,0,382,0.791,15.085,165,22
S1-E2,0,383,0.966,14.306,189,21
S1-E2,0,384,0.859,15.404,251,18
S1-E2,0,385,0.958,17.367,227,24
S1-E2,0,386,0.805,14.514,217,22
S1-E2,0,387,0.911,15.664,205,17
S1-E2,0,388,0.942,11.969,177,29
S1-E2,0,389,0.884,15.979,206,30
S1-E2,0,390,0.779,16.176,177,19
S1-E2,0,391,0.977,18.066,242,22
S1-E2,0,392,0.944,14.420,173,24
S1-E2,0,393,0.885,15.976,200,28
S1-E2,0,394,0.948,16.533,225,21
S1-E2,0,395,1.097,15.109,241,30
S1-E2,0,396,0.927,14.790,196,25
S1-E2,0,397,0.780,15.896,222,18
S1-E2,0,398,0.782,16.387,236,20
S1-E2,0,399,0.796,18.355,193,16
S1-E2,1,0,1.009,37.548,292,42
S1-E2,1,1,0.777,31.705,344,42
S1-E2,1,2,0.953,27.001,353,22
S1-E2,1,3,1.055,30.682,287,35
S1-E2,1,4,1.093,24.257,369,27
S1-E2,1,5,0.889,28.385,296,35
S1-E2,1,6,1.133,28.981,400,27
S1-E2,1,7,1.121,31.736,285,27
S1-E2,1,8,1.059,27.379,345,32
S1-E2,1,9,1.266,27.121,441,34
S1-E2,1,10,1.096,22.899,279,27
S1-E2,1,11,1.223,20.212,304,33
S1-E2,1,12,1.456,23.498,360,37
S1-E2,1,13,1.455,21.442,312,32
S1-E2,1,14,1.679,21.200,339,34
S1-E2,1,15,1.528,22.091,413,31
S1-E2,1,16,1.406,23.088,399,31
S1-E2,1,17,1.559,23.697,382,31
S1-E2,1,18,1.509,26.777,406,31
S1-E2,1,19,1.415,24.684,335,24
S1-E2,1,20,1.343,19.889,344,29
S1-E2,1,21,1.436,24.539,471,35
S1-E2,1,22,1.385,20.566,365,30
S1-E2,1,23,1.404,19.602,394,39
S1-E2,1,24,1.323,23.654,475,21
S1-E2,1,25,1.548,21.393,437,32
S1-E2,1,26,1.435,22.366,410,31
S1-E2,1,27,1.232,23.724,401,27
S1-E2,1,28,1.493,25.748,353,25
S1-E2,1,29,1.353,25.007,353,33
S1-E2,1,30,1.605,21.514,437,26
S1-E2,1,31,1.537,23.301,393,39
S1-E2,1,32,1.689,21.698,381,36
S1-E2,1,33,1.774,23.439,319,23
S1-E2,1,34,1.652,21.377,444,30
S1-E2,1,35,2.063,24.887,438,27
S1-E2,1,36,1.538,22.682,382,35
S1-E2,1,37,1.604,28.178,399,20
S1-E2,1,38,1.661,23.575,334,44
S1-E2,1,39,1.718,28.017,402,35
S1-E2,1,40,1.500,28.406,309,39
S1-E2,1,41,1.437,29.784,428,31
S1-E2,1,42,1.704,23.247,397,38
S1-E2,1,43,1.721,31.326,345,29
S1-E2,1,44,1.349,26.923,398,32
S1-E2,1,45,1.681,29.765,430,32
S1-E2,1,46,1.550,25.215,443,21
S1-E2,1,47,1.705,31.860,429,31
S1-E2,1,48,2.177,27.276,403,37
S1-E2,1,49,2.027,29.462,390,22
S1-E2,1,50,2.072,25.735,316,29
S1-E2,1,51,1.650,27.763,399,20
S1-E2,1,52,1.755,30.291,450,30
S1-E2,1,53,1.844,24.538,389,22
S1-E2,1,54,1.783,29.622,454,27
S1-E2,1,55,1.765,25.756,422,15
S1-E2,1,56,1.746,29.271,448,31
S1-E2,1,57,1.660,30.198,459,36
S1-E2,1,58,1.666,26.509,417,24
S1-E2,1,59,1.641,33.196,536,34
S1-E2,1,60,1.665,27.001,465,23
S1-E2,1,61,1.741,30.069,364,22
S1-E2,1,62,1.546,30.417,468,28
S1-E2,1,63,1.602,29.189,361,27
S1-E2,1,64,1.948,27.303,446,30
S1-E2,1,65,1.696,32.515,525,26
S1-E2,1,66,1.692,27.093,438,33
S1-E2,1,67,1.922,28.536,544,21
S1-E2,1,68,1.817,27.886,443,31
S1-E2,1,69,1.944,33.448,404,22
S1-E2,1,70,2.205,34.489,407,23
S1-E2,1,71,1.906,29.389,495,32
S1-E2,1,72,1.730,32.889,522,37
S1-E2,1,73,1.957,26.196,415,24
S1-E2,1,74,1.667,24.955,496,32
S1-E2,1,75,1.800,32.677,481,43
S1-E2,1,76,2.072,28.352,395,31
S1-E2,1,77,2.471,27.866,421,33
S1-E2,1,78,2.069,25.725,404,28
S1-E2,1,79,1.956,27.831,454,30
S1-E2,1,80,2.245,29.799,485,27
S1-E2,1,81,1.677,29.782,474,33
S1-E2,1,82,1.774,28.601,432,19
S1-E2,1,83,2.000,28.226,418,25
S1-E2,1,84,2.064,35.376,483,30
S1-E2,1,85,2.030,28.381,467,29
S1-E2,1,86,1.865,32.290,493,38
S1-E2,1,87,1.822,29.317,516,28
S1-E2,1,88,1.609,31.570,413,45
S1-E2,1,89,1.901,26.089,423,18
S1-E2,1,90,2.046,32.586,471,36
S1-E2,1,91,2.250,22.900,507,24
S1-E2,1,92,2.243,29.719,501,31
S1-E2,1,93,2.279,26.927,470,41
S1-E2,1,94,2.383,29.285,536,20
S1-E2,1,95,2.152,26.755,527,30
S1-E2,1,96,2.343,28.857,582,26
S1-E2,1,97,2.217,31.315,450,33
S1-E2,1,98,2.348,23.654,646,26
S1-E2,1,99,2.209,24.098,496,33
S1-E2,1,100,1.821,33.265,616,30
S1-E2,1,101,1.495,33.462,403,34
S1-E2,1,102,1.352,25.311,525,27
S1-E2,1,103,0.991,27.286,491,25
S1-E2,1,104,0.998,17.927,493,25
S1-E2,1,105,1.074,16.055,509,30
S1-E2,1,106,1.092,14.780,593,27
S1-E2,1,107,1.152,12.906,558,31
S1-E2,1,108,1.362,14.421,538,34
S1-E2,1,109,1.175,12.724,504,19
S1-E2,1,110,1.326,11.902,543,32
S1-E2,1,111,1.365,10.495,496,30
S1-E2,1,112,1.331,10.561,483,25
S1-E2,1,113,1.446,10.555,480,30
S1-E2,1,114,1.406,10.397,585,29
S1-E2,1,115,1.498,11.401,539,17
S1-E2,1,116,1.659,9.609,540,41
S1-E2,1,117,1.578,11.998,664,26
S1-E2,1,118,1.695,11.723,485,28
S1-E2,1,119,1.751,9.616,444,25
S1-E2,1,120,1.547,8.660,530,28
S1-E2,1,121,1.939,9.876,455,29
S1-E2,1,122,2.093,9.726,534,28
S1-E2,1,123,1.806,10.520,426,40
S1-E2,1,124,2.114,9.196,489,38
S1-E2,1,125,2.272,10.268,489,33
S1-E2,1,126,2.127,9.736,489,31
S1-E2,1,127,2.060,11.426,451,35
S1-E2,1,128,1.998,12.287,349,41
S1-E2,1,129,1.892,13.350,458,37
S1-E2,1,130,1.957,11.523,461,32
S1-E2,1,131,1.559,12.404,467,34
S1-E2,1,132,1.646,16.838,488,35
S1-E2,1,133,1.636,12.284,460,36
S1-E2,1,134,1.829,16.496,415,33
S1-E2,1,135,1.584,16.906,427,29
S1-E2,1,136,1.363,18.180,432,44
S1-E2,1,137,1.604,14.001,392,29
S1-E2,1,138,1.442,12.968,336,33
S1-E2,1,139,1.562,14.021,525,27
S1-E2,1,140,1.420,16.082,412,31
S1-E2,1,141,1.473,14.405,444,23
S1-E2,1,142,1.298,16.695,444,37
S1-E2,1,143,1.263,17.143,381,36
S1-E2,1,144,1.367,18.300,277,30
S1-E2,1,145,1.425,16.242,323,39
S1-E2,1,146,1.203,16.578,338,35
S1-E2,1,147,1.252,23.170,313,25
S1-E2,1,148,1.234,17.190,320,35
S1-E2,1,149,1.266,16.285,277,28
S1-E2,1,150,1.263,18.005,288,34
S1-E2,1,151,1.117,18.441,357,39
S1-E2,1,152,1.104,14.235,321,30
S1-E2,1,153,1.352,19.521,314,32
S1-E2,1,154,1.085,14.444,256,29
S1-E2,1,155,1.186,16.034,332,33
S1-E2,1,156,1.300,15.153,377,35
S1-E2,1,157,1.213,14.995,339,31
S1-E2,1,158,1.108,14.416,367,29
S1-E2,1,159,1.246,19.640,351,38
S1-E2,1,160,1.097,15.947,319,35
S1-E2,1,161,1.022,19.677,313,25
S1-E2,1,162,1.162,15.629,269,35
S1-E2,1,163,1.238,14.532,327,34
S1-E2,1,164,1.049,16.826,288,25
S1-E2,1,165,0.953,18.346,281,28
S1-E2,1,166,1.007,17.179,369,25
S1-E2,1,167,1.035,15.321,339,43
S1-E2,1,168,0.995,16.817,321,26
S1-E2,1,169,1.254,16.030,298,33
S1-E2,1,170,1.305,16.068,344,35
S1-E2,1,171,1.059,15.854,406,38
S1-E2,1,172,1.153,15.511,293,23
S1-E2,1,173,1.016,18.031,345,25
S1-E2,1,174,1.051,17.007,347,31
S1-E2,1,175,1.235,14.420,399,31
S1-E2,1,176,1.123,15.912,315,36
S1-E2,1,177,1.055,17.174,311,28
S1-E2,1,178,1.158,17.102,311,29
S1-E2,1,179,1.241,12.939,319,22
S1-E2,1,180,1.191,15.072,332,24
S1-E2,1,181,1.211,15.785,301,25
S1-E2,1,182,1.129,16.238,360,31
S1-E2,1,183,1.003,14.642,286,33
S1-E2,1,184,1.191,16.903,331,38
S1-E2,1,185,1.130,15.278,310,24
S1-E2,1,186,1.077,17.024,375,40
S1-E2,1,187,1.032,16.949,278,34
S1-E2,1,188,1.088,14.866,296,40
S1-E2,1,189,0.933,15.273,327,37
S1-E2,1,190,1.128,15.119,305,25
S1-E2,1,191,1.016,16.913,269,28
S1-E2,1,192,0.979,16.146,329,36
S1-E2,1,193,1.140,18.777,326,37
S1-E2,1,194,1.089,17.125,287,32
S1-E2,1,195,0.970,14.289,266,43
S1-E2,1,196,0.781,20.246,333,31
S1-E2,1,197,0.897,17.841,287,31
S1-E2,1,198,0.926,15.227,348,28
S1-E2,1,199,0.934,18.608,241,27
S1-E2,1,200,0.905,15.372,329,32
S1-E2,1,201,0.907,14.993,268,36
S1-E2,1,202,0.783,17.682,231,23
S1-E2,1,203,0.946,12.989,260,27
S1-E2,1,204,0.875,13.988,235,39
S1-E2,1,205,0.827,13.810,290,22
S1-E2,1,206,0.938,15.619,295,27
S1-E2,1,207,0.984,14.255,240,28
S1-E2,1,208,1.009,14.602,272,30
S1-E2,1,209,0.946,12.857,301,36
S1-E2,1,210,0.877,12.659,309,28
S1-E2,1,211,0.795,17.061,267,29
S1-E2,1,212,0.815,13.984,302,25
S1-E2,1,213,0.848,12.772,325,35
S1-E2,1,214,0.996,13.563,285,28
S1-E2,1,215,0.929,14.859,275,29
S1-E2,1,216,0.924,14.031,263,36
S1-E2,1,217,0.918,14.048,221,30
S1-E2,1,218,0.868,11.666,268,24
S1-E2,1,219,0.790,13.995,320,27
S1-E2,1,220,0.828,12.797,271,30
S1-E2,1,221,1.046,10.623,244,19
S1-E2,1,222,0.999,13.256,239,38
S1-E2,1,223,1.018,13.058,302,32
S1-E2,1,224,0.873,13.550,266,28
S1-E2,1,225,0.815,13.036,252,29
S1-E2,1,226,0.925,13.738,274,21
S1-E2,1,227,0.770,14.515,260,26
S1-E2,1,228,0.792,15.162,285,20
S1-E2,1,229,0.900,11.976,262,25
S1-E2,1,230,1.025,14.594,321,29
S1-E2,1,231,0.840,14.018,276,29
S1-E2,1,232,0.810,14.009,286,26
S1-E2,1,233,0.929,12.317,295,24
S1-E2,1,234,0.782,13.287,266,29
S1-E2,1,235,0.849,13.763,291,41
S1-E2,1,236,0.904,12.164,257,31
S1-E2,1,237,0.841,10.683,280,29
S1-E2,1,238,0.912,9.848,260,22
S1-E2,1,239,0.945,10.142,288,27
S1-E2,1,240,0.830,11.357,232,35
S1-E2,1,241,0.885,10.819,309,18
S1-E2,1,242,0.991,8.838,228,25
S1-E2,1,243,1.115,9.435,226,30
S1-E2,1,244,1.036,9.520,266,33
S1-E2,1,245,1.010,9.204,230,32
S1-E2,1,246,1.091,12.826,252,19
S1-E2,1,247,0.833,11.918,227,32
S1-E2,1,248,0.781,11.655,271,28
S1-E2,1,249,0.694,12.969,223,29
S1-E2,1,250,0.771,11.376,271,33
S1-E2,1,251,0.841,11.070,273,27
S1-E2,1,252,0.758,8.496,254,28
S1-E2,1,253,0.843,12.887,304,21
S1-E2,1,254,0.786,10.474,243,30
S1-E2,1,255,0.745,13.215,255,34
S1-E2,1,256,2.700,16.834,221,30
S1-E2,1,257,1.992,19.560,277,34
S1-E2,1,258,1.736,22.206,337,31
S1-E2,1,259,1.050,23.214,247,23
S1-E2,1,260,0.986,22.099,245,15
S1-E2,1,261,0.715,20.610,287,36
S1-E2,1,262,0.624,22.839,197,24
S1-E2,1,263,0.489,18.549,256,30
S1-E2,1,264,0.470,18.816,337,24
S1-E2,1,265,0.485,14.393,231,29
S1-E2,1,266,0.606,17.154,241,26
S1-E2,1,267,0.492,16.236,226,33
S1-E2,1,268,0.625,12.083,248,25
S1-E2,1,269,0.670,10.080,226,29
S1-E2,1,270,0.708,11.615,248,36
S1-E2,1,271,0.690,10.595,224,28
S1-E2,1,272,0.658,9.588,219,28
S1-E2,1,273,0.729,9.323,188,25
S1-E2,1,274,0.795,9.671,258,27
S1-E2,1,275,0.710,10.070,247,30
S1-E2,1,276,0.848,9.769,223,27
S1-E2,1,277,0.746,9.023,274,35
S1-E2,1,278,0.808,9.097,266,23
S1-E2,1,279,0.818,8.783,237,29
S1-E2,1,280,0.755,8.291,202,32
S1-E2,1,281,0.820,8.161,276,26
S1-E2,1,282,0.851,8.617,268,30
S1-E2,1,283,0.778,7.875,303,23
S1-E2,1,284,0.741,11.694,287,27
S1-E2,1,285,0.630,9.065,245,28
S1-E2,1,286,0.713,10.480,269,27
S1-E2,1,287,0.708,9.334,208,32
S1-E2,1,288,0.669,9.130,233,23
S1-E2,1,289,0.752,8.822,266,24
S1-E2,1,290,0.686,9.038,228,32
S1-E2,1,291,0.815,8.220,299,30
S1-E2,1,292,0.855,8.125,220,33
S1-E2,1,293,0.829,8.548,261,25
S1-E2,1,294,0.870,6.954,222,27
S1-E2,1,295,0.721,9.896,241,32
S1-E2,1,296,0.700,8.668,242,33
S1-E2,1,297,0.866,8.365,210,30
S1-E2,1,298,0.850,9.756,227,30
S1-E2,1,299,0.768,9.699,211,20
S1-E2,1,300,0.892,9.694,218,27
S1-E2,1,301,0.777,8.690,196,18
S1-E2,1,302,0.840,7.917,166,29
S1-E2,1,303,0.776,9.344,205,19
S1-E2,1,304,0.875,9.322,202,24
S1-E2,1,305,0.863,11.940,212,32
S1-E2,1,306,0.729,8.581,224,31
S1-E2,1,307,0.791,9.804,211,26
S1-E2,1,308,0.756,10.359,167,28
S1-E2,1,309,0.759,8.596,200,33
S1-E2,1,310,0.841,9.243,199,24
S1-E2,1,311,0.727,8.600,212,37
S1-E2,1,312,0.906,9.634,194,24
S1-E2,1,313,0.842,10.572,226,26
S1-E2,1,314,0.817,8.563,206,20
S1-E2,1,315,0.796,10.658,241,30
S1-E2,1,316,0.994,10.079,249,32
S1-E2,1,317,0.852,8.443,209,21
S1-E2,1,318,0.847,10.596,204,27
S1-E2,1,319,0.734,10.083,228,26
S1-E2,1,320,0.802,9.109,204,31
S1-E2,1,321,0.722,9.072,244,26
S1-E2,1,322,0.787,9.391,237,18
S1-E2,1,323,0.778,9.464,183,22
S1-E2,1,324,0.697,11.095,213,31
S1-E2,1,325,0.710,9.801,196,27
S1-E2,1,326,0.757,11.170,199,22
S1-E2,1,327,0.689,11.562,172,31
S1-E2,1,328,0.803,12.827,233,34
S1-E2,1,329,0.726,9.985,175,28
S1-E2,1,330,0.644,11.319,176,27
S1-E2,1,331,0.686,11.975,221,27
S1-E2,1,332,0.809,10.601,179,25
S1-E2,1,333,0.661,10.223,201,26
S1-E2,1,334,0.671,11.966,181,27
S1-E2,1,335,0.712,13.135,222,32
S1-E2,1,336,0.704,10.251,210,24
S1-E2,1,337,0.724,11.483,179,21
S1-E2,1,338,0.741,10.705,194,24
S1-E2,1,339,0.706,12.551,204,18
S1-E2,1,340,0.765,12.285,193,27
S1-E2,1,341,0.782,10.429,180,26
S1-E2,1,342,0.760,8.953,218,23
S1-E2,1,343,0.915,11.674,197,23
S1-E2,1,344,0.803,12.778,198,20
S1-E2,1,345,0.806,10.369,198,30
S1-E2,1,346,0.687,9.958,232,25
S1-E2,1,347,0.788,12.836,230,29
S1-E2,1,348,0.799,11.055,198,27
S1-E2,1,349,0.639,11.719,182,24
S1-E2,1,350,0.909,11.204,187,19
S1-E2,1,351,0.713,12.846,178,24
S1-E2,1,352,0.705,13.186,227,21
S1-E2,1,353,0.790,11.596,237,23
S1-E2,1,354,0.876,11.009,218,21
S1-E2,1,355,0.719,13.051,183,25
S1-E2,1,356,0.825,11.275,137,21
S1-E2,1,357,0.767,13.603,185,28
S1-E2,1,358,0.969,12.219,172,18
S1-E2,1,359,0.819,10.961,177,31
S1-E2,1,360,1.019,15.129,192,22
S1-E2,1,361,15.944,23.144,174,21
S1-E2,1,362,14.282,27.651,196,23
S1-E2,1,363,12.244,46.733,247,34
S1-E2,1,364,8.265,46.401,213,26
S1-E2,1,365,7.288,54.144,195,20
S1-E2,1,366,5.988,49.509,184,20
S1-E2,1,367,4.269,60.650,156,31
S1-E2,1,368,3.441,67.009,198,21
S1-E2,1,369,2.301,81.745,237,22
S1-E2,1,370,1.475,67.527,183,24
S1-E2,1,371,0.931,66.630,121,24
S1-E2,1,372,0.641,78.788,94,13
S1-E2,1,373,0.577,57.556,66,14
S1-E2,1,374,0.347,60.609,59,17
S1-E2,1,375,0.417,43.128,79,15
S1-E2,1,376,0.400,50.304,73,19
S1-E2,1,377,0.446,41.642,76,29
S1-E2,1,378,0.345,33.052,75,17
S1-E2,1,379,0.404,37.091,72,18
S1-E2,1,380,0.388,32.969,85,17
S1-E2,1,381,0.409,34.161,123,22
S1-E2,1,382,0.409,30.314,104,17
S1-E2,1,383,0.437,25.870,108,20
S1-E2,1,384,0.432,27.968,105,15
S1-E2,1,385,0.472,21.544,108,21
S1-E2,1,386,0.520,26.877,108,19
S1-E2,1,387,0.470,22.235,121,17
S1-E2,1,388,0.637,27.573,115,25
S1-E2,1,389,0.579,21.169,176,13
S1-E2,1,390,0.641,18.027,154,13
S1-E2,1,391,0.572,18.064,140,19
S1-E2,1,392,0.628,22.664,162,14
S1-E2,1,393,0.679,17.921,158,21
S1-E2,1,394,0.595,22.093,159,14
S1-E2,1,395,0.621,20.735,150,17
S1-E2,1,396,0.625,27.097,165,12
S1-E2,1,397,0.605,20.497,145,17
S1-E2,1,398,0.695,16.590,170,14
S1-E2,1,399,0.664,22.845,162,15
S1-E2,2,0,1.173,22.801,315,33
S1-E2,2,1,1.206,28.888,298,41
S1-E2,2,2,1.359,24.067,289,39
S1-E2,2,3,1.514,24.415,362,28
S1-E2,2,4,1.169,20.488,314,29
S1-E2,2,5,1.192,22.153,310,33
S1-E2,2,6,1.198,24.660,314,36
S1-E2,2,7,1.219,27.514,360,31
S1-E2,2,8,1.159,25.783,272,34
S1-E2,2,9,1.341,24.359,379,30
S1-E2,2,10,1.128,25.689,303,25
S1-E2,2,11,1.231,24.985,326,29
S1-E2,2,12,1.283,23.759,305,37
S1-E2,2,13,1.535,24.437,341,31
S1-E2,2,14,1.424,26.534,341,30
S1-E2,2,15,1.215,29.251,382,28
S1-E2,2,16,1.103,25.064,319,27
S1-E2,2,17,1.276,32.491,381,21
S1-E2,2,18,1.436,29.317,287,31
S1-E2,2,19,1.229,29.143,356,25
S1-E2,2,20,1.198,32.978,355,30
S1-E2,2,21,1.166,27.798,398,31
S1-E2,2,22,1.248,20.839,310,43
S1-E2,2,23,1.306,21.442,387,31
S1-E2,2,24,1.419,23.147,318,33
S1-E2,2,25,1.414,23.555,389,33
S1-E2,2,26,1.436,27.990,291,27
S1-E2,2,27,1.368,26.130,351,24
S1-E2,2,28,1.374,28.508,322,30
S1-E2,2,29,1.650,25.909,386,38
S1-E2,2,30,1.357,28.348,331,35
S1-E2,2,31,1.476,26.077,465,37
S1-E2,2,32,1.425,28.964,304,28
S1-E2,2,33,1.507,27.718,366,26
S1-E2,2,34,1.514,29.998,357,35
S1-E2,2,35,1.476,26.679,307,28
S1-E2,2,36,1.488,26.873,317,34
S1-E2,2,37,1.516,24.272,412,17
S1-E2,2,38,1.787,26.176,447,33
S1-E2,2,39,1.691,24.327,366,35
S1-E2,2,40,1.598,29.067,381,24
S1-E2,2,41,1.966,24.587,402,47
S1-E2,2,42,1.516,29.546,338,24
S1-E2,2,43,1.632,28.615,493,23
S1-E2,2,44,1.470,27.624,362,15
S1-E2,2,45,1.868,27.880,393,28
S1-E2,2,46,1.866,27.720,308,25
S1-E2,2,47,1.631,26.173,369,33
S1-E2,2,48,1.476,29.776,379,30
S1-E2,2,49,1.490,28.677,386,28
S1-E2,2,50,1.805,23.635,422,25
S1-E2,2,51,1.766,25.061,434,25
S1-E2,2,52,1.663,35.421,446,33
S1-E2,2,53,1.511,25.065,455,29
S1-E2,2,54,1.635,29.456,407,30
S1-E2,2,55,1.602,25.671,375,26
S1-E2,2,56,1.578,27.042,391,26
S1-E2,2,57,1.661,29.341,510,34
S1-E2,2,58,1.847,33.147,396,31
S1-E2,2,59,1.543,25.872,453,28
S1-E2,2,60,1.744,26.151,451,22
S1-E2,2,61,1.690,28.302,403,41
S1-E2,2,62,1.722,32.775,429,29
S1-E2,2,63,1.680,27.544,446,36
S1-E2,2,64,1.803,31.129,468,39
S1-E2,2,65,1.665,25.283,457,34
S1-E2,2,66,1.621,25.175,421,27
S1-E2,2,67,1.956,26.963,357,30
S1-E2,2,68,2.185,24.144,413,32
S1-E2,2,69,2.285,24.920,431,39
S1-E2,2,70,2.191,24.763,556,30
S1-E2,2,71,2.414,23.889,482,30
S1-E2,2,72,2.523,30.913,523,35
S1-E2,2,73,2.150,25.231,503,40
S1-E2,2,74,2.434,24.139,369,25
S1-E2,2,75,2.167,25.130,445,26
S1-E2,2,76,2.274,24.604,458,33
S1-E2,2,77,2.398,27.378,522,34
S1-E2,2,78,2.307,27.292,404,28
S1-E2,2,79,2.495,24.855,489,23
S1-E2,2,80,2.279,26.629,481,27
S1-E2,2,81,2.483,26.386,541,24
S1-E2,2,82,2.278,34.970,526,30
S1-E2,2,83,2.657,28.280,438,33
S1-E2,2,84,2.569,30.325,407,24
S1-E2,2,85,2.550,28.105,479,30
S1-E2,2,86,2.147,28.345,436,31
S1-E2,2,87,2.563,29.852,432,34
S1-E2,2,88,2.254,27.558,502,37
S1-E2,2,89,2.137,28.338,747,26
S1-E2,2,90,2.398,30.659,470,27
S1-E2,2,91,2.667,27.313,464,22
S1-E2,2,92,2.031,35.242,574,49
S1-E2,2,93,2.107,33.690,372,26
S1-E2,2,94,2.141,30.835,492,34
S1-E2,2,95,1.811,34.319,425,32
S1-E2,2,96,2.035,33.745,412,37
S1-E2,2,97,1.659,36.035,547,31
S1-E2,2,98,1.755,39.038,408,32
S1-E2,2,99,2.076,29.513,486,15
S1-E2,2,100,1.577,27.145,510,28
S1-E2,2,101,1.388,24.947,493,29
S1-E2,2,102,1.123,21.366,540,38
S1-E2,2,103,1.060,17.297,448,24
S1-E2,2,104,0.989,17.710,510,30
S1-E2,2,105,1.017,14.841,464,32
S1-E2,2,106,1.177,15.686,414,19
S1-E2,2,107,1.155,12.086,604,34
S1-E2,2,108,1.259,11.675,423,28
S1-E2,2,109,1.426,11.632,609,18
S1-E2,2,110,1.420,8.051,583,41
S1-E2,2,111,1.807,9.704,533,26
S1-E2,2,112,1.791,10.014,650,35
S1-E2,2,113,1.477,10.462,582,34
S1-E2,2,114,1.801,10.084,471,26
S1-E2,2,115,2.086,8.840,783,34
S1-E2,2,116,2.186,9.000,601,24
S1-E2,2,117,1.897,9.168,522,31
S1-E2,2,118,2.120,7.588,493,34
S1-E2,2,119,2.195,8.628,646,21
S1-E2,2,120,2.466,8.892,514,30
S1-E2,2,121,2.189,7.925,589,29
S1-E2,2,122,2.188,6.309,563,31
S1-E2,2,123,2.113,9.199,574,34
S1-E2,2,124,2.185,8.393,604,21
S1-E2,2,125,2.854,11.739,517,34
S1-E2,2,126,1.922,9.559,469,27
S1-E2,2,127,2.240,10.411,442,35
S1-E2,2,128,2.348,13.173,497,26
S1-E2,2,129,1.828,14.325,486,29
S1-E2,2,130,1.779,15.693,440,39
S1-E2,2,131,1.573,18.342,476,32
S1-E2,2,132,1.584,18.392,509,38
S1-E2,2,133,1.423,16.871,466,37
S1-E2,2,134,1.704,17.482,395,37
S1-E2,2,135,1.290,15.729,447,39
S1-E2,2,136,1.303,15.215,352,41
S1-E2,2,137,1.417,17.305,382,29
S1-E2,2,138,1.135,17.746,373,32
S1-E2,2,139,1.267,16.021,448,35
S1-E2,2,140,1.340,17.886,277,30
S1-E2,2,141,1.232,16.811,261,31
S1-E2,2,142,1.069,18.427,375,32
S1-E2,2,143,1.062,19.877,474,35
S1-E2,2,144,1.090,18.390,320,37
S1-E2,2,145,1.144,18.114,322,22
S1-E2,2,146,1.225,18.886,353,40
S1-E2,2,147,1.221,17.949,332,29
S1-E2,2,148,1.204,17.389,374,32
S1-E2,2,149,1.101,16.036,306,34
S1-E2,2,150,1.204,17.314,313,27
S1-E2,2,151,1.023,17.673,334,23
S1-E2,2,152,1.117,18.625,351,25
S1-E2,2,153,1.223,14.049,390,36
S1-E2,2,154,1.109,13.948,378,28
S1-E2,2,155,1.154,16.229,345,27
S1-E2,2,156,1.273,15.071,342,26
S1-E2,2,157,1.249,17.101,307,27
S1-E2,2,158,1.379,16.454,348,32
S1-E2,2,159,1.227,12.393,324,38
S1-E2,2,160,1.270,15.792,303,28
S1-E2,2,161,1.176,17.492,327,30
S1-E2,2,162,1.088,15.073,347,32
S1-E2,2,163,1.145,19.118,356,37
S1-E2,2,164,1.049,15.740,278,31
S1-E2,2,165,1.060,17.244,339,34
S1-E2,2,166,1.018,15.080,359,37
S1-E2,2,167,1.059,16.491,329,32
S1-E2,2,168,2.951,18.343,342,35
S1-E2,2,169,2.401,19.988,409,30
S1-E2,2,170,1.985,25.812,319,25
S1-E2,2,171,1.779,26.284,370,32
S1-E2,2,172,1.562,24.522,334,33
S1-E2,2,173,1.164,26.147,300,29
S1-E2,2,174,0.970,28.014,354,36
S1-E2,2,175,0.923,22.051,298,29
S1-E2,2,176,0.999,18.107,349,25
S1-E2,2,177,0.916,20.925,309,35
S1-E2,2,178,0.999,20.873,347,27
S1-E2,2,179,0.855,20.332,267,23
S1-E2,2,180,0.922,17.683,338,39
S1-E2,2,181,0.927,21.442,349,34
S1-E2,2,182,0.783,16.153,313,26
S1-E2,2,183,0.920,15.027,324,29
S1-E2,2,184,0.975,14.338,286,29
S1-E2,2,185,0.964,18.061,295,31
S1-E2,2,186,1.001,13.678,326,32
S1-E2,2,187,0.883,13.450,390,33
S1-E2,2,188,0.958,15.750,345,29
S1-E2,2,189,0.955,14.953,304,24
S1-E2,2,190,0.943,17.024,370,22
S1-E2,2,191,0.930,16.165,316,23
S1-E2,2,192,1.007,15.220,325,38
S1-E2,2,193,1.144,12.081,385,30
S1-E2,2,194,1.305,13.567,279,23
S1-E2,2,195,0.936,13.691,332,18
S1-E2,2,196,1.187,11.617,355,46
S1-E2,2,197,1.167,12.725,302,23
S1-E2,2,198,1.231,14.304,350,39
S1-E2,2,199,1.195,14.359,269,33
S1-E2,2,200,1.186,11.902,309,29
S1-E2,2,201,1.058,11.759,326,27
S1-E2,2,202,1.279,12.438,292,27
S1-E2,2,203,1.121,11.293,376,39
S1-E2,2,204,1.293,12.216,328,32
S1-E2,2,205,1.196,15.075,340,24
S1-E2,2,206,1.179,10.811,363,42
S1-E2,2,207,1.022,12.828,294,35
S1-E2,2,208,1.067,14.288,352,36
S1-E2,2,209,1.246,15.134,325,34
S1-E2,2,210,0.960,12.702,301,35
S1-E2,2,211,1.080,13.416,310,26
S1-E2,2,212,1.005,14.813,300,26
S1-E2,2,213,1.033,15.376,313,33
S1-E2,2,214,0.901,17.245,354,27
S1-E2,2,215,0.814,17.394,287,25
S1-E2,2,216,0.951,12.411,260,25
S1-E2,2,217,0.992,15.319,378,30
S1-E2,2,218,0.947,11.529,302,22
S1-E2,2,219,0.996,13.168,243,33
S1-E2,2,220,1.083,11.637,254,27
S1-E2,2,221,1.029,12.702,284,32
S1-E2,2,222,1.065,11.875,269,33
S1-E2,2,223,1.076,12.109,292,21
S1-E2,2,224,0.894,14.636,297,36
S1-E2,2,225,0.995,13.580,241,27
S1-E2,2,226,0.856,16.463,295,29
S1-E2,2,227,0.822,12.606,326,30
S1-E2,2,228,0.867,12.340,295,32
S1-E2,2,229,0.752,12.189,284,35
S1-E2,2,230,0.785,12.368,245,31
S1-E2,2,231,0.795,12.329,282,24
S1-E2,2,232,0.822,13.030,282,30
S1-E2,2,233,0.778,13.802,308,38
S1-E2,2,234,0.877,11.710,288,32
S1-E2,2,235,0.806,12.549,247,39
S1-E2,2,236,0.886,12.454,233,30
S1-E2,2,237,0.911,10.802,247,32
S1-E2,2,238,0.777,10.070,226,32
S1-E2,2,239,0.997,9.604,246,27
S1-E2,2,240,0.872,11.114,217,27
S1-E2,2,241,1.004,12.721,252,26
S1-E2,2,242,0.801,12.073,301,33
S1-E2,2,243,0.853,12.934,305,39
S1-E2,2,244,0.846,11.997,240,29
S1-E2,2,245,0.898,13.289,261,29
S1-E2,2,246,0.944,11.102,270,25
S1-E2,2,247,0.950,9.964,250,32
S1-E2,2,248,0.853,9.633,274,24
S1-E2,2,249,0.873,9.087,220,20
S1-E2,2,250,1.138,11.398,242,33
S1-E2,2,251,0.824,10.985,235,29
S1-E2,2,252,0.774,10.143,243,30
S1-E2,2,253,0.940,9.507,242,29
S1-E2,2,254,1.025,9.977,280,30
S1-E2,2,255,0.725,10.017,226,35
S1-E2,2,256,0.772,10.280,297,32
S1-E2,2,257,0.751,10.518,226,14
S1-E2,2,258,0.866,10.984,223,26
S1-E2,2,259,0.930,10.290,267,30
S1-E2,2,260,0.793,11.822,218,42
S1-E2,2,261,0.823,11.597,268,35
S1-E2,2,262,0.900,11.668,257,21
S1-E2,2,263,0.830,9.509,213,16
S1-E2,2,264,0.765,9.608,229,26
S1-E2,2,265,0.886,9.984,258,32
S1-E2,2,266,0.792,10.157,242,23
S1-E2,2,267,0.987,10.005,283,25
S1-E2,2,268,0.899,11.518,321,26
S1-E2,2,269,0.853,8.470,249,31
S1-E2,2,270,0.854,9.728,255,36
S1-E2,2,271,0.832,10.634,271,23
S1-E2,2,272,0.898,9.550,191,32
S1-E2,2,273,0.906,10.765,240,41
S1-E2,2,274,0.728,9.645,190,17
S1-E2,2,275,0.836,13.047,227,31
S1-E2,2,276,0.792,9.589,210,31
S1-E2,2,277,0.739,11.180,238,34
S1-E2,2,278,0.744,9.596,186,26
S1-E2,2,279,0.821,9.211,257,28
S1-E2,2,280,0.715,10.642,224,35
S1-E2,2,281,0.845,10.070,194,17
S1-E2,2,282,0.682,9.575,228,37
S1-E2,2,283,0.721,9.698,211,25
S1-E2,2,284,0.673,9.738,204,26
S1-E2,2,285,0.832,9.891,238,18
S1-E2,2,286,0.619,9.903,243,36
S1-E2,2,287,0.645,10.094,184,31
S1-E2,2,288,2.193,10.458,223,23
S1-E2,2,289,2.043,14.441,218,23
S1-E2,2,290,1.500,14.939,230,23
S1-E2,2,291,0.892,20.379,199,23
S1-E2,2,292,0.983,23.564,259,27
S1-E2,2,293,1.047,17.360,187,19
S1-E2,2,294,0.550,19.376,217,21
S1-E2,2,295,0.476,17.303,279,22
S1-E2,2,296,0.524,18.050,241,32
S1-E2,2,297,0.462,15.968,244,18
S1-E2,2,298,0.445,13.278,214,26
S1-E2,2,299,0.548,13.506,197,23
S1-E2,2,300,0.498,12.486,263,27
S1-E2,2,301,0.543,13.191,201,25
S1-E2,2,302,0.501,10.594,185,24
S1-E2,2,303,0.617,10.042,235,19
S1-E2,2,304,0.564,11.383,207,24
S1-E2,2,305,0.554,10.657,214,27
S1-E2,2,306,0.696,11.023,192,28
S1-E2,2,307,0.607,9.968,185,33
S1-E2,2,308,0.641,9.783,231,21
S1-E2,2,309,0.691,8.611,235,25
S1-E2,2,310,0.711,8.289,240,27
S1-E2,2,311,0.734,7.761,207,23
S1-E2,2,312,0.793,9.316,248,31
S1-E2,2,313,0.688,9.913,158,29
S1-E2,2,314,0.736,8.144,238,22
S1-E2,2,315,0.744,8.816,216,27
S1-E2,2,316,0.735,8.810,263,29
S1-E2,2,317,0.769,8.034,281,27
S1-E2,2,318,0.742,8.951,224,28
S1-E2,2,319,0.757,8.579,198,24
S1-E2,2,320,0.758,9.501,231,18
S1-E2,2,321,0.830,9.090,200,18
S1-E2,2,322,0.850,10.085,270,23
S1-E2,2,323,0.828,8.237,218,22
S1-E2,2,324,0.788,9.860,160,19
S1-E2,2,325,0.812,10.664,213,26
S1-E2,2,326,0.757,8.779,196,31
S1-E2,2,327,0.904,10.306,203,25
S1-E2,2,328,0.776,10.503,183,20
S1-E2,2,329,0.698,8.491,181,18
S1-E2,2,330,0.683,9.229,246,25
S1-E2,2,331,0.778,10.416,279,23
S1-E2,2,332,0.785,12.643,237,24
S1-E2,2,333,0.716,12.036,183,21
S1-E2,2,334,0.753,12.167,208,20
S1-E2,2,335,0.855,10.859,198,28
S1-E2,2,336,0.822,9.687,247,28
S1-E2,2,337,0.804,9.942,190,18
S1-E2,2,338,0.766,9.023,226,19
S1-E2,2,339,0.841,9.694,259,20
S1-E2,2,340,0.784,10.371,262,33
S1-E2,2,341,0.911,10.191,226,26
S1-E2,2,342,0.953,8.857,207,20
S1-E2,2,343,0.852,9.490,191,36
S1-E2,2,344,0.818,10.762,204,33
S1-E2,2,345,17.593,22.139,203,25
S1-E2,2,346,13.076,23.040,155,26
S1-E2,2,347,10.870,38.969,237,17
S1-E2,2,348,10.158,46.781,187,15
S1-E2,2,349,7.559,52.882,199,27
S1-E2,2,350,6.273,59.848,237,39
S1-E2,2,351,4.643,75.897,215,21
S1-E2,2,352,3.521,63.141,191,24
S1-E2,2,353,2.604,68.593,172,23
S1-E2,2,354,1.592,75.505,186,24
S1-E2,2,355,1.139,57.505,163,22
S1-E2,2,356,0.674,56.142,206,27
S1-E2,2,357,0.450,56.757,161,15
S1-E2,2,358,0.415,36.477,149,25
S1-E2,2,359,0.373,35.529,198,19
S1-E2,2,360,0.401,34.819,242,28
S1-E2,2,361,0.491,26.828,241,26
S1-E2,2,362,0.359,24.529,219,14
S1-E2,2,363,0.413,23.794,215,16
S1-E2,2,364,0.414,20.705,208,18
S1-E2,2,365,0.450,17.718,333,30
S1-E2,2,366,0.522,16.704,323,18
S1-E2,2,367,0.687,14.667,272,26
S1-E2,2,368,0.666,13.635,314,27
S1-E2,2,369,0.758,10.787,308,27
S1-E2,2,370,0.765,10.641,306,30
S1-E2,2,371,0.842,9.878,307,22
S1-E2,2,372,0.924,9.471,259,16
S1-E2,2,373,0.911,8.008,397,23
S1-E2,2,374,1.185,8.286,325,20
S1-E2,2,375,1.046,8.670,391,25
S1-E2,2,376,1.241,8.082,392,21
S1-E2,2,377,1.130,7.570,251,21
S1-E2,2,378,1.046,8.689,352,24
S1-E2,2,379,1.194,8.037,307,20
S1-E2,2,380,1.164,8.720,456,25
S1-E2,2,381,1.288,8.547,332,20
S1-E2,2,382,1.297,7.735,424,24
S1-E2,2,383,1.214,11.370,310,18
S1-E2,2,384,1.160,11.321,372,16
S1-E2,2,385,1.076,11.336,376,19
S1-E2,2,386,1.043,10.196,322,18
S1-E2,2,387,1.142,9.962,414,15
S1-E2,2,388,1.044,9.896,284,28
S1-E2,2,389,0.989,12.568,399,19
S1-E2,2,390,1.024,9.219,337,20
S1-E2,2,391,1.130,11.282,297,31
S1-E2,2,392,1.193,10.215,340,30
S1-E2,2,393,1.345,10.000,334,24
S1-E2,2,394,1.306,10.397,331,17
S1-E2,2,395,1.267,11.179,316,25
S1-E2,2,396,1.500,12.900,277,19
S1-E2,2,397,1.417,10.519,331,20
S1-E2,2,398,1.264,11.649,276,15
S1-E2,2,399,1.199,11.478,385,21
S1-E3,0,0,1.020,67.346,2,2
S1-E3,0,1,0.872,67.549,2,0
S1-E3,0,2,0.799,69.719,2,1
S1-E3,0,3,0.895,62.380,2,0
S1-E3,0,4,0.852,51.222,2,1
S1-E3,0,5,0.828,77.666,3,0
S1-E3,0,6,0.821,69.038,2,2
S1-E3,0,7,0.918,82.231,3,0
S1-E3,0,8,0.965,59.359,4,0
S1-E3,0,9,0.846,62.123,5,0
S1-E3,0,10,0.813,61.722,4,0
S1-E3,0,11,0.863,57.106,6,0
S1-E3,0,12,0.950,63.572,6,0
S1-E3,0,13,0.726,70.257,6,0
S1-E3,0,14,0.716,86.100,6,1
S1-E3,0,15,0.821,61.346,5,1
S1-E3,0,16,0.835,52.566,4,0
S1-E3,0,17,0.939,64.537,3,0
S1-E3,0,18,1.066,56.059,3,1
S1-E3,0,19,0.890,62.240,3,1
S1-E3,0,20,0.965,70.559,2,2
S1-E3,0,21,0.928,67.329,2,0
S1-E3,0,22,0.960,62.175,2,0
S1-E3,0,23,0.970,75.020,2,1
S1-E3,0,24,0.964,77.845,1,0
S1-E3,0,25,1.043,71.462,1,0
S1-E3,0,26,0.885,71.319,1,0
S1-E3,0,27,0.993,69.476,1,0
S1-E3,0,28,1.090,67.460,1,2
S1-E3,0,29,1.140,76.450,1,0
S1-E3,0,30,1.239,68.546,1,1
S1-E3,0,31,1.087,73.673,1,0
S1-E3,0,32,0.971,70.646,1,2
S1-E3,0,33,1.006,64.637,1,1
S1-E3,0,34,1.237,66.591,1,0
S1-E3,0,35,1.186,77.325,1,0
S1-E3,0,36,1.005,83.941,1,0
S1-E3,0,37,1.334,75.171,1,0
S1-E3,0,38,1.129,58.452,1,1
S1-E3,0,39,1.255,76.551,2,0
S1-E3,0,40,1.277,71.814,1,0
S1-E3,0,41,1.223,74.135,1,0
S1-E3,0,42,1.191,69.187,1,0
S1-E3,0,43,1.306,63.835,1,0
S1-E3,0,44,1.300,76.563,1,1
S1-E3,0,45,1.146,69.102,1,0
S1-E3,0,46,1.131,89.376,1,0
S1-E3,0,47,1.216,94.383,1,0
S1-E3,0,48,1.364,72.918,2,0
S1-E3,0,49,1.408,82.168,2,0
S1-E3,0,50,1.606,86.334,2,0
S1-E3,0,51,1.448,96.921,1,0
S1-E3,0,52,1.651,74.223,1,0
S1-E3,0,53,1.245,86.992,2,0
S1-E3,0,54,1.614,73.975,1,0
S1-E3,0,55,1.541,85.014,2,0
S1-E3,0,56,1.687,66.377,1,0
S1-E3,0,57,1.731,90.723,1,0
S1-E3,0,58,1.517,79.165,1,2
S1-E3,0,59,1.406,83.984,1,0
S1-E3,0,60,1.650,68.418,1,0
S1-E3,0,61,1.348,84.811,1,0
S1-E3,0,62,1.539,77.407,1,0
S1-E3,0,63,1.614,85.366,1,0
S1-E3,0,64,1.680,73.299,1,0
S1-E3,0,65,1.870,66.704,1,0
S1-E3,0,66,1.908,83.652,1,0
S1-E3,0,67,1.571,74.138,1,0
S1-E3,0,68,1.994,84.720,1,0
S1-E3,0,69,1.579,79.501,1,0
S1-E3,0,70,1.675,72.471,2,1
S1-E3,0,71,1.774,94.468,1,0
S1-E3,0,72,1.725,84.444,1,1
S1-E3,0,73,2.035,73.805,1,0
S1-E3,0,74,2.210,83.801,1,0
S1-E3,0,75,2.123,79.042,1,0
S1-E3,0,76,1.980,87.145,1,0
S1-E3,0,77,2.409,73.144,1,2
S1-E3,0,78,2.221,79.169,1,0
S1-E3,0,79,1.818,80.095,1,0
S1-E3,0,80,2.182,75.167,1,0
S1-E3,0,81,1.906,91.682,1,0
S1-E3,0,82,1.788,68.372,1,0
S1-E3,0,83,2.045,69.946,1,0
S1-E3,0,84,2.178,77.669,1,0
S1-E3,0,85,2.085,101.986,2,0
S1-E3,0,86,2.412,78.429,1,0
S1-E3,0,87,2.197,101.755,1,0
S1-E3,0,88,2.208,75.924,1,0
S1-E3,0,89,2.684,76.078,1,1
S1-E3,0,90,2.674,77.077,1,0
S1-E3,0,91,2.391,92.133,1,0
S1-E3,0,92,2.310,80.103,1,0
S1-E3,0,93,2.446,100.533,1,0
S1-E3,0,94,2.160,80.700,1,0
S1-E3,0,95,2.128,80.073,1,0
S1-E3,0,96,2.401,70.931,1,0
S1-E3,0,97,2.235,87.201,1,0
S1-E3,0,98,2.372,64.976,1,0
S1-E3,0,99,2.725,83.485,1,0
S1-E3,0,100,2.549,81.452,1,0
S1-E3,0,101,2.249,78.696,1,2
S1-E3,0,102,2.093,88.379,1,1
S1-E3,0,103,2.592,85.440,2,1
S1-E3,0,104,2.364,87.689,1,0
S1-E3,0,105,2.584,84.206,1,0
S1-E3,0,106,2.265,72.926,1,1
S1-E3,0,107,2.720,82.387,1,0
S1-E3,0,108,2.369,89.869,1,0
S1-E3,0,109,2.609,83.030,1,0
S1-E3,0,110,2.592,79.940,1,0
S1-E3,0,111,2.528,76.540,1,0
S1-E3,0,112,1.991,94.120,1,1
S1-E3,0,113,2.312,84.759,1,1
S1-E3,0,114,2.817,83.675,1,0
S1-E3,0,115,2.838,74.287,1,0
S1-E3,0,116,2.866,84.043,1,0
S1-E3,0,117,2.455,74.811,1,0
S1-E3,0,118,2.415,87.843,1,0
S1-E3,0,119,2.477,77.935,1,0
S1-E3,0,120,2.975,92.108,1,1
S1-E3,0,121,2.436,98.600,1,1
S1-E3,0,122,2.339,93.981,2,2
S1-E3,0,123,2.636,85.211,1,0
S1-E3,0,124,2.921,86.498,1,0
S1-E3,0,125,2.859,82.726,1,1
S1-E3,0,126,2.533,72.862,1,1
S1-E3,0,127,2.096,83.470,2,0
S1-E3,0,128,3.065,80.794,1,0
S1-E3,0,129,2.494,93.568,1,1
S1-E3,0,130,2.233,95.897,1,1
S1-E3,0,131,2.871,83.538,1,0
S1-E3,0,132,2.450,80.941,1,0
S1-E3,0,133,2.523,100.989,1,1
S1-E3,0,134,2.826,102.432,1,0
S1-E3,0,135,2.599,83.516,1,0
S1-E3,0,136,2.414,73.063,1,0
S1-E3,0,137,2.598,81.437,1,1
S1-E3,0,138,2.705,88.490,1,2
S1-E3,0,139,2.531,78.578,1,0
S1-E3,0,140,2.697,82.364,1,0
S1-E3,0,141,2.706,92.271,1,1
S1-E3,0,142,2.865,93.528,1,0
S1-E3,0,143,2.510,80.016,1,0
S1-E3,0,144,2.979,71.552,1,1
S1-E3,0,145,2.892,74.460,1,1
S1-E3,0,146,2.638,68.217,2,1
S1-E3,0,147,2.679,73.515,1,1
S1-E3,0,148,2.387,63.454,1,0
S1-E3,0,149,2.649,79.730,1,0
S1-E3,0,150,2.569,77.793,1,0
S1-E3,0,151,2.196,84.581,1,0
S1-E3,0,152,2.486,73.436,1,0
S1-E3,0,153,2.380,84.660,1,0
S1-E3,0,154,2.470,91.627,1,0
S1-E3,0,155,2.433,96.902,1,0
S1-E3,0,156,2.606,85.263,1,0
S1-E3,0,157,2.133,74.775,1,1
S1-E3,0,158,2.457,83.806,1,0
S1-E3,0,159,2.434,86.013,1,0
S1-E3,0,160,2.494,71.749,1,1
S1-E3,0,161,2.134,78.461,1,1
S1-E3,0,162,2.343,78.528,1,1
S1-E3,0,163,2.397,82.620,1,0
S1-E3,0,164,2.047,81.028,1,0
S1-E3,0,165,2.645,60.842,1,1
S1-E3,0,166,2.107,79.144,1,0
S1-E3,0,167,2.376,77.751,1,0
S1-E3,0,168,1.982,90.147,2,0
S1-E3,0,169,2.153,65.712,1,2
S1-E3,0,170,1.900,97.736,2,0
S1-E3,0,171,1.757,109.998,1,0
S1-E3,0,172,2.386,94.713,1,0
S1-E3,0,173,2.299,84.723,1,0
S1-E3,0,174,2.160,65.458,1,1
S1-E3,0,175,2.378,82.026,1,0
S1-E3,0,176,2.621,74.819,1,1
S1-E3,0,177,1.770,101.646,1,0
S1-E3,0,178,1.824,79.681,1,0
S1-E3,0,179,1.583,90.430,2,0
S1-E3,0,180,1.788,85.436,1,0
S1-E3,0,181,1.859,89.893,1,0
S1-E3,0,182,2.280,88.580,1,0
S1-E3,0,183,2.127,62.520,1,1
S1-E3,0,184,1.985,90.283,1,0
S1-E3,0,185,1.766,73.503,1,0
S1-E3,0,186,1.577,81.848,1,0
S1-E3,0,187,1.548,75.018,1,0
S1-E3,0,188,1.807,82.506,1,0
S1-E3,0,189,1.616,69.644,1,0
S1-E3,0,190,1.665,79.584,1,0
S1-E3,0,191,1.847,77.727,1,0
S1-E3,0,192,1.901,63.815,1,0
S1-E3,0,193,1.794,80.355,1,0
S1-E3,0,194,1.623,87.681,1,0
S1-E3,0,195,1.745,94.857,1,0
S1-E3,0,196,1.637,70.505,1,0
S1-E3,0,197,1.502,80.118,1,0
S1-E3,0,198,1.638,73.797,2,0
S1-E3,0,199,1.419,83.818,1,0
S1-E3,0,200,1.667,90.552,1,1
S1-E3,0,201,1.312,75.490,1,0
S1-E3,0,202,1.594,78.546,1,0
S1-E3,0,203,1.514,79.749,1,0
S1-E3,0,204,1.413,83.994,1,0
S1-E3,0,205,1.161,71.740,1,0
S1-E3,0,206,1.199,91.984,1,0
S1-E3,0,207,1.184,68.861,1,0
S1-E3,0,208,1.425,82.829,1,0
S1-E3,0,209,1.496,81.058,1,0
S1-E3,0,210,1.371,70.360,1,0
S1-E3,0,211,1.262,68.388,1,0
S1-E3,0,212,1.336,74.013,1,1
S1-E3,0,213,1.361,71.522,1,0
S1-E3,0,214,1.391,69.784,1,0
S1-E3,0,215,1.210,73.593,2,0
S1-E3,0,216,1.308,58.111,1,0
S1-E3,0,217,1.103,59.599,1,0
S1-E3,0,218,1.049,60.229,1,0
S1-E3,0,219,1.270,88.435,1,2
S1-E3,0,220,1.214,72.754,1,0
S1-E3,0,221,1.130,63.667,1,0
S1-E3,0,222,1.069,59.257,1,0
S1-E3,0,223,1.074,76.331,1,0
S1-E3,0,224,6.095,77.788,2,1
S1-E3,0,225,4.845,82.504,1,0
S1-E3,0,226,4.826,95.297,1,0
S1-E3,0,227,3.560,87.083,1,1
S1-E3,0,228,3.262,95.626,1,1
S1-E3,0,229,2.768,100.656,1,0
S1-E3,0,230,2.599,79.221,1,0
S1-E3,0,231,2.092,74.762,1,0
S1-E3,0,232,2.424,94.905,1,0
S1-E3,0,233,1.931,72.553,1,1
S1-E3,0,234,1.957,71.538,1,0
S1-E3,0,235,1.601,97.966,2,0
S1-E3,0,236,1.576,98.306,1,1
S1-E3,0,237,1.237,71.059,1,0
S1-E3,0,238,1.257,77.056,1,0
S1-E3,0,239,0.996,93.117,1,0
S1-E3,0,240,0.896,64.119,2,0
S1-E3,0,241,0.880,90.447,2,1
S1-E3,0,242,0.971,83.080,1,0
S1-E3,0,243,0.830,70.354,1,0
S1-E3,0,244,0.851,68.676,1,0
S1-E3,0,245,0.913,59.805,1,2
S1-E3,0,246,0.735,63.607,1,0
S1-E3,0,247,0.836,64.956,1,0
S1-E3,0,248,0.704,72.609,1,0
S1-E3,0,249,0.654,62.944,2,0
S1-E3,0,250,0.732,68.002,2,1
S1-E3,0,251,0.670,69.371,2,0
S1-E3,0,252,0.686,70.291,4,0
S1-E3,0,253,0.695,56.094,3,1
S1-E3,0,254,0.687,60.651,3,1
S1-E3,0,255,0.681,59.164,4,1
S1-E3,0,256,0.693,56.603,4,0
S1-E3,0,257,0.730,58.788,5,0
S1-E3,0,258,0.760,64.423,5,0
S1-E3,0,259,0.660,66.102,5,1
S1-E3,0,260,0.628,59.114,7,0
S1-E3,0,261,0.741,57.475,7,3
S1-E3,0,262,0.676,46.491,7,1
S1-E3,0,263,0.664,56.412,7,3
S1-E3,0,264,0.655,50.188,6,2
S1-E3,0,265,0.669,54.626,8,0
S1-E3,0,266,0.774,45.401,9,0
S1-E3,0,267,0.652,47.994,10,2
S1-E3,0,268,0.482,55.070,10,1
S1-E3,0,269,0.907,48.065,11,3
S1-E3,0,270,0.660,51.749,13,0
S1-E3,0,271,0.604,45.941,11,1
S1-E3,0,272,0.643,50.248,11,1
S1-E3,0,273,0.688,56.830,15,1
S1-E3,0,274,0.616,50.104,19,1
S1-E3,0,275,0.555,54.860,15,0
S1-E3,0,276,0.595,51.444,16,4
S1-E3,0,277,0.640,47.310,19,3
S1-E3,0,278,0.707,49.610,19,1
S1-E3,0,279,0.589,43.623,17,0
S1-E3,0,280,0.685,50.500,21,1
S1-E3,0,281,0.667,50.666,22,3
S1-E3,0,282,0.472,54.170,17,1
S1-E3,0,283,0.592,53.384,25,0
S1-E3,0,284,0.524,45.812,27,1
S1-E3,0,285,0.636,42.863,26,4
S1-E3,0,286,0.660,40.902,26,0
S1-E3,0,287,0.598,46.381,27,2
S1-E3,0,288,0.559,45.991,31,1
S1-E3,0,289,0.516,45.192,29,1
S1-E3,0,290,0.615,48.449,39,1
S1-E3,0,291,0.612,42.976,32,2
S1-E3,0,292,0.517,49.627,33,1
S1-E3,0,293,0.476,46.693,33,1
S1-E3,0,294,0.538,44.900,37,2
S1-E3,0,295,0.493,43.495,28,0
S1-E3,0,296,0.584,44.305,45,1
S1-E3,0,297,0.541,43.882,47,1
S1-E3,0,298,0.514,39.131,52,2
S1-E3,0,299,0.675,42.403,49,0
S1-E3,0,300,0.649,39.753,67,1
S1-E3,0,301,0.583,42.180,47,2
S1-E3,0,302,0.568,43.649,45,2
S1-E3,0,303,0.563,43.553,72,1
S1-E3,0,304,0.647,39.086,60,2
S1-E3,0,305,0.558,37.984,53,0
S1-E3,0,306,0.669,47.247,61,6
S1-E3,0,307,0.654,39.054,72,2
S1-E3,0,308,0.620,42.978,67,1
S1-E3,0,309,0.598,34.575,77,0
S1-E3,0,310,0.637,39.314,84,2
S1-E3,0,311,0.551,42.834,93,2
S1-E3,0,312,0.683,41.730,78,1
S1-E3,0,313,0.677,31.731,87,3
S1-E3,0,314,0.770,33.081,75,0
S1-E3,0,315,0.614,37.011,90,0
S1-E3,0,316,0.639,37.774,86,0
S1-E3,0,317,0.638,37.643,97,1
S1-E3,0,318,0.595,29.277,123,1
S1-E3,0,319,0.660,44.262,97,1
S1-E3,0,320,0.605,36.285,103,0
S1-E3,0,321,0.651,34.345,107,2
S1-E3,0,322,0.589,41.014,101,0
S1-E3,0,323,0.635,33.070,125,0
S1-E3,0,324,0.607,35.904,173,1
S1-E3,0,325,0.753,28.477,145,2
S1-E3,0,326,0.700,33.252,156,3
S1-E3,0,327,0.702,31.616,153,0
S1-E3,0,328,0.676,29.006,138,3
S1-E3,0,329,0.669,29.846,166,2
S1-E3,0,330,0.872,31.799,194,1
S1-E3,0,331,0.791,30.184,147,2
S1-E3,0,332,0.790,31.396,144,5
S1-E3,0,333,0.790,27.583,163,4
S1-E3,0,334,0.754,28.757,206,0
S1-E3,0,335,0.789,31.058,205,2
S1-E3,0,336,0.907,38.244,197,2
S1-E3,0,337,0.673,34.429,203,3
S1-E3,0,338,0.790,26.338,214,2
S1-E3,0,339,0.835,29.921,201,2
S1-E3,0,340,0.769,27.416,194,0
S1-E3,0,341,0.861,23.797,212,4
S1-E3,0,342,0.846,24.023,222,1
S1-E3,0,343,0.973,29.503,241,1
S1-E3,0,344,0.936,22.856,233,2
S1-E3,0,345,1.196,18.916,254,1
S1-E3,0,346,1.061,20.024,214,1
S1-E3,0,347,1.089,24.135,234,2
S1-E3,0,348,0.957,22.761,273,2
S1-E3,0,349,0.977,27.532,220,0
S1-E3,0,350,1.008,24.143,257,1
S1-E3,0,351,1.040,27.493,278,1
S1-E3,0,352,1.031,25.024,312,3
S1-E3,0,353,1.095,26.215,340,7
S1-E3,0,354,1.052,27.083,319,3
S1-E3,0,355,1.167,20.995,286,3
S1-E3,0,356,0.891,18.508,396,0
S1-E3,0,357,1.191,24.205,353,1
S1-E3,0,358,1.240,21.878,335,0
S1-E3,0,359,1.190,18.591,380,2
S1-E3,0,360,1.252,20.678,329,3
S1-E3,0,361,1.388,20.811,322,3
S1-E3,0,362,1.252,18.711,321,3
S1-E3,0,363,1.379,24.278,385,1
S1-E3,0,364,1.238,18.587,449,2
S1-E3,0,365,1.277,17.680,394,1
S1-E3,0,366,1.331,20.406,459,2
S1-E3,0,367,1.340,17.208,422,4
S1-E3,0,368,1.656,20.624,490,5
S1-E3,0,369,1.447,17.571,467,2
S1-E3,0,370,1.378,17.709,464,2
S1-E3,0,371,1.807,16.278,380,4
S1-E3,0,372,1.972,16.457,495,2
S1-E3,0,373,1.813,14.705,487,2
S1-E3,0,374,1.618,17.599,509,5
S1-E3,0,375,1.691,18.306,510,2
S1-E3,0,376,1.768,18.314,448,4
S1-E3,0,377,1.830,14.569,495,4
S1-E3,0,378,1.845,16.496,479,5
S1-E3,0,379,1.828,18.888,551,2
S1-E3,0,380,1.769,18.052,588,4
S1-E3,0,381,1.694,18.682,615,3
S1-E3,0,382,1.620,17.841,487,2
S1-E3,0,383,1.800,17.797,506,3
S1-E3,0,384,1.890,15.456,439,3
S1-E3,0,385,2.096,16.038,624,2
S1-E3,0,386,2.215,12.669,573,1
S1-E3,0,387,2.044,13.143,682,3
S1-E3,0,388,2.169,17.983,530,4
S1-E3,0,389,2.189,12.105,498,5
S1-E3,0,390,2.179,13.871,623,2
S1-E3,0,391,2.636,15.283,643,2
S1-E3,0,392,2.433,11.729,565,6
S1-E3,0,393,2.578,13.931,603,1
S1-E3,0,394,2.783,10.915,615,4
S1-E3,0,395,3.210,13.015,682,2
S1-E3,0,396,2.960,11.744,479,3
S1-E3,0,397,3.308,11.053,557,7
S1-E3,0,398,3.167,13.473,721,4
S1-E3,0,399,3.584,12.198,703,1
S1-E3,1,0,1.861,14.479,566,41
S1-E3,1,1,1.596,15.189,459,27
S1-E3,1,2,1.549,14.750,384,29
S1-E3,1,3,1.686,14.304,523,29
S1-E3,1,4,1.815,14.345,347,29
S1-E3,1,5,1.865,13.798,491,32
S1-E3,1,6,1.880,14.896,550,39
S1-E3,1,7,1.660,18.287,450,29
S1-E3,1,8,1.916,15.146,387,37
S1-E3,1,9,2.036,17.324,570,36
S1-E3,1,10,1.980,16.431,484,33
S1-E3,1,11,1.915,16.183,376,37
S1-E3,1,12,1.616,21.352,484,35
S1-E3,1,13,1.797,18.168,468,26
S1-E3,1,14,1.648,19.756,391,38
S1-E3,1,15,1.657,20.229,491,34
S1-E3,1,16,2.075,20.024,445,31
S1-E3,1,17,1.916,15.349,534,33
S1-E3,1,18,1.831,20.659,435,37
S1-E3,1,19,1.725,24.364,490,32
S1-E3,1,20,1.795,24.566,397,24
S1-E3,1,21,1.617,22.025,489,40
S1-E3,1,22,1.912,20.743,386,25
S1-E3,1,23,1.837,20.747,377,27
S1-E3,1,24,1.751,21.849,384,39
S1-E3,1,25,1.759,19.322,380,45
S1-E3,1,26,2.122,24.849,436,37
S1-E3,1,27,1.764,22.072,400,32
S1-E3,1,28,1.699,23.011,374,34
S1-E3,1,29,1.868,26.133,449,28
S1-E3,1,30,1.899,26.611,365,28
S1-E3,1,31,1.649,27.382,331,26
S1-E3,1,32,1.471,33.482,324,43
S1-E3,1,33,1.872,20.599,460,36
S1-E3,1,34,1.542,27.796,469,37
S1-E3,1,35,1.611,25.125,378,34
S1-E3,1,36,1.387,21.787,370,35
S1-E3,1,37,1.590,30.473,442,33
S1-E3,1,38,1.882,25.373,318,35
S1-E3,1,39,1.854,30.028,414,24
S1-E3,1,40,2.012,23.784,370,31
S1-E3,1,41,1.852,23.653,390,36
S1-E3,1,42,1.968,23.401,326,29
S1-E3,1,43,2.090,27.693,344,33
S1-E3,1,44,1.948,31.947,329,31
S1-E3,1,45,1.455,25.701,343,34
S1-E3,1,46,1.604,30.007,378,33
S1-E3,1,47,1.784,29.206,370,32
S1-E3,1,48,1.888,27.256,448,40
S1-E3,1,49,1.833,22.240,370,38
S1-E3,1,50,1.771,25.471,421,37
S1-E3,1,51,1.718,24.753,527,25
S1-E3,1,52,1.815,23.890,410,32
S1-E3,1,53,1.833,31.723,398,28
S1-E3,1,54,1.632,28.447,469,38
S1-E3,1,55,1.909,27.322,452,33
S1-E3,1,56,1.812,24.872,422,38
S1-E3,1,57,1.785,25.734,369,41
S1-E3,1,58,2.007,25.676,406,33
S1-E3,1,59,2.200,25.509,290,30
S1-E3,1,60,2.006,28.624,397,25
S1-E3,1,61,2.269,23.244,437,30
S1-E3,1,62,1.982,25.600,507,36
S1-E3,1,63,2.098,24.193,384,22
S1-E3,1,64,2.328,31.709,385,26
S1-E3,1,65,1.935,31.278,471,35
S1-E3,1,66,2.126,29.702,450,19
S1-E3,1,67,1.975,30.893,484,46
S1-E3,1,68,2.119,25.681,451,25
S1-E3,1,69,2.116,30.856,453,27
S1-E3,1,70,2.046,30.417,450,38
S1-E3,1,71,2.067,26.994,350,29
S1-E3,1,72,1.930,31.434,400,32
S1-E3,1,73,1.745,30.814,495,38
S1-E3,1,74,1.629,34.832,493,44
S1-E3,1,75,1.703,29.153,399,32
S1-E3,1,76,1.743,33.580,386,24
S1-E3,1,77,1.726,27.490,557,37
S1-E3,1,78,2.154,24.534,496,26
S1-E3,1,79,1.688,36.428,451,27
S1-E3,1,80,1.721,35.971,497,32
S1-E3,1,81,2.048,32.180,546,39
S1-E3,1,82,1.738,31.690,487,42
S1-E3,1,83,1.606,28.938,540,37
S1-E3,1,84,1.656,30.148,394,33
S1-E3,1,85,2.025,27.783,421,25
S1-E3,1,86,1.858,29.840,491,30
S1-E3,1,87,2.118,22.585,615,34
S1-E3,1,88,1.890,31.920,514,33
S1-E3,1,89,1.730,28.455,430,42
S1-E3,1,90,2.009,32.105,470,25
S1-E3,1,91,1.985,29.566,670,33
S1-E3,1,92,1.860,28.400,594,29
S1-E3,1,93,1.624,34.822,486,31
S1-E3,1,94,1.673,35.015,562,40
S1-E3,1,95,1.878,31.266,453,19
S1-E3,1,96,2.039,25.200,520,39
S1-E3,1,97,2.212,29.870,460,33
S1-E3,1,98,2.610,26.937,445,40
S1-E3,1,99,2.607,22.978,524,35
S1-E3,1,100,2.566,29.149,535,33
S1-E3,1,101,2.580,25.045,531,35
S1-E3,1,102,2.742,33.222,610,35
S1-E3,1,103,2.847,25.824,436,38
S1-E3,1,104,3.006,26.105,501,31
S1-E3,1,105,2.344,25.938,583,25
S1-E3,1,106,2.474,23.826,518,29
S1-E3,1,107,3.125,30.062,475,29
S1-E3,1,108,2.468,29.587,549,37
S1-E3,1,109,2.619,28.039,471,27
S1-E3,1,110,2.292,32.034,561,32
S1-E3,1,111,1.983,32.436,567,35
S1-E3,1,112,2.482,28.347,544,31
S1-E3,1,113,2.145,30.677,480,31
S1-E3,1,114,2.261,33.145,456,35
S1-E3,1,115,2.331,31.001,519,34
S1-E3,1,116,2.233,30.799,484,32
S1-E3,1,117,2.204,30.682,517,30
S1-E3,1,118,2.116,25.512,493,29
S1-E3,1,119,2.381,30.447,443,40
S1-E3,1,120,2.358,32.133,560,38
S1-E3,1,121,2.337,28.919,520,23
S1-E3,1,122,2.328,21.286,532,33
S1-E3,1,123,2.699,25.567,462,29
S1-E3,1,124,2.841,21.292,501,38
S1-E3,1,125,3.104,30.490,541,30
S1-E3,1,126,3.039,26.496,512,40
S1-E3,1,127,2.825,24.105,638,28
S1-E3,1,128,2.640,27.148,466,33
S1-E3,1,129,2.382,35.182,508,30
S1-E3,1,130,2.655,21.762,448,38
S1-E3,1,131,2.256,28.719,529,40
S1-E3,1,132,2.581,27.684,570,40
S1-E3,1,133,2.433,26.589,619,37
S1-E3,1,134,2.562,22.482,548,37
S1-E3,1,135,2.474,28.746,476,39
S1-E3,1,136,2.336,33.721,514,28
S1-E3,1,137,2.540,23.441,512,34
S1-E3,1,138,2.445,27.616,474,28
S1-E3,1,139,2.473,28.767,494,37
S1-E3,1,140,2.985,28.666,559,38
S1-E3,1,141,2.704,30.977,570,36
S1-E3,1,142,2.754,25.071,428,31
S1-E3,1,143,2.910,32.418,614,36
S1-E3,1,144,2.536,22.630,535,40
S1-E3,1,145,2.129,27.163,649,32
S1-E3,1,146,2.615,30.424,501,24
S1-E3,1,147,2.561,24.997,491,27
S1-E3,1,148,2.392,30.003,571,33
S1-E3,1,149,2.432,27.024,495,41
S1-E3,1,150,2.157,26.100,611,23
S1-E3,1,151,2.360,29.586,556,20
S1-E3,1,152,2.236,26.968,531,30
S1-E3,1,153,2.249,29.234,516,21
S1-E3,1,154,2.175,26.546,460,15
S1-E3,1,155,1.706,30.322,631,20
S1-E3,1,156,2.197,32.297,470,26
S1-E3,1,157,2.329,19.321,478,22
S1-E3,1,158,2.423,29.124,626,18
S1-E3,1,159,2.031,23.685,576,25
S1-E3,1,160,2.101,25.224,579,25
S1-E3,1,161,2.129,22.182,648,20
S1-E3,1,162,2.554,18.689,512,19
S1-E3,1,163,2.467,19.646,570,13
S1-E3,1,164,2.450,25.106,559,26
S1-E3,1,165,2.580,20.636,765,12
S1-E3,1,166,2.520,22.314,543,25
S1-E3,1,167,2.619,21.013,723,17
S1-E3,1,168,2.644,22.777,714,24
S1-E3,1,169,2.827,20.390,653,19
S1-E3,1,170,2.648,20.863,583,16
S1-E3,1,171,2.483,24.098,715,26
S1-E3,1,172,2.558,23.555,626,19
S1-E3,1,173,2.759,19.036,426,13
S1-E3,1,174,2.984,17.911,584,31
S1-E3,1,175,2.779,16.064,721,23
S1-E3,1,176,2.839,17.475,714,25
S1-E3,1,177,3.786,14.885,651,27
S1-E3,1,178,2.927,16.151,676,26
S1-E3,1,179,3.424,13.614,704,16
S1-E3,1,180,3.211,19.301,633,24
S1-E3,1,181,3.239,16.184,680,22
S1-E3,1,182,3.637,16.770,542,20
S1-E3,1,183,3.059,14.439,589,20
S1-E3,1,184,3.126,18.126,740,30
S1-E3,1,185,3.355,18.977,609,18
S1-E3,1,186,3.169,19.514,593,21
S1-E3,1,187,3.375,18.552,715,26
S1-E3,1,188,2.907,19.113,580,16
S1-E3,1,189,2.795,21.655,714,23
S1-E3,1,190,2.648,20.848,520,26
S1-E3,1,191,2.761,23.009,622,22
S1-E3,1,192,2.241,19.505,547,19
S1-E3,1,193,2.319,19.003,732,19
S1-E3,1,194,2.640,17.389,712,29
S1-E3,1,195,3.023,17.646,744,15
S1-E3,1,196,2.520,15.761,593,16
S1-E3,1,197,2.615,17.982,597,23
S1-E3,1,198,2.214,20.245,575,16
S1-E3,1,199,2.420,18.407,656,23
S1-E3,1,200,2.727,18.130,590,26
S1-E3,1,201,2.600,19.940,513,14
S1-E3,1,202,2.798,15.173,654,18
S1-E3,1,203,2.247,15.706,491,19
S1-E3,1,204,3.013,15.927,705,27
S1-E3,1,205,2.075,16.918,617,30
S1-E3,1,206,2.565,17.821,619,20
S1-E3,1,207,2.578,17.792,825,22
S1-E3,1,208,2.396,20.255,776,15
S1-E3,1,209,2.611,16.447,666,16
S1-E3,1,210,2.911,14.385,531,27
S1-E3,1,211,2.392,17.872,661,20
S1-E3,1,212,2.454,13.970,584,23
S1-E3,1,213,2.517,13.232,594,20
S1-E3,1,214,2.907,14.436,608,23
S1-E3,1,215,2.667,12.656,516,21
S1-E3,1,216,2.602,15.313,564,26
S1-E3,1,217,2.477,16.435,636,18
S1-E3,1,218,2.559,18.121,552,21
S1-E3,1,219,2.618,15.981,590,22
S1-E3,1,220,2.342,17.594,498,21
S1-E3,1,221,2.075,17.805,709,22
S1-E3,1,222,2.439,19.415,537,26
S1-E3,1,223,2.456,18.700,444,29
S1-E3,1,224,1.986,17.263,638,32
S1-E3,1,225,1.967,17.113,563,22
S1-E3,1,226,1.965,14.922,416,26
S1-E3,1,227,2.150,17.549,468,29
S1-E3,1,228,2.073,16.864,409,27
S1-E3,1,229,1.949,15.465,593,32
S1-E3,1,230,1.772,18.803,647,18
S1-E3,1,231,2.205,17.406,537,23
S1-E3,1,232,2.131,14.587,541,19
S1-E3,1,233,2.076,15.968,542,24
S1-E3,1,234,2.384,16.679,541,22
S1-E3,1,235,2.258,15.132,538,28
S1-E3,1,236,2.077,13.655,463,26
S1-E3,1,237,2.497,16.265,483,25
S1-E3,1,238,2.023,15.039,541,24
S1-E3,1,239,2.030,15.417,524,26
S1-E3,1,240,1.908,16.844,485,22
S1-E3,1,241,1.856,17.583,474,27
S1-E3,1,242,1.895,14.091,590,31
S1-E3,1,243,2.026,12.587,655,20
S1-E3,1,244,2.364,12.246,513,30
S1-E3,1,245,1.982,13.590,573,27
S1-E3,1,246,2.413,13.111,542,28
S1-E3,1,247,2.044,14.395,499,21
S1-E3,1,248,2.078,13.758,488,29
S1-E3,1,249,2.161,17.529,441,20
S1-E3,1,250,1.848,15.678,570,22
S1-E3,1,251,2.040,14.335,460,20
S1-E3,1,252,1.811,16.164,471,32
S1-E3,1,253,1.628,13.380,473,18
S1-E3,1,254,1.955,15.412,420,33
S1-E3,1,255,1.855,15.445,547,28
S1-E3,1,256,1.794,14.308,543,25
S1-E3,1,257,1.690,16.632,455,26
S1-E3,1,258,1.578,21.921,443,19
S1-E3,1,259,1.636,14.696,455,32
S1-E3,1,260,1.644,13.885,500,23
S1-E3,1,261,1.436,15.064,411,26
S1-E3,1,262,1.456,16.029,478,26
S1-E3,1,263,1.404,14.390,473,22
S1-E3,1,264,1.633,14.639,490,21
S1-E3,1,265,1.544,17.423,412,18
S1-E3,1,266,1.542,14.504,450,29
S1-E3,1,267,1.487,13.755,377,20
S1-E3,1,268,1.543,14.841,399,19
S1-E3,1,269,1.694,12.446,396,23
S1-E3,1,270,1.603,12.152,368,25
S1-E3,1,271,1.643,12.811,503,26
S1-E3,1,272,1.615,12.612,395,31
S1-E3,1,273,1.425,16.279,461,25
S1-E3,1,274,1.963,13.029,387,25
S1-E3,1,275,1.451,14.873,435,30
S1-E3,1,276,1.415,15.056,484,25
S1-E3,1,277,1.534,14.922,447,21
S1-E3,1,278,1.389,13.891,402,29
S1-E3,1,279,1.536,12.633,462,23
S1-E3,1,280,1.623,16.779,491,23
S1-E3,1,281,1.497,13.289,382,31
S1-E3,1,282,1.389,14.646,505,23
S1-E3,1,283,1.553,15.249,392,26
S1-E3,1,284,1.500,13.530,402,29
S1-E3,1,285,1.701,13.571,436,21
S1-E3,1,286,1.505,12.398,453,20
S1-E3,1,287,1.432,14.049,356,30
S1-E3,1,288,1.539,13.025,348,22
S1-E3,1,289,1.577,13.214,447,21
S1-E3,1,290,1.577,12.496,426,23
S1-E3,1,291,1.469,17.253,425,22
S1-E3,1,292,1.466,12.076,380,29
S1-E3,1,293,1.391,14.744,452,26
S1-E3,1,294,1.416,13.074,459,23
S1-E3,1,295,1.675,13.797,460,29
S1-E3,1,296,1.411,11.936,426,30
S1-E3,1,297,1.254,14.553,362,33
S1-E3,1,298,1.321,14.418,396,26
S1-E3,1,299,1.398,16.036,354,23
S1-E3,1,300,1.123,15.250,389,32
S1-E3,1,301,1.208,17.985,388,27
S1-E3,1,302,1.215,15.146,448,25
S1-E3,1,303,1.184,14.562,336,24
S1-E3,1,304,1.200,16.802,482,30
S1-E3,1,305,1.275,14.922,372,28
S1-E3,1,306,1.250,13.070,431,26
S1-E3,1,307,1.395,13.581,352,25
S1-E3,1,308,1.325,15.827,339,29
S1-E3,1,309,1.399,15.426,329,20
S1-E3,1,310,1.109,17.283,309,31
S1-E3,1,311,1.176,13.343,441,29
S1-E3,1,312,1.158,15.424,361,23
S1-E3,1,313,1.154,14.426,438,28
S1-E3,1,314,1.371,13.090,461,28
S1-E3,1,315,1.050,22.114,373,27
S1-E3,1,316,1.285,15.704,388,20
S1-E3,1,317,1.180,18.158,420,29
S1-E3,1,318,1.076,16.159,324,23
S1-E3,1,319,1.271,13.973,418,21
S1-E3,1,320,1.057,15.688,376,31
S1-E3,1,321,1.220,18.418,327,29
S1-E3,1,322,1.226,16.351,375,25
S1-E3,1,323,1.362,14.270,361,24
S1-E3,1,324,1.138,15.454,372,20
S1-E3,1,325,1.320,14.483,358,21
S1-E3,1,326,1.351,17.003,384,31
S1-E3,1,327,1.313,14.561,282,22
S1-E3,1,328,1.481,13.875,411,19
S1-E3,1,329,1.336,16.279,343,32
S1-E3,1,330,1.456,14.925,394,33
S1-E3,1,331,1.255,16.731,340,29
S1-E3,1,332,1.348,17.303,347,27
S1-E3,1,333,1.526,15.966,354,25
S1-E3,1,334,1.470,14.872,344,23
S1-E3,1,335,1.425,18.533,354,35
S1-E3,1,336,1.568,14.604,360,27
S1-E3,1,337,1.386,17.971,260,35
S1-E3,1,338,1.187,20.211,368,22
S1-E3,1,339,1.237,19.867,283,23
S1-E3,1,340,1.174,16.641,329,23
S1-E3,1,341,1.404,17.818,361,21
S1-E3,1,342,1.411,19.673,391,19
S1-E3,1,343,1.381,17.912,438,29
S1-E3,1,344,1.272,19.079,327,29
S1-E3,1,345,1.275,19.657,398,27
S1-E3,1,346,1.375,16.985,337,16
S1-E3,1,347,1.264,13.711,408,26
S1-E3,1,348,1.205,15.742,297,15
S1-E3,1,349,1.216,19.925,289,19
S1-E3,1,350,1.109,21.554,325,27
S1-E3,1,351,1.053,19.967,396,30
S1-E3,1,352,1.379,17.557,320,31
S1-E3,1,353,1.362,18.218,394,26
S1-E3,1,354,1.226,17.791,356,23
S1-E3,1,355,1.304,17.298,326,26
S1-E3,1,356,1.226,18.367,345,20
S1-E3,1,357,1.185,22.952,337,28
S1-E3,1,358,1.598,21.741,373,33
S1-E3,1,359,1.393,21.022,355,30
S1-E3,1,360,1.494,17.462,337,25
S1-E3,1,361,1.388,20.088,314,22
S1-E3,1,362,1.712,18.722,430,27
S1-E3,1,363,1.456,24.009,338,25
S1-E3,1,364,1.401,19.734,446,30
S1-E3,1,365,1.310,18.125,314,12
S1-E3,1,366,1.444,20.789,339,20
S1-E3,1,367,1.486,23.442,365,26
S1-E3,1,368,1.214,22.703,391,19
S1-E3,1,369,1.540,20.743,376,24
S1-E3,1,370,1.457,22.089,382,25
S1-E3,1,371,1.498,24.890,381,21
S1-E3,1,372,1.503,19.230,251,28
S1-E3,1,373,1.505,21.712,368,11
S1-E3,1,374,1.494,19.250,384,22
S1-E3,1,375,1.330,20.812,281,24
S1-E3,1,376,1.719,20.867,434,25
S1-E3,1,377,1.282,20.341,371,23
S1-E3,1,378,1.565,22.617,446,26
S1-E3,1,379,1.681,22.804,309,22
S1-E3,1,380,1.714,20.946,368,27
S1-E3,1,381,1.843,20.048,369,25
S1-E3,1,382,1.475,20.146,365,23
S1-E3,1,383,7.390,30.275,369,25
S1-E3,1,384,7.636,32.132,401,31
S1-E3,1,385,6.138,43.348,405,22
S1-E3,1,386,5.204,43.320,467,30
S1-E3,1,387,4.265,48.107,428,22
S1-E3,1,388,3.170,43.216,414,25
S1-E3,1,389,3.132,49.306,417,29
S1-E3,1,390,2.679,47.688,465,27
S1-E3,1,391,1.897,45.154,455,32
S1-E3,1,392,1.818,42.081,346,29
S1-E3,1,393,1.809,36.492,395,23
S1-E3,1,394,1.495,37.400,551,31
S1-E3,1,395,1.349,35.864,355,24
S1-E3,1,396,1.245,29.228,446,25
S1-E3,1,397,1.454,31.312,391,21
S1-E3,1,398,1.397,33.548,460,21
S1-E3,1,399,1.326,26.479,383,31
S1-E3,2,0,1.363,26.424,327,27
S1-E3,2,1,1.110,30.321,292,38
S1-E3,2,2,0.997,32.690,360,35
S1-E3,2,3,1.223,28.125,315,23
S1-E3,2,4,0.947,23.176,277,29
S1-E3,2,5,1.140,22.367,321,23
S1-E3,2,6,1.081,26.797,296,31
S1-E3,2,7,1.123,24.993,344,31
S1-E3,2,8,1.119,31.023,296,36
S1-E3,2,9,0.987,26.702,279,30
S1-E3,2,10,1.270,25.941,284,32
S1-E3,2,11,1.128,25.293,309,38
S1-E3,2,12,1.033,24.595,252,36
S1-E3,2,13,1.093,27.339,262,40
S1-E3,2,14,1.106,32.282,338,27
S1-E3,2,15,1.137,23.197,374,29
S1-E3,2,16,1.195,28.006,317,35
S1-E3,2,17,1.046,28.271,359,40
S1-E3,2,18,1.343,28.895,383,31
S1-E3,2,19,1.371,25.359,333,21
S1-E3,2,20,1.174,34.212,325,23
S1-E3,2,21,1.182,26.045,399,29
S1-E3,2,22,1.223,22.495,416,27
S1-E3,2,23,1.483,21.884,428,36
S1-E3,2,24,1.778,24.144,319,41
S1-E3,2,25,1.285,28.213,394,24
S1-E3,2,26,1.415,26.849,399,34
S1-E3,2,27,1.468,24.096,291,34
S1-E3,2,28,1.610,27.340,349,26
S1-E3,2,29,1.488,28.268,359,29
S1-E3,2,30,1.418,29.329,316,25
S1-E3,2,31,1.555,33.884,447,44
S1-E3,2,32,1.269,29.991,335,26
S1-E3,2,33,1.121,26.869,400,27
S1-E3,2,34,1.222,30.085,285,26
S1-E3,2,35,1.477,26.580,374,30
S1-E3,2,36,1.409,27.437,375,37
S1-E3,2,37,1.507,28.368,365,38
S1-E3,2,38,1.461,23.716,405,30
S1-E3,2,39,1.564,24.297,362,33
S1-E3,2,40,1.630,25.415,399,35
S1-E3,2,41,1.541,27.543,387,35
S1-E3,2,42,1.321,29.574,324,32
S1-E3,2,43,1.324,24.585,382,42
S1-E3,2,44,1.498,27.058,365,25
S1-E3,2,45,1.576,29.786,373,31
S1-E3,2,46,1.709,32.057,338,29
S1-E3,2,47,1.780,30.929,459,37
S1-E3,2,48,1.671,26.775,343,30
S1-E3,2,49,1.674,26.568,450,30
S1-E3,2,50,1.425,32.886,354,30
S1-E3,2,51,1.540,28.041,366,30
S1-E3,2,52,1.815,27.821,369,29
S1-E3,2,53,1.480,31.300,357,39
S1-E3,2,54,1.883,32.615,361,38
S1-E3,2,55,1.850,28.396,505,30
S1-E3,2,56,1.524,30.571,347,33
S1-E3,2,57,1.528,25.375,530,26
S1-E3,2,58,1.497,24.389,431,19
S1-E3,2,59,1.733,30.465,353,33
S1-E3,2,60,1.845,22.252,398,27
S1-E3,2,61,1.798,29.125,359,35
S1-E3,2,62,1.943,22.490,419,31
S1-E3,2,63,1.923,24.788,405,32
S1-E3,2,64,2.124,28.521,456,28
S1-E3,2,65,1.753,29.823,598,28
S1-E3,2,66,1.699,31.309,359,27
S1-E3,2,67,1.579,32.820,439,33
S1-E3,2,68,1.558,25.111,488,26
S1-E3,2,69,1.536,34.288,489,35
S1-E3,2,70,1.572,30.979,398,35
S1-E3,2,71,1.742,38.859,414,28
S1-E3,2,72,1.952,27.729,435,29
S1-E3,2,73,1.747,31.231,356,29
S1-E3,2,74,1.848,28.692,425,30
S1-E3,2,75,1.916,28.020,429,25
S1-E3,2,76,44.159,32.268,488,26
S1-E3,2,77,38.798,46.646,417,34
S1-E3,2,78,32.845,52.035,538,36
S1-E3,2,79,31.637,56.299,470,36
S1-E3,2,80,30.999,64.391,464,33
S1-E3,2,81,22.760,66.690,383,28
S1-E3,2,82,21.183,69.611,335,30
S1-E3,2,83,18.644,73.641,247,30
S1-E3,2,84,18.020,68.515,140,20
S1-E3,2,85,14.032,91.044,143,16
S1-E3,2,86,12.128,98.366,105,27
S1-E3,2,87,12.737,75.110,55,21
S1-E3,2,88,10.635,101.367,54,23
S1-E3,2,89,9.348,97.568,50,24
S1-E3,2,90,8.377,94.748,34,13
S1-E3,2,91,7.227,95.054,25,12
S1-E3,2,92,6.616,76.252,18,15
S1-E3,2,93,6.013,97.872,18,9
S1-E3,2,94,5.843,78.973,14,12
S1-E3,2,95,5.587,99.528,11,15
S1-E3,2,96,5.794,82.774,8,11
S1-E3,2,97,5.661,81.326,6,7
S1-E3,2,98,4.228,82.623,5,4
S1-E3,2,99,4.765,89.494,5,7
S1-E3,2,100,5.155,101.034,4,5
S1-E3,2,101,3.370,102.972,4,7
S1-E3,2,102,4.006,74.156,3,4
S1-E3,2,103,4.019,87.970,3,9
S1-E3,2,104,3.312,84.160,2,6
S1-E3,2,105,3.608,85.935,2,7
S1-E3,2,106,3.277,87.920,2,3
S1-E3,2,107,2.759,69.689,2,2
S1-E3,2,108,3.147,98.084,2,5
S1-E3,2,109,3.410,94.066,2,0
S1-E3,2,110,3.296,80.275,2,2
S1-E3,2,111,3.188,82.355,1,2
S1-E3,2,112,2.884,82.396,1,0
S1-E3,2,113,3.068,85.309,1,4
S1-E3,2,114,3.171,78.828,1,6
S1-E3,2,115,3.145,80.502,1,0
S1-E3,2,116,2.881,88.160,2,3
S1-E3,2,117,2.815,83.362,1,2
S1-E3,2,118,2.967,87.986,2,3
S1-E3,2,119,2.909,83.456,1,3
S1-E3,2,120,2.591,83.854,2,2
S1-E3,2,121,2.831,71.584,1,0
S1-E3,2,122,2.918,84.331,1,4
S1-E3,2,123,3.124,92.964,2,1
S1-E3,2,124,2.534,76.627,1,1
S1-E3,2,125,2.470,84.648,1,2
S1-E3,2,126,2.792,69.189,1,0
S1-E3,2,127,2.566,84.395,1,0
S1-E3,2,128,3.101,95.369,2,0
S1-E3,2,129,3.090,78.172,2,1
S1-E3,2,130,2.626,95.531,1,0
S1-E3,2,131,3.072,79.226,1,1
S1-E3,2,132,2.776,95.052,1,1
S1-E3,2,133,2.549,95.685,1,1
S1-E3,2,134,3.008,96.958,1,1
S1-E3,2,135,3.028,83.317,1,0
S1-E3,2,136,2.711,87.026,1,0
S1-E3,2,137,2.725,96.937,1,1
S1-E3,2,138,2.400,100.041,1,0
S1-E3,2,139,2.529,87.580,1,0
S1-E3,2,140,2.561,87.350,1,0
S1-E3,2,141,2.627,81.904,1,2
S1-E3,2,142,2.357,75.386,1,1
S1-E3,2,143,2.475,87.546,1,0
S1-E3,2,144,2.318,77.614,1,1
S1-E3,2,145,2.421,76.646,1,1
S1-E3,2,146,2.923,90.917,1,0
S1-E3,2,147,2.831,103.362,1,1
S1-E3,2,148,2.296,69.413,1,2
S1-E3,2,149,2.727,71.634,1,0
S1-E3,2,150,2.370,85.957,1,0
S1-E3,2,151,2.698,78.882,1,0
S1-E3,2,152,2.567,82.095,1,0
S1-E3,2,153,2.684,79.565,1,0
S1-E3,2,154,2.598,82.703,1,0
S1-E3,2,155,2.350,74.011,1,1
S1-E3,2,156,2.346,79.495,1,0
S1-E3,2,157,2.607,92.605,1,0
S1-E3,2,158,2.321,83.207,1,0
S1-E3,2,159,2.165,115.006,1,0
S1-E3,2,160,2.434,88.497,1,0
S1-E3,2,161,2.414,86.924,1,0
S1-E3,2,162,2.449,75.608,1,1
S1-E3,2,163,2.225,65.758,1,1
S1-E3,2,164,2.114,86.162,2,1
S1-E3,2,165,2.081,72.784,1,0
S1-E3,2,166,1.916,86.682,1,2
S1-E3,2,167,2.213,76.437,1,0
S1-E3,2,168,2.168,91.056,1,0
S1-E3,2,169,2.217,85.838,1,1
S1-E3,2,170,2.300,81.442,1,0
S1-E3,2,171,2.114,76.462,1,0
S1-E3,2,172,2.204,78.096,1,0
S1-E3,2,173,2.049,83.281,1,3
S1-E3,2,174,2.058,85.183,1,0
S1-E3,2,175,2.276,85.703,1,0
S1-E3,2,176,2.462,91.288,2,1
S1-E3,2,177,1.938,66.360,1,0
S1-E3,2,178,1.864,80.847,2,1
S1-E3,2,179,1.745,82.571,1,0
S1-E3,2,180,1.836,82.199,1,0
S1-E3,2,181,1.912,85.309,1,0
S1-E3,2,182,1.925,89.832,1,1
S1-E3,2,183,1.707,74.571,1,0
S1-E3,2,184,1.920,89.430,1,0
S1-E3,2,185,1.653,88.549,1,0
S1-E3,2,186,1.903,89.948,1,0
S1-E3,2,187,1.688,80.966,1,1
S1-E3,2,188,1.715,70.374,1,0
S1-E3,2,189,2.136,70.081,1,0
S1-E3,2,190,1.722,90.318,1,1
S1-E3,2,191,1.871,92.432,1,0
S1-E3,2,192,1.454,91.603,1,0
S1-E3,2,193,1.720,71.170,1,0
S1-E3,2,194,1.512,83.577,1,0
S1-E3,2,195,1.453,64.841,1,0
S1-E3,2,196,1.391,70.254,1,1
S1-E3,2,197,1.447,82.629,1,0
S1-E3,2,198,1.787,72.006,1,0
S1-E3,2,199,1.440,82.254,1,1
S1-E3,2,200,1.174,63.321,2,0
S1-E3,2,201,1.262,76.121,1,0
S1-E3,2,202,1.324,72.593,1,0
S1-E3,2,203,1.496,79.656,1,0
S1-E3,2,204,1.287,85.730,1,1
S1-E3,2,205,1.303,78.638,1,0
S1-E3,2,206,1.431,70.277,1,1
S1-E3,2,207,1.252,76.370,1,0
S1-E3,2,208,1.396,82.938,1,0
S1-E3,2,209,1.299,75.812,2,0
S1-E3,2,210,1.236,64.813,1,0
S1-E3,2,211,1.101,86.282,1,0
S1-E3,2,212,1.176,71.572,1,0
S1-E3,2,213,1.282,87.660,1,0
S1-E3,2,214,1.322,82.196,1,1
S1-E3,2,215,1.063,65.934,1,0
S1-E3,2,216,0.940,68.605,1,0
S1-E3,2,217,1.035,63.011,1,0
S1-E3,2,218,1.088,78.544,1,0
S1-E3,2,219,1.237,82.269,2,0
S1-E3,2,220,1.207,72.141,2,0
S1-E3,2,221,1.194,65.115,1,0
S1-E3,2,222,1.140,68.905,1,0
S1-E3,2,223,0.978,66.149,1,0
S1-E3,2,224,1.026,70.340,2,0
S1-E3,2,225,1.011,75.427,1,1
S1-E3,2,226,1.130,80.806,1,0
S1-E3,2,227,0.972,64.172,1,0
S1-E3,2,228,0.933,70.897,1,1
S1-E3,2,229,1.059,81.216,1,0
S1-E3,2,230,0.909,69.491,1,0
S1-E3,2,231,0.872,63.854,1,0
S1-E3,2,232,0.931,59.920,1,0
S1-E3,2,233,0.829,60.673,1,0
S1-E3,2,234,0.868,69.881,1,0
S1-E3,2,235,0.731,66.871,1,0
S1-E3,2,236,0.741,81.572,1,0
S1-E3,2,237,0.908,68.657,1,0
S1-E3,2,238,1.050,73.573,1,1
S1-E3,2,239,0.678,72.641,1,0
S1-E3,2,240,0.848,64.222,1,0
S1-E3,2,241,0.835,75.164,1,0
S1-E3,2,242,0.880,60.137,2,0
S1-E3,2,243,0.961,60.264,3,0
S1-E3,2,244,1.012,57.134,3,0
S1-E3,2,245,0.745,55.269,3,2
S1-E3,2,246,0.677,64.832,4,0
S1-E3,2,247,0.699,70.917,4,0
S1-E3,2,248,0.785,55.722,4,1
S1-E3,2,249,0.708,60.404,4,1
S1-E3,2,250,0.743,61.157,5,0
S1-E3,2,251,0.744,72.656,4,1
S1-E3,2,252,0.547,64.002,7,0
S1-E3,2,253,0.701,54.892,6,0
S1-E3,2,254,0.769,61.782,6,0
S1-E3,2,255,0.646,67.838,7,2
S1-E3,2,256,0.720,58.329,8,0
S1-E3,2,257,0.573,65.684,8,0
S1-E3,2,258,0.686,49.592,8,1
S1-E3,2,259,0.733,45.413,8,0
S1-E3,2,260,0.633,55.864,12,1
S1-E3,2,261,0.746,57.919,9,0
S1-E3,2,262,0.645,57.444,9,0
S1-E3,2,263,0.641,66.717,12,2
S1-E3,2,264,0.538,44.690,13,0
S1-E3,2,265,0.591,62.550,14,0
S1-E3,2,266,0.561,56.672,13,1
S1-E3,2,267,0.497,53.227,13,2
S1-E3,2,268,0.502,50.061,14,0
S1-E3,2,269,0.721,54.113,20,0
S1-E3,2,270,0.541,45.874,20,2
S1-E3,2,271,0.581,46.401,17,3
S1-E3,2,272,0.518,58.580,20,0
S1-E3,2,273,0.483,53.175,22,0
S1-E3,2,274,0.468,47.740,23,0
S1-E3,2,275,0.539,49.431,23,0
S1-E3,2,276,0.591,49.061,25,0
S1-E3,2,277,0.560,56.716,33,0
S1-E3,2,278,0.575,55.850,30,1
S1-E3,2,279,0.556,43.708,31,0
S1-E3,2,280,0.586,54.807,36,0
S1-E3,2,281,0.551,42.166,29,1
S1-E3,2,282,0.600,48.315,37,2
S1-E3,2,283,0.479,48.015,35,1
S1-E3,2,284,0.576,48.753,33,0
S1-E3,2,285,0.621,37.492,44,4
S1-E3,2,286,0.573,45.731,38,1
S1-E3,2,287,0.580,39.685,35,1
S1-E3,2,288,0.601,40.085,54,0
S1-E3,2,289,0.537,51.596,52,3
S1-E3,2,290,0.509,49.902,52,0
S1-E3,2,291,0.663,46.496,55,1
S1-E3,2,292,0.542,47.600,52,0
S1-E3,2,293,0.594,36.730,61,0
S1-E3,2,294,0.622,39.550,60,0
S1-E3,2,295,0.696,45.765,63,2
S1-E3,2,296,0.558,37.560,60,2
S1-E3,2,297,0.640,35.205,51,3
S1-E3,2,298,0.565,38.978,62,2
S1-E3,2,299,0.578,50.556,60,3
S1-E3,2,300,0.555,40.853,86,1
S1-E3,2,301,0.635,34.481,85,1
S1-E3,2,302,0.719,37.853,91,0
S1-E3,2,303,0.563,38.603,72,3
S1-E3,2,304,0.668,38.761,116,3
S1-E3,2,305,0.742,37.692,85,1
S1-E3,2,306,0.698,33.352,70,0
S1-E3,2,307,0.539,38.048,106,1
S1-E3,2,308,0.598,38.174,89,0
S1-E3,2,309,0.630,36.134,87,1
S1-E3,2,310,0.669,37.632,117,2
S1-E3,2,311,0.695,31.196,129,2
S1-E3,2,312,0.705,28.709,99,2
S1-E3,2,313,0.591,35.713,118,1
S1-E3,2,314,0.678,29.399,135,3
S1-E3,2,315,0.691,30.020,129,1
S1-E3,2,316,0.644,29.561,169,2
S1-E3,2,317,0.781,34.757,198,2
S1-E3,2,318,0.719,39.400,126,2
S1-E3,2,319,0.697,33.225,149,2
S1-E3,2,320,0.706,31.381,141,1
S1-E3,2,321,0.805,31.739,148,1
S1-E3,2,322,0.793,28.359,168,5
S1-E3,2,323,0.766,23.001,164,3
S1-E3,2,324,0.751,28.488,166,3
S1-E3,2,325,0.840,30.499,171,0
S1-E3,2,326,0.889,28.469,170,3
S1-E3,2,327,0.750,25.727,198,6
S1-E3,2,328,0.734,24.369,231,2
S1-E3,2,329,0.776,25.001,200,1
S1-E3,2,330,0.753,27.582,258,1
S1-E3,2,331,0.882,29.470,214,3
S1-E3,2,332,0.715,28.200,271,4
S1-E3,2,333,0.657,30.610,210,3
S1-E3,2,334,0.783,25.222,199,3
S1-E3,2,335,0.844,28.105,223,2
S1-E3,2,336,0.882,26.882,241,0
S1-E3,2,337,0.955,24.684,264,2
S1-E3,2,338,0.985,19.940,300,2
S1-E3,2,339,0.900,23.295,282,3
S1-E3,2,340,1.081,21.622,313,6
S1-E3,2,341,0.884,21.213,268,2
S1-E3,2,342,1.009,20.510,359,4
S1-E3,2,343,1.252,24.590,283,2
S1-E3,2,344,1.051,19.229,313,1
S1-E3,2,345,1.017,21.001,305,1
S1-E3,2,346,1.084,19.942,299,2
S1-E3,2,347,0.993,20.293,360,2
S1-E3,2,348,1.123,18.262,395,1
S1-E3,2,349,1.203,22.291,302,5
S1-E3,2,350,1.069,21.780,378,5
S1-E3,2,351,1.073,16.920,398,0
S1-E3,2,352,0.983,19.967,307,2
S1-E3,2,353,1.020,19.394,369,3
S1-E3,2,354,1.145,20.755,376,4
S1-E3,2,355,1.189,21.686,436,3
S1-E3,2,356,1.272,15.455,416,4
S1-E3,2,357,1.342,15.256,476,4
S1-E3,2,358,1.465,14.891,487,1
S1-E3,2,359,1.489,16.074,374,2
S1-E3,2,360,1.466,16.344,440,4
S1-E3,2,361,1.720,18.919,405,4
S1-E3,2,362,1.451,17.849,380,4
S1-E3,2,363,1.514,16.226,386,1
S1-E3,2,364,1.688,16.994,434,3
S1-E3,2,365,1.463,13.175,485,3
S1-E3,2,366,2.062,15.894,464,2
S1-E3,2,367,1.598,18.554,430,3
S1-E3,2,368,1.501,15.681,527,4
S1-E3,2,369,1.560,16.295,507,3
S1-E3,2,370,1.905,17.237,458,1
S1-E3,2,371,1.906,16.304,553,2
S1-E3,2,372,1.830,13.285,487,1
S1-E3,2,373,2.185,13.611,565,3
S1-E3,2,374,1.982,12.739,393,2
S1-E3,2,375,1.969,12.130,564,3
S1-E3,2,376,1.953,13.188,495,2
S1-E3,2,377,2.056,13.470,534,3
S1-E3,2,378,2.519,12.949,585,4
S1-E3,2,379,2.333,14.360,645,2
S1-E3,2,380,2.316,13.238,486,4
S1-E3,2,381,2.154,16.813,687,5
S1-E3,2,382,1.956,16.184,538,5
S1-E3,2,383,2.223,16.397,658,0
S1-E3,2,384,2.095,16.159,573,3
S1-E3,2,385,2.163,14.044,724,4
S1-E3,2,386,2.230,16.555,568,3
S1-E3,2,387,2.043,14.020,668,2
S1-E3,2,388,2.518,14.876,586,4
S1-E3,2,389,2.236,15.281,662,4
S1-E3,2,390,2.506,12.373,565,5
S1-E3,2,391,2.163,11.327,755,8
S1-E3,2,392,2.216,13.310,542,4
S1-E3,2,393,2.394,13.610,626,3
S1-E3,2,394,2.519,14.762,609,4
S1-E3,2,395,2.553,13.438,620,4
S1-E3,2,396,3.075,13.500,667,8
S1-E3,2,397,2.587,16.249,789,1
S1-E3,2,398,2.680,13.099,587,2
S1-E3,2,399,2.684,17.846,712,4
S1-E3,3,0,1.184,25.513,285,34
S1-E3,3,1,1.174,21.574,318,19
S1-E3,3,2,1.509,20.789,329,22
S1-E3,3,3,1.273,26.083,319,42
S1-E3,3,4,1.263,26.302,389,40
S1-E3,3,5,1.098,19.508,291,20
S1-E3,3,6,1.348,19.865,343,20
S1-E3,3,7,1.361,20.236,328,48
S1-E3,3,8,1.339,22.286,330,29
S1-E3,3,9,1.249,24.208,335,40
S1-E3,3,10,1.401,24.318,314,27
S1-E3,3,11,1.539,23.117,350,35
S1-E3,3,12,1.434,23.807,292,30
S1-E3,3,13,1.382,22.362,248,36
S1-E3,3,14,1.374,24.243,331,29
S1-E3,3,15,1.367,26.746,332,25
S1-E3,3,16,1.504,24.824,322,29
S1-E3,3,17,1.360,24.489,379,31
S1-E3,3,18,1.545,23.871,361,41
S1-E3,3,19,1.305,27.357,351,35
S1-E3,3,20,1.388,30.164,306,32
S1-E3,3,21,1.392,21.240,373,35
S1-E3,3,22,1.631,23.507,409,29
S1-E3,3,23,1.358,26.441,433,25
S1-E3,3,24,1.423,26.499,300,27
S1-E3,3,25,1.470,26.355,351,26
S1-E3,3,26,1.432,23.085,261,28
S1-E3,3,27,1.370,28.772,384,36
S1-E3,3,28,1.275,24.849,322,35
S1-E3,3,29,1.274,27.294,426,23
S1-E3,3,30,1.502,24.256,335,24
S1-E3,3,31,1.644,22.009,371,31
S1-E3,3,32,1.603,25.222,309,19
S1-E3,3,33,1.640,23.365,349,30
S1-E3,3,34,1.707,27.091,383,42
S1-E3,3,35,1.822,23.654,400,24
S1-E3,3,36,1.713,25.890,403,45
S1-E3,3,37,1.613,24.636,354,34
S1-E3,3,38,1.631,28.131,344,29
S1-E3,3,39,1.789,25.870,421,37
S1-E3,3,40,1.569,24.296,370,37
S1-E3,3,41,1.773,25.583,425,26
S1-E3,3,42,1.538,28.399,389,29
S1-E3,3,43,1.575,23.239,380,25
S1-E3,3,44,1.801,26.465,362,35
S1-E3,3,45,1.659,28.560,465,30
S1-E3,3,46,1.885,24.574,297,35
S1-E3,3,47,2.013,23.566,390,35
S1-E3,3,48,1.768,23.680,350,23
S1-E3,3,49,1.947,23.855,372,26
S1-E3,3,50,1.830,28.207,410,35
S1-E3,3,51,1.830,25.846,406,29
S1-E3,3,52,1.657,30.923,376,27
S1-E3,3,53,1.654,26.296,387,30
S1-E3,3,54,1.778,30.180,462,21
S1-E3,3,55,1.688,24.348,367,33
S1-E3,3,56,1.566,30.654,432,32
S1-E3,3,57,1.636,29.597,423,43
S1-E3,3,58,1.820,28.324,363,33
S1-E3,3,59,2.116,30.764,415,28
S1-E3,3,60,1.460,28.132,483,28
S1-E3,3,61,1.673,34.999,425,34
S1-E3,3,62,1.547,40.559,420,20
S1-E3,3,63,1.526,34.545,408,28
S1-E3,3,64,1.507,32.107,477,25
S1-E3,3,65,1.609,32.628,416,46
S1-E3,3,66,1.595,25.252,422,34
S1-E3,3,67,1.743,24.202,442,29
S1-E3,3,68,1.674,31.577,490,31
S1-E3,3,69,1.848,25.577,457,32
S1-E3,3,70,1.760,31.265,507,30
S1-E3,3,71,1.927,26.625,434,33
S1-E3,3,72,1.913,25.490,455,32
S1-E3,3,73,1.660,29.061,445,27
S1-E3,3,74,2.224,26.816,420,41
S1-E3,3,75,2.288,25.251,567,34
S1-E3,3,76,2.328,21.984,457,29
S1-E3,3,77,2.258,22.643,466,38
S1-E3,3,78,1.899,25.508,593,29
S1-E3,3,79,2.137,30.207,470,28
S1-E3,3,80,1.949,30.219,492,38
S1-E3,3,81,2.213,27.188,574,32
S1-E3,3,82,2.303,31.914,407,24
S1-E3,3,83,2.105,27.547,429,24
S1-E3,3,84,2.043,26.027,518,34
S1-E3,3,85,2.107,30.643,470,32
S1-E3,3,86,2.495,29.659,424,30
S1-E3,3,87,1.931,27.957,507,39
S1-E3,3,88,2.154,27.690,562,35
S1-E3,3,89,2.064,32.559,493,24
S1-E3,3,90,2.310,30.717,573,20
S1-E3,3,91,2.101,26.551,495,37
S1-E3,3,92,2.179,25.589,588,33
S1-E3,3,93,2.376,27.316,528,32
S1-E3,3,94,2.351,28.179,512,40
S1-E3,3,95,2.114,29.923,550,44
S1-E3,3,96,2.354,35.149,466,21
S1-E3,3,97,2.018,30.568,457,37
S1-E3,3,98,2.086,35.374,437,30
S1-E3,3,99,1.769,28.748,422,36
S1-E3,3,100,2.127,28.737,556,33
S1-E3,3,101,2.136,27.699,479,34
S1-E3,3,102,2.148,29.169,520,41
S1-E3,3,103,2.110,29.262,545,38
S1-E3,3,104,2.301,25.172,518,33
S1-E3,3,105,2.352,31.111,520,25
S1-E3,3,106,2.446,26.261,533,29
S1-E3,3,107,2.445,26.321,570,30
S1-E3,3,108,1.942,31.657,432,35
S1-E3,3,109,2.359,25.439,446,37
S1-E3,3,110,2.362,29.947,600,29
S1-E3,3,111,2.324,29.412,546,29
S1-E3,3,112,2.308,28.954,620,29
S1-E3,3,113,2.128,23.155,456,37
S1-E3,3,114,2.546,21.538,574,37
S1-E3,3,115,2.931,27.089,527,35
S1-E3,3,116,2.475,26.737,449,47
S1-E3,3,117,3.282,24.682,637,33
S1-E3,3,118,2.690,25.910,624,28
S1-E3,3,119,3.016,26.420,479,30
S1-E3,3,120,2.636,23.828,520,39
S1-E3,3,121,2.762,27.412,576,39
S1-E3,3,122,2.798,22.670,457,28
S1-E3,3,123,2.672,28.962,625,43
S1-E3,3,124,2.425,29.108,532,38
S1-E3,3,125,2.760,22.791,692,25
S1-E3,3,126,2.844,29.408,457,30
S1-E3,3,127,2.599,31.931,472,27
S1-E3,3,128,2.330,32.528,509,33
S1-E3,3,129,2.762,29.497,480,24
S1-E3,3,130,2.743,23.320,551,38
S1-E3,3,131,2.671,25.060,518,36
S1-E3,3,132,2.562,29.957,456,28
S1-E3,3,133,2.290,28.075,584,40
S1-E3,3,134,2.665,25.429,630,42
S1-E3,3,135,2.443,27.039,582,25
S1-E3,3,136,2.408,28.649,648,31
S1-E3,3,137,2.460,26.186,530,24
S1-E3,3,138,2.258,29.065,545,33
S1-E3,3,139,2.528,23.479,589,29
S1-E3,3,140,2.306,27.477,582,40
S1-E3,3,141,1.823,30.651,511,37
S1-E3,3,142,2.205,32.302,594,29
S1-E3,3,143,1.817,36.062,494,27
S1-E3,3,144,2.334,25.964,652,29
S1-E3,3,145,2.048,25.604,527,35
S1-E3,3,146,2.246,31.169,505,37
S1-E3,3,147,2.432,32.770,537,41
S1-E3,3,148,2.192,27.791,652,34
S1-E3,3,149,2.366,26.828,519,34
S1-E3,3,150,2.328,29.504,526,20
S1-E3,3,151,2.578,18.660,477,15
S1-E3,3,152,2.613,25.622,541,17
S1-E3,3,153,2.640,22.159,601,18
S1-E3,3,154,2.475,20.146,658,17
S1-E3,3,155,2.647,24.868,522,23
S1-E3,3,156,2.674,24.736,602,21
S1-E3,3,157,2.577,21.208,591,20
S1-E3,3,158,2.564,19.088,545,12
S1-E3,3,159,2.510,20.911,604,17
S1-E3,3,160,2.993,23.210,639,16
S1-E3,3,161,3.075,22.171,637,20
S1-E3,3,162,3.112,22.293,552,24
S1-E3,3,163,2.349,20.942,651,22
S1-E3,3,164,2.636,22.060,597,22
S1-E3,3,165,3.281,26.084,640,21
S1-E3,3,166,2.856,21.889,704,20
S1-E3,3,167,2.699,23.216,698,18
S1-E3,3,168,2.526,22.030,594,25
S1-E3,3,169,2.445,15.873,528,27
S1-E3,3,170,2.824,18.590,745,13
S1-E3,3,171,2.365,21.288,615,15
S1-E3,3,172,2.677,19.525,636,17
S1-E3,3,173,2.561,20.884,588,22
S1-E3,3,174,2.790,18.081,673,17
S1-E3,3,175,2.871,17.236,700,31
S1-E3,3,176,2.184,18.345,710,17
S1-E3,3,177,2.512,18.908,698,15
S1-E3,3,178,3.151,16.085,611,32
S1-E3,3,179,2.269,20.050,604,21
S1-E3,3,180,2.536,15.602,822,23
S1-E3,3,181,2.599,18.731,613,19
S1-E3,3,182,2.641,17.423,598,27
S1-E3,3,183,2.637,18.866,655,22
S1-E3,3,184,2.967,15.997,729,18
S1-E3,3,185,2.744,15.802,689,16
S1-E3,3,186,2.867,13.673,690,21
S1-E3,3,187,2.972,17.811,777,26
S1-E3,3,188,3.769,17.268,703,12
S1-E3,3,189,3.423,14.564,643,24
S1-E3,3,190,3.330,14.884,628,19
S1-E3,3,191,3.161,18.214,637,16
S1-E3,3,192,3.062,14.320,635,30
S1-E3,3,193,3.327,17.845,554,37
S1-E3,3,194,3.088,22.679,666,27
S1-E3,3,195,3.232,15.490,699,19
S1-E3,3,196,2.683,14.911,684,30
S1-E3,3,197,2.636,19.612,639,21
S1-E3,3,198,3.058,21.873,492,22
S1-E3,3,199,3.035,16.661,645,17
S1-E3,3,200,3.189,16.370,649,21
S1-E3,3,201,2.673,16.742,659,28
S1-E3,3,202,2.893,15.896,601,24
S1-E3,3,203,2.766,18.151,566,22
S1-E3,3,204,2.353,15.020,594,21
S1-E3,3,205,2.736,14.620,529,32
S1-E3,3,206,2.752,15.302,559,22
S1-E3,3,207,3.098,17.741,741,30
S1-E3,3,208,2.499,13.975,660,30
S1-E3,3,209,2.750,14.811,604,20
S1-E3,3,210,2.702,17.130,474,20
S1-E3,3,211,2.610,14.900,564,25
S1-E3,3,212,2.811,18.390,665,24
S1-E3,3,213,2.563,19.306,609,29
S1-E3,3,214,2.348,17.880,535,28
S1-E3,3,215,1.953,21.045,617,27
S1-E3,3,216,2.682,15.509,631,20
S1-E3,3,217,2.140,15.571,553,19
S1-E3,3,218,2.138,15.566,622,15
S1-E3,3,219,2.066,16.093,544,22
S1-E3,3,220,2.178,17.210,612,21
S1-E3,3,221,1.954,18.979,674,19
S1-E3,3,222,2.261,15.618,518,30
S1-E3,3,223,2.288,14.399,732,17
S1-E3,3,224,2.546,14.379,708,24
S1-E3,3,225,2.246,14.129,596,28
S1-E3,3,226,2.266,14.912,525,25
S1-E3,3,227,2.248,13.491,609,21
S1-E3,3,228,2.224,14.245,589,16
S1-E3,3,229,2.105,15.655,619,24
S1-E3,3,230,2.391,15.753,516,31
S1-E3,3,231,2.183,17.351,591,24
S1-E3,3,232,1.988,17.054,599,22
S1-E3,3,233,1.608,16.479,610,21
S1-E3,3,234,1.977,16.687,556,27
S1-E3,3,235,2.240,18.208,555,23
S1-E3,3,236,1.763,14.640,556,30
S1-E3,3,237,1.784,16.094,501,28
S1-E3,3,238,1.734,14.990,511,16
S1-E3,3,239,1.714,16.201,569,21
S1-E3,3,240,2.122,16.174,608,25
S1-E3,3,241,1.556,16.875,522,18
S1-E3,3,242,1.931,15.644,453,24
S1-E3,3,243,2.061,11.766,569,24
S1-E3,3,244,1.870,14.392,527,18
S1-E3,3,245,2.042,16.750,558,25
S1-E3,3,246,1.949,11.539,608,26
S1-E3,3,247,2.000,14.948,675,31
S1-E3,3,248,1.796,13.450,600,22
S1-E3,3,249,1.903,15.646,523,33
S1-E3,3,250,1.894,16.102,573,34
S1-E3,3,251,2.103,16.003,621,29
S1-E3,3,252,1.721,16.607,484,29
S1-E3,3,253,1.820,15.349,522,21
S1-E3,3,254,1.901,15.765,459,25
S1-E3,3,255,1.499,17.656,514,25
S1-E3,3,256,1.679,16.220,470,22
S1-E3,3,257,1.649,12.672,553,23
S1-E3,3,258,1.724,13.837,546,22
S1-E3,3,259,1.753,15.366,487,18
S1-E3,3,260,1.830,13.112,462,21
S1-E3,3,261,1.696,11.365,619,20
S1-E3,3,262,1.858,14.856,446,34
S1-E3,3,263,1.744,13.556,467,29
S1-E3,3,264,1.695,13.133,464,25
S1-E3,3,265,1.607,13.145,457,16
S1-E3,3,266,1.712,14.860,470,25
S1-E3,3,267,1.753,14.045,535,25
S1-E3,3,268,1.710,14.959,396,18
S1-E3,3,269,1.859,14.853,521,36
S1-E3,3,270,1.922,15.230,459,25
S1-E3,3,271,1.561,13.170,435,22
S1-E3,3,272,1.581,12.641,368,31
S1-E3,3,273,1.709,14.916,507,22
S1-E3,3,274,1.763,14.318,550,16
S1-E3,3,275,1.470,15.561,383,28
S1-E3,3,276,1.502,15.343,436,35
S1-E3,3,277,1.403,13.610,461,36
S1-E3,3,278,1.872,15.208,455,22
S1-E3,3,279,1.427,14.993,416,22
S1-E3,3,280,1.557,12.048,456,22
S1-E3,3,281,1.492,12.872,470,31
S1-E3,3,282,1.713,16.456,426,19
S1-E3,3,283,1.725,12.220,374,29
S1-E3,3,284,1.538,15.457,416,32
S1-E3,3,285,1.468,14.211,343,29
S1-E3,3,286,1.399,13.417,419,26
S1-E3,3,287,1.391,12.465,435,26
S1-E3,3,288,1.328,17.199,445,30
S1-E3,3,289,1.276,14.716,390,23
S1-E3,3,290,1.303,17.913,443,29
S1-E3,3,291,1.073,13.827,389,23
S1-E3,3,292,1.207,15.908,452,23
S1-E3,3,293,1.177,15.467,507,18
S1-E3,3,294,1.173,17.123,461,18
S1-E3,3,295,1.169,13.200,466,29
S1-E3,3,296,1.251,15.732,371,24
S1-E3,3,297,1.251,13.343,472,19
S1-E3,3,298,1.372,12.831,367,22
S1-E3,3,299,1.347,12.515,405,24
S1-E3,3,300,1.359,12.693,394,31
S1-E3,3,301,1.359,12.667,432,26
S1-E3,3,302,4.525,16.480,364,35
S1-E3,3,303,3.926,22.422,394,20
S1-E3,3,304,3.798,24.990,457,23
S1-E3,3,305,2.624,33.274,353,36
S1-E3,3,306,2.227,24.882,380,30
S1-E3,3,307,1.894,34.049,378,21
S1-E3,3,308,1.331,29.291,335,27
S1-E3,3,309,1.273,30.521,361,28
S1-E3,3,310,1.171,24.166,443,35
S1-E3,3,311,0.897,29.985,410,22
S1-E3,3,312,0.827,23.122,318,27
S1-E3,3,313,0.845,20.994,378,26
S1-E3,3,314,0.991,20.026,363,17
S1-E3,3,315,0.854,19.892,338,20
S1-E3,3,316,0.964,16.878,306,26
S1-E3,3,317,1.032,15.916,405,19
S1-E3,3,318,1.321,14.745,389,24
S1-E3,3,319,1.151,16.657,371,31
S1-E3,3,320,1.273,13.367,360,27
S1-E3,3,321,1.371,13.171,482,26
S1-E3,3,322,1.594,12.997,423,28
S1-E3,3,323,1.527,14.256,469,24
S1-E3,3,324,1.355,13.974,457,23
S1-E3,3,325,1.406,14.886,344,21
S1-E3,3,326,1.151,16.852,417,18
S1-E3,3,327,1.250,13.157,412,25
S1-E3,3,328,1.468,13.614,463,24
S1-E3,3,329,1.474,13.970,480,25
S1-E3,3,330,1.216,14.742,462,27
S1-E3,3,331,1.382,12.885,599,18
S1-E3,3,332,1.427,16.436,418,25
S1-E3,3,333,1.258,17.306,406,29
S1-E3,3,334,1.443,16.226,507,19
S1-E3,3,335,1.231,17.795,375,19
S1-E3,3,336,1.239,13.438,423,23
S1-E3,3,337,1.364,14.765,413,32
S1-E3,3,338,1.341,14.635,371,22
S1-E3,3,339,1.412,15.303,377,21
S1-E3,3,340,1.518,15.915,387,24
S1-E3,3,341,1.729,15.103,453,24
S1-E3,3,342,1.305,14.389,365,21
S1-E3,3,343,1.423,16.542,325,14
S1-E3,3,344,1.500,16.975,391,26
S1-E3,3,345,1.469,17.366,430,17
S1-E3,3,346,1.241,15.043,425,23
S1-E3,3,347,1.341,17.206,356,27
S1-E3,3,348,1.330,14.925,374,26
S1-E3,3,349,1.424,18.052,424,28
S1-E3,3,350,1.297,20.864,359,29
S1-E3,3,351,1.290,18.670,341,18
S1-E3,3,352,1.245,18.135,441,29
S1-E3,3,353,1.482,22.114,390,27
S1-E3,3,354,1.413,18.973,421,26
S1-E3,3,355,1.360,18.131,314,30
S1-E3,3,356,1.467,18.411,414,28
S1-E3,3,357,1.395,19.112,503,30
S1-E3,3,358,1.470,17.558,377,24
S1-E3,3,359,1.496,18.094,429,34
S1-E3,3,360,1.412,18.366,463,23
S1-E3,3,361,1.378,20.123,408,23
S1-E3,3,362,1.336,19.741,379,21
S1-E3,3,363,1.635,15.983,314,28
S1-E3,3,364,1.510,24.036,383,24
S1-E3,3,365,1.422,18.361,434,26
S1-E3,3,366,1.411,23.101,329,18
S1-E3,3,367,1.469,19.010,380,29
S1-E3,3,368,1.431,19.096,402,35
S1-E3,3,369,1.511,17.075,474,25
S1-E3,3,370,1.509,18.092,364,26
S1-E3,3,371,1.543,21.023,390,23
S1-E3,3,372,1.505,19.606,440,26
S1-E3,3,373,1.774,19.955,388,23
S1-E3,3,374,1.507,18.065,390,29
S1-E3,3,375,1.601,20.814,346,31
S1-E3,3,376,1.752,20.832,444,25
S1-E3,3,377,1.832,22.492,338,25
S1-E3,3,378,1.720,19.371,413,25
S1-E3,3,379,1.856,21.862,388,27
S1-E3,3,380,1.744,18.279,358,23
S1-E3,3,381,1.806,20.602,414,26
S1-E3,3,382,1.815,20.546,404,31
S1-E3,3,383,1.574,21.194,454,27
S1-E3,3,384,1.594,20.606,376,32
S1-E3,3,385,1.641,24.222,375,28
S1-E3,3,386,1.593,26.808,356,20
S1-E3,3,387,1.483,20.955,355,17
S1-E3,3,388,1.624,22.153,407,22
S1-E3,3,389,1.538,27.115,338,28
S1-E3,3,390,1.666,27.221,415,29
S1-E3,3,391,1.504,25.317,345,17
S1-E3,3,392,1.408,23.775,368,23
S1-E3,3,393,1.572,23.085,430,23
S1-E3,3,394,1.624,22.555,404,16
S1-E3,3,395,1.437,21.305,408,29
S1-E3,3,396,1.638,26.141,362,15
S1-E3,3,397,1.773,31.986,435,18
S1-E3,3,398,1.477,26.681,379,29
S1-E3,3,399,1.660,25.351,469,29
S1-E4,0,0,1.388,23.145,274,44
S1-E4,0,1,1.101,19.752,341,24
S1-E4,0,2,1.273,25.473,374,26
S1-E4,0,3,1.341,23.936,318,28
S1-E4,0,4,1.379,18.792,322,38
S1-E4,0,5,1.404,17.941,283,26
S1-E4,0,6,1.286,24.346,285,27
S1-E4,0,7,1.382,21.875,337,33
S1-E4,0,8,1.243,26.557,350,27
S1-E4,0,9,1.359,23.283,383,36
S1-E4,0,10,1.291,26.205,410,36
S1-E4,0,11,1.500,24.307,330,42
S1-E4,0,12,1.431,23.062,383,23
S1-E4,0,13,1.429,24.667,322,28
S1-E4,0,14,1.427,20.878,297,39
S1-E4,0,15,1.385,24.900,350,33
S1-E4,0,16,1.482,25.130,305,36
S1-E4,0,17,1.483,26.262,341,31
S1-E4,0,18,1.554,23.049,331,29
S1-E4,0,19,1.565,30.619,344,24
S1-E4,0,20,1.149,21.756,374,19
S1-E4,0,21,1.368,24.336,387,30
S1-E4,0,22,1.357,28.932,370,32
S1-E4,0,23,1.405,29.064,345,31
S1-E4,0,24,1.315,27.653,434,30
S1-E4,0,25,1.630,23.078,302,29
S1-E4,0,26,1.495,25.837,407,34
S1-E4,0,27,1.517,23.307,350,19
S1-E4,0,28,1.553,24.423,419,22
S1-E4,0,29,1.481,27.668,426,30
S1-E4,0,30,1.489,26.449,338,32
S1-E4,0,31,1.552,26.931,382,34
S1-E4,0,32,1.616,22.512,433,33
S1-E4,0,33,1.885,25.815,440,36
S1-E4,0,34,1.660,28.277,292,34
S1-E4,0,35,1.524,27.975,459,48
S1-E4,0,36,1.569,25.566,370,25
S1-E4,0,37,1.588,28.803,438,31
S1-E4,0,38,1.540,24.673,417,27
S1-E4,0,39,1.952,24.661,407,23
S1-E4,0,40,1.471,29.292,339,39
S1-E4,0,41,1.467,32.008,382,32
S1-E4,0,42,1.553,36.409,468,32
S1-E4,0,43,1.480,30.647,398,41
S1-E4,0,44,1.725,33.217,364,39
S1-E4,0,45,1.882,30.959,327,28
S1-E4,0,46,1.809,23.304,328,37
S1-E4,0,47,1.735,22.881,335,32
S1-E4,0,48,1.843,33.191,489,29
S1-E4,0,49,1.899,26.938,322,23
S1-E4,0,50,2.032,23.263,385,33
S1-E4,0,51,2.120,29.826,374,23
S1-E4,0,52,1.886,24.781,589,34
S1-E4,0,53,1.978,26.088,499,39
S1-E4,0,54,1.944,22.728,421,29
S1-E4,0,55,1.954,30.245,514,21
S1-E4,0,56,1.975,28.134,399,33
S1-E4,0,57,1.584,29.735,424,34
S1-E4,0,58,1.462,32.857,407,32
S1-E4,0,59,1.703,36.313,459,33
S1-E4,0,60,1.633,28.392,387,29
S1-E4,0,61,2.037,30.005,430,35
S1-E4,0,62,1.729,24.359,458,26
S1-E4,0,63,1.918,29.455,377,30
S1-E4,0,64,1.743,28.270,468,27
S1-E4,0,65,1.944,24.754,556,26
S1-E4,0,66,1.726,27.965,468,35
S1-E4,0,67,2.146,24.275,464,27
S1-E4,0,68,2.288,30.034,517,35
S1-E4,0,69,4.429,32.253,367,27
S1-E4,0,70,4.509,35.693,406,27
S1-E4,0,71,3.142,41.935,407,25
S1-E4,0,72,3.313,36.990,498,31
S1-E4,0,73,2.403,41.107,570,32
S1-E4,0,74,2.122,48.007,513,31
S1-E4,0,75,2.309,41.289,559,31
S1-E4,0,76,2.166,40.004,353,28
S1-E4,0,77,1.921,37.099,568,26
S1-E4,0,78,1.765,33.122,498,26
S1-E4,0,79,1.643,36.243,536,24
S1-E4,0,80,1.706,31.701,538,34
S1-E4,0,81,1.820,33.583,391,21
S1-E4,0,82,1.844,32.726,400,32
S1-E4,0,83,2.090,31.626,377,32
S1-E4,0,84,2.014,35.047,536,28
S1-E4,0,85,2.212,27.977,549,23
S1-E4,0,86,2.226,30.583,408,32
S1-E4,0,87,2.182,24.822,525,30
S1-E4,0,88,2.529,29.485,490,35
S1-E4,0,89,2.378,22.039,493,34
S1-E4,0,90,2.299,27.818,652,30
S1-E4,0,91,2.040,24.273,504,22
S1-E4,0,92,2.475,22.717,596,24
S1-E4,0,93,1.905,21.451,544,32
S1-E4,0,94,2.329,28.971,593,25
S1-E4,0,95,1.968,27.142,739,27
S1-E4,0,96,2.439,26.112,613,31
S1-E4,0,97,2.119,25.513,481,26
S1-E4,0,98,2.547,25.142,509,41
S1-E4,0,99,2.722,22.901,647,35
S1-E4,0,100,2.300,28.977,550,29
S1-E4,0,101,2.275,25.002,538,35
S1-E4,0,102,2.501,22.937,617,27
S1-E4,0,103,2.535,23.392,617,28
S1-E4,0,104,3.117,19.413,596,36
S1-E4,0,105,2.854,24.659,598,30
S1-E4,0,106,2.530,23.242,677,30
S1-E4,0,107,2.734,24.197,560,28
S1-E4,0,108,3.104,23.192,579,32
S1-E4,0,109,2.737,20.149,611,33
S1-E4,0,110,2.899,21.644,548,24
S1-E4,0,111,3.061,24.339,497,40
S1-E4,0,112,2.582,21.505,442,22
S1-E4,0,113,2.751,24.257,710,26
S1-E4,0,114,2.911,25.798,750,22
S1-E4,0,115,2.659,27.721,500,33
S1-E4,0,116,2.720,24.436,551,39
S1-E4,0,117,3.245,25.584,672,26
S1-E4,0,118,2.426,22.463,642,35
S1-E4,0,119,2.546,35.393,678,32
S1-E4,0,120,2.464,27.028,506,37
S1-E4,0,121,2.575,26.991,547,33
S1-E4,0,122,2.720,26.944,666,25
S1-E4,0,123,2.519,26.657,575,30
S1-E4,0,124,2.531,29.705,651,28
S1-E4,0,125,2.666,27.546,520,27
S1-E4,0,126,2.281,33.123,559,21
S1-E4,0,127,2.268,24.902,508,34
S1-E4,0,128,2.908,23.147,699,30
S1-E4,0,129,2.323,30.967,517,30
S1-E4,0,130,2.520,26.200,661,37
S1-E4,0,131,2.417,26.812,502,32
S1-E4,0,132,8.488,28.775,500,31
S1-E4,0,133,6.523,33.999,511,30
S1-E4,0,134,5.915,35.265,454,37
S1-E4,0,135,5.121,34.965,579,21
S1-E4,0,136,4.672,38.228,669,32
S1-E4,0,137,4.534,38.865,594,46
S1-E4,0,138,3.846,39.406,551,27
S1-E4,0,139,3.469,36.219,497,31
S1-E4,0,140,3.022,29.500,560,34
S1-E4,0,141,2.852,35.928,606,36
S1-E4,0,142,2.159,34.855,505,34
S1-E4,0,143,2.238,34.234,652,31
S1-E4,0,144,2.216,36.331,521,36
S1-E4,0,145,1.990,37.464,536,34
S1-E4,0,146,2.001,30.004,609,34
S1-E4,0,147,1.971,31.233,532,30
S1-E4,0,148,1.482,28.249,524,26
S1-E4,0,149,1.691,30.407,595,35
S1-E4,0,150,1.834,28.734,564,30
S1-E4,0,151,2.303,22.486,546,25
S1-E4,0,152,2.368,23.706,607,28
S1-E4,0,153,2.850,23.401,572,40
S1-E4,0,154,2.606,18.878,605,30
S1-E4,0,155,2.521,22.367,584,28
S1-E4,0,156,2.691,19.756,635,27
S1-E4,0,157,2.922,20.676,535,28
S1-E4,0,158,2.980,22.186,717,30
S1-E4,0,159,2.544,16.903,690,43
S1-E4,0,160,2.800,19.438,573,32
S1-E4,0,161,3.054,20.286,778,39
S1-E4,0,162,2.651,17.757,566,29
S1-E4,0,163,3.082,24.998,612,40
S1-E4,0,164,2.944,19.510,666,44
S1-E4,0,165,2.608,21.929,703,35
S1-E4,0,166,2.456,23.620,505,32
S1-E4,0,167,2.839,21.473,591,28
S1-E4,0,168,2.471,25.708,539,24
S1-E4,0,169,2.592,24.763,572,30
S1-E4,0,170,2.555,18.563,555,43
S1-E4,0,171,2.256,25.781,616,34
S1-E4,0,172,2.630,20.270,592,26
S1-E4,0,173,2.587,23.241,754,27
S1-E4,0,174,2.347,26.134,516,32
S1-E4,0,175,2.347,23.128,632,34
S1-E4,0,176,2.249,23.343,565,43
S1-E4,0,177,1.903,26.331,574,36
S1-E4,0,178,2.355,21.467,622,30
S1-E4,0,179,2.312,24.298,542,28
S1-E4,0,180,2.420,22.545,473,33
S1-E4,0,181,2.580,21.542,583,34
S1-E4,0,182,2.684,20.323,497,31
S1-E4,0,183,2.583,19.183,490,35
S1-E4,0,184,2.850,21.332,515,36
S1-E4,0,185,2.503,23.567,598,31
S1-E4,0,186,2.292,18.762,561,40
S1-E4,0,187,2.212,23.842,605,35
S1-E4,0,188,2.282,21.659,472,27
S1-E4,0,189,2.254,24.096,495,38
S1-E4,0,190,2.246,21.404,543,32
S1-E4,0,191,2.244,23.840,642,38
S1-E4,0,192,2.321,25.784,513,32
S1-E4,0,193,1.984,21.197,537,34
S1-E4,0,194,2.197,24.691,553,41
S1-E4,0,195,1.922,27.863,555,32
S1-E4,0,196,2.190,23.006,492,36
S1-E4,0,197,2.482,21.410,537,21
S1-E4,0,198,2.420,21.052,467,40
S1-E4,0,199,2.604,18.221,462,34
S1-E4,0,200,2.502,16.528,751,37
S1-E4,0,201,2.822,13.904,933,37
S1-E4,0,202,2.475,13.850,838,41
S1-E4,0,203,2.860,10.313,714,35
S1-E4,0,204,2.650,11.583,881,37
S1-E4,0,205,2.595,10.170,850,52
S1-E4,0,206,2.952,11.805,881,39
S1-E4,0,207,3.498,10.711,742,38
S1-E4,0,208,2.981,10.551,736,38
S1-E4,0,209,3.172,11.448,775,43
S1-E4,0,210,3.248,8.890,603,40
S1-E4,0,211,3.298,10.393,779,31
S1-E4,0,212,3.280,10.705,626,32
S1-E4,0,213,3.385,11.269,850,31
S1-E4,0,214,3.034,10.950,728,40
S1-E4,0,215,6.709,17.148,681,36
S1-E4,0,216,5.684,11.986,590,38
S1-E4,0,217,4.899,13.780,703,34
S1-E4,0,218,3.962,18.650,734,35
S1-E4,0,219,4.045,18.106,640,35
S1-E4,0,220,4.403,21.721,552,32
S1-E4,0,221,3.351,23.629,575,32
S1-E4,0,222,3.277,21.893,634,41
S1-E4,0,223,3.485,27.412,457,33
S1-E4,0,224,2.822,22.116,632,28
S1-E4,0,225,2.524,23.034,487,40
S1-E4,0,226,2.154,25.581,557,39
S1-E4,0,227,2.136,22.895,483,43
S1-E4,0,228,1.975,25.325,430,42
S1-E4,0,229,1.757,20.766,496,30
S1-E4,0,230,1.930,23.725,488,32
S1-E4,0,231,1.880,17.383,518,30
S1-E4,0,232,1.663,22.730,524,36
S1-E4,0,233,1.573,20.111,526,37
S1-E4,0,234,1.534,24.246,412,42
S1-E4,0,235,1.515,19.498,568,43
S1-E4,0,236,1.691,16.400,498,55
S1-E4,0,237,1.733,19.280,359,30
S1-E4,0,238,1.591,17.939,560,30
S1-E4,0,239,1.527,19.426,447,42
S1-E4,0,240,1.515,16.774,439,30
S1-E4,0,241,1.744,17.650,522,36
S1-E4,0,242,1.808,18.892,390,34
S1-E4,0,243,1.584,17.196,506,39
S1-E4,0,244,1.624,14.535,495,27
S1-E4,0,245,1.505,19.534,417,41
S1-E4,0,246,1.550,17.096,418,25
S1-E4,0,247,1.652,18.445,495,28
S1-E4,0,248,1.393,21.114,481,45
S1-E4,0,249,1.387,23.717,440,39
S1-E4,0,250,1.444,19.381,445,43
S1-E4,0,251,1.255,19.161,348,38
S1-E4,0,252,1.308,17.810,530,29
S1-E4,0,253,1.409,18.025,508,42
S1-E4,0,254,1.577,17.812,469,47
S1-E4,0,255,1.675,16.313,308,34
S1-E4,0,256,1.711,16.828,348,42
S1-E4,0,257,4.332,17.734,402,41
S1-E4,0,258,3.988,23.567,441,44
S1-E4,0,259,3.779,21.176,476,27
S1-E4,0,260,2.826,29.619,395,31
S1-E4,0,261,2.631,30.149,395,49
S1-E4,0,262,1.896,39.303,419,36
S1-E4,0,263,1.636,30.404,336,42
S1-E4,0,264,1.222,38.106,341,39
S1-E4,0,265,1.037,31.966,488,40
S1-E4,0,266,0.921,27.924,334,47
S1-E4,0,267,0.839,24.439,401,49
S1-E4,0,268,0.838,24.274,396,47
S1-E4,0,269,1.023,20.636,334,34
S1-E4,0,270,0.826,20.480,364,41
S1-E4,0,271,0.977,17.201,421,34
S1-E4,0,272,1.144,19.759,293,34
S1-E4,0,273,1.131,20.714,318,41
S1-E4,0,274,1.250,17.524,388,30
S1-E4,0,275,0.960,18.352,370,41
S1-E4,0,276,1.009,17.093,375,36
S1-E4,0,277,1.048,17.302,367,33
S1-E4,0,278,1.168,16.748,331,36
S1-E4,0,279,1.283,16.159,432,37
S1-E4,0,280,1.430,16.494,378,35
S1-E4,0,281,1.276,15.317,420,35
S1-E4,0,282,1.280,13.539,332,43
S1-E4,0,283,1.252,15.828,502,40
S1-E4,0,284,1.108,14.478,438,31
S1-E4,0,285,1.399,11.481,406,40
S1-E4,0,286,1.162,12.862,394,27
S1-E4,0,287,1.347,16.440,460,38
S1-E4,0,288,1.474,14.604,391,36
S1-E4,0,289,1.238,20.268,396,33
S1-E4,0,290,1.137,19.476,384,33
S1-E4,0,291,1.312,18.107,353,35
S1-E4,0,292,1.223,17.790,450,30
S1-E4,0,293,1.207,15.871,432,32
S1-E4,0,294,1.252,19.222,512,32
S1-E4,0,295,1.210,15.917,385,28
S1-E4,0,296,1.237,15.369,369,21
S1-E4,0,297,1.323,14.159,313,37
S1-E4,0,298,1.508,12.887,386,34
S1-E4,0,299,1.264,16.080,322,50
S1-E4,0,300,1.419,14.759,376,37
S1-E4,0,301,1.149,20.898,306,28
S1-E4,0,302,1.254,15.821,344,35
S1-E4,0,303,1.103,16.435,363,53
S1-E4,0,304,1.239,15.746,312,44
S1-E4,0,305,1.344,15.546,332,27
S1-E4,0,306,1.414,18.672,372,29
S1-E4,0,307,1.188,17.975,295,33
S1-E4,0,308,1.287,18.250,307,32
S1-E4,0,309,1.089,16.623,358,44
S1-E4,0,310,1.100,19.528,313,36
S1-E4,0,311,1.095,15.232,308,39
S1-E4,0,312,1.058,19.729,298,36
S1-E4,0,313,1.035,18.129,329,42
S1-E4,0,314,0.994,17.643,281,25
S1-E4,0,315,0.941,18.262,255,34
S1-E4,0,316,1.263,19.640,344,37
S1-E4,0,317,1.157,20.794,247,42
S1-E4,0,318,1.137,17.758,368,42
S1-E4,0,319,1.168,19.683,250,38
S1-E4,0,320,1.232,16.879,264,44
S1-E4,0,321,1.045,21.550,341,43
S1-E4,0,322,1.053,18.131,229,40
S1-E4,0,323,1.154,20.109,408,38
S1-E4,0,324,0.974,17.119,268,44
S1-E4,0,325,1.196,17.314,272,33
S1-E4,0,326,1.139,17.458,270,29
S1-E4,0,327,1.111,16.240,256,36
S1-E4,0,328,1.256,22.209,275,31
S1-E4,0,329,1.076,19.961,293,35
S1-E4,0,330,1.179,18.148,252,35
S1-E4,0,331,1.133,22.172,317,38
S1-E4,0,332,1.402,22.677,298,30
S1-E4,0,333,1.104,17.742,323,29
S1-E4,0,334,0.979,20.890,282,28
S1-E4,0,335,1.114,20.893,305,30
S1-E4,0,336,0.980,18.305,231,40
S1-E4,0,337,0.937,18.737,291,32
S1-E4,0,338,1.146,19.900,250,38
S1-E4,0,339,1.241,20.201,338,36
S1-E4,0,340,1.045,23.336,352,37
S1-E4,0,341,1.131,22.854,336,43
S1-E4,0,342,1.192,24.327,300,37
S1-E4,0,343,0.970,19.000,254,30
S1-E4,0,344,0.953,20.857,290,39
S1-E4,0,345,1.061,26.405,257,20
S1-E4,0,346,1.091,22.602,331,37
S1-E4,0,347,1.334,25.615,218,26
S1-E4,0,348,1.184,26.088,268,41
S1-E4,0,349,1.156,22.579,276,38
S1-E4,0,350,1.061,19.190,333,35
S1-E4,0,351,1.104,24.984,294,31
S1-E4,0,352,0.991,19.038,362,32
S1-E4,0,353,0.917,24.738,278,37
S1-E4,0,354,0.929,26.071,316,33
S1-E4,0,355,1.049,20.130,290,23
S1-E4,0,356,1.109,20.354,289,40
S1-E4,0,357,1.187,21.153,260,34
S1-E4,0,358,1.100,23.294,264,34
S1-E4,0,359,1.082,25.505,232,28
S1-E4,0,360,1.069,20.841,328,26
S1-E4,0,361,1.215,26.860,255,29
S1-E4,0,362,1.225,21.697,238,31
S1-E4,0,363,1.042,28.003,336,24
S1-E4,0,364,1.346,20.781,244,28
S1-E4,0,365,1.283,26.598,352,27
S1-E4,0,366,1.039,23.721,281,34
S1-E4,0,367,1.227,24.770,292,28
S1-E4,0,368,1.119,28.616,281,26
S1-E4,0,369,1.271,23.550,320,31
S1-E4,0,370,1.077,28.330,272,28
S1-E4,0,371,1.237,22.272,368,27
S1-E4,0,372,1.078,24.842,355,40
S1-E4,0,373,1.111,30.956,321,26
S1-E4,0,374,1.170,27.804,305,27
S1-E4,0,375,1.381,28.008,298,40
S1-E4,0,376,1.451,26.546,297,36
S1-E4,0,377,1.250,24.263,396,34
S1-E4,0,378,1.216,23.328,366,37
S1-E4,0,379,1.253,23.995,390,33
S1-E4,0,380,1.550,26.211,340,40
S1-E4,0,381,1.532,29.201,317,32
S1-E4,0,382,1.545,26.525,298,35
S1-E4,0,383,1.385,26.911,405,35
S1-E4,0,384,1.438,24.117,276,32
S1-E4,0,385,1.255,28.475,370,36
S1-E4,0,386,1.557,24.905,313,36
S1-E4,0,387,1.568,29.489,381,33
S1-E4,0,388,1.626,26.008,366,18
S1-E4,0,389,1.426,27.163,363,20
S1-E4,0,390,1.446,27.778,345,25
S1-E4,0,391,1.262,30.338,364,25
S1-E4,0,392,1.321,22.864,399,33
S1-E4,0,393,1.293,26.277,310,33
S1-E4,0,394,1.430,26.729,352,34
S1-E4,0,395,1.549,28.104,375,30
S1-E4,0,396,1.557,24.368,365,38
S1-E4,0,397,1.664,28.989,380,29
S1-E4,0,398,1.377,27.185,382,26
S1-E4,0,399,1.656,30.285,378,28
S1-E4,1,0,1.300,20.310,319,25
S1-E4,1,1,1.285,22.294,370,23
S1-E4,1,2,1.199,27.259,263,31
S1-E4,1,3,1.322,25.350,293,31
S1-E4,1,4,1.391,24.585,353,34
S1-E4,1,5,1.315,23.099,312,32
S1-E4,1,6,1.463,26.243,313,27
S1-E4,1,7,1.389,22.891,325,41
S1-E4,1,8,1.150,24.627,305,39
S1-E4,1,9,11.304,28.846,361,40
S1-E4,1,10,8.555,46.639,363,32
S1-E4,1,11,9.385,49.416,313,33
S1-E4,1,12,6.769,56.045,435,35
S1-E4,1,13,5.024,69.138,334,28
S1-E4,1,14,4.768,68.384,406,33
S1-E4,1,15,3.094,62.505,362,31
S1-E4,1,16,2.489,65.969,395,39
S1-E4,1,17,2.224,57.898,322,32
S1-E4,1,18,1.804,59.008,327,38
S1-E4,1,19,1.194,58.737,353,34
S1-E4,1,20,1.281,45.108,333,40
S1-E4,1,21,1.028,45.281,284,30
S1-E4,1,22,1.002,37.352,317,32
S1-E4,1,23,0.859,35.727,403,40
S1-E4,1,24,1.056,35.776,326,39
S1-E4,1,25,0.999,29.678,339,35
S1-E4,1,26,1.098,29.213,384,32
S1-E4,1,27,1.128,28.410,452,38
S1-E4,1,28,1.230,34.931,432,35
S1-E4,1,29,1.249,31.066,407,31
S1-E4,1,30,1.269,25.908,506,23
S1-E4,1,31,1.428,23.719,449,36
S1-E4,1,32,1.330,24.591,559,36
S1-E4,1,33,1.463,25.286,444,25
S1-E4,1,34,1.587,22.919,475,25
S1-E4,1,35,1.697,19.850,369,34
S1-E4,1,36,1.805,24.040,511,34
S1-E4,1,37,1.860,20.274,522,26
S1-E4,1,38,1.699,19.612,493,30
S1-E4,1,39,1.714,17.408,456,33
S1-E4,1,40,1.772,19.258,501,36
S1-E4,1,41,2.226,18.663,459,30
S1-E4,1,42,1.927,18.908,537,25
S1-E4,1,43,2.258,17.358,487,30
S1-E4,1,44,2.415,20.458,372,37
S1-E4,1,45,2.224,15.073,544,30
S1-E4,1,46,2.412,18.053,492,43
S1-E4,1,47,2.580,22.397,469,38
S1-E4,1,48,2.057,16.667,462,34
S1-E4,1,49,2.450,23.436,544,29
S1-E4,1,50,2.226,24.586,439,39
S1-E4,1,51,2.027,23.933,494,28
S1-E4,1,52,1.965,24.715,485,36
S1-E4,1,53,1.774,27.235,463,33
S1-E4,1,54,2.150,22.914,436,43
S1-E4,1,55,2.340,24.129,452,37
S1-E4,1,56,2.219,24.431,507,37
S1-E4,1,57,1.977,24.795,396,37
S1-E4,1,58,2.190,28.625,518,29
S1-E4,1,59,2.089,27.906,621,34
S1-E4,1,60,1.949,29.996,501,36
S1-E4,1,61,2.043,27.489,416,29
S1-E4,1,62,2.092,32.378,508,31
S1-E4,1,63,2.096,29.038,497,39
S1-E4,1,64,2.448,23.902,371,40
S1-E4,1,65,2.066,26.911,477,34
S1-E4,1,66,1.909,29.100,472,38
S1-E4,1,67,2.320,26.888,399,37
S1-E4,1,68,2.108,29.635,475,38
S1-E4,1,69,2.280,28.112,372,37
S1-E4,1,70,1.827,27.150,629,32
S1-E4,1,71,1.792,28.361,397,31
S1-E4,1,72,1.690,32.819,388,26
S1-E4,1,73,1.891,34.106,428,28
S1-E4,1,74,1.975,26.415,457,40
S1-E4,1,75,2.049,26.428,408,34
S1-E4,1,76,2.032,33.216,494,50
S1-E4,1,77,1.827,27.211,406,32
S1-E4,1,78,2.057,30.838,326,36
S1-E4,1,79,2.231,29.744,450,33
S1-E4,1,80,2.095,28.472,504,40
S1-E4,1,81,2.106,29.901,462,36
S1-E4,1,82,2.282,27.797,470,33
S1-E4,1,83,2.029,28.274,481,18
S1-E4,1,84,1.913,27.284,489,32
S1-E4,1,85,2.175,32.506,487,39
S1-E4,1,86,2.266,25.946,462,37
S1-E4,1,87,2.058,31.858,414,28
S1-E4,1,88,1.863,30.298,482,27
S1-E4,1,89,1.687,32.474,455,31
S1-E4,1,90,2.045,36.778,455,39
S1-E4,1,91,1.977,25.250,530,47
S1-E4,1,92,2.555,24.387,566,32
S1-E4,1,93,2.143,23.264,427,26
S1-E4,1,94,2.172,29.578,544,35
S1-E4,1,95,2.426,24.023,438,43
S1-E4,1,96,2.348,22.459,456,43
S1-E4,1,97,2.547,23.282,496,26
S1-E4,1,98,2.136,25.468,399,31
S1-E4,1,99,2.519,24.488,510,39
S1-E4,1,100,2.436,27.281,384,25
S1-E4,1,101,2.318,29.684,567,34
S1-E4,1,102,2.481,29.067,497,38
S1-E4,1,103,2.436,28.898,513,47
S1-E4,1,104,2.389,32.385,481,31
S1-E4,1,105,2.408,32.805,437,28
S1-E4,1,106,2.332,24.415,556,29
S1-E4,1,107,2.391,30.493,565,35
S1-E4,1,108,2.351,28.278,571,26
S1-E4,1,109,2.517,27.965,632,27
S1-E4,1,110,2.148,26.371,559,43
S1-E4,1,111,2.236,31.576,537,32
S1-E4,1,112,2.180,32.559,544,26
S1-E4,1,113,2.328,28.923,485,36
S1-E4,1,114,2.349,26.524,584,38
S1-E4,1,115,2.506,27.496,451,30
S1-E4,1,116,2.419,28.005,473,35
S1-E4,1,117,2.415,28.380,530,36
S1-E4,1,118,2.180,32.647,539,27
S1-E4,1,119,2.312,35.498,500,39
S1-E4,1,120,2.223,30.086,466,30
S1-E4,1,121,2.389,30.123,597,45
S1-E4,1,122,2.445,25.758,553,38
S1-E4,1,123,2.570,23.906,512,32
S1-E4,1,124,2.658,28.059,612,30
S1-E4,1,125,2.600,26.469,551,41
S1-E4,1,126,2.536,26.948,606,29
S1-E4,1,127,2.715,29.712,489,28
S1-E4,1,128,2.990,29.145,427,29
S1-E4,1,129,2.983,30.035,463,36
S1-E4,1,130,2.764,30.082,558,40
S1-E4,1,131,2.396,26.508,539,46
S1-E4,1,132,2.404,28.494,632,36
S1-E4,1,133,2.362,31.264,481,39
S1-E4,1,134,2.611,27.851,476,28
S1-E4,1,135,2.943,22.416,585,32
S1-E4,1,136,2.553,30.136,557,28
S1-E4,1,137,2.409,27.052,641,45
S1-E4,1,138,2.490,29.420,588,27
S1-E4,1,139,2.127,28.646,486,40
S1-E4,1,140,2.555,26.777,408,33
S1-E4,1,141,2.197,27.745,502,39
S1-E4,1,142,2.425,23.830,643,41
S1-E4,1,143,2.583,25.811,540,36
S1-E4,1,144,5.666,34.716,422,36
S1-E4,1,145,4.480,35.842,579,31
S1-E4,1,146,4.925,35.843,555,39
S1-E4,1,147,3.831,39.477,620,30
S1-E4,1,148,3.463,33.565,531,28
S1-E4,1,149,3.265,37.890,567,51
S1-E4,1,150,3.208,32.662,574,40
S1-E4,1,151,2.064,35.641,533,30
S1-E4,1,152,2.159,39.167,558,38
S1-E4,1,153,2.376,35.391,538,43
S1-E4,1,154,2.266,28.558,548,34
S1-E4,1,155,2.320,33.921,541,27
S1-E4,1,156,2.224,28.178,559,40
S1-E4,1,157,2.035,34.587,519,43
S1-E4,1,158,2.145,31.208,540,48
S1-E4,1,159,2.095,26.844,455,33
S1-E4,1,160,1.944,34.705,515,23
S1-E4,1,161,1.989,33.909,584,39
S1-E4,1,162,1.924,28.327,554,32
S1-E4,1,163,1.809,29.256,494,41
S1-E4,1,164,1.954,26.753,492,49
S1-E4,1,165,1.985,30.532,612,40
S1-E4,1,166,1.845,22.096,498,36
S1-E4,1,167,2.000,23.410,589,32
S1-E4,1,168,2.280,20.448,656,34
S1-E4,1,169,2.586,20.846,604,24
S1-E4,1,170,2.470,19.230,578,40
S1-E4,1,171,2.581,20.412,485,37
S1-E4,1,172,2.672,20.519,637,35
S1-E4,1,173,2.799,21.047,519,39
S1-E4,1,174,3.306,18.942,527,26
S1-E4,1,175,3.399,15.765,675,26
S1-E4,1,176,3.236,17.506,494,38
S1-E4,1,177,2.951,19.170,448,28
S1-E4,1,178,3.010,20.451,483,43
S1-E4,1,179,3.088,25.620,462,24
S1-E4,1,180,2.701,20.615,698,36
S1-E4,1,181,3.109,20.079,537,39
S1-E4,1,182,2.496,25.221,544,44
S1-E4,1,183,2.269,26.230,499,32
S1-E4,1,184,2.330,23.173,488,36
S1-E4,1,185,2.343,24.459,486,43
S1-E4,1,186,2.118,22.792,536,29
S1-E4,1,187,2.163,20.142,628,44
S1-E4,1,188,2.279,24.009,570,38
S1-E4,1,189,2.375,21.037,493,39
S1-E4,1,190,2.333,26.426,542,27
S1-E4,1,191,2.310,21.136,546,41
S1-E4,1,192,1.845,23.442,389,38
S1-E4,1,193,2.169,21.199,638,43
S1-E4,1,194,1.988,22.755,484,44
S1-E4,1,195,2.269,20.006,467,32
S1-E4,1,196,2.207,23.604,437,44
S1-E4,1,197,2.242,23.025,412,43
S1-E4,1,198,2.373,23.443,537,36
S1-E4,1,199,2.127,24.501,532,30
S1-E4,1,200,1.934,18.907,777,47
S1-E4,1,201,2.385,18.964,836,39
S1-E4,1,202,2.401,15.338,634,33
S1-E4,1,203,2.928,11.516,648,39
S1-E4,1,204,2.776,13.077,932,37
S1-E4,1,205,2.927,11.309,701,44
S1-E4,1,206,2.675,9.056,714,34
S1-E4,1,207,2.898,10.585,584,41
S1-E4,1,208,3.193,12.800,649,34
S1-E4,1,209,3.288,10.207,569,32
S1-E4,1,210,3.306,11.513,727,52
S1-E4,1,211,2.939,12.843,583,34
S1-E4,1,212,5.972,11.695,649,39
S1-E4,1,213,5.359,13.169,580,37
S1-E4,1,214,4.633,15.924,516,49
S1-E4,1,215,4.901,14.476,698,34
S1-E4,1,216,4.472,20.773,719,37
S1-E4,1,217,3.999,16.302,593,37
S1-E4,1,218,4.321,19.721,709,39
S1-E4,1,219,3.223,17.597,678,40
S1-E4,1,220,3.030,19.971,560,42
S1-E4,1,221,3.444,20.662,658,45
S1-E4,1,222,2.881,21.908,452,37
S1-E4,1,223,2.256,19.560,707,39
S1-E4,1,224,1.980,30.539,574,47
S1-E4,1,225,1.553,25.911,645,42
S1-E4,1,226,1.799,30.341,628,35
S1-E4,1,227,1.687,22.244,478,26
S1-E4,1,228,1.818,21.711,480,30
S1-E4,1,229,1.419,20.987,627,35
S1-E4,1,230,1.405,19.874,609,41
S1-E4,1,231,1.451,23.045,437,37
S1-E4,1,232,1.440,20.134,558,42
S1-E4,1,233,1.607,19.240,415,36
S1-E4,1,234,1.698,18.112,404,48
S1-E4,1,235,1.516,19.861,416,41
S1-E4,1,236,1.792,17.167,524,29
S1-E4,1,237,1.751,15.599,478,42
S1-E4,1,238,1.711,16.679,556,41
S1-E4,1,239,1.741,18.851,433,39
S1-E4,1,240,1.411,17.411,592,35
S1-E4,1,241,1.677,16.495,455,28
S1-E4,1,242,1.606,17.100,372,33
S1-E4,1,243,1.802,18.301,451,38
S1-E4,1,244,1.558,16.459,429,44
S1-E4,1,245,1.680,18.869,453,35
S1-E4,1,246,1.587,16.209,403,36
S1-E4,1,247,5.399,19.489,372,34
S1-E4,1,248,4.118,26.002,394,40
S1-E4,1,249,4.457,24.776,414,29
S1-E4,1,250,3.429,28.131,470,30
S1-E4,1,251,2.863,34.986,388,46
S1-E4,1,252,2.424,32.025,484,38
S1-E4,1,253,1.962,32.367,391,40
S1-E4,1,254,1.533,33.333,349,35
S1-E4,1,255,1.096,32.808,433,52
S1-E4,1,256,1.108,29.234,393,34
S1-E4,1,257,0.890,24.068,421,43
S1-E4,1,258,0.950,22.555,314,35
S1-E4,1,259,1.218,23.172,365,33
S1-E4,1,260,0.935,22.537,432,42
S1-E4,1,261,0.961,22.538,366,35
S1-E4,1,262,1.079,19.370,412,34
S1-E4,1,263,0.973,17.124,290,30
S1-E4,1,264,1.196,14.688,387,31
S1-E4,1,265,1.120,20.788,380,32
S1-E4,1,266,1.192,15.836,385,40
S1-E4,1,267,1.197,16.427,347,45
S1-E4,1,268,1.146,19.444,404,22
S1-E4,1,269,1.057,19.548,319,37
S1-E4,1,270,1.011,15.836,386,41
S1-E4,1,271,1.319,18.615,430,41
S1-E4,1,272,1.105,18.445,412,31
S1-E4,1,273,1.370,14.395,440,43
S1-E4,1,274,1.169,14.331,340,33
S1-E4,1,275,1.286,14.783,294,34
S1-E4,1,276,1.403,15.054,344,42
S1-E4,1,277,1.371,14.534,316,39
S1-E4,1,278,1.348,15.994,417,44
S1-E4,1,279,1.407,16.031,381,47
S1-E4,1,280,1.390,16.498,382,43
S1-E4,1,281,1.244,16.544,481,49
S1-E4,1,282,1.154,16.273,392,37
S1-E4,1,283,1.088,16.430,455,39
S1-E4,1,284,1.416,16.176,380,53
S1-E4,1,285,1.384,16.240,341,34
S1-E4,1,286,1.420,18.218,318,32
S1-E4,1,287,1.365,18.717,415,34
S1-E4,1,288,1.441,15.806,322,42
S1-E4,1,289,1.278,18.973,389,46
S1-E4,1,290,1.151,16.323,401,25
S1-E4,1,291,1.269,16.111,407,41
S1-E4,1,292,1.253,18.140,354,32
S1-E4,1,293,1.332,15.637,398,33
S1-E4,1,294,1.193,18.178,366,37
S1-E4,1,295,1.181,14.678,321,40
S1-E4,1,296,1.133,18.996,358,29
S1-E4,1,297,1.208,17.261,359,30
S1-E4,1,298,1.045,16.882,360,32
S1-E4,1,299,1.233,16.322,291,45
S1-E4,1,300,1.171,16.720,314,34
S1-E4,1,301,1.160,15.405,312,41
S1-E4,1,302,1.149,18.321,268,39
S1-E4,1,303,1.130,19.069,328,40
S1-E4,1,304,1.119,18.181,355,44
S1-E4,1,305,1.032,18.324,359,38
S1-E4,1,306,1.015,18.002,306,33
S1-E4,1,307,1.074,15.575,285,32
S1-E4,1,308,1.016,18.278,254,33
S1-E4,1,309,1.037,16.383,266,39
S1-E4,1,310,1.134,15.914,260,42
S1-E4,1,311,1.022,19.650,306,26
S1-E4,1,312,1.179,21.857,316,36
S1-E4,1,313,1.010,16.803,312,35
S1-E4,1,314,1.218,18.878,251,39
S1-E4,1,315,1.103,19.318,351,36
S1-E4,1,316,1.048,18.017,293,33
S1-E4,1,317,0.991,17.708,335,33
S1-E4,1,318,0.997,19.509,267,57
S1-E4,1,319,1.049,17.240,334,43
S1-E4,1,320,1.123,19.416,270,45
S1-E4,1,321,1.031,21.364,294,48
S1-E4,1,322,1.020,21.682,243,44
S1-E4,1,323,1.008,20.753,279,44
S1-E4,1,324,0.991,21.210,262,32
S1-E4,1,325,0.805,21.462,332,24
S1-E4,1,326,0.900,21.209,288,34
S1-E4,1,327,0.820,19.190,300,34
S1-E4,1,328,1.049,19.957,258,31
S1-E4,1,329,1.002,19.299,272,45
S1-E4,1,330,1.052,17.478,320,30
S1-E4,1,331,1.216,18.986,289,40
S1-E4,1,332,0.992,19.622,302,28
S1-E4,1,333,1.308,18.144,262,39
S1-E4,1,334,1.277,21.794,290,30
S1-E4,1,335,1.422,20.675,292,50
S1-E4,1,336,1.273,22.923,277,36
S1-E4,1,337,1.176,20.271,275,32
S1-E4,1,338,1.076,21.359,251,39
S1-E4,1,339,1.262,21.742,272,44
S1-E4,1,340,1.054,20.247,234,36
S1-E4,1,341,1.231,23.740,245,37
S1-E4,1,342,1.068,23.823,270,39
S1-E4,1,343,1.183,26.016,309,30
S1-E4,1,344,0.892,22.985,275,32
S1-E4,1,345,1.064,23.262,297,34
S1-E4,1,346,1.166,22.306,258,27
S1-E4,1,347,0.980,23.176,310,37
S1-E4,1,348,1.045,21.864,344,27
S1-E4,1,349,0.919,29.120,277,36
S1-E4,1,350,1.013,21.822,282,29
S1-E4,1,351,1.042,25.247,309,37
S1-E4,1,352,1.016,20.741,256,35
S1-E4,1,353,1.058,25.421,271,37
S1-E4,1,354,1.157,20.819,323,31
S1-E4,1,355,1.098,28.297,340,34
S1-E4,1,356,1.124,23.841,279,39
S1-E4,1,357,1.110,21.479,279,32
S1-E4,1,358,1.226,20.874,274,32
S1-E4,1,359,1.254,26.246,256,25
S1-E4,1,360,1.250,20.997,285,39
S1-E4,1,361,1.180,21.980,243,27
S1-E4,1,362,1.343,20.671,268,36
S1-E4,1,363,1.230,24.056,257,22
S1-E4,1,364,1.485,24.176,299,38
S1-E4,1,365,1.355,27.052,351,30
S1-E4,1,366,1.265,28.036,389,45
S1-E4,1,367,1.090,23.006,307,35
S1-E4,1,368,1.231,21.420,355,32
S1-E4,1,369,1.398,25.073,283,35
S1-E4,1,370,1.328,27.469,305,35
S1-E4,1,371,1.154,25.371,302,38
S1-E4,1,372,1.124,26.266,298,43
S1-E4,1,373,1.068,28.752,211,35
S1-E4,1,374,1.154,32.411,299,41
S1-E4,1,375,1.170,25.864,263,32
S1-E4,1,376,1.339,20.448,305,28
S1-E4,1,377,1.543,24.590,306,27
S1-E4,1,378,1.210,23.553,370,29
S1-E4,1,379,1.362,28.160,373,33
S1-E4,1,380,1.497,26.368,298,34
S1-E4,1,381,1.226,23.196,400,25
S1-E4,1,382,1.072,33.404,387,38
S1-E4,1,383,0.994,22.952,322,31
S1-E4,1,384,1.369,24.656,285,32
S1-E4,1,385,1.243,25.820,313,34
S1-E4,1,386,1.224,34.794,342,32
S1-E4,1,387,1.439,36.470,415,40
S1-E4,1,388,1.303,32.769,328,30
S1-E4,1,389,1.172,28.640,351,25
S1-E4,1,390,1.514,24.127,280,34
S1-E4,1,391,1.341,29.315,315,31
S1-E4,1,392,1.352,25.709,338,36
S1-E4,1,393,1.420,27.003,311,30
S1-E4,1,394,1.510,24.659,312,28
S1-E4,1,395,1.700,25.745,469,31
S1-E4,1,396,1.586,32.920,332,30
S1-E4,1,397,1.453,34.124,400,47
S1-E4,1,398,1.361,26.889,342,36
S1-E4,1,399,1.572,30.658,405,45
S1-E4,2,0,1.049,26.821,363,28
S1-E4,2,1,1.028,28.830,340,36
S1-E4,2,2,1.224,23.949,450,29
S1-E4,2,3,1.144,27.831,376,25
S1-E4,2,4,1.135,30.928,452,20
S1-E4,2,5,1.197,19.188,456,24
S1-E4,2,6,1.207,21.755,288,33
S1-E4,2,7,1.137,22.171,411,22
S1-E4,2,8,1.339,20.360,464,29
S1-E4,2,9,1.418,18.397,329,31
S1-E4,2,10,1.646,15.109,352,24
S1-E4,2,11,1.789,17.065,436,28
S1-E4,2,12,1.828,18.013,379,25
S1-E4,2,13,1.719,20.269,349,20
S1-E4,2,14,1.674,18.055,491,29
S1-E4,2,15,1.784,18.653,405,26
S1-E4,2,16,1.697,24.586,441,31
S1-E4,2,17,1.607,22.139,337,22
S1-E4,2,18,1.757,25.719,423,36
S1-E4,2,19,1.505,24.023,375,26
S1-E4,2,20,1.533,22.601,449,33
S1-E4,2,21,1.381,21.966,405,32
S1-E4,2,22,1.464,24.680,390,32
S1-E4,2,23,1.785,22.304,408,25
S1-E4,2,24,1.580,19.893,429,32
S1-E4,2,25,1.777,19.871,497,29
S1-E4,2,26,1.878,21.497,413,29
S1-E4,2,27,1.794,20.745,473,31
S1-E4,2,28,1.669,21.517,396,20
S1-E4,2,29,1.920,19.493,435,22
S1-E4,2,30,2.075,19.941,414,34
S1-E4,2,31,1.912,25.946,444,22
S1-E4,2,32,1.678,25.508,356,30
S1-E4,2,33,1.604,25.099,413,31
S1-E4,2,34,1.743,25.106,519,35
S1-E4,2,35,1.679,28.453,338,26
S1-E4,2,36,1.690,27.000,507,29
S1-E4,2,37,1.514,25.996,472,29
S1-E4,2,38,1.429,26.061,438,29
S1-E4,2,39,1.614,31.426,451,37
S1-E4,2,40,1.822,27.878,421,22
S1-E4,2,41,1.602,27.203,374,36
S1-E4,2,42,1.507,28.315,457,34
S1-E4,2,43,1.917,33.781,466,36
S1-E4,2,44,1.926,24.923,398,34
S1-E4,2,45,1.755,31.664,427,34
S1-E4,2,46,1.735,26.692,425,24
S1-E4,2,47,1.647,30.908,369,39
S1-E4,2,48,1.560,29.322,366,29
S1-E4,2,49,1.642,26.182,412,32
S1-E4,2,50,1.497,29.991,564,26
S1-E4,2,51,1.468,22.246,435,35
S1-E4,2,52,1.663,27.532,441,27
S1-E4,2,53,1.870,29.639,472,29
S1-E4,2,54,2.044,24.798,472,25
S1-E4,2,55,1.786,21.897,385,31
S1-E4,2,56,1.968,24.095,468,31
S1-E4,2,57,2.137,24.838,505,34
S1-E4,2,58,2.075,25.591,426,38
S1-E4,2,59,2.109,30.952,495,25
S1-E4,2,60,1.939,27.127,384,41
S1-E4,2,61,1.849,24.757,318,33
S1-E4,2,62,2.164,24.270,461,25
S1-E4,2,63,2.130,22.935,441,35
S1-E4,2,64,1.957,26.432,460,22
S1-E4,2,65,2.306,33.076,485,27
S1-E4,2,66,2.011,24.208,490,30
S1-E4,2,67,1.892,25.547,451,26
S1-E4,2,68,1.736,32.851,475,44
S1-E4,2,69,1.742,28.676,511,21
S1-E4,2,70,1.750,30.821,522,33
S1-E4,2,71,1.826,25.996,443,27
S1-E4,2,72,1.638,26.587,400,29
S1-E4,2,73,2.309,26.220,504,31
S1-E4,2,74,2.133,30.788,501,27
S1-E4,2,75,1.914,27.287,405,27
S1-E4,2,76,2.131,29.000,367,21
S1-E4,2,77,2.121,26.817,579,28
S1-E4,2,78,2.207,24.990,515,24
S1-E4,2,79,2.339,31.877,450,20
S1-E4,2,80,2.056,31.126,591,36
S1-E4,2,81,2.345,29.096,578,31
S1-E4,2,82,2.180,25.744,459,30
S1-E4,2,83,2.079,33.092,420,24
S1-E4,2,84,2.085,30.212,502,39
S1-E4,2,85,1.839,26.901,513,20
S1-E4,2,86,1.851,28.313,491,31
S1-E4,2,87,1.895,29.310,645,37
S1-E4,2,88,2.513,28.941,523,28
S1-E4,2,89,2.328,24.143,445,26
S1-E4,2,90,2.171,32.732,554,34
S1-E4,2,91,2.154,25.373,558,33
S1-E4,2,92,2.231,23.138,591,36
S1-E4,2,93,2.532,24.657,657,33
S1-E4,2,94,2.377,25.546,475,26
S1-E4,2,95,2.396,28.799,390,29
S1-E4,2,96,2.305,27.898,603,36
S1-E4,2,97,13.449,28.294,476,28
S1-E4,2,98,11.765,46.237,653,46
S1-E4,2,99,9.460,42.272,505,33
S1-E4,2,100,9.138,45.259,496,37
S1-E4,2,101,6.783,51.972,699,32
S1-E4,2,102,6.109,48.257,471,21
S1-E4,2,103,5.431,48.784,455,27
S1-E4,2,104,5.217,52.981,509,38
S1-E4,2,105,3.417,58.162,326,23
S1-E4,2,106,3.516,61.455,289,27
S1-E4,2,107,2.908,55.063,179,21
S1-E4,2,108,2.413,74.773,159,22
S1-E4,2,109,2.381,68.457,142,20
S1-E4,2,110,2.054,70.834,77,17
S1-E4,2,111,1.917,68.624,65,17
S1-E4,2,112,2.034,62.481,51,18
S1-E4,2,113,2.391,80.733,38,19
S1-E4,2,114,2.427,73.098,27,17
S1-E4,2,115,1.989,77.535,25,9
S1-E4,2,116,1.800,83.353,18,9
S1-E4,2,117,2.166,68.803,13,17
S1-E4,2,118,5.682,76.184,10,9
S1-E4,2,119,5.341,103.286,10,6
S1-E4,2,120,4.597,91.393,6,6
S1-E4,2,121,5.005,85.468,6,8
S1-E4,2,122,4.599,86.515,5,6
S1-E4,2,123,4.527,93.059,3,9
S1-E4,2,124,3.814,88.379,3,8
S1-E4,2,125,4.824,92.836,3,3
S1-E4,2,126,3.877,92.316,3,5
S1-E4,2,127,3.797,88.562,2,4
S1-E4,2,128,4.000,83.020,2,6
S1-E4,2,129,3.268,74.634,2,3
S1-E4,2,130,3.410,93.888,2,4
S1-E4,2,131,3.134,84.629,2,4
S1-E4,2,132,3.082,92.730,1,3
S1-E4,2,133,2.968,95.015,1,5
S1-E4,2,134,3.218,88.353,2,4
S1-E4,2,135,3.241,77.475,2,3
S1-E4,2,136,2.982,75.595,1,5
S1-E4,2,137,3.313,91.929,1,3
S1-E4,2,138,2.806,91.662,1,2
S1-E4,2,139,2.878,87.989,1,2
S1-E4,2,140,3.026,103.275,2,0
S1-E4,2,141,2.813,78.295,1,2
S1-E4,2,142,2.575,99.221,1,0
S1-E4,2,143,2.552,96.401,1,3
S1-E4,2,144,2.832,91.345,1,2
S1-E4,2,145,2.785,80.939,1,4
S1-E4,2,146,2.662,85.491,1,2
S1-E4,2,147,3.015,74.186,1,2
S1-E4,2,148,2.628,89.007,1,2
S1-E4,2,149,2.706,87.408,1,1
S1-E4,2,150,2.803,78.539,2,1
S1-E4,2,151,2.670,72.651,1,1
S1-E4,2,152,2.466,81.441,1,1
S1-E4,2,153,2.830,92.942,1,1
S1-E4,2,154,2.781,75.966,1,1
S1-E4,2,155,2.479,91.698,1,2
S1-E4,2,156,2.386,79.592,1,1
S1-E4,2,157,2.251,93.242,1,3
S1-E4,2,158,2.398,87.680,1,0
S1-E4,2,159,2.324,78.439,1,0
S1-E4,2,160,2.087,77.159,1,0
S1-E4,2,161,2.052,75.835,1,1
S1-E4,2,162,2.070,76.371,1,0
S1-E4,2,163,1.953,72.586,1,0
S1-E4,2,164,2.214,92.063,1,0
S1-E4,2,165,2.271,92.209,2,1
S1-E4,2,166,2.568,82.523,1,1
S1-E4,2,167,2.441,85.298,1,0
S1-E4,2,168,2.108,85.669,1,0
S1-E4,2,169,2.396,89.530,1,1
S1-E4,2,170,2.148,77.994,2,1
S1-E4,2,171,2.210,70.634,1,1
S1-E4,2,172,2.080,75.407,1,1
S1-E4,2,173,1.965,93.576,1,0
S1-E4,2,174,2.311,89.667,1,1
S1-E4,2,175,1.924,81.231,1,1
S1-E4,2,176,2.212,91.150,1,0
S1-E4,2,177,2.152,93.682,1,1
S1-E4,2,178,1.678,83.496,2,0
S1-E4,2,179,1.931,80.082,1,1
S1-E4,2,180,2.024,70.549,1,0
S1-E4,2,181,1.893,85.194,2,0
S1-E4,2,182,1.690,90.202,1,2
S1-E4,2,183,1.769,88.488,1,1
S1-E4,2,184,1.898,84.575,1,0
S1-E4,2,185,2.276,73.722,1,0
S1-E4,2,186,1.960,77.932,1,1
S1-E4,2,187,1.793,81.026,1,0
S1-E4,2,188,1.907,66.208,1,0
S1-E4,2,189,2.101,73.670,1,0
S1-E4,2,190,1.793,80.549,1,1
S1-E4,2,191,1.628,64.625,1,0
S1-E4,2,192,1.798,73.477,1,1
S1-E4,2,193,1.564,77.367,1,0
S1-E4,2,194,1.782,82.161,2,2
S1-E4,2,195,1.699,66.554,1,0
S1-E4,2,196,1.486,88.544,2,1
S1-E4,2,197,1.382,80.209,1,0
S1-E4,2,198,1.498,81.502,1,0
S1-E4,2,199,1.382,73.464,1,1
S1-E4,2,200,1.481,66.455,206,0
S1-E4,2,201,1.193,77.001,178,1
S1-E4,2,202,1.400,65.762,112,0
S1-E4,2,203,1.117,60.504,86,0
S1-E4,2,204,1.252,69.174,56,0
S1-E4,2,205,1.236,66.837,32,0
S1-E4,2,206,1.134,66.539,22,0
S1-E4,2,207,1.109,79.286,28,0
S1-E4,2,208,1.038,69.587,18,0
S1-E4,2,209,1.100,72.871,15,3
S1-E4,2,210,1.107,76.280,9,0
S1-E4,2,211,0.976,74.047,7,1
S1-E4,2,212,0.934,69.760,6,0
S1-E4,2,213,1.105,68.177,5,1
S1-E4,2,214,1.204,63.435,4,1
S1-E4,2,215,1.093,59.731,4,0
S1-E4,2,216,1.068,62.591,3,1
S1-E4,2,217,0.881,69.552,3,0
S1-E4,2,218,1.246,72.497,2,2
S1-E4,2,219,1.076,65.716,2,1
S1-E4,2,220,1.004,78.054,2,0
S1-E4,2,221,0.984,78.997,2,0
S1-E4,2,222,0.870,72.471,2,0
S1-E4,2,223,0.888,73.514,2,1
S1-E4,2,224,0.895,60.603,1,0
S1-E4,2,225,0.980,65.309,2,0
S1-E4,2,226,0.947,71.793,1,0
S1-E4,2,227,1.023,72.794,1,0
S1-E4,2,228,0.883,67.970,2,0
S1-E4,2,229,0.973,62.794,1,2
S1-E4,2,230,1.040,66.441,1,0
S1-E4,2,231,0.954,64.474,1,0
S1-E4,2,232,1.080,64.903,1,0
S1-E4,2,233,0.880,68.463,1,0
S1-E4,2,234,0.838,65.032,1,2
S1-E4,2,235,0.837,60.349,1,1
S1-E4,2,236,0.877,72.862,1,1
S1-E4,2,237,0.945,66.222,1,2
S1-E4,2,238,0.853,74.129,1,1
S1-E4,2,239,0.859,58.063,1,0
S1-E4,2,240,0.814,62.037,2,0
S1-E4,2,241,0.751,70.485,2,1
S1-E4,2,242,0.913,63.330,3,0
S1-E4,2,243,0.798,73.030,3,0
S1-E4,2,244,0.846,61.362,3,1
S1-E4,2,245,0.817,66.246,4,0
S1-E4,2,246,0.860,61.887,4,1
S1-E4,2,247,0.794,61.814,5,0
S1-E4,2,248,0.680,54.291,5,0
S1-E4,2,249,0.680,61.124,6,1
S1-E4,2,250,0.778,62.029,6,0
S1-E4,2,251,0.593,50.414,6,1
S1-E4,2,252,0.597,66.800,5,0
S1-E4,2,253,0.783,59.127,6,1
S1-E4,2,254,0.834,57.856,7,0
S1-E4,2,255,0.757,59.724,7,1
S1-E4,2,256,0.655,52.505,9,2
S1-E4,2,257,0.601,61.534,8,1
S1-E4,2,258,0.701,65.350,9,1
S1-E4,2,259,0.733,46.900,9,0
S1-E4,2,260,0.777,54.408,12,1
S1-E4,2,261,0.730,57.740,10,0
S1-E4,2,262,0.672,52.387,13,1
S1-E4,2,263,0.718,53.776,14,1
S1-E4,2,264,0.662,60.300,13,0
S1-E4,2,265,0.557,59.890,12,0
S1-E4,2,266,0.794,53.672,16,1
S1-E4,2,267,0.547,49.411,19,0
S1-E4,2,268,0.571,65.793,19,1
S1-E4,2,269,0.588,48.937,17,1
S1-E4,2,270,0.607,45.427,16,0
S1-E4,2,271,0.628,52.466,20,0
S1-E4,2,272,0.734,49.429,24,0
S1-E4,2,273,0.662,52.121,19,2
S1-E4,2,274,0.644,44.872,25,1
S1-E4,2,275,0.606,52.189,28,0
S1-E4,2,276,0.494,48.218,27,2
S1-E4,2,277,0.688,58.662,31,0
S1-E4,2,278,0.561,44.320,30,1
S1-E4,2,279,0.616,51.038,30,0
S1-E4,2,280,0.698,48.689,32,2
S1-E4,2,281,0.610,48.057,33,4
S1-E4,2,282,0.598,46.265,31,2
S1-E4,2,283,0.596,46.160,37,3
S1-E4,2,284,0.571,46.881,32,0
S1-E4,2,285,0.556,44.630,40,0
S1-E4,2,286,0.648,45.934,35,0
S1-E4,2,287,0.441,46.596,41,0
S1-E4,2,288,0.435,38.967,41,1
S1-E4,2,289,0.427,44.645,41,3
S1-E4,2,290,0.409,53.491,47,1
S1-E4,2,291,0.567,33.796,51,1
S1-E4,2,292,0.500,43.493,50,1
S1-E4,2,293,0.529,40.190,56,3
S1-E4,2,294,0.671,41.147,70,2
S1-E4,2,295,0.572,33.405,63,1
S1-E4,2,296,0.661,44.144,73,0
S1-E4,2,297,0.646,40.337,75,1
S1-E4,2,298,0.593,37.721,72,1
S1-E4,2,299,0.537,40.355,86,0
S1-E4,2,300,0.522,37.949,83,3
S1-E4,2,301,0.584,38.535,81,1
S1-E4,2,302,0.676,35.151,83,0
S1-E4,2,303,0.580,40.579,84,2
S1-E4,2,304,0.575,43.046,85,2
S1-E4,2,305,0.608,34.657,105,0
S1-E4,2,306,0.570,31.069,91,2
S1-E4,2,307,0.619,36.287,87,1
S1-E4,2,308,0.595,34.162,116,2
S1-E4,2,309,0.647,33.763,125,1
S1-E4,2,310,0.595,35.689,123,0
S1-E4,2,311,0.600,38.096,119,1
S1-E4,2,312,0.629,34.418,142,1
S1-E4,2,313,0.665,31.039,121,1
S1-E4,2,314,0.683,33.127,136,1
S1-E4,2,315,0.681,34.701,175,2
S1-E4,2,316,0.691,34.516,140,2
S1-E4,2,317,0.739,30.426,153,1
S1-E4,2,318,0.779,30.949,138,1
S1-E4,2,319,0.740,32.523,170,0
S1-E4,2,320,0.626,30.014,185,4
S1-E4,2,321,0.770,29.661,185,0
S1-E4,2,322,0.717,30.512,150,1
S1-E4,2,323,0.709,30.728,155,6
S1-E4,2,324,0.632,32.939,192,3
S1-E4,2,325,0.757,28.522,206,0
S1-E4,2,326,0.749,27.424,200,1
S1-E4,2,327,0.898,24.776,219,2
S1-E4,2,328,0.703,31.782,200,3
S1-E4,2,329,0.683,26.322,233,2
S1-E4,2,330,0.901,22.182,227,4
S1-E4,2,331,0.825,30.511,251,4
S1-E4,2,332,1.016,28.441,229,5
S1-E4,2,333,0.756,22.546,220,3
S1-E4,2,334,0.698,25.595,271,3
S1-E4,2,335,0.805,23.234,208,2
S1-E4,2,336,0.850,23.066,235,1
S1-E4,2,337,1.146,20.975,320,1
S1-E4,2,338,0.943,24.553,268,2
S1-E4,2,339,0.838,21.264,244,5
S1-E4,2,340,0.968,24.260,288,2
S1-E4,2,341,0.910,26.694,304,3
S1-E4,2,342,0.896,21.829,357,2
S1-E4,2,343,0.954,23.281,297,4
S1-E4,2,344,1.177,21.888,375,1
S1-E4,2,345,1.015,21.738,328,4
S1-E4,2,346,1.124,16.811,412,3
S1-E4,2,347,0.991,21.596,305,5
S1-E4,2,348,1.034,18.640,340,0
S1-E4,2,349,1.239,18.479,367,1
S1-E4,2,350,1.474,17.060,422,3
S1-E4,2,351,1.398,15.657,371,2
S1-E4,2,352,1.493,19.048,398,0
S1-E4,2,353,1.320,17.948,293,2
S1-E4,2,354,1.500,15.842,378,2
S1-E4,2,355,1.438,13.778,445,1
S1-E4,2,356,1.358,16.244,458,3
S1-E4,2,357,1.723,16.118,356,0
S1-E4,2,358,1.628,14.903,430,2
S1-E4,2,359,1.757,17.053,451,2
S1-E4,2,360,1.728,14.857,423,3
S1-E4,2,361,1.680,19.029,456,3
S1-E4,2,362,1.699,12.539,436,5
S1-E4,2,363,1.580,20.310,514,4
S1-E4,2,364,1.725,15.603,449,5
S1-E4,2,365,1.739,14.298,391,0
S1-E4,2,366,1.853,17.724,517,3
S1-E4,2,367,1.905,13.699,485,2
S1-E4,2,368,2.129,13.390,459,3
S1-E4,2,369,1.766,14.177,434,2
S1-E4,2,370,1.848,14.103,407,1
S1-E4,2,371,2.024,17.503,609,0
S1-E4,2,372,1.861,14.893,510,5
S1-E4,2,373,1.916,17.540,417,2
S1-E4,2,374,1.969,16.314,395,3
S1-E4,2,375,1.830,15.522,496,4
S1-E4,2,376,2.207,16.969,543,2
S1-E4,2,377,1.780,14.046,622,0
S1-E4,2,378,2.338,12.593,484,3
S1-E4,2,379,2.304,13.405,617,3
S1-E4,2,380,2.313,11.530,590,3
S1-E4,2,381,2.603,14.590,541,6
S1-E4,2,382,2.202,14.635,623,8
S1-E4,2,383,2.828,13.210,574,2
S1-E4,2,384,2.029,14.175,744,3
S1-E4,2,385,2.461,15.923,537,4
S1-E4,2,386,2.031,15.108,582,1
S1-E4,2,387,2.592,13.102,602,4
S1-E4,2,388,2.204,11.753,522,2
S1-E4,2,389,2.604,13.517,737,2
S1-E4,2,390,2.755,14.344,774,3
S1-E4,2,391,2.386,15.354,694,4
S1-E4,2,392,2.940,14.317,656,4
S1-E4,2,393,2.315,15.348,620,6
S1-E4,2,394,2.547,14.531,646,6
S1-E4,2,395,2.437,11.893,568,1
S1-E4,2,396,2.497,13.756,571,1
S1-E4,2,397,2.882,13.660,612,1
S1-E4,2,398,2.903,11.574,651,4
S1-E4,2,399,3.034,13.069,706,3
S1-E5,0,0,1.116,23.629,335,22
S1-E5,0,1,1.294,28.878,361,20
S1-E5,0,2,1.096,22.469,310,30
S1-E5,0,3,4.220,27.178,299,34
S1-E5,0,4,3.529,39.865,302,20
S1-E5,0,5,2.966,43.997,338,33
S1-E5,0,6,2.365,45.095,244,35
S1-E5,0,7,1.734,44.189,300,27
S1-E5,0,8,1.135,48.721,377,31
S1-E5,0,9,1.093,40.698,329,22
S1-E5,0,10,0.977,37.471,385,32
S1-E5,0,11,0.987,38.584,360,26
S1-E5,0,12,1.090,36.909,403,31
S1-E5,0,13,1.057,26.889,372,42
S1-E5,0,14,1.013,27.032,412,30
S1-E5,0,15,1.270,22.251,311,28
S1-E5,0,16,1.224,25.727,366,45
S1-E5,0,17,1.358,24.799,331,41
S1-E5,0,18,1.333,23.874,325,30
S1-E5,0,19,1.158,23.658,411,28
S1-E5,0,20,1.401,25.834,412,28
S1-E5,0,21,1.582,25.100,418,35
S1-E5,0,22,1.478,23.787,445,23
S1-E5,0,23,1.445,22.494,395,21
S1-E5,0,24,1.690,21.955,374,27
S1-E5,0,25,1.883,22.468,459,20
S1-E5,0,26,1.791,22.323,353,34
S1-E5,0,27,1.917,21.010,420,32
S1-E5,0,28,1.696,21.016,404,23
S1-E5,0,29,1.697,19.452,406,31
S1-E5,0,30,1.823,23.743,486,33
S1-E5,0,31,1.996,18.579,364,32
S1-E5,0,32,1.857,21.738,373,36
S1-E5,0,33,1.909,23.577,360,23
S1-E5,0,34,1.978,22.963,476,37
S1-E5,0,35,2.189,20.122,472,34
S1-E5,0,36,2.150,22.505,648,25
S1-E5,0,37,2.017,21.959,434,38
S1-E5,0,38,1.940,21.931,571,38
S1-E5,0,39,2.189,24.957,443,24
S1-E5,0,40,1.857,23.815,409,31
S1-E5,0,41,1.806,28.340,468,36
S1-E5,0,42,1.803,28.792,410,34
S1-E5,0,43,1.870,26.127,388,23
S1-E5,0,44,1.922,26.476,404,33
S1-E5,0,45,1.917,25.156,442,34
S1-E5,0,46,1.604,26.393,485,36
S1-E5,0,47,2.211,22.691,447,26
S1-E5,0,48,1.840,32.193,466,30
S1-E5,0,49,1.823,31.339,452,31
S1-E5,0,50,2.033,26.319,432,33
S1-E5,0,51,2.109,22.384,435,32
S1-E5,0,52,2.352,29.050,471,37
S1-E5,0,53,3.016,32.499,410,24
S1-E5,0,54,2.966,25.460,523,36
S1-E5,0,55,3.101,24.958,488,27
S1-E5,0,56,3.211,26.673,521,46
S1-E5,0,57,2.816,23.815,519,32
S1-E5,0,58,3.217,31.094,500,33
S1-E5,0,59,2.591,34.699,485,37
S1-E5,0,60,3.174,28.870,438,22
S1-E5,0,61,2.715,37.290,450,29
S1-E5,0,62,3.049,37.547,450,22
S1-E5,0,63,2.557,30.212,566,36
S1-E5,0,64,3.106,34.041,416,27
S1-E5,0,65,2.733,39.273,381,36
S1-E5,0,66,2.553,34.112,533,29
S1-E5,0,67,2.759,28.712,480,36
S1-E5,0,68,2.419,35.572,459,34
S1-E5,0,69,2.250,33.737,305,28
S1-E5,0,70,2.315,36.264,429,36
S1-E5,0,71,2.130,29.875,495,33
S1-E5,0,72,2.354,39.958,491,33
S1-E5,0,73,2.480,35.294,484,29
S1-E5,0,74,2.186,32.527,496,36
S1-E5,0,75,2.654,29.769,484,29
S1-E5,0,76,2.490,38.772,382,27
S1-E5,0,77,2.580,40.574,409,37
S1-E5,0,78,2.488,35.224,484,34
S1-E5,0,79,2.952,36.370,458,26
S1-E5,0,80,2.395,40.960,580,40
S1-E5,0,81,3.149,38.244,456,38
S1-E5,0,82,2.854,35.790,491,27
S1-E5,0,83,2.598,35.559,432,39
S1-E5,0,84,2.680,31.992,589,28
S1-E5,0,85,2.956,36.109,585,27
S1-E5,0,86,2.840,33.824,682,34
S1-E5,0,87,3.207,34.652,689,31
S1-E5,0,88,2.885,29.174,560,21
S1-E5,0,89,2.901,31.423,599,27
S1-E5,0,90,3.199,35.136,725,33
S1-E5,0,91,3.154,24.069,562,23
S1-E5,0,92,3.107,27.929,562,39
S1-E5,0,93,3.106,30.366,509,23
S1-E5,0,94,3.532,36.440,608,39
S1-E5,0,95,3.151,29.284,662,26
S1-E5,0,96,3.323,30.462,642,29
S1-E5,0,97,3.756,23.867,683,36
S1-E5,0,98,3.496,33.048,608,33
S1-E5,0,99,3.333,36.423,638,30
S1-E5,0,100,3.326,30.990,587,32
S1-E5,0,101,3.655,31.466,627,30
S1-E5,0,102,3.232,28.918,661,33
S1-E5,0,103,3.761,26.776,603,25
S1-E5,0,104,7.630,28.093,640,28
S1-E5,0,105,6.859,30.732,637,33
S1-E5,0,106,6.041,30.888,631,32
S1-E5,0,107,6.149,36.644,600,29
S1-E5,0,108,5.588,38.254,711,31
S1-E5,0,109,5.388,32.893,593,30
S1-E5,0,110,4.109,38.605,710,25
S1-E5,0,111,4.415,40.767,607,33
S1-E5,0,112,3.860,44.655,577,28
S1-E5,0,113,5.075,37.067,606,29
S1-E5,0,114,3.757,32.596,666,38
S1-E5,0,115,4.231,39.668,623,31
S1-E5,0,116,3.520,36.075,571,32
S1-E5,0,117,3.365,31.060,679,35
S1-E5,0,118,3.222,34.406,663,32
S1-E5,0,119,3.884,34.276,555,31
S1-E5,0,120,2.728,35.259,554,25
S1-E5,0,121,2.916,34.478,621,27
S1-E5,0,122,3.190,31.667,502,22
S1-E5,0,123,2.771,36.251,687,23
S1-E5,0,124,3.280,34.515,651,17
S1-E5,0,125,3.236,25.626,720,26
S1-E5,0,126,2.564,36.114,637,18
S1-E5,0,127,2.903,34.529,679,30
S1-E5,0,128,3.376,29.530,624,30
S1-E5,0,129,3.380,24.262,760,33
S1-E5,0,130,3.155,25.424,687,32
S1-E5,0,131,3.569,23.815,805,37
S1-E5,0,132,3.265,25.266,742,28
S1-E5,0,133,3.056,29.439,591,22
S1-E5,0,134,3.513,27.898,836,24
S1-E5,0,135,3.588,26.068,595,25
S1-E5,0,136,2.839,22.818,670,38
S1-E5,0,137,3.039,25.831,828,31
S1-E5,0,138,3.836,28.935,730,41
S1-E5,0,139,3.407,31.342,792,37
S1-E5,0,140,2.860,26.203,705,26
S1-E5,0,141,3.358,29.852,700,28
S1-E5,0,142,3.122,28.958,812,30
S1-E5,0,143,3.316,25.298,769,22
S1-E5,0,144,3.127,31.193,702,31
S1-E5,0,145,3.654,25.521,848,46
S1-E5,0,146,4.061,21.663,612,43
S1-E5,0,147,4.488,24.889,621,30
S1-E5,0,148,3.570,23.328,817,36
S1-E5,0,149,3.707,23.916,622,28
S1-E5,0,150,3.836,25.959,688,27
S1-E5,0,151,3.903,22.405,627,33
S1-E5,0,152,4.007,23.441,609,32
S1-E5,0,153,4.087,31.003,658,33
S1-E5,0,154,3.735,25.498,785,40
S1-E5,0,155,3.909,22.415,621,41
S1-E5,0,156,3.937,23.676,816,32
S1-E5,0,157,3.709,26.249,650,41
S1-E5,0,158,4.005,28.328,668,26
S1-E5,0,159,4.431,24.002,653,42
S1-E5,0,160,4.511,22.349,614,20
S1-E5,0,161,4.078,20.965,581,29
S1-E5,0,162,3.923,28.283,607,41
S1-E5,0,163,4.373,25.874,673,30
S1-E5,0,164,3.837,25.875,740,41
S1-E5,0,165,3.911,28.589,523,33
S1-E5,0,166,3.979,27.655,704,34
S1-E5,0,167,3.625,27.720,667,38
S1-E5,0,168,3.382,33.442,619,27
S1-E5,0,169,3.046,40.954,677,34
S1-E5,0,170,2.953,29.734,545,36
S1-E5,0,171,3.238,36.583,650,32
S1-E5,0,172,2.994,31.137,523,31
S1-E5,0,173,2.737,29.487,750,38
S1-E5,0,174,2.899,35.157,563,31
S1-E5,0,175,2.684,26.497,601,34
S1-E5,0,176,2.669,29.075,571,27
S1-E5,0,177,2.733,25.206,715,28
S1-E5,0,178,2.762,25.140,562,48
S1-E5,0,179,2.820,27.604,614,35
S1-E5,0,180,2.787,31.441,700,24
S1-E5,0,181,3.248,23.379,559,36
S1-E5,0,182,2.568,30.524,576,40
S1-E5,0,183,2.363,31.555,612,43
S1-E5,0,184,2.759,30.155,601,38
S1-E5,0,185,2.863,30.460,641,30
S1-E5,0,186,2.641,26.550,763,29
S1-E5,0,187,2.861,27.212,768,34
S1-E5,0,188,2.636,30.742,608,46
S1-E5,0,189,2.240,30.447,612,36
S1-E5,0,190,2.599,29.481,686,40
S1-E5,0,191,2.250,28.400,744,34
S1-E5,0,192,2.742,29.446,788,45
S1-E5,0,193,2.786,23.125,655,27
S1-E5,0,194,2.673,24.129,711,33
S1-E5,0,195,2.729,24.140,680,35
S1-E5,0,196,3.042,22.335,613,31
S1-E5,0,197,2.672,20.959,627,25
S1-E5,0,198,3.056,23.675,607,32
S1-E5,0,199,3.732,24.179,565,34
S1-E5,0,200,2.898,26.487,587,35
S1-E5,0,201,3.037,25.360,566,34
S1-E5,0,202,2.896,24.283,629,42
S1-E5,0,203,2.824,28.019,641,37
S1-E5,0,204,3.336,32.745,671,35
S1-E5,0,205,2.577,29.224,649,42
S1-E5,0,206,2.939,24.746,585,22
S1-E5,0,207,2.643,22.435,493,47
S1-E5,0,208,2.870,21.619,519,28
S1-E5,0,209,2.581,22.468,582,26
S1-E5,0,210,2.448,24.704,579,38
S1-E5,0,211,2.058,23.323,694,26
S1-E5,0,212,2.625,20.691,552,36
S1-E5,0,213,2.616,26.430,584,43
S1-E5,0,214,2.606,27.327,527,33
S1-E5,0,215,2.118,26.235,609,46
S1-E5,0,216,2.088,28.548,444,41
S1-E5,0,217,2.225,28.532,582,41
S1-E5,0,218,1.742,28.966,509,35
S1-E5,0,219,1.867,24.373,412,37
S1-E5,0,220,2.044,29.096,443,43
S1-E5,0,221,2.036,24.816,576,39
S1-E5,0,222,2.105,21.838,526,38
S1-E5,0,223,2.080,24.637,472,39
S1-E5,0,224,2.330,19.222,608,43
S1-E5,0,225,2.554,24.864,555,31
S1-E5,0,226,2.866,19.586,536,35
S1-E5,0,227,1.996,24.888,571,46
S1-E5,0,228,2.246,16.824,523,28
S1-E5,0,229,2.625,23.676,471,42
S1-E5,0,230,2.339,22.107,594,41
S1-E5,0,231,2.412,26.477,587,35
S1-E5,0,232,2.007,25.982,492,40
S1-E5,0,233,2.226,21.819,443,39
S1-E5,0,234,2.001,22.953,589,44
S1-E5,0,235,2.186,18.595,503,31
S1-E5,0,236,2.359,19.324,479,30
S1-E5,0,237,2.612,22.972,530,32
S1-E5,0,238,2.362,22.491,382,38
S1-E5,0,239,2.045,21.125,388,37
S1-E5,0,240,2.064,20.916,514,34
S1-E5,0,241,2.033,22.916,480,29
S1-E5,0,242,1.977,22.768,451,32
S1-E5,0,243,1.988,23.060,472,32
S1-E5,0,244,1.823,23.846,465,28
S1-E5,0,245,2.364,19.482,375,41
S1-E5,0,246,1.945,22.619,375,28
S1-E5,0,247,1.782,24.365,546,41
S1-E5,0,248,1.711,19.635,450,30
S1-E5,0,249,2.044,21.180,359,38
S1-E5,0,250,1.784,24.319,384,38
S1-E5,0,251,1.853,16.936,437,35
S1-E5,0,252,2.005,21.291,374,37
S1-E5,0,253,1.802,23.075,443,42
S1-E5,0,254,1.753,24.174,484,32
S1-E5,0,255,1.689,26.644,419,35
S1-E5,0,256,1.585,22.100,402,37
S1-E5,0,257,1.550,23.553,569,37
S1-E5,0,258,1.824,18.937,562,39
S1-E5,0,259,1.715,20.830,465,35
S1-E5,0,260,1.690,21.511,539,25
S1-E5,0,261,1.533,19.984,495,40
S1-E5,0,262,1.581,22.969,423,46
S1-E5,0,263,1.447,25.247,485,45
S1-E5,0,264,1.455,24.996,420,33
S1-E5,0,265,1.418,22.611,412,35
S1-E5,0,266,1.473,19.942,333,47
S1-E5,0,267,1.679,22.334,323,43
S1-E5,0,268,1.557,19.803,431,33
S1-E5,0,269,1.327,22.553,388,43
S1-E5,0,270,1.539,22.227,411,48
S1-E5,0,271,1.611,20.309,438,49
S1-E5,0,272,1.672,20.285,411,42
S1-E5,0,273,1.810,18.539,396,30
S1-E5,0,274,1.978,18.033,390,28
S1-E5,0,275,1.726,20.134,418,23
S1-E5,0,276,1.425,20.132,378,45
S1-E5,0,277,1.293,18.919,388,36
S1-E5,0,278,1.523,21.964,459,40
S1-E5,0,279,1.575,19.354,437,41
S1-E5,0,280,1.525,20.431,404,35
S1-E5,0,281,1.565,20.730,392,46
S1-E5,0,282,1.437,25.244,461,50
S1-E5,0,283,1.364,20.576,445,38
S1-E5,0,284,1.266,18.389,401,44
S1-E5,0,285,1.543,21.001,377,41
S1-E5,0,286,1.451,18.097,343,33
S1-E5,0,287,1.566,21.826,402,47
S1-E5,0,288,1.328,23.368,331,43
S1-E5,0,289,1.254,19.210,336,33
S1-E5,0,290,1.559,20.342,452,35
S1-E5,0,291,1.373,22.413,317,39
S1-E5,0,292,1.247,20.807,358,51
S1-E5,0,293,1.559,20.426,369,26
S1-E5,0,294,1.238,18.973,340,34
S1-E5,0,295,1.234,17.734,430,39
S1-E5,0,296,1.596,17.433,351,40
S1-E5,0,297,1.417,19.183,328,53
S1-E5,0,298,1.409,22.530,361,33
S1-E5,0,299,1.266,22.731,388,28
S1-E5,0,300,1.315,21.697,348,38
S1-E5,0,301,1.352,19.525,346,36
S1-E5,0,302,1.280,19.090,446,37
S1-E5,0,303,1.239,20.607,346,42
S1-E5,0,304,1.224,24.476,384,38
S1-E5,0,305,1.158,24.987,340,32
S1-E5,0,306,1.319,24.400,302,41
S1-E5,0,307,15.153,31.687,320,38
S1-E5,0,308,15.723,33.395,342,35
S1-E5,0,309,12.130,43.025,296,39
S1-E5,0,310,10.680,44.651,342,33
S1-E5,0,311,9.530,78.589,388,35
S1-E5,0,312,6.584,59.565,308,38
S1-E5,0,313,5.254,69.982,360,43
S1-E5,0,314,4.595,80.331,361,36
S1-E5,0,315,3.682,69.956,337,43
S1-E5,0,316,2.950,54.925,332,36
S1-E5,0,317,1.901,56.988,336,43
S1-E5,0,318,1.351,57.310,349,50
S1-E5,0,319,1.176,49.394,408,45
S1-E5,0,320,1.003,53.177,329,38
S1-E5,0,321,0.935,38.691,347,26
S1-E5,0,322,0.882,39.362,296,46
S1-E5,0,323,1.012,31.214,315,37
S1-E5,0,324,1.142,35.553,310,31
S1-E5,0,325,0.894,27.859,470,33
S1-E5,0,326,1.201,24.319,392,33
S1-E5,0,327,1.201,26.088,329,39
S1-E5,0,328,1.140,22.981,497,42
S1-E5,0,329,1.182,23.037,346,35
S1-E5,0,330,1.293,23.904,415,30
S1-E5,0,331,1.288,17.080,503,31
S1-E5,0,332,1.222,20.299,394,42
S1-E5,0,333,1.634,21.280,435,44
S1-E5,0,334,1.660,14.656,494,34
S1-E5,0,335,1.817,16.024,546,40
S1-E5,0,336,1.873,14.904,446,39
S1-E5,0,337,1.882,13.598,521,32
S1-E5,0,338,1.847,17.532,497,43
S1-E5,0,339,1.936,18.119,432,40
S1-E5,0,340,1.794,16.935,537,34
S1-E5,0,341,1.875,16.866,444,37
S1-E5,0,342,1.734,15.436,482,37
S1-E5,0,343,2.194,14.829,441,47
S1-E5,0,344,2.316,14.128,468,45
S1-E5,0,345,2.011,17.017,448,33
S1-E5,0,346,1.989,17.057,489,46
S1-E5,0,347,1.875,16.476,390,41
S1-E5,0,348,1.949,18.540,423,34
S1-E5,0,349,1.718,21.842,400,46
S1-E5,0,350,1.739,19.786,398,32
S1-E5,0,351,1.573,28.319,438,46
S1-E5,0,352,1.309,24.571,394,31
S1-E5,0,353,1.431,22.896,446,38
S1-E5,0,354,1.415,21.790,432,32
S1-E5,0,355,1.476,21.764,425,45
S1-E5,0,356,1.581,23.768,444,51
S1-E5,0,357,1.809,23.213,370,31
S1-E5,0,358,1.415,25.191,388,28
S1-E5,0,359,1.511,26.034,349,39
S1-E5,0,360,1.802,19.269,436,29
S1-E5,0,361,1.929,22.010,477,27
S1-E5,0,362,1.888,21.390,396,37
S1-E5,0,363,1.918,24.734,330,34
S1-E5,0,364,1.973,21.495,312,27
S1-E5,0,365,1.940,24.679,386,31
S1-E5,0,366,1.772,25.794,332,38
S1-E5,0,367,1.749,24.098,333,44
S1-E5,0,368,1.688,28.283,328,43
S1-E5,0,369,1.470,27.095,435,44
S1-E5,0,370,1.584,32.308,295,30
S1-E5,0,371,1.742,28.427,345,36
S1-E5,0,372,1.693,30.728,314,39
S1-E5,0,373,1.561,31.426,357,36
S1-E5,0,374,1.454,29.699,394,34
S1-E5,0,375,1.642,34.727,430,39
S1-E5,0,376,1.592,31.970,329,42
S1-E5,0,377,1.509,26.611,348,31
S1-E5,0,378,1.848,31.237,354,34
S1-E5,0,379,1.755,30.635,339,30
S1-E5,0,380,1.841,29.813,453,39
S1-E5,0,381,1.741,35.758,365,37
S1-E5,0,382,1.856,30.068,374,35
S1-E5,0,383,1.757,28.600,345,36
S1-E5,0,384,1.531,35.232,397,30
S1-E5,0,385,1.710,36.672,387,39
S1-E5,0,386,1.827,30.388,420,38
S1-E5,0,387,1.783,30.921,438,37
S1-E5,0,388,1.677,28.704,511,35
S1-E5,0,389,1.558,28.822,332,46
S1-E5,0,390,1.726,32.980,490,47
S1-E5,0,391,1.872,31.218,419,35
S1-E5,0,392,1.590,34.637,468,45
S1-E5,0,393,1.782,34.966,403,29
S1-E5,0,394,1.578,38.165,426,50
S1-E5,0,395,1.599,30.045,360,41
S1-E5,0,396,1.723,31.849,434,32
S1-E5,0,397,1.433,33.599,402,41
S1-E5,0,398,1.707,32.204,424,35
S1-E5,0,399,1.929,30.005,411,30
S1-E5,1,0,1.423,28.304,362,34
S1-E5,1,1,1.254,21.881,305,28
S1-E5,1,2,1.363,23.295,433,25
S1-E5,1,3,1.358,23.854,307,27
S1-E5,1,4,1.428,25.730,364,35
S1-E5,1,5,1.249,24.354,281,27
S1-E5,1,6,1.291,23.650,353,39
S1-E5,1,7,1.476,22.152,266,26
S1-E5,1,8,1.350,26.445,359,41
S1-E5,1,9,1.438,24.498,323,39
S1-E5,1,10,1.314,34.225,345,35
S1-E5,1,11,1.250,25.478,363,26
S1-E5,1,12,1.232,26.431,318,31
S1-E5,1,13,1.192,29.497,328,29
S1-E5,1,14,1.404,26.432,323,28
S1-E5,1,15,1.099,28.561,393,19
S1-E5,1,16,1.177,31.602,385,29
S1-E5,1,17,1.308,26.801,327,35
S1-E5,1,18,1.297,22.870,390,40
S1-E5,1,19,1.224,31.442,356,37
S1-E5,1,20,1.306,26.494,364,37
S1-E5,1,21,1.168,26.477,343,28
S1-E5,1,22,1.166,31.921,324,28
S1-E5,1,23,1.343,22.877,281,31
S1-E5,1,24,1.389,30.224,350,26
S1-E5,1,25,1.285,23.421,285,28
S1-E5,1,26,1.574,22.685,329,37
S1-E5,1,27,1.519,23.595,397,26
S1-E5,1,28,1.613,26.150,327,35
S1-E5,1,29,1.373,30.072,373,32
S1-E5,1,30,1.441,29.153,413,34
S1-E5,1,31,1.287,28.777,362,20
S1-E5,1,32,1.535,26.763,392,27
S1-E5,1,33,1.487,21.998,367,21
S1-E5,1,34,1.536,25.272,368,27
S1-E5,1,35,1.675,28.854,420,20
S1-E5,1,36,1.634,28.767,348,26
S1-E5,1,37,1.657,28.784,346,27
S1-E5,1,38,1.649,29.067,377,31
S1-E5,1,39,1.520,29.299,359,32
S1-E5,1,40,1.302,27.929,352,14
S1-E5,1,41,1.434,33.663,385,19
S1-E5,1,42,1.883,38.444,406,32
S1-E5,1,43,1.463,28.695,366,31
S1-E5,1,44,1.748,26.134,373,28
S1-E5,1,45,1.373,37.642,476,28
S1-E5,1,46,1.785,25.625,402,36
S1-E5,1,47,1.803,26.194,485,30
S1-E5,1,48,2.206,29.114,412,32
S1-E5,1,49,1.619,33.364,415,31
S1-E5,1,50,1.771,31.123,374,25
S1-E5,1,51,2.005,32.756,430,37
S1-E5,1,52,1.967,28.639,377,27
S1-E5,1,53,2.129,40.058,477,32
S1-E5,1,54,2.241,29.875,407,33
S1-E5,1,55,1.888,36.935,437,30
S1-E5,1,56,2.228,27.643,342,31
S1-E5,1,57,2.696,40.386,374,27
S1-E5,1,58,2.421,36.319,385,39
S1-E5,1,59,2.565,42.452,431,34
S1-E5,1,60,2.272,36.424,477,38
S1-E5,1,61,2.239,36.076,402,28
S1-E5,1,62,2.554,35.524,459,24
S1-E5,1,63,2.275,38.687,390,27
S1-E5,1,64,2.131,38.236,320,35
S1-E5,1,65,2.040,40.552,484,26
S1-E5,1,66,2.162,32.509,396,31
S1-E5,1,67,2.430,30.577,432,37
S1-E5,1,68,2.474,39.387,451,35
S1-E5,1,69,2.169,32.012,498,49
S1-E5,1,70,2.209,41.734,521,27
S1-E5,1,71,2.335,37.450,401,44
S1-E5,1,72,2.553,38.166,541,33
S1-E5,1,73,2.491,37.235,360,29
S1-E5,1,74,1.978,34.917,480,32
S1-E5,1,75,2.309,38.002,578,32
S1-E5,1,76,2.254,33.243,445,36
S1-E5,1,77,2.337,35.888,460,31
S1-E5,1,78,2.839,30.972,507,47
S1-E5,1,79,2.858,37.082,466,26
S1-E5,1,80,2.935,31.289,506,41
S1-E5,1,81,2.312,27.246,468,21
S1-E5,1,82,2.613,48.161,490,32
S1-E5,1,83,2.775,34.023,679,28
S1-E5,1,84,2.998,34.605,532,24
S1-E5,1,85,3.222,28.806,528,29
S1-E5,1,86,3.214,36.078,566,25
S1-E5,1,87,3.136,33.853,449,34
S1-E5,1,88,2.675,34.951,561,30
S1-E5,1,89,3.075,31.773,644,24
S1-E5,1,90,2.466,34.081,623,37
S1-E5,1,91,2.679,37.593,520,28
S1-E5,1,92,3.093,37.956,559,35
S1-E5,1,93,3.014,30.641,505,22
S1-E5,1,94,3.291,26.178,492,25
S1-E5,1,95,2.884,26.474,762,37
S1-E5,1,96,3.279,25.778,596,36
S1-E5,1,97,3.571,32.692,605,42
S1-E5,1,98,3.069,33.075,703,28
S1-E5,1,99,3.229,30.141,613,30
S1-E5,1,100,3.132,31.835,514,28
S1-E5,1,101,3.235,29.976,638,35
S1-E5,1,102,3.550,28.979,601,33
S1-E5,1,103,3.723,30.561,605,37
S1-E5,1,104,3.293,31.152,630,34
S1-E5,1,105,3.241,31.139,636,30
S1-E5,1,106,3.310,30.508,636,25
S1-E5,1,107,3.610,32.169,603,33
S1-E5,1,108,3.961,26.901,625,25
S1-E5,1,109,3.582,27.491,545,39
S1-E5,1,110,3.467,38.559,578,32
S1-E5,1,111,2.721,35.295,605,36
S1-E5,1,112,3.623,29.607,664,44
S1-E5,1,113,3.720,31.885,774,32
S1-E5,1,114,4.127,27.863,576,38
S1-E5,1,115,3.284,28.872,649,32
S1-E5,1,116,3.793,28.398,577,31
S1-E5,1,117,3.720,28.022,604,30
S1-E5,1,118,3.296,27.017,637,22
S1-E5,1,119,3.417,32.380,603,28
S1-E5,1,120,3.086,26.663,690,26
S1-E5,1,121,3.577,30.702,604,29
S1-E5,1,122,3.311,29.728,574,30
S1-E5,1,123,3.296,30.680,730,16
S1-E5,1,124,3.243,31.844,554,22
S1-E5,1,125,3.435,26.747,598,43
S1-E5,1,126,2.921,26.888,645,39
S1-E5,1,127,4.120,23.053,510,33
S1-E5,1,128,3.470,27.117,637,25
S1-E5,1,129,3.989,33.888,771,27
S1-E5,1,130,3.630,28.149,417,36
S1-E5,1,131,3.458,27.132,516,47
S1-E5,1,132,4.196,27.940,562,32
S1-E5,1,133,3.548,31.224,615,32
S1-E5,1,134,3.704,25.602,513,40
S1-E5,1,135,3.550,26.495,573,34
S1-E5,1,136,3.464,34.344,624,25
S1-E5,1,137,3.641,28.674,593,32
S1-E5,1,138,4.158,27.975,597,42
S1-E5,1,139,3.720,26.217,707,34
S1-E5,1,140,3.236,30.853,582,29
S1-E5,1,141,4.077,32.441,616,29
S1-E5,1,142,3.794,29.103,638,27
S1-E5,1,143,3.197,24.097,727,36
S1-E5,1,144,3.847,24.423,678,31
S1-E5,1,145,3.568,30.847,802,30
S1-E5,1,146,4.017,24.663,753,26
S1-E5,1,147,4.014,24.493,655,30
S1-E5,1,148,3.640,28.194,649,31
S1-E5,1,149,3.722,25.287,607,34
S1-E5,1,150,3.631,28.262,717,48
S1-E5,1,151,3.379,29.658,658,41
S1-E5,1,152,3.374,29.146,821,33
S1-E5,1,153,3.781,24.009,711,37
S1-E5,1,154,4.082,31.724,569,21
S1-E5,1,155,6.741,35.472,514,35
S1-E5,1,156,6.859,39.205,579,30
S1-E5,1,157,5.117,31.959,630,38
S1-E5,1,158,5.001,38.893,635,42
S1-E5,1,159,5.500,28.074,681,34
S1-E5,1,160,4.900,37.165,715,36
S1-E5,1,161,4.279,30.207,503,42
S1-E5,1,162,4.185,35.566,530,24
S1-E5,1,163,3.527,32.319,562,28
S1-E5,1,164,3.583,42.385,557,35
S1-E5,1,165,3.188,28.141,588,36
S1-E5,1,166,2.976,31.920,666,41
S1-E5,1,167,2.921,36.918,503,43
S1-E5,1,168,3.053,32.936,683,34
S1-E5,1,169,3.014,32.146,629,41
S1-E5,1,170,2.919,38.929,684,38
S1-E5,1,171,2.887,29.477,669,37
S1-E5,1,172,2.884,32.606,619,34
S1-E5,1,173,2.513,29.609,658,40
S1-E5,1,174,2.781,36.955,599,35
S1-E5,1,175,3.106,30.269,507,27
S1-E5,1,176,6.227,27.231,809,23
S1-E5,1,177,6.335,27.962,618,32
S1-E5,1,178,5.208,38.490,569,34
S1-E5,1,179,4.569,39.743,687,36
S1-E5,1,180,4.396,36.815,658,39
S1-E5,1,181,3.603,35.783,526,30
S1-E5,1,182,3.562,33.918,556,43
S1-E5,1,183,3.232,34.715,638,36
S1-E5,1,184,3.544,28.903,590,43
S1-E5,1,185,3.204,32.306,605,32
S1-E5,1,186,3.032,25.780,646,25
S1-E5,1,187,3.470,26.429,568,26
S1-E5,1,188,3.589,27.507,624,38
S1-E5,1,189,3.313,26.551,600,43
S1-E5,1,190,2.806,24.829,751,44
S1-E5,1,191,2.830,25.543,592,39
S1-E5,1,192,3.015,26.368,600,35
S1-E5,1,193,2.957,24.389,563,36
S1-E5,1,194,3.055,23.562,652,40
S1-E5,1,195,2.800,23.988,618,33
S1-E5,1,196,3.100,17.755,545,37
S1-E5,1,197,10.877,22.476,692,47
S1-E5,1,198,11.010,23.824,561,48
S1-E5,1,199,8.150,31.639,565,43
S1-E5,1,200,8.449,29.893,788,41
S1-E5,1,201,6.149,34.402,609,52
S1-E5,1,202,6.251,41.677,718,38
S1-E5,1,203,4.713,33.132,727,46
S1-E5,1,204,4.139,50.122,592,29
S1-E5,1,205,3.588,39.491,792,27
S1-E5,1,206,2.984,38.705,524,40
S1-E5,1,207,2.970,43.145,629,45
S1-E5,1,208,2.366,33.024,680,37
S1-E5,1,209,2.377,36.963,540,42
S1-E5,1,210,2.843,27.691,625,43
S1-E5,1,211,2.122,33.479,620,40
S1-E5,1,212,2.211,30.617,552,38
S1-E5,1,213,2.053,26.498,520,41
S1-E5,1,214,2.016,26.095,580,48
S1-E5,1,215,2.170,21.299,610,46
S1-E5,1,216,1.736,20.770,611,38
S1-E5,1,217,2.205,21.920,716,36
S1-E5,1,218,2.075,20.911,572,44
S1-E5,1,219,2.421,22.841,575,47
S1-E5,1,220,2.385,18.962,583,27
S1-E5,1,221,2.241,20.661,610,49
S1-E5,1,222,2.420,21.706,585,39
S1-E5,1,223,2.432,22.768,519,32
S1-E5,1,224,2.639,17.897,656,38
S1-E5,1,225,2.647,18.996,613,46
S1-E5,1,226,2.872,20.167,582,37
S1-E5,1,227,2.595,19.987,719,39
S1-E5,1,228,2.593,18.904,648,33
S1-E5,1,229,2.278,17.727,697,34
S1-E5,1,230,44.625,17.859,476,39
S1-E5,1,231,40.062,25.560,603,43
S1-E5,1,232,34.168,26.173,634,43
S1-E5,1,233,28.814,34.312,670,34
S1-E5,1,234,27.749,41.083,515,30
S1-E5,1,235,19.602,41.896,638,32
S1-E5,1,236,20.512,49.870,477,45
S1-E5,1,237,17.968,53.021,567,49
S1-E5,1,238,15.154,58.223,654,54
S1-E5,1,239,12.124,64.179,528,31
S1-E5,1,240,10.876,53.295,535,49
S1-E5,1,241,9.593,58.621,567,31
S1-E5,1,242,8.094,54.966,481,42
S1-E5,1,243,5.964,69.201,550,30
S1-E5,1,244,5.180,49.863,447,36
S1-E5,1,245,4.131,51.891,493,46
S1-E5,1,246,3.513,49.193,628,32
S1-E5,1,247,2.655,49.679,514,44
S1-E5,1,248,2.220,44.019,471,35
S1-E5,1,249,1.948,42.843,425,44
S1-E5,1,250,1.659,36.829,587,38
S1-E5,1,251,1.683,36.691,597,37
S1-E5,1,252,1.416,31.670,398,31
S1-E5,1,253,1.421,31.287,629,33
S1-E5,1,254,1.410,24.470,551,49
S1-E5,1,255,1.590,23.929,602,39
S1-E5,1,256,1.681,18.675,578,33
S1-E5,1,257,1.838,14.625,590,36
S1-E5,1,258,1.792,15.254,533,44
S1-E5,1,259,1.831,13.967,501,31
S1-E5,1,260,1.972,13.580,591,48
S1-E5,1,261,1.955,12.524,629,50
S1-E5,1,262,2.472,12.734,637,42
S1-E5,1,263,2.296,12.357,662,52
S1-E5,1,264,2.463,14.557,697,39
S1-E5,1,265,2.559,12.651,659,47
S1-E5,1,266,2.404,11.614,561,37
S1-E5,1,267,2.506,10.764,757,48
S1-E5,1,268,2.882,9.487,605,46
S1-E5,1,269,2.696,9.065,547,44
S1-E5,1,270,2.367,11.680,610,38
S1-E5,1,271,2.884,9.494,549,39
S1-E5,1,272,2.747,12.523,657,37
S1-E5,1,273,2.432,10.594,628,40
S1-E5,1,274,2.136,11.831,537,41
S1-E5,1,275,2.700,12.038,525,31
S1-E5,1,276,2.578,13.682,648,40
S1-E5,1,277,2.590,15.332,495,35
S1-E5,1,278,2.182,14.240,474,46
S1-E5,1,279,2.400,15.707,561,46
S1-E5,1,280,2.470,12.416,500,44
S1-E5,1,281,2.282,14.513,425,49
S1-E5,1,282,2.287,16.577,555,44
S1-E5,1,283,2.054,15.725,508,30
S1-E5,1,284,2.583,15.864,421,46
S1-E5,1,285,2.115,14.441,404,37
S1-E5,1,286,1.803,17.839,410,46
S1-E5,1,287,2.585,16.560,407,40
S1-E5,1,288,1.911,17.992,454,44
S1-E5,1,289,1.837,18.438,342,43
S1-E5,1,290,1.556,22.013,507,38
S1-E5,1,291,1.505,24.171,327,43
S1-E5,1,292,1.611,25.426,479,36
S1-E5,1,293,1.309,23.143,394,36
S1-E5,1,294,1.137,24.422,361,48
S1-E5,1,295,1.437,20.592,340,38
S1-E5,1,296,1.241,20.836,387,38
S1-E5,1,297,1.501,20.466,406,47
S1-E5,1,298,1.309,20.769,349,34
S1-E5,1,299,1.283,24.088,336,39
S1-E5,1,300,1.092,25.853,310,37
S1-E5,1,301,1.265,23.924,304,48
S1-E5,1,302,1.305,23.526,382,45
S1-E5,1,303,1.381,21.499,323,39
S1-E5,1,304,1.079,26.366,343,44
S1-E5,1,305,1.179,23.781,367,34
S1-E5,1,306,1.377,22.321,349,38
S1-E5,1,307,1.189,19.748,339,38
S1-E5,1,308,1.224,27.101,333,41
S1-E5,1,309,1.214,22.542,376,41
S1-E5,1,310,1.229,22.288,337,43
S1-E5,1,311,1.264,23.053,327,47
S1-E5,1,312,1.164,25.250,319,49
S1-E5,1,313,1.195,22.803,337,44
S1-E5,1,314,1.449,22.169,321,38
S1-E5,1,315,1.354,18.641,312,44
S1-E5,1,316,1.333,23.040,353,44
S1-E5,1,317,1.540,23.688,378,26
S1-E5,1,318,1.388,20.342,329,40
S1-E5,1,319,5.133,26.079,428,41
S1-E5,1,320,3.983,36.927,348,40
S1-E5,1,321,2.788,41.354,337,41
S1-E5,1,322,3.272,36.189,378,45
S1-E5,1,323,2.201,47.300,321,43
S1-E5,1,324,1.842,48.853,334,41
S1-E5,1,325,1.482,36.581,278,28
S1-E5,1,326,1.126,37.668,325,41
S1-E5,1,327,0.941,31.270,282,40
S1-E5,1,328,1.052,34.679,367,55
S1-E5,1,329,1.083,35.695,272,29
S1-E5,1,330,1.064,29.807,333,29
S1-E5,1,331,1.033,28.060,313,37
S1-E5,1,332,1.189,28.257,299,34
S1-E5,1,333,1.234,28.461,273,34
S1-E5,1,334,1.295,26.406,382,34
S1-E5,1,335,1.183,23.789,280,37
S1-E5,1,336,1.176,24.878,328,42
S1-E5,1,337,1.262,25.485,412,24
S1-E5,1,338,1.461,21.651,406,40
S1-E5,1,339,1.161,23.479,337,44
S1-E5,1,340,1.391,22.698,313,49
S1-E5,1,341,1.499,29.830,406,40
S1-E5,1,342,1.456,27.232,358,45
S1-E5,1,343,1.412,23.124,268,24
S1-E5,1,344,1.257,25.648,395,35
S1-E5,1,345,5.882,28.236,332,35
S1-E5,1,346,4.423,33.574,414,30
S1-E5,1,347,3.081,41.391,400,45
S1-E5,1,348,2.808,37.273,422,28
S1-E5,1,349,2.310,40.843,367,25
S1-E5,1,350,1.978,47.031,449,29
S1-E5,1,351,1.515,41.851,295,33
S1-E5,1,352,1.425,38.631,337,37
S1-E5,1,353,1.191,37.604,358,51
S1-E5,1,354,1.027,37.226,387,47
S1-E5,1,355,1.234,32.437,314,35
S1-E5,1,356,1.237,31.161,311,42
S1-E5,1,357,1.353,31.029,359,37
S1-E5,1,358,1.171,33.299,409,33
S1-E5,1,359,1.316,30.729,356,37
S1-E5,1,360,1.869,30.336,433,53
S1-E5,1,361,1.282,24.177,371,32
S1-E5,1,362,1.254,28.686,408,42
S1-E5,1,363,1.575,30.388,484,49
S1-E5,1,364,1.389,29.528,352,40
S1-E5,1,365,1.388,23.633,363,41
S1-E5,1,366,1.253,33.595,433,40
S1-E5,1,367,1.621,25.382,372,39
S1-E5,1,368,1.591,23.657,482,37
S1-E5,1,369,1.562,22.550,385,41
S1-E5,1,370,1.859,20.496,573,29
S1-E5,1,371,1.681,26.995,343,36
S1-E5,1,372,1.599,31.807,401,40
S1-E5,1,373,1.877,31.230,438,41
S1-E5,1,374,1.700,29.270,428,49
S1-E5,1,375,1.670,23.531,408,42
S1-E5,1,376,1.837,26.342,372,29
S1-E5,1,377,1.703,26.123,472,47
S1-E5,1,378,2.176,23.211,408,40
S1-E5,1,379,1.871,25.207,384,33
S1-E5,1,380,2.233,24.428,374,33
S1-E5,1,381,1.990,30.240,431,36
S1-E5,1,382,1.990,28.240,344,44
S1-E5,1,383,2.118,26.332,400,35
S1-E5,1,384,2.105,30.022,384,33
S1-E5,1,385,1.738,31.896,400,54
S1-E5,1,386,1.951,31.521,409,40
S1-E5,1,387,1.701,25.933,409,34
S1-E5,1,388,1.695,33.355,419,42
S1-E5,1,389,1.832,29.060,400,40
S1-E5,1,390,1.626,23.446,370,37
S1-E5,1,391,2.061,30.256,468,35
S1-E5,1,392,1.798,30.629,417,45
S1-E5,1,393,1.830,33.730,398,43
S1-E5,1,394,1.856,31.083,539,36
S1-E5,1,395,2.168,28.618,363,34
S1-E5,1,396,1.946,29.720,556,47
S1-E5,1,397,1.951,31.970,404,27
S1-E5,1,398,2.193,33.598,439,41
S1-E5,1,399,1.982,30.898,368,33
S1-E5,2,0,1.239,28.774,297,24
S1-E5,2,1,1.256,25.566,253,29
S1-E5,2,2,1.272,20.889,331,31
S1-E5,2,3,1.315,20.401,315,28
S1-E5,2,4,1.252,23.036,329,25
S1-E5,2,5,1.137,22.485,315,40
S1-E5,2,6,1.177,23.331,338,36
S1-E5,2,7,1.168,25.111,331,27
S1-E5,2,8,1.120,22.178,271,24
S1-E5,2,9,1.208,21.685,329,27
S1-E5,2,10,1.122,28.835,277,33
S1-E5,2,11,1.127,27.037,380,29
S1-E5,2,12,1.185,24.739,319,25
S1-E5,2,13,1.313,23.873,400,32
S1-E5,2,14,1.356,26.601,389,23
S1-E5,2,15,1.335,28.339,329,39
S1-E5,2,16,0.995,24.583,288,28
S1-E5,2,17,1.263,24.698,351,22
S1-E5,2,18,1.282,28.829,289,22
S1-E5,2,19,1.287,24.477,308,29
S1-E5,2,20,1.163,24.298,247,22
S1-E5,2,21,1.464,27.405,401,22
S1-E5,2,22,1.321,29.571,349,33
S1-E5,2,23,1.235,30.964,400,33
S1-E5,2,24,1.350,28.057,353,22
S1-E5,2,25,1.530,27.475,343,35
S1-E5,2,26,1.460,26.086,429,39
S1-E5,2,27,1.433,28.895,345,29
S1-E5,2,28,1.197,28.876,372,22
S1-E5,2,29,1.318,29.734,453,19
S1-E5,2,30,1.328,26.090,350,21
S1-E5,2,31,1.596,31.608,370,32
S1-E5,2,32,1.670,26.464,407,31
S1-E5,2,33,1.648,24.287,507,31
S1-E5,2,34,1.621,25.672,428,23
S1-E5,2,35,1.483,23.676,399,26
S1-E5,2,36,1.398,30.239,344,26
S1-E5,2,37,1.569,22.428,445,37
S1-E5,2,38,1.791,26.605,371,33
S1-E5,2,39,1.418,28.260,351,34
S1-E5,2,40,1.434,26.122,400,28
S1-E5,2,41,1.589,32.494,318,26
S1-E5,2,42,1.668,29.667,315,36
S1-E5,2,43,1.574,26.921,379,30
S1-E5,2,44,1.622,26.464,429,37
S1-E5,2,45,1.758,26.713,390,29
S1-E5,2,46,1.781,27.368,375,26
S1-E5,2,47,1.719,23.280,459,39
S1-E5,2,48,1.663,25.792,373,29
S1-E5,2,49,2.051,28.194,396,37
S1-E5,2,50,1.687,33.090,427,37
S1-E5,2,51,1.951,23.875,463,39
S1-E5,2,52,2.099,27.734,398,41
S1-E5,2,53,2.203,35.332,415,26
S1-E5,2,54,1.868,35.278,390,32
S1-E5,2,55,36.724,48.130,507,38
S1-E5,2,56,35.008,52.329,371,27
S1-E5,2,57,35.031,55.216,460,17
S1-E5,2,58,33.070,51.993,389,30
S1-E5,2,59,25.367,58.699,389,21
S1-E5,2,60,23.359,76.312,344,29
S1-E5,2,61,21.203,67.306,241,21
S1-E5,2,62,19.366,66.895,154,31
S1-E5,2,63,16.824,80.756,126,16
S1-E5,2,64,15.415,84.100,98,17
S1-E5,2,65,13.894,75.601,69,19
S1-E5,2,66,11.806,90.201,62,23
S1-E5,2,67,10.564,94.106,39,14
S1-E5,2,68,11.813,90.815,24,15
S1-E5,2,69,9.956,88.161,23,15
S1-E5,2,70,8.694,88.589,20,11
S1-E5,2,71,23.386,87.496,15,17
S1-E5,2,72,22.054,75.728,13,7
S1-E5,2,73,21.757,97.636,10,11
S1-E5,2,74,18.036,100.928,7,5
S1-E5,2,75,17.492,96.574,5,9
S1-E5,2,76,13.917,92.853,5,5
S1-E5,2,77,15.116,86.721,4,6
S1-E5,2,78,13.581,76.118,4,6
S1-E5,2,79,13.123,93.089,3,2
S1-E5,2,80,12.305,85.889,2,5
S1-E5,2,81,13.063,76.977,2,3
S1-E5,2,82,11.282,73.829,2,3
S1-E5,2,83,11.215,101.196,2,7
S1-E5,2,84,8.655,94.970,2,5
S1-E5,2,85,8.969,89.624,2,4
S1-E5,2,86,8.233,86.607,1,3
S1-E5,2,87,7.313,71.989,2,3
S1-E5,2,88,7.522,84.524,2,5
S1-E5,2,89,7.139,92.826,1,4
S1-E5,2,90,6.854,100.014,1,6
S1-E5,2,91,5.534,94.306,2,7
S1-E5,2,92,5.842,103.019,1,2
S1-E5,2,93,5.966,85.196,1,4
S1-E5,2,94,5.980,97.158,1,2
S1-E5,2,95,5.704,92.946,2,0
S1-E5,2,96,5.300,87.714,1,2
S1-E5,2,97,5.007,75.788,1,2
S1-E5,2,98,6.063,96.719,1,5
S1-E5,2,99,4.986,83.187,2,1
S1-E5,2,100,5.700,94.147,1,1
S1-E5,2,101,5.039,87.404,1,4
S1-E5,2,102,5.466,95.527,1,2
S1-E5,2,103,5.631,85.655,1,1
S1-E5,2,104,5.248,91.292,1,0
S1-E5,2,105,4.436,92.519,1,0
S1-E5,2,106,5.207,78.317,1,0
S1-E5,2,107,4.746,84.870,1,3
S1-E5,2,108,4.651,80.439,1,0
S1-E5,2,109,4.925,89.264,1,3
S1-E5,2,110,4.343,89.297,1,1
S1-E5,2,111,4.451,95.856,1,0
S1-E5,2,112,4.954,77.428,1,1
S1-E5,2,113,4.671,97.972,1,0
S1-E5,2,114,4.859,83.723,1,0
S1-E5,2,115,5.040,83.205,2,0
S1-E5,2,116,4.599,85.730,1,1
S1-E5,2,117,5.562,72.659,1,1
S1-E5,2,118,4.699,90.692,2,2
S1-E5,2,119,5.587,79.225,1,2
S1-E5,2,120,4.891,96.875,1,0
S1-E5,2,121,5.026,94.809,1,0
S1-E5,2,122,4.851,75.907,1,0
S1-E5,2,123,4.377,93.125,1,0
S1-E5,2,124,4.972,80.170,1,1
S1-E5,2,125,5.384,92.288,1,3
S1-E5,2,126,5.094,90.990,1,2
S1-E5,2,127,5.017,76.892,2,0
S1-E5,2,128,4.981,85.488,2,2
S1-E5,2,129,4.617,91.857,1,0
S1-E5,2,130,4.955,97.458,1,1
S1-E5,2,131,5.562,88.965,1,0
S1-E5,2,132,4.207,104.341,1,0
S1-E5,2,133,4.768,94.256,1,0
S1-E5,2,134,4.744,89.349,1,1
S1-E5,2,135,31.618,85.996,1,0
S1-E5,2,136,29.965,102.445,1,1
S1-E5,2,137,26.496,90.683,1,0
S1-E5,2,138,26.063,78.257,1,0
S1-E5,2,139,21.980,93.971,1,1
S1-E5,2,140,21.742,83.198,1,0
S1-E5,2,141,18.879,102.103,1,0
S1-E5,2,142,17.977,86.627,1,1
S1-E5,2,143,17.081,81.220,1,0
S1-E5,2,144,15.098,84.027,2,1
S1-E5,2,145,15.460,83.494,1,0
S1-E5,2,146,13.534,92.821,1,0
S1-E5,2,147,13.086,106.552,1,1
S1-E5,2,148,11.799,100.559,1,0
S1-E5,2,149,10.694,84.557,1,1
S1-E5,2,150,10.619,91.906,1,2
S1-E5,2,151,9.951,77.129,2,0
S1-E5,2,152,10.220,88.027,1,0
S1-E5,2,153,8.119,102.382,1,1
S1-E5,2,154,7.616,97.068,1,0
S1-E5,2,155,12.912,86.838,1,1
S1-E5,2,156,11.544,87.696,1,0
S1-E5,2,157,10.835,88.988,1,1
S1-E5,2,158,9.851,102.041,1,0
S1-E5,2,159,9.436,91.382,1,0
S1-E5,2,160,8.730,92.379,2,1
S1-E5,2,161,8.836,91.865,1,1
S1-E5,2,162,8.226,82.619,1,1
S1-E5,2,163,7.961,100.980,1,1
S1-E5,2,164,8.395,84.929,1,0
S1-E5,2,165,7.162,98.550,1,0
S1-E5,2,166,6.193,91.551,1,0
S1-E5,2,167,7.114,82.618,1,0
S1-E5,2,168,6.597,85.208,2,0
S1-E5,2,169,6.188,105.186,1,1
S1-E5,2,170,5.399,82.910,1,0
S1-E5,2,171,5.301,91.048,1,0
S1-E5,2,172,4.844,102.436,1,0
S1-E5,2,173,5.894,93.142,1,1
S1-E5,2,174,5.545,82.227,1,0
S1-E5,2,175,5.579,89.981,1,0
S1-E5,2,176,5.027,85.812,2,0
S1-E5,2,177,4.908,93.391,2,2
S1-E5,2,178,5.065,101.993,2,0
S1-E5,2,179,4.266,84.822,1,1
S1-E5,2,180,3.892,89.469,1,1
S1-E5,2,181,4.271,84.394,2,0
S1-E5,2,182,4.448,84.384,1,0
S1-E5,2,183,3.753,79.035,1,0
S1-E5,2,184,3.646,79.210,1,3
S1-E5,2,185,4.135,78.062,1,0
S1-E5,2,186,4.172,88.263,2,0
S1-E5,2,187,3.793,94.851,1,1
S1-E5,2,188,3.264,83.234,1,1
S1-E5,2,189,4.148,89.712,1,0
S1-E5,2,190,3.345,98.513,1,0
S1-E5,2,191,3.107,79.369,1,0
S1-E5,2,192,2.852,93.445,1,0
S1-E5,2,193,3.433,94.515,1,1
S1-E5,2,194,3.283,84.815,1,0
S1-E5,2,195,3.013,88.357,1,0
S1-E5,2,196,3.200,85.079,1,0
S1-E5,2,197,2.757,75.776,2,2
S1-E5,2,198,3.231,75.238,1,1
S1-E5,2,199,2.897,83.422,1,1
S1-E5,2,200,3.047,76.101,1,0
S1-E5,2,201,3.032,73.690,1,0
S1-E5,2,202,3.446,84.413,1,0
S1-E5,2,203,2.698,93.725,1,0
S1-E5,2,204,3.189,92.171,1,1
S1-E5,2,205,2.745,89.142,2,1
S1-E5,2,206,2.678,76.405,1,0
S1-E5,2,207,2.397,82.049,1,0
S1-E5,2,208,2.419,89.788,1,0
S1-E5,2,209,2.696,93.607,1,0
S1-E5,2,210,2.396,88.951,1,1
S1-E5,2,211,2.297,97.988,1,0
S1-E5,2,212,2.574,108.801,1,2
S1-E5,2,213,2.464,96.602,1,1
S1-E5,2,214,2.619,99.673,1,1
S1-E5,2,215,2.594,79.027,1,0
S1-E5,2,216,2.523,72.757,1,0
S1-E5,2,217,2.330,84.036,1,0
S1-E5,2,218,1.940,79.891,2,0
S1-E5,2,219,1.845,87.783,1,2
S1-E5,2,220,2.074,73.310,1,0
S1-E5,2,221,10.032,82.546,1,0
S1-E5,2,222,9.418,91.488,1,0
S1-E5,2,223,7.107,84.738,1,1
S1-E5,2,224,7.910,98.203,1,0
S1-E5,2,225,6.413,88.579,1,0
S1-E5,2,226,6.303,79.621,1,0
S1-E5,2,227,5.748,86.229,1,0
S1-E5,2,228,4.575,88.022,2,0
S1-E5,2,229,4.212,84.515,1,0
S1-E5,2,230,4.381,112.784,1,1
S1-E5,2,231,3.777,87.794,1,1
S1-E5,2,232,3.077,79.106,1,0
S1-E5,2,233,3.092,91.887,1,0
S1-E5,2,234,3.083,90.426,1,1
S1-E5,2,235,2.546,71.246,2,0
S1-E5,2,236,2.549,87.765,1,1
S1-E5,2,237,2.590,81.315,1,0
S1-E5,2,238,2.585,92.528,1,0
S1-E5,2,239,2.361,67.028,1,1
S1-E5,2,240,2.365,90.240,1,2
S1-E5,2,241,2.131,78.472,1,1
S1-E5,2,242,1.609,85.146,2,2
S1-E5,2,243,1.512,83.786,2,0
S1-E5,2,244,1.372,80.197,2,1
S1-E5,2,245,1.538,72.441,1,0
S1-E5,2,246,1.554,80.044,1,0
S1-E5,2,247,1.377,75.790,1,0
S1-E5,2,248,1.633,80.264,1,1
S1-E5,2,249,1.441,106.384,1,0
S1-E5,2,250,1.234,71.576,1,0
S1-E5,2,251,1.352,65.767,1,0
S1-E5,2,252,1.254,72.871,1,0
S1-E5,2,253,1.288,84.578,1,0
S1-E5,2,254,1.324,58.029,1,0
S1-E5,2,255,1.067,63.997,1,0
S1-E5,2,256,1.051,77.897,1,0
S1-E5,2,257,1.149,64.821,1,0
S1-E5,2,258,0.920,84.180,1,0
S1-E5,2,259,1.165,75.855,1,0
S1-E5,2,260,1.113,67.614,2,0
S1-E5,2,261,0.986,66.339,1,0
S1-E5,2,262,0.932,65.719,1,2
S1-E5,2,263,1.215,62.588,1,2
S1-E5,2,264,0.934,78.134,1,0
S1-E5,2,265,0.840,62.053,1,0
S1-E5,2,266,1.007,69.521,1,1
S1-E5,2,267,0.888,65.136,2,1
S1-E5,2,268,1.001,60.399,3,0
S1-E5,2,269,1.107,71.494,3,0
S1-E5,2,270,0.975,64.124,4,0
S1-E5,2,271,0.763,71.300,3,0
S1-E5,2,272,0.863,75.266,4,1
S1-E5,2,273,0.736,69.474,4,0
S1-E5,2,274,0.726,68.200,5,0
S1-E5,2,275,0.740,65.393,5,1
S1-E5,2,276,0.723,54.101,4,1
S1-E5,2,277,0.904,76.876,6,0
S1-E5,2,278,1.053,61.704,6,1
S1-E5,2,279,0.961,60.172,7,1
S1-E5,2,280,0.928,54.145,6,0
S1-E5,2,281,0.950,62.983,7,1
S1-E5,2,282,0.956,54.810,7,0
S1-E5,2,283,0.895,51.962,9,2
S1-E5,2,284,0.821,53.753,8,1
S1-E5,2,285,0.790,60.121,10,0
S1-E5,2,286,0.744,64.632,11,1
S1-E5,2,287,0.635,64.113,12,1
S1-E5,2,288,0.746,70.080,14,0
S1-E5,2,289,0.773,64.557,12,0
S1-E5,2,290,0.835,73.425,15,1
S1-E5,2,291,0.877,52.284,13,1
S1-E5,2,292,0.819,54.707,15,0
S1-E5,2,293,0.784,49.021,17,2
S1-E5,2,294,0.625,57.264,19,1
S1-E5,2,295,0.708,64.418,18,1
S1-E5,2,296,0.598,55.931,19,0
S1-E5,2,297,0.677,60.858,22,2
S1-E5,2,298,0.602,73.890,22,2
S1-E5,2,299,0.607,62.887,23,0
S1-E5,2,300,0.768,62.418,25,0
S1-E5,2,301,0.805,52.028,28,0
S1-E5,2,302,0.678,58.677,27,1
S1-E5,2,303,0.715,58.241,30,3
S1-E5,2,304,0.747,55.307,32,3
S1-E5,2,305,0.829,49.377,27,1
S1-E5,2,306,0.790,51.179,34,2
S1-E5,2,307,0.718,61.187,28,0
S1-E5,2,308,0.757,56.167,43,1
S1-E5,2,309,0.765,65.427,34,0
S1-E5,2,310,0.629,58.270,41,0
S1-E5,2,311,0.651,53.633,40,1
S1-E5,2,312,0.653,56.347,42,1
S1-E5,2,313,0.682,52.159,41,1
S1-E5,2,314,0.716,55.018,54,2
S1-E5,2,315,0.715,51.612,47,0
S1-E5,2,316,0.694,66.165,41,1
S1-E5,2,317,0.740,48.334,49,2
S1-E5,2,318,0.791,57.714,58,2
S1-E5,2,319,0.753,52.427,57,3
S1-E5,2,320,0.675,51.227,67,0
S1-E5,2,321,0.732,46.637,73,2
S1-E5,2,322,0.619,44.979,72,0
S1-E5,2,323,0.725,46.937,67,1
S1-E5,2,324,0.819,44.365,78,0
S1-E5,2,325,0.778,46.683,73,1
S1-E5,2,326,0.828,44.680,74,2
S1-E5,2,327,0.853,54.439,79,2
S1-E5,2,328,0.685,49.120,85,1
S1-E5,2,329,0.925,50.052,97,2
S1-E5,2,330,0.707,46.551,91,1
S1-E5,2,331,0.744,45.635,108,2
S1-E5,2,332,0.922,49.102,110,2
S1-E5,2,333,0.768,48.011,151,2
S1-E5,2,334,0.833,46.699,130,0
S1-E5,2,335,0.769,48.817,121,2
S1-E5,2,336,0.814,46.815,134,1
S1-E5,2,337,0.812,45.122,132,2
S1-E5,2,338,0.849,44.617,144,0
S1-E5,2,339,0.747,44.606,156,2
S1-E5,2,340,0.700,37.911,157,1
S1-E5,2,341,0.790,40.279,153,2
S1-E5,2,342,0.868,40.777,182,3
S1-E5,2,343,0.930,41.642,177,4
S1-E5,2,344,0.869,41.716,140,4
S1-E5,2,345,0.796,49.520,187,4
S1-E5,2,346,1.052,42.527,231,1
S1-E5,2,347,0.820,44.593,184,1
S1-E5,2,348,0.919,34.978,227,0
S1-E5,2,349,0.839,38.325,211,2
S1-E5,2,350,0.782,37.995,194,2
S1-E5,2,351,1.051,38.563,194,0
S1-E5,2,352,0.987,42.674,246,0
S1-E5,2,353,0.864,40.211,244,4
S1-E5,2,354,1.023,35.690,205,3
S1-E5,2,355,1.066,36.464,261,2
S1-E5,2,356,0.990,29.280,280,2
S1-E5,2,357,0.994,34.655,342,2
S1-E5,2,358,1.153,33.644,262,1
S1-E5,2,359,1.088,33.244,371,2
S1-E5,2,360,1.082,29.027,318,3
S1-E5,2,361,1.054,36.366,284,2
S1-E5,2,362,0.869,30.753,396,1
S1-E5,2,363,1.114,29.826,359,1
S1-E5,2,364,1.202,33.544,377,1
S1-E5,2,365,1.500,26.629,340,2
S1-E5,2,366,1.448,30.323,408,0
S1-E5,2,367,1.336,33.385,391,3
S1-E5,2,368,1.265,31.665,408,2
S1-E5,2,369,1.512,28.127,321,0
S1-E5,2,370,1.544,25.816,366,5
S1-E5,2,371,1.648,28.974,401,2
S1-E5,2,372,1.708,23.025,465,3
S1-E5,2,373,1.532,25.204,510,3
S1-E5,2,374,1.915,26.401,468,4
S1-E5,2,375,1.813,24.334,506,0
S1-E5,2,376,1.780,26.532,548,2
S1-E5,2,377,2.069,20.317,464,1
S1-E5,2,378,1.868,25.200,507,3
S1-E5,2,379,2.079,23.408,674,5
S1-E5,2,380,2.235,20.388,429,5
S1-E5,2,381,2.212,21.916,570,2
S1-E5,2,382,2.001,20.133,518,2
S1-E5,2,383,2.165,25.351,569,1
S1-E5,2,384,2.334,24.366,595,2
S1-E5,2,385,2.082,20.276,661,2
S1-E5,2,386,2.574,23.035,634,3
S1-E5,2,387,2.756,20.326,821,1
S1-E5,2,388,2.285,21.244,632,2
S1-E5,2,389,2.512,19.369,665,2
S1-E5,2,390,2.592,24.380,757,5
S1-E5,2,391,2.677,18.712,582,4
S1-E5,2,392,2.452,19.120,815,2
S1-E5,2,393,2.844,20.011,654,0
S1-E5,2,394,3.093,17.286,636,3
S1-E5,2,395,2.777,16.683,605,1
S1-E5,2,396,3.644,13.872,609,7
S1-E5,2,397,3.129,12.912,623,3
S1-E5,2,398,3.254,15.589,752,3
S1-E5,2,399,3.628,16.121,692,4
S1-E6,0,0,1.166,22.527,345,29
S1-E6,0,1,1.279,21.556,362,43
S1-E6,0,2,1.350,20.309,348,33
S1-E6,0,3,1.534,20.959,306,39
S1-E6,0,4,1.475,21.287,304,27
S1-E6,0,5,1.426,23.581,307,42
S1-E6,0,6,2.056,22.484,278,22
S1-E6,0,7,1.415,29.871,372,35
S1-E6,0,8,1.374,20.089,356,31
S1-E6,0,9,1.339,21.624,259,40
S1-E6,0,10,1.404,20.658,279,35
S1-E6,0,11,1.283,23.629,267,34
S1-E6,0,12,1.283,35.793,317,32
S1-E6,0,13,1.357,23.913,345,23
S1-E6,0,14,1.255,26.220,317,34
S1-E6,0,15,1.305,24.940,332,43
S1-E6,0,16,1.177,22.945,373,23
S1-E6,0,17,1.152,25.037,325,34
S1-E6,0,18,1.140,26.656,367,38
S1-E6,0,19,1.061,36.399,348,25
S1-E6,0,20,1.301,25.342,354,22
S1-E6,0,21,1.104,27.560,292,32
S1-E6,0,22,1.405,27.727,327,32
S1-E6,0,23,1.429,25.885,345,36
S1-E6,0,24,1.601,26.259,339,34
S1-E6,0,25,1.540,30.334,316,32
S1-E6,0,26,1.609,20.649,324,37
S1-E6,0,27,1.534,32.067,304,28
S1-E6,0,28,1.504,28.654,339,28
S1-E6,0,29,1.722,27.250,393,20
S1-E6,0,30,1.505,28.639,397,32
S1-E6,0,31,1.458,20.500,364,36
S1-E6,0,32,12.485,34.700,301,39
S1-E6,0,33,9.136,51.599,329,33
S1-E6,0,34,8.175,57.812,302,29
S1-E6,0,35,6.193,60.408,354,38
S1-E6,0,36,5.017,63.028,290,41
S1-E6,0,37,4.647,53.903,307,37
S1-E6,0,38,3.764,69.313,327,32
S1-E6,0,39,3.319,58.393,440,25
S1-E6,0,40,2.588,54.007,353,32
S1-E6,0,41,2.039,47.303,390,27
S1-E6,0,42,1.567,47.032,442,35
S1-E6,0,43,1.421,52.549,340,25
S1-E6,0,44,1.534,49.524,393,28
S1-E6,0,45,1.688,36.788,408,32
S1-E6,0,46,1.264,35.932,392,40
S1-E6,0,47,1.202,32.225,455,34
S1-E6,0,48,1.185,40.394,423,33
S1-E6,0,49,1.288,30.509,404,27
S1-E6,0,50,1.388,30.227,464,38
S1-E6,0,51,1.315,34.602,318,29
S1-E6,0,52,1.354,33.457,451,30
S1-E6,0,53,6.743,36.447,457,29
S1-E6,0,54,5.276,40.835,496,33
S1-E6,0,55,4.597,37.003,460,34
S1-E6,0,56,3.517,42.048,542,32
S1-E6,0,57,3.081,43.015,476,49
S1-E6,0,58,2.709,48.598,520,32
S1-E6,0,59,2.482,39.279,500,42
S1-E6,0,60,2.303,46.698,410,30
S1-E6,0,61,1.977,30.614,637,42
S1-E6,0,62,1.920,37.917,476,26
S1-E6,0,63,1.731,30.350,637,29
S1-E6,0,64,1.497,30.407,470,31
S1-E6,0,65,1.811,24.869,557,36
S1-E6,0,66,1.793,28.072,601,39
S1-E6,0,67,1.610,30.221,558,23
S1-E6,0,68,1.921,28.846,553,18
S1-E6,0,69,2.360,22.549,493,29
S1-E6,0,70,1.977,24.324,564,22
S1-E6,0,71,2.264,20.605,507,34
S1-E6,0,72,2.269,24.178,479,25
S1-E6,0,73,2.650,24.019,492,39
S1-E6,0,74,2.471,24.483,636,35
S1-E6,0,75,2.642,20.711,675,25
S1-E6,0,76,2.636,20.834,529,18
S1-E6,0,77,2.557,22.534,585,36
S1-E6,0,78,2.665,21.140,602,37
S1-E6,0,79,2.650,22.885,497,43
S1-E6,0,80,2.687,24.866,510,35
S1-E6,0,81,2.455,27.699,596,30
S1-E6,0,82,2.555,26.814,574,38
S1-E6,0,83,2.510,20.888,608,32
S1-E6,0,84,2.515,22.983,597,30
S1-E6,0,85,2.439,22.832,510,36
S1-E6,0,86,2.531,26.103,649,26
S1-E6,0,87,2.493,22.039,551,39
S1-E6,0,88,2.233,27.212,488,31
S1-E6,0,89,2.129,25.815,510,44
S1-E6,0,90,2.552,25.065,452,31
S1-E6,0,91,2.075,24.446,446,43
S1-E6,0,92,2.265,26.063,445,33
S1-E6,0,93,2.222,28.757,479,34
S1-E6,0,94,2.101,25.805,448,23
S1-E6,0,95,2.270,27.249,516,38
S1-E6,0,96,2.507,26.191,534,28
S1-E6,0,97,2.359,26.341,471,36
S1-E6,0,98,2.406,23.691,464,41
S1-E6,0,99,2.421,27.325,514,47
S1-E6,0,100,3.167,25.540,522,35
S1-E6,0,101,3.320,28.723,463,29
S1-E6,0,102,3.394,25.635,533,33
S1-E6,0,103,3.745,25.987,493,26
S1-E6,0,104,4.186,34.107,539,29
S1-E6,0,105,4.500,32.422,533,29
S1-E6,0,106,4.602,29.694,366,34
S1-E6,0,107,4.514,33.437,511,32
S1-E6,0,108,4.695,32.363,489,38
S1-E6,0,109,4.564,36.403,442,28
S1-E6,0,110,4.827,39.270,606,42
S1-E6,0,111,4.011,37.941,621,23
S1-E6,0,112,4.108,42.285,498,30
S1-E6,0,113,4.139,49.851,506,32
S1-E6,0,114,4.093,44.205,506,40
S1-E6,0,115,3.470,47.195,497,34
S1-E6,0,116,4.128,44.550,496,30
S1-E6,0,117,3.379,50.266,429,41
S1-E6,0,118,4.054,49.426,499,36
S1-E6,0,119,3.821,49.936,507,37
S1-E6,0,120,4.094,59.307,643,30
S1-E6,0,121,3.701,43.911,535,32
S1-E6,0,122,3.338,48.947,504,37
S1-E6,0,123,3.365,43.759,460,27
S1-E6,0,124,4.031,56.084,595,36
S1-E6,0,125,3.735,38.328,493,33
S1-E6,0,126,3.915,43.260,520,36
S1-E6,0,127,3.944,45.072,585,37
S1-E6,0,128,4.074,42.189,587,38
S1-E6,0,129,4.632,39.191,570,37
S1-E6,0,130,4.269,41.778,568,38
S1-E6,0,131,4.615,39.559,521,34
S1-E6,0,132,3.825,42.029,577,39
S1-E6,0,133,3.422,41.571,614,29
S1-E6,0,134,4.567,44.027,691,46
S1-E6,0,135,4.086,44.794,595,39
S1-E6,0,136,3.840,50.704,730,32
S1-E6,0,137,3.268,41.322,563,40
S1-E6,0,138,3.792,37.404,630,42
S1-E6,0,139,3.322,41.042,560,42
S1-E6,0,140,4.088,37.090,612,37
S1-E6,0,141,4.129,32.627,668,34
S1-E6,0,142,3.971,36.940,668,39
S1-E6,0,143,3.838,40.051,506,31
S1-E6,0,144,4.720,33.770,694,36
S1-E6,0,145,4.147,38.750,725,21
S1-E6,0,146,4.004,31.748,561,42
S1-E6,0,147,3.761,27.291,561,25
S1-E6,0,148,4.194,34.041,677,44
S1-E6,0,149,3.827,35.923,739,29
S1-E6,0,150,3.845,26.940,710,27
S1-E6,0,151,4.484,32.154,628,23
S1-E6,0,152,4.137,32.879,580,23
S1-E6,0,153,4.428,33.218,761,26
S1-E6,0,154,4.312,28.748,865,33
S1-E6,0,155,4.124,27.317,641,17
S1-E6,0,156,3.990,30.999,817,16
S1-E6,0,157,4.120,39.252,645,23
S1-E6,0,158,3.521,31.591,706,19
S1-E6,0,159,3.845,31.257,654,26
S1-E6,0,160,4.541,29.859,850,27
S1-E6,0,161,4.125,27.534,668,19
S1-E6,0,162,4.138,26.494,773,29
S1-E6,0,163,3.949,23.101,837,26
S1-E6,0,164,4.479,24.427,945,24
S1-E6,0,165,4.572,20.468,802,24
S1-E6,0,166,4.655,20.807,692,27
S1-E6,0,167,4.625,24.578,752,23
S1-E6,0,168,4.797,23.478,757,28
S1-E6,0,169,5.618,24.672,910,26
S1-E6,0,170,5.119,20.676,822,20
S1-E6,0,171,5.718,24.053,831,17
S1-E6,0,172,4.880,23.625,814,23
S1-E6,0,173,4.678,26.911,758,17
S1-E6,0,174,4.899,27.125,780,28
S1-E6,0,175,4.804,24.147,800,17
S1-E6,0,176,4.953,19.201,945,26
S1-E6,0,177,5.017,20.438,911,22
S1-E6,0,178,4.496,23.387,864,27
S1-E6,0,179,4.637,23.732,763,20
S1-E6,0,180,4.932,25.658,844,24
S1-E6,0,181,5.284,21.038,801,27
S1-E6,0,182,4.393,20.092,884,18
S1-E6,0,183,4.804,21.784,970,16
S1-E6,0,184,4.640,15.605,672,26
S1-E6,0,185,4.744,22.257,670,27
S1-E6,0,186,5.410,23.352,860,29
S1-E6,0,187,6.034,17.022,687,25
S1-E6,0,188,5.089,15.899,889,22
S1-E6,0,189,5.344,16.212,942,14
S1-E6,0,190,5.637,14.316,1080,24
S1-E6,0,191,6.994,15.700,1027,26
S1-E6,0,192,5.949,15.024,833,25
S1-E6,0,193,6.165,18.017,776,29
S1-E6,0,194,5.765,15.297,673,14
S1-E6,0,195,5.786,16.686,745,22
S1-E6,0,196,6.413,15.621,809,32
S1-E6,0,197,5.762,17.619,743,24
S1-E6,0,198,5.742,15.214,700,23
S1-E6,0,199,5.722,16.401,835,25
S1-E6,0,200,4.957,18.989,778,23
S1-E6,0,201,6.007,17.030,613,21
S1-E6,0,202,4.777,18.798,759,21
S1-E6,0,203,5.123,22.335,731,21
S1-E6,0,204,5.934,19.450,793,24
S1-E6,0,205,5.754,21.770,729,24
S1-E6,0,206,4.890,23.904,775,22
S1-E6,0,207,5.972,20.053,819,34
S1-E6,0,208,4.984,31.790,659,21
S1-E6,0,209,4.709,26.968,695,22
S1-E6,0,210,4.010,23.122,792,22
S1-E6,0,211,4.332,24.193,742,33
S1-E6,0,212,3.591,30.573,529,18
S1-E6,0,213,4.334,28.903,704,19
S1-E6,0,214,3.530,28.246,601,27
S1-E6,0,215,4.047,28.727,645,29
S1-E6,0,216,3.675,23.242,612,26
S1-E6,0,217,3.257,25.612,625,22
S1-E6,0,218,3.721,30.164,663,23
S1-E6,0,219,3.270,23.714,780,20
S1-E6,0,220,3.406,22.441,698,28
S1-E6,0,221,3.581,19.829,617,18
S1-E6,0,222,3.504,23.277,648,31
S1-E6,0,223,3.262,22.411,695,33
S1-E6,0,224,3.066,22.561,581,27
S1-E6,0,225,3.572,21.062,543,22
S1-E6,0,226,3.225,20.311,643,32
S1-E6,0,227,2.666,22.984,604,32
S1-E6,0,228,3.095,18.825,594,39
S1-E6,0,229,4.048,20.836,658,25
S1-E6,0,230,3.845,18.661,718,26
S1-E6,0,231,3.331,18.236,678,25
S1-E6,0,232,3.700,20.931,672,32
S1-E6,0,233,3.629,21.743,615,28
S1-E6,0,234,3.981,14.860,581,20
S1-E6,0,235,3.609,19.304,618,29
S1-E6,0,236,3.442,19.484,767,31
S1-E6,0,237,3.527,19.821,628,30
S1-E6,0,238,3.269,15.570,613,32
S1-E6,0,239,3.835,13.962,532,23
S1-E6,0,240,4.012,15.244,634,27
S1-E6,0,241,3.315,16.386,614,30
S1-E6,0,242,3.831,14.606,739,33
S1-E6,0,243,3.623,15.131,738,27
S1-E6,0,244,3.500,17.213,726,24
S1-E6,0,245,3.624,14.767,704,27
S1-E6,0,246,3.650,18.809,706,29
S1-E6,0,247,3.897,18.473,660,26
S1-E6,0,248,3.013,19.361,632,29
S1-E6,0,249,3.309,17.219,649,35
S1-E6,0,250,2.958,20.559,680,22
S1-E6,0,251,2.779,21.073,533,31
S1-E6,0,252,3.094,20.459,651,30
S1-E6,0,253,2.999,18.880,601,20
S1-E6,0,254,3.081,19.373,852,29
S1-E6,0,255,2.656,22.643,556,29
S1-E6,0,256,2.851,25.481,569,16
S1-E6,0,257,2.606,23.839,627,23
S1-E6,0,258,2.389,21.162,640,21
S1-E6,0,259,2.234,23.450,562,25
S1-E6,0,260,2.133,22.090,565,29
S1-E6,0,261,2.006,21.881,651,28
S1-E6,0,262,2.293,24.313,630,35
S1-E6,0,263,2.381,24.994,653,29
S1-E6,0,264,1.796,23.889,565,30
S1-E6,0,265,2.164,22.440,479,35
S1-E6,0,266,1.978,17.990,575,35
S1-E6,0,267,1.856,19.311,513,29
S1-E6,0,268,1.916,22.113,502,24
S1-E6,0,269,2.263,20.707,579,31
S1-E6,0,270,2.730,20.742,643,21
S1-E6,0,271,6.508,18.211,673,33
S1-E6,0,272,6.050,28.206,651,34
S1-E6,0,273,4.197,31.506,446,25
S1-E6,0,274,4.234,30.089,543,31
S1-E6,0,275,3.818,35.167,542,25
S1-E6,0,276,2.910,38.099,599,19
S1-E6,0,277,7.890,38.317,590,26
S1-E6,0,278,6.863,42.943,562,25
S1-E6,0,279,5.822,43.555,526,24
S1-E6,0,280,4.552,43.716,489,29
S1-E6,0,281,3.719,47.900,617,37
S1-E6,0,282,2.883,49.744,594,27
S1-E6,0,283,2.461,44.052,504,23
S1-E6,0,284,2.080,37.071,628,33
S1-E6,0,285,1.990,38.498,440,30
S1-E6,0,286,1.845,31.624,536,30
S1-E6,0,287,1.649,26.618,477,37
S1-E6,0,288,1.542,23.999,590,27
S1-E6,0,289,1.921,20.030,619,26
S1-E6,0,290,1.568,26.313,515,27
S1-E6,0,291,1.640,22.693,425,31
S1-E6,0,292,1.655,16.889,579,37
S1-E6,0,293,1.725,17.810,597,21
S1-E6,0,294,1.600,15.356,642,26
S1-E6,0,295,1.964,14.619,560,25
S1-E6,0,296,2.250,13.438,673,28
S1-E6,0,297,2.321,11.756,639,30
S1-E6,0,298,2.268,15.837,597,25
S1-E6,0,299,2.384,12.456,690,40
S1-E6,0,300,2.270,11.721,599,25
S1-E6,0,301,2.571,13.330,478,27
S1-E6,0,302,2.545,11.261,704,31
S1-E6,0,303,2.828,10.682,524,28
S1-E6,0,304,2.935,11.047,562,34
S1-E6,0,305,3.434,9.810,808,21
S1-E6,0,306,2.890,10.785,725,27
S1-E6,0,307,2.832,10.119,756,24
S1-E6,0,308,3.242,10.552,556,26
S1-E6,0,309,3.581,11.007,616,37
S1-E6,0,310,3.601,12.027,718,29
S1-E6,0,311,3.390,11.109,649,27
S1-E6,0,312,3.548,15.088,639,27
S1-E6,0,313,2.709,15.488,549,27
S1-E6,0,314,9.492,20.479,584,30
S1-E6,0,315,8.579,21.325,544,21
S1-E6,0,316,7.697,29.339,491,26
S1-E6,0,317,6.295,31.768,584,29
S1-E6,0,318,5.282,25.856,617,37
S1-E6,0,319,4.439,35.567,564,31
S1-E6,0,320,4.226,40.642,568,31
S1-E6,0,321,3.175,38.873,526,34
S1-E6,0,322,2.920,35.954,517,20
S1-E6,0,323,2.779,35.562,506,32
S1-E6,0,324,2.001,38.756,436,20
S1-E6,0,325,1.853,39.527,507,24
S1-E6,0,326,1.529,31.355,511,27
S1-E6,0,327,1.371,33.135,371,27
S1-E6,0,328,1.603,26.831,484,28
S1-E6,0,329,1.614,31.608,492,31
S1-E6,0,330,1.262,23.871,472,25
S1-E6,0,331,1.570,27.441,549,29
S1-E6,0,332,1.693,26.133,554,23
S1-E6,0,333,1.642,24.776,508,30
S1-E6,0,334,1.685,18.525,429,36
S1-E6,0,335,1.718,23.251,439,23
S1-E6,0,336,1.742,24.536,456,30
S1-E6,0,337,1.751,22.925,529,43
S1-E6,0,338,1.503,18.864,426,35
S1-E6,0,339,1.635,24.848,565,40
S1-E6,0,340,1.918,17.183,444,32
S1-E6,0,341,1.929,22.592,491,34
S1-E6,0,342,2.231,26.043,504,22
S1-E6,0,343,2.049,26.014,544,39
S1-E6,0,344,2.129,21.048,501,33
S1-E6,0,345,1.826,18.123,515,34
S1-E6,0,346,2.092,18.769,593,23
S1-E6,0,347,2.290,23.286,643,32
S1-E6,0,348,2.569,19.923,562,29
S1-E6,0,349,2.282,20.171,416,30
S1-E6,0,350,2.455,22.003,437,28
S1-E6,0,351,2.432,20.816,590,30
S1-E6,0,352,2.734,17.726,589,27
S1-E6,0,353,2.794,18.464,469,32
S1-E6,0,354,2.822,19.655,554,27
S1-E6,0,355,2.934,18.741,475,34
S1-E6,0,356,2.474,21.176,476,36
S1-E6,0,357,3.008,24.430,532,37
S1-E6,0,358,2.810,25.141,541,32
S1-E6,0,359,2.701,22.168,449,34
S1-E6,0,360,2.214,34.652,590,35
S1-E6,0,361,2.087,32.941,553,24
S1-E6,0,362,2.115,31.010,474,30
S1-E6,0,363,1.866,30.162,518,23
S1-E6,0,364,1.943,29.222,478,35
S1-E6,0,365,2.197,29.255,473,39
S1-E6,0,366,1.764,24.801,410,32
S1-E6,0,367,2.176,29.028,581,29
S1-E6,0,368,2.139,28.094,469,34
S1-E6,0,369,1.863,33.792,405,20
S1-E6,0,370,1.966,31.608,421,33
S1-E6,0,371,1.907,35.252,578,28
S1-E6,0,372,1.957,32.406,385,32
S1-E6,0,373,2.298,29.708,524,43
S1-E6,0,374,1.675,33.949,542,26
S1-E6,0,375,2.035,26.188,442,38
S1-E6,0,376,1.899,23.376,520,49
S1-E6,0,377,2.300,32.622,518,33
S1-E6,0,378,2.075,29.909,535,28
S1-E6,0,379,2.056,35.118,461,39
S1-E6,0,380,2.367,29.285,446,33
S1-E6,0,381,2.297,29.146,506,24
S1-E6,0,382,2.641,32.456,487,29
S1-E6,0,383,2.654,27.243,494,33
S1-E6,0,384,2.667,26.268,538,37
S1-E6,0,385,2.660,27.658,494,21
S1-E6,0,386,2.720,27.817,473,41
S1-E6,0,387,2.593,28.103,549,29
S1-E6,0,388,2.285,29.688,557,36
S1-E6,0,389,2.848,24.918,434,24
S1-E6,0,390,2.347,29.621,531,31
S1-E6,0,391,2.538,32.791,442,30
S1-E6,0,392,2.902,30.330,567,22
S1-E6,0,393,2.844,31.930,422,33
S1-E6,0,394,2.838,37.720,476,41
S1-E6,0,395,2.571,26.504,538,30
S1-E6,0,396,2.891,26.492,484,30
S1-E6,0,397,2.741,30.789,519,41
S1-E6,0,398,2.762,29.883,463,33
S1-E6,0,399,2.768,34.401,555,25
S1-E6,1,0,2.027,12.535,413,29
S1-E6,1,1,1.978,13.713,410,31
S1-E6,1,2,2.221,13.924,439,36
S1-E6,1,3,1.760,14.946,449,34
S1-E6,1,4,2.105,15.215,448,36
S1-E6,1,5,1.890,16.637,410,34
S1-E6,1,6,1.512,19.908,565,32
S1-E6,1,7,1.895,17.017,403,31
S1-E6,1,8,2.070,16.858,465,35
S1-E6,1,9,2.155,15.984,436,35
S1-E6,1,10,2.149,17.756,449,30
S1-E6,1,11,1.982,20.171,418,29
S1-E6,1,12,1.810,17.101,377,29
S1-E6,1,13,1.882,19.269,442,33
S1-E6,1,14,1.733,18.082,376,34
S1-E6,1,15,2.065,20.372,535,39
S1-E6,1,16,1.905,20.116,515,23
S1-E6,1,17,1.757,20.654,497,32
S1-E6,1,18,2.047,20.553,428,38
S1-E6,1,19,1.848,20.481,375,28
S1-E6,1,20,1.974,24.101,442,27
S1-E6,1,21,2.042,22.315,362,36
S1-E6,1,22,1.935,27.451,395,28
S1-E6,1,23,1.688,16.976,450,24
S1-E6,1,24,1.872,21.820,310,41
S1-E6,1,25,1.483,27.932,384,33
S1-E6,1,26,1.524,23.795,375,37
S1-E6,1,27,1.509,25.268,393,30
S1-E6,1,28,1.383,23.499,346,32
S1-E6,1,29,1.771,21.750,428,24
S1-E6,1,30,1.759,28.923,303,29
S1-E6,1,31,1.562,24.472,376,32
S1-E6,1,32,1.750,27.194,354,29
S1-E6,1,33,1.679,25.329,455,31
S1-E6,1,34,1.371,26.487,483,32
S1-E6,1,35,1.501,26.806,364,32
S1-E6,1,36,1.623,23.441,385,35
S1-E6,1,37,1.452,28.294,390,33
S1-E6,1,38,1.460,31.927,345,28
S1-E6,1,39,1.540,22.133,449,27
S1-E6,1,40,1.535,25.933,373,37
S1-E6,1,41,1.620,24.824,422,32
S1-E6,1,42,1.286,26.678,365,30
S1-E6,1,43,1.657,33.247,452,32
S1-E6,1,44,1.694,23.508,454,27
S1-E6,1,45,1.797,30.726,441,37
S1-E6,1,46,1.674,23.738,355,33
S1-E6,1,47,1.975,27.150,377,26
S1-E6,1,48,2.043,30.371,419,34
S1-E6,1,49,2.116,26.332,450,30
S1-E6,1,50,2.229,26.173,429,40
S1-E6,1,51,1.977,24.231,543,34
S1-E6,1,52,1.762,25.493,522,21
S1-E6,1,53,2.050,26.060,461,30
S1-E6,1,54,8.192,39.491,434,35
S1-E6,1,55,7.155,44.387,325,31
S1-E6,1,56,6.717,47.709,446,25
S1-E6,1,57,5.571,44.364,453,33
S1-E6,1,58,4.756,53.702,422,25
S1-E6,1,59,3.911,55.556,382,25
S1-E6,1,60,3.453,51.950,445,22
S1-E6,1,61,2.903,50.093,439,30
S1-E6,1,62,2.514,45.648,453,36
S1-E6,1,63,1.984,48.154,553,37
S1-E6,1,64,1.731,52.310,536,32
S1-E6,1,65,1.795,37.864,484,35
S1-E6,1,66,1.713,42.740,458,34
S1-E6,1,67,1.507,36.852,418,41
S1-E6,1,68,1.474,39.530,432,28
S1-E6,1,69,1.920,35.105,439,34
S1-E6,1,70,1.731,29.495,354,26
S1-E6,1,71,1.493,31.195,411,29
S1-E6,1,72,1.904,33.699,435,35
S1-E6,1,73,1.830,25.159,557,32
S1-E6,1,74,2.096,30.989,525,33
S1-E6,1,75,2.060,26.352,471,34
S1-E6,1,76,2.245,26.129,505,30
S1-E6,1,77,2.332,19.707,453,40
S1-E6,1,78,2.084,26.860,569,44
S1-E6,1,79,2.454,21.522,611,34
S1-E6,1,80,2.494,22.946,495,39
S1-E6,1,81,2.328,25.655,392,29
S1-E6,1,82,2.822,22.801,677,27
S1-E6,1,83,2.553,23.358,449,29
S1-E6,1,84,2.689,24.400,635,28
S1-E6,1,85,2.127,25.284,570,35
S1-E6,1,86,2.354,24.757,573,25
S1-E6,1,87,2.584,27.734,529,25
S1-E6,1,88,2.096,23.081,502,34
S1-E6,1,89,2.222,22.899,570,39
S1-E6,1,90,2.356,28.805,624,32
S1-E6,1,91,2.717,26.613,531,28
S1-E6,1,92,2.170,22.460,612,29
S1-E6,1,93,2.650,24.549,588,25
S1-E6,1,94,3.005,25.616,569,33
S1-E6,1,95,2.337,32.630,585,32
S1-E6,1,96,2.477,25.389,620,42
S1-E6,1,97,2.478,22.038,516,17
S1-E6,1,98,2.676,27.173,485,25
S1-E6,1,99,2.798,22.026,466,32
S1-E6,1,100,3.493,25.416,624,39
S1-E6,1,101,3.628,21.158,483,25
S1-E6,1,102,3.880,28.077,657,34
S1-E6,1,103,3.869,28.760,537,33
S1-E6,1,104,4.576,28.232,515,36
S1-E6,1,105,4.852,32.247,528,31
S1-E6,1,106,5.126,31.939,505,23
S1-E6,1,107,4.839,39.148,575,29
S1-E6,1,108,4.154,36.706,512,25
S1-E6,1,109,4.911,43.498,486,29
S1-E6,1,110,4.065,44.355,533,22
S1-E6,1,111,4.068,42.203,506,34
S1-E6,1,112,4.042,47.463,592,35
S1-E6,1,113,3.816,46.977,545,30
S1-E6,1,114,4.663,42.047,599,28
S1-E6,1,115,4.026,37.340,487,30
S1-E6,1,116,3.948,53.889,503,35
S1-E6,1,117,3.767,41.861,400,29
S1-E6,1,118,3.460,55.509,513,34
S1-E6,1,119,4.599,36.838,555,32
S1-E6,1,120,3.665,46.512,525,33
S1-E6,1,121,3.805,43.675,450,23
S1-E6,1,122,4.039,47.066,562,40
S1-E6,1,123,4.296,52.974,589,26
S1-E6,1,124,4.240,42.652,494,27
S1-E6,1,125,3.755,34.685,614,37
S1-E6,1,126,3.542,43.792,453,27
S1-E6,1,127,3.667,50.179,602,39
S1-E6,1,128,3.294,44.772,603,36
S1-E6,1,129,3.917,39.173,653,34
S1-E6,1,130,18.663,51.158,544,27
S1-E6,1,131,18.291,43.456,505,25
S1-E6,1,132,16.382,47.891,678,34
S1-E6,1,133,15.633,60.398,586,34
S1-E6,1,134,10.639,54.633,438,36
S1-E6,1,135,10.841,62.447,339,22
S1-E6,1,136,9.777,59.157,254,22
S1-E6,1,137,9.636,71.069,200,24
S1-E6,1,138,8.141,71.656,111,19
S1-E6,1,139,8.621,76.834,94,29
S1-E6,1,140,9.014,82.133,84,19
S1-E6,1,141,6.958,79.147,62,19
S1-E6,1,142,7.278,97.241,41,16
S1-E6,1,143,7.518,74.697,37,15
S1-E6,1,144,6.472,102.898,24,9
S1-E6,1,145,7.464,93.672,18,15
S1-E6,1,146,6.527,88.412,16,12
S1-E6,1,147,6.418,95.480,13,14
S1-E6,1,148,8.260,102.443,8,8
S1-E6,1,149,6.872,90.137,8,11
S1-E6,1,150,10.293,94.223,7,2
S1-E6,1,151,11.157,80.246,5,4
S1-E6,1,152,10.154,86.652,4,7
S1-E6,1,153,9.900,88.569,4,7
S1-E6,1,154,9.708,92.099,3,4
S1-E6,1,155,9.121,92.371,3,0
S1-E6,1,156,8.842,111.734,2,5
S1-E6,1,157,8.726,94.429,3,5
S1-E6,1,158,9.495,89.523,2,3
S1-E6,1,159,8.398,90.470,2,2
S1-E6,1,160,8.533,97.129,2,0
S1-E6,1,161,8.022,98.148,1,3
S1-E6,1,162,7.036,94.058,1,5
S1-E6,1,163,8.296,86.570,2,1
S1-E6,1,164,7.694,96.638,1,1
S1-E6,1,165,8.176,102.594,1,2
S1-E6,1,166,7.263,77.815,1,1
S1-E6,1,167,7.055,90.289,1,1
S1-E6,1,168,7.023,94.090,1,0
S1-E6,1,169,7.244,107.772,1,3
S1-E6,1,170,7.434,103.116,1,3
S1-E6,1,171,5.741,83.741,1,1
S1-E6,1,172,6.176,96.098,1,0
S1-E6,1,173,6.972,94.680,1,0
S1-E6,1,174,6.537,92.203,2,0
S1-E6,1,175,6.222,90.219,1,3
S1-E6,1,176,6.778,94.847,1,1
S1-E6,1,177,11.647,70.374,1,1
S1-E6,1,178,9.901,110.404,1,2
S1-E6,1,179,9.672,79.811,1,2
S1-E6,1,180,10.492,96.219,1,0
S1-E6,1,181,8.752,82.261,1,0
S1-E6,1,182,8.778,79.216,1,0
S1-E6,1,183,7.828,90.022,1,1
S1-E6,1,184,6.921,86.184,2,2
S1-E6,1,185,7.933,108.694,1,1
S1-E6,1,186,8.434,86.502,1,1
S1-E6,1,187,7.580,83.743,1,0
S1-E6,1,188,6.896,113.536,1,0
S1-E6,1,189,6.910,87.346,1,1
S1-E6,1,190,7.031,80.799,1,0
S1-E6,1,191,6.865,91.818,1,1
S1-E6,1,192,6.160,93.258,1,0
S1-E6,1,193,5.709,90.551,1,0
S1-E6,1,194,5.877,79.218,1,0
S1-E6,1,195,6.784,74.337,1,2
S1-E6,1,196,5.462,95.943,1,0
S1-E6,1,197,5.775,96.047,1,0
S1-E6,1,198,5.338,93.136,1,0
S1-E6,1,199,4.876,94.119,1,1
S1-E6,1,200,4.698,80.651,1,0
S1-E6,1,201,6.057,87.035,1,1
S1-E6,1,202,5.263,107.989,1,1
S1-E6,1,203,4.953,92.931,2,0
S1-E6,1,204,5.193,81.260,1,0
S1-E6,1,205,4.577,86.888,1,0
S1-E6,1,206,4.291,87.640,1,0
S1-E6,1,207,4.160,84.137,1,0
S1-E6,1,208,4.183,73.919,1,0
S1-E6,1,209,4.562,84.689,1,0
S1-E6,1,210,4.685,85.076,1,2
S1-E6,1,211,4.667,69.780,1,1
S1-E6,1,212,4.211,89.169,1,1
S1-E6,1,213,4.601,81.486,1,0
S1-E6,1,214,4.059,84.632,1,0
S1-E6,1,215,3.632,89.162,1,1
S1-E6,1,216,4.623,87.482,1,2
S1-E6,1,217,4.026,81.232,1,0
S1-E6,1,218,4.166,95.061,1,0
S1-E6,1,219,3.479,93.126,1,0
S1-E6,1,220,3.770,114.861,1,0
S1-E6,1,221,4.014,68.182,1,1
S1-E6,1,222,3.645,84.011,1,0
S1-E6,1,223,3.386,90.695,1,0
S1-E6,1,224,3.585,77.426,1,0
S1-E6,1,225,3.056,80.778,1,0
S1-E6,1,226,3.272,80.732,2,1
S1-E6,1,227,3.515,88.749,1,1
S1-E6,1,228,3.243,96.635,1,0
S1-E6,1,229,2.732,74.674,1,1
S1-E6,1,230,3.097,87.745,1,1
S1-E6,1,231,2.746,83.163,1,0
S1-E6,1,232,3.092,85.006,1,0
S1-E6,1,233,2.625,86.983,1,1
S1-E6,1,234,2.481,95.244,1,2
S1-E6,1,235,3.056,97.919,1,0
S1-E6,1,236,2.868,79.126,1,0
S1-E6,1,237,2.870,96.361,1,1
S1-E6,1,238,2.630,79.597,1,0
S1-E6,1,239,2.450,99.664,1,0
S1-E6,1,240,2.551,76.980,1,0
S1-E6,1,241,2.077,79.219,1,0
S1-E6,1,242,2.555,85.849,2,0
S1-E6,1,243,2.429,83.689,1,0
S1-E6,1,244,2.429,86.829,1,1
S1-E6,1,245,2.024,86.796,1,0
S1-E6,1,246,2.346,82.533,1,0
S1-E6,1,247,16.184,76.655,1,0
S1-E6,1,248,16.901,95.731,1,0
S1-E6,1,249,14.739,96.227,1,0
S1-E6,1,250,13.972,97.469,1,0
S1-E6,1,251,9.635,89.740,1,0
S1-E6,1,252,9.328,82.930,1,1
S1-E6,1,253,9.784,78.497,1,3
S1-E6,1,254,8.974,96.549,1,1
S1-E6,1,255,8.077,83.856,1,0
S1-E6,1,256,8.347,90.219,1,1
S1-E6,1,257,6.776,101.687,1,0
S1-E6,1,258,5.535,94.232,1,0
S1-E6,1,259,5.425,85.160,1,0
S1-E6,1,260,4.541,85.987,1,0
S1-E6,1,261,5.260,87.603,1,0
S1-E6,1,262,4.600,72.859,1,1
S1-E6,1,263,3.342,98.316,1,0
S1-E6,1,264,3.854,109.823,1,0
S1-E6,1,265,3.460,100.711,1,0
S1-E6,1,266,2.994,90.284,1,0
S1-E6,1,267,2.836,91.561,1,0
S1-E6,1,268,2.510,89.193,1,0
S1-E6,1,269,2.581,81.602,1,0
S1-E6,1,270,2.225,113.234,1,2
S1-E6,1,271,2.100,64.575,2,1
S1-E6,1,272,2.016,98.647,1,0
S1-E6,1,273,1.763,75.073,1,2
S1-E6,1,274,1.644,85.915,1,0
S1-E6,1,275,1.715,83.300,1,0
S1-E6,1,276,1.685,76.812,1,0
S1-E6,1,277,1.513,71.332,1,1
S1-E6,1,278,1.620,77.375,1,1
S1-E6,1,279,1.160,78.951,1,1
S1-E6,1,280,1.360,67.969,1,0
S1-E6,1,281,1.514,81.730,1,0
S1-E6,1,282,6.955,84.237,1,1
S1-E6,1,283,7.486,113.150,1,0
S1-E6,1,284,6.399,88.557,1,0
S1-E6,1,285,5.488,84.616,1,0
S1-E6,1,286,5.323,75.662,1,0
S1-E6,1,287,4.119,116.984,2,0
S1-E6,1,288,4.415,93.060,1,0
S1-E6,1,289,3.937,98.453,1,1
S1-E6,1,290,2.614,77.955,2,1
S1-E6,1,291,2.768,70.803,2,0
S1-E6,1,292,2.393,85.554,2,0
S1-E6,1,293,2.471,102.118,1,0
S1-E6,1,294,2.285,83.760,1,1
S1-E6,1,295,2.103,102.061,2,0
S1-E6,1,296,1.788,99.158,1,1
S1-E6,1,297,1.811,89.220,1,0
S1-E6,1,298,1.719,82.606,1,0
S1-E6,1,299,1.789,80.432,1,0
S1-E6,1,300,1.503,65.700,1,0
S1-E6,1,301,1.663,76.349,1,0
S1-E6,1,302,1.357,71.223,2,0
S1-E6,1,303,1.192,89.195,1,0
S1-E6,1,304,1.033,80.496,1,0
S1-E6,1,305,1.012,73.092,1,0
S1-E6,1,306,1.318,76.576,1,1
S1-E6,1,307,1.224,73.604,1,0
S1-E6,1,308,1.178,80.694,1,0
S1-E6,1,309,1.338,65.764,1,0
S1-E6,1,310,1.163,73.709,1,0
S1-E6,1,311,1.185,72.755,1,0
S1-E6,1,312,1.026,76.738,1,0
S1-E6,1,313,1.307,70.059,1,0
S1-E6,1,314,1.254,65.807,2,0
S1-E6,1,315,1.298,81.502,2,0
S1-E6,1,316,1.109,70.463,2,1
S1-E6,1,317,1.066,78.351,3,1
S1-E6,1,318,1.107,62.529,3,0
S1-E6,1,319,0.953,74.115,4,0
S1-E6,1,320,1.101,69.577,4,1
S1-E6,1,321,1.198,89.768,5,0
S1-E6,1,322,1.176,72.019,5,1
S1-E6,1,323,1.249,78.956,5,0
S1-E6,1,324,1.265,68.338,5,1
S1-E6,1,325,1.211,60.596,7,0
S1-E6,1,326,1.332,72.130,6,2
S1-E6,1,327,1.167,68.524,7,0
S1-E6,1,328,1.153,70.795,7,0
S1-E6,1,329,1.022,74.063,8,1
S1-E6,1,330,0.924,91.015,6,1
S1-E6,1,331,1.247,78.701,5,0
S1-E6,1,332,0.927,75.301,4,1
S1-E6,1,333,1.160,73.541,3,0
S1-E6,1,334,1.246,70.236,4,0
S1-E6,1,335,1.349,79.235,2,1
S1-E6,1,336,1.245,87.223,2,2
S1-E6,1,337,1.171,67.610,2,1
S1-E6,1,338,1.363,83.785,2,0
S1-E6,1,339,1.279,59.023,2,2
S1-E6,1,340,1.385,77.695,1,1
S1-E6,1,341,1.068,63.259,2,0
S1-E6,1,342,1.185,82.715,1,1
S1-E6,1,343,1.343,73.919,1,1
S1-E6,1,344,1.417,68.244,1,0
S1-E6,1,345,1.278,79.991,2,0
S1-E6,1,346,1.127,78.623,1,1
S1-E6,1,347,1.305,72.004,2,1
S1-E6,1,348,1.372,74.350,1,1
S1-E6,1,349,1.381,70.502,1,0
S1-E6,1,350,1.360,80.386,1,0
S1-E6,1,351,1.623,60.257,2,0
S1-E6,1,352,1.404,73.524,1,0
S1-E6,1,353,1.589,71.102,1,1
S1-E6,1,354,1.455,77.552,1,0
S1-E6,1,355,1.524,80.733,1,1
S1-E6,1,356,1.548,84.922,1,2
S1-E6,1,357,1.446,76.741,1,1
S1-E6,1,358,1.457,79.084,1,0
S1-E6,1,359,1.817,100.089,1,0
S1-E6,1,360,1.439,79.901,2,1
S1-E6,1,361,1.485,76.585,2,0
S1-E6,1,362,1.626,70.299,1,1
S1-E6,1,363,1.826,76.060,1,1
S1-E6,1,364,1.893,73.328,1,0
S1-E6,1,365,1.713,73.569,2,0
S1-E6,1,366,1.989,81.928,1,1
S1-E6,1,367,1.836,73.535,1,0
S1-E6,1,368,1.707,89.232,1,1
S1-E6,1,369,1.662,86.172,1,0
S1-E6,1,370,1.799,70.931,1,0
S1-E6,1,371,1.661,88.984,1,0
S1-E6,1,372,2.268,84.097,1,0
S1-E6,1,373,1.981,76.168,1,0
S1-E6,1,374,2.131,79.973,1,0
S1-E6,1,375,2.367,78.168,1,0
S1-E6,1,376,2.730,70.958,1,0
S1-E6,1,377,2.284,86.226,1,0
S1-E6,1,378,2.599,78.827,1,0
S1-E6,1,379,2.574,78.028,1,1
S1-E6,1,380,2.641,82.020,1,0
S1-E6,1,381,2.374,73.883,1,0
S1-E6,1,382,2.679,78.278,1,0
S1-E6,1,383,2.157,79.159,1,0
S1-E6,1,384,2.657,84.148,1,0
S1-E6,1,385,2.410,100.843,1,1
S1-E6,1,386,2.527,87.443,1,1
S1-E6,1,387,2.574,87.253,1,0
S1-E6,1,388,2.747,99.299,1,0
S1-E6,1,389,2.534,98.780,1,0
S1-E6,1,390,3.046,86.768,1,0
S1-E6,1,391,2.563,78.667,2,1
S1-E6,1,392,2.781,107.785,1,0
S1-E6,1,393,3.069,83.753,1,0
S1-E6,1,394,2.774,81.346,1,1
S1-E6,1,395,3.483,83.997,1,1
S1-E6,1,396,2.998,80.158,1,0
S1-E6,1,397,3.530,74.183,1,0
S1-E6,1,398,3.662,87.360,1,1
S1-E6,1,399,3.546,97.375,1,0
S1-E6,2,0,1.324,26.656,335,36
S1-E6,2,1,1.181,21.917,433,26
S1-E6,2,2,1.029,22.159,417,32
S1-E6,2,3,1.090,22.475,452,35
S1-E6,2,4,1.223,20.695,411,29
S1-E6,2,5,1.283,15.947,388,31
S1-E6,2,6,1.477,19.121,363,27
S1-E6,2,7,1.502,21.766,353,29
S1-E6,2,8,1.490,17.898,409,34
S1-E6,2,9,1.518,21.672,488,26
S1-E6,2,10,1.694,19.110,417,28
S1-E6,2,11,1.538,17.337,401,30
S1-E6,2,12,1.707,22.266,343,29
S1-E6,2,13,1.284,20.852,523,32
S1-E6,2,14,1.563,28.191,366,25
S1-E6,2,15,1.281,25.516,407,37
S1-E6,2,16,1.320,23.892,411,34
S1-E6,2,17,1.548,23.460,337,29
S1-E6,2,18,1.720,23.238,318,25
S1-E6,2,19,1.474,27.072,379,29
S1-E6,2,20,1.747,25.575,339,40
S1-E6,2,21,1.596,23.995,481,28
S1-E6,2,22,1.882,23.543,414,36
S1-E6,2,23,1.771,24.757,463,40
S1-E6,2,24,1.711,22.369,404,32
S1-E6,2,25,1.527,30.876,388,34
S1-E6,2,26,1.361,29.741,440,50
S1-E6,2,27,1.408,27.458,421,33
S1-E6,2,28,1.619,23.311,359,38
S1-E6,2,29,1.727,22.183,354,33
S1-E6,2,30,1.694,27.291,411,37
S1-E6,2,31,1.666,25.057,370,39
S1-E6,2,32,1.660,25.855,398,31
S1-E6,2,33,1.547,23.629,364,29
S1-E6,2,34,1.646,27.828,321,34
S1-E6,2,35,1.693,25.829,402,32
S1-E6,2,36,1.717,23.441,357,33
S1-E6,2,37,1.661,22.667,441,35
S1-E6,2,38,1.725,27.348,330,28
S1-E6,2,39,1.713,23.958,397,30
S1-E6,2,40,1.758,21.732,414,35
S1-E6,2,41,2.628,26.128,537,34
S1-E6,2,42,1.582,26.338,342,40
S1-E6,2,43,1.316,24.157,390,27
S1-E6,2,44,1.483,32.067,421,31
S1-E6,2,45,1.278,27.780,371,27
S1-E6,2,46,1.451,29.374,402,33
S1-E6,2,47,1.379,28.345,412,29
S1-E6,2,48,1.695,28.961,408,33
S1-E6,2,49,1.697,25.869,359,43
S1-E6,2,50,1.651,25.884,359,29
S1-E6,2,51,1.595,26.806,395,19
S1-E6,2,52,1.644,22.926,430,23
S1-E6,2,53,1.748,31.388,393,27
S1-E6,2,54,1.538,36.177,387,27
S1-E6,2,55,1.956,26.296,388,34
S1-E6,2,56,1.688,32.965,402,35
S1-E6,2,57,1.927,28.057,374,37
S1-E6,2,58,1.708,28.875,423,33
S1-E6,2,59,1.534,28.433,437,29
S1-E6,2,60,1.596,28.193,483,39
S1-E6,2,61,1.840,28.696,524,21
S1-E6,2,62,1.989,25.588,404,33
S1-E6,2,63,1.594,30.154,458,28
S1-E6,2,64,1.485,32.160,368,28
S1-E6,2,65,1.914,28.617,484,37
S1-E6,2,66,1.723,27.775,441,39
S1-E6,2,67,1.957,28.644,415,31
S1-E6,2,68,1.727,30.173,556,37
S1-E6,2,69,1.643,26.986,424,37
S1-E6,2,70,2.021,24.313,557,32
S1-E6,2,71,2.101,30.744,392,41
S1-E6,2,72,2.118,27.629,481,38
S1-E6,2,73,1.739,25.466,465,42
S1-E6,2,74,1.915,27.768,345,33
S1-E6,2,75,2.277,27.727,421,36
S1-E6,2,76,1.938,30.725,386,29
S1-E6,2,77,1.849,27.304,333,35
S1-E6,2,78,1.919,28.312,391,38
S1-E6,2,79,1.869,26.565,497,20
S1-E6,2,80,2.060,28.272,466,36
S1-E6,2,81,2.048,23.885,429,41
S1-E6,2,82,2.111,25.274,437,27
S1-E6,2,83,2.363,22.931,448,40
S1-E6,2,84,2.341,21.954,534,29
S1-E6,2,85,2.518,27.015,493,35
S1-E6,2,86,2.616,27.061,502,32
S1-E6,2,87,2.360,31.439,369,38
S1-E6,2,88,2.250,28.184,500,23
S1-E6,2,89,2.334,27.104,423,29
S1-E6,2,90,2.603,28.050,427,26
S1-E6,2,91,2.082,28.398,407,29
S1-E6,2,92,2.316,32.491,532,26
S1-E6,2,93,2.270,33.745,395,33
S1-E6,2,94,2.121,25.796,522,28
S1-E6,2,95,2.131,30.949,524,31
S1-E6,2,96,2.226,24.317,504,27
S1-E6,2,97,2.629,28.368,434,23
S1-E6,2,98,2.638,27.334,431,32
S1-E6,2,99,2.826,26.137,404,40
S1-E6,2,100,2.897,27.113,524,26
S1-E6,2,101,4.236,23.846,480,36
S1-E6,2,102,3.561,28.934,543,39
S1-E6,2,103,4.119,37.605,408,37
S1-E6,2,104,4.034,33.148,523,34
S1-E6,2,105,4.373,35.486,475,34
S1-E6,2,106,4.535,34.634,503,40
S1-E6,2,107,4.065,34.385,503,32
S1-E6,2,108,4.920,40.916,534,28
S1-E6,2,109,4.828,38.681,527,32
S1-E6,2,110,4.761,42.316,518,31
S1-E6,2,111,4.227,41.765,469,20
S1-E6,2,112,4.030,36.337,558,23
S1-E6,2,113,3.544,39.243,437,36
S1-E6,2,114,4.629,47.313,472,30
S1-E6,2,115,4.510,53.486,409,28
S1-E6,2,116,4.252,45.480,516,34
S1-E6,2,117,4.056,43.147,527,40
S1-E6,2,118,4.228,50.018,495,30
S1-E6,2,119,4.033,52.359,551,36
S1-E6,2,120,3.936,50.376,578,31
S1-E6,2,121,3.507,49.113,573,28
S1-E6,2,122,3.631,41.458,445,37
S1-E6,2,123,3.714,44.620,473,36
S1-E6,2,124,3.539,49.268,587,33
S1-E6,2,125,3.174,46.876,578,31
S1-E6,2,126,3.235,34.100,465,32
S1-E6,2,127,3.530,39.000,541,36
S1-E6,2,128,3.463,48.389,521,30
S1-E6,2,129,3.855,45.908,634,41
S1-E6,2,130,3.191,40.666,653,39
S1-E6,2,131,4.165,43.054,574,27
S1-E6,2,132,3.958,39.744,561,33
S1-E6,2,133,3.222,40.975,537,31
S1-E6,2,134,3.632,42.984,659,29
S1-E6,2,135,4.378,40.094,503,31
S1-E6,2,136,4.052,35.859,637,35
S1-E6,2,137,4.256,30.882,740,45
S1-E6,2,138,4.471,36.419,755,41
S1-E6,2,139,4.507,35.688,757,37
S1-E6,2,140,4.425,31.396,734,43
S1-E6,2,141,4.304,40.467,638,29
S1-E6,2,142,4.331,36.886,784,28
S1-E6,2,143,4.551,36.168,624,33
S1-E6,2,144,4.055,37.262,753,35
S1-E6,2,145,3.949,32.688,704,35
S1-E6,2,146,4.436,37.182,674,33
S1-E6,2,147,4.863,31.890,820,39
S1-E6,2,148,4.784,29.321,549,31
S1-E6,2,149,4.306,33.134,753,31
S1-E6,2,150,4.357,28.566,754,28
S1-E6,2,151,4.365,30.188,647,19
S1-E6,2,152,4.346,33.254,595,25
S1-E6,2,153,4.281,25.950,700,24
S1-E6,2,154,4.318,25.133,795,20
S1-E6,2,155,4.734,28.825,666,23
S1-E6,2,156,4.684,29.369,844,16
S1-E6,2,157,4.983,29.537,859,20
S1-E6,2,158,4.616,25.053,738,21
S1-E6,2,159,5.250,23.545,777,26
S1-E6,2,160,5.679,27.080,878,18
S1-E6,2,161,4.796,32.492,844,28
S1-E6,2,162,4.331,30.940,826,30
S1-E6,2,163,4.000,29.415,651,24
S1-E6,2,164,4.156,24.730,742,24
S1-E6,2,165,4.780,22.157,619,25
S1-E6,2,166,5.083,24.179,898,23
S1-E6,2,167,4.980,17.170,836,16
S1-E6,2,168,5.424,22.055,758,18
S1-E6,2,169,5.525,20.898,824,17
S1-E6,2,170,6.041,17.359,880,20
S1-E6,2,171,5.471,18.966,834,15
S1-E6,2,172,5.483,19.075,810,19
S1-E6,2,173,6.088,23.963,696,24
S1-E6,2,174,4.840,23.554,836,31
S1-E6,2,175,5.128,22.210,904,22
S1-E6,2,176,5.627,20.929,948,18
S1-E6,2,177,5.347,24.824,740,22
S1-E6,2,178,5.213,19.425,792,12
S1-E6,2,179,5.735,22.627,775,26
S1-E6,2,180,5.829,23.867,670,29
S1-E6,2,181,5.380,20.343,711,26
S1-E6,2,182,5.281,19.137,837,23
S1-E6,2,183,6.841,18.774,849,25
S1-E6,2,184,5.304,19.881,812,15
S1-E6,2,185,4.756,23.406,709,26
S1-E6,2,186,6.026,22.788,768,26
S1-E6,2,187,5.817,19.066,717,28
S1-E6,2,188,5.605,17.772,727,23
S1-E6,2,189,5.158,20.281,962,22
S1-E6,2,190,5.660,19.243,752,24
S1-E6,2,191,5.278,17.611,950,20
S1-E6,2,192,5.113,19.874,835,18
S1-E6,2,193,5.227,19.210,845,13
S1-E6,2,194,5.479,15.803,708,25
S1-E6,2,195,6.261,17.156,767,20
S1-E6,2,196,6.247,16.133,692,27
S1-E6,2,197,5.436,23.463,724,20
S1-E6,2,198,5.039,19.819,661,18
S1-E6,2,199,5.904,16.103,737,21
S1-E6,2,200,5.584,18.800,613,19
S1-E6,2,201,6.131,20.611,896,19
S1-E6,2,202,6.217,19.609,799,20
S1-E6,2,203,5.592,19.657,779,24
S1-E6,2,204,5.086,20.930,677,22
S1-E6,2,205,4.878,24.918,803,26
S1-E6,2,206,4.990,25.465,889,33
S1-E6,2,207,4.352,21.885,727,26
S1-E6,2,208,4.623,27.224,943,17
S1-E6,2,209,5.252,22.118,730,23
S1-E6,2,210,4.269,25.550,797,18
S1-E6,2,211,4.488,22.023,621,18
S1-E6,2,212,4.326,25.785,720,25
S1-E6,2,213,4.807,20.115,754,28
S1-E6,2,214,3.999,21.675,780,27
S1-E6,2,215,3.304,26.066,658,16
S1-E6,2,216,4.737,25.518,828,26
S1-E6,2,217,3.547,27.601,681,24
S1-E6,2,218,3.008,23.744,716,26
S1-E6,2,219,3.673,28.996,713,25
S1-E6,2,220,3.341,23.305,674,24
S1-E6,2,221,3.536,19.991,732,23
S1-E6,2,222,3.243,29.959,635,30
S1-E6,2,223,3.638,21.688,617,11
S1-E6,2,224,2.861,24.838,655,20
S1-E6,2,225,3.336,21.449,722,22
S1-E6,2,226,3.876,21.862,675,26
S1-E6,2,227,3.427,23.963,643,19
S1-E6,2,228,3.837,24.265,554,18
S1-E6,2,229,3.301,20.267,665,21
S1-E6,2,230,3.628,23.441,639,23
S1-E6,2,231,3.056,18.256,647,24
S1-E6,2,232,3.401,18.579,637,26
S1-E6,2,233,3.168,23.099,785,23
S1-E6,2,234,2.895,21.482,704,19
S1-E6,2,235,3.291,22.847,697,24
S1-E6,2,236,2.847,21.916,648,30
S1-E6,2,237,2.945,23.505,647,27
S1-E6,2,238,2.618,21.800,677,26
S1-E6,2,239,2.613,22.163,707,27
S1-E6,2,240,2.854,21.646,686,23
S1-E6,2,241,2.694,25.217,611,26
S1-E6,2,242,2.664,19.946,573,27
S1-E6,2,243,2.490,19.569,748,25
S1-E6,2,244,3.181,16.526,699,24
S1-E6,2,245,2.790,14.394,673,20
S1-E6,2,246,3.152,17.890,605,33
S1-E6,2,247,3.276,16.341,636,24
S1-E6,2,248,3.509,17.959,615,31
S1-E6,2,249,3.348,16.356,518,29
S1-E6,2,250,3.131,16.571,675,24
S1-E6,2,251,3.151,18.128,665,31
S1-E6,2,252,2.952,16.103,653,14
S1-E6,2,253,2.711,18.520,631,25
S1-E6,2,254,3.433,17.009,593,19
S1-E6,2,255,2.918,18.831,842,31
S1-E6,2,256,3.013,19.220,596,21
S1-E6,2,257,3.433,20.852,786,29
S1-E6,2,258,2.971,17.398,789,29
S1-E6,2,259,2.825,16.264,568,17
S1-E6,2,260,3.058,17.175,574,22
S1-E6,2,261,2.749,15.258,573,32
S1-E6,2,262,2.703,18.217,726,38
S1-E6,2,263,2.834,19.706,542,36
S1-E6,2,264,2.563,18.809,578,33
S1-E6,2,265,2.858,17.481,523,21
S1-E6,2,266,2.599,16.372,647,35
S1-E6,2,267,2.779,14.744,651,32
S1-E6,2,268,2.709,18.976,614,26
S1-E6,2,269,2.519,19.156,490,32
S1-E6,2,270,2.890,20.304,617,32
S1-E6,2,271,2.587,20.101,684,25
S1-E6,2,272,2.370,19.730,513,38
S1-E6,2,273,2.562,21.205,506,28
S1-E6,2,274,2.298,17.045,553,34
S1-E6,2,275,1.991,22.988,632,30
S1-E6,2,276,2.179,20.498,536,40
S1-E6,2,277,2.224,19.537,730,26
S1-E6,2,278,2.416,18.592,541,22
S1-E6,2,279,2.207,17.387,560,32
S1-E6,2,280,2.401,16.738,599,28
S1-E6,2,281,2.351,17.076,466,29
S1-E6,2,282,2.308,13.104,583,26
S1-E6,2,283,2.487,16.945,555,31
S1-E6,2,284,2.224,13.323,459,34
S1-E6,2,285,2.206,17.241,544,33
S1-E6,2,286,2.271,18.338,516,23
S1-E6,2,287,2.132,19.972,472,32
S1-E6,2,288,2.338,21.257,500,28
S1-E6,2,289,1.936,22.728,465,22
S1-E6,2,290,1.835,20.926,541,23
S1-E6,2,291,1.920,20.622,448,22
S1-E6,2,292,1.728,17.468,506,20
S1-E6,2,293,1.939,19.641,526,29
S1-E6,2,294,2.107,15.516,670,30
S1-E6,2,295,2.123,18.951,623,34
S1-E6,2,296,2.128,18.082,515,19
S1-E6,2,297,2.520,17.802,497,26
S1-E6,2,298,1.836,22.231,559,35
S1-E6,2,299,2.324,18.877,450,38
S1-E6,2,300,2.372,20.008,511,41
S1-E6,2,301,2.005,18.584,538,23
S1-E6,2,302,2.221,15.359,571,25
S1-E6,2,303,2.543,15.915,482,17
S1-E6,2,304,2.104,20.084,406,34
S1-E6,2,305,2.320,18.770,607,27
S1-E6,2,306,1.860,17.631,351,30
S1-E6,2,307,2.612,17.005,538,36
S1-E6,2,308,1.970,16.713,412,31
S1-E6,2,309,2.344,20.002,440,30
S1-E6,2,310,1.998,20.878,492,31
S1-E6,2,311,2.119,19.281,504,31
S1-E6,2,312,1.904,21.223,445,26
S1-E6,2,313,1.858,22.238,499,24
S1-E6,2,314,2.227,16.680,441,24
S1-E6,2,315,1.829,21.001,484,22
S1-E6,2,316,1.828,23.397,452,22
S1-E6,2,317,1.963,25.637,462,25
S1-E6,2,318,1.803,23.805,453,33
S1-E6,2,319,1.647,22.935,458,25
S1-E6,2,320,1.680,19.834,500,35
S1-E6,2,321,1.671,26.524,467,20
S1-E6,2,322,1.435,22.249,477,26
S1-E6,2,323,1.673,24.837,457,40
S1-E6,2,324,2.155,19.030,389,24
S1-E6,2,325,1.709,19.301,407,31
S1-E6,2,326,2.254,21.054,476,18
S1-E6,2,327,2.158,19.897,401,31
S1-E6,2,328,2.161,19.422,438,28
S1-E6,2,329,2.175,20.072,554,32
S1-E6,2,330,2.389,16.354,472,23
S1-E6,2,331,2.108,24.164,441,31
S1-E6,2,332,1.951,22.585,390,28
S1-E6,2,333,1.998,24.431,404,36
S1-E6,2,334,2.494,17.574,392,29
S1-E6,2,335,1.994,24.251,432,34
S1-E6,2,336,2.253,22.336,399,41
S1-E6,2,337,1.945,30.005,417,28
S1-E6,2,338,1.901,21.960,441,33
S1-E6,2,339,1.869,23.991,562,26
S1-E6,2,340,1.987,27.353,433,33
S1-E6,2,341,2.056,23.861,367,26
S1-E6,2,342,2.068,23.504,425,31
S1-E6,2,343,1.873,20.355,443,42
S1-E6,2,344,1.946,24.890,492,22
S1-E6,2,345,2.037,23.121,385,33
S1-E6,2,346,1.948,19.258,428,27
S1-E6,2,347,1.846,24.171,516,25
S1-E6,2,348,2.263,26.119,449,23
S1-E6,2,349,2.146,21.766,449,26
S1-E6,2,350,2.196,28.446,433,34
S1-E6,2,351,2.124,20.217,505,33
S1-E6,2,352,2.165,22.295,461,38
S1-E6,2,353,2.297,24.921,455,29
S1-E6,2,354,2.220,23.049,479,22
S1-E6,2,355,1.939,30.103,411,32
S1-E6,2,356,1.880,32.300,544,28
S1-E6,2,357,1.755,22.696,496,29
S1-E6,2,358,1.991,29.773,518,32
S1-E6,2,359,2.280,24.839,476,35
S1-E6,2,360,2.084,26.231,425,33
S1-E6,2,361,2.227,31.454,503,31
S1-E6,2,362,2.230,24.594,399,28
S1-E6,2,363,2.305,24.331,499,36
S1-E6,2,364,2.377,26.710,481,29
S1-E6,2,365,2.369,26.569,502,22
S1-E6,2,366,2.508,21.502,424,27
S1-E6,2,367,2.669,24.801,512,20
S1-E6,2,368,2.728,26.389,512,24
S1-E6,2,369,2.486,26.780,454,32
S1-E6,2,370,2.503,34.098,456,27
S1-E6,2,371,2.064,34.456,366,32
S1-E6,2,372,2.227,22.402,506,29
S1-E6,2,373,2.318,33.089,521,36
S1-E6,2,374,2.182,29.959,476,34
S1-E6,2,375,2.125,31.958,541,30
S1-E6,2,376,1.971,29.212,485,35
S1-E6,2,377,2.218,33.167,471,30
S1-E6,2,378,2.029,31.393,565,31
S1-E6,2,379,2.235,26.021,489,29
S1-E6,2,380,2.367,31.412,572,33
S1-E6,2,381,6.927,33.338,474,19
S1-E6,2,382,5.884,42.490,516,21
S1-E6,2,383,4.663,40.623,462,33
S1-E6,2,384,4.176,47.752,418,29
S1-E6,2,385,4.026,44.605,459,29
S1-E6,2,386,2.802,48.476,484,20
S1-E6,2,387,2.990,44.636,510,31
S1-E6,2,388,2.673,47.896,545,41
S1-E6,2,389,2.325,44.516,534,23
S1-E6,2,390,2.219,46.478,556,32
S1-E6,2,391,2.138,46.968,605,34
S1-E6,2,392,2.275,38.560,597,24
S1-E6,2,393,1.930,43.848,567,30
S1-E6,2,394,1.873,42.795,477,35
S1-E6,2,395,1.822,39.734,518,27
S1-E6,2,396,2.146,32.868,639,34
S1-E6,2,397,2.219,38.058,495,29
S1-E6,2,398,2.249,30.519,507,42
S1-E6,2,399,2.570,28.399,574,24
