episode,day,nutrient,algae,grazers,fish
0,0,1.292,22.068,333,45
0,1,1.145,23.895,387,31
0,2,1.111,22.067,330,29
0,3,1.171,24.640,290,36
0,4,1.190,23.110,351,33
0,5,1.167,27.570,306,33
0,6,1.433,27.640,366,37
0,7,1.308,29.881,290,34
0,8,1.323,24.447,339,31
0,9,1.250,23.704,300,34
0,10,1.303,23.718,335,31
0,11,1.217,22.199,303,44
0,12,1.251,22.346,368,28
0,13,1.141,31.862,306,24
0,14,1.251,24.920,290,27
0,15,1.242,27.948,332,29
0,16,1.073,27.952,276,38
0,17,1.360,22.610,341,38
0,18,1.273,25.661,285,32
0,19,1.247,29.055,284,39
0,20,1.311,29.818,335,31
0,21,1.433,26.201,320,29
0,22,1.578,25.446,388,40
0,23,1.466,26.503,306,26
0,24,1.373,22.049,319,26
0,25,1.273,24.770,277,27
0,26,1.169,25.002,270,34
0,27,1.543,25.324,372,38
0,28,1.400,26.466,329,30
0,29,1.379,20.213,444,33
0,30,1.690,26.118,394,34
0,31,1.493,23.269,301,34
0,32,1.566,27.369,444,25
0,33,1.738,26.799,362,30
0,34,1.715,23.334,360,25
0,35,1.972,25.314,305,27
0,36,1.739,26.027,415,32
0,37,1.349,30.142,340,30
0,38,1.684,27.112,333,33
0,39,1.446,33.904,391,33
0,40,1.737,33.532,367,26
0,41,1.669,29.460,309,34
0,42,1.240,31.061,321,21
0,43,1.533,33.578,390,29
0,44,1.482,29.983,340,29
0,45,1.352,29.743,450,30
0,46,1.333,32.513,329,25
0,47,1.417,27.964,407,27
0,48,1.428,30.899,338,33
0,49,1.580,23.980,351,30
0,50,1.481,26.599,383,29
0,51,1.955,27.686,368,36
0,52,1.861,26.006,385,34
0,53,1.779,26.808,343,26
0,54,1.557,32.001,452,34
0,55,1.366,34.817,324,26
0,56,1.399,28.281,400,29
0,57,1.760,30.849,366,29
0,58,1.488,24.670,408,31
0,59,1.624,31.729,409,36
0,60,1.602,26.225,399,26
0,61,1.507,31.307,407,37
0,62,1.938,24.349,451,28
0,63,1.693,24.250,489,31
0,64,1.951,27.927,425,32
0,65,1.730,35.423,400,32
0,66,2.057,26.381,325,40
0,67,1.661,35.110,419,33
0,68,2.193,27.469,409,35
0,69,2.198,27.858,454,34
0,70,2.030,27.792,472,30
0,71,1.936,25.986,530,25
0,72,2.006,28.578,425,24
0,73,1.949,33.270,376,32
0,74,1.688,31.878,525,32
0,75,2.013,30.186,531,38
0,76,1.950,31.347,519,38
0,77,1.930,27.530,446,35
0,78,1.898,32.613,512,22
0,79,2.407,24.859,462,30
0,80,2.097,30.110,560,34
0,81,1.804,30.200,435,38
0,82,2.276,25.771,502,30
0,83,2.267,29.546,454,33
0,84,2.729,25.348,560,28
0,85,2.169,26.171,562,26
0,86,2.205,30.233,442,33
0,87,2.816,21.049,539,22
0,88,2.485,26.209,407,28
0,89,2.367,27.231,573,36
0,90,2.248,30.694,489,29
0,91,2.457,26.603,525,32
0,92,1.985,32.480,428,29
0,93,1.758,35.597,505,28
0,94,2.334,30.951,630,32
0,95,2.190,24.697,466,36
0,96,2.356,28.822,439,29
0,97,2.499,26.354,502,31
0,98,2.242,27.479,584,33
0,99,2.428,26.147,497,24
0,100,2.496,27.771,494,31
0,101,2.328,31.722,626,32
0,102,2.724,31.277,556,23
0,103,2.429,21.311,577,32
0,104,2.529,28.778,500,30
0,105,1.957,33.493,555,30
0,106,2.393,29.547,491,32
0,107,2.245,32.861,491,35
0,108,1.792,27.510,579,33
0,109,2.332,29.625,541,37
0,110,2.154,31.068,540,26
0,111,2.100,25.628,561,37
0,112,2.035,35.348,604,42
0,113,2.280,24.942,535,35
0,114,2.556,28.422,477,36
0,115,2.549,27.328,524,38
0,116,2.484,30.164,502,37
0,117,2.452,31.737,562,31
0,118,2.469,23.191,526,27
0,119,2.522,28.353,517,39
0,120,2.246,27.075,589,38
0,121,2.238,24.498,496,24
0,122,2.811,24.688,498,36
0,123,2.293,24.690,508,25
0,124,2.617,27.196,434,29
0,125,2.542,31.605,548,21
0,126,2.811,27.698,586,36
0,127,2.536,23.572,643,40
0,128,2.749,30.934,483,29
0,129,2.490,28.377,606,33
0,130,2.916,25.206,542,26
0,131,2.804,29.254,638,49
0,132,2.293,30.577,529,38
0,133,2.153,34.248,438,28
0,134,2.082,31.428,516,42
0,135,1.909,31.430,514,32
0,136,2.380,33.917,513,43
0,137,2.378,31.556,498,32
0,138,7.019,36.687,662,35
0,139,6.796,48.561,668,34
0,140,5.540,34.939,575,39
0,141,4.830,34.516,508,41
0,142,5.477,35.797,443,34
0,143,4.468,36.845,578,37
0,144,3.060,41.578,572,29
0,145,3.380,45.347,586,30
0,146,2.735,33.223,448,36
0,147,2.734,33.946,457,34
0,148,2.772,32.097,534,30
0,149,1.968,41.478,502,35
0,150,2.158,36.438,506,48
0,151,1.899,41.105,548,41
0,152,1.829,37.729,489,38
0,153,2.106,31.369,419,40
0,154,1.716,30.181,475,33
0,155,1.743,32.237,553,43
0,156,1.745,26.437,554,38
0,157,1.961,21.693,564,36
0,158,2.438,16.533,400,31
0,159,2.248,24.246,620,33
0,160,2.340,22.804,591,28
0,161,2.766,21.543,658,38
0,162,2.481,23.998,639,39
0,163,2.626,21.275,772,38
0,164,2.953,24.368,671,40
0,165,2.914,21.472,653,31
0,166,2.807,20.904,514,33
0,167,2.661,19.426,741,41
0,168,2.741,18.791,784,27
0,169,2.691,20.984,712,28
0,170,2.583,23.683,612,44
0,171,2.685,21.797,671,42
0,172,3.139,23.841,604,26
0,173,2.788,19.445,633,31
0,174,2.442,17.740,652,32
0,175,2.574,20.891,611,33
0,176,2.553,28.153,642,37
0,177,5.636,28.542,466,38
0,178,4.105,27.629,617,32
0,179,4.415,28.479,531,36
0,180,3.499,36.695,620,35
0,181,3.279,29.587,468,40
0,182,2.730,32.500,677,22
0,183,2.711,37.839,526,43
0,184,2.162,32.007,655,32
0,185,2.126,33.537,471,38
0,186,1.851,34.257,554,49
0,187,1.900,27.674,536,38
0,188,1.863,22.304,622,34
0,189,1.851,26.480,512,31
0,190,1.930,26.292,532,33
0,191,1.578,22.655,660,32
0,192,1.736,23.267,496,29
0,193,1.929,22.631,428,31
0,194,1.914,22.949,571,47
0,195,2.136,21.149,576,40
0,196,2.163,20.082,491,30
0,197,2.126,23.440,501,40
0,198,2.166,23.179,544,38
0,199,2.218,20.661,552,33
0,200,2.193,18.964,543,48
0,201,2.011,19.053,491,44
0,202,2.432,18.872,681,48
0,203,2.065,23.423,629,36
0,204,1.798,17.746,587,35
0,205,2.051,24.654,613,29
0,206,2.053,19.926,572,31
0,207,2.150,23.231,474,41
0,208,2.309,21.556,521,32
0,209,1.989,19.040,559,39
0,210,1.885,22.916,404,32
0,211,2.114,16.515,644,48
0,212,2.463,16.299,459,31
0,213,1.906,18.913,586,35
0,214,2.233,17.465,517,41
0,215,2.158,21.631,572,35
0,216,2.004,18.446,446,37
0,217,2.204,21.284,432,42
0,218,2.477,23.781,458,32
0,219,1.846,22.101,482,42
0,220,1.942,18.958,458,37
0,221,2.012,22.741,400,33
0,222,2.195,19.886,463,35
0,223,2.099,20.705,502,36
0,224,1.671,18.083,487,30
0,225,1.732,20.252,507,31
0,226,1.513,19.932,347,33
0,227,1.675,18.846,463,43
0,228,1.352,23.414,411,32
0,229,1.477,21.122,508,32
0,230,1.608,15.191,440,35
0,231,1.656,20.791,451,35
0,232,1.583,17.325,414,34
0,233,1.504,17.910,477,36
0,234,1.598,15.006,421,27
0,235,1.873,20.161,404,34
0,236,1.470,20.989,533,33
0,237,1.566,18.847,403,38
0,238,3.971,30.806,409,41
0,239,3.499,32.732,485,33
0,240,2.917,27.139,474,40
0,241,2.221,32.008,425,44
0,242,1.618,40.637,449,37
0,243,1.375,41.345,388,47
0,244,1.077,33.055,462,40
0,245,0.941,29.736,414,34
0,246,0.840,28.777,438,43
0,247,1.007,26.107,413,39
0,248,0.966,28.203,325,44
0,249,1.115,20.695,412,36
0,250,0.876,25.568,423,27
0,251,1.036,19.807,384,35
0,252,1.077,19.462,353,28
0,253,1.073,18.673,424,28
0,254,1.217,17.176,385,27
0,255,1.150,18.987,407,39
0,256,1.161,18.216,429,46
0,257,1.199,15.727,385,39
0,258,1.341,18.110,414,39
0,259,1.431,15.373,413,32
0,260,1.376,16.644,397,33
0,261,1.294,16.379,403,41
0,262,1.470,15.665,442,30
0,263,1.374,16.920,423,36
0,264,1.317,15.958,409,34
0,265,1.688,15.422,523,28
0,266,1.455,13.196,522,37
0,267,1.782,15.647,425,26
0,268,1.577,16.750,311,42
0,269,1.511,16.791,383,35
0,270,1.442,14.705,414,40
0,271,1.238,17.872,476,34
0,272,1.270,14.265,426,34
0,273,1.140,19.242,394,43
0,274,1.156,16.986,369,40
0,275,1.043,17.274,364,23
0,276,1.137,18.943,414,38
0,277,1.165,15.097,359,32
0,278,1.202,16.427,406,31
0,279,1.448,16.984,461,47
0,280,1.189,14.503,358,31
0,281,1.085,13.593,385,34
0,282,1.582,13.553,358,43
0,283,1.201,13.878,379,33
0,284,1.243,14.000,315,36
0,285,1.414,20.455,287,34
0,286,1.245,19.552,345,31
0,287,1.119,17.350,216,33
0,288,1.139,17.094,358,31
0,289,0.986,19.804,353,34
0,290,1.079,19.760,411,31
0,291,1.058,17.484,356,40
0,292,1.232,19.779,291,32
0,293,1.018,19.867,362,29
0,294,1.140,15.971,310,33
0,295,1.089,15.315,279,35
0,296,1.330,16.283,331,32
0,297,1.150,19.764,273,34
0,298,1.205,17.828,267,43
0,299,1.204,15.116,327,34
0,300,1.161,16.538,303,24
0,301,1.012,21.018,343,34
0,302,0.944,17.612,332,32
0,303,1.031,17.828,377,40
0,304,1.149,16.745,381,31
0,305,0.978,15.991,376,36
0,306,1.121,16.768,327,37
0,307,1.042,16.752,261,46
0,308,1.248,18.806,309,33
0,309,0.951,19.976,260,30
0,310,1.049,20.014,289,33
0,311,1.001,19.319,273,27
0,312,1.151,16.869,273,35
0,313,1.275,16.725,314,38
0,314,0.843,16.633,326,45
0,315,1.041,15.578,306,33
0,316,1.125,19.237,304,52
0,317,0.849,18.972,304,36
0,318,1.006,21.220,290,22
0,319,0.899,22.452,329,29
0,320,1.007,16.889,343,41
0,321,1.139,20.249,271,45
0,322,0.985,16.308,314,37
0,323,1.228,18.541,323,25
0,324,1.262,17.666,276,32
0,325,1.245,19.316,233,48
0,326,1.157,20.249,290,36
0,327,1.189,18.772,289,39
0,328,1.323,20.387,276,29
0,329,1.168,20.226,236,40
0,330,1.159,20.411,323,32
0,331,1.276,22.522,246,31
0,332,1.264,18.152,279,34
0,333,1.346,18.543,287,41
0,334,1.282,20.996,329,25
0,335,1.109,16.650,304,24
0,336,1.341,20.506,278,39
0,337,1.155,20.165,341,23
0,338,1.206,20.180,262,26
0,339,1.123,19.719,278,41
0,340,1.189,16.580,266,41
0,341,1.124,21.267,297,35
0,342,1.193,21.181,248,40
0,343,1.223,19.490,298,36
0,344,1.227,19.656,278,39
0,345,1.116,21.240,213,46
0,346,1.074,20.552,396,36
0,347,1.045,24.318,328,34
0,348,0.937,26.658,283,24
0,349,0.972,19.303,275,34
0,350,1.134,21.794,306,31
0,351,1.053,22.661,330,32
0,352,1.069,20.353,268,40
0,353,1.239,22.326,263,30
0,354,1.197,24.894,250,26
0,355,1.255,21.396,257,35
0,356,1.267,19.496,262,18
0,357,1.169,22.391,320,35
0,358,1.408,23.656,351,21
0,359,1.298,19.678,312,34
0,360,1.261,24.763,271,27
0,361,1.625,22.802,253,39
0,362,1.465,21.131,291,30
0,363,1.141,21.650,279,36
0,364,1.149,25.056,349,36
0,365,1.361,25.267,225,33
0,366,1.290,21.656,265,32
0,367,1.242,24.188,292,31
0,368,1.212,23.742,280,32
0,369,1.628,24.834,408,40
0,370,1.252,25.399,289,35
0,371,1.383,26.931,298,28
0,372,1.247,31.380,349,29
0,373,1.298,26.134,255,31
0,374,1.298,23.547,315,26
0,375,1.228,26.381,270,22
0,376,1.095,23.364,340,31
0,377,1.217,25.939,347,27
0,378,1.212,21.828,375,43
0,379,1.398,25.482,329,29
0,380,1.192,26.297,448,29
0,381,1.298,28.030,300,36
0,382,1.303,28.454,385,37
0,383,1.426,23.490,306,27
0,384,1.454,24.681,324,30
0,385,1.474,27.018,319,30
0,386,1.317,27.153,406,32
0,387,1.235,27.806,357,35
0,388,1.324,34.765,296,25
0,389,1.277,26.546,300,40
0,390,1.314,24.527,414,25
0,391,1.323,24.718,403,27
0,392,1.471,24.597,422,34
0,393,1.376,26.945,325,29
0,394,1.536,28.205,351,27
0,395,1.394,28.670,372,42
0,396,1.296,27.982,389,26
0,397,1.587,30.081,334,40
0,398,1.490,31.646,366,29
0,399,1.497,29.580,388,32
1,0,1.214,25.546,306,50
1,1,1.231,24.676,335,44
1,2,1.132,24.429,312,47
1,3,1.316,23.225,387,35
1,4,1.262,18.225,372,43
1,5,1.298,19.701,415,42
1,6,1.519,22.864,321,42
1,7,1.285,24.608,337,26
1,8,1.520,22.656,376,42
1,9,1.437,22.219,319,26
1,10,1.353,27.354,398,41
1,11,1.455,21.638,354,33
1,12,1.268,28.503,308,33
1,13,1.662,22.644,384,35
1,14,1.520,26.145,415,35
1,15,1.710,21.397,337,40
1,16,1.553,22.336,316,32
1,17,1.716,26.298,361,25
1,18,1.573,20.592,307,41
1,19,1.399,29.586,352,28
1,20,1.404,26.775,385,30
1,21,1.361,25.822,305,36
1,22,1.359,26.863,296,33
1,23,1.590,25.994,322,22
1,24,1.474,28.947,301,34
1,25,1.551,22.825,400,38
1,26,1.459,26.331,364,29
1,27,1.512,26.688,360,36
1,28,1.781,29.387,414,26
1,29,1.678,27.607,318,27
1,30,1.474,23.514,315,30
1,31,1.325,36.739,362,27
1,32,1.425,31.243,427,34
1,33,1.484,27.349,357,33
1,34,1.286,28.862,383,29
1,35,1.319,30.430,333,38
1,36,1.388,30.662,274,27
1,37,1.415,30.405,369,31
1,38,1.411,32.677,358,24
1,39,1.254,32.773,354,29
1,40,1.529,29.078,359,30
1,41,1.619,23.199,308,30
1,42,1.629,28.932,330,24
1,43,1.728,22.324,417,24
1,44,1.751,26.748,381,37
1,45,2.171,24.095,367,20
1,46,1.725,26.654,370,32
1,47,1.835,28.427,407,33
1,48,1.754,29.936,365,35
1,49,1.441,28.519,452,23
1,50,2.046,27.699,385,25
1,51,1.714,29.351,377,29
1,52,1.704,27.720,433,32
1,53,1.763,34.214,464,43
1,54,1.592,32.271,360,32
1,55,3.891,36.596,467,32
1,56,3.400,43.863,451,30
1,57,2.817,47.857,412,29
1,58,2.454,51.054,434,35
1,59,2.033,44.548,431,29
1,60,1.876,43.524,372,32
1,61,1.700,30.513,403,35
1,62,1.969,34.682,479,28
1,63,2.016,35.349,472,31
1,64,1.843,28.715,342,45
1,65,1.625,36.513,416,37
1,66,1.523,34.561,476,31
1,67,1.686,31.036,312,25
1,68,1.353,33.475,436,33
1,69,1.669,27.221,378,33
1,70,1.907,31.036,493,37
1,71,2.026,30.741,389,35
1,72,2.275,27.975,420,30
1,73,1.885,25.335,422,34
1,74,1.879,25.987,536,34
1,75,1.635,25.828,482,35
1,76,2.302,26.053,456,31
1,77,2.452,31.616,476,29
1,78,2.467,27.191,429,33
1,79,2.027,28.541,401,36
1,80,2.902,24.641,480,29
1,81,2.200,25.220,569,30
1,82,2.259,24.372,539,36
1,83,2.152,25.843,638,41
1,84,5.259,29.361,554,33
1,85,4.155,40.270,444,35
1,86,4.577,40.468,643,33
1,87,3.814,40.607,461,26
1,88,2.720,46.244,496,30
1,89,3.062,37.241,450,30
1,90,2.562,42.944,543,40
1,91,2.363,47.275,616,34
1,92,2.422,32.884,596,31
1,93,2.026,31.707,456,30
1,94,1.958,32.127,594,32
1,95,2.327,26.912,498,33
1,96,2.372,30.278,505,42
1,97,2.152,25.322,550,30
1,98,1.832,31.064,584,28
1,99,2.128,28.118,409,26
1,100,2.038,29.573,443,30
1,101,2.133,31.676,500,33
1,102,1.944,26.457,529,19
1,103,2.044,22.837,546,27
1,104,2.267,23.804,459,39
1,105,2.505,28.570,686,39
1,106,2.447,25.258,573,35
1,107,2.758,27.571,546,18
1,108,2.919,27.166,489,38
1,109,2.614,23.264,622,39
1,110,2.843,22.081,640,36
1,111,2.988,26.053,588,36
1,112,3.182,18.935,540,36
1,113,3.148,23.800,625,34
1,114,3.389,30.336,578,31
1,115,2.624,26.506,482,25
1,116,2.583,25.653,608,29
1,117,2.792,29.317,576,30
1,118,2.427,26.074,614,38
1,119,2.516,32.728,668,36
1,120,2.140,26.559,475,37
1,121,2.312,23.914,555,33
1,122,1.998,24.485,608,34
1,123,2.970,21.384,685,32
1,124,2.675,27.554,555,30
1,125,2.634,24.266,600,40
1,126,2.617,22.676,562,27
1,127,2.590,21.206,582,37
1,128,2.696,24.958,543,35
1,129,3.006,20.614,519,26
1,130,3.248,21.352,580,30
1,131,2.891,21.001,663,48
1,132,2.973,22.917,538,34
1,133,2.930,23.799,439,42
1,134,3.526,25.087,613,33
1,135,3.011,22.265,523,31
1,136,2.946,23.133,648,35
1,137,3.027,26.349,567,33
1,138,2.975,26.767,483,39
1,139,2.419,24.664,474,30
1,140,2.651,27.092,628,33
1,141,2.195,30.087,602,45
1,142,1.994,37.302,466,34
1,143,2.270,26.646,599,33
1,144,2.174,30.429,607,34
1,145,1.887,36.942,616,32
1,146,2.116,33.463,471,38
1,147,2.507,24.351,538,45
1,148,2.176,33.063,505,34
1,149,2.460,30.599,488,38
1,150,2.287,27.197,554,27
1,151,2.201,24.604,508,40
1,152,2.372,23.518,656,30
1,153,2.093,27.832,603,33
1,154,2.168,32.717,616,28
1,155,1.917,33.005,455,37
1,156,6.247,33.734,595,37
1,157,5.422,30.787,523,32
1,158,5.014,41.655,506,32
1,159,5.157,37.415,535,38
1,160,3.469,36.604,568,46
1,161,3.725,35.988,458,44
1,162,3.640,34.087,516,33
1,163,3.116,36.319,516,49
1,164,2.919,37.257,533,43
1,165,2.144,34.241,437,35
1,166,2.194,42.366,603,48
1,167,2.205,32.907,412,38
1,168,2.156,27.074,505,33
1,169,2.122,28.165,489,42
1,170,2.098,25.974,534,23
1,171,2.220,28.965,636,45
1,172,2.305,22.861,531,40
1,173,2.305,26.522,441,35
1,174,2.071,27.281,570,30
1,175,2.386,20.965,571,22
1,176,1.912,27.880,568,33
1,177,1.777,25.711,740,33
1,178,1.813,24.790,578,36
1,179,1.828,26.611,597,34
1,180,1.994,23.581,487,42
1,181,2.271,18.739,675,39
1,182,2.248,22.781,669,29
1,183,2.294,24.317,535,38
1,184,2.102,25.541,587,27
1,185,1.821,25.264,603,28
1,186,1.970,21.951,469,27
1,187,2.094,21.014,694,38
1,188,1.880,18.016,502,36
1,189,2.068,18.599,753,33
1,190,2.217,21.214,556,50
1,191,2.275,19.014,566,36
1,192,2.408,21.480,609,30
1,193,2.418,18.346,575,47
1,194,2.514,20.619,579,33
1,195,2.420,21.163,561,39
1,196,2.782,20.994,501,39
1,197,2.466,21.900,470,35
1,198,2.697,19.438,628,35
1,199,2.382,20.983,521,38
1,200,2.321,20.658,511,35
1,201,2.122,26.073,552,48
1,202,2.031,23.739,547,51
1,203,2.278,18.811,508,49
1,204,2.078,21.904,523,39
1,205,2.164,22.892,499,31
1,206,5.139,23.200,449,22
1,207,4.479,30.854,565,34
1,208,4.500,29.969,546,35
1,209,3.253,35.379,488,32
1,210,2.872,38.217,536,39
1,211,2.271,42.087,485,31
1,212,1.781,35.820,512,40
1,213,1.864,40.172,601,38
1,214,1.751,35.329,518,30
1,215,1.621,27.423,570,32
1,216,1.546,29.034,385,36
1,217,1.435,29.258,476,42
1,218,1.579,20.570,440,32
1,219,1.414,24.073,558,50
1,220,1.364,22.976,419,37
1,221,1.708,20.474,435,34
1,222,5.386,26.155,436,33
1,223,5.096,29.525,363,29
1,224,3.971,32.975,362,37
1,225,3.714,37.031,356,41
1,226,2.701,44.922,550,34
1,227,2.376,29.663,372,27
1,228,1.868,31.354,542,47
1,229,1.664,28.208,494,35
1,230,1.340,28.911,577,42
1,231,1.506,25.264,509,41
1,232,1.634,25.202,486,51
1,233,1.460,25.532,581,46
1,234,1.526,21.520,421,40
1,235,1.583,17.263,565,37
1,236,1.362,18.756,437,28
1,237,1.756,17.971,430,32
1,238,1.594,17.499,464,38
1,239,1.523,18.680,522,40
1,240,1.587,17.435,538,41
1,241,1.476,18.330,467,37
1,242,1.869,13.630,499,47
1,243,1.766,14.232,458,35
1,244,1.555,18.436,453,39
1,245,1.660,16.485,524,32
1,246,1.878,17.274,521,36
1,247,1.720,15.832,439,39
1,248,1.933,13.643,381,42
1,249,1.783,15.638,609,30
1,250,1.801,13.302,488,35
1,251,1.616,14.711,469,41
1,252,1.951,13.233,507,44
1,253,1.907,14.504,471,38
1,254,1.751,15.233,470,39
1,255,1.807,19.781,592,29
1,256,1.674,16.234,420,30
1,257,1.628,15.355,421,34
1,258,1.600,16.493,476,41
1,259,1.728,16.661,371,28
1,260,1.991,19.233,368,41
1,261,1.736,17.940,380,32
1,262,1.328,17.522,416,38
1,263,1.319,16.956,360,29
1,264,1.565,18.142,322,36
1,265,1.290,17.399,464,33
1,266,1.559,16.988,368,45
1,267,1.226,17.146,477,34
1,268,1.409,15.558,445,43
1,269,1.334,15.907,387,34
1,270,1.311,15.594,290,49
1,271,1.272,18.953,374,35
1,272,1.140,18.458,354,35
1,273,1.313,13.639,378,39
1,274,1.150,20.264,356,35
1,275,1.311,19.552,370,47
1,276,1.291,17.085,356,41
1,277,0.992,21.450,337,32
1,278,1.165,13.452,323,41
1,279,1.265,16.541,357,36
1,280,1.285,17.133,360,32
1,281,1.365,17.197,351,31
1,282,1.226,15.412,328,35
1,283,1.077,20.967,280,37
1,284,1.051,18.867,382,36
1,285,1.310,17.627,376,48
1,286,1.261,18.751,264,33
1,287,25.075,26.006,357,37
1,288,27.935,39.499,279,38
1,289,18.483,52.610,304,43
1,290,16.947,59.553,356,51
1,291,15.752,61.994,368,41
1,292,12.763,64.570,378,28
1,293,10.007,81.305,300,25
1,294,9.389,70.537,334,41
1,295,7.462,68.426,296,36
1,296,6.616,70.630,340,41
1,297,4.781,73.166,442,34
1,298,3.833,66.284,293,43
1,299,3.343,64.607,359,37
1,300,2.203,72.160,256,52
1,301,1.680,59.702,260,53
1,302,1.106,48.849,260,35
1,303,0.711,51.466,270,34
1,304,0.639,38.237,337,29
1,305,0.722,40.094,302,34
1,306,0.678,33.689,358,54
1,307,0.648,27.395,308,44
1,308,0.725,24.533,415,31
1,309,0.808,22.549,353,31
1,310,0.883,20.300,335,43
1,311,0.956,20.152,427,46
1,312,0.999,16.475,488,47
1,313,1.118,13.957,313,26
1,314,1.278,12.560,466,46
1,315,1.206,11.766,363,41
1,316,1.363,11.009,383,36
1,317,1.359,10.675,430,35
1,318,1.602,9.259,387,38
1,319,1.490,9.225,566,43
1,320,1.658,9.865,514,38
1,321,1.525,11.145,399,49
1,322,1.709,10.662,535,38
1,323,1.592,10.337,423,30
1,324,1.666,9.228,350,32
1,325,1.717,10.344,421,42
1,326,1.784,12.544,418,45
1,327,1.915,11.490,374,40
1,328,1.676,11.420,461,37
1,329,1.954,12.462,451,41
1,330,1.712,12.840,441,25
1,331,2.135,13.982,487,29
1,332,1.611,10.851,482,33
1,333,2.029,11.723,434,40
1,334,2.072,13.911,406,41
1,335,1.812,12.259,386,39
1,336,1.665,17.167,362,30
1,337,1.655,15.842,375,33
1,338,1.477,15.191,282,39
1,339,1.688,17.773,291,31
1,340,1.760,17.104,359,28
1,341,1.491,17.481,410,27
1,342,1.534,20.606,312,28
1,343,1.436,21.847,301,39
1,344,1.094,17.409,348,24
1,345,1.077,21.188,414,35
1,346,1.030,23.349,319,33
1,347,0.971,22.312,341,41
1,348,1.155,23.449,349,30
1,349,1.004,29.899,360,39
1,350,0.953,19.959,344,41
1,351,0.900,24.527,288,30
1,352,1.053,20.501,263,45
1,353,1.061,21.319,270,36
1,354,1.092,20.905,254,37
1,355,1.261,20.574,294,27
1,356,1.338,20.397,366,36
1,357,1.340,18.018,313,29
1,358,1.236,23.022,324,29
1,359,1.166,19.851,292,50
1,360,1.369,23.766,283,29
1,361,1.236,26.701,368,46
1,362,1.462,24.187,283,31
1,363,1.281,23.080,328,26
1,364,1.230,25.729,270,46
1,365,1.257,24.856,351,43
1,366,1.018,27.009,318,32
1,367,1.334,23.786,285,27
1,368,1.245,22.394,281,24
1,369,1.330,20.678,350,38
1,370,1.356,23.954,321,28
1,371,1.140,25.414,324,37
1,372,1.276,27.087,330,32
1,373,0.950,26.798,358,44
1,374,1.323,26.032,339,38
1,375,1.436,27.597,325,34
1,376,1.182,27.481,260,39
1,377,1.171,25.842,336,36
1,378,1.301,28.316,277,29
1,379,1.167,27.468,324,24
1,380,1.281,22.136,271,38
1,381,1.320,29.940,396,26
1,382,1.139,26.321,344,42
1,383,1.199,24.228,369,33
1,384,1.033,29.045,290,26
1,385,1.151,27.182,258,30
1,386,1.265,31.468,383,37
1,387,1.258,29.670,422,39
1,388,1.429,25.557,377,32
1,389,1.448,22.419,359,34
1,390,1.311,28.725,348,38
1,391,1.341,25.348,375,33
1,392,1.572,27.785,277,38
1,393,1.522,29.758,341,42
1,394,1.314,27.008,384,37
1,395,1.361,31.415,373,33
1,396,1.268,30.192,338,39
1,397,1.430,30.514,295,40
1,398,1.388,34.482,352,30
1,399,1.251,29.094,293,31
2,0,1.094,24.161,389,38
2,1,1.202,25.586,336,18
2,2,1.086,23.489,309,24
2,3,1.382,22.744,365,28
2,4,1.324,20.366,386,30
2,5,1.275,24.509,305,33
2,6,1.293,19.884,350,22
2,7,1.240,27.053,349,30
2,8,1.330,25.553,346,27
2,9,1.261,20.036,364,30
2,10,1.464,24.520,319,34
2,11,1.340,23.743,356,29
2,12,1.272,20.431,338,25
2,13,1.707,26.758,411,25
2,14,1.511,23.019,330,23
2,15,1.404,22.913,352,19
2,16,1.268,26.413,403,21
2,17,1.581,23.176,284,37
2,18,1.301,29.206,387,29
2,19,1.333,26.121,371,28
2,20,1.146,29.470,407,27
2,21,1.270,25.425,448,37
2,22,1.135,29.207,357,29
2,23,1.238,27.674,373,23
2,24,1.225,28.307,447,30
2,25,1.216,24.263,361,18
2,26,1.239,28.767,403,31
2,27,1.233,27.316,353,32
2,28,1.432,28.528,310,23
2,29,1.419,21.686,393,20
2,30,1.277,27.507,388,22
2,31,1.576,30.672,326,39
2,32,1.674,24.999,402,28
2,33,1.585,26.531,477,26
2,34,1.577,22.479,419,24
2,35,1.519,28.449,387,24
2,36,1.598,20.853,374,28
2,37,1.587,23.331,389,25
2,38,1.647,26.319,342,22
2,39,1.687,23.845,394,30
2,40,1.875,22.464,353,25
2,41,1.940,26.780,375,32
2,42,1.990,25.023,394,25
2,43,1.713,24.723,389,23
2,44,1.553,27.866,340,26
2,45,1.618,28.528,349,19
2,46,1.474,27.908,468,28
2,47,1.727,24.698,375,33
2,48,1.762,26.195,406,19
2,49,1.583,29.284,377,17
2,50,1.615,29.777,452,31
2,51,1.690,31.985,366,26
2,52,1.762,24.376,430,31
2,53,1.999,24.748,416,26
2,54,1.829,24.726,402,20
2,55,1.744,23.056,422,35
2,56,1.675,27.938,376,24
2,57,1.855,31.711,436,28
2,58,1.632,24.279,468,29
2,59,2.027,24.215,445,19
2,60,1.609,32.429,417,26
2,61,6.141,36.458,461,28
2,62,5.634,41.837,447,24
2,63,4.620,39.718,479,28
2,64,4.239,36.936,508,31
2,65,3.690,42.332,364,28
2,66,2.690,41.624,488,24
2,67,2.343,45.260,451,22
2,68,2.331,39.494,428,28
2,69,2.229,41.018,608,30
2,70,1.684,34.275,519,32
2,71,1.801,31.278,410,34
2,72,2.032,31.997,614,30
2,73,1.670,37.148,444,28
2,74,1.452,31.032,398,23
2,75,2.045,30.609,519,20
2,76,1.844,26.455,542,24
2,77,2.032,25.371,573,19
2,78,1.770,34.385,486,28
2,79,2.000,25.647,466,23
2,80,2.236,23.833,422,31
2,81,1.994,25.133,468,33
2,82,2.396,28.661,452,33
2,83,2.200,22.892,621,27
2,84,1.990,28.585,486,22
2,85,2.718,24.329,524,34
2,86,2.432,24.180,557,22
2,87,2.688,19.470,566,27
2,88,2.370,26.511,630,43
2,89,2.805,21.804,517,26
2,90,2.619,20.678,566,18
2,91,2.545,22.219,721,25
2,92,2.308,21.132,542,33
2,93,2.302,22.525,606,22
2,94,2.517,29.586,561,24
2,95,2.399,24.857,587,27
2,96,2.731,24.589,569,26
2,97,2.594,20.758,517,22
2,98,2.810,27.102,423,26
2,99,2.967,20.371,627,35
2,100,2.859,22.072,516,24
2,101,2.669,20.517,551,39
2,102,3.176,19.292,519,37
2,103,2.661,27.021,592,24
2,104,3.170,21.446,599,36
2,105,3.008,22.599,523,25
2,106,2.898,21.601,595,27
2,107,3.211,21.925,626,33
2,108,3.319,29.488,644,22
2,109,2.637,25.264,571,40
2,110,2.714,29.021,569,22
2,111,2.205,27.801,542,23
2,112,2.906,25.741,463,25
2,113,2.671,23.397,557,36
2,114,2.347,25.262,526,43
2,115,2.765,24.703,757,20
2,116,2.640,22.981,563,26
2,117,2.702,26.255,604,25
2,118,2.822,29.315,568,27
2,119,2.733,24.783,588,35
2,120,2.813,20.241,540,35
2,121,2.925,25.717,613,24
2,122,2.497,22.487,577,24
2,123,3.062,25.240,712,22
2,124,3.312,29.349,500,36
2,125,2.892,23.972,498,35
2,126,2.691,27.739,591,36
2,127,2.629,24.260,601,34
2,128,2.493,25.033,492,33
2,129,2.699,22.360,539,46
2,130,2.907,21.866,606,33
2,131,2.716,25.661,482,24
2,132,2.661,22.294,590,34
2,133,3.112,23.044,595,45
2,134,2.880,21.853,552,38
2,135,3.198,20.299,491,29
2,136,2.682,24.804,516,33
2,137,3.059,24.628,615,39
2,138,2.968,24.000,678,32
2,139,2.486,31.050,487,27
2,140,2.682,26.467,532,33
2,141,2.896,31.531,543,39
2,142,2.540,24.431,578,31
2,143,13.801,29.339,545,36
2,144,13.291,36.696,446,37
2,145,10.686,52.741,612,33
2,146,9.522,46.355,544,23
2,147,6.549,48.141,604,27
2,148,5.727,63.531,417,24
2,149,4.964,61.146,338,29
2,150,4.387,52.574,296,21
2,151,4.071,56.752,166,30
2,152,3.235,68.301,157,15
2,153,3.161,77.166,107,28
2,154,2.645,78.823,75,19
2,155,2.754,85.814,59,24
2,156,2.182,72.192,41,12
2,157,2.219,72.635,37,11
2,158,2.600,82.416,24,10
2,159,2.257,79.354,21,19
2,160,2.176,76.916,22,13
2,161,2.462,81.771,13,15
2,162,2.241,81.184,10,8
2,163,2.170,76.403,7,12
2,164,2.247,75.515,6,5
2,165,1.988,92.382,5,3
2,166,1.854,76.056,5,10
2,167,2.199,68.691,3,2
2,168,2.063,70.857,4,6
2,169,1.934,77.955,3,11
2,170,2.247,80.263,2,6
2,171,2.042,71.818,2,3
2,172,2.192,67.436,2,6
2,173,1.980,79.692,2,7
2,174,2.083,68.458,2,5
2,175,1.917,63.113,1,2
2,176,2.045,75.309,1,2
2,177,2.260,73.353,2,3
2,178,2.015,81.061,1,3
2,179,1.876,84.948,1,4
2,180,1.946,100.431,1,0
2,181,2.171,74.612,1,2
2,182,1.923,80.772,2,3
2,183,1.749,91.383,2,2
2,184,1.912,86.020,1,3
2,185,1.745,73.770,1,6
2,186,1.963,83.424,1,1
2,187,1.745,78.151,1,4
2,188,1.668,82.448,2,2
2,189,1.981,72.498,1,3
2,190,1.941,82.218,1,1
2,191,1.990,69.810,1,3
2,192,1.802,71.179,1,1
2,193,1.463,71.369,1,0
2,194,1.583,68.477,1,2
2,195,1.650,83.353,1,3
2,196,1.363,77.511,1,0
2,197,1.525,83.430,1,2
2,198,1.776,73.419,1,0
2,199,1.491,65.022,1,0
2,200,1.545,73.096,1,5
2,201,1.594,78.618,1,1
2,202,1.397,77.640,1,1
2,203,1.775,78.930,2,1
2,204,1.590,79.263,1,1
2,205,1.303,78.383,1,1
2,206,1.302,83.597,1,1
2,207,1.183,82.572,1,0
2,208,1.440,79.759,2,3
2,209,1.422,73.876,1,2
2,210,1.387,77.071,1,0
2,211,1.537,76.115,2,1
2,212,1.194,83.793,1,1
2,213,1.132,77.665,1,0
2,214,1.023,75.405,1,0
2,215,1.291,80.291,1,2
2,216,1.297,69.159,1,0
2,217,1.066,66.174,1,0
2,218,1.025,65.814,1,0
2,219,1.064,63.779,1,0
2,220,0.958,63.535,1,0
2,221,1.052,77.611,1,0
2,222,1.316,61.022,1,0
2,223,0.909,69.489,1,0
2,224,1.012,70.727,1,0
2,225,1.111,61.798,1,0
2,226,1.067,63.566,1,0
2,227,1.312,60.780,2,1
2,228,1.046,64.753,1,1
2,229,1.238,71.769,1,0
2,230,0.924,76.756,1,0
2,231,1.017,73.872,2,0
2,232,0.895,74.983,1,0
2,233,1.042,71.264,1,0
2,234,0.809,60.900,1,0
2,235,0.854,77.215,2,0
2,236,0.962,73.546,1,0
2,237,0.906,72.841,1,1
2,238,0.948,55.249,1,0
2,239,0.836,64.633,2,0
2,240,0.698,80.429,2,0
2,241,0.697,65.520,3,1
2,242,0.775,64.936,2,0
2,243,0.793,58.207,4,1
2,244,0.730,69.095,4,0
2,245,0.671,67.555,4,0
2,246,0.752,65.096,4,1
2,247,0.666,61.222,5,0
2,248,0.808,60.140,6,1
2,249,0.783,56.609,5,1
2,250,0.713,53.451,7,1
2,251,0.607,55.980,7,0
2,252,0.640,75.037,7,0
2,253,0.625,62.732,8,0
2,254,0.663,58.988,8,0
2,255,0.644,57.059,9,1
2,256,0.719,65.187,11,1
2,257,0.734,64.111,11,0
2,258,0.637,56.102,11,2
2,259,0.662,50.704,11,1
2,260,0.622,58.912,11,1
2,261,0.750,50.029,11,0
2,262,0.648,52.077,12,2
2,263,0.652,58.685,16,1
2,264,0.683,52.200,18,0
2,265,0.653,47.191,19,2
2,266,0.699,47.107,18,0
2,267,7.550,73.507,14,1
2,268,5.724,74.960,15,0
2,269,4.868,78.238,18,1
2,270,3.905,81.726,15,1
2,271,3.144,72.010,12,0
2,272,2.538,80.003,11,1
2,273,2.517,103.910,10,0
2,274,1.483,79.722,6,0
2,275,1.601,79.727,5,1
2,276,1.386,78.481,5,2
2,277,0.951,92.698,4,0
2,278,0.980,80.868,3,1
2,279,1.014,67.455,3,0
2,280,0.673,77.032,3,1
2,281,0.688,64.788,2,0
2,282,0.687,65.080,2,0
2,283,0.673,82.994,2,1
2,284,0.595,62.301,4,0
2,285,0.518,58.351,3,3
2,286,0.528,53.135,4,2
2,287,0.551,56.183,4,0
2,288,0.647,63.760,5,0
2,289,0.556,58.307,5,1
2,290,0.612,46.900,5,2
2,291,0.596,59.180,6,1
2,292,0.675,52.346,5,0
2,293,0.589,50.950,6,1
2,294,0.690,54.940,7,1
2,295,0.581,46.376,9,1
2,296,0.579,58.655,9,2
2,297,0.557,47.886,10,0
2,298,0.507,58.987,9,2
2,299,0.538,47.760,10,1
2,300,0.541,50.288,11,2
2,301,0.541,40.427,12,3
2,302,0.538,49.550,14,0
2,303,0.599,62.597,12,2
2,304,0.520,53.216,13,0
2,305,0.491,45.585,18,0
2,306,0.598,46.951,14,1
2,307,0.550,45.912,16,0
2,308,0.524,47.475,16,0
2,309,0.601,46.619,20,1
2,310,0.579,46.194,23,1
2,311,0.581,55.390,22,1
2,312,0.695,40.574,20,1
2,313,0.648,46.397,24,4
2,314,0.653,48.882,23,2
2,315,0.642,45.251,26,0
2,316,0.624,48.810,24,1
2,317,0.574,41.422,31,2
2,318,0.614,38.444,28,3
2,319,0.796,44.655,29,2
2,320,0.635,50.819,32,0
2,321,0.715,36.207,36,1
2,322,0.624,42.612,39,1
2,323,0.689,45.536,36,1
2,324,0.633,43.407,29,1
2,325,0.424,43.752,35,3
2,326,0.559,38.689,37,0
2,327,0.640,42.925,40,1
2,328,0.668,51.757,44,0
2,329,0.699,45.641,43,2
2,330,0.660,40.504,42,2
2,331,0.583,45.108,42,3
2,332,0.642,37.640,53,2
2,333,0.646,45.807,59,2
2,334,0.642,49.763,53,0
2,335,0.565,50.507,62,1
2,336,0.638,38.091,80,1
2,337,0.637,43.633,54,3
2,338,0.648,41.606,65,2
2,339,0.656,42.234,74,2
2,340,0.700,36.370,90,0
2,341,0.649,36.990,66,2
2,342,0.558,38.298,95,2
2,343,0.578,40.963,90,2
2,344,0.552,40.666,82,2
2,345,0.766,46.099,72,0
2,346,0.736,37.484,103,0
2,347,0.684,38.588,94,1
2,348,0.746,38.985,94,1
2,349,0.670,39.529,119,1
2,350,0.565,45.418,123,0
2,351,0.812,38.771,124,3
2,352,0.728,46.355,129,2
2,353,0.774,37.450,92,4
2,354,0.838,33.119,150,3
2,355,0.806,38.022,150,2
2,356,0.654,40.128,114,1
2,357,0.683,37.423,119,2
2,358,0.761,43.917,161,1
2,359,0.738,36.198,142,1
2,360,0.911,38.502,137,2
2,361,0.699,37.014,146,0
2,362,0.750,28.256,160,1
2,363,0.917,41.509,158,2
2,364,0.990,38.531,177,0
2,365,0.954,35.446,177,5
2,366,0.894,29.631,215,1
2,367,1.015,32.355,197,1
2,368,0.881,35.881,231,1
2,369,0.820,37.543,169,3
2,370,0.889,33.322,229,2
2,371,0.999,28.476,245,1
2,372,0.978,27.106,197,3
2,373,1.016,35.908,295,1
2,374,1.102,30.601,210,3
2,375,1.133,30.639,238,0
2,376,1.063,33.168,251,2
2,377,1.144,23.947,236,2
2,378,1.099,24.983,293,2
2,379,1.269,32.284,273,3
2,380,1.350,32.180,398,2
2,381,1.221,27.525,295,1
2,382,1.203,30.876,266,1
2,383,1.246,28.542,363,3
2,384,1.277,27.733,371,8
2,385,1.229,23.354,367,1
2,386,1.374,21.031,363,3
2,387,1.666,23.678,338,4
2,388,1.491,21.084,386,4
2,389,1.483,23.403,430,3
2,390,1.425,24.446,403,2
2,391,1.263,25.144,428,6
2,392,1.726,22.232,434,1
2,393,1.453,25.246,440,4
2,394,1.436,22.232,376,4
2,395,1.675,22.637,458,3
2,396,4.450,33.209,396,3
2,397,4.509,29.381,457,1
2,398,3.210,36.294,464,3
2,399,2.666,31.287,690,6
3,0,1.436,17.304,561,1
3,1,1.558,16.759,366,2
3,2,1.843,13.689,580,3
3,3,1.677,13.558,501,5
3,4,1.848,15.638,384,3
3,5,1.812,13.534,455,2
3,6,1.994,14.130,557,1
3,7,2.202,17.374,470,5
3,8,2.195,14.804,641,3
3,9,1.973,15.435,520,1
3,10,1.873,16.759,475,3
3,11,2.006,16.406,521,5
3,12,1.935,14.809,477,1
3,13,1.939,13.533,411,4
3,14,2.003,16.259,468,3
3,15,1.681,15.082,441,7
3,16,2.002,16.893,500,4
3,17,2.131,12.965,644,1
3,18,2.100,14.224,607,7
3,19,2.284,17.824,561,2
3,20,2.364,15.372,647,2
3,21,2.230,15.498,577,3
3,22,2.539,13.665,537,3
3,23,2.610,10.700,589,5
3,24,2.620,13.901,559,3
3,25,2.317,15.174,607,2
3,26,2.499,16.334,571,4
3,27,3.022,13.646,526,4
3,28,2.449,12.076,577,6
3,29,3.216,13.662,599,2
3,30,2.714,12.468,734,6
3,31,2.876,12.218,507,5
3,32,3.116,14.279,586,8
3,33,2.776,13.281,648,4
3,34,3.032,16.298,610,6
3,35,2.709,16.324,650,4
3,36,2.817,18.339,720,2
3,37,6.529,15.738,628,4
3,38,4.892,17.287,525,3
3,39,5.176,16.418,530,5
3,40,5.568,19.115,666,2
3,41,4.465,19.460,697,5
3,42,4.042,21.780,715,3
3,43,3.326,22.289,808,5
3,44,2.698,26.260,757,8
3,45,2.562,27.816,795,4
3,46,2.264,23.168,701,6
3,47,2.192,23.727,876,3
3,48,2.368,21.339,716,1
3,49,2.412,19.358,640,5
3,50,2.274,14.876,738,6
3,51,2.416,14.167,654,6
3,52,2.699,19.900,695,5
3,53,2.839,12.562,705,3
3,54,2.838,13.991,712,4
3,55,3.028,11.051,614,2
3,56,3.013,12.748,705,3
3,57,3.379,11.626,600,6
3,58,3.187,12.293,936,8
3,59,3.195,11.756,688,3
3,60,3.498,12.100,785,5
3,61,3.240,11.420,553,3
3,62,3.955,10.591,804,6
3,63,3.413,13.150,769,4
3,64,4.255,9.111,801,1
3,65,3.581,10.633,744,3
3,66,4.097,9.638,802,4
3,67,4.940,10.696,879,5
3,68,4.127,11.054,705,7
3,69,4.441,10.930,1082,5
3,70,3.973,9.324,917,4
3,71,4.385,8.315,741,3
3,72,5.119,8.135,917,4
3,73,4.258,7.225,812,2
3,74,4.715,7.628,688,7
3,75,6.005,7.876,802,2
3,76,4.996,7.651,889,2
3,77,4.611,8.403,836,6
3,78,7.066,8.636,886,7
3,79,5.246,10.359,956,7
3,80,5.542,12.524,861,7
3,81,6.297,8.716,783,3
3,82,5.109,7.886,713,3
3,83,6.230,8.860,864,3
3,84,5.776,8.966,936,9
3,85,5.587,9.669,814,8
3,86,5.651,8.244,945,9
3,87,6.641,8.764,905,10
3,88,5.572,9.601,635,8
3,89,5.579,9.710,780,9
3,90,5.742,10.171,796,2
3,91,5.756,10.795,824,5
3,92,5.849,12.563,991,9
3,93,6.000,12.289,606,13
3,94,5.937,13.367,675,5
3,95,5.490,12.896,779,3
3,96,4.876,14.288,771,5
3,97,4.774,15.528,723,4
3,98,4.643,17.402,668,4
3,99,4.511,18.111,729,7
3,100,4.993,18.945,820,1
3,101,4.423,20.158,918,8
3,102,3.820,14.759,719,8
3,103,4.058,18.541,980,6
3,104,4.722,19.425,620,6
3,105,4.072,17.281,785,4
3,106,3.488,17.066,804,4
3,107,4.238,16.957,650,7
3,108,3.729,19.472,821,4
3,109,4.297,16.712,796,4
3,110,4.153,16.701,710,7
3,111,4.044,23.122,725,9
3,112,3.845,17.648,940,5
3,113,4.297,18.020,742,3
3,114,3.811,18.212,873,5
3,115,3.851,19.562,768,7
3,116,4.331,13.143,765,7
3,117,3.755,15.716,798,8
3,118,3.861,12.279,780,7
3,119,4.324,13.359,831,9
3,120,4.186,11.638,881,4
3,121,4.105,14.896,697,8
3,122,4.414,14.598,839,8
3,123,4.170,12.459,906,7
3,124,3.832,14.635,1096,8
3,125,4.726,17.927,945,8
3,126,4.985,15.765,1051,14
3,127,4.123,17.776,777,6
3,128,4.314,14.496,579,12
3,129,4.174,15.074,794,4
3,130,3.979,14.556,924,4
3,131,3.601,16.161,830,6
3,132,3.918,17.536,964,5
3,133,4.084,17.633,865,6
3,134,4.305,15.818,686,4
3,135,3.868,11.401,1053,7
3,136,3.715,16.405,763,9
3,137,4.690,14.119,695,8
3,138,4.110,15.092,780,6
3,139,3.950,11.490,840,13
3,140,4.710,11.221,847,7
3,141,4.284,11.178,750,5
3,142,5.102,11.357,937,11
3,143,4.318,10.885,782,8
3,144,4.418,14.327,969,5
3,145,4.598,12.855,713,8
3,146,4.534,13.373,816,10
3,147,4.199,12.555,905,11
3,148,4.645,14.744,784,3
3,149,4.323,16.319,816,8
3,150,4.488,11.956,695,10
3,151,4.536,12.144,1001,6
3,152,3.697,12.043,928,11
3,153,5.026,12.574,880,5
3,154,4.698,12.093,651,6
3,155,4.731,8.958,856,4
3,156,4.661,11.497,656,8
3,157,5.712,11.189,818,7
3,158,5.723,8.956,836,9
3,159,5.151,8.634,768,8
3,160,5.852,7.053,700,7
3,161,6.007,8.092,976,4
3,162,5.396,8.533,769,10
3,163,5.827,11.036,857,8
3,164,6.087,10.715,742,6
3,165,5.936,7.533,921,3
3,166,6.008,7.689,770,5
3,167,5.868,8.834,824,11
3,168,5.888,9.117,716,8
3,169,6.285,8.846,824,11
3,170,6.099,7.971,858,10
3,171,5.718,9.133,744,9
3,172,5.503,8.283,659,7
3,173,5.813,8.362,742,7
3,174,5.469,9.067,791,10
3,175,5.626,8.273,703,8
3,176,6.303,9.805,731,10
3,177,5.179,12.908,976,18
3,178,5.308,10.915,873,8
3,179,5.108,14.056,994,11
3,180,5.811,12.493,818,10
3,181,4.210,15.076,637,11
3,182,4.537,15.595,798,9
3,183,5.097,14.068,752,9
3,184,4.138,18.959,681,6
3,185,4.466,14.870,873,5
3,186,4.015,14.222,741,8
3,187,4.244,14.824,700,12
3,188,4.163,16.505,818,11
3,189,3.227,16.729,668,10
3,190,3.926,13.887,747,9
3,191,3.783,13.902,692,9
3,192,3.678,14.830,813,9
3,193,3.865,14.557,676,8
3,194,3.679,15.707,613,10
3,195,3.343,14.470,722,13
3,196,3.410,14.318,802,9
3,197,3.402,13.438,820,6
3,198,3.275,13.738,691,13
3,199,3.075,16.299,681,10
3,200,2.939,17.033,774,12
3,201,3.168,16.913,714,9
3,202,2.939,12.937,787,11
3,203,3.028,12.624,710,7
3,204,2.749,14.698,798,7
3,205,2.821,14.565,618,8
3,206,2.788,10.848,639,11
3,207,3.003,11.045,816,19
3,208,2.843,10.011,792,9
3,209,2.651,16.956,765,12
3,210,2.888,11.745,877,6
3,211,2.994,10.039,658,12
3,212,3.301,12.519,795,7
3,213,3.201,10.785,783,17
3,214,7.080,12.506,657,15
3,215,7.087,16.405,672,19
3,216,5.919,12.543,770,6
3,217,5.252,16.976,715,9
3,218,4.927,16.392,767,8
3,219,4.273,18.379,781,11
3,220,4.414,18.446,796,8
3,221,3.610,21.606,774,12
3,222,3.405,16.147,804,11
3,223,3.052,18.239,666,9
3,224,3.043,16.355,700,7
3,225,2.534,17.463,682,3
3,226,2.643,15.667,743,7
3,227,2.413,12.714,753,12
3,228,2.520,13.518,858,13
3,229,2.182,14.437,631,17
3,230,2.487,11.293,691,10
3,231,2.698,9.524,643,10
3,232,2.524,9.271,633,7
3,233,2.888,8.024,619,14
3,234,2.812,7.761,863,5
3,235,3.022,6.289,846,12
3,236,7.685,7.204,664,16
3,237,7.027,9.525,922,8
3,238,6.985,9.981,701,13
3,239,6.829,9.621,828,6
3,240,5.948,13.084,759,17
3,241,10.279,16.546,595,10
3,242,9.319,18.010,837,20
3,243,8.447,16.744,740,10
3,244,6.985,24.579,761,12
3,245,5.870,18.422,816,13
3,246,4.866,18.993,771,9
3,247,4.395,23.226,813,12
3,248,3.284,21.311,903,10
3,249,2.493,22.835,746,7
3,250,2.759,25.119,576,11
3,251,2.255,22.899,712,10
3,252,2.444,19.218,721,14
3,253,1.733,16.974,692,6
3,254,1.875,15.587,788,8
3,255,2.102,11.793,712,12
3,256,2.048,11.365,758,11
3,257,2.096,11.611,652,13
3,258,2.047,7.832,930,17
3,259,2.469,8.912,676,17
3,260,2.068,8.135,612,9
3,261,2.795,7.044,764,16
3,262,2.708,5.921,776,5
3,263,2.327,6.680,615,13
3,264,2.487,5.233,902,9
3,265,2.781,5.649,553,12
3,266,3.150,5.509,710,14
3,267,2.747,5.071,703,7
3,268,3.040,5.673,866,12
3,269,2.867,5.347,730,11
3,270,2.780,5.463,918,5
3,271,2.790,4.530,692,15
3,272,2.831,5.220,989,14
3,273,2.857,4.926,815,17
3,274,3.450,4.106,713,11
3,275,3.168,4.717,842,12
3,276,3.534,4.980,849,11
3,277,3.524,4.753,662,6
3,278,2.984,5.152,746,14
3,279,3.385,4.856,676,11
3,280,3.463,4.376,899,13
3,281,3.117,3.857,704,13
3,282,3.606,4.856,764,8
3,283,3.392,6.747,650,11
3,284,3.243,6.220,637,5
3,285,2.835,8.233,661,10
3,286,3.080,7.901,642,13
3,287,3.016,8.253,570,14
3,288,2.760,6.947,630,12
3,289,2.743,6.188,798,17
3,290,2.618,7.589,664,13
3,291,2.594,7.712,531,11
3,292,2.656,8.326,560,14
3,293,2.558,10.927,563,11
3,294,2.716,10.172,536,10
3,295,2.266,10.653,615,13
3,296,2.302,10.793,505,5
3,297,2.076,12.108,518,13
3,298,2.396,8.613,553,20
3,299,1.875,9.594,617,7
3,300,2.231,8.827,544,11
3,301,2.088,9.909,622,14
3,302,1.978,10.935,584,5
3,303,1.803,11.558,402,19
3,304,1.631,12.237,598,17
3,305,1.734,13.621,504,15
3,306,1.757,12.920,547,17
3,307,2.215,11.302,569,16
3,308,2.092,9.889,513,17
3,309,1.876,10.372,544,10
3,310,1.676,10.845,507,17
3,311,1.876,9.521,517,15
3,312,1.795,9.014,535,9
3,313,1.806,10.229,466,9
3,314,1.703,11.557,455,14
3,315,1.874,10.993,576,18
3,316,1.818,11.820,491,9
3,317,1.781,11.860,460,16
3,318,1.731,10.734,577,16
3,319,1.561,12.134,393,14
3,320,1.891,10.189,431,12
3,321,1.768,10.710,453,15
3,322,1.748,9.578,428,18
3,323,1.705,13.327,493,15
3,324,1.700,10.105,575,10
3,325,1.680,11.247,608,8
3,326,1.481,13.750,458,13
3,327,1.598,12.183,472,14
3,328,1.608,13.370,468,18
3,329,1.676,14.082,423,10
3,330,1.601,12.399,488,12
3,331,1.765,16.065,458,11
3,332,1.554,13.642,467,18
3,333,1.434,12.505,466,14
3,334,1.405,13.786,534,13
3,335,1.587,11.065,432,14
3,336,1.538,11.852,563,11
3,337,1.302,12.654,414,15
3,338,1.609,10.185,472,10
3,339,1.571,12.426,460,18
3,340,1.629,14.379,500,9
3,341,1.423,13.626,544,18
3,342,1.615,12.989,467,14
3,343,1.592,11.602,473,16
3,344,1.728,12.266,419,21
3,345,1.671,14.731,455,22
3,346,1.651,13.908,512,17
3,347,1.685,15.482,477,18
3,348,1.581,13.996,411,16
3,349,31.753,17.438,442,10
3,350,25.754,32.720,464,18
3,351,24.246,29.186,401,9
3,352,21.286,42.641,492,10
3,353,17.268,48.272,518,7
3,354,15.888,44.606,500,16
3,355,11.471,52.608,455,19
3,356,10.983,51.177,531,10
3,357,7.709,65.992,533,19
3,358,7.810,57.467,513,13
3,359,6.018,65.635,586,18
3,360,5.061,64.175,471,11
3,361,3.825,51.262,516,16
3,362,3.466,49.667,606,23
3,363,2.552,48.023,491,17
3,364,1.831,46.682,522,10
3,365,1.657,38.305,396,18
3,366,1.294,50.081,565,14
3,367,1.217,34.177,518,15
3,368,1.186,26.254,534,15
3,369,1.095,22.108,663,15
3,370,1.071,21.352,479,15
3,371,1.262,20.885,676,9
3,372,1.237,18.262,513,15
3,373,1.631,14.088,560,21
3,374,1.776,11.859,775,15
3,375,1.710,9.554,618,21
3,376,1.948,13.119,631,16
3,377,1.870,8.790,723,23
3,378,2.346,9.518,775,13
3,379,2.529,8.186,686,11
3,380,2.512,8.547,612,13
3,381,2.775,8.122,812,12
3,382,3.371,6.718,675,17
3,383,3.187,5.448,898,18
3,384,3.073,5.786,824,15
3,385,3.264,6.250,871,17
3,386,3.854,6.220,693,15
3,387,3.892,5.017,731,15
3,388,3.190,5.738,818,14
3,389,3.697,7.022,750,18
3,390,3.958,5.811,675,11
3,391,3.738,5.173,733,18
3,392,4.276,5.676,715,10
3,393,4.462,6.165,699,12
3,394,4.434,7.786,679,10
3,395,4.226,10.547,715,17
3,396,3.720,11.142,678,18
3,397,8.046,13.403,769,12
3,398,7.064,16.571,747,14
3,399,6.630,25.206,596,10
4,0,1.765,17.433,483,1
4,1,1.672,15.443,539,1
4,2,1.781,14.481,458,1
4,3,1.800,17.272,507,1
4,4,1.673,14.173,650,2
4,5,1.754,13.989,412,1
4,6,2.144,15.415,510,2
4,7,2.117,14.544,510,4
4,8,2.389,15.251,611,4
4,9,2.052,13.236,465,4
4,10,2.367,14.133,550,1
4,11,2.170,13.025,576,4
4,12,2.418,13.420,543,4
4,13,2.193,12.145,520,6
4,14,2.477,12.152,498,2
4,15,2.252,11.231,408,2
4,16,2.185,15.241,614,3
4,17,2.550,15.878,714,5
4,18,2.105,14.543,565,3
4,19,2.388,14.667,652,2
4,20,2.441,13.669,660,6
4,21,2.164,17.131,574,5
4,22,5.605,21.147,502,3
4,23,4.346,21.419,610,1
4,24,4.337,27.761,677,4
4,25,3.504,21.631,535,2
4,26,3.496,27.164,638,9
4,27,3.140,24.682,602,2
4,28,3.000,25.556,562,3
4,29,2.571,24.829,572,1
4,30,2.325,23.957,761,2
4,31,2.273,22.876,551,7
4,32,1.775,24.187,563,4
4,33,1.803,20.474,624,5
4,34,6.395,25.047,823,1
4,35,5.151,25.538,668,4
4,36,4.955,32.536,629,5
4,37,4.099,24.829,700,1
4,38,3.200,26.057,566,2
4,39,3.013,32.280,748,1
4,40,2.888,23.911,637,7
4,41,2.455,24.009,646,3
4,42,2.486,22.174,620,5
4,43,2.406,21.534,795,2
4,44,2.751,20.752,722,4
4,45,2.647,16.086,753,1
4,46,2.342,16.207,779,1
4,47,2.901,15.114,766,3
4,48,2.189,15.881,764,2
4,49,2.266,13.225,750,5
4,50,2.866,14.128,708,7
4,51,2.593,13.942,1059,2
4,52,3.121,12.623,816,3
4,53,2.832,13.002,988,4
4,54,2.799,13.771,863,1
4,55,3.740,9.531,811,1
4,56,2.884,11.110,960,3
4,57,3.904,10.597,983,6
4,58,3.824,8.228,768,5
4,59,3.366,9.513,784,4
4,60,3.985,8.214,918,3
4,61,4.609,7.062,860,5
4,62,4.260,6.721,848,10
4,63,4.108,7.886,876,3
4,64,4.286,6.604,910,8
4,65,4.799,6.909,849,2
4,66,4.782,6.570,959,3
4,67,5.778,6.261,902,7
4,68,5.622,7.430,842,5
4,69,5.726,6.459,979,9
4,70,5.399,7.908,933,5
4,71,4.812,7.569,957,5
4,72,6.142,8.264,987,3
4,73,5.010,7.394,1011,2
4,74,5.059,8.161,901,2
4,75,6.390,8.751,1030,2
4,76,5.715,7.096,895,5
4,77,5.776,7.180,880,4
4,78,5.799,6.876,947,6
4,79,6.524,5.249,715,4
4,80,6.142,8.269,808,9
4,81,5.827,6.742,894,3
4,82,6.361,7.396,836,6
4,83,5.902,8.360,921,2
4,84,5.570,7.560,884,5
4,85,6.369,8.652,888,4
4,86,6.447,9.458,781,4
4,87,5.974,10.210,940,4
4,88,6.026,12.411,910,5
4,89,5.405,12.895,716,4
4,90,5.570,13.995,760,6
4,91,5.792,14.290,900,2
4,92,4.914,15.006,679,5
4,93,5.877,17.113,756,4
4,94,4.581,15.492,731,4
4,95,4.541,15.311,603,5
4,96,3.873,19.280,762,7
4,97,4.371,17.421,768,6
4,98,4.987,12.945,839,4
4,99,4.052,13.327,861,7
4,100,4.184,17.092,785,9
4,101,4.449,16.179,723,7
4,102,4.696,13.755,724,9
4,103,4.279,14.477,761,2
4,104,4.769,13.412,761,2
4,105,4.660,15.314,736,8
4,106,4.807,15.298,633,10
4,107,12.019,15.254,818,5
4,108,12.585,20.050,774,3
4,109,9.634,21.535,714,4
4,110,9.151,24.682,923,5
4,111,8.645,24.883,736,4
4,112,7.492,28.029,812,6
4,113,6.754,26.122,702,8
4,114,5.786,27.250,815,8
4,115,9.541,20.511,778,4
4,116,7.800,35.655,906,7
4,117,7.420,27.628,807,6
4,118,7.409,30.472,686,6
4,119,5.912,27.563,824,4
4,120,5.325,24.721,713,8
4,121,5.245,31.853,754,6
4,122,3.814,29.342,692,11
4,123,4.234,29.119,685,9
4,124,3.228,25.219,859,8
4,125,3.672,20.242,650,8
4,126,3.391,23.971,951,6
4,127,3.091,21.573,818,4
4,128,3.594,18.241,799,8
4,129,3.605,18.510,993,7
4,130,2.969,16.122,876,1
4,131,3.407,13.770,932,9
4,132,3.706,14.691,838,9
4,133,3.622,13.830,855,5
4,134,3.824,11.316,761,3
4,135,3.869,11.106,1051,7
4,136,4.062,11.112,869,9
4,137,4.308,9.651,794,2
4,138,4.468,8.586,932,6
4,139,4.460,8.286,1031,9
4,140,5.565,7.378,972,4
4,141,5.890,8.181,1091,10
4,142,5.497,7.218,1074,3
4,143,5.603,6.072,1059,8
4,144,6.104,6.971,817,7
4,145,5.410,6.309,1048,4
4,146,4.876,6.176,980,9
4,147,5.876,8.868,976,10
4,148,6.068,8.868,946,10
4,149,13.008,6.908,936,6
4,150,10.771,11.813,1013,8
4,151,10.606,8.357,894,6
4,152,10.639,11.824,815,10
4,153,9.120,8.239,995,8
4,154,10.385,12.189,899,7
4,155,9.304,11.844,943,11
4,156,8.885,11.751,1032,11
4,157,9.237,12.390,856,8
4,158,7.563,13.614,842,8
4,159,7.084,11.070,1012,9
4,160,8.071,12.645,890,11
4,161,6.707,13.905,721,11
4,162,7.140,13.625,667,11
4,163,5.830,10.532,1020,4
4,164,6.438,14.346,823,7
4,165,5.976,14.297,773,6
4,166,5.227,14.029,796,10
4,167,4.799,13.354,857,7
4,168,4.530,14.013,831,8
4,169,4.972,13.540,862,12
4,170,4.792,13.882,779,9
4,171,4.052,18.684,865,6
4,172,4.308,16.547,857,12
4,173,4.035,16.808,805,7
4,174,3.422,18.471,919,14
4,175,4.108,13.783,851,7
4,176,3.899,14.080,1224,7
4,177,4.096,16.013,837,5
4,178,3.362,11.963,850,4
4,179,3.660,13.532,727,9
4,180,3.511,12.290,773,12
4,181,3.811,12.033,815,7
4,182,3.417,11.190,652,11
4,183,3.981,14.931,700,6
4,184,3.642,11.139,811,10
4,185,3.375,11.721,773,10
4,186,3.877,14.257,764,12
4,187,3.525,12.538,713,4
4,188,3.661,10.036,863,6
4,189,3.688,8.999,745,4
4,190,3.706,12.944,699,9
4,191,4.006,10.975,832,7
4,192,3.821,11.034,920,4
4,193,4.106,11.487,735,11
4,194,3.718,11.190,742,8
4,195,3.856,9.522,709,8
4,196,4.354,8.063,922,10
4,197,4.449,8.766,822,6
4,198,4.116,8.900,642,11
4,199,4.140,9.447,822,21
4,200,4.824,9.311,757,7
4,201,4.374,7.458,714,8
4,202,4.699,8.669,698,7
4,203,4.241,9.834,754,15
4,204,4.288,10.595,715,6
4,205,4.754,9.691,682,8
4,206,4.521,9.735,841,10
4,207,3.903,10.969,898,9
4,208,4.273,12.875,753,5
4,209,3.746,11.380,636,14
4,210,3.791,10.666,786,5
4,211,9.100,13.338,710,12
4,212,8.220,15.088,850,9
4,213,7.667,20.438,813,3
4,214,6.071,21.968,933,10
4,215,6.768,21.727,618,10
4,216,5.723,20.645,754,8
4,217,5.052,25.318,677,9
4,218,4.491,23.845,582,7
4,219,3.234,26.064,613,11
4,220,3.153,28.121,697,9
4,221,2.690,24.639,695,7
4,222,2.202,24.247,697,8
4,223,2.612,19.978,703,15
4,224,2.487,15.205,736,10
4,225,2.314,20.688,555,7
4,226,2.191,16.926,680,15
4,227,2.121,16.495,753,8
4,228,2.044,15.527,759,11
4,229,2.017,10.248,671,7
4,230,2.399,10.463,726,10
4,231,2.274,9.655,716,6
4,232,2.262,9.439,809,9
4,233,2.581,7.825,875,8
4,234,2.865,6.487,854,13
4,235,2.814,8.055,668,15
4,236,2.959,6.910,811,9
4,237,3.140,5.927,807,11
4,238,3.117,5.683,563,10
4,239,3.124,5.823,744,8
4,240,3.198,5.454,771,7
4,241,3.202,5.546,753,12
4,242,3.766,5.399,727,14
4,243,3.048,5.311,768,10
4,244,3.287,4.775,816,7
4,245,3.317,4.768,604,8
4,246,3.083,5.306,642,10
4,247,4.000,4.583,936,22
4,248,3.076,5.134,696,10
4,249,4.279,4.989,798,8
4,250,3.747,4.810,805,12
4,251,3.990,5.272,843,12
4,252,3.891,5.526,907,12
4,253,3.826,5.989,639,13
4,254,3.721,5.286,899,14
4,255,3.477,5.308,820,21
4,256,4.138,5.639,773,4
4,257,3.354,6.098,781,12
4,258,3.579,5.879,658,10
4,259,3.708,5.561,561,14
4,260,3.948,6.071,563,12
4,261,4.266,6.113,688,12
4,262,3.785,5.937,695,14
4,263,3.303,7.702,661,18
4,264,3.738,8.803,736,14
4,265,3.085,7.425,773,14
4,266,2.781,8.810,708,11
4,267,3.370,9.725,569,18
4,268,2.866,9.894,619,10
4,269,2.815,9.595,592,12
4,270,2.651,9.406,677,6
4,271,2.831,9.936,536,9
4,272,2.677,13.353,621,9
4,273,2.710,13.348,615,12
4,274,2.239,9.789,700,8
4,275,2.093,12.677,515,17
4,276,2.416,11.632,511,14
4,277,2.366,11.322,439,11
4,278,2.011,13.767,590,14
4,279,2.012,11.149,451,13
4,280,1.792,12.726,587,16
4,281,1.979,10.245,434,12
4,282,1.700,10.034,659,10
4,283,2.240,11.029,558,6
4,284,1.886,10.650,559,13
4,285,2.030,10.406,513,9
4,286,1.992,9.663,566,23
4,287,2.006,9.809,519,16
4,288,2.452,10.502,518,14
4,289,1.929,9.689,527,11
4,290,1.960,7.950,519,15
4,291,1.894,10.608,389,11
4,292,2.073,11.229,596,8
4,293,2.027,10.161,548,7
4,294,1.555,9.762,645,8
4,295,1.998,10.899,597,16
4,296,2.005,7.908,489,7
4,297,2.100,9.436,479,11
4,298,2.190,10.259,539,14
4,299,2.033,9.105,466,14
4,300,2.024,8.879,560,8
4,301,1.980,10.482,478,13
4,302,1.662,9.432,534,14
4,303,1.787,10.084,459,8
4,304,1.989,10.151,520,9
4,305,1.792,10.095,477,13
4,306,2.027,8.921,450,16
4,307,2.134,8.437,496,12
4,308,1.903,8.812,473,15
4,309,1.906,10.165,515,17
4,310,1.928,9.382,537,19
4,311,2.232,9.526,601,6
4,312,1.859,9.033,405,9
4,313,2.292,10.174,470,11
4,314,2.060,10.077,592,12
4,315,1.968,10.689,390,17
4,316,2.127,13.272,516,14
4,317,1.752,12.676,560,15
4,318,1.820,12.897,522,14
4,319,1.738,14.007,399,15
4,320,1.522,15.636,456,15
4,321,1.839,12.137,393,12
4,322,1.571,11.355,525,18
4,323,1.527,11.910,572,15
4,324,1.656,13.322,430,18
4,325,1.801,11.668,527,12
4,326,1.659,12.977,411,11
4,327,1.663,12.036,572,12
4,328,1.536,12.920,464,20
4,329,1.540,14.007,435,6
4,330,1.560,14.943,395,16
4,331,1.846,12.769,465,15
4,332,1.340,12.128,491,9
4,333,1.704,11.135,418,9
4,334,1.689,13.498,401,14
4,335,1.763,14.285,499,19
4,336,1.658,14.827,539,6
4,337,1.515,13.737,396,12
4,338,1.535,12.867,516,16
4,339,1.492,12.030,509,12
4,340,1.521,14.732,598,12
4,341,1.794,11.686,502,13
4,342,1.660,10.592,461,13
4,343,1.674,14.988,553,14
4,344,1.800,13.168,633,13
4,345,1.746,11.115,409,16
4,346,1.743,10.310,487,18
4,347,1.622,13.281,394,15
4,348,1.927,12.337,518,6
4,349,1.895,13.224,405,12
4,350,1.779,13.666,533,15
4,351,1.812,12.721,516,15
4,352,1.844,12.611,416,19
4,353,5.650,14.223,456,7
4,354,4.715,15.519,418,18
4,355,4.178,18.853,456,20
4,356,2.960,24.128,574,14
4,357,2.682,29.599,472,11
4,358,1.996,32.762,445,8
4,359,2.045,26.867,438,14
4,360,1.363,28.247,418,19
4,361,1.250,37.319,400,9
4,362,1.193,28.572,546,19
4,363,1.037,26.419,490,18
4,364,1.151,19.941,481,15
4,365,1.324,17.999,488,12
4,366,1.273,16.246,411,11
4,367,1.540,15.961,460,9
4,368,1.709,15.450,472,14
4,369,1.729,13.434,504,13
4,370,1.853,14.574,472,15
4,371,1.949,18.855,475,13
4,372,1.740,16.406,459,12
4,373,1.863,16.847,539,21
4,374,1.871,18.937,457,13
4,375,1.981,14.205,588,9
4,376,2.030,15.590,509,12
4,377,2.208,15.602,566,14
4,378,1.746,17.257,492,18
4,379,2.016,17.945,556,15
4,380,2.248,16.214,546,14
4,381,2.393,14.953,504,10
4,382,2.201,12.843,520,13
4,383,1.859,16.473,466,15
4,384,1.716,16.076,523,15
4,385,1.968,16.599,570,12
4,386,1.827,14.164,608,16
4,387,2.194,15.982,592,12
4,388,1.868,20.260,606,13
4,389,1.934,12.688,709,17
4,390,1.811,16.024,647,17
4,391,2.206,16.536,576,20
4,392,2.424,13.915,466,12
4,393,2.392,12.985,528,21
4,394,2.458,13.383,584,12
4,395,2.211,12.711,517,9
4,396,2.669,14.442,627,13
4,397,2.565,14.134,549,12
4,398,2.742,19.038,528,11
4,399,2.829,19.693,564,12
5,0,1.345,22.968,280,43
5,1,1.069,23.685,313,29
5,2,1.436,24.338,251,43
5,3,1.150,23.207,319,39
5,4,1.161,24.938,304,28
5,5,1.190,28.649,300,20
5,6,1.109,24.657,327,23
5,7,1.266,24.826,271,32
5,8,1.056,28.993,343,27
5,9,1.265,23.793,429,39
5,10,1.350,25.484,342,30
5,11,1.260,27.221,372,30
5,12,1.322,28.764,323,36
5,13,1.204,25.141,292,21
5,14,1.193,27.665,310,24
5,15,1.170,26.620,295,29
5,16,1.296,24.247,364,28
5,17,1.216,24.615,335,26
5,18,1.240,25.701,329,29
5,19,1.416,23.595,316,23
5,20,1.153,24.580,336,37
5,21,1.307,27.311,328,28
5,22,1.150,29.208,410,32
5,23,1.283,25.056,342,37
5,24,1.329,22.350,308,31
5,25,1.128,41.046,361,28
5,26,1.179,24.969,322,29
5,27,1.259,23.801,374,42
5,28,1.525,21.553,402,29
5,29,1.455,26.214,305,28
5,30,1.354,27.184,327,37
5,31,1.449,30.277,358,33
5,32,1.453,32.252,406,36
5,33,1.137,29.588,349,32
5,34,5.404,39.805,417,32
5,35,4.823,44.675,365,36
5,36,3.971,51.363,358,36
5,37,3.267,52.909,463,30
5,38,2.139,50.102,376,33
5,39,1.792,43.451,374,27
5,40,1.704,44.824,351,27
5,41,1.711,42.457,405,24
5,42,1.528,37.768,509,36
5,43,1.432,39.391,411,24
5,44,1.280,39.152,449,36
5,45,1.372,37.899,543,29
5,46,1.407,31.853,401,34
5,47,1.520,30.764,414,29
5,48,1.475,29.764,376,31
5,49,1.526,33.892,364,36
5,50,1.668,27.190,345,30
5,51,1.590,29.943,448,24
5,52,1.417,33.338,500,28
5,53,1.497,30.749,498,28
5,54,1.475,27.947,398,24
5,55,1.408,29.461,485,33
5,56,1.547,28.201,538,26
5,57,1.625,22.990,574,32
5,58,1.804,19.565,557,29
5,59,1.782,18.552,532,39
5,60,1.938,19.643,576,22
5,61,2.058,24.407,512,29
5,62,2.267,23.274,481,24
5,63,2.016,21.774,401,27
5,64,2.438,20.572,579,27
5,65,2.446,22.040,625,24
5,66,2.544,24.809,513,28
5,67,2.479,25.341,505,29
5,68,2.327,24.782,480,23
5,69,2.454,22.513,631,27
5,70,2.273,24.250,510,25
5,71,2.416,22.070,455,20
5,72,2.647,28.127,569,26
5,73,2.454,26.684,556,38
5,74,2.359,23.408,611,28
5,75,2.201,34.753,406,39
5,76,2.152,28.883,485,30
5,77,2.243,29.240,373,33
5,78,2.081,25.093,622,27
5,79,2.057,24.949,576,30
5,80,2.380,29.037,625,32
5,81,2.145,22.561,504,28
5,82,2.292,30.015,507,24
5,83,1.958,29.965,487,34
5,84,2.369,23.630,474,29
5,85,1.995,27.030,477,26
5,86,2.689,31.095,594,28
5,87,2.215,29.493,634,33
5,88,2.245,31.144,462,30
5,89,2.381,30.243,533,37
5,90,2.361,24.620,518,42
5,91,2.484,25.819,437,33
5,92,2.682,23.199,478,30
5,93,2.459,25.392,488,32
5,94,2.343,29.296,574,32
5,95,2.701,21.950,509,41
5,96,2.739,26.147,512,29
5,97,2.793,24.516,495,23
5,98,2.753,22.600,567,33
5,99,2.801,20.325,587,36
5,100,3.062,26.632,426,33
5,101,2.738,22.799,551,33
5,102,2.525,24.632,491,27
5,103,2.521,24.581,579,23
5,104,2.409,24.755,441,26
5,105,2.879,28.831,567,28
5,106,2.302,28.330,544,39
5,107,2.256,30.418,651,35
5,108,2.310,30.691,662,32
5,109,2.291,27.282,472,38
5,110,2.197,24.259,533,29
5,111,2.613,25.438,425,33
5,112,2.287,21.547,630,38
5,113,2.799,26.398,514,29
5,114,2.980,24.677,472,39
5,115,2.572,28.919,519,37
5,116,2.891,28.399,360,31
5,117,2.808,29.985,556,38
5,118,2.429,29.160,516,43
5,119,2.173,31.085,540,26
5,120,2.775,36.630,507,29
5,121,2.689,29.737,530,29
5,122,2.838,25.377,552,26
5,123,2.398,32.366,502,40
5,124,2.659,30.337,574,29
5,125,2.880,27.638,589,26
5,126,2.443,27.000,452,47
5,127,2.665,25.654,476,23
5,128,2.634,24.689,578,24
5,129,2.504,25.586,549,43
5,130,2.689,28.208,645,28
5,131,2.624,27.202,504,33
5,132,2.624,28.723,490,27
5,133,2.574,30.305,502,34
5,134,2.135,28.313,467,30
5,135,2.099,31.982,546,33
5,136,2.206,32.765,657,26
5,137,2.519,28.306,566,26
5,138,2.310,25.655,462,29
5,139,2.202,29.680,459,25
5,140,8.626,39.163,597,30
5,141,7.695,33.514,581,26
5,142,6.902,38.844,492,27
5,143,6.495,41.491,468,31
5,144,5.381,39.700,648,28
5,145,4.216,45.092,578,30
5,146,3.651,56.610,553,32
5,147,3.534,40.152,506,35
5,148,3.198,37.737,588,41
5,149,3.069,43.249,523,29
5,150,2.714,36.483,531,35
5,151,2.635,35.795,453,29
5,152,2.272,30.621,464,36
5,153,5.706,34.321,596,38
5,154,5.073,40.833,413,32
5,155,4.818,36.752,541,30
5,156,3.368,40.062,602,39
5,157,3.103,32.151,598,35
5,158,3.514,43.995,453,26
5,159,2.692,34.365,612,38
5,160,2.387,31.771,592,27
5,161,2.281,31.089,543,32
5,162,2.278,32.342,702,39
5,163,2.145,27.552,402,35
5,164,2.097,29.539,772,28
5,165,2.016,29.024,638,28
5,166,2.351,24.011,604,37
5,167,2.152,26.245,697,26
5,168,2.015,27.498,575,39
5,169,2.472,26.991,683,43
5,170,2.277,18.960,602,27
5,171,2.129,19.593,510,39
5,172,2.103,17.457,559,37
5,173,2.347,20.951,602,32
5,174,2.254,18.226,612,37
5,175,2.412,20.975,669,42
5,176,2.457,17.363,553,38
5,177,2.858,18.111,715,36
5,178,2.862,15.253,607,35
5,179,3.082,15.250,681,37
5,180,3.363,15.647,642,42
5,181,3.045,21.019,495,30
5,182,3.234,18.478,672,28
5,183,2.805,21.130,623,32
5,184,2.879,21.719,670,27
5,185,2.495,21.492,606,27
5,186,2.516,19.051,631,34
5,187,3.048,22.792,516,44
5,188,2.619,19.150,600,22
5,189,2.691,20.009,672,32
5,190,2.568,13.340,651,43
5,191,2.922,17.491,519,44
5,192,2.386,18.275,662,36
5,193,2.600,23.244,533,33
5,194,2.635,22.712,515,36
5,195,2.667,21.734,576,43
5,196,3.150,17.884,550,30
5,197,2.573,18.062,475,40
5,198,3.078,21.414,585,38
5,199,2.255,18.580,644,32
5,200,2.552,21.606,606,28
5,201,2.425,20.847,536,30
5,202,2.595,25.003,568,46
5,203,2.431,17.377,506,37
5,204,2.691,18.009,494,31
5,205,2.073,18.750,478,40
5,206,2.222,18.156,483,34
5,207,2.346,16.320,629,43
5,208,2.195,25.833,522,45
5,209,2.106,19.786,512,40
5,210,1.979,21.229,535,35
5,211,1.907,22.938,396,49
5,212,1.901,22.224,439,41
5,213,1.716,23.486,548,38
5,214,1.989,23.600,460,34
5,215,2.012,22.692,343,34
5,216,1.901,23.512,545,26
5,217,1.971,20.626,377,40
5,218,1.544,25.981,382,35
5,219,1.588,23.610,325,38
5,220,1.835,19.343,603,37
5,221,1.629,23.778,446,32
5,222,1.316,22.317,451,40
5,223,1.595,21.429,385,48
5,224,1.796,23.006,450,42
5,225,1.667,26.330,348,34
5,226,1.541,20.279,474,35
5,227,1.429,26.658,493,43
5,228,1.781,22.981,347,36
5,229,1.689,25.282,475,47
5,230,1.327,19.521,450,29
5,231,1.399,27.374,562,25
5,232,1.468,22.447,408,35
5,233,1.404,21.622,536,33
5,234,1.608,19.896,419,41
5,235,1.630,18.131,472,33
5,236,1.777,14.757,498,39
5,237,1.577,20.678,459,34
5,238,1.965,20.099,369,30
5,239,1.714,16.536,375,29
5,240,1.611,16.785,394,34
5,241,1.577,23.177,427,35
5,242,1.719,22.407,353,36
5,243,1.703,21.589,453,30
5,244,1.377,23.456,396,32
5,245,1.513,19.082,354,34
5,246,1.749,18.658,462,25
5,247,1.567,18.100,460,32
5,248,1.447,19.543,407,39
5,249,1.501,16.582,410,37
5,250,1.289,19.017,409,38
5,251,1.321,20.860,415,32
5,252,1.431,18.883,466,33
5,253,1.458,23.151,409,27
5,254,1.450,17.917,407,29
5,255,1.370,19.440,370,33
5,256,1.555,16.326,381,29
5,257,1.566,17.195,362,26
5,258,1.255,16.312,375,27
5,259,1.444,17.662,367,40
5,260,1.675,19.759,449,37
5,261,1.552,17.444,402,31
5,262,1.308,18.996,296,30
5,263,1.304,19.295,385,38
5,264,1.407,17.264,410,34
5,265,1.358,18.015,340,25
5,266,1.482,16.584,510,35
5,267,1.236,16.664,435,40
5,268,1.076,15.828,340,36
5,269,1.193,18.908,428,42
5,270,1.206,17.407,332,30
5,271,1.483,21.628,404,34
5,272,1.266,16.246,420,35
5,273,1.147,16.622,320,40
5,274,1.103,21.917,338,44
5,275,1.059,19.004,352,41
5,276,1.160,16.816,311,39
5,277,1.191,15.548,305,39
5,278,0.944,19.228,321,31
5,279,1.153,18.540,291,37
5,280,1.140,18.651,444,33
5,281,1.181,19.577,309,39
5,282,1.158,14.355,277,36
5,283,1.238,21.851,373,38
5,284,1.150,17.730,298,46
5,285,1.004,20.133,343,35
5,286,1.095,17.189,234,45
5,287,1.099,17.007,393,23
5,288,1.193,17.855,312,34
5,289,1.035,15.415,447,41
5,290,1.018,15.815,334,40
5,291,1.273,16.113,283,39
5,292,1.198,14.995,401,33
5,293,1.174,20.587,305,31
5,294,1.360,15.469,294,29
5,295,1.347,17.051,319,39
5,296,1.311,16.382,327,40
5,297,1.422,18.813,358,33
5,298,1.128,17.053,297,28
5,299,1.071,19.294,395,34
5,300,1.014,19.557,320,27
5,301,1.092,18.458,329,34
5,302,1.195,16.852,316,38
5,303,0.979,21.347,252,35
5,304,1.112,17.575,361,32
5,305,1.264,20.667,299,27
5,306,1.245,15.131,309,36
5,307,1.172,16.230,309,37
5,308,1.285,16.314,305,23
5,309,1.249,18.067,276,31
5,310,1.287,17.770,258,25
5,311,1.104,18.661,421,32
5,312,1.152,17.387,329,26
5,313,1.158,16.986,340,31
5,314,1.039,19.201,307,39
5,315,1.002,23.117,269,39
5,316,0.801,20.045,311,30
5,317,1.039,20.084,298,27
5,318,0.885,16.889,205,36
5,319,0.944,21.733,275,26
5,320,0.849,17.697,343,28
5,321,0.862,19.461,306,50
5,322,1.007,17.592,328,32
5,323,0.926,17.669,283,32
5,324,1.015,20.114,250,35
5,325,1.023,17.782,270,39
5,326,1.066,18.434,277,40
5,327,1.054,18.849,370,30
5,328,1.284,17.216,311,38
5,329,1.432,17.052,256,29
5,330,1.035,16.984,355,38
5,331,1.232,19.735,305,30
5,332,1.330,18.357,273,35
5,333,1.153,18.167,298,43
5,334,1.155,17.868,293,39
5,335,1.270,18.872,278,21
5,336,1.395,17.169,353,32
5,337,1.086,20.415,330,34
5,338,1.030,18.031,288,29
5,339,1.124,20.201,313,25
5,340,1.226,19.071,277,34
5,341,1.012,24.191,328,34
5,342,1.039,21.165,355,28
5,343,0.945,22.263,294,47
5,344,0.942,22.428,319,29
5,345,1.007,23.245,231,35
5,346,1.014,23.243,275,36
5,347,0.958,22.475,265,26
5,348,0.986,19.645,304,29
5,349,1.110,22.220,238,33
5,350,1.183,21.582,323,20
5,351,1.182,18.787,400,27
5,352,1.343,23.851,310,25
5,353,1.252,19.199,311,25
5,354,1.213,21.308,278,30
5,355,1.145,26.181,261,38
5,356,1.114,23.399,307,22
5,357,1.136,22.800,353,36
5,358,1.170,21.881,228,38
5,359,1.206,19.735,308,40
5,360,1.619,21.383,248,31
5,361,1.273,21.374,302,40
5,362,1.461,22.437,308,24
5,363,1.551,21.808,290,37
5,364,1.600,21.454,242,27
5,365,1.294,21.386,328,39
5,366,1.430,25.416,422,34
5,367,1.206,26.226,317,32
5,368,1.259,21.593,285,29
5,369,1.319,25.126,314,32
5,370,1.247,24.808,323,36
5,371,1.353,25.323,311,38
5,372,1.422,23.162,244,39
5,373,1.202,25.265,330,37
5,374,1.437,22.125,288,42
5,375,1.643,26.715,263,31
5,376,1.533,19.501,326,31
5,377,1.491,21.229,406,36
5,378,1.776,21.483,282,35
5,379,1.295,25.055,306,37
5,380,1.301,29.992,332,23
5,381,1.479,25.016,350,24
5,382,1.314,24.622,375,27
5,383,1.255,24.339,373,22
5,384,1.288,24.293,366,29
5,385,1.322,23.494,340,32
5,386,1.441,26.755,280,22
5,387,1.529,23.322,347,35
5,388,1.342,23.212,293,32
5,389,1.442,31.139,320,35
5,390,1.397,24.200,284,36
5,391,1.458,27.988,348,25
5,392,1.571,32.221,365,31
5,393,1.382,26.479,370,34
5,394,1.432,29.379,416,27
5,395,1.381,36.491,331,33
5,396,1.433,32.912,381,30
5,397,1.537,25.788,297,33
5,398,1.481,27.842,365,31
5,399,1.338,29.825,417,31
6,0,1.533,18.269,375,38
6,1,1.306,18.302,380,34
6,2,1.705,18.611,276,29
6,3,1.545,20.370,332,32
6,4,1.570,19.947,301,28
6,5,1.736,18.253,360,33
6,6,1.581,22.160,336,27
6,7,1.407,19.597,327,25
6,8,1.472,23.774,451,22
6,9,1.331,23.641,361,32
6,10,1.607,19.044,359,28
6,11,1.291,22.643,318,32
6,12,1.288,23.423,372,27
6,13,1.263,23.740,387,25
6,14,1.301,24.787,386,31
6,15,1.246,22.052,395,43
6,16,1.459,25.257,315,31
6,17,1.327,24.343,348,24
6,18,1.639,20.445,415,16
6,19,1.536,21.739,390,30
6,20,1.643,19.120,365,28
6,21,1.516,26.272,393,34
6,22,1.566,21.282,388,29
6,23,1.775,25.771,354,33
6,24,1.810,24.128,416,36
6,25,1.755,20.702,355,25
6,26,2.039,20.675,366,40
6,27,1.435,23.553,394,36
6,28,1.649,26.780,428,22
6,29,1.538,26.363,349,23
6,30,1.635,25.395,325,35
6,31,1.630,19.709,397,18
6,32,1.767,32.406,327,34
6,33,1.507,24.906,407,30
6,34,1.724,29.293,283,35
6,35,1.654,31.843,337,35
6,36,1.807,27.373,405,27
6,37,1.695,24.143,414,28
6,38,1.839,24.508,551,32
6,39,1.674,24.289,406,25
6,40,1.612,28.146,391,27
6,41,1.532,28.451,331,40
6,42,1.721,31.049,296,27
6,43,2.006,25.967,380,30
6,44,1.676,29.747,384,26
6,45,1.546,29.431,528,27
6,46,1.672,25.825,430,22
6,47,1.892,27.749,324,31
6,48,1.611,30.071,366,21
6,49,1.926,28.031,375,26
6,50,1.808,27.830,387,33
6,51,1.813,28.461,434,32
6,52,1.607,33.079,426,32
6,53,1.550,33.064,498,35
6,54,1.672,33.215,464,27
6,55,1.753,28.548,301,19
6,56,1.910,28.158,369,33
6,57,1.787,30.711,539,32
6,58,2.088,27.552,394,31
6,59,1.635,29.108,431,35
6,60,1.532,29.457,480,32
6,61,1.380,28.734,492,22
6,62,1.586,30.398,461,27
6,63,1.516,27.159,432,38
6,64,1.442,33.031,404,34
6,65,1.405,28.708,444,26
6,66,1.692,30.615,507,27
6,67,1.661,36.779,405,31
6,68,1.929,26.087,448,27
6,69,1.933,27.181,578,28
6,70,1.897,25.848,393,29
6,71,2.010,24.173,491,26
6,72,2.136,32.027,599,22
6,73,1.845,25.191,411,24
6,74,1.932,27.540,493,29
6,75,1.867,32.297,432,39
6,76,2.231,23.857,507,23
6,77,1.949,28.953,448,31
6,78,2.019,25.933,567,28
6,79,1.922,40.032,523,36
6,80,1.732,28.127,464,28
6,81,1.886,28.902,480,37
6,82,1.927,27.042,523,29
6,83,2.002,27.040,449,33
6,84,2.013,27.164,525,25
6,85,2.117,24.734,470,34
6,86,2.483,23.125,517,26
6,87,2.257,25.436,433,34
6,88,1.722,30.986,491,38
6,89,2.432,23.697,436,25
6,90,2.392,25.139,575,21
6,91,2.658,30.474,449,40
6,92,2.122,25.621,601,28
6,93,2.584,24.630,530,26
6,94,2.553,25.252,464,38
6,95,2.374,23.222,478,21
6,96,2.830,18.825,605,30
6,97,3.127,25.901,444,34
6,98,2.361,30.746,536,37
6,99,3.032,23.585,535,34
6,100,2.628,22.876,577,30
6,101,2.872,26.384,483,43
6,102,3.204,23.519,461,30
6,103,2.583,21.486,445,23
6,104,2.650,28.549,534,37
6,105,2.637,27.627,605,29
6,106,2.246,33.157,496,33
6,107,2.727,24.325,472,37
6,108,2.829,22.082,504,37
6,109,2.501,28.803,537,40
6,110,2.652,23.981,523,27
6,111,2.658,28.429,550,28
6,112,2.143,26.960,639,28
6,113,2.787,26.662,545,35
6,114,2.846,25.034,508,27
6,115,2.680,25.889,508,34
6,116,2.671,29.681,653,22
6,117,2.765,26.197,457,30
6,118,2.558,32.561,579,20
6,119,2.537,25.705,587,27
6,120,2.293,24.778,429,30
6,121,2.432,32.318,438,33
6,122,2.280,29.127,570,34
6,123,2.971,33.347,501,31
6,124,2.514,25.245,550,34
6,125,2.436,26.797,506,33
6,126,2.875,25.621,471,37
6,127,2.576,23.718,486,29
6,128,2.569,30.368,590,39
6,129,2.722,26.786,550,34
6,130,2.430,27.640,575,28
6,131,3.116,20.357,511,31
6,132,2.630,28.775,491,40
6,133,2.396,27.706,592,34
6,134,2.341,29.943,659,37
6,135,2.341,28.750,467,32
6,136,2.687,28.100,571,32
6,137,2.397,28.739,482,33
6,138,2.324,23.152,561,23
6,139,2.153,32.764,849,37
6,140,2.608,24.301,516,28
6,141,2.622,26.449,511,23
6,142,2.474,21.658,584,22
6,143,2.544,24.391,526,25
6,144,2.176,28.943,571,26
6,145,2.346,26.316,635,33
6,146,2.571,29.122,664,29
6,147,2.283,25.657,654,37
6,148,1.967,26.773,541,38
6,149,2.458,28.236,579,33
6,150,2.419,26.544,621,31
6,151,2.038,24.019,449,31
6,152,2.353,24.118,579,28
6,153,2.180,25.905,432,27
6,154,2.598,22.356,449,31
6,155,2.091,30.813,544,27
6,156,2.115,18.917,605,36
6,157,2.697,22.921,419,42
6,158,2.616,19.980,548,33
6,159,3.189,19.839,548,35
6,160,2.587,27.564,582,43
6,161,2.503,26.113,673,28
6,162,2.712,28.241,663,27
6,163,2.312,24.933,529,34
6,164,2.709,24.512,598,40
6,165,2.731,28.893,608,28
6,166,2.540,22.272,574,27
6,167,2.383,25.713,579,37
6,168,2.881,17.155,506,37
6,169,2.330,21.883,526,39
6,170,2.575,21.067,648,23
6,171,2.245,20.748,666,36
6,172,2.289,27.422,667,30
6,173,2.482,23.564,501,35
6,174,2.344,27.408,628,30
6,175,2.608,24.213,563,43
6,176,2.329,21.083,665,32
6,177,2.486,28.983,554,37
6,178,2.777,22.529,530,44
6,179,2.542,24.003,584,31
6,180,2.557,22.401,451,33
6,181,2.415,21.536,549,36
6,182,2.488,27.782,593,33
6,183,2.306,26.084,644,30
6,184,2.103,26.044,506,28
6,185,2.405,27.876,462,33
6,186,1.877,30.805,511,31
6,187,2.502,20.885,558,27
6,188,2.109,20.387,526,39
6,189,2.125,24.883,498,31
6,190,2.227,24.302,496,36
6,191,1.955,28.274,519,37
6,192,1.834,23.836,499,33
6,193,2.163,23.283,630,34
6,194,1.767,21.631,614,32
6,195,2.364,20.437,536,24
6,196,2.469,23.706,514,31
6,197,2.000,25.579,512,27
6,198,1.817,21.800,478,31
6,199,2.154,21.469,438,30
6,200,1.978,20.837,641,27
6,201,2.347,22.161,473,30
6,202,2.065,22.750,592,42
6,203,2.060,18.683,534,34
6,204,1.990,20.657,516,34
6,205,2.319,22.029,465,33
6,206,1.807,21.317,561,41
6,207,1.959,22.518,450,27
6,208,1.703,21.703,611,34
6,209,1.643,25.161,540,28
6,210,2.072,24.445,602,38
6,211,6.433,24.583,573,30
6,212,5.795,33.581,529,38
6,213,4.690,27.340,480,38
6,214,4.203,34.279,510,44
6,215,3.548,33.578,531,33
6,216,3.127,36.314,531,34
6,217,2.395,34.047,523,31
6,218,2.335,31.460,507,39
6,219,2.115,27.199,506,38
6,220,1.603,33.574,442,42
6,221,1.795,30.132,492,37
6,222,1.243,27.562,418,38
6,223,1.428,25.710,502,28
6,224,1.600,30.858,452,29
6,225,1.499,22.398,485,30
6,226,1.304,23.330,438,39
6,227,1.642,17.273,503,32
6,228,1.297,23.715,454,41
6,229,1.560,19.611,487,34
6,230,1.582,19.153,604,31
6,231,1.412,21.202,449,33
6,232,1.735,19.395,480,37
6,233,1.489,18.382,463,24
6,234,1.675,18.473,542,39
6,235,1.400,16.985,562,39
6,236,1.479,17.961,485,29
6,237,1.837,17.641,457,35
6,238,1.545,15.071,476,41
6,239,1.700,15.322,491,34
6,240,1.709,14.649,654,40
6,241,1.592,14.611,565,26
6,242,1.753,15.264,542,32
6,243,1.605,15.803,466,50
6,244,2.003,14.792,533,45
6,245,1.676,15.946,401,36
6,246,1.921,17.809,508,37
6,247,1.537,15.765,468,31
6,248,1.621,17.463,470,41
6,249,1.649,19.247,482,39
6,250,1.405,17.380,498,30
6,251,1.538,18.165,486,22
6,252,1.588,13.857,453,35
6,253,1.665,15.985,414,28
6,254,1.531,15.686,543,30
6,255,1.632,15.108,326,38
6,256,1.779,15.066,374,43
6,257,1.610,15.514,372,29
6,258,1.981,15.549,456,38
6,259,1.588,15.856,374,24
6,260,1.749,17.097,494,39
6,261,1.741,16.332,432,30
6,262,1.612,16.818,374,42
6,263,1.519,16.229,479,43
6,264,1.222,18.961,380,53
6,265,1.197,16.231,364,36
6,266,1.321,20.004,378,29
6,267,1.184,22.197,412,50
6,268,1.261,17.483,471,45
6,269,1.227,17.806,411,35
6,270,1.136,20.937,324,26
6,271,1.225,17.689,348,29
6,272,1.166,14.126,369,31
6,273,1.045,18.485,484,34
6,274,1.212,13.375,369,28
6,275,1.226,15.883,353,34
6,276,1.196,20.641,323,30
6,277,1.132,16.058,336,41
6,278,1.177,21.729,385,37
6,279,1.061,19.107,298,35
6,280,1.073,15.876,523,40
6,281,1.230,19.067,279,45
6,282,1.135,14.918,372,37
6,283,0.964,17.937,250,32
6,284,1.013,22.354,375,33
6,285,1.162,24.272,331,30
6,286,1.024,19.591,348,28
6,287,1.180,15.598,283,29
6,288,1.186,17.460,361,37
6,289,1.250,22.207,313,42
6,290,1.222,18.066,430,48
6,291,1.077,15.486,421,35
6,292,1.308,14.097,309,32
6,293,1.256,19.089,307,37
6,294,1.280,13.478,338,31
6,295,1.121,16.791,307,24
6,296,1.148,14.932,326,38
6,297,1.132,14.044,318,37
6,298,1.154,14.405,338,42
6,299,1.143,18.078,250,29
6,300,1.099,15.352,330,42
6,301,1.167,18.995,383,38
6,302,1.206,18.540,432,28
6,303,1.334,15.785,308,32
6,304,1.237,20.721,304,28
6,305,1.151,19.498,300,33
6,306,1.065,21.193,426,34
6,307,1.074,15.858,315,33
6,308,1.215,14.192,310,40
6,309,0.980,16.842,262,44
6,310,1.298,14.190,263,33
6,311,1.240,15.553,333,38
6,312,1.353,15.708,251,29
6,313,1.485,20.848,325,46
6,314,0.963,18.788,296,36
6,315,1.200,20.340,259,36
6,316,1.140,19.888,282,48
6,317,1.156,15.502,307,35
6,318,1.111,19.924,240,29
6,319,1.046,21.291,298,29
6,320,0.998,21.855,287,35
6,321,1.184,15.766,369,38
6,322,1.009,22.398,265,28
6,323,1.171,18.154,341,28
6,324,1.158,17.702,406,33
6,325,1.029,19.650,249,25
6,326,1.130,21.580,351,44
6,327,1.013,20.556,320,25
6,328,1.254,26.794,269,33
6,329,1.055,19.132,378,37
6,330,1.161,21.663,269,30
6,331,1.086,18.549,320,33
6,332,1.123,16.254,246,37
6,333,1.035,19.638,248,34
6,334,1.243,20.665,369,26
6,335,1.089,19.074,344,26
6,336,1.068,20.810,357,36
6,337,1.211,21.568,267,40
6,338,1.199,17.612,250,32
6,339,0.979,18.642,236,39
6,340,1.308,20.377,264,35
6,341,1.058,20.072,337,33
6,342,1.269,20.959,232,28
6,343,1.164,19.331,224,27
6,344,1.069,21.446,305,35
6,345,1.072,26.087,320,30
6,346,1.043,21.956,299,28
6,347,1.075,21.271,270,35
6,348,1.202,16.778,292,39
6,349,1.282,18.959,291,33
6,350,1.255,20.493,290,36
6,351,1.220,24.047,229,32
6,352,1.102,18.689,291,27
6,353,1.052,22.084,287,30
6,354,1.111,20.822,330,27
6,355,1.292,22.411,382,30
6,356,1.243,19.852,277,44
6,357,1.306,20.877,254,25
6,358,1.404,19.148,380,38
6,359,1.575,23.480,321,29
6,360,1.241,24.627,307,31
6,361,1.302,18.886,357,27
6,362,1.319,24.620,300,26
6,363,1.402,25.499,296,33
6,364,1.534,20.949,359,34
6,365,1.563,18.564,247,34
6,366,1.577,21.063,325,46
6,367,1.302,25.020,378,36
6,368,1.362,27.019,331,35
6,369,1.271,24.063,349,38
6,370,1.145,27.588,323,39
6,371,1.408,28.958,290,29
6,372,1.359,24.501,288,23
6,373,1.152,22.275,345,27
6,374,1.196,29.126,312,43
6,375,1.359,25.585,320,33
6,376,1.156,23.468,352,21
6,377,1.295,25.023,309,41
6,378,1.314,23.732,355,38
6,379,1.349,23.257,308,42
6,380,1.371,23.348,351,36
6,381,1.538,24.729,303,27
6,382,1.399,29.082,436,32
6,383,1.556,21.166,323,24
6,384,1.513,24.199,320,37
6,385,1.501,21.869,350,26
6,386,1.613,28.226,422,39
6,387,1.463,23.991,376,33
6,388,1.501,26.106,305,34
6,389,1.257,25.548,290,25
6,390,1.531,31.958,387,34
6,391,1.342,25.691,333,31
6,392,1.597,26.222,330,27
6,393,1.796,24.544,294,28
6,394,1.652,29.466,370,31
6,395,1.626,25.357,305,31
6,396,1.534,28.178,404,42
6,397,1.638,27.445,320,20
6,398,1.808,21.068,391,38
6,399,1.745,29.432,408,31
7,0,1.166,20.084,354,30
7,1,1.397,19.844,311,31
7,2,1.516,24.852,331,36
7,3,1.350,21.792,305,33
7,4,1.465,20.129,300,35
7,5,1.648,22.771,280,26
7,6,1.410,23.428,339,37
7,7,1.330,22.887,312,30
7,8,1.220,27.967,346,30
7,9,1.256,24.014,283,23
7,10,1.098,27.972,353,33
7,11,1.314,29.070,336,24
7,12,1.223,27.808,411,35
7,13,1.325,21.751,458,31
7,14,1.401,23.862,342,33
7,15,1.230,29.220,358,33
7,16,1.459,20.844,348,27
7,17,1.631,21.770,363,25
7,18,1.522,19.738,439,25
7,19,1.670,23.546,323,24
7,20,1.678,23.862,349,43
7,21,1.522,23.838,405,33
7,22,1.658,32.520,287,31
7,23,1.357,21.792,402,27
7,24,1.597,20.925,362,39
7,25,1.602,26.490,322,36
7,26,1.659,22.164,413,29
7,27,1.560,23.264,332,26
7,28,1.748,22.601,334,34
7,29,1.356,25.672,313,30
7,30,1.227,31.247,361,28
7,31,1.166,27.018,313,28
7,32,1.545,24.519,338,26
7,33,1.613,27.763,436,21
7,34,1.737,20.997,391,23
7,35,1.161,27.928,384,31
7,36,1.346,25.605,400,43
7,37,1.395,30.617,437,36
7,38,1.213,32.099,385,26
7,39,1.042,35.646,331,34
7,40,1.289,30.298,390,32
7,41,1.453,24.602,459,27
7,42,1.552,25.058,420,37
7,43,1.324,28.110,384,33
7,44,1.539,25.996,438,20
7,45,1.411,25.990,423,34
7,46,1.851,28.596,325,31
7,47,1.773,26.108,420,23
7,48,1.680,23.524,448,28
7,49,1.668,25.569,502,24
7,50,1.777,24.687,438,26
7,51,1.564,22.307,348,34
7,52,1.659,22.541,476,26
7,53,7.056,29.928,482,39
7,54,5.521,35.104,438,28
7,55,4.361,54.117,416,22
7,56,3.144,49.683,468,33
7,57,2.781,54.690,474,35
7,58,2.006,53.415,441,27
7,59,1.708,52.409,384,38
7,60,1.754,42.085,467,31
7,61,1.641,44.435,456,24
7,62,1.352,45.402,462,36
7,63,1.400,36.623,491,29
7,64,1.639,36.047,410,29
7,65,1.491,34.929,413,32
7,66,1.496,31.513,437,25
7,67,1.268,35.215,353,23
7,68,1.491,28.875,508,33
7,69,1.423,31.241,505,25
7,70,1.899,28.450,455,33
7,71,1.861,28.086,484,19
7,72,1.923,22.446,458,32
7,73,2.262,25.822,465,39
7,74,2.444,24.417,679,28
7,75,2.159,27.005,544,33
7,76,2.583,21.926,522,37
7,77,2.328,23.140,508,18
7,78,2.586,20.878,506,28
7,79,2.890,24.273,598,29
7,80,2.690,24.745,616,34
7,81,2.590,19.712,591,30
7,82,3.178,18.952,695,27
7,83,2.750,19.999,535,24
7,84,2.639,20.450,547,31
7,85,2.533,21.049,668,29
7,86,2.226,26.187,628,27
7,87,2.650,23.015,694,40
7,88,2.695,29.358,472,30
7,89,2.331,27.085,479,27
7,90,2.292,26.752,634,25
7,91,2.530,24.596,450,41
7,92,2.737,21.716,610,27
7,93,3.001,20.629,508,36
7,94,2.235,26.200,646,29
7,95,2.868,31.515,618,36
7,96,2.778,29.432,764,37
7,97,2.723,28.889,460,25
7,98,2.614,28.686,543,26
7,99,2.672,26.822,558,23
7,100,2.628,23.222,528,29
7,101,2.706,25.703,458,27
7,102,2.561,23.037,426,31
7,103,2.764,22.109,558,32
7,104,2.978,28.810,535,24
7,105,2.124,27.086,566,23
7,106,2.731,26.926,590,30
7,107,2.396,22.453,596,38
7,108,2.388,22.991,366,27
7,109,2.452,28.636,478,25
7,110,2.167,28.656,511,28
7,111,2.810,24.718,537,33
7,112,2.445,23.554,597,31
7,113,15.392,40.768,584,28
7,114,14.139,35.358,553,31
7,115,13.168,50.169,715,27
7,116,10.923,50.000,539,30
7,117,10.279,47.183,646,37
7,118,7.734,45.896,434,32
7,119,7.563,49.936,631,39
7,120,6.923,56.914,475,39
7,121,5.758,43.256,569,41
7,122,4.205,46.689,516,30
7,123,4.159,48.915,596,36
7,124,2.898,60.508,582,33
7,125,2.573,53.349,338,30
7,126,2.376,56.597,313,32
7,127,2.088,52.079,236,24
7,128,1.906,57.880,147,29
7,129,1.686,59.365,104,22
7,130,1.802,61.566,80,16
7,131,1.799,64.593,69,15
7,132,1.829,62.059,59,27
7,133,1.546,67.382,39,17
7,134,1.813,70.825,29,11
7,135,1.707,100.518,25,16
7,136,1.959,62.955,21,21
7,137,1.870,71.363,15,11
7,138,2.039,80.009,11,8
7,139,2.236,76.170,10,11
7,140,1.875,76.374,7,13
7,141,1.896,85.868,5,7
7,142,1.982,79.274,5,9
7,143,2.572,82.366,5,9
7,144,2.405,79.387,4,7
7,145,2.200,72.585,3,8
7,146,1.986,78.764,2,4
7,147,2.103,71.857,2,3
7,148,2.193,93.545,2,4
7,149,2.092,87.886,2,4
7,150,2.155,77.782,2,4
7,151,2.265,91.195,2,4
7,152,2.330,82.358,2,4
7,153,2.685,79.833,2,3
7,154,2.207,77.582,2,3
7,155,2.089,80.851,1,1
7,156,2.384,74.058,1,2
7,157,2.214,78.884,1,4
7,158,2.624,82.256,1,6
7,159,2.420,81.533,1,4
7,160,2.290,82.006,1,3
7,161,2.286,73.872,2,2
7,162,2.201,82.179,2,2
7,163,2.442,82.311,1,2
7,164,2.316,80.659,1,3
7,165,2.123,86.773,1,2
7,166,2.173,87.804,1,2
7,167,2.027,77.340,1,3
7,168,2.192,77.218,1,2
7,169,2.408,93.755,1,2
7,170,2.018,70.862,1,1
7,171,2.045,86.202,2,4
7,172,1.981,79.946,1,0
7,173,1.725,75.692,1,0
7,174,1.765,70.356,1,0
7,175,1.810,93.909,1,0
7,176,2.140,95.518,1,0
7,177,1.914,77.658,1,2
7,178,2.100,81.248,1,1
7,179,1.950,81.245,1,0
7,180,2.121,72.960,2,1
7,181,1.967,87.311,1,1
7,182,1.905,66.477,1,1
7,183,1.985,81.882,1,1
7,184,2.011,84.168,1,0
7,185,1.711,85.662,1,1
7,186,1.753,84.119,1,1
7,187,1.934,77.501,1,1
7,188,1.913,87.990,1,0
7,189,1.697,78.190,1,0
7,190,1.712,87.302,1,0
7,191,1.887,85.104,1,0
7,192,1.856,72.051,1,0
7,193,1.591,84.958,1,0
7,194,1.456,72.417,1,0
7,195,1.648,84.541,1,0
7,196,1.489,74.022,2,0
7,197,1.473,80.744,1,0
7,198,1.579,65.201,1,1
7,199,1.725,74.037,2,0
7,200,1.629,67.477,1,1
7,201,1.299,81.894,1,1
7,202,1.393,68.920,2,0
7,203,1.338,72.231,1,1
7,204,1.478,82.215,1,1
7,205,1.150,75.235,1,2
7,206,1.180,77.381,1,1
7,207,1.328,68.990,1,0
7,208,1.448,79.218,1,1
7,209,1.387,72.708,1,1
7,210,1.366,84.645,1,0
7,211,1.503,71.119,1,0
7,212,1.453,80.399,1,0
7,213,1.214,78.411,1,2
7,214,1.351,86.854,1,0
7,215,1.296,75.625,1,0
7,216,1.295,65.287,1,0
7,217,1.155,71.842,1,0
7,218,0.996,70.880,1,0
7,219,1.283,70.617,1,2
7,220,1.050,75.485,1,0
7,221,1.138,64.402,1,1
7,222,1.061,68.593,1,0
7,223,0.973,74.197,1,0
7,224,0.954,67.545,1,1
7,225,1.062,71.616,1,1
7,226,0.986,71.235,1,0
7,227,1.111,66.620,1,0
7,228,0.921,73.496,1,0
7,229,0.989,65.750,1,0
7,230,0.929,69.634,1,0
7,231,0.912,59.427,1,0
7,232,1.028,55.222,1,0
7,233,0.979,91.387,1,0
7,234,0.949,56.524,2,0
7,235,0.819,74.163,1,0
7,236,0.834,50.217,1,0
7,237,0.977,65.805,1,0
7,238,0.939,54.425,1,0
7,239,0.849,71.495,2,0
7,240,0.889,57.882,2,1
7,241,0.806,62.903,2,1
7,242,0.743,69.384,3,0
7,243,0.717,67.723,4,0
7,244,0.785,63.357,3,0
7,245,0.736,60.333,3,1
7,246,0.677,62.535,5,1
7,247,0.665,64.259,4,1
7,248,0.689,62.387,5,1
7,249,0.823,52.558,6,0
7,250,0.840,67.739,5,1
7,251,0.766,55.897,6,1
7,252,0.680,55.518,6,0
7,253,0.747,50.754,5,0
7,254,0.670,71.836,7,0
7,255,0.658,61.078,9,1
7,256,0.750,62.867,8,1
7,257,0.802,57.230,8,0
7,258,0.783,53.942,14,1
7,259,0.748,61.952,13,2
7,260,0.669,54.260,9,0
7,261,0.669,45.349,11,1
7,262,0.714,47.871,12,0
7,263,0.757,54.706,12,0
7,264,0.647,63.965,14,2
7,265,0.549,52.214,15,0
7,266,0.542,51.832,15,1
7,267,0.561,43.782,22,1
7,268,0.553,63.394,18,0
7,269,0.616,51.916,19,2
7,270,0.617,46.967,21,1
7,271,0.607,56.489,16,1
7,272,0.619,45.562,20,2
7,273,0.460,59.684,20,2
7,274,0.587,46.446,26,0
7,275,0.547,60.487,29,2
7,276,0.569,53.654,29,0
7,277,0.505,49.587,26,0
7,278,0.561,59.441,25,2
7,279,0.563,51.529,31,0
7,280,0.563,42.966,33,1
7,281,0.580,44.703,36,1
7,282,0.655,47.759,31,0
7,283,0.590,49.883,43,0
7,284,0.585,44.455,46,1
7,285,0.651,46.117,38,0
7,286,0.496,42.088,47,1
7,287,0.549,41.049,45,1
7,288,0.544,47.392,54,2
7,289,0.530,37.976,60,2
7,290,0.572,38.399,46,1
7,291,0.548,51.775,53,0
7,292,0.555,46.718,55,1
7,293,0.576,41.640,62,1
7,294,0.585,44.755,55,1
7,295,0.586,39.514,55,1
7,296,0.506,37.139,73,2
7,297,0.525,47.854,85,5
7,298,0.454,37.306,70,1
7,299,0.494,37.962,91,1
7,300,0.550,37.659,78,0
7,301,0.572,39.382,98,4
7,302,0.613,34.809,73,2
7,303,0.663,43.173,105,2
7,304,0.631,39.770,78,3
7,305,0.577,32.856,88,1
7,306,0.644,37.779,110,1
7,307,0.641,31.669,123,5
7,308,0.623,36.422,106,2
7,309,0.554,46.424,106,2
7,310,0.645,30.196,143,0
7,311,0.605,32.650,119,0
7,312,0.649,34.381,122,2
7,313,0.739,30.788,129,0
7,314,0.599,35.986,135,2
7,315,0.646,32.509,147,4
7,316,0.648,30.118,147,1
7,317,0.729,26.575,142,0
7,318,0.748,32.754,184,1
7,319,0.600,27.511,173,1
7,320,0.859,30.150,155,0
7,321,0.728,28.477,173,0
7,322,0.914,27.802,208,3
7,323,0.762,28.313,231,2
7,324,0.772,27.386,189,2
7,325,0.654,29.210,151,0
7,326,0.741,28.454,209,2
7,327,0.874,23.146,172,3
7,328,0.663,28.742,179,1
7,329,0.888,25.986,225,1
7,330,0.864,26.077,227,3
7,331,0.815,25.940,214,0
7,332,0.966,23.722,241,0
7,333,0.818,18.859,227,0
7,334,5.385,29.922,247,3
7,335,3.962,37.126,254,2
7,336,3.408,40.423,182,0
7,337,2.241,54.649,267,5
7,338,1.610,48.761,296,1
7,339,1.287,43.107,317,3
7,340,0.992,57.282,335,1
7,341,1.096,38.837,267,2
7,342,0.759,43.833,294,3
7,343,0.765,34.447,315,0
7,344,0.801,28.650,303,3
7,345,0.868,26.553,291,4
7,346,0.961,25.552,400,3
7,347,0.707,31.703,357,2
7,348,0.787,24.759,274,1
7,349,0.945,19.952,435,2
7,350,1.021,17.446,425,2
7,351,1.040,19.561,425,1
7,352,1.046,20.760,399,4
7,353,1.375,20.153,410,2
7,354,1.348,13.157,413,2
7,355,1.456,14.953,327,3
7,356,1.511,15.151,504,0
7,357,1.400,13.242,478,0
7,358,1.668,14.378,402,4
7,359,1.523,16.267,493,4
7,360,1.610,11.228,542,2
7,361,1.619,11.239,537,1
7,362,1.818,16.160,707,3
7,363,1.915,14.545,581,3
7,364,1.903,15.439,676,4
7,365,1.713,11.607,561,1
7,366,1.838,14.590,588,0
7,367,1.665,13.641,571,1
7,368,1.897,13.989,571,3
7,369,2.129,13.926,698,3
7,370,2.150,11.205,495,4
7,371,2.472,13.194,706,4
7,372,1.944,12.432,482,3
7,373,2.106,12.930,595,2
7,374,2.221,12.016,610,1
7,375,2.219,13.962,571,5
7,376,2.204,15.593,545,2
7,377,2.236,11.576,550,2
7,378,2.823,12.012,589,3
7,379,2.290,12.336,605,3
7,380,3.052,12.418,660,5
7,381,2.631,10.264,480,3
7,382,2.664,12.098,596,4
7,383,2.657,10.571,670,4
7,384,2.346,12.220,676,4
7,385,2.971,11.688,615,3
7,386,2.679,11.823,564,2
7,387,2.455,13.524,561,4
7,388,2.836,10.851,552,3
7,389,2.770,11.712,607,6
7,390,2.788,10.691,813,5
7,391,3.116,10.283,642,1
7,392,3.059,10.436,779,3
7,393,3.205,11.403,624,3
7,394,3.611,12.613,578,3
7,395,3.561,12.716,789,6
7,396,2.987,9.830,746,4
7,397,3.355,10.028,750,6
7,398,3.443,11.877,582,1
7,399,3.260,11.808,694,6
8,0,1.202,20.790,298,35
8,1,1.330,22.419,276,34
8,2,1.275,21.150,272,36
8,3,1.173,24.326,346,33
8,4,1.321,22.129,325,29
8,5,1.316,26.889,314,28
8,6,1.262,26.107,307,33
8,7,1.176,25.993,268,24
8,8,1.281,21.873,357,28
8,9,1.274,25.467,282,25
8,10,1.410,26.891,408,25
8,11,1.319,29.896,304,36
8,12,1.446,28.732,342,26
8,13,1.418,25.198,344,33
8,14,1.182,27.406,285,27
8,15,1.334,25.961,325,42
8,16,1.276,29.269,340,27
8,17,1.097,29.202,326,45
8,18,1.261,27.600,391,34
8,19,1.249,24.812,382,23
8,20,1.385,30.807,337,34
8,21,1.230,24.730,369,33
8,22,1.420,27.381,305,37
8,23,1.331,29.261,304,38
8,24,1.422,26.314,323,35
8,25,1.503,26.547,315,33
8,26,1.400,26.923,330,35
8,27,1.529,25.520,387,35
8,28,1.534,29.892,389,32
8,29,1.403,26.856,424,32
8,30,1.613,29.257,287,32
8,31,1.400,31.683,312,36
8,32,1.385,28.839,331,33
8,33,1.417,34.214,385,26
8,34,1.742,25.793,399,17
8,35,1.361,28.849,305,36
8,36,1.425,28.390,448,38
8,37,1.545,28.840,336,46
8,38,1.294,25.770,308,35
8,39,1.633,26.960,369,34
8,40,1.907,26.580,316,30
8,41,1.751,24.674,395,26
8,42,1.695,25.302,426,35
8,43,1.572,28.152,303,31
8,44,1.758,32.034,408,36
8,45,1.858,27.519,301,39
8,46,4.278,27.622,413,38
8,47,4.098,38.755,489,24
8,48,3.460,46.584,378,21
8,49,2.694,44.019,392,33
8,50,2.501,37.788,335,25
8,51,2.187,43.913,368,27
8,52,1.358,41.596,447,33
8,53,4.245,52.342,454,36
8,54,3.525,44.700,427,35
8,55,2.968,61.190,445,39
8,56,2.680,50.137,402,27
8,57,1.951,66.746,350,40
8,58,1.547,46.451,379,32
8,59,1.786,52.642,406,35
8,60,1.574,38.418,343,32
8,61,1.712,39.232,488,34
8,62,1.667,33.258,421,29
8,63,1.575,37.701,493,37
8,64,1.575,32.838,411,39
8,65,1.656,32.518,429,36
8,66,1.741,31.309,377,38
8,67,1.573,33.210,371,22
8,68,1.604,32.160,404,34
8,69,1.608,33.520,576,28
8,70,1.516,28.242,538,32
8,71,1.596,31.245,530,37
8,72,1.519,28.504,528,33
8,73,1.809,23.743,519,38
8,74,2.145,22.507,508,38
8,75,1.997,27.368,541,28
8,76,2.265,24.402,496,24
8,77,2.315,21.591,630,30
8,78,2.356,21.607,540,31
8,79,2.187,24.853,546,36
8,80,1.938,23.106,527,42
8,81,2.092,25.756,573,33
8,82,2.156,23.443,463,31
8,83,2.364,23.826,592,46
8,84,2.571,23.430,619,25
8,85,2.629,28.648,448,24
8,86,2.468,23.174,406,31
8,87,2.600,25.938,555,35
8,88,2.548,30.898,485,33
8,89,2.223,27.845,556,41
8,90,2.630,28.582,567,32
8,91,2.314,25.223,508,27
8,92,1.930,25.920,531,28
8,93,2.051,25.931,546,44
8,94,2.670,25.322,540,22
8,95,2.414,25.578,497,39
8,96,2.522,23.918,559,36
8,97,2.611,29.559,564,31
8,98,2.761,26.745,536,26
8,99,2.356,27.990,553,26
8,100,2.340,25.569,539,32
8,101,2.546,26.954,543,37
8,102,2.327,29.698,433,32
8,103,2.379,31.213,511,39
8,104,2.634,22.344,556,34
8,105,2.196,22.261,616,28
8,106,2.571,26.507,474,22
8,107,2.268,27.558,571,29
8,108,2.504,23.062,590,30
8,109,2.372,27.020,479,24
8,110,2.441,30.292,541,32
8,111,2.281,35.685,468,38
8,112,1.965,29.574,585,32
8,113,2.396,33.554,422,33
8,114,2.610,29.372,435,31
8,115,2.300,33.438,473,32
8,116,2.188,29.028,480,36
8,117,2.136,32.463,552,30
8,118,2.226,27.758,566,30
8,119,2.311,27.664,573,42
8,120,2.625,32.833,521,33
8,121,2.385,24.257,530,36
8,122,2.263,30.799,520,33
8,123,2.602,21.684,469,36
8,124,2.570,21.446,516,43
8,125,2.628,24.636,720,26
8,126,2.836,25.082,521,42
8,127,2.467,21.894,485,37
8,128,2.740,26.042,603,28
8,129,2.313,32.694,594,26
8,130,2.269,26.596,603,28
8,131,2.476,25.769,615,29
8,132,2.758,24.324,389,42
8,133,2.786,24.962,597,39
8,134,4.953,32.012,554,37
8,135,4.455,36.491,604,30
8,136,4.156,45.392,493,38
8,137,3.764,39.016,558,27
8,138,3.093,37.999,476,36
8,139,3.039,51.759,488,46
8,140,2.367,38.964,500,37
8,141,2.577,33.114,654,31
8,142,2.001,33.072,602,41
8,143,2.198,37.812,567,29
8,144,2.180,35.842,541,38
8,145,1.775,28.390,442,37
8,146,2.192,26.755,548,38
8,147,2.023,35.746,502,41
8,148,2.056,30.141,625,32
8,149,2.002,28.345,545,30
8,150,2.288,29.412,471,33
8,151,2.658,24.159,683,31
8,152,2.413,26.702,547,29
8,153,2.630,23.048,608,34
8,154,2.576,23.874,544,34
8,155,2.452,22.064,629,51
8,156,2.467,20.854,598,32
8,157,2.218,28.363,613,42
8,158,2.435,29.261,679,33
8,159,2.032,24.358,568,41
8,160,2.297,28.696,663,31
8,161,1.810,29.638,443,35
8,162,2.407,22.129,523,35
8,163,6.447,31.933,586,43
8,164,4.626,35.056,537,35
8,165,5.219,34.654,623,33
8,166,3.790,35.195,630,36
8,167,3.199,34.809,451,38
8,168,3.140,41.300,725,42
8,169,2.564,32.001,496,37
8,170,2.042,38.337,637,40
8,171,2.145,38.190,600,41
8,172,2.008,33.806,403,29
8,173,2.010,29.271,636,35
8,174,2.022,27.794,513,43
8,175,1.747,33.826,484,37
8,176,1.730,23.004,483,44
8,177,2.105,24.953,523,39
8,178,1.865,22.332,738,24
8,179,2.355,20.055,454,37
8,180,2.078,24.814,525,47
8,181,2.179,26.673,517,34
8,182,2.420,21.498,557,31
8,183,2.369,21.098,547,33
8,184,2.171,17.856,536,36
8,185,2.584,21.628,507,41
8,186,2.280,23.782,482,35
8,187,2.713,21.681,586,38
8,188,2.620,14.491,743,38
8,189,2.561,18.363,714,29
8,190,2.248,21.337,619,30
8,191,2.605,19.461,483,49
8,192,2.396,18.250,545,32
8,193,2.170,22.443,646,37
8,194,2.545,16.323,569,38
8,195,2.332,18.805,553,37
8,196,2.176,18.566,700,28
8,197,2.787,15.592,563,29
8,198,2.652,22.112,514,30
8,199,2.339,18.283,680,30
8,200,2.447,15.872,514,37
8,201,2.532,20.903,497,35
8,202,2.639,16.013,539,34
8,203,2.329,25.619,526,36
8,204,2.660,19.120,519,33
8,205,2.257,19.673,524,36
8,206,1.864,25.868,549,41
8,207,2.302,25.570,493,37
8,208,2.003,24.968,505,32
8,209,1.782,22.734,537,41
8,210,1.842,21.676,499,38
8,211,1.958,22.548,562,39
8,212,1.911,18.171,547,29
8,213,2.103,21.737,477,38
8,214,2.102,17.704,533,40
8,215,2.081,18.426,520,38
8,216,2.173,18.511,390,42
8,217,1.747,21.993,548,31
8,218,2.004,20.727,486,36
8,219,1.692,17.152,561,35
8,220,2.191,24.025,423,37
8,221,1.634,23.927,511,35
8,222,1.731,18.539,372,38
8,223,1.589,19.533,390,35
8,224,1.442,25.424,592,43
8,225,1.794,22.441,500,37
8,226,1.772,18.041,437,37
8,227,1.757,20.553,509,33
8,228,1.600,20.425,374,33
8,229,1.613,17.530,415,42
8,230,1.779,18.561,441,39
8,231,1.483,17.176,328,34
8,232,1.822,17.418,414,41
8,233,1.689,22.643,365,33
8,234,1.704,22.710,378,29
8,235,1.678,20.802,412,44
8,236,1.537,17.079,374,29
8,237,1.618,20.347,413,34
8,238,1.547,21.508,466,38
8,239,2.072,15.668,373,38
8,240,1.519,19.376,339,30
8,241,1.562,17.349,434,42
8,242,1.570,18.746,404,38
8,243,1.430,18.379,323,28
8,244,1.607,19.435,373,31
8,245,1.325,20.527,388,41
8,246,1.369,20.809,415,40
8,247,1.314,21.121,443,36
8,248,1.281,18.476,410,32
8,249,1.287,24.614,490,46
8,250,1.446,23.841,398,42
8,251,1.313,23.691,473,36
8,252,1.201,20.174,403,32
8,253,1.162,22.301,378,26
8,254,1.181,20.150,328,41
8,255,4.288,25.332,353,40
8,256,3.863,24.869,389,36
8,257,3.471,33.438,326,35
8,258,2.631,41.058,350,54
8,259,1.824,36.235,390,32
8,260,1.360,47.631,501,33
8,261,1.043,36.380,350,28
8,262,0.831,32.181,336,42
8,263,0.934,33.351,368,39
8,264,0.943,33.135,417,40
8,265,0.891,23.184,328,40
8,266,0.922,23.395,385,35
8,267,0.985,18.699,369,28
8,268,0.919,15.610,382,39
8,269,1.062,19.845,350,35
8,270,0.895,19.901,351,34
8,271,1.044,20.856,319,35
8,272,1.036,17.289,450,36
8,273,1.020,15.454,368,33
8,274,1.099,14.273,392,36
8,275,1.214,13.987,391,37
8,276,1.245,13.256,342,35
8,277,1.232,14.093,356,36
8,278,1.579,15.311,354,37
8,279,1.593,14.406,379,55
8,280,1.580,15.855,409,37
8,281,1.608,13.691,426,36
8,282,1.480,14.605,343,34
8,283,1.428,13.423,368,40
8,284,1.466,16.828,440,34
8,285,1.507,15.059,439,39
8,286,1.374,14.929,379,40
8,287,1.724,14.590,323,32
8,288,1.565,15.039,408,37
8,289,1.491,14.569,382,39
8,290,1.430,11.948,338,40
8,291,1.346,16.719,292,31
8,292,1.370,18.005,370,35
8,293,1.286,17.088,375,28
8,294,1.316,18.238,314,36
8,295,1.461,16.099,299,33
8,296,1.306,14.957,335,33
8,297,1.462,14.546,302,45
8,298,1.360,18.369,340,28
8,299,1.104,15.158,402,32
8,300,1.349,18.015,333,48
8,301,1.115,20.629,318,35
8,302,1.073,18.374,336,43
8,303,1.105,18.456,293,29
8,304,0.946,21.686,279,27
8,305,1.004,16.979,321,31
8,306,0.966,20.427,313,44
8,307,1.084,19.643,326,31
8,308,1.097,16.843,339,21
8,309,0.990,16.224,331,35
8,310,1.092,17.069,354,23
8,311,1.161,16.838,288,37
8,312,1.264,15.700,282,30
8,313,1.022,19.686,339,32
8,314,1.169,17.209,305,26
8,315,1.144,14.957,328,40
8,316,1.035,17.993,350,38
8,317,1.105,20.917,233,35
8,318,1.185,20.006,310,36
8,319,0.930,16.474,291,48
8,320,1.020,19.182,268,36
8,321,1.186,18.993,260,35
8,322,1.096,20.758,282,35
8,323,1.128,17.945,256,28
8,324,0.947,18.285,272,45
8,325,1.173,18.031,386,32
8,326,1.037,19.823,243,50
8,327,1.169,20.478,309,22
8,328,1.177,17.892,258,34
8,329,1.304,18.182,250,41
8,330,1.162,16.371,269,46
8,331,1.395,17.058,312,44
8,332,1.307,21.440,293,30
8,333,1.286,19.281,265,34
8,334,1.312,20.160,302,36
8,335,1.073,19.636,301,39
8,336,1.182,21.521,260,38
8,337,1.148,21.455,346,43
8,338,1.098,25.284,293,29
8,339,0.992,22.812,263,33
8,340,0.929,23.842,354,28
8,341,1.019,23.037,315,40
8,342,1.058,20.868,347,32
8,343,0.979,21.263,295,30
8,344,1.103,21.850,330,34
8,345,1.117,19.513,288,44
8,346,1.146,21.336,224,33
8,347,1.059,22.150,279,30
8,348,0.929,19.460,273,32
8,349,1.125,21.913,325,27
8,350,1.095,20.102,286,26
8,351,1.246,22.187,253,34
8,352,0.998,20.090,316,34
8,353,1.057,22.799,308,38
8,354,1.037,21.235,259,30
8,355,1.130,23.812,326,35
8,356,0.877,19.765,324,46
8,357,1.010,27.545,275,38
8,358,1.201,22.171,260,35
8,359,0.924,22.261,402,32
8,360,1.091,26.032,306,31
8,361,1.238,22.903,311,36
8,362,1.028,25.161,275,34
8,363,1.396,19.816,317,31
8,364,1.245,21.475,393,29
8,365,1.223,23.736,376,44
8,366,1.275,22.700,285,37
8,367,1.372,23.102,349,23
8,368,1.367,22.817,384,37
8,369,1.293,22.321,268,27
8,370,1.540,24.613,320,36
8,371,1.198,26.864,303,28
8,372,1.461,34.969,362,34
8,373,1.127,24.704,269,30
8,374,1.204,21.853,311,41
8,375,1.441,22.162,292,33
8,376,1.404,28.395,350,26
8,377,1.339,27.361,268,36
8,378,1.197,26.774,281,42
8,379,1.332,25.159,428,25
8,380,1.116,28.051,304,44
8,381,1.304,27.198,394,28
8,382,1.275,27.145,294,28
8,383,1.245,28.734,332,29
8,384,1.316,28.047,273,27
8,385,1.429,23.786,295,31
8,386,1.421,25.367,334,37
8,387,1.275,30.175,334,36
8,388,1.264,24.085,377,37
8,389,1.404,29.452,331,37
8,390,1.374,30.810,300,26
8,391,1.359,22.493,422,29
8,392,1.497,31.069,307,23
8,393,1.533,33.482,351,31
8,394,1.388,30.622,444,30
8,395,1.453,31.295,348,42
8,396,1.584,28.684,333,33
8,397,1.491,23.251,330,34
8,398,1.684,30.290,423,38
8,399,1.225,27.828,354,25
9,0,1.148,22.035,277,35
9,1,1.558,25.750,343,38
9,2,1.154,26.547,372,24
9,3,1.342,27.424,353,31
9,4,1.269,19.747,325,25
9,5,1.638,23.513,327,22
9,6,1.314,21.730,314,26
9,7,1.372,20.031,331,25
9,8,1.488,25.536,340,32
9,9,1.465,26.397,311,23
9,10,1.174,24.671,337,36
9,11,1.490,24.587,286,36
9,12,1.364,26.178,326,31
9,13,1.323,23.640,284,37
9,14,1.360,27.834,262,37
9,15,1.272,26.896,326,37
9,16,1.138,26.407,352,36
9,17,1.139,28.064,288,35
9,18,1.197,24.303,325,30
9,19,1.230,25.895,430,34
9,20,1.219,28.381,281,39
9,21,1.356,23.034,324,33
9,22,1.275,28.391,289,28
9,23,1.451,28.067,341,27
9,24,1.474,27.270,339,29
9,25,1.662,20.252,346,34
9,26,1.314,27.987,364,28
9,27,1.606,26.823,291,40
9,28,1.400,28.031,388,30
9,29,1.463,27.913,322,25
9,30,1.641,25.544,369,37
9,31,1.629,30.961,360,33
9,32,1.217,23.043,405,27
9,33,1.279,29.946,427,33
9,34,1.379,30.074,426,41
9,35,1.425,29.624,272,25
9,36,1.558,26.299,460,26
9,37,1.516,27.956,411,27
9,38,1.705,23.684,358,40
9,39,1.615,20.980,323,24
9,40,1.662,25.650,448,34
9,41,1.654,31.621,395,45
9,42,1.692,27.858,363,42
9,43,1.549,38.089,383,32
9,44,1.682,27.946,300,31
9,45,1.554,30.152,310,30
9,46,1.534,30.596,325,36
9,47,1.541,27.508,411,31
9,48,1.577,26.192,348,28
9,49,1.624,29.290,412,27
9,50,5.276,34.020,397,33
9,51,4.703,38.263,402,44
9,52,3.837,36.287,389,31
9,53,3.024,52.875,343,27
9,54,2.774,50.601,377,30
9,55,2.716,45.646,395,21
9,56,1.615,47.728,367,39
9,57,1.550,37.399,410,30
9,58,1.662,44.094,482,27
9,59,1.239,41.960,431,32
9,60,1.462,38.184,453,43
9,61,1.264,30.579,410,33
9,62,1.303,29.756,458,27
9,63,1.505,30.638,433,37
9,64,1.451,31.491,451,37
9,65,1.589,29.661,568,28
9,66,1.477,29.100,459,33
9,67,1.579,29.460,447,28
9,68,1.760,24.889,418,34
9,69,2.037,23.348,488,38
9,70,1.862,23.188,525,31
9,71,2.399,23.612,425,30
9,72,1.651,25.803,447,32
9,73,1.977,29.456,540,29
9,74,2.135,22.646,484,39
9,75,2.074,28.109,453,38
9,76,2.061,29.659,621,40
9,77,1.807,26.038,531,29
9,78,2.090,26.980,442,32
9,79,1.677,32.590,474,29
9,80,1.865,25.403,579,31
9,81,2.089,27.277,568,25
9,82,2.094,22.958,585,21
9,83,2.029,27.151,432,33
9,84,2.002,27.009,490,34
9,85,2.158,23.148,512,33
9,86,2.448,31.039,511,32
9,87,2.099,24.181,570,32
9,88,2.427,24.098,532,31
9,89,6.459,25.879,603,28
9,90,5.512,33.971,448,25
9,91,4.733,32.999,621,35
9,92,4.415,43.381,645,43
9,93,3.688,45.489,570,29
9,94,3.519,37.185,606,34
9,95,2.756,42.194,497,27
9,96,2.635,43.355,609,30
9,97,2.228,42.336,444,34
9,98,2.730,41.332,519,33
9,99,2.227,39.137,534,29
9,100,2.089,33.610,444,27
9,101,2.156,29.207,557,34
9,102,1.883,26.175,584,37
9,103,2.070,32.002,469,37
9,104,1.896,29.235,480,31
9,105,1.971,29.120,460,35
9,106,1.912,28.397,507,34
9,107,2.097,23.575,438,22
9,108,2.363,24.767,492,33
9,109,2.274,21.451,436,35
9,110,2.663,24.121,540,29
9,111,2.599,20.102,615,38
9,112,3.366,21.689,609,34
9,113,2.576,19.496,591,36
9,114,2.636,26.999,735,23
9,115,2.598,30.146,539,28
9,116,2.996,21.737,518,36
9,117,2.804,23.952,794,37
9,118,2.760,23.604,524,31
9,119,2.453,24.971,589,30
9,120,3.236,22.420,632,35
9,121,2.393,25.972,547,39
9,122,2.657,21.621,659,37
9,123,2.830,29.825,670,23
9,124,2.939,26.923,524,37
9,125,2.737,23.338,530,36
9,126,2.658,28.799,674,35
9,127,2.676,30.811,628,33
9,128,2.210,23.620,520,37
9,129,3.110,24.245,507,35
9,130,14.617,32.054,661,28
9,131,11.116,29.766,732,32
9,132,9.724,34.372,624,31
9,133,7.634,36.907,485,38
9,134,8.173,38.515,482,31
9,135,7.317,46.148,457,39
9,136,6.345,46.019,526,34
9,137,4.915,47.997,581,34
9,138,4.190,44.674,488,38
9,139,3.846,46.525,561,36
9,140,2.882,41.967,525,42
9,141,2.928,47.774,502,32
9,142,2.481,39.303,539,36
9,143,2.191,44.451,516,34
9,144,2.174,31.593,545,27
9,145,2.155,34.030,551,35
9,146,2.472,30.287,591,37
9,147,2.420,27.419,676,36
9,148,2.394,27.925,440,29
9,149,2.285,26.590,546,36
9,150,2.310,34.205,528,32
9,151,2.335,27.732,583,32
9,152,2.387,26.651,539,35
9,153,2.304,27.215,703,45
9,154,2.814,26.390,708,38
9,155,2.437,19.795,557,37
9,156,2.457,21.864,537,40
9,157,2.402,17.067,565,41
9,158,2.887,23.363,574,31
9,159,3.079,15.392,820,29
9,160,2.719,21.085,553,41
9,161,2.912,20.818,580,40
9,162,2.722,18.637,538,40
9,163,2.901,22.331,645,43
9,164,3.150,19.681,551,30
9,165,2.631,19.547,804,34
9,166,2.869,17.439,597,37
9,167,2.851,22.825,587,37
9,168,2.841,17.273,548,36
9,169,2.805,19.909,721,38
9,170,3.015,23.785,671,41
9,171,2.796,21.465,575,31
9,172,3.007,21.770,665,35
9,173,3.287,19.940,498,40
9,174,2.613,20.117,558,28
9,175,3.032,19.678,603,32
9,176,2.975,24.428,616,35
9,177,2.451,20.829,584,50
9,178,2.655,26.823,581,29
9,179,2.499,26.038,426,33
9,180,2.252,25.607,504,49
9,181,2.005,23.646,642,41
9,182,2.446,22.203,451,37
9,183,2.274,22.089,495,28
9,184,2.341,21.799,490,44
9,185,2.528,26.116,494,36
9,186,2.471,20.369,575,44
9,187,2.394,21.035,476,46
9,188,2.418,20.836,470,35
9,189,2.450,20.123,585,29
9,190,2.131,23.658,522,46
9,191,2.204,22.010,524,40
9,192,2.558,23.738,548,53
9,193,2.230,18.531,565,47
9,194,2.070,28.023,447,28
9,195,1.964,28.436,554,40
9,196,2.122,27.879,471,42
9,197,1.801,25.832,557,41
9,198,2.181,22.578,477,44
9,199,1.854,26.632,558,44
9,200,2.042,21.220,585,35
9,201,1.861,21.271,402,48
9,202,1.996,23.389,463,41
9,203,1.861,26.951,514,36
9,204,1.548,22.785,446,45
9,205,1.632,27.374,424,41
9,206,1.722,25.976,444,37
9,207,1.483,27.841,460,18
9,208,1.571,24.081,463,38
9,209,5.201,25.787,407,39
9,210,4.251,24.779,423,41
9,211,4.024,29.447,451,32
9,212,3.274,33.053,395,44
9,213,2.132,38.201,368,34
9,214,2.010,40.732,387,43
9,215,1.966,31.153,431,38
9,216,1.526,40.188,465,35
9,217,1.375,45.799,400,39
9,218,1.274,31.772,524,37
9,219,1.110,26.713,561,47
9,220,1.283,20.289,434,29
9,221,1.503,22.199,462,41
9,222,1.496,21.998,393,36
9,223,1.364,23.823,463,41
9,224,1.339,18.816,531,51
9,225,1.296,25.347,470,35
9,226,1.448,20.750,520,45
9,227,1.615,21.632,490,34
9,228,1.434,16.742,470,39
9,229,1.673,20.473,467,34
9,230,1.526,20.383,514,38
9,231,1.571,19.527,477,28
9,232,1.674,21.108,434,32
9,233,1.780,19.881,473,39
9,234,1.603,20.066,506,38
9,235,1.430,16.903,464,29
9,236,4.725,26.614,485,44
9,237,3.754,24.380,520,25
9,238,3.516,29.409,403,35
9,239,8.114,32.951,479,42
9,240,6.853,36.583,537,37
9,241,6.284,40.495,507,29
9,242,4.073,52.566,433,40
9,243,3.194,47.349,393,36
9,244,2.569,47.395,460,35
9,245,1.952,44.070,478,35
9,246,1.602,59.778,467,43
9,247,1.185,59.963,452,40
9,248,0.986,39.912,523,40
9,249,0.905,31.119,356,41
9,250,0.852,29.295,382,40
9,251,0.936,23.566,504,34
9,252,0.740,27.337,426,36
9,253,1.044,23.359,411,38
9,254,1.067,21.821,428,34
9,255,1.050,16.994,480,40
9,256,1.159,15.618,517,41
9,257,1.164,20.446,522,29
9,258,1.570,12.788,474,39
9,259,1.460,17.529,556,36
9,260,1.349,12.827,428,39
9,261,1.529,13.566,377,36
9,262,1.700,10.517,562,36
9,263,1.702,12.087,494,36
9,264,1.769,10.459,506,38
9,265,1.942,9.859,535,44
9,266,1.729,11.158,548,26
9,267,1.843,12.359,559,35
9,268,1.785,13.445,471,43
9,269,1.934,12.852,450,28
9,270,1.961,15.403,417,24
9,271,1.367,12.377,418,42
9,272,1.667,13.408,463,34
9,273,1.810,12.809,526,43
9,274,1.614,13.224,408,38
9,275,1.750,12.642,423,35
9,276,1.635,12.959,426,27
9,277,1.886,13.050,413,37
9,278,1.594,13.722,427,40
9,279,1.297,13.370,361,47
9,280,1.312,17.951,348,40
9,281,1.223,17.787,438,43
9,282,1.352,16.955,426,38
9,283,1.467,17.386,445,32
9,284,1.247,17.001,341,49
9,285,1.263,15.900,393,33
9,286,1.196,18.147,352,31
9,287,1.078,16.552,319,40
9,288,1.130,16.761,397,42
9,289,1.291,17.392,373,39
9,290,1.100,15.092,451,40
9,291,1.266,17.430,352,37
9,292,7.929,24.973,304,37
9,293,6.802,33.358,339,40
9,294,5.411,37.509,339,43
9,295,4.592,51.806,298,41
9,296,3.003,56.689,381,34
9,297,2.495,42.811,340,33
9,298,1.611,55.936,372,46
9,299,1.299,51.045,295,41
9,300,0.767,42.523,340,41
9,301,0.759,41.532,322,37
9,302,0.713,30.273,370,43
9,303,0.722,31.431,254,35
9,304,0.731,31.718,261,48
9,305,0.642,22.258,322,29
9,306,0.661,24.941,293,39
9,307,0.833,23.941,300,32
9,308,0.773,19.447,317,52
9,309,1.034,17.611,260,43
9,310,0.946,17.374,308,31
9,311,0.985,18.587,325,34
9,312,1.081,16.303,425,33
9,313,1.061,18.899,413,28
9,314,1.026,17.018,414,28
9,315,1.033,14.538,394,30
9,316,1.196,15.448,358,34
9,317,1.216,14.435,313,36
9,318,0.999,15.374,404,42
9,319,1.125,14.785,386,42
9,320,1.259,16.511,383,33
9,321,1.420,15.545,321,36
9,322,1.202,17.391,381,39
9,323,1.184,15.846,450,48
9,324,1.472,13.040,322,48
9,325,1.284,13.801,446,30
9,326,1.598,11.669,348,33
9,327,1.339,12.032,359,31
9,328,1.447,14.819,292,30
9,329,1.368,12.982,369,43
9,330,1.544,15.415,396,38
9,331,1.642,14.167,341,32
9,332,1.555,14.740,315,41
9,333,1.474,15.865,273,43
9,334,1.518,22.295,337,33
9,335,1.646,20.414,349,38
9,336,1.584,15.329,444,46
9,337,1.561,18.900,334,28
9,338,1.344,18.458,345,38
9,339,1.203,20.705,298,29
9,340,1.345,21.736,272,48
9,341,1.273,19.992,238,42
9,342,1.441,23.329,305,34
9,343,1.123,15.716,354,34
9,344,1.015,25.496,272,37
9,345,1.158,21.983,243,40
9,346,1.288,21.579,308,33
9,347,1.107,22.698,313,31
9,348,1.117,21.962,295,39
9,349,1.160,19.175,357,24
9,350,1.026,20.535,288,39
9,351,1.301,21.070,284,38
9,352,1.332,20.219,277,44
9,353,1.245,18.973,319,43
9,354,1.384,19.052,323,35
9,355,1.137,25.299,358,40
9,356,1.203,19.602,303,35
9,357,1.097,26.931,297,30
9,358,1.108,25.940,279,32
9,359,0.975,23.768,294,28
9,360,1.324,23.480,431,33
9,361,1.262,19.927,310,24
9,362,1.481,23.325,294,25
9,363,1.357,21.624,187,33
9,364,1.616,19.038,295,32
9,365,1.498,20.055,349,36
9,366,1.187,24.063,299,31
9,367,1.349,23.428,330,36
9,368,1.246,21.827,290,29
9,369,1.279,28.301,260,36
9,370,1.335,25.690,326,44
9,371,1.259,26.031,293,37
9,372,1.204,29.921,319,30
9,373,1.420,20.345,310,27
9,374,1.451,25.247,383,35
9,375,1.216,26.893,246,46
9,376,1.069,34.030,380,36
9,377,1.217,24.670,326,43
9,378,1.203,25.676,312,30
9,379,1.198,25.200,314,28
9,380,1.151,28.368,330,47
9,381,1.272,25.052,351,27
9,382,1.391,24.844,304,42
9,383,1.294,23.739,309,37
9,384,1.267,30.034,305,35
9,385,1.183,24.570,307,26
9,386,1.119,28.377,341,26
9,387,1.314,32.725,283,29
9,388,1.021,26.882,326,29
9,389,1.456,29.425,271,36
9,390,1.254,26.335,301,42
9,391,1.576,22.377,300,28
9,392,1.364,24.880,341,38
9,393,1.422,28.080,372,28
9,394,1.631,26.143,319,28
9,395,1.503,25.570,318,37
9,396,1.508,28.556,364,29
9,397,1.369,26.326,340,41
9,398,1.452,34.238,321,31
9,399,1.351,27.290,270,26
10,0,1.236,25.170,319,33
10,1,1.322,28.521,281,25
10,2,1.385,23.431,406,27
10,3,1.541,21.043,345,27
10,4,1.406,17.438,329,28
10,5,1.656,29.512,425,23
10,6,1.296,24.299,380,30
10,7,1.376,22.713,325,31
10,8,1.119,21.655,377,25
10,9,1.097,23.259,374,19
10,10,1.138,24.592,301,32
10,11,1.150,24.477,354,32
10,12,1.249,25.308,382,27
10,13,1.415,24.087,322,37
10,14,1.255,26.086,387,30
10,15,1.415,23.685,400,28
10,16,1.663,25.356,430,27
10,17,1.455,21.874,426,21
10,18,1.350,24.931,429,19
10,19,1.630,23.223,385,26
10,20,1.626,22.657,355,25
10,21,1.717,25.074,395,26
10,22,1.779,22.585,399,32
10,23,1.846,22.723,403,20
10,24,1.673,28.619,326,27
10,25,1.803,24.335,424,24
10,26,1.921,23.680,311,30
10,27,1.607,24.204,427,34
10,28,1.860,22.704,387,36
10,29,1.436,26.736,349,28
10,30,1.710,24.108,373,28
10,31,1.872,22.788,304,25
10,32,1.683,27.064,419,30
10,33,1.642,27.914,328,26
10,34,1.659,27.698,350,23
10,35,1.720,31.349,392,41
10,36,1.573,29.529,395,30
10,37,1.712,25.277,415,26
10,38,1.816,29.162,425,35
10,39,1.603,25.360,393,28
10,40,1.629,29.622,373,26
10,41,1.658,26.300,313,26
10,42,1.589,28.685,391,22
10,43,1.438,34.156,429,30
10,44,1.613,28.510,452,33
10,45,1.594,29.436,370,29
10,46,1.608,30.341,461,29
10,47,1.604,35.094,424,30
10,48,1.673,24.187,397,29
10,49,1.752,24.425,352,23
10,50,1.559,29.701,350,23
10,51,1.584,23.883,497,31
10,52,1.738,25.326,531,21
10,53,1.836,29.585,481,27
10,54,1.911,24.084,438,38
10,55,2.118,27.120,347,26
10,56,1.925,28.012,359,26
10,57,1.530,32.179,371,28
10,58,1.913,35.227,376,34
10,59,2.063,29.757,456,31
10,60,1.854,26.888,424,34
10,61,2.148,28.256,558,33
10,62,1.721,29.593,446,31
10,63,2.161,27.904,460,22
10,64,1.983,24.431,536,22
10,65,2.171,22.584,379,40
10,66,2.234,32.310,451,37
10,67,1.917,32.031,506,23
10,68,2.168,26.480,455,18
10,69,1.799,29.157,409,24
10,70,1.988,30.793,375,33
10,71,1.852,31.941,437,23
10,72,1.583,31.680,478,30
10,73,2.015,28.113,450,29
10,74,2.148,34.567,536,25
10,75,2.014,28.672,445,29
10,76,1.648,26.322,538,28
10,77,1.986,32.223,510,31
10,78,2.096,27.096,489,40
10,79,2.330,29.229,626,37
10,80,2.359,20.144,401,32
10,81,2.431,20.799,546,31
10,82,2.430,22.508,442,24
10,83,2.165,24.904,521,41
10,84,2.557,23.720,601,26
10,85,2.652,30.804,461,29
10,86,2.154,24.968,464,30
10,87,2.652,27.855,485,33
10,88,2.622,27.686,540,26
10,89,2.714,27.137,506,20
10,90,2.694,37.181,459,25
10,91,2.543,26.566,514,21
10,92,2.183,25.026,629,33
10,93,2.517,28.460,477,32
10,94,2.358,26.549,675,28
10,95,2.434,28.509,423,31
10,96,2.571,25.880,470,20
10,97,2.777,30.417,499,37
10,98,2.685,26.042,543,29
10,99,2.648,32.889,522,30
10,100,2.602,31.366,519,23
10,101,2.216,31.005,478,24
10,102,2.105,35.078,435,25
10,103,2.142,36.498,641,40
10,104,2.413,29.640,514,38
10,105,2.240,26.730,556,23
10,106,2.332,27.894,519,32
10,107,2.521,27.646,557,26
10,108,2.541,22.890,607,29
10,109,2.764,25.345,683,25
10,110,2.519,21.822,597,30
10,111,2.538,27.696,474,24
10,112,2.756,28.672,424,35
10,113,2.895,24.963,593,42
10,114,2.614,25.558,543,27
10,115,2.599,21.259,522,24
10,116,2.406,25.064,577,40
10,117,2.987,26.147,505,28
10,118,2.774,28.781,529,30
10,119,2.482,28.482,572,32
10,120,2.587,32.416,522,29
10,121,2.379,29.714,626,31
10,122,2.321,25.446,525,29
10,123,2.310,26.424,551,38
10,124,2.458,31.078,535,36
10,125,2.553,29.142,489,29
10,126,1.961,25.804,477,24
10,127,2.794,24.654,581,31
10,128,2.549,25.642,471,33
10,129,2.704,26.780,510,34
10,130,2.514,21.919,592,26
10,131,2.900,26.587,689,18
10,132,2.263,29.227,569,21
10,133,2.635,29.735,573,33
10,134,2.414,24.487,621,30
10,135,2.531,27.223,547,31
10,136,2.603,25.291,577,35
10,137,2.497,27.597,621,31
10,138,2.471,32.485,613,27
10,139,2.150,30.253,603,16
10,140,2.196,27.976,467,43
10,141,2.488,24.390,666,34
10,142,2.275,26.533,470,31
10,143,2.096,26.009,589,32
10,144,2.705,19.682,516,26
10,145,2.394,22.755,477,21
10,146,2.402,28.525,531,29
10,147,2.369,26.860,551,27
10,148,2.276,27.857,654,21
10,149,2.199,27.667,508,28
10,150,2.301,26.966,540,27
10,151,2.267,29.265,462,29
10,152,2.490,22.391,716,31
10,153,2.530,22.919,605,36
10,154,2.409,25.827,580,33
10,155,2.493,21.597,513,28
10,156,3.275,23.413,476,38
10,157,2.547,26.356,468,28
10,158,2.778,21.021,679,44
10,159,2.748,20.139,626,25
10,160,2.530,33.899,662,27
10,161,2.557,24.179,571,27
10,162,2.668,24.847,559,29
10,163,2.414,21.990,580,34
10,164,2.599,28.050,540,33
10,165,2.663,23.071,598,32
10,166,2.272,27.326,538,43
10,167,2.583,30.196,653,33
10,168,2.454,29.450,633,40
10,169,2.332,25.176,542,35
10,170,2.397,28.300,588,42
10,171,2.438,21.077,614,40
10,172,2.442,24.921,482,44
10,173,2.439,25.357,586,27
10,174,2.189,25.298,433,23
10,175,2.079,28.516,653,41
10,176,2.545,24.319,540,30
10,177,2.190,25.750,599,31
10,178,2.256,27.235,598,33
10,179,1.977,23.346,548,30
10,180,2.192,24.410,471,35
10,181,16.749,26.796,495,28
10,182,15.013,32.830,660,35
10,183,12.202,37.808,551,30
10,184,9.138,35.286,510,39
10,185,9.616,42.950,436,32
10,186,7.683,46.926,504,35
10,187,5.714,46.687,453,42
10,188,5.115,41.923,566,39
10,189,4.325,51.421,451,32
10,190,4.995,54.874,546,33
10,191,3.841,62.683,617,30
10,192,2.781,44.546,542,43
10,193,2.365,42.225,766,35
10,194,2.123,37.931,579,33
10,195,1.934,42.127,579,34
10,196,1.775,33.762,475,27
10,197,1.852,30.264,476,33
10,198,1.578,26.716,613,31
10,199,1.788,26.957,554,38
10,200,1.700,21.403,617,33
10,201,1.696,23.217,518,33
10,202,1.592,22.266,598,27
10,203,2.032,19.063,679,28
10,204,2.168,20.590,561,29
10,205,2.056,19.793,620,40
10,206,2.100,19.137,600,29
10,207,2.017,15.204,778,33
10,208,1.981,14.201,528,41
10,209,2.453,14.007,620,35
10,210,2.393,12.045,548,43
10,211,2.606,15.028,589,31
10,212,2.263,12.807,759,23
10,213,2.533,12.934,609,36
10,214,2.864,12.732,643,23
10,215,2.706,11.590,564,33
10,216,2.481,12.563,809,34
10,217,2.817,14.627,662,38
10,218,2.788,14.311,705,31
10,219,2.655,20.790,707,39
10,220,2.517,16.550,407,40
10,221,2.103,12.868,546,29
10,222,2.193,18.629,458,40
10,223,2.100,17.015,669,24
10,224,5.156,21.549,536,33
10,225,4.766,23.811,600,42
10,226,3.478,30.396,528,27
10,227,2.756,37.591,623,34
10,228,3.111,29.955,577,37
10,229,2.193,29.456,580,31
10,230,1.988,30.060,457,32
10,231,1.879,29.061,626,27
10,232,1.950,26.392,431,33
10,233,1.576,22.742,407,34
10,234,1.366,22.761,446,34
10,235,1.436,19.277,377,42
10,236,1.636,18.060,451,37
10,237,1.577,20.778,430,35
10,238,1.388,24.903,473,40
10,239,1.247,22.068,415,42
10,240,1.342,19.968,375,30
10,241,1.874,17.672,502,28
10,242,1.463,21.642,362,37
10,243,1.396,17.227,417,35
10,244,1.476,19.197,452,30
10,245,1.496,20.558,519,39
10,246,1.476,15.957,550,40
10,247,1.250,15.914,527,33
10,248,1.608,14.966,421,33
10,249,1.480,14.163,386,44
10,250,1.458,14.166,459,36
10,251,1.800,15.604,384,36
10,252,1.782,14.058,568,37
10,253,1.501,14.992,410,39
10,254,1.786,16.339,406,40
10,255,1.508,13.566,380,36
10,256,1.563,11.718,491,37
10,257,1.763,15.872,399,28
10,258,1.556,18.908,457,39
10,259,1.494,18.741,395,33
10,260,1.502,17.270,439,30
10,261,1.703,14.081,413,23
10,262,1.571,15.199,344,28
10,263,1.743,13.778,473,41
10,264,1.800,14.088,464,37
10,265,1.588,15.225,413,24
10,266,1.601,15.058,488,32
10,267,1.649,16.360,449,30
10,268,1.473,16.944,431,38
10,269,1.470,14.138,370,29
10,270,1.451,14.840,292,31
10,271,1.565,18.752,474,35
10,272,1.429,17.081,368,38
10,273,1.356,20.492,375,37
10,274,1.424,17.586,378,30
10,275,1.375,18.024,400,44
10,276,1.576,14.403,434,37
10,277,1.474,16.715,317,26
10,278,1.125,15.438,358,23
10,279,1.350,16.098,419,36
10,280,1.506,16.200,367,34
10,281,1.365,19.635,355,30
10,282,1.578,17.760,310,31
10,283,1.576,16.552,295,38
10,284,1.329,18.234,379,29
10,285,1.309,19.357,310,31
10,286,1.186,19.224,352,30
10,287,1.123,17.091,292,25
10,288,0.907,21.319,380,31
10,289,1.135,17.807,322,28
10,290,0.897,19.297,276,31
10,291,0.988,17.029,299,32
10,292,1.014,19.131,359,27
10,293,0.984,18.052,363,37
10,294,1.064,19.124,232,32
10,295,0.963,23.367,246,33
10,296,0.949,14.941,317,35
10,297,1.213,17.168,285,41
10,298,1.142,17.967,316,36
10,299,1.150,16.505,309,26
10,300,1.179,17.331,323,31
10,301,1.226,17.779,344,17
10,302,1.052,15.320,365,37
10,303,0.931,20.611,303,35
10,304,0.942,17.246,385,32
10,305,0.929,18.590,373,41
10,306,1.082,18.205,317,35
10,307,1.010,15.998,306,39
10,308,0.954,18.544,347,35
10,309,0.952,17.215,308,32
10,310,1.067,19.877,342,34
10,311,1.369,17.864,264,38
10,312,1.131,15.769,350,29
10,313,1.012,18.778,256,32
10,314,1.116,15.991,294,27
10,315,1.354,17.294,288,28
10,316,1.093,17.780,266,25
10,317,1.156,22.441,329,29
10,318,5.980,22.915,316,32
10,319,5.157,28.195,274,36
10,320,4.489,27.066,274,52
10,321,2.775,35.392,301,40
10,322,3.168,41.209,343,40
10,323,2.110,43.593,271,37
10,324,1.558,39.741,332,25
10,325,1.375,39.129,295,36
10,326,1.192,38.661,290,36
10,327,0.965,39.109,397,32
10,328,0.792,32.061,297,27
10,329,0.752,30.366,240,36
10,330,0.910,30.810,355,36
10,331,0.738,28.520,289,24
10,332,0.635,20.802,391,37
10,333,0.909,25.243,320,33
10,334,1.022,20.908,321,43
10,335,0.967,19.459,275,37
10,336,0.960,17.873,321,40
10,337,1.043,19.538,326,46
10,338,1.108,20.007,290,30
10,339,1.261,18.855,379,35
10,340,1.288,20.449,375,32
10,341,1.354,15.664,295,42
10,342,1.311,14.189,337,30
10,343,1.259,13.844,435,36
10,344,1.376,16.461,359,43
10,345,1.258,17.579,353,32
10,346,1.539,17.033,378,23
10,347,1.365,23.060,421,30
10,348,1.397,16.822,319,34
10,349,1.450,17.510,429,31
10,350,1.467,14.478,352,29
10,351,1.372,17.580,424,27
10,352,1.380,16.510,273,29
10,353,1.524,24.693,394,27
10,354,1.436,17.928,413,29
10,355,1.529,20.668,355,37
10,356,1.516,20.562,427,29
10,357,1.228,18.024,325,36
10,358,1.331,24.174,348,33
10,359,1.211,24.645,381,30
10,360,1.294,21.224,286,33
10,361,1.351,22.785,336,27
10,362,1.042,20.381,337,38
10,363,1.114,22.234,325,38
10,364,1.255,21.760,327,38
10,365,1.434,19.259,342,31
10,366,1.158,22.118,321,29
10,367,1.330,21.989,283,29
10,368,1.288,23.106,327,27
10,369,1.047,22.057,364,25
10,370,1.356,20.753,306,35
10,371,1.274,21.519,286,26
10,372,1.216,20.479,315,31
10,373,11.432,29.270,343,36
10,374,10.627,38.858,300,43
10,375,9.264,50.055,369,29
10,376,7.838,56.550,419,25
10,377,5.947,53.371,327,27
10,378,5.822,65.370,413,32
10,379,4.282,58.027,303,28
10,380,3.572,64.935,232,26
10,381,2.657,60.982,357,37
10,382,2.259,57.563,326,29
10,383,1.611,50.425,372,34
10,384,1.525,46.431,297,36
10,385,1.124,45.364,374,31
10,386,1.005,41.512,310,35
10,387,1.060,43.917,347,40
10,388,0.953,41.446,406,31
10,389,0.916,37.853,393,36
10,390,1.013,28.936,426,42
10,391,0.937,28.140,434,32
10,392,1.157,31.710,353,31
10,393,1.214,25.525,334,30
10,394,1.085,27.796,404,30
10,395,1.127,23.676,476,26
10,396,1.254,25.467,339,40
10,397,1.725,26.316,398,31
10,398,1.777,21.028,525,38
10,399,1.752,24.031,533,39
11,0,1.103,22.730,256,27
11,1,1.139,28.219,356,32
11,2,1.322,24.356,357,28
11,3,1.364,18.808,311,27
11,4,1.150,20.079,326,28
11,5,1.405,23.361,313,25
11,6,1.184,22.223,278,29
11,7,1.427,24.952,324,29
11,8,1.291,21.697,393,29
11,9,1.310,21.087,272,21
11,10,1.519,27.159,318,18
11,11,1.584,26.026,303,32
11,12,1.258,29.752,314,29
11,13,1.122,23.061,339,30
11,14,1.206,23.857,314,30
11,15,1.137,20.362,318,27
11,16,1.242,27.289,296,27
11,17,1.181,27.549,310,35
11,18,1.203,24.301,316,39
11,19,1.425,22.409,443,35
11,20,1.366,24.879,363,28
11,21,1.108,26.011,305,25
11,22,1.220,24.541,334,37
11,23,1.135,33.038,403,19
11,24,1.342,26.985,346,28
11,25,1.311,24.804,398,38
11,26,1.330,24.841,305,24
11,27,1.155,29.190,335,31
11,28,1.293,30.409,369,34
11,29,1.294,26.569,323,34
11,30,1.384,25.601,399,34
11,31,1.477,20.007,372,31
11,32,1.560,36.003,395,26
11,33,1.538,25.318,281,35
11,34,1.635,24.493,326,25
11,35,1.353,26.954,436,29
11,36,1.640,26.850,346,30
11,37,1.698,22.935,410,30
11,38,1.667,25.040,359,26
11,39,1.577,25.546,358,29
11,40,1.830,25.293,418,32
11,41,1.243,30.907,395,28
11,42,1.421,30.678,408,21
11,43,1.408,29.123,355,41
11,44,1.388,32.238,322,35
11,45,1.793,27.499,323,32
11,46,1.453,31.470,425,41
11,47,1.747,32.068,504,36
11,48,1.647,35.218,352,31
11,49,1.560,26.860,411,32
11,50,1.556,28.196,380,31
11,51,1.504,23.182,336,29
11,52,1.581,32.085,384,33
11,53,1.748,28.683,455,34
11,54,1.842,26.832,424,35
11,55,1.718,29.549,388,28
11,56,1.840,33.976,369,40
11,57,1.696,27.473,452,30
11,58,1.953,32.403,358,24
11,59,1.619,27.618,434,28
11,60,2.004,27.752,457,25
11,61,1.704,30.870,533,32
11,62,1.871,29.166,465,31
11,63,1.780,27.698,466,32
11,64,1.594,28.987,372,31
11,65,1.902,30.624,516,24
11,66,1.717,31.013,553,32
11,67,1.685,26.538,405,31
11,68,2.268,23.048,418,31
11,69,2.085,24.366,515,20
11,70,1.976,28.032,404,28
11,71,2.000,25.368,635,34
11,72,2.161,26.001,414,36
11,73,2.536,27.657,485,37
11,74,2.014,30.438,535,26
11,75,2.114,26.621,491,25
11,76,2.066,28.646,445,27
11,77,1.939,29.560,388,34
11,78,1.622,31.225,535,35
11,79,1.832,31.059,457,27
11,80,1.607,38.398,436,30
11,81,1.849,36.421,437,25
11,82,1.926,30.192,565,30
11,83,1.884,28.731,519,31
11,84,1.978,26.775,434,22
11,85,2.580,30.238,546,36
11,86,2.260,24.264,418,34
11,87,1.884,24.488,504,28
11,88,2.253,24.640,475,33
11,89,2.122,25.014,543,18
11,90,2.083,30.683,498,32
11,91,2.435,31.521,518,28
11,92,2.184,32.167,516,26
11,93,1.923,28.565,481,25
11,94,2.841,32.402,510,33
11,95,2.633,27.929,528,26
11,96,2.021,25.026,433,35
11,97,2.254,23.358,512,28
11,98,2.444,28.975,568,28
11,99,2.379,25.016,561,48
11,100,3.080,25.326,562,20
11,101,25.607,34.112,612,28
11,102,24.553,32.991,569,32
11,103,23.063,43.071,549,31
11,104,19.662,54.241,581,37
11,105,16.646,52.451,577,32
11,106,11.196,62.826,514,31
11,107,12.302,59.401,355,28
11,108,10.221,66.506,332,18
11,109,8.576,76.598,223,28
11,110,8.406,78.098,165,13
11,111,6.919,73.788,136,17
11,112,6.211,80.438,101,22
11,113,6.113,83.060,72,10
11,114,5.481,91.284,55,20
11,115,4.550,87.457,35,25
11,116,4.611,89.638,32,4
11,117,3.783,91.531,20,21
11,118,3.543,90.103,15,9
11,119,4.352,84.911,13,10
11,120,3.546,86.356,10,10
11,121,3.778,76.202,9,10
11,122,3.811,78.121,7,15
11,123,2.752,66.446,5,16
11,124,3.288,92.905,5,8
11,125,3.134,79.707,5,11
11,126,2.998,85.839,3,2
11,127,2.898,84.354,4,9
11,128,3.074,80.511,3,5
11,129,3.095,101.234,3,5
11,130,2.939,76.025,2,6
11,131,3.633,81.234,1,5
11,132,2.955,93.503,2,7
11,133,3.044,84.673,2,4
11,134,2.885,94.978,2,2
11,135,2.778,77.430,2,4
11,136,2.904,95.124,1,6
11,137,2.666,96.332,2,1
11,138,3.143,72.225,1,3
11,139,2.990,83.059,2,1
11,140,2.559,96.683,2,3
11,141,2.710,72.783,2,1
11,142,2.454,69.993,1,3
11,143,2.958,84.749,1,0
11,144,2.489,85.933,1,3
11,145,2.126,71.572,1,2
11,146,2.349,81.587,1,2
11,147,2.650,71.982,1,1
11,148,2.379,73.570,1,1
11,149,2.854,84.536,1,3
11,150,2.501,82.396,1,2
11,151,2.494,87.382,1,3
11,152,2.626,92.925,1,2
11,153,2.507,84.655,1,0
11,154,2.479,90.093,1,2
11,155,2.226,87.731,1,2
11,156,2.154,77.938,1,0
11,157,2.732,85.806,1,1
11,158,2.368,85.145,1,2
11,159,2.262,80.186,1,1
11,160,2.385,85.032,1,0
11,161,2.361,97.142,2,0
11,162,2.454,93.914,1,1
11,163,2.181,88.616,2,1
11,164,2.221,76.486,1,0
11,165,2.370,84.733,2,2
11,166,2.289,83.215,1,1
11,167,2.145,79.817,1,1
11,168,2.168,89.599,1,0
11,169,2.395,94.236,1,0
11,170,2.412,80.440,1,1
11,171,1.997,87.428,1,0
11,172,2.099,79.940,1,1
11,173,2.451,98.558,1,0
11,174,2.456,85.958,2,1
11,175,2.359,70.414,1,2
11,176,1.889,80.795,1,0
11,177,5.762,77.798,1,1
11,178,4.833,87.530,1,1
11,179,4.499,102.514,1,0
11,180,3.955,92.655,1,0
11,181,4.001,88.038,1,0
11,182,3.423,81.865,1,0
11,183,3.721,102.837,1,0
11,184,3.253,90.036,1,2
11,185,3.232,93.808,1,0
11,186,2.767,85.450,2,1
11,187,2.466,91.178,1,1
11,188,2.572,92.425,1,0
11,189,2.609,87.916,1,0
11,190,2.113,75.361,1,0
11,191,2.746,73.024,1,0
11,192,2.596,81.625,1,0
11,193,1.988,96.511,1,1
11,194,1.731,81.641,1,0
11,195,1.951,86.468,1,0
11,196,1.750,78.777,1,0
11,197,1.696,78.994,1,0
11,198,1.478,85.525,1,0
11,199,1.708,81.810,2,0
11,200,1.404,77.452,1,0
11,201,1.669,74.151,1,1
11,202,1.604,66.966,1,0
11,203,1.354,63.957,1,0
11,204,1.600,77.313,1,0
11,205,1.634,72.216,1,0
11,206,1.503,78.575,2,0
11,207,1.558,67.669,1,0
11,208,1.546,67.519,1,1
11,209,4.315,84.819,1,1
11,210,4.168,76.840,1,0
11,211,3.829,84.274,1,0
11,212,3.202,98.444,1,0
11,213,2.572,81.583,1,0
11,214,2.431,88.144,1,0
11,215,2.488,83.133,1,2
11,216,1.959,75.874,1,1
11,217,1.773,100.056,1,0
11,218,1.647,79.771,1,0
11,219,1.850,75.045,1,0
11,220,1.765,96.712,1,2
11,221,1.580,80.837,1,0
11,222,1.374,78.886,1,0
11,223,1.458,81.920,1,1
11,224,1.232,81.787,1,0
11,225,1.186,63.442,1,0
11,226,1.190,79.797,1,0
11,227,0.911,70.065,1,3
11,228,1.082,59.058,2,0
11,229,1.201,77.159,2,0
11,230,1.164,65.623,1,0
11,231,1.077,70.201,1,1
11,232,0.914,79.855,1,1
11,233,0.787,74.555,1,0
11,234,0.891,75.727,1,0
11,235,1.072,71.569,1,0
11,236,0.797,64.871,1,1
11,237,0.906,69.834,1,0
11,238,0.881,69.529,1,0
11,239,0.870,61.479,2,0
11,240,0.772,76.257,1,0
11,241,0.728,60.920,1,0
11,242,0.808,58.992,1,1
11,243,0.828,70.884,1,0
11,244,0.714,59.056,2,0
11,245,0.841,52.458,2,0
11,246,0.747,72.357,2,1
11,247,0.701,59.609,4,0
11,248,0.763,46.918,4,2
11,249,0.842,64.676,5,0
11,250,0.822,61.645,5,1
11,251,0.593,60.373,5,2
11,252,0.664,62.482,6,1
11,253,0.616,62.189,6,0
11,254,0.668,70.380,6,1
11,255,0.597,64.536,7,1
11,256,0.741,55.202,7,0
11,257,0.662,57.304,7,0
11,258,0.647,61.069,7,1
11,259,0.598,63.871,9,0
11,260,0.573,53.283,10,0
11,261,0.599,67.543,9,1
11,262,0.595,55.330,9,1
11,263,0.716,50.757,8,2
11,264,0.607,56.463,11,1
11,265,0.594,54.485,14,2
11,266,0.612,50.604,16,1
11,267,0.470,50.025,14,0
11,268,0.554,46.048,17,1
11,269,0.472,49.413,16,1
11,270,0.445,46.184,16,1
11,271,0.611,46.631,17,0
11,272,0.619,52.160,20,1
11,273,0.713,54.480,17,0
11,274,0.638,47.995,21,2
11,275,0.539,54.223,19,1
11,276,0.516,45.404,22,1
11,277,0.584,49.092,26,0
11,278,0.568,56.464,24,0
11,279,0.592,47.331,29,1
11,280,0.562,44.402,25,0
11,281,9.002,59.969,35,1
11,282,7.207,61.995,32,2
11,283,6.410,72.168,25,2
11,284,4.104,89.380,34,0
11,285,3.285,86.202,34,0
11,286,2.820,82.894,19,2
11,287,2.401,84.286,14,1
11,288,1.990,100.136,12,0
11,289,1.586,82.629,10,1
11,290,1.302,76.954,7,0
11,291,1.265,80.974,6,0
11,292,1.004,69.454,5,2
11,293,0.784,75.291,4,1
11,294,0.632,69.084,3,0
11,295,0.670,60.589,3,0
11,296,0.708,69.629,3,0
11,297,0.593,58.368,4,0
11,298,0.565,63.347,5,0
11,299,0.522,56.496,5,4
11,300,0.628,66.806,6,2
11,301,0.591,54.747,5,0
11,302,0.609,54.095,7,2
11,303,0.493,55.405,7,1
11,304,0.498,56.203,7,2
11,305,0.471,44.634,8,1
11,306,0.561,49.088,11,1
11,307,0.455,48.229,11,0
11,308,0.626,50.665,12,2
11,309,0.570,45.027,9,0
11,310,0.548,48.768,14,3
11,311,0.491,51.966,15,0
11,312,0.585,48.838,12,0
11,313,0.568,53.900,14,0
11,314,0.597,45.761,13,2
11,315,0.556,56.872,16,1
11,316,0.470,48.785,16,1
11,317,0.582,50.825,16,2
11,318,0.585,46.378,17,2
11,319,0.591,40.736,20,1
11,320,0.531,39.500,18,1
11,321,0.595,54.849,21,2
11,322,0.504,43.976,18,1
11,323,0.581,51.809,30,2
11,324,0.535,52.311,26,0
11,325,0.646,39.112,29,1
11,326,0.602,46.849,21,0
11,327,0.615,43.409,28,1
11,328,0.567,45.652,27,2
11,329,0.722,45.496,30,1
11,330,0.630,56.149,28,1
11,331,0.596,50.909,37,2
11,332,0.497,41.250,36,0
11,333,0.498,49.369,37,0
11,334,0.633,42.979,31,3
11,335,0.620,51.454,41,2
11,336,0.684,38.251,37,1
11,337,0.582,39.166,48,0
11,338,0.652,45.700,44,3
11,339,0.678,45.748,41,1
11,340,0.571,48.908,60,0
11,341,0.599,43.376,59,4
11,342,0.714,46.408,61,1
11,343,0.675,41.946,60,0
11,344,0.590,45.869,55,3
11,345,0.632,42.617,54,0
11,346,0.541,44.760,60,2
11,347,0.629,42.747,70,3
11,348,0.688,49.574,65,3
11,349,0.752,45.629,76,0
11,350,0.936,44.075,75,2
11,351,0.767,39.884,90,3
11,352,0.729,43.343,79,0
11,353,0.800,36.149,84,1
11,354,0.688,46.798,88,3
11,355,0.686,60.844,89,1
11,356,0.691,37.358,107,0
11,357,0.691,41.781,117,3
11,358,0.726,40.208,132,3
11,359,0.640,38.703,96,2
11,360,0.812,39.790,124,4
11,361,0.897,43.481,134,3
11,362,0.778,38.559,110,2
11,363,0.776,45.025,98,2
11,364,0.906,34.097,142,4
11,365,0.869,37.059,159,1
11,366,0.826,39.815,153,3
11,367,0.937,43.372,141,4
11,368,0.711,46.962,152,1
11,369,0.892,48.646,169,3
11,370,0.842,44.747,163,1
11,371,0.725,34.723,151,4
11,372,0.861,33.282,181,3
11,373,0.845,41.481,203,3
11,374,0.788,34.888,191,5
11,375,0.846,39.203,218,3
11,376,0.813,35.245,196,2
11,377,0.934,32.638,177,3
11,378,0.912,31.723,234,4
11,379,1.009,30.035,226,7
11,380,1.007,35.524,194,2
11,381,1.220,41.478,272,3
11,382,1.178,34.757,241,2
11,383,1.025,33.988,341,1
11,384,1.061,37.707,349,1
11,385,1.258,33.602,345,1
11,386,1.050,33.488,331,1
11,387,1.239,28.854,269,0
11,388,1.495,33.513,299,0
11,389,1.003,26.585,295,3
11,390,1.047,32.641,326,3
11,391,1.119,24.569,330,1
11,392,1.268,27.853,391,1
11,393,1.250,30.944,325,3
11,394,1.228,23.444,380,1
11,395,1.449,24.592,331,2
11,396,1.567,26.642,397,4
11,397,1.385,23.542,492,4
11,398,1.593,25.343,357,3
11,399,1.676,22.879,385,6
12,0,0.983,36.802,325,30
12,1,0.926,26.818,302,26
12,2,0.897,33.014,378,36
12,3,1.094,27.751,337,30
12,4,1.011,29.188,330,23
12,5,0.994,28.046,310,26
12,6,1.161,25.104,411,37
12,7,1.035,25.786,361,30
12,8,1.167,24.241,361,36
12,9,1.136,19.595,507,34
12,10,1.234,17.629,459,33
12,11,1.414,21.062,439,34
12,12,1.583,16.641,526,33
12,13,1.646,18.922,499,32
12,14,1.673,18.573,453,35
12,15,1.901,18.330,502,38
12,16,1.398,20.555,504,35
12,17,1.568,19.747,394,38
12,18,1.615,20.578,477,26
12,19,1.993,14.869,506,31
12,20,1.855,17.752,395,28
12,21,1.844,18.777,561,38
12,22,1.681,20.876,470,27
12,23,1.937,17.554,473,36
12,24,1.845,18.096,567,37
12,25,1.762,18.626,510,39
12,26,2.029,17.749,495,24
12,27,1.983,20.278,449,31
12,28,1.920,20.633,396,29
12,29,1.790,18.581,443,33
12,30,1.906,22.386,431,23
12,31,2.053,25.028,491,30
12,32,2.177,24.724,489,19
12,33,1.702,21.307,436,31
12,34,1.709,22.727,442,31
12,35,1.590,19.993,478,31
12,36,1.878,23.424,360,29
12,37,2.051,26.509,480,27
12,38,2.240,19.500,468,32
12,39,1.717,19.547,362,32
12,40,1.800,23.946,407,30
12,41,1.932,22.318,530,22
12,42,1.844,23.845,337,37
12,43,1.701,29.998,421,29
12,44,1.963,29.226,453,31
12,45,1.826,26.536,430,29
12,46,1.867,26.165,428,37
12,47,1.682,26.473,448,26
12,48,1.735,32.090,489,39
12,49,2.055,32.593,418,32
12,50,1.750,21.132,390,27
12,51,1.882,26.707,417,24
12,52,2.202,28.038,480,34
12,53,1.856,24.886,425,22
12,54,1.944,24.770,483,34
12,55,2.017,23.527,459,35
12,56,2.358,26.844,393,35
12,57,2.136,21.567,481,43
12,58,2.076,28.502,411,32
12,59,1.718,27.090,407,37
12,60,2.129,34.172,408,31
12,61,2.055,25.583,444,28
12,62,1.665,30.408,412,32
12,63,2.171,24.689,402,32
12,64,1.959,26.555,487,32
12,65,2.207,28.225,426,33
12,66,1.915,33.236,421,39
12,67,1.907,29.752,486,27
12,68,1.579,30.661,496,33
12,69,2.144,28.391,482,32
12,70,2.037,28.491,504,36
12,71,2.159,31.145,440,30
12,72,2.066,26.291,507,26
12,73,2.108,24.679,531,25
12,74,2.136,27.280,398,36
12,75,1.827,30.406,504,24
12,76,2.042,28.674,482,33
12,77,1.700,29.257,477,27
12,78,2.300,24.094,553,32
12,79,2.272,35.693,467,29
12,80,2.185,25.080,513,31
12,81,2.013,29.883,465,29
12,82,2.198,33.880,578,44
12,83,2.201,29.331,561,28
12,84,1.943,30.370,561,43
12,85,2.454,30.068,468,37
12,86,2.072,27.132,512,40
12,87,1.820,28.970,499,38
12,88,2.250,29.208,480,31
12,89,2.270,32.554,578,42
12,90,2.277,26.141,445,27
12,91,2.362,21.960,514,43
12,92,2.527,23.671,440,39
12,93,2.851,26.993,534,35
12,94,2.236,28.112,461,38
12,95,2.727,21.227,532,20
12,96,2.666,26.736,435,31
12,97,2.553,24.526,588,30
12,98,2.671,24.711,456,39
12,99,2.306,28.671,484,29
12,100,2.624,28.557,461,28
12,101,2.639,25.037,560,34
12,102,2.702,26.250,482,37
12,103,2.871,32.747,473,24
12,104,2.356,31.328,566,37
12,105,2.700,34.671,553,31
12,106,2.127,29.249,447,38
12,107,2.360,26.148,574,49
12,108,2.192,31.458,529,28
12,109,2.789,24.034,466,34
12,110,2.645,31.411,394,36
12,111,2.511,30.827,496,34
12,112,2.454,25.301,514,29
12,113,2.642,26.300,479,32
12,114,2.450,30.418,511,35
12,115,2.088,25.551,476,37
12,116,2.580,26.236,485,23
12,117,2.545,31.407,377,34
12,118,2.591,32.593,524,26
12,119,2.763,27.100,558,36
12,120,2.251,27.668,516,28
12,121,2.344,25.808,541,41
12,122,2.529,26.367,535,27
12,123,2.806,27.455,652,21
12,124,2.598,25.273,506,33
12,125,2.361,27.273,453,43
12,126,2.910,28.619,588,30
12,127,2.868,23.942,483,25
12,128,2.492,28.891,503,27
12,129,2.905,25.962,474,34
12,130,2.344,32.383,586,34
12,131,2.919,24.384,570,30
12,132,2.637,25.657,473,28
12,133,2.981,24.965,539,27
12,134,2.479,38.431,541,30
12,135,2.809,23.910,491,29
12,136,2.612,26.515,578,37
12,137,2.194,32.649,682,25
12,138,2.836,27.719,398,33
12,139,2.022,29.142,479,24
12,140,2.376,23.406,509,29
12,141,2.366,31.565,514,31
12,142,2.399,26.966,472,31
12,143,2.658,26.684,579,33
12,144,2.233,28.568,531,26
12,145,2.466,25.883,508,38
12,146,2.177,23.877,530,32
12,147,2.087,26.152,607,36
12,148,2.347,28.543,534,25
12,149,2.426,27.493,494,33
12,150,2.368,25.674,506,27
12,151,2.317,24.910,451,27
12,152,2.283,27.709,560,35
12,153,2.452,26.109,535,33
12,154,2.178,25.500,583,36
12,155,2.390,30.009,547,38
12,156,2.213,26.360,599,30
12,157,2.051,27.772,650,34
12,158,2.251,22.825,639,39
12,159,2.576,24.600,484,44
12,160,2.306,25.779,520,35
12,161,2.163,24.183,509,41
12,162,2.044,28.607,522,35
12,163,2.461,25.360,464,37
12,164,2.497,26.392,520,29
12,165,2.233,20.815,584,36
12,166,2.530,21.000,445,30
12,167,2.814,21.628,519,32
12,168,2.780,22.014,664,22
12,169,2.963,18.655,624,45
12,170,2.832,24.781,420,43
12,171,2.935,23.992,439,44
12,172,2.643,26.611,556,41
12,173,2.035,26.017,706,37
12,174,2.609,26.782,573,26
12,175,2.630,21.726,561,28
12,176,2.743,23.160,567,39
12,177,2.516,29.227,491,36
12,178,2.511,19.051,531,32
12,179,2.329,22.581,486,38
12,180,2.204,23.888,491,38
12,181,2.069,26.902,403,34
12,182,2.272,22.837,494,34
12,183,2.440,26.397,509,25
12,184,1.832,25.747,496,36
12,185,2.144,23.291,589,25
12,186,2.123,21.172,509,46
12,187,2.064,19.812,451,27
12,188,4.523,29.892,561,28
12,189,3.785,33.394,526,31
12,190,3.324,35.652,479,30
12,191,2.718,40.648,464,37
12,192,2.675,33.228,507,41
12,193,2.297,32.965,470,26
12,194,2.138,41.698,451,46
12,195,1.873,31.454,396,34
12,196,2.092,29.108,422,35
12,197,1.638,26.511,465,26
12,198,1.630,26.736,509,27
12,199,1.669,25.178,428,36
12,200,1.577,27.280,464,34
12,201,1.545,21.612,509,26
12,202,1.687,24.713,462,38
12,203,2.024,21.845,494,38
12,204,2.004,22.560,545,31
12,205,2.415,17.799,578,36
12,206,1.958,18.315,461,34
12,207,1.946,21.320,578,39
12,208,1.958,21.658,508,44
12,209,1.886,22.429,464,50
12,210,1.745,28.131,506,31
12,211,4.018,28.469,456,39
12,212,4.539,27.295,539,39
12,213,2.211,35.789,458,30
12,214,2.026,43.126,555,36
12,215,2.126,32.475,613,41
12,216,1.299,33.305,618,36
12,217,1.480,30.106,525,39
12,218,1.502,30.995,474,43
12,219,1.160,26.810,527,34
12,220,1.413,24.562,414,35
12,221,1.627,28.217,560,39
12,222,1.501,20.745,551,28
12,223,1.725,20.990,547,41
12,224,1.777,17.689,411,34
12,225,1.537,14.081,466,46
12,226,1.687,18.561,368,35
12,227,1.610,16.317,458,28
12,228,1.724,18.157,497,37
12,229,1.760,14.489,618,38
12,230,1.868,14.534,513,35
12,231,2.174,16.748,547,25
12,232,1.801,18.641,512,33
12,233,1.542,21.610,535,22
12,234,1.656,17.902,419,38
12,235,1.709,16.397,498,33
12,236,1.822,19.522,470,41
12,237,1.650,17.048,630,40
12,238,1.776,19.041,481,33
12,239,1.826,16.630,566,24
12,240,1.803,16.243,460,42
12,241,1.622,20.045,518,36
12,242,1.861,16.166,517,41
12,243,1.606,18.239,487,45
12,244,1.556,15.609,382,43
12,245,1.525,18.520,488,39
12,246,1.797,17.921,501,36
12,247,1.669,16.472,450,31
12,248,1.592,16.700,372,41
12,249,1.494,17.926,324,39
12,250,1.560,15.884,473,44
12,251,1.694,16.160,497,40
12,252,1.428,15.225,364,42
12,253,1.662,16.043,530,48
12,254,1.518,14.772,369,45
12,255,1.535,14.808,484,38
12,256,1.706,18.050,459,44
12,257,1.697,21.522,478,39
12,258,1.393,13.502,307,26
12,259,1.621,16.282,320,48
12,260,1.769,17.326,446,28
12,261,1.611,21.358,384,36
12,262,1.386,17.501,446,38
12,263,1.447,17.507,367,42
12,264,1.209,17.535,433,36
12,265,1.211,20.114,407,33
12,266,1.098,17.887,407,42
12,267,1.537,17.990,418,43
12,268,1.382,18.845,316,32
12,269,1.183,16.977,442,40
12,270,1.359,19.124,323,33
12,271,1.226,21.123,415,35
12,272,1.407,18.312,379,29
12,273,1.167,16.801,336,27
12,274,1.275,17.943,382,46
12,275,1.283,16.139,378,39
12,276,1.255,21.163,376,26
12,277,1.156,18.240,381,35
12,278,1.124,19.323,391,37
12,279,1.248,20.396,306,34
12,280,1.226,19.964,346,28
12,281,1.146,18.249,320,39
12,282,1.274,12.809,378,26
12,283,1.196,16.332,320,38
12,284,1.196,15.032,349,42
12,285,1.336,16.979,372,34
12,286,1.096,15.571,337,42
12,287,1.229,14.372,283,31
12,288,1.171,17.939,369,29
12,289,1.093,14.458,319,33
12,290,1.164,17.072,337,33
12,291,1.129,20.225,428,44
12,292,1.279,16.467,317,33
12,293,1.278,17.435,290,28
12,294,1.263,16.958,405,41
12,295,1.223,20.289,436,36
12,296,1.282,15.506,294,32
12,297,1.200,13.366,341,38
12,298,1.262,17.895,313,34
12,299,1.292,18.825,344,34
12,300,1.020,17.779,341,52
12,301,0.953,16.804,310,38
12,302,0.864,19.882,374,39
12,303,1.220,19.958,284,34
12,304,1.044,15.687,299,36
12,305,0.998,18.106,264,26
12,306,1.018,19.052,304,42
12,307,1.055,16.641,291,35
12,308,0.914,18.437,268,40
12,309,1.026,16.724,304,40
12,310,1.091,18.394,272,29
12,311,1.113,16.557,373,34
12,312,6.380,25.789,332,41
12,313,5.547,25.384,230,31
12,314,4.578,41.941,327,36
12,315,3.090,40.539,254,38
12,316,2.422,45.121,345,43
12,317,1.674,42.272,327,35
12,318,1.355,45.876,289,34
12,319,0.838,45.417,284,31
12,320,0.746,43.644,336,29
12,321,0.735,33.358,288,37
12,322,0.731,34.131,246,32
12,323,0.660,30.616,222,34
12,324,0.667,30.475,269,39
12,325,0.719,24.235,276,26
12,326,0.803,22.098,282,41
12,327,0.733,24.382,262,41
12,328,0.995,19.564,327,37
12,329,0.907,19.564,303,30
12,330,1.047,16.535,342,29
12,331,1.137,17.954,329,40
12,332,0.983,18.346,316,35
12,333,1.202,18.241,302,35
12,334,1.232,17.865,365,28
12,335,1.281,17.805,250,45
12,336,1.222,18.536,376,40
12,337,1.057,15.658,426,33
12,338,1.290,17.753,360,37
12,339,1.343,17.161,371,43
12,340,1.274,13.725,421,30
12,341,1.391,20.471,377,42
12,342,1.168,19.381,359,27
12,343,1.076,16.461,337,32
12,344,1.394,16.598,386,35
12,345,1.368,20.521,371,31
12,346,1.335,14.051,416,33
12,347,1.265,16.173,376,25
12,348,1.460,17.376,355,43
12,349,1.247,19.793,443,33
12,350,1.416,18.907,401,17
12,351,1.388,17.912,344,38
12,352,1.349,20.379,374,35
12,353,1.589,17.627,370,41
12,354,1.477,19.744,431,31
12,355,1.063,18.997,349,34
12,356,1.170,20.597,295,44
12,357,1.528,16.748,317,35
12,358,1.373,17.675,380,30
12,359,1.587,19.094,341,37
12,360,1.200,24.498,325,34
12,361,1.184,23.411,331,38
12,362,1.146,24.602,372,34
12,363,1.330,19.193,300,31
12,364,1.462,24.313,354,41
12,365,1.338,22.053,274,36
12,366,1.559,23.103,429,28
12,367,1.220,22.061,386,31
12,368,1.400,24.884,294,38
12,369,1.156,28.010,344,38
12,370,1.220,27.066,329,25
12,371,1.225,23.581,357,26
12,372,1.341,21.045,320,26
12,373,1.335,23.039,316,42
12,374,1.481,24.214,293,30
12,375,1.524,25.260,286,36
12,376,1.432,21.423,316,21
12,377,1.562,31.501,317,27
12,378,1.422,20.130,354,36
12,379,1.424,28.428,310,29
12,380,1.553,29.498,280,35
12,381,1.298,23.216,346,37
12,382,1.341,23.146,361,30
12,383,1.382,26.058,457,33
12,384,1.550,22.612,354,37
12,385,1.513,23.754,303,26
12,386,1.313,24.303,298,29
12,387,1.303,32.835,343,26
12,388,1.547,27.441,313,24
12,389,1.411,30.753,349,31
12,390,1.334,30.041,367,31
12,391,1.264,26.953,313,31
12,392,1.552,29.197,346,31
12,393,1.303,26.261,453,21
12,394,1.604,23.057,397,33
12,395,1.713,26.208,372,33
12,396,1.574,27.360,414,32
12,397,1.502,21.571,314,44
12,398,1.623,24.162,392,30
12,399,1.708,30.866,345,27
13,0,1.217,15.858,401,26
13,1,1.604,16.372,392,33
13,2,1.413,17.329,403,25
13,3,1.585,17.300,394,23
13,4,1.555,18.260,456,33
13,5,1.858,16.894,435,24
13,6,1.824,16.009,441,24
13,7,1.755,18.723,438,36
13,8,1.894,16.421,400,33
13,9,1.902,17.363,429,31
13,10,1.802,16.790,574,23
13,11,2.100,14.421,400,26
13,12,2.042,19.070,425,28
13,13,1.956,17.019,441,22
13,14,1.878,20.834,446,17
13,15,1.736,16.330,455,29
13,16,2.163,21.819,419,31
13,17,1.608,20.714,393,27
13,18,1.767,22.658,479,14
13,19,1.720,23.205,463,29
13,20,1.525,20.162,422,29
13,21,1.943,23.831,427,28
13,22,1.582,20.725,372,28
13,23,1.748,23.294,440,32
13,24,1.443,22.537,435,35
13,25,1.979,19.556,365,23
13,26,1.875,20.417,499,23
13,27,1.680,27.750,356,28
13,28,1.842,19.886,341,38
13,29,1.474,27.754,445,23
13,30,1.892,21.816,359,31
13,31,1.783,27.827,433,21
13,32,1.659,23.923,488,24
13,33,1.628,26.862,371,32
13,34,1.537,25.269,357,25
13,35,1.394,26.934,449,27
13,36,1.491,26.551,482,33
13,37,1.513,27.528,412,32
13,38,1.744,23.551,522,28
13,39,1.616,25.646,391,22
13,40,1.705,21.707,481,27
13,41,1.511,24.851,370,27
13,42,1.573,23.871,364,24
13,43,1.864,29.818,442,22
13,44,2.054,22.813,484,38
13,45,1.638,27.430,461,33
13,46,1.868,24.210,483,32
13,47,1.670,30.452,443,31
13,48,1.683,27.297,472,32
13,49,1.995,20.421,389,26
13,50,1.933,22.442,434,26
13,51,1.702,29.299,462,17
13,52,1.373,28.132,460,26
13,53,1.701,34.315,429,42
13,54,1.667,30.674,403,30
13,55,1.720,29.377,394,37
13,56,1.785,25.084,376,23
13,57,1.766,32.918,396,41
13,58,1.593,22.390,451,32
13,59,1.780,27.292,431,28
13,60,1.716,27.564,375,23
13,61,2.006,29.308,483,27
13,62,1.760,21.250,471,38
13,63,1.978,26.829,474,26
13,64,1.796,30.689,480,29
13,65,1.910,29.756,502,27
13,66,1.942,27.877,582,21
13,67,2.073,29.510,537,34
13,68,2.127,25.924,436,27
13,69,2.103,26.539,575,31
13,70,2.391,24.360,697,42
13,71,2.052,24.648,428,28
13,72,2.257,25.496,413,27
13,73,2.333,24.879,493,31
13,74,2.531,23.218,483,28
13,75,2.618,32.758,389,23
13,76,2.449,27.800,505,29
13,77,2.346,28.818,515,33
13,78,1.985,32.067,499,43
13,79,2.067,30.295,491,33
13,80,2.195,28.702,480,18
13,81,1.932,33.018,440,36
13,82,2.356,30.659,522,29
13,83,2.525,32.031,508,27
13,84,2.230,27.302,505,30
13,85,2.531,26.320,418,29
13,86,2.228,23.758,505,36
13,87,2.290,25.214,490,28
13,88,2.429,25.765,568,30
13,89,2.154,22.861,574,34
13,90,2.452,32.273,535,26
13,91,2.583,34.077,419,29
13,92,2.340,26.660,542,25
13,93,2.240,28.043,495,38
13,94,2.083,31.507,505,32
13,95,2.279,36.340,408,33
13,96,1.856,24.054,532,32
13,97,2.007,34.837,559,27
13,98,2.174,33.798,556,21
13,99,1.907,30.260,489,35
13,100,2.130,30.363,546,23
13,101,2.392,27.205,566,32
13,102,2.495,26.348,456,25
13,103,2.333,25.236,521,27
13,104,2.388,28.404,504,30
13,105,2.188,26.881,507,27
13,106,2.786,22.765,413,25
13,107,2.348,24.901,624,29
13,108,2.755,23.084,493,31
13,109,2.730,25.110,517,35
13,110,2.951,21.872,517,29
13,111,3.134,26.231,524,34
13,112,3.063,26.405,589,36
13,113,2.543,25.816,595,33
13,114,2.591,23.347,494,23
13,115,2.569,25.181,648,23
13,116,2.622,24.751,518,33
13,117,2.917,27.433,464,39
13,118,2.495,28.795,574,28
13,119,2.813,29.399,442,40
13,120,2.562,26.741,503,34
13,121,2.033,30.802,713,25
13,122,2.050,29.395,465,25
13,123,2.337,26.723,525,30
13,124,2.300,25.086,452,37
13,125,1.798,29.344,665,28
13,126,2.163,25.460,566,45
13,127,2.281,36.865,546,30
13,128,2.309,25.355,514,25
13,129,2.779,29.012,546,35
13,130,2.396,25.928,531,23
13,131,2.208,22.222,603,35
13,132,2.333,23.708,720,34
13,133,2.702,22.544,604,23
13,134,2.821,27.949,594,30
13,135,2.871,22.967,552,43
13,136,2.949,25.747,568,30
13,137,2.531,26.167,545,39
13,138,2.797,24.490,701,36
13,139,2.846,24.492,439,30
13,140,2.812,26.451,426,34
13,141,2.789,26.563,506,31
13,142,3.087,21.305,609,33
13,143,2.837,26.801,599,37
13,144,2.566,22.227,774,33
13,145,2.651,23.444,685,28
13,146,2.617,28.536,504,26
13,147,2.544,28.156,696,31
13,148,2.483,26.389,521,25
13,149,2.634,27.757,531,35
13,150,2.114,22.358,612,26
13,151,2.618,25.934,562,29
13,152,2.219,27.447,641,26
13,153,2.612,21.159,594,37
13,154,2.797,25.265,510,33
13,155,2.351,28.138,557,38
13,156,2.053,25.787,615,25
13,157,2.194,30.897,646,28
13,158,1.843,32.685,530,39
13,159,1.883,28.662,579,46
13,160,9.849,29.355,553,34
13,161,8.421,38.441,547,39
13,162,8.451,40.351,507,32
13,163,5.880,49.137,600,39
13,164,6.668,51.932,521,41
13,165,4.287,50.197,560,25
13,166,9.478,51.933,513,36
13,167,8.822,60.233,568,25
13,168,7.657,57.361,519,32
13,169,5.898,45.840,581,37
13,170,5.251,48.082,609,23
13,171,4.962,45.542,481,24
13,172,4.276,41.696,461,30
13,173,3.280,45.741,600,33
13,174,2.929,43.589,631,22
13,175,2.655,48.638,648,28
13,176,2.042,37.690,475,34
13,177,1.986,36.362,628,39
13,178,1.668,37.797,620,40
13,179,1.478,40.894,566,41
13,180,1.894,25.977,798,29
13,181,1.695,29.302,562,29
13,182,1.769,22.513,519,40
13,183,1.916,31.091,701,39
13,184,1.999,21.359,680,37
13,185,1.994,24.648,690,39
13,186,1.754,18.057,585,36
13,187,2.371,18.377,710,36
13,188,2.819,12.431,588,36
13,189,2.643,13.174,724,43
13,190,3.294,14.410,826,33
13,191,3.061,11.546,735,34
13,192,3.347,12.455,671,40
13,193,3.560,12.059,693,33
13,194,3.020,11.300,758,33
13,195,3.261,11.725,823,28
13,196,3.860,13.337,763,29
13,197,3.427,16.085,693,42
13,198,3.584,14.359,676,38
13,199,3.037,14.256,755,31
13,200,3.360,12.311,780,21
13,201,3.665,11.275,701,40
13,202,2.767,14.562,587,24
13,203,3.476,17.049,584,33
13,204,2.814,20.114,570,34
13,205,2.499,20.653,583,29
13,206,2.351,19.863,427,30
13,207,2.852,23.321,703,36
13,208,2.489,22.600,673,34
13,209,2.217,18.582,536,44
13,210,2.204,18.035,614,33
13,211,2.186,18.128,514,39
13,212,2.168,21.284,552,44
13,213,2.467,19.546,580,35
13,214,2.228,17.125,519,32
13,215,2.234,19.699,586,35
13,216,2.464,20.333,501,36
13,217,2.632,16.736,583,42
13,218,2.414,14.366,483,33
13,219,2.592,17.336,476,40
13,220,2.557,16.549,457,52
13,221,2.185,20.004,495,37
13,222,2.141,21.528,538,35
13,223,2.149,20.698,445,32
13,224,2.060,22.950,492,38
13,225,1.837,19.635,387,41
13,226,1.992,20.955,415,37
13,227,1.753,22.064,432,37
13,228,1.450,21.648,462,27
13,229,1.543,22.224,521,40
13,230,1.400,22.241,443,34
13,231,1.672,25.320,439,19
13,232,1.593,22.731,574,35
13,233,1.612,20.051,411,33
13,234,1.455,20.443,579,43
13,235,1.366,20.553,441,39
13,236,1.384,20.684,393,43
13,237,1.396,24.277,552,34
13,238,1.299,21.437,396,41
13,239,1.504,18.419,563,46
13,240,1.536,16.364,499,40
13,241,1.337,18.648,391,28
13,242,1.831,16.013,465,32
13,243,1.563,15.961,491,32
13,244,1.734,19.549,354,36
13,245,1.571,17.624,375,47
13,246,1.684,17.281,413,39
13,247,1.554,14.657,404,52
13,248,1.535,20.848,460,34
13,249,1.421,21.131,489,37
13,250,1.390,20.056,396,53
13,251,1.466,16.725,396,35
13,252,1.585,16.992,440,43
13,253,1.492,21.536,387,38
13,254,1.275,19.042,416,33
13,255,1.293,16.299,470,21
13,256,1.578,18.349,430,27
13,257,1.526,16.837,384,42
13,258,1.613,17.172,330,25
13,259,1.536,19.877,405,38
13,260,1.230,22.235,324,30
13,261,1.359,21.511,465,39
13,262,1.405,17.362,419,33
13,263,1.112,19.628,405,35
13,264,1.236,19.968,340,40
13,265,1.261,17.111,458,30
13,266,1.231,16.951,430,39
13,267,1.439,19.637,361,40
13,268,1.209,17.130,431,28
13,269,1.483,14.610,438,30
13,270,1.496,14.921,392,29
13,271,1.534,14.539,306,42
13,272,1.517,14.970,375,20
13,273,1.671,13.617,428,29
13,274,1.668,17.829,357,25
13,275,1.570,14.377,408,24
13,276,1.415,19.151,324,34
13,277,1.463,16.557,322,24
13,278,1.574,14.332,375,34
13,279,1.566,14.285,349,32
13,280,1.481,16.966,325,36
13,281,1.451,18.019,311,46
13,282,1.396,16.678,461,39
13,283,1.472,22.881,361,27
13,284,1.275,16.308,394,30
13,285,1.236,17.047,297,43
13,286,1.249,17.176,406,39
13,287,1.134,17.708,391,41
13,288,1.181,16.154,309,40
13,289,1.287,15.681,314,29
13,290,1.186,18.948,312,30
13,291,1.200,16.012,250,41
13,292,1.148,20.854,279,31
13,293,0.989,18.051,344,29
13,294,1.166,16.032,276,33
13,295,1.061,20.014,281,42
13,296,1.122,20.279,278,42
13,297,1.090,20.677,365,42
13,298,0.976,20.367,305,32
13,299,0.952,18.011,408,37
13,300,0.934,19.661,419,35
13,301,1.076,19.318,303,29
13,302,0.979,19.686,319,41
13,303,1.124,17.796,340,36
13,304,1.080,15.556,304,47
13,305,1.219,22.669,332,32
13,306,3.889,19.960,267,24
13,307,3.187,35.136,353,29
13,308,2.224,26.408,325,35
13,309,1.992,35.245,328,22
13,310,1.557,32.380,393,39
13,311,1.186,41.212,309,24
13,312,0.989,33.325,330,21
13,313,0.931,30.666,324,38
13,314,0.909,24.238,277,33
13,315,0.955,30.023,346,37
13,316,0.867,21.842,287,35
13,317,0.866,23.231,260,29
13,318,0.880,20.730,259,45
13,319,0.774,23.016,288,37
13,320,0.894,16.640,288,37
13,321,0.821,16.677,252,39
13,322,1.039,18.232,287,20
13,323,0.935,20.039,334,34
13,324,0.938,19.867,346,45
13,325,1.124,16.977,328,33
13,326,1.082,14.834,381,24
13,327,1.278,15.134,371,39
13,328,1.447,17.066,265,35
13,329,1.224,17.416,278,33
13,330,1.413,17.599,394,35
13,331,1.245,17.244,317,21
13,332,1.188,16.898,297,38
13,333,1.298,19.062,353,39
13,334,1.056,17.769,401,31
13,335,1.173,17.303,366,39
13,336,0.978,21.990,381,33
13,337,1.179,19.799,285,28
13,338,1.113,20.607,337,47
13,339,1.247,19.720,386,28
13,340,1.359,20.043,345,34
13,341,1.243,15.675,325,43
13,342,1.469,16.229,328,31
13,343,1.232,16.531,335,38
13,344,1.328,19.726,386,27
13,345,1.463,16.308,309,47
13,346,1.397,17.312,352,30
13,347,1.318,19.148,334,31
13,348,1.069,21.917,312,39
13,349,1.194,22.127,310,36
13,350,1.252,20.188,324,32
13,351,1.186,24.753,335,25
13,352,1.190,24.351,320,39
13,353,1.114,22.897,267,36
13,354,1.168,19.670,330,33
13,355,1.213,21.606,335,37
13,356,1.225,19.643,289,31
13,357,1.326,20.769,317,26
13,358,1.130,24.798,285,30
13,359,0.943,21.936,274,32
13,360,1.164,20.187,361,38
13,361,1.179,24.399,267,24
13,362,4.426,27.649,292,44
13,363,3.433,31.110,328,19
13,364,3.002,40.314,299,27
13,365,1.746,50.683,303,27
13,366,1.413,53.524,413,41
13,367,1.390,46.087,336,25
13,368,1.251,46.575,330,42
13,369,0.905,30.088,337,42
13,370,0.865,37.852,360,38
13,371,1.074,32.598,331,31
13,372,0.911,29.281,303,42
13,373,0.949,36.538,357,37
13,374,0.951,35.116,353,20
13,375,1.022,26.254,317,28
13,376,1.088,24.736,302,32
13,377,1.225,21.989,346,32
13,378,1.509,22.382,315,31
13,379,1.189,23.412,353,43
13,380,1.293,24.869,299,34
13,381,1.384,30.894,362,33
13,382,1.514,25.004,435,34
13,383,1.233,22.525,417,27
13,384,1.506,23.505,351,27
13,385,1.473,20.222,384,30
13,386,1.421,24.069,330,34
13,387,1.326,25.922,387,34
13,388,1.799,22.470,454,37
13,389,1.561,21.670,381,38
13,390,1.657,25.007,331,29
13,391,1.715,21.271,413,37
13,392,1.707,20.726,383,26
13,393,1.890,21.830,370,37
13,394,1.672,22.569,412,30
13,395,1.798,25.490,413,35
13,396,1.987,20.740,359,33
13,397,1.460,26.248,376,37
13,398,1.808,24.449,422,31
13,399,1.717,26.179,331,29
14,0,1.407,17.302,304,23
14,1,1.300,24.253,348,25
14,2,1.224,19.501,302,35
14,3,1.219,23.802,385,28
14,4,1.475,19.311,371,35
14,5,1.340,22.464,446,26
14,6,1.102,27.221,354,23
14,7,1.159,25.201,300,30
14,8,1.116,26.399,312,37
14,9,1.336,22.615,402,40
14,10,1.264,23.793,341,24
14,11,1.313,26.281,351,30
14,12,1.267,30.031,311,21
14,13,1.112,27.102,394,25
14,14,1.193,24.761,407,30
14,15,1.274,23.602,338,19
14,16,1.344,24.321,417,33
14,17,1.258,22.747,311,32
14,18,1.334,25.863,419,24
14,19,1.361,28.695,394,26
14,20,1.566,22.012,322,21
14,21,1.295,22.807,370,35
14,22,1.323,27.082,335,33
14,23,1.422,26.523,303,29
14,24,1.292,21.880,334,27
14,25,1.469,24.390,392,24
14,26,1.539,23.447,456,28
14,27,1.347,29.105,319,32
14,28,1.797,20.078,413,27
14,29,1.505,24.250,319,34
14,30,1.549,25.906,357,26
14,31,1.589,26.397,428,19
14,32,1.594,30.076,379,21
14,33,1.750,26.407,374,26
14,34,1.428,25.839,395,26
14,35,1.374,25.974,372,27
14,36,1.566,29.730,425,32
14,37,1.358,25.493,381,39
14,38,1.490,28.894,402,35
14,39,1.474,30.126,374,30
14,40,1.344,32.274,378,29
14,41,1.382,24.919,408,31
14,42,1.249,33.810,365,21
14,43,1.513,30.341,422,25
14,44,1.632,23.966,391,23
14,45,1.663,30.512,456,31
14,46,1.797,28.915,502,26
14,47,1.790,25.003,508,34
14,48,1.787,23.557,458,31
14,49,1.384,27.162,467,31
14,50,1.606,26.050,379,19
14,51,1.821,29.768,349,28
14,52,1.718,29.187,439,26
14,53,1.600,28.472,465,29
14,54,1.850,23.703,439,22
14,55,1.626,30.321,467,25
14,56,1.687,31.112,535,24
14,57,1.691,28.752,497,25
14,58,1.615,28.253,434,15
14,59,2.046,31.011,525,17
14,60,1.712,23.296,346,36
14,61,1.801,26.494,539,31
14,62,1.546,29.891,505,27
14,63,1.696,27.446,599,30
14,64,1.834,23.642,413,22
14,65,1.774,24.942,523,28
14,66,2.275,23.400,555,30
14,67,2.160,21.631,564,28
14,68,2.485,16.551,430,28
14,69,2.475,22.336,498,27
14,70,2.610,24.216,464,24
14,71,3.028,20.022,436,29
14,72,2.673,24.459,565,22
14,73,2.574,28.786,450,39
14,74,2.612,24.417,468,32
14,75,2.476,26.035,534,29
14,76,2.176,27.345,475,22
14,77,2.234,28.148,570,26
14,78,2.240,28.006,471,25
14,79,2.332,30.907,548,27
14,80,2.336,28.852,510,30
14,81,2.165,32.675,502,23
14,82,2.228,28.267,489,19
14,83,2.237,32.546,516,18
14,84,2.568,25.427,517,36
14,85,2.178,25.744,534,22
14,86,2.189,30.990,600,32
14,87,2.034,31.254,537,25
14,88,2.365,31.762,575,19
14,89,2.479,27.777,373,30
14,90,2.487,29.237,514,29
14,91,2.175,25.473,505,26
14,92,2.617,23.634,457,20
14,93,2.423,27.425,427,30
14,94,2.758,28.638,535,20
14,95,2.779,22.137,533,26
14,96,2.514,27.341,565,28
14,97,2.309,25.943,543,36
14,98,2.554,29.593,511,24
14,99,2.394,27.622,437,21
14,100,2.057,28.184,568,34
14,101,2.302,28.490,602,23
14,102,2.356,25.431,559,29
14,103,2.658,27.023,660,31
14,104,2.317,25.828,641,25
14,105,2.250,28.601,601,28
14,106,2.316,25.156,593,26
14,107,2.629,27.272,483,27
14,108,2.827,27.955,603,23
14,109,2.717,25.005,593,30
14,110,2.716,28.839,614,29
14,111,2.181,28.386,597,28
14,112,2.147,26.710,596,31
14,113,1.878,23.934,554,36
14,114,2.535,29.850,497,30
14,115,2.455,32.033,571,24
14,116,2.621,32.420,538,24
14,117,2.562,28.238,411,33
14,118,2.334,28.647,568,36
14,119,2.404,20.962,445,27
14,120,2.298,29.412,569,25
14,121,2.487,24.643,477,39
14,122,3.339,23.670,505,26
14,123,2.628,25.224,512,22
14,124,2.674,27.314,479,40
14,125,2.220,34.444,518,22
14,126,2.872,28.119,601,33
14,127,2.196,25.585,612,27
14,128,2.544,23.337,542,31
14,129,2.658,25.344,653,32
14,130,2.565,21.842,620,30
14,131,2.899,23.326,459,27
14,132,2.636,20.619,423,35
14,133,3.079,19.981,513,35
14,134,3.455,20.822,619,21
14,135,2.664,21.444,558,30
14,136,3.299,25.363,586,26
14,137,2.888,27.287,596,32
14,138,2.880,26.558,684,33
14,139,3.272,26.743,498,28
14,140,2.900,23.688,653,32
14,141,3.068,24.910,605,24
14,142,3.041,27.645,540,29
14,143,2.875,22.660,658,37
14,144,2.977,24.308,560,34
14,145,2.643,25.782,489,33
14,146,2.868,23.240,596,32
14,147,3.320,20.575,602,34
14,148,2.749,22.858,510,26
14,149,2.905,26.366,581,31
14,150,2.951,22.798,492,26
14,151,2.552,24.766,604,30
14,152,2.750,25.319,532,29
14,153,2.029,28.090,593,30
14,154,2.343,24.621,471,31
14,155,2.455,26.986,637,32
14,156,2.465,32.850,445,29
14,157,2.090,29.717,496,32
14,158,2.049,26.042,499,32
14,159,2.377,23.462,438,29
14,160,2.374,24.294,512,28
14,161,2.573,25.753,527,27
14,162,2.680,19.916,531,50
14,163,2.848,25.207,547,29
14,164,2.519,28.544,561,38
14,165,2.424,23.158,536,36
14,166,2.322,22.882,653,29
14,167,2.247,33.191,633,35
14,168,1.990,29.546,535,23
14,169,2.585,23.655,553,28
14,170,2.482,25.874,555,28
14,171,2.414,23.871,779,27
14,172,2.212,25.358,515,30
14,173,2.217,21.931,567,35
14,174,2.350,25.329,549,34
14,175,2.542,24.459,601,33
14,176,2.329,23.333,684,35
14,177,2.606,19.348,637,43
14,178,2.377,22.705,644,26
14,179,2.360,19.722,630,33
14,180,3.029,22.226,568,26
14,181,2.630,18.718,612,31
14,182,2.685,21.639,517,19
14,183,2.750,20.375,614,28
14,184,2.843,19.012,598,35
14,185,3.012,21.090,416,28
14,186,3.043,20.669,512,35
14,187,3.011,22.121,496,36
14,188,2.554,22.172,645,34
14,189,2.432,23.104,537,40
14,190,2.396,24.414,585,35
14,191,2.084,20.530,416,28
14,192,2.171,19.637,482,29
14,193,2.440,24.094,606,35
14,194,2.224,21.982,580,35
14,195,2.051,23.681,606,33
14,196,2.283,23.249,433,29
14,197,2.363,21.270,585,39
14,198,1.895,24.143,608,25
14,199,2.152,24.882,463,38
14,200,1.884,28.138,539,29
14,201,2.053,24.073,555,27
14,202,2.049,26.974,513,32
14,203,1.721,22.226,527,38
14,204,2.052,25.422,425,41
14,205,1.604,29.147,621,33
14,206,1.929,22.205,600,29
14,207,1.998,20.205,576,29
14,208,2.128,19.490,470,41
14,209,2.291,18.713,472,42
14,210,2.555,17.707,542,35
14,211,2.010,15.939,512,47
14,212,2.278,19.880,512,27
14,213,2.645,17.611,483,27
14,214,2.409,16.585,428,36
14,215,2.264,21.981,695,39
14,216,2.498,19.598,451,33
14,217,1.912,21.390,462,27
14,218,2.224,16.842,433,29
14,219,2.062,20.496,462,29
14,220,1.994,22.801,446,30
14,221,1.998,22.343,478,33
14,222,2.187,20.119,499,36
14,223,2.047,20.017,479,23
14,224,2.003,20.106,591,37
14,225,2.049,16.307,434,35
14,226,2.011,19.364,458,37
14,227,1.987,18.495,471,48
14,228,1.961,17.078,386,27
14,229,1.875,20.869,556,31
14,230,1.530,18.053,588,32
14,231,1.663,26.407,511,28
14,232,1.512,23.115,452,37
14,233,1.489,18.654,492,26
14,234,1.357,16.565,529,26
14,235,1.450,17.310,403,42
14,236,1.490,17.889,385,36
14,237,1.647,16.887,444,41
14,238,1.528,18.718,464,28
14,239,1.514,17.907,514,38
14,240,1.664,23.337,382,27
14,241,1.492,17.139,499,40
14,242,1.730,17.959,477,30
14,243,1.557,17.230,364,23
14,244,1.486,17.207,393,42
14,245,1.411,19.410,455,37
14,246,1.285,15.791,425,34
14,247,1.669,19.862,404,29
14,248,1.893,16.370,449,24
14,249,1.531,17.013,454,31
14,250,1.681,18.263,377,34
14,251,1.763,17.490,454,26
14,252,1.506,17.506,467,42
14,253,1.622,15.596,363,35
14,254,1.861,15.233,448,32
14,255,1.849,12.059,436,40
14,256,1.708,14.898,416,38
14,257,1.713,16.030,534,33
14,258,1.638,20.191,511,38
14,259,1.215,18.632,298,31
14,260,1.534,16.245,416,28
14,261,1.765,16.632,421,33
14,262,1.533,16.612,335,36
14,263,1.412,17.570,432,28
14,264,1.421,19.199,308,38
14,265,1.106,20.117,370,41
14,266,1.407,20.096,382,37
14,267,1.206,18.324,420,27
14,268,1.229,15.086,427,31
14,269,1.360,16.581,350,37
14,270,1.206,17.591,370,40
14,271,1.582,16.984,418,34
14,272,1.488,13.249,447,34
14,273,1.334,16.951,364,33
14,274,1.456,14.880,378,37
14,275,1.244,17.354,375,24
14,276,1.532,14.656,301,28
14,277,1.511,13.475,316,42
14,278,1.567,14.746,310,38
14,279,1.607,13.138,372,35
14,280,1.330,16.273,328,38
14,281,1.263,18.795,432,33
14,282,1.118,18.881,292,39
14,283,1.139,16.894,313,36
14,284,1.314,18.074,433,38
14,285,1.186,18.169,361,36
14,286,1.241,15.755,342,30
14,287,1.095,18.164,346,29
14,288,1.183,20.263,274,27
14,289,1.223,15.019,409,33
14,290,1.131,19.671,355,38
14,291,1.279,18.006,357,36
14,292,1.184,18.263,324,38
14,293,1.233,19.557,282,37
14,294,1.057,16.312,305,23
14,295,1.068,17.997,310,34
14,296,1.131,18.006,306,34
14,297,1.149,19.140,316,39
14,298,1.230,16.550,414,34
14,299,1.141,17.266,343,41
14,300,1.170,16.107,363,34
14,301,1.185,17.306,294,26
14,302,1.177,16.731,328,37
14,303,1.181,17.025,326,27
14,304,1.056,15.144,315,22
14,305,1.088,21.990,343,28
14,306,1.004,16.736,378,30
14,307,1.059,18.464,341,32
14,308,0.948,17.266,331,35
14,309,1.138,20.477,352,36
14,310,0.972,18.813,318,29
14,311,1.025,15.104,308,35
14,312,1.144,17.587,258,39
14,313,1.150,16.953,305,39
14,314,1.109,18.932,450,22
14,315,1.235,17.648,347,26
14,316,0.985,18.805,314,39
14,317,1.061,17.448,327,28
14,318,0.890,20.267,420,31
14,319,0.865,23.302,341,22
14,320,1.128,17.923,316,31
14,321,1.115,15.077,376,36
14,322,1.018,18.562,318,31
14,323,1.269,19.245,255,33
14,324,1.017,19.149,324,35
14,325,1.045,20.518,330,30
14,326,1.103,17.488,326,29
14,327,1.000,19.636,281,42
14,328,1.296,18.661,317,33
14,329,0.982,17.026,319,31
14,330,1.033,16.640,315,28
14,331,0.949,19.403,356,25
14,332,1.044,19.298,292,35
14,333,0.978,17.802,267,26
14,334,1.143,19.608,385,22
14,335,1.043,20.385,266,38
14,336,1.064,20.548,280,37
14,337,1.206,20.541,253,30
14,338,1.222,22.456,299,29
14,339,1.167,21.625,302,43
14,340,1.091,19.331,260,33
14,341,1.216,19.840,285,28
14,342,1.010,18.869,283,26
14,343,1.059,20.723,268,36
14,344,1.001,19.341,305,46
14,345,1.188,18.274,306,29
14,346,1.055,25.357,262,27
14,347,1.102,18.935,373,31
14,348,1.024,21.373,228,34
14,349,0.990,23.057,336,33
14,350,0.878,21.515,302,27
14,351,1.253,22.032,293,33
14,352,1.298,24.617,320,28
14,353,1.251,22.201,277,30
14,354,1.213,22.075,331,35
14,355,1.354,20.629,415,42
14,356,1.614,23.525,323,35
14,357,1.378,20.954,293,23
14,358,1.382,15.684,250,25
14,359,1.332,21.253,340,32
14,360,1.302,23.915,323,29
14,361,1.313,20.269,280,39
14,362,1.263,20.255,295,35
14,363,1.227,21.441,293,37
14,364,1.285,22.292,287,30
14,365,1.422,20.423,296,41
14,366,1.715,21.240,337,33
14,367,1.553,19.374,276,32
14,368,1.595,17.264,276,25
14,369,1.681,23.258,315,33
14,370,1.251,20.486,314,29
14,371,1.273,22.497,314,29
14,372,1.176,30.803,338,40
14,373,1.446,20.974,380,30
14,374,1.116,24.483,313,18
14,375,1.112,29.910,304,29
14,376,1.298,27.375,274,34
14,377,1.212,31.356,369,33
14,378,1.151,25.058,370,35
14,379,1.435,24.705,375,25
14,380,1.523,22.711,355,34
14,381,1.464,23.033,310,22
14,382,1.797,20.914,383,33
14,383,1.609,21.901,352,28
14,384,1.526,23.631,368,31
14,385,1.489,22.087,329,21
14,386,1.414,25.961,352,36
14,387,1.559,23.912,337,23
14,388,1.291,27.296,382,33
14,389,1.337,25.365,381,30
14,390,1.555,25.842,438,29
14,391,8.226,37.604,363,27
14,392,6.688,43.879,362,19
14,393,6.340,50.463,307,28
14,394,4.663,63.474,387,30
14,395,4.282,66.197,320,17
14,396,2.705,64.143,300,31
14,397,2.252,63.546,380,24
14,398,1.961,56.464,356,29
14,399,1.745,61.007,345,22
15,0,1.310,22.763,276,36
15,1,1.257,21.249,309,28
15,2,1.129,22.628,241,29
15,3,1.345,29.185,321,28
15,4,1.294,21.589,327,36
15,5,1.672,21.859,376,22
15,6,1.365,19.089,350,22
15,7,1.453,27.090,328,29
15,8,1.294,25.819,264,28
15,9,1.264,26.389,358,38
15,10,1.295,31.314,372,32
15,11,1.078,27.273,313,28
15,12,1.183,21.738,310,26
15,13,1.306,24.961,404,31
15,14,1.316,25.245,320,22
15,15,1.227,22.154,316,31
15,16,1.320,26.114,322,25
15,17,1.407,23.758,323,26
15,18,1.281,26.557,262,34
15,19,1.309,29.363,372,35
15,20,1.492,22.385,304,38
15,21,1.242,27.077,285,33
15,22,1.366,28.219,332,30
15,23,1.488,30.066,368,25
15,24,1.347,23.767,381,29
15,25,1.252,25.565,319,38
15,26,1.199,27.717,418,26
15,27,3.923,33.443,360,27
15,28,3.724,34.178,445,39
15,29,2.868,36.763,375,24
15,30,2.242,43.111,344,34
15,31,2.124,39.164,441,33
15,32,1.719,39.098,372,23
15,33,1.399,33.853,312,29
15,34,1.467,33.851,376,30
15,35,1.467,36.706,381,24
15,36,1.380,35.552,311,29
15,37,1.485,38.956,410,35
15,38,1.226,32.133,479,41
15,39,1.352,34.287,421,39
15,40,1.355,32.218,344,26
15,41,1.199,31.258,420,25
15,42,1.203,37.271,380,33
15,43,1.226,34.998,446,32
15,44,1.323,23.524,360,34
15,45,1.523,25.887,404,23
15,46,1.508,26.633,529,26
15,47,1.429,25.373,486,35
15,48,1.471,21.911,433,35
15,49,1.739,26.612,416,38
15,50,2.130,23.370,370,30
15,51,1.853,24.266,471,26
15,52,2.074,22.882,492,35
15,53,2.234,25.590,522,28
15,54,2.153,23.430,405,30
15,55,2.276,21.616,425,28
15,56,2.256,18.257,440,24
15,57,35.831,27.912,463,28
15,58,31.233,39.751,409,24
15,59,32.606,49.809,494,30
15,60,25.906,58.546,581,28
15,61,25.887,50.047,466,35
15,62,17.569,53.481,478,23
15,63,18.440,46.511,580,26
15,64,15.056,63.671,474,44
15,65,15.179,64.093,470,29
15,66,11.753,58.256,316,23
15,67,11.717,61.010,290,21
15,68,9.799,80.904,173,22
15,69,7.404,87.700,114,14
15,70,7.014,73.885,101,17
15,71,5.662,77.129,80,22
15,72,5.170,86.457,51,18
15,73,4.553,75.065,44,18
15,74,4.530,91.269,35,13
15,75,4.182,85.063,21,8
15,76,4.053,84.904,16,8
15,77,3.187,85.468,15,15
15,78,3.315,94.715,11,15
15,79,3.461,104.067,8,15
15,80,3.098,92.050,6,12
15,81,3.073,72.193,7,10
15,82,2.863,92.878,5,8
15,83,2.775,89.735,4,10
15,84,2.861,81.727,4,7
15,85,2.444,88.135,3,4
15,86,2.577,84.551,3,6
15,87,2.788,87.356,2,9
15,88,2.494,99.878,2,2
15,89,2.804,72.529,1,7
15,90,2.328,88.801,1,4
15,91,2.556,78.165,2,5
15,92,2.492,77.017,1,4
15,93,2.373,87.269,1,3
15,94,2.635,100.369,1,2
15,95,1.964,107.748,1,5
15,96,2.136,82.980,2,6
15,97,2.704,76.485,1,3
15,98,2.615,73.587,1,6
15,99,2.520,91.218,2,4
15,100,2.759,80.290,1,1
15,101,2.581,69.117,1,1
15,102,2.288,92.003,1,3
15,103,2.641,74.962,2,4
15,104,2.701,100.998,1,3
15,105,2.611,80.437,1,1
15,106,2.545,83.228,1,2
15,107,2.449,95.570,1,3
15,108,2.659,86.407,1,2
15,109,2.458,79.788,1,0
15,110,2.362,68.894,1,2
15,111,2.681,86.089,1,1
15,112,2.408,80.044,1,2
15,113,2.491,91.633,1,1
15,114,2.581,105.700,1,0
15,115,2.745,84.611,1,0
15,116,2.459,85.948,1,1
15,117,2.554,82.591,1,1
15,118,2.333,82.953,2,0
15,119,3.129,99.556,1,0
15,120,2.712,94.032,1,1
15,121,2.823,91.635,1,1
15,122,2.591,82.594,1,1
15,123,2.558,81.323,1,4
15,124,2.452,80.778,1,0
15,125,2.712,94.693,1,0
15,126,2.850,93.010,1,1
15,127,2.685,82.029,1,0
15,128,2.940,76.335,1,1
15,129,2.790,87.060,1,0
15,130,2.556,86.408,1,1
15,131,2.132,105.503,1,0
15,132,3.205,89.254,1,2
15,133,2.828,71.353,1,0
15,134,2.537,83.893,1,0
15,135,2.589,96.361,1,1
15,136,2.546,71.904,1,0
15,137,2.518,97.057,1,1
15,138,2.672,92.878,1,0
15,139,2.546,94.761,2,1
15,140,2.793,77.487,1,0
15,141,2.293,80.629,2,0
15,142,2.953,78.726,1,1
15,143,2.328,103.017,1,0
15,144,2.375,78.334,2,0
15,145,2.583,68.413,1,1
15,146,2.901,77.658,1,1
15,147,1.976,82.769,1,0
15,148,2.501,73.173,1,0
15,149,2.777,88.527,1,0
15,150,2.223,92.260,1,1
15,151,2.418,82.363,1,1
15,152,2.214,73.099,1,1
15,153,2.240,90.519,1,1
15,154,2.563,84.021,1,0
15,155,2.442,80.143,2,0
15,156,2.249,77.713,1,1
15,157,2.311,86.660,1,0
15,158,2.317,88.532,1,2
15,159,2.337,95.186,1,0
15,160,2.201,91.178,1,0
15,161,2.187,89.527,1,0
15,162,2.004,82.716,1,0
15,163,1.754,68.686,1,0
15,164,2.245,88.546,1,1
15,165,2.172,88.680,1,0
15,166,2.146,75.466,1,0
15,167,1.968,81.067,1,0
15,168,2.363,92.136,1,0
15,169,2.159,76.663,1,0
15,170,2.451,67.933,1,0
15,171,2.447,80.412,1,0
15,172,2.090,85.658,1,0
15,173,1.893,78.479,1,0
15,174,1.933,94.004,1,0
15,175,1.965,80.581,1,1
15,176,1.992,88.562,1,0
15,177,1.892,71.928,1,0
15,178,2.045,91.108,1,0
15,179,2.422,87.491,1,0
15,180,1.754,89.050,1,0
15,181,1.945,83.689,1,0
15,182,1.719,73.644,1,0
15,183,1.860,98.068,1,0
15,184,2.054,89.246,1,3
15,185,1.857,87.105,1,0
15,186,1.723,79.706,1,0
15,187,1.542,90.271,1,0
15,188,1.706,91.396,1,2
15,189,1.775,88.684,2,1
15,190,1.548,81.610,1,0
15,191,1.497,81.202,2,0
15,192,1.622,71.419,1,0
15,193,1.877,83.469,1,0
15,194,1.487,73.818,2,0
15,195,1.931,63.834,1,0
15,196,6.304,77.432,2,0
15,197,5.754,86.276,1,0
15,198,4.875,92.323,1,0
15,199,5.221,101.712,1,1
15,200,4.419,73.058,1,1
15,201,4.082,96.893,1,0
15,202,3.549,89.044,1,0
15,203,3.188,81.415,1,1
15,204,3.334,108.276,1,1
15,205,2.661,80.925,1,0
15,206,2.230,96.736,1,0
15,207,2.085,78.628,1,0
15,208,2.391,89.839,1,0
15,209,2.241,102.379,1,0
15,210,1.796,96.016,1,0
15,211,1.882,79.885,1,0
15,212,1.648,67.036,2,1
15,213,1.636,84.947,1,0
15,214,1.439,68.064,1,0
15,215,1.881,60.534,1,0
15,216,1.441,80.778,1,0
15,217,1.136,73.562,1,0
15,218,1.513,75.753,1,0
15,219,1.279,67.659,1,0
15,220,1.092,73.486,1,0
15,221,1.136,88.879,1,0
15,222,1.288,76.822,1,1
15,223,1.168,73.778,1,0
15,224,0.941,74.895,1,0
15,225,0.863,74.641,1,1
15,226,1.096,81.036,1,1
15,227,1.085,75.449,1,0
15,228,1.048,65.886,2,0
15,229,1.043,71.046,1,1
15,230,1.056,65.426,1,1
15,231,0.757,65.718,1,0
15,232,0.829,68.314,1,0
15,233,0.852,73.352,1,0
15,234,0.953,64.498,1,0
15,235,0.809,73.985,1,0
15,236,0.604,64.891,1,0
15,237,0.943,63.651,1,2
15,238,0.812,59.849,1,0
15,239,0.912,65.909,1,0
15,240,0.903,61.396,1,0
15,241,0.701,75.002,2,0
15,242,0.824,68.414,2,0
15,243,0.702,55.528,3,0
15,244,0.756,70.524,2,1
15,245,0.625,69.683,3,0
15,246,0.725,60.197,4,0
15,247,0.692,65.514,4,0
15,248,0.758,58.253,4,0
15,249,0.746,71.035,5,0
15,250,0.696,53.455,5,0
15,251,0.638,51.350,7,0
15,252,0.603,62.700,6,0
15,253,12.322,72.738,6,0
15,254,14.106,86.935,8,1
15,255,10.048,75.829,6,0
15,256,9.142,77.641,6,1
15,257,9.623,78.583,3,1
15,258,7.866,84.384,3,2
15,259,6.375,82.983,3,0
15,260,6.445,99.744,3,0
15,261,5.108,115.434,2,0
15,262,4.579,110.036,2,0
15,263,3.799,86.244,2,1
15,264,3.146,95.126,1,1
15,265,3.051,81.074,1,0
15,266,2.539,71.407,2,0
15,267,6.710,92.689,1,1
15,268,5.668,82.605,1,1
15,269,4.971,82.464,2,0
15,270,4.548,88.151,2,0
15,271,6.730,95.915,2,0
15,272,5.938,76.930,1,0
15,273,5.059,74.293,2,0
15,274,4.254,102.192,1,0
15,275,3.671,90.235,1,0
15,276,3.393,87.114,1,0
15,277,2.368,95.547,1,0
15,278,1.894,90.810,1,1
15,279,1.587,92.310,1,0
15,280,1.847,75.203,2,1
15,281,1.371,69.773,1,0
15,282,1.081,83.125,1,0
15,283,1.053,69.235,2,2
15,284,0.887,80.258,1,0
15,285,0.577,64.806,1,0
15,286,0.639,77.434,2,0
15,287,0.600,62.430,1,0
15,288,0.480,76.617,2,2
15,289,0.542,55.900,2,0
15,290,0.523,58.918,3,0
15,291,0.487,56.375,3,2
15,292,0.497,52.223,3,0
15,293,0.596,52.506,4,1
15,294,0.590,54.803,4,0
15,295,0.519,55.985,5,2
15,296,0.552,47.813,4,0
15,297,0.563,60.646,5,1
15,298,0.648,51.320,6,1
15,299,0.564,54.203,7,2
15,300,0.631,48.804,7,1
15,301,0.527,58.353,7,1
15,302,0.508,51.982,5,1
15,303,0.557,56.868,8,2
15,304,0.621,55.745,8,0
15,305,0.483,48.975,9,0
15,306,0.540,44.100,10,0
15,307,0.516,49.143,8,0
15,308,0.483,45.694,9,1
15,309,0.645,42.218,11,0
15,310,0.565,57.855,11,1
15,311,0.471,55.512,12,1
15,312,0.646,50.397,15,0
15,313,0.550,41.833,14,1
15,314,0.524,49.974,12,0
15,315,0.520,55.368,17,1
15,316,0.585,44.047,16,0
15,317,0.586,51.607,20,0
15,318,0.638,42.661,18,1
15,319,0.624,46.204,23,2
15,320,0.691,49.087,22,2
15,321,0.492,51.204,21,1
15,322,0.591,47.976,23,2
15,323,0.662,54.255,22,1
15,324,0.473,52.656,22,3
15,325,0.487,37.684,28,1
15,326,0.541,46.339,25,2
15,327,0.591,46.501,22,3
15,328,0.471,48.613,33,0
15,329,0.556,44.004,30,1
15,330,0.583,43.751,30,0
15,331,0.697,47.393,27,2
15,332,0.602,37.439,36,1
15,333,0.582,43.356,35,0
15,334,0.586,47.661,37,1
15,335,0.597,46.068,33,2
15,336,0.643,55.345,48,1
15,337,0.511,44.709,46,1
15,338,0.566,48.151,52,0
15,339,0.583,51.267,57,2
15,340,0.656,39.613,61,0
15,341,0.482,40.528,65,3
15,342,0.714,40.905,56,2
15,343,0.678,42.131,57,1
15,344,0.651,46.510,64,2
15,345,0.642,42.408,67,2
15,346,0.748,50.571,65,4
15,347,0.737,52.281,57,0
15,348,3.513,55.791,77,4
15,349,2.870,58.545,87,3
15,350,1.752,74.694,79,2
15,351,1.146,70.829,82,5
15,352,1.094,63.041,89,1
15,353,5.054,83.081,94,0
15,354,3.673,94.326,59,1
15,355,3.049,90.158,48,1
15,356,2.971,66.574,45,0
15,357,2.291,72.392,33,2
15,358,1.519,79.500,22,0
15,359,1.451,71.112,18,1
15,360,1.314,81.138,14,0
15,361,1.105,81.842,10,1
15,362,1.150,74.789,10,3
15,363,1.031,64.642,7,0
15,364,1.091,59.478,5,0
15,365,0.881,77.099,4,0
15,366,0.934,65.773,5,2
15,367,0.803,66.850,4,1
15,368,0.860,68.313,3,0
15,369,0.686,73.356,2,2
15,370,0.773,62.231,2,0
15,371,0.750,87.737,3,1
15,372,0.788,64.865,2,1
15,373,0.774,59.476,1,1
15,374,0.915,62.410,2,0
15,375,0.891,70.852,2,0
15,376,0.900,60.448,2,0
15,377,0.880,51.935,2,1
15,378,0.909,62.653,2,0
15,379,0.826,65.561,1,0
15,380,0.836,66.634,2,1
15,381,1.052,67.316,1,0
15,382,0.810,57.732,2,0
15,383,0.882,77.190,1,0
15,384,1.036,68.458,1,0
15,385,0.972,73.834,1,1
15,386,1.044,70.708,1,0
15,387,0.895,67.919,1,0
15,388,0.968,65.559,1,0
15,389,1.062,58.033,1,0
15,390,1.007,62.160,2,0
15,391,1.003,70.594,1,0
15,392,1.092,71.194,2,0
15,393,0.991,66.482,1,0
15,394,1.056,64.658,1,0
15,395,1.087,65.254,1,0
15,396,1.309,84.584,1,0
15,397,1.304,67.552,1,0
15,398,1.134,93.997,1,0
15,399,1.025,64.606,1,0
16,0,1.082,25.406,296,28
16,1,1.103,24.999,303,38
16,2,1.241,22.784,332,34
16,3,1.094,25.295,352,24
16,4,1.322,25.438,331,22
16,5,1.338,19.836,427,32
16,6,1.382,21.334,414,35
16,7,1.201,18.919,405,39
16,8,1.287,20.849,321,33
16,9,1.466,25.352,357,21
16,10,1.544,18.478,411,40
16,11,1.730,20.215,465,39
16,12,1.704,19.294,419,29
16,13,1.606,19.474,361,30
16,14,1.741,24.678,420,32
16,15,1.724,17.205,370,35
16,16,1.878,19.700,362,30
16,17,1.924,20.828,414,35
16,18,1.490,21.343,328,29
16,19,1.571,20.147,400,30
16,20,1.458,24.079,401,31
16,21,1.566,21.526,413,28
16,22,1.488,23.039,418,30
16,23,1.555,25.282,355,45
16,24,1.519,22.278,436,31
16,25,1.869,22.394,353,28
16,26,1.500,25.806,330,39
16,27,1.387,29.422,405,19
16,28,1.368,18.241,342,23
16,29,1.548,27.594,326,42
16,30,1.388,27.445,356,21
16,31,1.515,19.367,391,30
16,32,1.804,25.342,382,24
16,33,1.691,28.350,302,38
16,34,1.712,30.049,403,40
16,35,1.712,34.346,313,36
16,36,1.586,21.727,442,33
16,37,1.715,28.273,426,39
16,38,1.654,26.253,314,28
16,39,1.786,23.838,398,35
16,40,1.739,20.195,355,25
16,41,1.698,27.286,386,29
16,42,1.815,33.760,555,28
16,43,1.829,29.989,382,34
16,44,1.732,23.784,359,29
16,45,1.701,24.040,409,28
16,46,1.664,26.251,384,24
16,47,2.108,23.954,404,32
16,48,1.610,25.769,417,28
16,49,1.784,32.275,356,30
16,50,1.804,29.863,477,34
16,51,2.027,25.537,403,31
16,52,1.725,37.307,452,29
16,53,1.436,29.283,439,32
16,54,1.899,28.530,487,29
16,55,1.790,26.682,437,30
16,56,1.978,27.740,388,36
16,57,1.532,30.282,371,30
16,58,2.195,29.264,425,22
16,59,1.805,28.688,423,19
16,60,1.882,30.816,496,39
16,61,1.713,28.872,500,31
16,62,1.764,28.048,387,25
16,63,1.915,20.536,443,29
16,64,1.937,26.141,461,24
16,65,1.669,23.483,434,28
16,66,2.204,23.745,465,30
16,67,2.387,24.839,477,31
16,68,2.217,23.909,527,27
16,69,2.481,23.459,433,33
16,70,2.069,30.332,334,41
16,71,2.383,30.110,442,33
16,72,2.233,28.853,473,18
16,73,1.862,26.902,437,37
16,74,2.355,27.899,471,29
16,75,1.990,28.027,460,23
16,76,1.752,28.389,459,29
16,77,2.002,26.007,472,26
16,78,2.163,23.766,594,30
16,79,1.822,30.586,495,31
16,80,2.341,38.987,465,35
16,81,2.058,26.279,507,34
16,82,2.047,33.006,482,37
16,83,2.419,24.858,487,27
16,84,2.105,26.224,462,37
16,85,2.148,30.821,473,28
16,86,1.856,30.324,439,27
16,87,2.254,34.305,434,35
16,88,1.860,33.006,518,32
16,89,1.859,30.044,458,33
16,90,2.151,28.746,450,28
16,91,1.769,27.422,413,31
16,92,1.824,28.954,506,30
16,93,2.109,27.907,588,33
16,94,2.263,28.737,463,41
16,95,1.904,27.735,564,23
16,96,2.158,31.523,416,28
16,97,2.122,27.520,494,28
16,98,1.726,32.996,586,39
16,99,2.186,26.149,489,32
16,100,1.904,32.662,610,33
16,101,1.947,27.652,503,30
16,102,2.085,32.005,433,23
16,103,1.899,28.970,569,34
16,104,1.711,32.127,616,25
16,105,2.091,32.322,433,27
16,106,2.030,28.316,507,24
16,107,1.929,32.558,536,32
16,108,1.843,25.875,516,25
16,109,2.034,30.328,507,47
16,110,2.305,23.861,459,26
16,111,2.182,25.697,518,30
16,112,2.155,30.784,520,32
16,113,2.300,28.792,577,30
16,114,2.167,25.623,520,40
16,115,2.762,29.847,510,44
16,116,2.654,24.742,494,36
16,117,2.930,27.092,512,34
16,118,2.175,25.961,561,37
16,119,2.485,24.708,577,35
16,120,2.226,29.105,563,28
16,121,2.307,25.443,492,40
16,122,2.787,27.674,621,29
16,123,2.447,25.992,582,36
16,124,2.468,22.999,504,36
16,125,2.296,30.564,581,29
16,126,2.757,21.402,691,28
16,127,2.445,27.114,544,41
16,128,2.627,28.206,436,36
16,129,2.703,24.516,515,27
16,130,2.694,22.048,487,25
16,131,2.758,25.216,610,37
16,132,7.964,26.462,481,34
16,133,6.050,28.051,542,21
16,134,5.575,39.722,486,42
16,135,5.040,35.074,519,34
16,136,4.365,35.213,619,28
16,137,3.371,40.629,503,32
16,138,3.751,47.493,532,32
16,139,3.675,37.655,509,27
16,140,2.825,31.359,634,34
16,141,3.094,35.044,577,29
16,142,3.156,34.294,509,36
16,143,2.833,29.140,496,25
16,144,2.371,26.303,677,39
16,145,2.641,28.159,599,39
16,146,2.488,29.282,558,39
16,147,2.586,29.084,538,38
16,148,2.227,30.032,551,41
16,149,2.163,21.674,513,46
16,150,2.465,30.525,728,28
16,151,2.480,25.766,487,30
16,152,2.203,28.081,473,45
16,153,2.295,23.641,559,39
16,154,2.085,26.969,536,21
16,155,2.221,22.986,823,42
16,156,2.077,24.185,528,42
16,157,2.207,20.859,537,29
16,158,2.392,21.242,552,34
16,159,2.986,16.536,790,18
16,160,2.893,19.423,671,38
16,161,2.775,19.720,608,28
16,162,2.937,22.614,663,37
16,163,2.925,22.626,500,28
16,164,2.676,19.653,569,37
16,165,2.654,21.412,561,30
16,166,2.829,21.696,548,30
16,167,2.855,21.679,574,30
16,168,2.997,21.655,593,36
16,169,2.686,22.764,559,24
16,170,2.743,23.988,653,32
16,171,2.844,23.814,599,30
16,172,2.881,22.528,536,34
16,173,3.047,19.975,670,35
16,174,2.615,21.877,527,36
16,175,3.083,21.121,480,39
16,176,2.342,27.658,564,31
16,177,2.472,25.446,512,40
16,178,2.710,20.981,503,34
16,179,2.361,21.712,520,43
16,180,2.318,21.713,549,33
16,181,2.429,25.408,606,38
16,182,2.255,21.446,420,37
16,183,2.386,22.698,555,36
16,184,2.706,28.925,512,36
16,185,2.170,21.266,536,45
16,186,2.258,22.004,551,38
16,187,2.041,27.249,525,27
16,188,2.177,21.037,543,41
16,189,2.200,25.050,566,28
16,190,1.920,25.326,579,22
16,191,1.975,25.367,496,48
16,192,2.162,20.776,566,32
16,193,2.104,18.423,572,31
16,194,2.038,22.213,493,45
16,195,2.466,18.098,539,33
16,196,2.189,19.711,514,35
16,197,1.984,23.034,435,30
16,198,2.212,21.928,458,31
16,199,2.221,22.172,408,43
16,200,2.155,19.648,413,26
16,201,2.251,21.176,477,37
16,202,1.919,20.020,520,32
16,203,2.231,24.495,524,31
16,204,2.043,20.890,503,32
16,205,1.936,21.818,484,34
16,206,1.815,25.839,480,32
16,207,1.991,24.261,462,39
16,208,1.836,28.210,444,32
16,209,2.041,24.072,488,27
16,210,2.003,20.848,481,31
16,211,1.848,20.129,461,30
16,212,2.109,20.726,487,36
16,213,2.058,22.407,438,28
16,214,1.966,22.593,573,35
16,215,1.952,20.767,452,39
16,216,2.012,21.116,529,41
16,217,1.970,24.009,610,32
16,218,1.812,21.926,472,35
16,219,1.694,23.974,510,32
16,220,2.043,21.806,463,25
16,221,1.987,23.845,410,27
16,222,1.797,23.276,421,50
16,223,1.947,22.660,445,33
16,224,1.534,24.295,466,45
16,225,1.525,20.892,504,37
16,226,1.655,18.231,478,39
16,227,1.855,20.772,418,37
16,228,1.679,23.147,472,31
16,229,1.521,22.983,525,39
16,230,1.410,22.195,467,35
16,231,1.522,20.623,413,41
16,232,1.397,18.712,442,41
16,233,1.416,22.152,462,41
16,234,1.529,20.389,460,37
16,235,1.386,20.012,505,38
16,236,1.592,21.484,568,40
16,237,1.414,22.449,452,30
16,238,1.279,21.414,400,45
16,239,1.678,19.300,485,41
16,240,1.781,17.081,441,44
16,241,1.548,19.557,437,32
16,242,1.324,15.844,385,38
16,243,1.663,20.378,448,25
16,244,1.723,20.051,481,31
16,245,1.457,19.438,420,37
16,246,1.601,16.715,433,37
16,247,1.683,20.665,403,40
16,248,1.750,19.053,435,33
16,249,1.329,18.162,498,35
16,250,1.669,19.466,477,37
16,251,1.578,19.607,379,43
16,252,1.195,19.344,326,42
16,253,1.337,23.149,398,29
16,254,1.402,19.263,462,38
16,255,1.236,24.933,445,40
16,256,1.148,22.221,415,35
16,257,1.301,21.376,329,27
16,258,1.017,22.090,389,26
16,259,4.715,29.266,338,37
16,260,3.077,30.405,385,42
16,261,2.910,33.410,403,30
16,262,2.194,41.517,448,34
16,263,1.931,30.449,370,31
16,264,1.565,30.961,397,29
16,265,1.300,33.353,338,30
16,266,0.952,31.175,354,33
16,267,0.942,34.061,443,28
16,268,0.765,24.130,396,41
16,269,0.899,27.499,403,37
16,270,0.957,22.206,354,33
16,271,0.993,19.319,315,25
16,272,0.962,22.149,286,37
16,273,1.023,16.486,429,42
16,274,1.083,21.964,356,40
16,275,0.973,19.381,401,34
16,276,0.965,19.129,332,38
16,277,1.144,16.850,381,33
16,278,1.141,13.723,351,29
16,279,1.181,14.741,367,44
16,280,1.185,17.040,381,42
16,281,1.288,12.691,404,29
16,282,1.228,13.114,409,40
16,283,1.099,13.896,396,33
16,284,1.441,13.565,430,45
16,285,1.270,17.478,386,43
16,286,1.380,14.013,431,36
16,287,1.220,12.200,340,24
16,288,1.534,12.413,396,37
16,289,1.379,17.080,427,42
16,290,1.439,15.450,443,31
16,291,1.286,14.485,345,24
16,292,1.443,16.840,328,37
16,293,1.364,15.903,385,42
16,294,1.388,16.273,324,45
16,295,1.418,15.284,475,34
16,296,1.267,13.802,402,35
16,297,1.497,15.971,510,30
16,298,1.594,17.838,371,38
16,299,1.263,17.566,362,36
16,300,1.511,14.152,382,34
16,301,1.241,14.333,460,44
16,302,1.266,14.985,322,41
16,303,1.345,14.413,295,34
16,304,1.399,15.367,308,38
16,305,1.310,16.364,332,30
16,306,1.225,18.695,344,33
16,307,5.782,22.121,278,42
16,308,5.771,27.296,351,31
16,309,4.387,25.858,405,36
16,310,3.925,39.957,380,41
16,311,3.237,36.880,352,28
16,312,2.456,44.059,274,42
16,313,1.665,44.517,336,32
16,314,1.166,44.789,372,35
16,315,0.811,42.195,291,27
16,316,0.713,35.783,326,37
16,317,0.714,30.692,283,28
16,318,0.630,33.503,303,27
16,319,0.613,28.733,305,34
16,320,0.902,21.905,347,34
16,321,0.946,18.457,310,48
16,322,0.971,18.343,297,39
16,323,0.849,20.157,309,32
16,324,1.031,19.043,424,34
16,325,0.949,16.040,392,39
16,326,1.107,21.296,321,43
16,327,1.099,16.651,296,40
16,328,1.123,17.355,280,28
16,329,1.172,16.101,310,33
16,330,1.365,18.625,297,29
16,331,1.318,16.170,336,39
16,332,1.352,14.691,334,36
16,333,1.442,15.869,320,41
16,334,1.654,18.644,374,36
16,335,1.349,16.659,436,30
16,336,1.502,13.724,419,45
16,337,1.623,15.969,349,41
16,338,1.466,13.746,352,33
16,339,1.436,16.847,337,36
16,340,1.480,15.638,332,32
16,341,1.622,19.553,383,31
16,342,1.278,20.517,355,36
16,343,1.322,20.189,351,29
16,344,1.379,22.776,302,36
16,345,1.107,22.537,285,33
16,346,1.376,21.756,288,31
16,347,1.101,21.537,343,36
16,348,1.083,18.017,359,22
16,349,1.225,20.253,372,33
16,350,1.143,21.415,375,35
16,351,1.230,24.037,297,28
16,352,1.407,18.153,405,31
16,353,1.224,18.016,332,39
16,354,1.226,19.965,278,41
16,355,1.353,25.387,339,28
16,356,1.300,25.310,331,33
16,357,1.410,21.759,302,41
16,358,1.253,21.080,310,50
16,359,1.270,21.934,312,39
16,360,1.331,23.350,315,33
16,361,1.350,20.419,332,26
16,362,1.027,22.817,352,35
16,363,1.268,25.260,343,37
16,364,1.145,28.650,345,23
16,365,1.486,25.048,350,27
16,366,1.167,20.678,362,32
16,367,1.110,24.515,327,29
16,368,1.121,24.962,369,38
16,369,1.319,24.365,311,26
16,370,1.170,24.486,280,35
16,371,1.404,21.727,344,30
16,372,1.405,18.845,314,29
16,373,1.250,25.282,322,31
16,374,1.307,23.989,318,34
16,375,1.186,21.709,302,35
16,376,1.296,26.403,307,29
16,377,1.314,22.389,321,28
16,378,1.418,25.985,357,29
16,379,1.252,28.901,317,33
16,380,1.318,23.908,358,25
16,381,1.286,25.136,283,31
16,382,1.438,21.768,328,40
16,383,1.227,30.615,287,23
16,384,1.278,27.027,421,37
16,385,1.514,26.719,262,38
16,386,1.314,22.262,315,32
16,387,1.223,23.514,298,31
16,388,1.345,31.124,288,29
16,389,1.398,29.031,346,27
16,390,1.331,28.573,350,48
16,391,1.262,25.024,323,29
16,392,1.540,23.141,291,32
16,393,1.433,23.626,425,31
16,394,1.664,29.135,406,28
16,395,1.493,27.407,343,29
16,396,1.473,24.651,329,41
16,397,1.389,31.244,355,30
16,398,1.591,28.421,301,33
16,399,1.444,28.958,286,42
17,0,1.360,21.328,317,35
17,1,1.433,23.525,329,29
17,2,1.218,21.301,391,23
17,3,1.327,23.419,310,30
17,4,1.381,23.998,325,22
17,5,1.367,22.591,326,25
17,6,1.055,25.588,277,33
17,7,1.216,27.653,304,40
17,8,1.140,24.941,353,38
17,9,1.264,22.278,337,38
17,10,1.256,24.215,295,29
17,11,1.465,20.748,365,32
17,12,1.667,21.609,443,25
17,13,1.523,23.807,313,35
17,14,1.339,23.454,364,27
17,15,1.295,26.875,300,35
17,16,1.381,30.352,342,25
17,17,1.350,25.042,333,22
17,18,1.140,28.196,356,23
17,19,1.299,24.148,330,31
17,20,1.468,25.971,361,33
17,21,1.371,26.128,287,33
17,22,1.659,26.274,506,32
17,23,1.351,28.779,278,41
17,24,1.503,29.436,375,32
17,25,1.522,25.658,408,34
17,26,1.365,27.570,343,36
17,27,1.571,26.561,346,38
17,28,1.426,25.227,422,23
17,29,1.678,22.988,372,29
17,30,1.624,27.534,390,34
17,31,1.786,26.553,409,31
17,32,1.537,24.732,339,19
17,33,1.481,24.296,419,21
17,34,1.827,20.755,393,32
17,35,6.843,36.292,306,25
17,36,5.701,39.034,337,31
17,37,4.728,38.878,468,29
17,38,3.922,42.524,401,30
17,39,2.806,49.758,371,25
17,40,2.594,54.874,407,37
17,41,2.303,56.038,432,28
17,42,1.616,44.820,487,25
17,43,1.383,55.327,386,20
17,44,1.457,50.610,397,27
17,45,1.356,43.330,386,17
17,46,1.393,38.926,407,25
17,47,1.450,32.632,389,30
17,48,1.535,30.734,342,18
17,49,1.487,24.736,457,28
17,50,1.583,30.715,445,25
17,51,1.829,25.474,366,31
17,52,1.549,29.134,411,32
17,53,1.620,24.774,549,30
17,54,1.695,26.621,331,24
17,55,6.243,31.568,469,30
17,56,5.804,37.671,380,34
17,57,4.829,41.521,459,30
17,58,3.701,45.449,365,30
17,59,3.765,41.958,467,35
17,60,3.015,42.268,429,27
17,61,2.673,42.605,542,24
17,62,2.267,38.965,587,24
17,63,1.998,41.957,609,28
17,64,2.093,31.105,428,31
17,65,1.941,30.415,449,31
17,66,1.540,41.221,457,37
17,67,1.713,32.199,583,35
17,68,1.805,24.593,473,26
17,69,2.068,23.919,532,29
17,70,1.959,31.368,569,26
17,71,1.828,23.368,474,29
17,72,2.198,33.602,552,35
17,73,2.134,26.064,596,29
17,74,2.639,19.030,637,27
17,75,2.517,24.653,572,36
17,76,2.679,20.806,693,38
17,77,2.405,23.128,620,35
17,78,2.814,19.978,631,32
17,79,2.678,17.310,695,45
17,80,2.953,23.730,613,24
17,81,2.948,21.747,750,35
17,82,2.831,20.241,585,40
17,83,3.029,19.845,526,34
17,84,2.935,19.364,593,27
17,85,3.375,20.658,532,32
17,86,3.291,20.638,716,31
17,87,2.967,22.242,542,24
17,88,3.018,23.361,497,36
17,89,2.671,22.793,542,36
17,90,2.500,26.204,555,37
17,91,2.519,25.510,701,30
17,92,2.900,21.942,704,21
17,93,2.773,20.946,575,39
17,94,2.730,20.147,664,36
17,95,2.663,24.071,606,33
17,96,3.328,21.930,646,39
17,97,3.064,24.959,533,22
17,98,2.439,22.001,528,37
17,99,2.735,20.434,591,37
17,100,2.864,20.216,628,26
17,101,2.574,23.183,477,31
17,102,3.411,25.781,548,36
17,103,2.938,26.197,548,27
17,104,2.967,23.071,376,23
17,105,3.216,19.956,677,26
17,106,2.650,26.895,657,28
17,107,2.799,24.607,519,26
17,108,2.369,31.611,517,28
17,109,2.873,28.636,582,31
17,110,2.830,31.982,605,35
17,111,2.437,27.201,552,38
17,112,2.525,27.700,455,37
17,113,2.771,24.640,505,31
17,114,2.571,29.643,500,31
17,115,2.482,28.186,602,28
17,116,2.516,28.603,580,31
17,117,2.490,28.022,578,37
17,118,2.948,25.946,468,42
17,119,2.657,28.984,591,28
17,120,2.437,34.153,522,29
17,121,2.311,30.718,523,29
17,122,2.927,26.154,560,28
17,123,2.427,27.745,592,35
17,124,2.817,21.326,539,31
17,125,2.927,32.143,540,29
17,126,2.549,25.836,550,20
17,127,3.155,29.861,468,35
17,128,2.693,29.958,664,22
17,129,6.405,34.698,631,31
17,130,5.952,35.023,593,35
17,131,6.039,36.781,664,24
17,132,5.004,33.707,548,25
17,133,4.681,34.323,651,41
17,134,4.326,36.165,656,27
17,135,3.314,33.406,484,27
17,136,7.221,39.070,503,36
17,137,6.710,47.617,531,32
17,138,6.825,55.172,527,27
17,139,5.229,51.608,561,27
17,140,3.857,49.430,406,38
17,141,3.792,43.026,402,28
17,142,3.272,42.843,609,43
17,143,3.173,40.014,589,35
17,144,2.478,36.624,527,40
17,145,2.248,41.660,478,30
17,146,2.096,43.852,528,34
17,147,1.868,36.609,532,33
17,148,2.224,31.682,638,28
17,149,2.149,33.153,571,25
17,150,2.281,27.130,536,28
17,151,1.975,24.435,623,33
17,152,2.335,25.044,626,29
17,153,2.511,23.779,514,27
17,154,2.166,26.140,669,35
17,155,2.477,23.442,528,38
17,156,2.594,22.872,637,40
17,157,2.400,18.844,629,38
17,158,2.729,21.327,666,43
17,159,2.803,23.744,918,28
17,160,2.586,21.108,537,36
17,161,2.959,20.259,678,43
17,162,3.048,19.511,535,37
17,163,3.020,21.213,656,27
17,164,2.782,19.058,652,35
17,165,3.188,21.386,871,32
17,166,3.012,23.067,501,36
17,167,3.131,20.176,536,23
17,168,6.956,29.720,795,37
17,169,7.072,23.577,707,36
17,170,5.847,30.813,541,29
17,171,5.509,28.093,649,33
17,172,4.608,25.705,612,35
17,173,5.247,32.493,615,38
17,174,3.868,28.797,640,35
17,175,3.757,26.460,624,38
17,176,2.998,34.426,520,37
17,177,3.103,30.151,616,29
17,178,2.929,30.100,679,23
17,179,2.567,31.206,560,33
17,180,2.767,21.566,617,44
17,181,2.728,31.979,805,24
17,182,2.148,31.216,713,34
17,183,2.262,27.355,599,46
17,184,1.933,24.692,503,28
17,185,2.492,21.453,572,29
17,186,2.269,26.666,589,33
17,187,1.980,24.879,546,27
17,188,2.097,22.728,506,30
17,189,2.041,22.470,600,35
17,190,2.314,22.893,525,38
17,191,2.032,19.647,465,30
17,192,2.140,21.597,477,28
17,193,2.685,15.445,564,27
17,194,2.333,19.952,540,35
17,195,2.178,19.630,561,31
17,196,2.140,23.673,637,52
17,197,2.196,24.211,609,42
17,198,2.237,21.558,613,41
17,199,2.295,22.193,646,32
17,200,2.028,22.615,664,28
17,201,1.912,18.619,478,43
17,202,2.102,26.952,525,28
17,203,2.058,25.043,710,36
17,204,1.833,18.634,452,29
17,205,2.089,23.966,574,45
17,206,1.933,19.939,377,29
17,207,1.700,23.688,438,34
17,208,1.837,25.156,591,36
17,209,1.975,18.487,472,32
17,210,2.005,20.254,456,26
17,211,1.938,18.563,590,27
17,212,1.733,20.805,473,32
17,213,1.924,19.685,475,37
17,214,1.912,20.969,478,39
17,215,1.710,21.811,432,18
17,216,1.744,22.045,520,38
17,217,2.078,17.053,610,27
17,218,1.812,19.069,475,41
17,219,1.635,20.276,497,35
17,220,2.026,15.833,401,27
17,221,1.756,24.676,444,29
17,222,1.859,19.708,489,29
17,223,1.990,17.304,469,35
17,224,2.024,15.911,483,37
17,225,1.991,18.891,490,35
17,226,1.775,22.992,466,27
17,227,1.844,20.966,477,28
17,228,1.954,20.144,586,47
17,229,1.721,20.360,417,45
17,230,1.707,21.030,608,21
17,231,1.729,22.372,463,36
17,232,1.770,20.736,493,29
17,233,1.744,19.528,511,40
17,234,1.496,24.218,553,37
17,235,1.576,17.388,463,25
17,236,1.492,16.843,509,30
17,237,1.550,21.217,448,44
17,238,1.706,20.955,450,38
17,239,1.551,19.644,480,39
17,240,1.626,19.889,397,36
17,241,1.619,21.587,435,38
17,242,1.685,19.563,386,37
17,243,1.360,18.431,429,34
17,244,1.394,20.353,334,35
17,245,1.467,23.811,411,34
17,246,1.556,19.817,397,28
17,247,1.658,17.437,347,35
17,248,6.127,20.663,414,33
17,249,5.683,25.860,425,34
17,250,4.913,34.717,397,39
17,251,3.410,41.387,387,35
17,252,2.741,41.001,355,48
17,253,1.856,41.884,349,32
17,254,1.837,45.495,416,43
17,255,1.161,40.949,496,35
17,256,1.082,48.674,357,35
17,257,0.970,29.680,349,45
17,258,0.847,28.513,372,57
17,259,0.952,27.189,353,35
17,260,0.928,24.594,323,39
17,261,0.923,23.193,318,39
17,262,0.965,22.314,512,29
17,263,0.976,20.675,385,46
17,264,1.170,19.035,370,38
17,265,1.081,18.895,308,33
17,266,0.969,16.307,351,37
17,267,1.235,16.436,336,33
17,268,1.205,14.959,375,23
17,269,1.242,16.071,429,48
17,270,1.217,15.888,354,36
17,271,1.248,15.755,380,22
17,272,1.193,15.158,453,36
17,273,1.451,12.227,433,31
17,274,1.510,15.201,508,36
17,275,1.566,13.379,546,27
17,276,1.298,15.426,362,37
17,277,1.305,15.439,405,36
17,278,1.347,13.683,418,41
17,279,1.305,16.746,401,38
17,280,1.600,12.534,472,49
17,281,1.381,14.067,441,37
17,282,1.523,15.237,342,41
17,283,1.355,15.262,406,23
17,284,1.415,18.994,400,39
17,285,1.426,12.672,354,42
17,286,1.493,11.825,457,33
17,287,1.420,15.986,435,33
17,288,1.304,12.590,392,33
17,289,1.846,11.746,395,28
17,290,1.528,13.568,340,28
17,291,1.526,15.281,311,35
17,292,1.525,11.089,313,38
17,293,1.441,14.178,340,31
17,294,1.542,16.925,432,36
17,295,1.377,15.624,396,36
17,296,1.237,20.023,296,35
17,297,1.140,18.939,368,32
17,298,1.191,17.714,296,26
17,299,1.294,17.274,369,46
17,300,1.127,19.368,319,30
17,301,1.125,20.853,325,40
17,302,1.133,17.846,330,31
17,303,1.081,17.704,290,38
17,304,1.315,19.261,293,31
17,305,1.200,22.281,348,36
17,306,1.169,17.121,286,40
17,307,1.116,17.608,365,35
17,308,1.110,17.916,262,34
17,309,1.074,13.321,319,38
17,310,1.110,18.035,324,35
17,311,1.256,17.375,264,32
17,312,1.018,22.847,294,31
17,313,1.097,21.612,380,30
17,314,1.085,17.309,263,22
17,315,1.162,16.363,288,32
17,316,1.216,14.738,356,32
17,317,1.067,17.528,305,38
17,318,1.201,20.311,305,40
17,319,1.286,20.402,273,41
17,320,1.213,16.864,318,34
17,321,1.077,19.054,276,42
17,322,1.038,21.808,317,28
17,323,1.166,18.016,331,33
17,324,0.898,23.630,275,38
17,325,1.035,23.181,262,40
17,326,0.975,20.351,300,40
17,327,0.953,22.168,292,26
17,328,1.047,19.298,262,31
17,329,0.970,23.132,309,35
17,330,1.147,19.599,318,33
17,331,1.167,21.820,324,32
17,332,1.124,18.205,232,30
17,333,1.046,21.055,254,33
17,334,1.190,22.124,354,29
17,335,1.115,17.086,258,32
17,336,1.261,20.717,318,34
17,337,1.014,17.864,414,34
17,338,1.028,17.412,330,35
17,339,1.219,21.871,288,25
17,340,1.228,21.405,304,40
17,341,1.173,20.674,350,28
17,342,1.113,21.771,305,44
17,343,1.067,20.030,332,46
17,344,1.263,23.071,270,28
17,345,1.185,20.216,336,40
17,346,1.087,24.112,370,34
17,347,1.195,23.095,282,44
17,348,1.096,18.633,379,24
17,349,1.122,17.738,317,33
17,350,1.029,22.656,245,19
17,351,1.125,24.888,313,29
17,352,1.191,20.981,313,43
17,353,1.255,20.025,360,41
17,354,1.025,24.936,277,35
17,355,1.079,22.116,286,34
17,356,1.113,24.124,271,37
17,357,1.204,25.697,304,41
17,358,1.098,21.819,269,39
17,359,0.977,21.614,258,29
17,360,1.039,22.992,311,41
17,361,1.291,25.111,429,36
17,362,1.094,26.621,328,47
17,363,1.410,19.443,337,25
17,364,1.284,23.388,395,34
17,365,1.283,20.032,275,33
17,366,1.198,25.228,288,38
17,367,1.138,20.280,260,37
17,368,1.179,23.788,286,34
17,369,3.356,28.071,271,33
17,370,3.304,29.284,281,26
17,371,2.520,40.306,305,34
17,372,1.960,45.624,343,34
17,373,1.810,41.358,273,35
17,374,1.326,44.404,359,30
17,375,1.291,42.178,329,24
17,376,0.992,40.490,365,28
17,377,0.853,35.553,360,24
17,378,1.005,30.212,333,29
17,379,1.032,29.362,349,35
17,380,0.918,29.339,293,36
17,381,1.175,29.904,360,33
17,382,1.144,29.564,371,39
17,383,1.148,25.003,349,37
17,384,1.145,25.908,388,44
17,385,1.398,29.662,330,33
17,386,1.150,24.440,368,29
17,387,1.012,28.160,343,29
17,388,1.361,30.918,312,32
17,389,1.215,30.267,367,31
17,390,1.140,35.447,313,32
17,391,1.011,28.721,298,28
17,392,1.274,22.660,361,41
17,393,1.222,26.929,456,44
17,394,1.635,28.395,305,26
17,395,1.381,25.037,386,24
17,396,1.397,31.234,422,21
17,397,1.735,24.645,409,25
17,398,1.419,19.106,502,38
17,399,1.554,20.632,411,32
18,0,1.069,35.712,357,37
18,1,0.946,34.971,286,33
18,2,1.014,29.908,295,29
18,3,1.068,30.396,368,35
18,4,0.932,23.754,338,37
18,5,1.295,26.900,321,28
18,6,1.125,24.637,398,33
18,7,1.224,21.610,317,36
18,8,1.372,22.699,343,34
18,9,1.349,21.234,396,26
18,10,1.171,21.900,349,28
18,11,6.871,25.589,454,37
18,12,5.250,33.500,383,32
18,13,5.380,52.964,268,34
18,14,3.452,48.384,362,35
18,15,2.668,60.728,389,51
18,16,2.216,52.523,376,37
18,17,1.452,50.703,375,37
18,18,1.288,58.354,341,29
18,19,1.105,48.377,435,33
18,20,1.262,47.644,374,20
18,21,1.170,29.558,346,34
18,22,1.101,35.029,415,38
18,23,1.137,29.826,396,36
18,24,1.174,33.317,395,31
18,25,1.186,27.523,330,37
18,26,1.210,32.342,331,40
18,27,1.343,27.923,344,29
18,28,1.365,33.306,399,40
18,29,1.314,31.594,401,27
18,30,1.169,24.479,476,42
18,31,1.179,24.411,356,33
18,32,1.354,23.928,441,31
18,33,1.528,23.714,453,36
18,34,1.617,20.834,444,31
18,35,1.671,25.611,508,26
18,36,1.751,21.235,430,31
18,37,1.545,20.591,480,30
18,38,1.972,21.390,423,33
18,39,1.824,21.915,537,29
18,40,2.174,18.111,485,29
18,41,1.807,22.495,390,36
18,42,1.766,21.258,513,26
18,43,1.851,20.817,425,37
18,44,1.970,25.075,531,28
18,45,1.890,23.571,440,26
18,46,1.765,21.813,522,33
18,47,1.932,22.292,487,42
18,48,1.580,24.473,448,37
18,49,2.310,21.754,400,31
18,50,2.081,23.078,438,35
18,51,2.137,22.581,567,29
18,52,1.996,33.616,498,31
18,53,2.103,29.848,494,39
18,54,1.920,25.912,484,29
18,55,1.907,20.959,416,39
18,56,1.994,22.436,453,23
18,57,1.717,24.701,481,29
18,58,1.830,32.723,410,37
18,59,1.773,33.409,468,26
18,60,2.225,33.409,468,37
18,61,1.834,31.791,427,39
18,62,1.895,26.277,445,32
18,63,2.030,21.818,435,40
18,64,2.091,28.849,426,35
18,65,2.395,27.639,463,35
18,66,2.049,28.972,427,35
18,67,2.054,26.052,415,33
18,68,2.049,25.563,468,25
18,69,2.201,35.756,496,37
18,70,2.188,27.443,514,33
18,71,2.125,31.493,457,32
18,72,1.823,28.231,431,32
18,73,1.716,39.857,487,25
18,74,1.906,28.207,550,27
18,75,1.725,33.020,438,29
18,76,2.084,32.470,452,34
18,77,1.693,26.664,469,27
18,78,2.150,30.798,400,36
18,79,1.739,31.139,493,28
18,80,1.718,27.270,616,32
18,81,1.945,31.672,443,35
18,82,1.878,26.133,423,28
18,83,1.975,28.531,568,35
18,84,2.102,24.411,481,39
18,85,2.227,26.548,423,31
18,86,2.169,28.464,499,27
18,87,2.429,29.567,461,37
18,88,2.184,29.345,424,34
18,89,2.240,28.962,412,34
18,90,2.383,23.609,588,35
18,91,2.249,30.138,397,27
18,92,2.185,29.826,493,42
18,93,2.508,24.409,457,26
18,94,2.610,31.035,541,25
18,95,2.151,30.170,515,31
18,96,2.572,29.192,532,33
18,97,2.253,29.528,514,38
18,98,2.303,25.877,582,34
18,99,2.519,28.885,538,38
18,100,2.178,29.180,525,34
18,101,2.716,25.423,522,40
18,102,2.459,27.057,501,33
18,103,2.434,31.241,497,40
18,104,2.305,31.009,400,39
18,105,1.982,32.105,513,25
18,106,2.485,30.170,395,38
18,107,2.136,30.580,446,27
18,108,2.088,30.727,410,40
18,109,1.887,30.392,538,32
18,110,2.067,29.246,562,35
18,111,1.892,27.956,595,31
18,112,2.152,27.289,440,36
18,113,2.531,22.366,451,37
18,114,2.515,26.898,624,40
18,115,2.659,27.660,652,28
18,116,2.645,23.778,491,33
18,117,2.466,25.128,439,30
18,118,2.751,25.375,491,33
18,119,2.516,27.953,498,31
18,120,2.818,27.939,466,28
18,121,2.477,29.704,554,38
18,122,2.475,26.905,524,29
18,123,2.592,32.683,508,23
18,124,2.487,27.428,622,41
18,125,2.484,22.712,485,38
18,126,2.787,28.421,500,29
18,127,2.769,24.863,575,35
18,128,2.936,33.638,589,34
18,129,2.428,25.901,569,42
18,130,2.540,24.750,456,37
18,131,2.774,31.150,483,28
18,132,2.909,28.002,451,30
18,133,2.497,29.031,500,38
18,134,2.839,26.989,571,36
18,135,2.321,30.089,526,36
18,136,1.689,35.473,561,35
18,137,2.030,29.894,532,35
18,138,2.074,31.281,524,34
18,139,2.242,29.400,551,41
18,140,2.379,26.133,594,37
18,141,2.475,25.385,482,31
18,142,2.854,24.301,651,33
18,143,2.677,22.324,450,26
18,144,2.749,30.099,510,26
18,145,2.357,31.399,615,36
18,146,2.375,29.996,554,32
18,147,2.922,24.518,481,37
18,148,2.378,29.712,530,40
18,149,2.469,27.953,486,37
18,150,2.290,25.970,480,28
18,151,3.154,29.409,564,36
18,152,2.808,29.909,466,30
18,153,2.572,26.441,448,40
18,154,2.537,27.486,396,44
18,155,2.095,27.259,402,40
18,156,2.772,25.991,519,29
18,157,2.362,29.049,571,41
18,158,2.344,30.455,437,40
18,159,2.382,22.471,460,36
18,160,2.343,29.256,457,30
18,161,2.763,26.785,487,37
18,162,2.451,25.225,591,34
18,163,2.340,28.301,655,54
18,164,2.031,25.568,544,33
18,165,2.254,23.768,445,33
18,166,2.085,32.147,505,34
18,167,2.086,25.961,462,32
18,168,2.079,23.518,445,22
18,169,2.135,27.725,598,35
18,170,2.204,25.744,431,30
18,171,2.376,26.540,483,45
18,172,2.087,26.294,527,36
18,173,2.054,24.239,458,42
18,174,1.927,30.794,558,40
18,175,2.237,27.851,460,26
18,176,2.499,28.213,523,44
18,177,1.951,29.710,520,44
18,178,1.851,26.536,511,39
18,179,2.148,21.435,568,23
18,180,2.135,27.216,505,41
18,181,2.146,20.742,477,30
18,182,2.000,26.877,529,38
18,183,2.061,23.967,527,37
18,184,2.241,29.851,490,34
18,185,2.121,25.258,430,31
18,186,2.381,27.583,543,47
18,187,2.126,24.523,450,25
18,188,2.071,21.599,449,23
18,189,2.566,24.362,516,42
18,190,2.326,26.589,584,36
18,191,2.387,27.951,524,38
18,192,2.269,24.157,507,30
18,193,2.143,23.201,394,36
18,194,2.132,22.588,432,38
18,195,2.237,21.690,412,33
18,196,2.073,29.377,404,35
18,197,2.503,25.662,478,44
18,198,1.917,21.141,488,34
18,199,1.813,28.303,499,43
18,200,2.303,25.509,460,30
18,201,2.155,22.696,443,34
18,202,1.821,27.418,471,34
18,203,1.943,23.477,512,31
18,204,1.660,25.074,467,35
18,205,1.931,24.115,519,43
18,206,1.633,25.750,485,29
18,207,1.520,24.230,511,53
18,208,1.850,23.327,437,34
18,209,1.791,23.464,417,33
18,210,1.697,21.230,422,43
18,211,1.683,25.912,391,49
18,212,1.865,21.392,482,37
18,213,2.015,23.202,438,39
18,214,1.507,26.048,522,40
18,215,1.794,21.953,472,31
18,216,2.012,18.387,403,32
18,217,2.033,20.073,461,38
18,218,1.894,20.929,472,31
18,219,2.157,15.476,521,38
18,220,1.818,20.686,427,50
18,221,1.943,21.212,373,28
18,222,1.624,22.665,481,41
18,223,1.543,22.314,425,32
18,224,1.430,19.690,401,35
18,225,1.492,23.554,289,28
18,226,1.622,23.442,389,40
18,227,1.537,24.452,445,30
18,228,1.839,23.248,410,39
18,229,1.730,20.406,379,33
18,230,1.740,22.774,415,36
18,231,1.735,20.562,387,32
18,232,1.415,20.248,455,36
18,233,1.658,21.907,433,29
18,234,1.695,18.440,501,38
18,235,1.869,18.224,429,41
18,236,1.890,17.095,423,38
18,237,1.484,21.173,343,39
18,238,1.897,15.646,437,28
18,239,1.805,14.793,393,36
18,240,2.011,15.590,418,32
18,241,1.572,19.253,432,39
18,242,1.811,20.270,435,40
18,243,1.685,16.648,479,31
18,244,1.558,16.289,516,34
18,245,1.697,17.639,450,38
18,246,1.610,17.642,418,45
18,247,1.586,19.919,355,36
18,248,1.616,23.192,379,34
18,249,1.308,20.773,298,29
18,250,1.415,19.009,451,37
18,251,1.418,18.640,424,37
18,252,1.652,19.528,285,35
18,253,1.189,26.028,397,37
18,254,1.424,18.126,450,28
18,255,1.481,22.987,369,43
18,256,1.354,20.855,382,27
18,257,1.186,17.192,335,41
18,258,1.196,19.007,358,28
18,259,1.244,21.523,374,35
18,260,1.108,20.413,356,30
18,261,1.313,21.809,335,43
18,262,1.283,18.625,357,37
18,263,1.040,19.737,372,41
18,264,1.378,19.029,369,35
18,265,1.188,25.222,471,39
18,266,1.162,17.344,385,35
18,267,1.117,18.712,314,41
18,268,1.002,20.628,343,35
18,269,1.162,19.440,410,32
18,270,1.258,19.484,307,40
18,271,1.314,16.308,334,34
18,272,1.100,18.428,332,39
18,273,1.096,18.372,280,36
18,274,1.198,18.753,281,36
18,275,1.137,16.953,290,27
18,276,1.172,15.124,365,35
18,277,1.237,16.422,419,36
18,278,1.295,17.390,320,41
18,279,1.241,15.959,362,45
18,280,1.295,14.304,352,27
18,281,0.992,17.724,336,38
18,282,1.092,17.396,338,34
18,283,1.202,20.684,339,34
18,284,1.127,20.219,333,31
18,285,1.132,19.309,318,29
18,286,1.165,18.909,330,40
18,287,1.124,15.239,284,39
18,288,1.132,18.754,266,27
18,289,1.323,18.498,374,30
18,290,1.138,15.350,327,25
18,291,1.322,15.755,352,29
18,292,1.224,15.650,404,33
18,293,1.229,16.388,351,35
18,294,1.148,19.335,314,30
18,295,1.024,19.581,276,36
18,296,1.066,21.564,362,28
18,297,0.942,19.961,316,33
18,298,0.953,18.086,290,43
18,299,0.986,18.173,316,35
18,300,1.199,15.171,296,40
18,301,1.395,18.347,253,24
18,302,1.069,15.980,370,39
18,303,1.283,17.167,336,36
18,304,1.283,15.802,298,36
18,305,1.020,16.778,339,45
18,306,1.181,16.428,294,23
18,307,1.039,17.753,308,32
18,308,1.141,21.662,327,38
18,309,1.535,12.913,285,36
18,310,1.411,16.503,289,28
18,311,1.217,14.459,234,36
18,312,1.204,14.738,291,26
18,313,1.225,17.516,282,34
18,314,1.222,16.062,274,33
18,315,1.081,17.419,307,30
18,316,0.986,19.919,405,28
18,317,0.905,24.405,339,33
18,318,0.952,19.785,360,31
18,319,1.037,19.628,292,45
18,320,1.044,19.894,340,22
18,321,0.963,22.512,299,36
18,322,0.966,17.580,343,37
18,323,1.098,16.372,291,45
18,324,1.183,17.225,246,37
18,325,1.016,19.212,306,38
18,326,1.103,15.520,368,34
18,327,1.240,21.947,275,25
18,328,1.008,19.283,248,41
18,329,0.998,21.014,286,42
18,330,1.059,17.052,332,29
18,331,1.243,17.961,267,30
18,332,1.108,18.049,331,38
18,333,0.870,20.633,249,35
18,334,1.056,26.025,327,39
18,335,0.954,21.557,322,32
18,336,0.959,18.637,307,37
18,337,0.998,18.726,313,33
18,338,0.971,20.601,257,34
18,339,1.105,19.107,337,42
18,340,1.062,18.694,236,53
18,341,1.238,22.408,289,35
18,342,1.019,18.947,274,35
18,343,1.194,20.943,331,38
18,344,1.178,21.663,241,39
18,345,1.209,22.013,319,37
18,346,1.203,19.952,383,36
18,347,1.238,25.134,296,37
18,348,1.171,19.357,338,40
18,349,1.314,22.545,235,32
18,350,1.214,19.866,314,40
18,351,1.245,24.664,318,36
18,352,1.205,19.783,322,35
18,353,1.093,19.065,311,39
18,354,1.151,23.075,314,31
18,355,1.143,24.096,287,36
18,356,1.252,22.939,309,38
18,357,1.005,22.591,276,44
18,358,1.044,25.591,297,30
18,359,1.209,22.964,266,38
18,360,1.161,20.609,286,47
18,361,1.241,21.692,326,29
18,362,1.170,26.583,284,36
18,363,1.107,25.194,341,34
18,364,1.002,26.214,347,27
18,365,1.195,22.100,281,33
18,366,1.154,20.801,276,36
18,367,1.345,21.965,291,35
18,368,4.002,29.578,345,33
18,369,2.746,33.726,300,32
18,370,3.160,35.093,337,30
18,371,2.358,40.331,345,23
18,372,1.729,36.571,271,38
18,373,1.608,37.071,330,29
18,374,1.382,43.553,282,37
18,375,1.148,36.492,370,27
18,376,0.926,39.284,407,26
18,377,1.019,30.138,319,39
18,378,1.074,33.657,349,25
18,379,1.087,33.084,293,37
18,380,1.146,32.035,341,31
18,381,1.342,27.700,360,30
18,382,1.151,28.169,307,38
18,383,1.196,28.053,359,16
18,384,1.080,31.381,379,27
18,385,1.135,27.440,292,37
18,386,1.258,26.381,351,26
18,387,1.253,26.867,372,34
18,388,1.352,30.687,320,34
18,389,1.773,27.765,376,33
18,390,1.445,28.012,340,44
18,391,1.585,22.834,393,32
18,392,1.520,23.527,411,31
18,393,1.740,21.578,308,36
18,394,1.501,23.098,385,30
18,395,1.539,20.401,410,36
18,396,1.739,21.102,398,28
18,397,1.727,21.426,483,23
18,398,1.732,20.931,499,40
18,399,1.558,23.182,388,52
19,0,1.536,20.204,359,35
19,1,1.308,21.322,413,21
19,2,1.376,19.042,422,31
19,3,1.359,18.474,368,25
19,4,1.535,20.057,436,30
19,5,1.421,18.162,426,35
19,6,1.350,22.200,381,32
19,7,1.342,22.469,372,36
19,8,1.257,18.775,382,38
19,9,1.373,19.588,414,38
19,10,1.419,17.227,391,24
19,11,1.638,25.260,317,27
19,12,1.214,20.422,324,37
19,13,1.425,19.707,340,27
19,14,1.416,21.288,361,39
19,15,1.684,23.383,329,30
19,16,1.496,22.711,382,35
19,17,1.715,24.756,306,34
19,18,1.521,20.888,351,34
19,19,1.824,21.831,359,31
19,20,1.578,22.304,476,38
19,21,1.558,22.964,393,32
19,22,1.751,22.632,480,34
19,23,1.580,19.101,380,32
19,24,1.327,26.202,399,38
19,25,1.537,28.811,352,33
19,26,1.752,25.543,409,31
19,27,1.431,23.377,421,27
19,28,1.707,22.258,327,36
19,29,1.653,26.628,398,35
19,30,1.415,26.293,386,29
19,31,1.407,26.413,407,24
19,32,1.533,28.635,446,30
19,33,1.413,26.493,329,41
19,34,1.305,25.823,387,29
19,35,1.458,26.476,373,41
19,36,1.573,28.004,440,34
19,37,1.647,28.919,468,40
19,38,1.352,28.844,385,36
19,39,1.614,26.657,478,27
19,40,1.464,29.272,333,24
19,41,1.379,28.057,449,31
19,42,1.611,25.090,377,20
19,43,1.699,24.106,360,33
19,44,1.386,30.052,375,22
19,45,1.938,22.356,329,25
19,46,1.760,27.684,433,33
19,47,1.810,24.059,395,32
19,48,1.873,21.619,415,30
19,49,1.658,27.325,431,27
19,50,2.212,26.777,402,31
19,51,2.060,23.262,465,33
19,52,1.715,23.832,413,36
19,53,1.920,31.454,421,28
19,54,1.743,27.853,416,28
19,55,1.858,26.370,607,37
19,56,1.493,34.466,379,45
19,57,1.475,30.317,421,29
19,58,1.851,27.284,406,54
19,59,1.772,34.104,470,31
19,60,1.678,29.343,407,39
19,61,1.627,30.266,501,36
19,62,1.710,25.160,555,32
19,63,1.704,31.821,505,32
19,64,1.731,34.474,470,38
19,65,1.922,28.057,298,41
19,66,1.703,29.053,523,49
19,67,1.801,29.141,486,36
19,68,2.026,31.302,324,30
19,69,1.785,25.351,506,30
19,70,1.681,30.163,521,30
19,71,1.915,27.231,456,31
19,72,2.011,28.464,410,34
19,73,1.911,25.039,446,25
19,74,1.791,25.132,468,28
19,75,1.478,30.148,439,23
19,76,1.804,31.789,460,31
19,77,1.985,31.307,402,39
19,78,1.921,28.770,507,28
19,79,1.935,29.655,407,22
19,80,1.648,21.901,532,27
19,81,2.018,29.853,433,31
19,82,1.816,32.913,402,36
19,83,2.212,23.083,480,39
19,84,2.004,31.293,454,18
19,85,2.140,26.901,450,33
19,86,2.133,30.814,550,27
19,87,1.914,27.859,492,25
19,88,2.358,26.234,512,27
19,89,2.021,30.625,597,36
19,90,2.136,29.284,442,36
19,91,2.881,32.361,576,24
19,92,2.233,30.106,522,39
19,93,2.452,29.582,638,41
19,94,2.302,28.841,433,29
19,95,2.491,27.860,532,33
19,96,2.087,38.384,626,27
19,97,2.721,28.879,490,34
19,98,2.361,25.522,538,28
19,99,2.245,30.520,555,35
19,100,2.690,30.232,587,28
19,101,3.004,29.453,535,33
19,102,2.279,29.084,516,27
19,103,2.395,32.196,560,35
19,104,2.352,27.407,516,38
19,105,2.474,29.552,549,26
19,106,2.818,27.101,569,26
19,107,6.883,33.604,496,33
19,108,5.567,35.039,506,38
19,109,4.965,44.562,658,41
19,110,4.069,46.345,546,28
19,111,3.778,46.038,567,25
19,112,3.640,32.771,498,28
19,113,3.204,42.228,597,33
19,114,2.348,49.470,562,27
19,115,2.103,44.218,427,27
19,116,1.955,48.816,562,27
19,117,2.276,34.614,467,28
19,118,1.714,36.183,517,38
19,119,1.901,32.650,592,36
19,120,2.181,29.880,552,34
19,121,2.140,28.592,491,20
19,122,2.123,25.591,538,33
19,123,2.193,35.044,572,26
19,124,1.965,34.522,507,32
19,125,1.747,30.796,664,37
19,126,2.174,27.543,457,25
19,127,2.189,30.628,618,35
19,128,2.290,24.665,653,30
19,129,2.264,26.943,589,25
19,130,2.692,19.496,655,41
19,131,2.845,22.266,605,29
19,132,2.667,20.738,851,36
19,133,3.036,18.204,602,28
19,134,2.887,20.489,744,30
19,135,2.721,17.988,502,37
19,136,3.330,20.036,645,26
19,137,3.303,21.089,592,44
19,138,3.164,20.776,644,42
19,139,3.214,21.079,683,23
19,140,2.954,24.279,690,38
19,141,2.822,25.109,524,30
19,142,2.838,27.752,515,30
19,143,2.586,25.509,646,44
19,144,2.727,25.018,555,38
19,145,2.707,28.221,582,26
19,146,2.774,24.708,513,41
19,147,2.663,25.100,705,25
19,148,2.935,19.748,561,38
19,149,3.181,20.464,634,33
19,150,2.979,22.361,529,33
19,151,3.081,21.068,532,32
19,152,2.681,20.838,661,37
19,153,2.790,24.014,583,41
19,154,2.558,28.488,662,33
19,155,2.236,27.436,476,51
19,156,2.530,24.012,508,28
19,157,2.483,28.381,492,36
19,158,2.708,22.473,504,34
19,159,2.430,23.247,580,38
19,160,2.675,30.306,578,34
19,161,2.486,31.182,553,45
19,162,2.644,21.779,527,26
19,163,2.075,21.191,527,36
19,164,2.529,28.406,590,37
19,165,2.287,24.686,503,45
19,166,2.379,30.775,649,41
19,167,2.355,24.049,574,32
19,168,2.469,27.511,455,39
19,169,2.370,32.315,486,31
19,170,2.557,27.473,514,33
19,171,2.456,28.592,476,43
19,172,2.083,33.125,557,30
19,173,2.190,33.391,457,38
19,174,2.001,27.090,472,36
19,175,1.689,27.702,532,38
19,176,1.750,28.277,652,31
19,177,1.862,22.364,566,38
19,178,1.890,21.835,397,35
19,179,2.277,20.663,531,43
19,180,2.403,25.850,500,39
19,181,2.220,22.355,593,31
19,182,2.437,22.838,392,30
19,183,2.761,22.194,584,32
19,184,1.993,20.242,410,41
19,185,2.443,19.222,435,43
19,186,2.442,21.584,474,40
19,187,2.322,22.805,447,34
19,188,2.253,20.077,485,30
19,189,2.165,25.024,613,33
19,190,2.217,21.957,537,34
19,191,2.113,25.935,485,43
19,192,2.156,25.061,422,40
19,193,1.941,28.789,649,33
19,194,2.103,26.905,526,34
19,195,2.160,21.088,475,33
19,196,2.102,26.712,449,41
19,197,1.942,23.020,412,36
19,198,1.751,24.853,427,47
19,199,2.068,24.395,554,45
19,200,1.894,27.567,658,31
19,201,1.906,24.685,462,42
19,202,2.222,22.226,571,34
19,203,1.889,22.595,478,32
19,204,2.121,20.577,439,42
19,205,4.724,28.034,428,28
19,206,3.657,37.283,518,38
19,207,3.353,32.257,453,34
19,208,3.263,37.329,506,35
19,209,2.524,38.857,431,29
19,210,1.883,34.464,497,38
19,211,1.327,36.718,417,32
19,212,1.630,36.915,489,41
19,213,1.321,31.748,574,30
19,214,1.400,29.363,488,49
19,215,1.409,28.828,494,31
19,216,1.405,25.595,472,42
19,217,1.474,27.473,432,43
19,218,1.438,18.162,475,34
19,219,1.347,19.948,473,38
19,220,1.673,16.283,423,38
19,221,2.015,19.325,449,33
19,222,1.796,19.470,530,29
19,223,2.036,19.998,504,32
19,224,2.127,16.899,502,37
19,225,1.921,20.553,555,31
19,226,1.462,18.675,502,35
19,227,1.555,19.184,481,38
19,228,1.677,16.322,500,36
19,229,1.845,17.776,528,34
19,230,1.943,16.898,393,39
19,231,1.988,13.773,472,31
19,232,1.793,13.701,371,34
19,233,1.849,17.371,441,43
19,234,1.860,17.495,462,38
19,235,1.846,19.863,427,49
19,236,2.145,13.970,475,33
19,237,1.824,14.757,449,24
19,238,1.967,16.061,450,33
19,239,1.774,20.366,486,35
19,240,2.049,18.810,459,38
19,241,1.555,16.299,553,31
19,242,1.766,20.686,455,38
19,243,1.941,14.823,451,40
19,244,1.904,16.031,444,27
19,245,1.779,15.975,455,28
19,246,1.812,16.960,390,35
19,247,1.488,14.524,407,32
19,248,1.569,16.028,397,31
19,249,1.663,19.274,409,35
19,250,1.461,20.095,380,29
19,251,1.304,19.748,424,45
19,252,1.588,20.086,411,36
19,253,1.214,21.017,369,24
19,254,1.400,19.098,391,37
19,255,1.457,14.960,385,26
19,256,1.591,14.847,424,42
19,257,1.459,17.334,397,34
19,258,1.458,14.894,415,45
19,259,1.516,14.658,377,34
19,260,1.370,18.681,344,37
19,261,1.326,16.504,414,28
19,262,1.683,21.029,396,29
19,263,1.414,15.882,415,34
19,264,1.576,19.209,430,37
19,265,1.516,21.896,362,37
19,266,1.522,15.674,525,37
19,267,1.715,17.099,330,45
19,268,1.333,17.585,364,37
19,269,1.278,20.059,343,41
19,270,1.595,19.848,307,36
19,271,1.278,16.381,341,29
19,272,1.124,17.785,332,34
19,273,1.293,16.563,388,27
19,274,1.299,19.026,418,37
19,275,1.369,15.442,381,31
19,276,1.323,17.045,360,41
19,277,1.275,17.252,371,45
19,278,1.396,18.248,300,27
19,279,1.265,17.798,330,35
19,280,1.105,16.128,326,39
19,281,1.336,16.048,303,38
19,282,1.280,17.431,308,35
19,283,1.197,16.171,281,38
19,284,1.182,18.257,367,36
19,285,1.458,20.183,382,32
19,286,1.199,14.799,267,36
19,287,1.238,18.020,277,31
19,288,1.165,17.875,357,41
19,289,1.244,17.799,325,39
19,290,1.225,22.495,301,36
19,291,1.084,17.911,293,29
19,292,1.249,17.461,339,45
19,293,1.181,16.884,309,31
19,294,1.081,17.692,261,39
19,295,0.927,25.344,309,23
19,296,1.033,19.865,289,42
19,297,1.221,18.056,318,31
19,298,1.332,13.727,288,42
19,299,1.096,18.691,288,43
19,300,1.108,18.805,278,32
19,301,1.036,16.907,277,42
19,302,1.042,21.576,394,36
19,303,1.031,15.576,278,32
19,304,1.156,17.019,293,37
19,305,1.034,15.081,339,29
19,306,1.037,19.619,274,27
19,307,1.112,14.742,333,36
19,308,1.001,21.202,301,34
19,309,1.014,18.240,414,32
19,310,1.078,17.492,367,33
19,311,1.042,16.799,293,24
19,312,1.137,18.919,263,33
19,313,1.155,17.736,275,36
19,314,1.054,21.144,337,28
19,315,1.136,16.197,326,29
19,316,1.082,14.344,313,25
19,317,1.321,21.575,286,30
19,318,1.142,20.893,344,39
19,319,1.294,16.236,295,34
19,320,1.058,19.974,254,26
19,321,1.082,24.760,327,35
19,322,1.025,20.252,387,34
19,323,0.836,20.026,322,33
19,324,0.879,19.371,299,35
19,325,0.947,21.641,204,24
19,326,0.787,22.121,280,31
19,327,1.079,24.208,354,40
19,328,1.113,20.205,340,33
19,329,1.031,18.084,289,33
19,330,0.990,20.038,330,39
19,331,0.912,19.721,236,35
19,332,1.113,19.953,289,32
19,333,1.030,17.306,272,37
19,334,1.134,18.245,290,32
19,335,0.958,18.715,292,34
19,336,1.089,19.532,310,27
19,337,1.137,22.937,294,27
19,338,1.165,21.109,376,33
19,339,1.212,21.853,327,42
19,340,1.158,21.212,298,43
19,341,0.969,19.736,283,32
19,342,1.155,20.379,400,22
19,343,1.050,23.660,281,43
19,344,0.971,19.697,298,35
19,345,1.229,18.033,309,37
19,346,0.933,22.298,261,28
19,347,1.330,21.774,289,45
19,348,1.085,20.024,297,40
19,349,1.190,27.185,323,31
19,350,1.039,21.773,316,36
19,351,0.984,22.472,270,30
19,352,1.008,22.508,280,34
19,353,1.177,19.734,335,25
19,354,1.140,18.669,289,35
19,355,1.070,26.143,274,32
19,356,0.903,23.934,350,28
19,357,1.023,22.358,336,34
19,358,1.185,20.229,392,28
19,359,1.178,22.976,291,36
19,360,0.907,25.156,314,34
19,361,0.965,29.279,275,26
19,362,1.050,22.826,305,42
19,363,0.914,27.684,256,34
19,364,0.925,21.692,290,22
19,365,0.952,23.585,328,33
19,366,1.071,28.801,310,31
19,367,1.093,20.349,328,32
19,368,1.153,20.366,372,32
19,369,1.533,21.299,316,22
19,370,1.510,23.660,268,41
19,371,1.432,23.786,285,24
19,372,1.421,21.316,355,27
19,373,1.245,21.186,299,32
19,374,1.244,27.815,333,27
19,375,1.255,26.791,335,29
19,376,1.543,21.361,331,38
19,377,1.346,27.224,336,35
19,378,1.621,22.687,345,32
19,379,1.203,25.373,423,33
19,380,1.508,24.325,352,31
19,381,1.456,23.056,366,24
19,382,1.494,28.452,316,30
19,383,1.483,26.406,278,34
19,384,1.349,26.435,377,33
19,385,1.394,26.561,332,38
19,386,1.098,32.754,318,27
19,387,1.266,26.500,310,31
19,388,1.430,25.446,358,36
19,389,1.414,24.198,360,36
19,390,1.371,33.749,359,38
19,391,1.406,23.151,339,29
19,392,1.447,29.707,386,24
19,393,1.625,34.928,334,27
19,394,1.391,29.783,356,35
19,395,1.389,26.413,346,31
19,396,1.444,25.576,362,27
19,397,1.210,27.203,340,40
19,398,1.413,33.090,351,36
19,399,1.359,29.994,409,29
20,0,1.273,22.763,344,31
20,1,1.140,18.955,328,34
20,2,1.185,23.663,359,24
20,3,1.356,21.348,372,23
20,4,1.249,22.166,301,32
20,5,1.491,22.400,310,21
20,6,1.453,24.524,360,32
20,7,1.431,24.916,311,31
20,8,1.208,25.979,331,28
20,9,1.458,21.356,316,26
20,10,1.439,27.045,325,23
20,11,1.347,27.492,295,28
20,12,1.131,26.542,289,23
20,13,1.146,28.295,359,21
20,14,1.145,27.062,293,29
20,15,1.168,26.194,296,28
20,16,1.180,27.160,356,26
20,17,1.163,28.907,372,22
20,18,1.149,21.574,433,20
20,19,1.356,27.640,381,32
20,20,1.257,26.221,397,34
20,21,1.328,19.528,433,33
20,22,1.332,26.425,320,30
20,23,1.613,22.724,444,28
20,24,1.405,22.875,381,24
20,25,1.270,19.847,324,24
20,26,1.257,24.778,405,27
20,27,1.534,24.505,358,34
20,28,1.367,28.464,353,30
20,29,1.662,26.509,418,31
20,30,1.532,29.824,266,31
20,31,1.640,23.356,393,27
20,32,1.495,24.751,440,23
20,33,1.614,27.011,395,42
20,34,1.670,28.334,373,24
20,35,1.653,25.836,432,39
20,36,1.689,28.225,361,42
20,37,1.880,26.257,375,19
20,38,1.817,24.642,377,26
20,39,1.687,24.968,419,33
20,40,1.875,21.465,423,37
20,41,1.932,19.974,429,35
20,42,1.978,21.725,457,30
20,43,2.174,23.075,418,33
20,44,2.125,25.041,409,31
20,45,1.961,25.691,383,22
20,46,2.141,30.057,488,31
20,47,2.106,25.005,433,29
20,48,1.932,28.964,410,19
20,49,1.872,20.509,388,28
20,50,2.067,28.203,501,32
20,51,1.798,29.260,442,20
20,52,2.113,27.398,490,26
20,53,1.822,33.201,466,27
20,54,1.715,24.890,454,24
20,55,1.807,30.041,522,30
20,56,1.635,33.282,441,37
20,57,1.598,27.685,430,23
20,58,5.822,34.827,437,20
20,59,3.819,42.600,534,27
20,60,3.935,52.121,378,29
20,61,3.038,53.410,565,32
20,62,2.755,42.556,481,25
20,63,2.093,55.320,382,30
20,64,1.934,42.667,398,28
20,65,1.681,45.972,425,26
20,66,1.502,39.573,381,23
20,67,1.697,45.770,508,28
20,68,1.481,37.683,357,20
20,69,1.666,34.567,414,25
20,70,1.675,32.799,447,35
20,71,1.532,27.383,539,31
20,72,1.799,30.248,477,40
20,73,2.074,22.802,552,31
20,74,1.709,31.193,509,25
20,75,1.938,21.238,451,19
20,76,2.255,21.182,490,26
20,77,2.736,27.794,575,25
20,78,2.701,20.608,444,21
20,79,2.202,24.842,457,26
20,80,2.572,21.826,529,38
20,81,2.288,22.547,457,27
20,82,2.565,21.631,543,36
20,83,2.571,24.260,696,27
20,84,2.971,17.979,512,24
20,85,2.957,26.740,619,32
20,86,2.861,22.829,684,28
20,87,2.773,17.734,619,38
20,88,2.761,20.012,625,17
20,89,2.860,26.910,594,21
20,90,2.710,26.940,571,32
20,91,2.759,24.731,502,24
20,92,2.647,26.643,618,29
20,93,2.323,26.798,618,23
20,94,3.083,24.143,467,29
20,95,2.617,21.552,542,31
20,96,2.509,22.717,477,29
20,97,2.576,28.970,581,29
20,98,2.977,25.991,507,35
20,99,2.670,27.856,543,24
20,100,2.338,24.448,513,26
20,101,2.288,23.823,450,23
20,102,2.847,21.805,527,32
20,103,2.348,23.797,624,29
20,104,2.796,25.684,395,31
20,105,2.549,31.245,574,38
20,106,2.309,29.452,638,34
20,107,2.272,28.228,556,31
20,108,2.687,27.570,621,26
20,109,2.680,20.085,545,30
20,110,2.596,24.877,424,23
20,111,2.615,27.275,476,33
20,112,2.708,27.375,656,31
20,113,1.955,25.003,778,25
20,114,2.461,26.446,474,16
20,115,2.909,31.719,542,36
20,116,3.249,26.993,524,20
20,117,2.904,25.275,507,25
20,118,2.611,27.411,506,32
20,119,2.812,22.553,578,27
20,120,2.822,27.416,513,26
20,121,2.687,26.732,523,30
20,122,2.560,30.484,597,33
20,123,2.843,29.758,743,19
20,124,2.624,28.737,596,30
20,125,2.660,27.215,612,21
20,126,2.298,28.861,528,27
20,127,2.158,26.971,606,22
20,128,2.401,27.085,676,27
20,129,2.688,26.936,584,24
20,130,2.462,26.582,595,22
20,131,2.248,25.534,573,38
20,132,2.275,23.206,551,27
20,133,2.633,23.898,501,32
20,134,2.556,33.854,613,25
20,135,2.595,25.147,513,25
20,136,2.797,24.384,565,33
20,137,2.555,21.460,621,31
20,138,2.650,21.163,525,36
20,139,3.605,23.728,418,36
20,140,3.031,23.068,584,28
20,141,2.805,27.957,495,23
20,142,2.938,22.364,518,28
20,143,2.716,28.043,683,29
20,144,2.804,27.993,583,37
20,145,2.832,23.515,662,25
20,146,2.686,27.427,605,35
20,147,2.572,23.185,677,27
20,148,2.796,24.942,585,31
20,149,3.256,26.262,690,40
20,150,2.676,27.242,534,29
20,151,2.757,26.423,523,35
20,152,2.557,26.946,512,23
20,153,2.331,27.443,505,23
20,154,2.662,29.500,768,23
20,155,2.340,30.243,622,22
20,156,2.666,23.586,416,36
20,157,2.431,27.730,473,35
20,158,2.764,23.462,562,34
20,159,2.545,22.902,657,32
20,160,2.501,28.795,527,35
20,161,2.749,27.627,488,22
20,162,2.430,28.785,657,27
20,163,2.128,26.498,562,29
20,164,2.113,24.476,612,31
20,165,2.549,25.608,485,33
20,166,2.511,19.012,495,37
20,167,2.584,22.118,633,33
20,168,2.566,22.921,523,36
20,169,2.418,23.178,536,21
20,170,1.970,24.325,654,33
20,171,2.314,23.211,624,33
20,172,2.767,22.398,506,31
20,173,2.285,23.228,574,43
20,174,2.406,27.291,467,29
20,175,2.240,22.617,483,37
20,176,1.904,27.964,592,42
20,177,2.879,26.157,601,28
20,178,2.221,26.503,474,35
20,179,2.090,18.814,638,37
20,180,2.155,28.411,545,32
20,181,2.103,22.012,678,35
20,182,2.381,26.796,474,31
20,183,2.420,26.720,482,29
20,184,2.130,21.967,548,29
20,185,2.262,24.804,417,37
20,186,2.547,24.368,469,31
20,187,2.330,20.100,566,33
20,188,2.556,19.850,507,34
20,189,2.382,26.671,494,30
20,190,2.613,16.550,501,29
20,191,2.840,21.616,557,27
20,192,2.706,20.032,552,41
20,193,2.326,18.456,516,37
20,194,2.381,19.890,600,44
20,195,5.367,22.304,455,38
20,196,4.462,27.572,585,40
20,197,4.244,30.386,467,34
20,198,3.722,28.424,597,22
20,199,2.678,29.841,555,31
20,200,2.576,25.999,598,24
20,201,2.828,29.950,456,27
20,202,2.274,27.805,565,41
20,203,1.842,28.901,422,38
20,204,1.889,28.993,501,43
20,205,1.682,29.311,520,36
20,206,1.564,27.048,547,33
20,207,1.700,27.078,636,30
20,208,1.554,20.853,467,29
20,209,4.755,25.521,542,33
20,210,3.321,34.622,429,32
20,211,3.649,33.437,479,39
20,212,2.665,32.019,554,36
20,213,2.247,30.512,529,36
20,214,1.869,33.051,486,40
20,215,1.977,40.725,414,35
20,216,1.676,35.614,478,21
20,217,1.793,34.195,553,32
20,218,1.521,23.010,522,34
20,219,1.450,25.060,401,35
20,220,1.641,24.342,479,30
20,221,1.632,19.087,576,30
20,222,1.432,17.463,528,26
20,223,1.587,16.757,524,39
20,224,1.810,14.558,563,36
20,225,1.966,14.817,611,27
20,226,1.777,16.459,544,43
20,227,1.864,16.339,612,28
20,228,1.686,15.970,489,38
20,229,1.826,19.526,436,27
20,230,1.759,15.967,493,35
20,231,1.772,17.769,545,41
20,232,2.125,16.588,696,34
20,233,1.612,19.939,521,35
20,234,1.809,15.069,646,43
20,235,1.618,21.038,640,26
20,236,1.608,17.969,581,28
20,237,1.858,18.617,534,27
20,238,1.682,14.019,623,33
20,239,1.814,14.984,458,29
20,240,1.729,14.880,533,27
20,241,1.942,15.223,583,37
20,242,1.895,15.799,419,33
20,243,1.826,15.382,383,27
20,244,1.603,16.252,487,32
20,245,1.742,15.487,486,31
20,246,1.595,13.085,534,35
20,247,1.971,13.645,534,40
20,248,1.670,14.600,582,40
20,249,1.560,18.070,457,26
20,250,1.715,18.199,478,28
20,251,1.680,15.777,444,37
20,252,1.706,16.152,457,38
20,253,2.051,14.450,462,45
20,254,1.627,15.448,391,39
20,255,1.711,19.151,389,42
20,256,1.713,17.964,485,27
20,257,1.661,14.410,451,42
20,258,1.546,17.308,466,38
20,259,1.546,16.145,447,29
20,260,1.536,15.352,368,32
20,261,1.335,14.698,397,35
20,262,1.443,19.248,342,39
20,263,1.494,16.533,436,30
20,264,1.440,16.853,330,27
20,265,1.178,17.170,399,34
20,266,5.681,25.434,333,47
20,267,3.634,26.924,400,20
20,268,2.893,36.730,391,26
20,269,2.505,42.634,392,34
20,270,2.263,40.442,345,36
20,271,1.621,44.186,338,27
20,272,1.265,31.650,400,33
20,273,0.849,35.358,337,36
20,274,1.005,34.772,342,32
20,275,0.994,25.288,480,42
20,276,3.076,36.332,356,38
20,277,2.639,33.583,321,30
20,278,2.118,33.519,387,40
20,279,1.687,33.323,370,34
20,280,1.328,35.997,429,29
20,281,1.244,26.316,362,38
20,282,0.878,28.654,345,29
20,283,0.820,26.047,321,25
20,284,0.811,21.080,285,33
20,285,0.833,23.952,343,37
20,286,0.892,19.584,373,35
20,287,0.926,18.356,357,30
20,288,1.039,17.498,353,28
20,289,1.012,15.057,431,32
20,290,1.250,15.642,470,53
20,291,1.225,11.205,406,34
20,292,1.247,15.996,448,37
20,293,3.760,21.130,399,35
20,294,3.893,18.072,422,29
20,295,3.046,18.398,361,43
20,296,2.372,24.156,430,28
20,297,2.035,23.568,374,40
20,298,1.545,26.019,425,32
20,299,1.639,25.449,474,27
20,300,1.021,27.072,347,41
20,301,0.996,22.661,661,34
20,302,1.116,24.306,376,36
20,303,0.837,18.107,360,24
20,304,1.085,17.265,355,36
20,305,1.215,19.484,422,44
20,306,1.139,12.985,329,32
20,307,1.241,16.539,465,37
20,308,1.354,12.402,310,31
20,309,1.268,15.316,419,42
20,310,1.483,10.547,403,24
20,311,1.571,14.256,306,28
20,312,1.352,15.110,425,42
20,313,1.597,15.131,382,37
20,314,1.602,12.033,467,42
20,315,1.499,15.454,424,31
20,316,1.388,12.658,442,38
20,317,1.445,16.827,352,39
20,318,1.529,17.603,399,35
20,319,1.361,14.571,320,30
20,320,1.260,13.104,329,47
20,321,1.409,16.059,405,25
20,322,1.366,14.025,354,32
20,323,1.270,18.483,377,34
20,324,1.361,13.524,284,40
20,325,1.230,16.737,424,43
20,326,1.236,16.936,380,33
20,327,1.077,17.619,393,41
20,328,1.288,15.605,319,42
20,329,1.413,20.358,475,40
20,330,1.384,16.956,337,36
20,331,1.132,17.327,338,33
20,332,1.203,21.501,371,40
20,333,1.359,14.788,325,28
20,334,1.244,15.713,437,36
20,335,1.459,15.781,360,40
20,336,1.409,14.785,303,42
20,337,1.256,19.713,310,28
20,338,1.251,16.688,271,37
20,339,1.310,17.089,340,35
20,340,4.298,27.805,314,29
20,341,3.636,27.784,308,34
20,342,2.970,36.211,380,34
20,343,2.213,33.605,358,27
20,344,1.666,42.647,363,44
20,345,1.407,33.408,329,31
20,346,1.257,35.023,303,24
20,347,0.948,36.201,339,37
20,348,0.960,31.885,247,31
20,349,0.903,26.841,297,45
20,350,0.902,26.826,326,23
20,351,1.003,26.845,327,25
20,352,0.918,28.879,263,27
20,353,1.042,23.003,296,39
20,354,0.909,23.825,321,40
20,355,1.049,27.882,283,50
20,356,1.018,24.617,305,47
20,357,1.103,20.715,340,40
20,358,1.133,21.802,345,35
20,359,1.059,20.902,322,33
20,360,1.253,23.023,323,33
20,361,1.092,22.314,325,38
20,362,1.277,20.069,355,30
20,363,1.294,22.853,412,38
20,364,1.102,21.635,392,38
20,365,1.284,19.298,295,32
20,366,1.411,17.550,322,29
20,367,1.204,23.732,363,33
20,368,1.335,19.654,378,33
20,369,1.489,16.906,393,34
20,370,1.407,20.393,354,26
20,371,1.439,21.851,397,32
20,372,1.662,23.539,352,32
20,373,1.559,22.633,429,49
20,374,1.167,22.596,293,39
20,375,1.277,20.861,418,24
20,376,1.266,22.450,313,29
20,377,1.340,28.839,289,33
20,378,1.535,22.564,354,29
20,379,1.556,23.896,370,39
20,380,1.174,24.669,279,34
20,381,1.182,25.390,354,19
20,382,1.176,31.544,319,35
20,383,1.412,21.725,352,31
20,384,1.449,24.229,376,35
20,385,1.177,26.065,320,32
20,386,1.176,29.874,361,40
20,387,1.407,32.525,353,34
20,388,1.134,25.262,310,29
20,389,1.306,24.058,362,30
20,390,1.443,33.007,337,40
20,391,1.173,26.828,388,27
20,392,1.372,27.330,338,34
20,393,1.454,28.801,415,25
20,394,1.293,29.582,356,37
20,395,1.292,29.207,405,24
20,396,1.186,27.056,342,32
20,397,1.509,27.938,295,27
20,398,1.626,29.541,385,24
20,399,1.444,26.695,347,40
21,0,1.486,23.000,357,32
21,1,1.554,18.648,290,34
21,2,1.393,21.133,347,26
21,3,1.535,22.149,322,36
21,4,1.467,21.705,356,25
21,5,1.549,23.484,401,24
21,6,1.327,24.377,331,23
21,7,1.563,22.074,288,22
21,8,1.393,22.216,339,23
21,9,1.537,28.249,322,23
21,10,1.533,26.152,352,29
21,11,1.696,25.502,306,37
21,12,1.479,23.605,375,24
21,13,1.530,27.769,367,27
21,14,1.340,24.974,457,29
21,15,1.414,22.161,323,25
21,16,1.500,26.130,305,20
21,17,1.275,25.658,367,26
21,18,1.395,24.615,395,40
21,19,1.330,25.488,284,31
21,20,1.232,29.389,404,28
21,21,5.957,31.576,376,25
21,22,4.761,46.037,378,44
21,23,4.550,52.236,396,38
21,24,4.083,48.251,356,22
21,25,3.141,42.050,388,22
21,26,2.264,51.287,460,31
21,27,1.874,47.771,489,25
21,28,1.443,49.324,322,30
21,29,1.348,36.895,428,27
21,30,1.344,33.253,311,31
21,31,1.117,43.084,347,37
21,32,0.997,39.003,499,25
21,33,1.270,31.888,391,28
21,34,1.127,31.742,390,30
21,35,1.262,29.201,395,33
21,36,1.470,32.849,428,27
21,37,1.346,26.294,400,25
21,38,1.446,26.653,354,28
21,39,1.352,25.464,414,28
21,40,1.425,23.870,420,30
21,41,1.810,29.812,499,35
21,42,1.930,26.225,523,28
21,43,1.629,27.019,422,34
21,44,1.624,21.088,363,24
21,45,1.832,25.085,441,31
21,46,2.152,21.829,449,27
21,47,2.143,24.844,476,28
21,48,2.099,23.446,533,35
21,49,2.069,21.259,468,23
21,50,2.259,21.451,479,27
21,51,2.247,20.540,534,23
21,52,4.957,22.449,475,23
21,53,3.738,30.162,551,31
21,54,3.858,29.981,458,21
21,55,2.707,35.888,574,41
21,56,3.061,33.883,506,30
21,57,2.679,37.414,463,25
21,58,2.589,33.943,448,27
21,59,2.003,30.366,533,30
21,60,2.269,27.818,698,25
21,61,1.760,29.232,579,34
21,62,1.803,24.485,596,26
21,63,1.961,35.255,604,37
21,64,2.021,27.848,466,26
21,65,1.985,24.669,465,28
21,66,2.230,29.516,488,26
21,67,2.665,22.690,563,39
21,68,2.023,26.491,477,29
21,69,2.394,22.523,623,25
21,70,2.192,23.966,466,33
21,71,2.394,29.697,476,29
21,72,2.704,21.680,500,29
21,73,2.181,21.465,619,23
21,74,2.556,23.954,481,33
21,75,3.053,22.509,564,23
21,76,2.362,22.211,682,35
21,77,2.730,20.722,574,30
21,78,2.755,20.954,613,42
21,79,2.745,21.645,443,18
21,80,2.614,22.758,634,19
21,81,2.841,22.774,557,28
21,82,2.917,24.553,460,30
21,83,2.234,23.863,573,30
21,84,2.679,22.152,552,32
21,85,2.409,24.125,583,25
21,86,2.897,22.315,603,38
21,87,2.563,20.121,617,31
21,88,3.004,18.383,572,28
21,89,3.020,21.961,492,27
21,90,2.764,26.478,536,15
21,91,3.105,23.359,517,33
21,92,3.146,22.517,464,21
21,93,2.954,26.832,544,36
21,94,2.770,32.832,567,23
21,95,2.477,26.679,620,24
21,96,2.503,28.247,573,39
21,97,2.740,27.231,534,24
21,98,2.698,29.769,528,23
21,99,2.554,23.039,784,32
21,100,2.575,24.123,614,24
21,101,2.491,24.355,505,29
21,102,2.908,24.850,520,37
21,103,2.631,23.044,715,44
21,104,2.884,28.258,492,25
21,105,2.600,26.895,553,31
21,106,2.407,25.988,549,24
21,107,2.510,25.933,513,34
21,108,2.554,24.872,534,24
21,109,2.756,23.842,525,26
21,110,2.579,34.272,551,34
21,111,2.752,27.456,511,30
21,112,2.720,30.527,653,24
21,113,2.354,22.389,576,27
21,114,3.064,27.569,574,30
21,115,3.091,24.760,482,28
21,116,3.045,21.448,529,29
21,117,3.192,20.883,518,26
21,118,2.725,23.803,620,31
21,119,3.362,22.383,462,24
21,120,3.116,20.064,554,31
21,121,3.348,25.231,585,31
21,122,2.963,23.891,483,29
21,123,2.937,24.812,546,30
21,124,2.673,30.903,547,30
21,125,2.713,29.959,581,31
21,126,2.477,24.914,677,24
21,127,2.503,29.107,564,33
21,128,2.992,27.296,398,28
21,129,2.862,26.373,545,21
21,130,2.160,22.305,531,35
21,131,2.780,24.063,535,33
21,132,2.592,26.179,571,36
21,133,2.553,25.381,430,29
21,134,2.321,24.809,431,25
21,135,2.723,25.644,724,27
21,136,2.524,25.601,435,35
21,137,2.557,33.033,495,33
21,138,2.366,33.115,556,26
21,139,2.216,30.856,589,32
21,140,1.782,30.798,439,25
21,141,2.044,33.643,512,38
21,142,1.782,28.172,505,38
21,143,2.259,32.007,585,34
21,144,2.382,30.437,544,29
21,145,2.325,26.868,541,38
21,146,5.786,26.708,676,37
21,147,5.196,32.832,558,30
21,148,5.405,45.430,626,33
21,149,4.056,42.389,640,34
21,150,3.562,46.244,663,33
21,151,2.514,46.532,623,39
21,152,2.280,42.856,547,43
21,153,2.090,41.116,534,26
21,154,2.038,37.543,524,24
21,155,2.026,30.297,605,35
21,156,2.014,35.492,593,37
21,157,2.475,34.801,601,29
21,158,2.580,24.306,598,32
21,159,2.096,31.266,604,32
21,160,2.003,28.446,493,37
21,161,2.119,23.452,694,39
21,162,2.895,23.376,616,25
21,163,2.506,21.543,529,26
21,164,2.664,20.289,576,30
21,165,2.537,20.233,596,40
21,166,2.644,22.715,545,27
21,167,2.606,25.664,580,26
21,168,2.454,21.165,559,33
21,169,2.427,19.184,584,36
21,170,2.366,21.669,670,38
21,171,2.929,22.418,577,36
21,172,2.833,20.324,666,29
21,173,2.637,23.379,662,30
21,174,2.439,21.360,658,37
21,175,2.636,21.104,721,32
21,176,2.559,22.848,623,40
21,177,2.116,23.596,581,31
21,178,2.374,20.337,624,35
21,179,2.353,22.836,604,31
21,180,2.264,24.540,576,34
21,181,2.453,22.204,632,38
21,182,2.320,19.389,601,31
21,183,2.156,20.739,463,35
21,184,2.260,20.582,648,38
21,185,2.829,17.902,534,45
21,186,2.136,20.503,562,25
21,187,2.364,19.588,512,39
21,188,2.187,17.558,543,30
21,189,2.172,18.603,478,36
21,190,2.355,16.710,562,28
21,191,2.683,20.713,665,29
21,192,2.680,21.641,621,27
21,193,2.275,20.783,517,23
21,194,2.596,20.393,518,30
21,195,2.251,16.467,571,39
21,196,2.389,20.857,670,33
21,197,2.589,21.400,468,39
21,198,2.480,22.073,509,44
21,199,2.446,19.381,402,29
21,200,2.270,22.624,527,35
21,201,2.246,22.055,592,39
21,202,2.163,25.296,521,43
21,203,2.155,22.258,460,33
21,204,1.924,19.721,474,42
21,205,1.682,21.009,551,29
21,206,2.152,18.388,477,31
21,207,2.046,19.866,528,33
21,208,2.103,18.672,541,33
21,209,1.987,17.921,466,26
21,210,1.971,20.276,604,33
21,211,1.971,19.439,493,33
21,212,1.862,22.699,498,32
21,213,1.915,23.651,529,41
21,214,1.954,19.062,477,37
21,215,2.023,20.566,425,31
21,216,1.804,19.673,448,40
21,217,2.279,20.615,449,35
21,218,1.912,22.014,531,26
21,219,1.766,22.468,412,23
21,220,1.870,18.433,463,34
21,221,1.919,20.836,486,34
21,222,1.659,22.441,435,40
21,223,1.512,30.433,399,37
21,224,1.658,22.346,531,47
21,225,1.734,19.397,479,35
21,226,1.444,14.651,401,31
21,227,1.559,17.679,470,40
21,228,1.458,21.905,407,37
21,229,1.351,21.924,381,30
21,230,1.730,22.686,478,38
21,231,1.753,13.678,405,37
21,232,1.842,17.541,419,36
21,233,2.031,22.850,563,34
21,234,1.996,21.911,402,36
21,235,1.564,16.217,463,29
21,236,1.759,22.120,462,24
21,237,1.631,15.959,448,31
21,238,1.879,19.268,528,33
21,239,1.613,22.772,384,34
21,240,1.479,21.120,430,37
21,241,1.489,20.387,390,31
21,242,1.451,17.079,424,47
21,243,1.373,18.511,425,36
21,244,1.418,19.260,365,33
21,245,1.611,19.769,430,34
21,246,1.738,19.087,377,29
21,247,1.693,18.756,395,26
21,248,1.422,17.938,397,40
21,249,1.574,17.757,411,29
21,250,4.438,22.253,489,39
21,251,5.236,25.917,451,36
21,252,3.731,26.915,460,46
21,253,2.956,37.497,365,33
21,254,2.618,36.521,355,31
21,255,2.020,33.410,379,31
21,256,1.399,41.129,381,36
21,257,1.384,36.923,422,35
21,258,1.087,31.540,375,31
21,259,0.923,29.234,403,33
21,260,0.950,28.684,413,31
21,261,1.046,23.749,399,28
21,262,1.021,19.589,390,28
21,263,0.980,19.411,358,26
21,264,0.965,24.272,386,34
21,265,1.258,17.375,381,30
21,266,1.117,17.306,430,24
21,267,1.090,20.800,432,36
21,268,1.168,16.861,415,29
21,269,1.305,17.209,378,35
21,270,1.289,13.906,411,31
21,271,1.166,20.138,516,22
21,272,1.532,13.168,377,43
21,273,1.300,15.111,440,41
21,274,1.549,15.570,424,33
21,275,1.345,15.093,420,40
21,276,1.412,14.423,450,47
21,277,1.379,15.573,395,42
21,278,1.440,15.150,422,38
21,279,1.411,15.903,417,40
21,280,1.289,13.772,430,28
21,281,1.485,15.738,456,30
21,282,1.477,12.613,369,34
21,283,1.397,15.750,435,25
21,284,1.404,12.711,356,40
21,285,1.253,15.105,402,30
21,286,1.046,13.848,344,36
21,287,1.194,17.854,432,32
21,288,1.351,12.808,369,28
21,289,1.228,13.176,394,35
21,290,1.342,15.200,447,21
21,291,1.299,13.523,478,37
21,292,1.311,15.567,377,36
21,293,1.285,14.823,323,37
21,294,1.125,16.515,418,31
21,295,1.139,18.140,285,39
21,296,1.323,19.241,322,32
21,297,1.239,17.512,337,46
21,298,1.319,14.324,312,26
21,299,1.377,18.415,395,40
21,300,1.127,18.788,345,44
21,301,1.234,13.698,318,36
21,302,1.216,15.113,354,23
21,303,1.092,16.747,349,29
21,304,1.119,14.898,304,32
21,305,1.009,18.492,360,33
21,306,0.992,17.919,386,33
21,307,1.201,14.896,314,38
21,308,1.023,19.351,325,32
21,309,1.109,17.143,321,35
21,310,1.228,17.353,350,29
21,311,1.105,18.768,254,24
21,312,1.008,14.130,252,33
21,313,1.077,21.019,277,39
21,314,1.092,17.940,296,35
21,315,1.168,16.723,358,30
21,316,1.260,18.302,316,27
21,317,1.141,17.503,303,37
21,318,1.101,19.948,384,34
21,319,0.949,21.444,398,21
21,320,0.970,17.236,300,29
21,321,1.032,18.944,324,25
21,322,1.131,17.976,300,33
21,323,0.966,16.719,352,28
21,324,1.129,15.661,283,33
21,325,1.279,20.585,326,33
21,326,1.362,17.818,346,42
21,327,1.403,18.025,351,32
21,328,1.498,15.989,295,37
21,329,1.107,17.226,301,36
21,330,1.394,19.422,334,33
21,331,1.242,16.404,275,36
21,332,1.470,18.242,322,36
21,333,1.422,18.538,238,35
21,334,1.545,18.401,282,25
21,335,1.188,18.217,318,35
21,336,1.164,18.023,294,33
21,337,1.326,18.748,290,36
21,338,1.216,18.888,316,34
21,339,0.993,20.425,273,30
21,340,1.145,19.057,265,38
21,341,1.219,22.966,272,27
21,342,1.058,21.241,266,37
21,343,1.101,21.963,312,35
21,344,1.192,21.053,271,33
21,345,1.180,24.005,371,28
21,346,1.019,17.801,267,33
21,347,1.106,21.778,343,38
21,348,0.950,26.213,253,27
21,349,1.169,23.837,324,29
21,350,0.969,24.021,323,34
21,351,1.175,22.825,283,31
21,352,1.146,24.473,274,34
21,353,1.144,19.110,353,38
21,354,1.178,19.378,304,42
21,355,1.305,23.800,330,32
21,356,1.080,20.646,330,24
21,357,1.169,19.999,342,27
21,358,1.233,26.139,346,28
21,359,1.228,26.146,295,26
21,360,1.198,21.301,304,35
21,361,1.333,25.807,362,28
21,362,1.121,22.862,322,33
21,363,1.054,24.800,283,29
21,364,1.073,26.174,283,28
21,365,1.009,23.020,377,35
21,366,1.061,26.426,308,28
21,367,1.194,26.944,241,36
21,368,1.304,26.348,246,32
21,369,1.119,23.297,324,23
21,370,1.205,22.235,306,27
21,371,1.208,22.060,383,25
21,372,1.312,24.780,324,32
21,373,1.313,24.935,340,32
21,374,1.290,23.118,318,38
21,375,1.403,23.213,288,31
21,376,1.317,26.809,361,26
21,377,1.407,29.024,361,35
21,378,1.194,25.269,293,42
21,379,1.443,25.753,283,25
21,380,1.392,23.932,340,26
21,381,1.251,24.922,364,20
21,382,1.234,28.116,314,34
21,383,1.382,30.174,415,35
21,384,1.291,24.922,352,24
21,385,1.140,32.544,424,34
21,386,1.318,27.289,377,28
21,387,1.316,25.425,386,20
21,388,1.574,24.632,317,27
21,389,1.334,27.143,321,22
21,390,1.675,26.790,301,33
21,391,1.429,25.049,252,44
21,392,1.204,24.835,367,37
21,393,1.402,26.055,378,27
21,394,1.588,24.679,377,33
21,395,1.474,28.852,308,30
21,396,1.278,25.652,378,29
21,397,1.589,30.547,360,21
21,398,1.469,25.328,367,44
21,399,1.471,24.966,330,30
22,0,1.066,20.804,314,25
22,1,1.176,19.950,332,23
22,2,1.329,20.072,349,27
22,3,1.402,21.644,414,36
22,4,1.441,19.879,371,29
22,5,1.609,24.547,408,24
22,6,1.233,25.097,317,24
22,7,1.246,28.858,318,25
22,8,1.262,22.350,419,23
22,9,1.436,21.881,439,30
22,10,1.401,19.060,368,30
22,11,1.398,19.673,311,31
22,12,1.482,19.150,341,30
22,13,1.706,19.490,347,24
22,14,1.422,18.885,391,24
22,15,2.018,20.264,443,26
22,16,1.785,23.997,524,36
22,17,1.714,21.191,358,30
22,18,1.810,23.786,312,38
22,19,1.759,21.958,298,43
22,20,1.717,20.438,353,30
22,21,1.790,21.039,387,28
22,22,1.530,27.360,335,24
22,23,1.681,25.588,448,24
22,24,1.606,24.791,388,30
22,25,1.319,22.907,452,31
22,26,1.370,22.877,456,24
22,27,1.589,19.932,459,21
22,28,1.465,27.762,419,30
22,29,1.445,26.922,392,19
22,30,1.424,23.766,485,36
22,31,1.240,26.308,448,29
22,32,1.518,26.037,384,25
22,33,1.640,24.384,437,27
22,34,1.461,24.391,330,33
22,35,1.570,23.388,427,30
22,36,1.459,27.654,362,27
22,37,1.621,19.895,384,27
22,38,1.566,24.854,435,24
22,39,1.611,24.738,433,33
22,40,1.663,26.330,408,27
22,41,1.561,26.442,361,24
22,42,1.749,22.748,458,25
22,43,1.771,25.189,355,27
22,44,1.759,22.148,426,22
22,45,2.109,25.699,396,20
22,46,1.630,27.803,395,23
22,47,1.964,33.717,399,31
22,48,1.978,26.614,336,27
22,49,1.991,24.426,397,32
22,50,2.000,23.547,401,27
22,51,1.830,25.850,417,20
22,52,1.811,30.267,468,28
22,53,1.744,28.007,449,29
22,54,1.696,28.367,450,30
22,55,1.699,23.395,458,19
22,56,2.031,24.892,440,35
22,57,2.138,24.330,531,24
22,58,2.049,28.103,390,33
22,59,2.195,25.386,410,38
22,60,1.907,26.727,497,31
22,61,1.811,24.672,348,22
22,62,1.736,31.940,412,31
22,63,1.883,23.588,454,34
22,64,1.883,29.360,428,37
22,65,2.296,23.821,451,31
22,66,2.293,26.440,411,26
22,67,2.394,31.077,498,38
22,68,2.002,34.639,486,41
22,69,2.063,31.913,454,25
22,70,2.234,29.577,536,19
22,71,2.305,27.947,396,27
22,72,1.911,29.476,479,35
22,73,1.990,27.782,564,23
22,74,2.158,28.025,424,30
22,75,2.118,26.835,441,36
22,76,2.046,29.331,531,20
22,77,2.188,25.472,522,33
22,78,2.084,27.756,459,29
22,79,2.615,26.885,722,32
22,80,2.426,28.047,491,30
22,81,2.490,30.429,483,28
22,82,2.490,24.539,513,25
22,83,2.105,27.086,460,24
22,84,2.176,22.771,428,28
22,85,2.373,26.398,457,24
22,86,2.321,27.407,424,28
22,87,1.983,22.812,527,24
22,88,2.592,27.486,470,26
22,89,2.689,26.991,468,30
22,90,2.632,26.744,525,32
22,91,2.313,29.837,484,33
22,92,25.213,35.118,528,33
22,93,22.979,36.709,542,30
22,94,20.820,41.983,447,35
22,95,16.321,50.133,464,28
22,96,15.863,56.330,521,23
22,97,15.278,61.287,519,35
22,98,13.313,49.921,464,26
22,99,10.778,59.638,311,35
22,100,9.972,58.222,205,25
22,101,8.167,63.753,162,26
22,102,6.298,104.194,123,21
22,103,5.383,94.256,79,20
22,104,4.660,70.304,70,16
22,105,4.727,83.168,70,10
22,106,4.578,84.863,41,30
22,107,4.320,84.358,29,15
22,108,3.975,82.416,25,12
22,109,3.847,83.192,23,9
22,110,3.740,80.462,13,10
22,111,3.828,87.401,12,9
22,112,3.846,81.849,10,12
22,113,3.098,75.741,7,12
22,114,3.369,78.611,5,7
22,115,3.327,77.881,6,13
22,116,2.716,82.319,4,6
22,117,3.338,87.616,4,2
22,118,2.776,90.119,3,4
22,119,2.679,78.971,2,10
22,120,2.839,78.664,2,3
22,121,2.952,63.465,2,4
22,122,2.878,87.426,2,8
22,123,2.982,72.749,2,6
22,124,2.801,71.822,2,5
22,125,2.806,78.115,2,3
22,126,2.553,89.809,1,5
22,127,2.588,89.673,2,2
22,128,2.473,78.668,2,1
22,129,2.928,79.706,1,4
22,130,2.440,87.301,1,10
22,131,2.426,90.547,2,2
22,132,3.016,81.463,1,2
22,133,2.525,89.667,2,1
22,134,2.311,96.656,1,0
22,135,2.571,80.989,1,2
22,136,2.696,87.795,1,2
22,137,2.556,90.328,1,2
22,138,2.471,88.727,1,0
22,139,2.788,89.331,1,3
22,140,2.794,78.354,1,1
22,141,2.482,85.011,1,4
22,142,2.715,87.079,1,2
22,143,2.589,83.876,1,2
22,144,2.726,86.828,1,1
22,145,2.861,79.484,2,0
22,146,2.532,94.690,1,1
22,147,2.554,85.512,1,0
22,148,2.697,100.052,1,2
22,149,2.495,74.999,1,0
22,150,2.239,88.037,1,0
22,151,2.618,80.522,1,0
22,152,2.429,84.877,1,0
22,153,2.563,77.799,1,0
22,154,2.424,80.487,1,0
22,155,2.778,83.462,1,1
22,156,2.647,88.059,1,1
22,157,2.266,85.995,1,0
22,158,2.632,76.388,1,2
22,159,2.085,89.844,1,0
22,160,2.280,88.283,1,0
22,161,2.299,89.593,1,0
22,162,2.225,82.392,1,1
22,163,2.805,79.095,1,0
22,164,2.610,77.743,1,0
22,165,2.121,91.923,1,0
22,166,2.519,83.722,1,0
22,167,1.908,90.377,1,1
22,168,2.043,70.236,1,0
22,169,2.615,82.205,1,0
22,170,2.209,72.546,1,0
22,171,1.951,65.240,1,0
22,172,2.011,87.667,1,0
22,173,2.076,91.565,2,1
22,174,2.034,88.685,1,2
22,175,1.954,84.759,1,0
22,176,1.974,64.709,1,1
22,177,1.744,82.264,1,0
22,178,2.156,80.473,1,0
22,179,1.875,84.388,1,1
22,180,2.047,79.089,1,3
22,181,1.825,60.600,1,0
22,182,1.835,83.471,1,0
22,183,1.929,90.401,1,1
22,184,1.844,74.472,1,0
22,185,1.682,74.993,1,1
22,186,1.909,86.763,1,2
22,187,1.943,88.604,1,0
22,188,1.690,70.844,1,0
22,189,1.833,66.621,1,1
22,190,1.787,74.132,1,0
22,191,1.776,76.734,1,0
22,192,1.603,78.791,1,1
22,193,1.959,87.670,1,0
22,194,1.571,99.820,1,1
22,195,1.715,87.863,1,0
22,196,1.698,88.162,1,0
22,197,1.737,81.963,1,0
22,198,1.414,76.592,1,0
22,199,1.471,83.679,1,1
22,200,1.600,81.054,1,0
22,201,1.455,76.355,1,0
22,202,1.494,82.080,1,0
22,203,4.430,77.539,1,1
22,204,4.650,96.862,1,0
22,205,3.730,78.801,1,1
22,206,3.706,88.914,1,0
22,207,3.342,80.937,1,0
22,208,2.988,97.129,1,0
22,209,2.724,79.725,1,0
22,210,2.579,75.004,1,1
22,211,2.193,96.495,1,0
22,212,1.946,77.710,1,0
22,213,2.136,75.581,1,0
22,214,2.137,73.171,1,0
22,215,1.549,72.770,1,1
22,216,1.770,81.831,1,0
22,217,1.425,77.232,1,1
22,218,1.533,76.633,2,0
22,219,1.327,82.634,1,0
22,220,1.198,77.717,1,1
22,221,1.351,92.399,1,1
22,222,1.074,77.056,1,0
22,223,1.124,79.356,1,1
22,224,1.323,67.883,1,0
22,225,1.110,69.777,1,0
22,226,1.083,69.163,1,0
22,227,1.080,73.058,1,0
22,228,0.998,56.605,1,0
22,229,0.975,81.108,1,0
22,230,0.937,73.479,2,1
22,231,0.852,61.557,1,0
22,232,0.946,61.849,1,0
22,233,0.807,74.749,1,0
22,234,0.806,79.856,1,0
22,235,0.882,70.338,2,1
22,236,0.971,60.043,1,1
22,237,0.995,63.441,1,0
22,238,0.898,71.223,1,1
22,239,0.770,53.955,1,1
22,240,0.781,61.868,2,0
22,241,0.921,68.449,2,2
22,242,3.464,75.879,4,0
22,243,2.792,78.031,2,0
22,244,2.157,64.243,2,0
22,245,2.038,68.953,2,0
22,246,1.630,81.808,1,0
22,247,1.365,71.320,1,1
22,248,1.256,86.931,2,0
22,249,1.160,86.617,1,0
22,250,1.019,70.954,1,2
22,251,1.057,78.246,2,1
22,252,0.849,71.491,1,1
22,253,0.790,74.704,1,0
22,254,0.824,65.012,2,0
22,255,0.813,63.943,1,0
22,256,0.727,66.925,1,0
22,257,0.779,58.287,1,0
22,258,0.756,67.879,2,2
22,259,0.738,64.840,3,0
22,260,0.691,53.848,3,1
22,261,0.692,67.195,3,0
22,262,0.592,64.519,3,2
22,263,0.681,59.501,4,0
22,264,0.647,54.590,5,3
22,265,0.602,54.972,4,0
22,266,0.583,71.132,5,0
22,267,0.614,65.770,4,0
22,268,0.701,59.421,6,2
22,269,0.608,54.622,7,1
22,270,0.525,56.044,6,0
22,271,0.535,54.400,7,1
22,272,0.615,51.096,7,0
22,273,0.585,53.814,9,1
22,274,0.594,43.277,9,0
22,275,0.544,59.061,9,0
22,276,0.675,48.628,9,3
22,277,0.599,52.268,10,0
22,278,0.595,53.339,11,1
22,279,0.660,48.646,10,2
22,280,0.549,48.362,12,2
22,281,0.620,49.983,12,0
22,282,0.625,57.402,14,1
22,283,0.555,49.438,13,0
22,284,0.606,56.812,15,0
22,285,0.507,52.918,15,1
22,286,0.634,48.205,21,1
22,287,0.514,56.045,20,1
22,288,0.566,43.074,20,1
22,289,0.580,46.282,25,0
22,290,0.590,44.297,22,0
22,291,0.527,46.103,23,2
22,292,0.631,46.558,25,0
22,293,0.553,56.133,18,2
22,294,0.507,51.571,25,1
22,295,0.578,54.048,29,2
22,296,0.483,46.958,31,2
22,297,0.521,40.706,33,2
22,298,0.553,47.838,32,0
22,299,0.554,51.744,35,4
22,300,0.543,54.493,35,0
22,301,0.661,48.553,42,0
22,302,0.594,45.538,36,1
22,303,0.590,48.768,38,0
22,304,0.573,48.396,46,2
22,305,0.611,45.072,40,1
22,306,0.601,36.803,53,3
22,307,0.557,48.544,45,1
22,308,0.592,35.763,47,2
22,309,0.559,44.890,54,4
22,310,0.484,38.051,68,3
22,311,0.420,50.365,43,2
22,312,0.544,37.068,59,4
22,313,0.608,43.016,61,1
22,314,0.598,31.355,65,1
22,315,0.584,43.301,60,3
22,316,0.611,32.506,82,0
22,317,0.613,46.620,62,2
22,318,0.545,41.579,97,4
22,319,0.592,35.526,81,1
22,320,0.652,40.390,105,2
22,321,0.461,43.856,97,1
22,322,0.617,35.119,77,4
22,323,0.683,40.568,105,1
22,324,0.720,38.094,89,1
22,325,0.660,36.521,110,2
22,326,0.791,32.587,94,1
22,327,0.702,38.150,102,1
22,328,0.614,35.553,98,2
22,329,0.693,33.938,138,2
22,330,0.746,30.311,149,1
22,331,0.714,33.125,109,0
22,332,0.683,38.245,138,3
22,333,0.671,28.799,154,0
22,334,0.549,34.126,150,2
22,335,0.705,28.720,145,1
22,336,0.744,31.051,159,2
22,337,0.736,35.850,134,2
22,338,0.695,31.409,181,2
22,339,0.821,32.232,181,3
22,340,0.720,28.973,161,2
22,341,3.034,37.324,148,2
22,342,2.241,58.530,155,4
22,343,1.650,44.602,212,0
22,344,1.293,50.405,216,1
22,345,0.998,44.812,169,2
22,346,0.996,48.133,189,1
22,347,0.744,46.134,176,1
22,348,0.723,48.390,206,2
22,349,0.715,40.793,257,1
22,350,0.726,40.388,243,1
22,351,0.771,35.499,247,2
22,352,0.857,33.319,270,2
22,353,0.933,32.438,307,0
22,354,0.861,25.329,269,3
22,355,0.853,31.709,287,2
22,356,0.874,28.366,266,0
22,357,0.917,25.818,288,2
22,358,1.017,26.801,281,3
22,359,0.908,26.139,227,4
22,360,1.082,22.827,406,4
22,361,0.907,26.287,362,3
22,362,1.023,20.478,341,1
22,363,1.232,22.875,338,1
22,364,1.265,18.414,326,2
22,365,1.270,19.153,337,1
22,366,1.284,21.388,442,0
22,367,1.312,18.645,418,0
22,368,1.499,23.036,370,3
22,369,1.369,23.440,436,4
22,370,1.494,17.257,405,5
22,371,1.417,18.714,456,5
22,372,1.654,20.303,414,3
22,373,1.437,19.018,548,5
22,374,1.669,14.983,433,5
22,375,1.712,15.843,497,3
22,376,1.830,16.826,502,5
22,377,1.904,19.463,573,2
22,378,2.009,14.133,465,2
22,379,1.855,18.713,443,3
22,380,2.080,16.865,499,5
22,381,2.011,17.360,534,4
22,382,1.727,15.531,585,0
22,383,1.948,17.525,569,1
22,384,1.991,15.101,564,1
22,385,1.962,16.747,523,3
22,386,1.881,15.956,640,3
22,387,2.062,14.967,532,1
22,388,1.967,11.378,603,5
22,389,2.743,13.727,609,4
22,390,2.761,14.058,624,5
22,391,2.293,17.087,603,5
22,392,2.281,13.270,607,4
22,393,2.116,18.287,534,2
22,394,2.265,15.132,630,3
22,395,2.587,18.625,657,3
22,396,2.493,15.313,582,2
22,397,2.939,15.051,742,2
22,398,2.486,14.188,675,3
22,399,2.660,14.322,569,3
23,0,1.160,22.562,283,34
23,1,1.345,22.564,294,30
23,2,1.187,23.301,327,29
23,3,1.194,26.395,257,24
23,4,1.360,21.645,332,21
23,5,1.357,23.612,286,33
23,6,1.291,21.260,327,36
23,7,1.119,25.395,267,28
23,8,1.267,24.997,256,36
23,9,1.341,27.430,320,24
23,10,1.718,25.852,326,33
23,11,1.428,29.599,291,36
23,12,1.218,23.337,298,38
23,13,1.455,26.123,340,35
23,14,1.365,24.142,357,34
23,15,1.412,26.680,310,40
23,16,1.518,22.427,338,26
23,17,1.343,20.768,374,41
23,18,1.230,29.423,361,25
23,19,1.483,30.317,315,33
23,20,1.171,25.760,346,42
23,21,1.353,29.622,361,29
23,22,1.357,24.072,318,38
23,23,1.328,25.564,267,26
23,24,1.811,25.443,325,34
23,25,1.384,29.264,406,26
23,26,1.349,30.898,341,30
23,27,1.491,25.628,391,25
23,28,1.450,24.291,434,27
23,29,1.170,31.282,359,28
23,30,1.429,26.288,268,30
23,31,1.378,28.804,350,31
23,32,1.344,32.163,268,24
23,33,1.428,30.703,289,34
23,34,1.487,22.392,342,23
23,35,1.335,26.230,370,27
23,36,1.369,25.853,368,31
23,37,1.376,27.366,339,33
23,38,1.664,29.567,398,23
23,39,1.672,26.416,324,28
23,40,1.450,33.642,363,35
23,41,1.278,29.348,393,30
23,42,1.601,28.828,453,26
23,43,1.475,23.403,432,41
23,44,1.790,30.876,373,29
23,45,1.478,30.073,356,26
23,46,1.670,28.612,401,28
23,47,1.924,26.391,367,40
23,48,1.641,29.425,406,39
23,49,1.493,30.293,405,34
23,50,1.761,30.350,357,32
23,51,1.527,33.337,472,34
23,52,1.590,29.375,463,31
23,53,1.579,25.654,395,35
23,54,1.677,30.945,408,35
23,55,1.858,31.439,430,34
23,56,1.590,26.901,376,23
23,57,1.897,32.674,363,30
23,58,1.932,29.889,449,30
23,59,1.928,31.412,501,40
23,60,1.787,29.059,468,25
23,61,1.845,27.828,404,36
23,62,1.709,27.623,349,32
23,63,1.684,31.024,369,30
23,64,1.848,26.677,428,33
23,65,1.881,28.670,515,29
23,66,1.994,29.887,381,53
23,67,1.934,29.064,466,37
23,68,1.956,26.364,480,31
23,69,1.946,33.263,365,32
23,70,1.880,26.092,522,24
23,71,1.969,26.326,421,26
23,72,2.233,26.746,469,35
23,73,10.679,32.877,466,25
23,74,10.516,38.265,373,26
23,75,9.596,46.898,448,25
23,76,8.759,54.453,542,36
23,77,7.945,47.702,526,32
23,78,5.853,56.590,545,21
23,79,4.725,50.671,452,33
23,80,3.927,58.903,327,43
23,81,3.776,61.405,288,21
23,82,3.477,55.424,193,18
23,83,2.509,63.099,135,22
23,84,2.234,70.225,116,29
23,85,2.364,63.013,88,17
23,86,2.296,71.426,69,12
23,87,2.238,67.312,58,16
23,88,2.090,66.654,37,20
23,89,2.335,68.051,24,19
23,90,1.771,62.915,20,17
23,91,1.947,77.940,16,11
23,92,1.867,88.562,13,11
23,93,1.804,64.713,9,11
23,94,2.180,71.271,9,11
23,95,2.163,82.212,7,3
23,96,2.320,87.986,5,10
23,97,2.231,79.553,4,10
23,98,2.188,79.079,5,5
23,99,2.236,71.474,4,8
23,100,2.357,88.389,3,8
23,101,2.501,79.859,2,9
23,102,2.346,73.380,2,7
23,103,2.582,98.343,2,4
23,104,2.535,84.685,2,4
23,105,2.514,70.139,2,5
23,106,2.484,82.195,2,2
23,107,2.117,91.796,2,6
23,108,2.291,95.686,2,5
23,109,2.498,91.421,2,4
23,110,2.209,75.696,1,2
23,111,2.300,98.010,1,3
23,112,2.461,79.627,1,2
23,113,2.312,92.380,1,2
23,114,2.666,94.332,1,3
23,115,2.524,91.040,2,2
23,116,2.407,95.318,1,0
23,117,2.532,77.947,1,1
23,118,2.812,89.121,1,0
23,119,2.635,71.117,1,2
23,120,2.665,78.602,1,3
23,121,2.475,88.849,1,3
23,122,2.450,78.804,1,2
23,123,2.366,104.737,1,3
23,124,2.532,92.164,1,2
23,125,2.667,73.887,1,1
23,126,2.692,84.321,1,0
23,127,2.709,89.207,2,2
23,128,2.443,99.194,1,1
23,129,2.741,84.060,1,2
23,130,3.004,83.816,1,0
23,131,2.635,79.868,1,1
23,132,2.354,77.666,1,1
23,133,2.611,83.140,1,3
23,134,2.714,79.552,2,2
23,135,2.828,66.617,1,1
23,136,2.520,82.080,2,0
23,137,2.746,88.299,1,2
23,138,2.532,98.566,1,3
23,139,2.223,92.707,1,0
23,140,2.865,86.204,2,0
23,141,3.113,85.176,1,2
23,142,2.497,97.774,1,0
23,143,2.691,85.978,1,0
23,144,2.582,82.409,2,1
23,145,2.600,87.760,1,0
23,146,2.424,86.161,1,0
23,147,2.652,97.898,1,0
23,148,2.103,82.556,1,0
23,149,2.656,88.452,1,1
23,150,2.295,97.360,1,1
23,151,2.841,98.369,1,0
23,152,2.545,68.423,2,0
23,153,2.207,70.177,1,0
23,154,2.290,92.124,1,0
23,155,2.438,81.720,1,0
23,156,2.274,85.589,1,0
23,157,2.602,85.167,1,0
23,158,2.307,88.968,1,1
23,159,2.670,66.416,1,0
23,160,2.277,82.192,1,0
23,161,2.651,82.181,1,0
23,162,2.322,83.217,1,2
23,163,2.048,80.062,1,0
23,164,2.129,84.172,2,2
23,165,2.348,89.309,1,1
23,166,2.205,78.020,1,0
23,167,2.205,97.251,1,0
23,168,2.092,72.139,1,0
23,169,2.577,77.181,1,0
23,170,2.406,80.062,1,0
23,171,2.086,70.879,1,0
23,172,1.886,86.155,1,1
23,173,2.227,82.108,1,0
23,174,2.159,71.090,1,0
23,175,2.125,87.826,1,1
23,176,1.832,88.967,1,1
23,177,1.858,86.453,1,0
23,178,2.287,82.839,1,0
23,179,1.920,88.356,1,1
23,180,1.930,83.312,1,0
23,181,1.535,79.710,1,0
23,182,1.977,75.409,1,0
23,183,2.005,82.521,1,0
23,184,1.983,81.894,1,0
23,185,1.816,82.683,1,0
23,186,1.723,81.842,1,1
23,187,1.608,91.023,1,1
23,188,1.453,84.789,1,0
23,189,1.893,84.284,1,0
23,190,1.822,91.723,1,0
23,191,1.628,70.565,2,0
23,192,2.084,76.795,1,0
23,193,1.523,90.598,1,0
23,194,1.560,79.985,1,0
23,195,1.567,85.465,2,0
23,196,1.733,78.993,1,0
23,197,1.477,82.732,1,0
23,198,1.409,79.955,1,1
23,199,1.683,84.833,1,0
23,200,1.275,80.602,1,0
23,201,1.189,81.040,1,0
23,202,1.396,69.586,2,0
23,203,1.282,75.852,2,1
23,204,1.261,81.088,1,0
23,205,1.324,83.332,1,0
23,206,1.223,81.468,1,3
23,207,1.125,69.710,1,0
23,208,1.258,66.918,1,0
23,209,1.134,79.243,1,0
23,210,1.431,73.045,1,0
23,211,1.345,76.318,1,0
23,212,1.132,68.326,1,1
23,213,1.402,73.350,1,0
23,214,1.239,67.589,1,0
23,215,1.297,62.607,1,0
23,216,1.210,62.996,1,0
23,217,1.070,71.055,1,0
23,218,1.186,80.998,1,2
23,219,1.146,64.783,1,0
23,220,1.267,71.660,1,0
23,221,1.172,68.157,1,1
23,222,0.825,77.428,1,1
23,223,1.082,75.892,1,0
23,224,0.869,75.633,1,0
23,225,1.058,69.678,1,0
23,226,0.952,78.118,1,0
23,227,0.940,83.824,1,0
23,228,0.979,70.037,1,0
23,229,1.140,66.849,1,0
23,230,0.951,67.438,1,0
23,231,1.011,71.536,1,0
23,232,0.998,61.720,1,0
23,233,0.902,64.463,1,2
23,234,0.865,54.951,1,0
23,235,0.742,67.082,1,0
23,236,0.839,79.025,1,0
23,237,0.829,66.295,1,0
23,238,0.952,62.701,2,0
23,239,0.861,67.878,1,1
23,240,0.867,65.188,2,0
23,241,0.816,69.825,2,1
23,242,0.811,64.952,3,0
23,243,0.816,63.971,2,0
23,244,0.824,59.495,4,0
23,245,1.045,57.175,4,0
23,246,4.817,76.437,4,1
23,247,3.394,91.256,4,1
23,248,3.268,92.489,3,0
23,249,2.441,105.922,2,0
23,250,1.950,77.620,2,0
23,251,2.116,76.196,2,2
23,252,1.682,95.225,2,0
23,253,1.430,74.958,2,2
23,254,1.346,78.451,2,0
23,255,1.071,80.739,2,0
23,256,1.082,85.524,1,0
23,257,1.055,72.441,1,0
23,258,0.828,88.780,2,0
23,259,0.889,73.015,1,0
23,260,0.703,78.675,1,1
23,261,0.769,71.825,1,0
23,262,0.740,64.787,2,1
23,263,0.788,69.885,2,1
23,264,0.799,64.803,2,0
23,265,0.814,59.182,3,0
23,266,0.782,53.905,3,0
23,267,4.700,85.014,3,0
23,268,3.650,71.627,4,0
23,269,2.733,80.999,4,2
23,270,2.428,88.205,2,0
23,271,2.022,85.727,3,0
23,272,1.677,83.829,2,0
23,273,1.318,80.600,2,0
23,274,1.124,82.046,2,0
23,275,0.972,80.908,2,0
23,276,0.839,62.069,2,1
23,277,0.724,68.297,1,0
23,278,0.661,68.198,2,1
23,279,0.619,61.715,1,0
23,280,0.628,61.491,2,1
23,281,0.547,68.047,2,1
23,282,0.635,58.184,3,0
23,283,0.707,72.865,3,0
23,284,0.514,56.996,3,0
23,285,0.509,74.103,4,0
23,286,0.458,56.075,4,1
23,287,0.552,49.449,3,2
23,288,0.602,59.596,5,0
23,289,0.472,56.948,5,0
23,290,0.567,50.123,6,0
23,291,0.665,39.085,6,0
23,292,0.690,56.631,6,0
23,293,0.562,45.020,7,2
23,294,0.603,54.853,7,0
23,295,0.551,49.310,7,3
23,296,0.592,51.183,9,1
23,297,0.602,53.808,9,0
23,298,0.565,55.576,7,0
23,299,0.472,47.910,9,1
23,300,0.578,47.232,10,1
23,301,0.576,42.038,11,0
23,302,0.664,40.922,10,2
23,303,0.449,46.736,10,1
23,304,0.533,47.806,13,0
23,305,0.615,47.374,15,1
23,306,0.632,47.582,14,0
23,307,0.460,50.912,18,1
23,308,0.534,42.544,16,0
23,309,0.627,55.667,14,0
23,310,0.558,52.221,17,2
23,311,0.450,42.282,21,0
23,312,0.614,43.938,20,1
23,313,0.591,44.284,22,1
23,314,0.631,46.220,23,1
23,315,0.571,44.670,24,2
23,316,0.760,48.346,25,1
23,317,0.665,43.409,26,2
23,318,0.705,41.780,23,0
23,319,0.599,50.074,32,1
23,320,0.642,43.373,30,1
23,321,0.451,48.409,30,0
23,322,0.596,43.539,32,0
23,323,0.622,47.412,33,1
23,324,0.665,43.788,36,2
23,325,0.586,45.583,43,3
23,326,0.704,43.872,42,1
23,327,0.582,39.658,40,1
23,328,0.602,50.435,41,2
23,329,0.585,42.305,48,2
23,330,0.582,46.007,45,2
23,331,0.605,44.453,49,1
23,332,0.617,48.623,46,3
23,333,0.594,43.090,47,1
23,334,0.664,40.640,50,4
23,335,0.643,51.574,53,4
23,336,7.806,56.818,65,2
23,337,8.383,61.146,64,1
23,338,5.580,73.010,54,1
23,339,4.446,71.460,70,1
23,340,4.020,79.247,64,1
23,341,2.783,74.142,58,1
23,342,2.327,80.445,50,0
23,343,1.810,73.118,46,0
23,344,1.582,76.627,24,1
23,345,1.500,86.669,20,1
23,346,1.314,77.731,15,1
23,347,1.129,75.630,12,2
23,348,0.861,72.460,11,1
23,349,0.748,75.679,8,0
23,350,0.705,66.061,8,1
23,351,0.709,52.068,5,0
23,352,0.748,67.954,4,0
23,353,0.759,72.851,5,1
23,354,0.650,69.796,5,1
23,355,0.771,65.185,5,1
23,356,0.635,61.639,7,1
23,357,0.733,61.783,8,2
23,358,0.745,51.871,7,0
23,359,0.793,68.429,6,2
23,360,0.607,63.979,7,0
23,361,0.740,52.179,9,1
23,362,0.742,49.507,9,0
23,363,0.763,56.262,12,1
23,364,0.895,50.068,10,0
23,365,0.809,59.032,10,1
23,366,0.852,67.364,13,1
23,367,0.717,49.993,14,1
23,368,0.950,52.782,16,0
23,369,0.902,60.375,14,0
23,370,0.982,61.730,14,0
23,371,1.040,46.899,17,3
23,372,0.770,58.004,16,1
23,373,1.018,63.900,19,1
23,374,0.750,63.035,19,2
23,375,0.672,65.785,18,0
23,376,0.800,49.495,19,1
23,377,0.849,56.813,22,2
23,378,0.781,55.549,20,2
23,379,0.899,61.213,25,1
23,380,0.798,57.809,33,1
23,381,0.817,64.224,29,2
23,382,0.880,54.657,32,0
23,383,0.872,57.607,25,3
23,384,0.925,61.114,31,2
23,385,0.945,65.570,30,0
23,386,1.065,69.976,32,0
23,387,0.994,56.753,42,1
23,388,0.996,66.250,36,2
23,389,1.072,55.804,45,1
23,390,1.094,61.475,41,1
23,391,0.824,59.310,37,0
23,392,0.967,59.000,47,1
23,393,0.859,60.008,50,1
23,394,0.995,64.080,55,1
23,395,0.905,58.726,46,4
23,396,0.899,64.511,31,3
23,397,0.979,71.521,28,5
23,398,1.080,71.348,22,4
23,399,1.199,66.094,22,0
24,0,1.560,16.826,382,24
24,1,1.589,13.638,418,21
24,2,1.428,19.013,340,35
24,3,1.490,22.626,366,34
24,4,2.008,17.438,385,29
24,5,1.645,18.374,361,30
24,6,1.493,21.973,363,38
24,7,1.574,18.639,369,25
24,8,1.217,23.797,370,31
24,9,1.249,23.703,324,23
24,10,1.389,20.794,348,30
24,11,1.549,24.408,456,27
24,12,1.213,24.456,417,45
24,13,1.347,21.589,422,38
24,14,1.341,22.928,417,20
24,15,1.298,24.544,319,25
24,16,1.643,19.184,403,26
24,17,1.722,20.743,350,33
24,18,1.604,21.075,380,33
24,19,1.690,26.198,400,35
24,20,1.514,18.362,417,30
24,21,1.708,23.884,342,36
24,22,1.807,23.928,382,35
24,23,1.444,22.689,292,32
24,24,1.627,24.740,335,30
24,25,5.082,31.425,361,30
24,26,5.485,31.739,435,34
24,27,3.978,40.191,374,20
24,28,3.617,40.484,415,19
24,29,2.462,38.394,383,33
24,30,2.273,41.094,462,29
24,31,1.882,36.144,364,35
24,32,1.681,43.280,459,23
24,33,1.634,37.839,403,30
24,34,1.220,44.723,386,32
24,35,1.584,38.771,385,34
24,36,1.391,32.750,397,32
24,37,1.469,33.428,382,30
24,38,1.300,35.487,405,31
24,39,1.382,30.422,333,31
24,40,1.556,26.865,380,37
24,41,1.378,26.420,486,37
24,42,1.408,31.547,370,35
24,43,1.654,28.008,414,29
24,44,1.565,20.788,380,25
24,45,1.934,20.384,386,23
24,46,1.839,26.421,421,30
24,47,1.855,22.864,470,27
24,48,2.027,22.839,457,35
24,49,2.148,25.159,408,27
24,50,2.052,23.367,593,26
24,51,1.831,22.045,432,27
24,52,1.767,23.814,525,23
24,53,1.596,28.046,482,24
24,54,1.928,27.147,386,30
24,55,1.835,25.982,383,33
24,56,1.857,23.913,437,39
24,57,2.048,23.255,432,31
24,58,1.875,25.308,539,33
24,59,1.957,24.626,536,36
24,60,1.787,24.468,449,42
24,61,1.675,26.105,561,34
24,62,1.926,25.955,469,37
24,63,2.265,23.136,487,32
24,64,2.178,30.260,488,22
24,65,2.374,21.985,584,41
24,66,2.129,26.744,476,27
24,67,1.907,27.249,552,28
24,68,2.156,23.427,601,39
24,69,2.321,23.420,513,33
24,70,2.420,23.690,548,25
24,71,2.158,27.829,514,28
24,72,2.366,26.445,579,39
24,73,5.865,36.195,477,32
24,74,5.103,42.314,462,27
24,75,3.559,53.468,460,32
24,76,3.742,49.780,465,28
24,77,3.079,44.620,516,23
24,78,2.439,41.680,437,27
24,79,2.404,40.647,458,27
24,80,1.944,44.614,472,22
24,81,1.673,43.428,470,27
24,82,1.550,36.262,519,25
24,83,1.935,36.459,445,34
24,84,1.905,24.894,535,34
24,85,2.150,28.163,460,32
24,86,1.998,27.608,495,29
24,87,2.022,28.318,368,38
24,88,2.475,25.825,445,39
24,89,2.105,31.036,513,31
24,90,1.923,24.078,573,35
24,91,2.640,26.364,478,40
24,92,1.973,26.643,502,35
24,93,2.094,29.114,622,33
24,94,2.079,27.367,588,40
24,95,2.545,22.917,504,37
24,96,2.374,26.178,770,28
24,97,2.422,22.993,615,23
24,98,2.861,21.578,690,35
24,99,2.749,24.561,599,41
24,100,2.529,23.207,446,34
24,101,2.699,23.820,692,44
24,102,2.340,24.040,605,34
24,103,2.465,23.894,632,35
24,104,2.621,32.216,707,28
24,105,2.349,25.321,522,32
24,106,2.286,28.536,604,25
24,107,2.451,22.549,661,34
24,108,2.642,22.300,495,23
24,109,2.801,22.642,616,31
24,110,2.991,22.099,591,38
24,111,2.530,25.470,588,23
24,112,2.156,31.462,516,31
24,113,2.441,19.306,650,40
24,114,2.689,25.382,521,35
24,115,2.593,24.944,735,31
24,116,2.598,27.127,617,34
24,117,2.544,26.539,483,30
24,118,2.588,25.398,496,29
24,119,2.362,32.452,646,32
24,120,2.564,24.357,666,47
24,121,2.410,25.557,553,34
24,122,2.584,25.499,582,19
24,123,2.509,27.472,579,33
24,124,2.395,29.702,550,45
24,125,2.690,27.404,616,29
24,126,2.669,27.767,462,33
24,127,2.521,24.375,645,38
24,128,2.672,22.919,644,23
24,129,2.701,20.945,574,32
24,130,3.027,23.160,605,19
24,131,2.711,21.240,519,35
24,132,2.856,20.704,515,41
24,133,2.860,21.385,481,35
24,134,3.090,20.633,459,40
24,135,3.115,28.009,625,35
24,136,2.883,24.053,653,37
24,137,3.380,21.884,496,40
24,138,2.693,22.376,479,29
24,139,2.817,23.800,588,27
24,140,2.977,24.214,600,39
24,141,2.966,27.592,612,29
24,142,2.815,28.759,491,40
24,143,2.992,27.497,491,30
24,144,2.991,29.561,462,39
24,145,2.772,30.155,605,26
24,146,6.758,32.970,523,31
24,147,5.817,42.562,566,29
24,148,4.883,44.117,547,43
24,149,4.135,38.361,589,31
24,150,4.026,40.829,475,47
24,151,3.086,42.414,503,31
24,152,2.824,34.677,452,32
24,153,2.268,36.089,621,37
24,154,2.246,36.320,531,38
24,155,2.310,32.855,438,41
24,156,2.060,34.604,447,28
24,157,2.187,26.172,592,25
24,158,1.907,24.099,508,35
24,159,2.534,28.326,483,32
24,160,2.396,24.690,436,30
24,161,2.512,21.119,608,31
24,162,2.850,20.184,554,38
24,163,2.660,21.878,610,34
24,164,2.550,22.868,548,35
24,165,2.534,25.037,614,33
24,166,2.238,25.160,538,33
24,167,2.397,23.755,648,26
24,168,2.479,28.582,469,37
24,169,2.472,26.875,616,37
24,170,2.225,23.293,585,30
24,171,2.320,23.650,582,37
24,172,2.405,24.698,552,28
24,173,2.517,27.875,642,40
24,174,2.654,21.476,580,22
24,175,2.698,23.228,671,27
24,176,2.065,22.892,560,36
24,177,2.486,20.983,538,36
24,178,2.424,20.549,560,29
24,179,2.583,21.774,679,32
24,180,2.434,25.541,673,43
24,181,2.302,18.501,615,34
24,182,2.479,24.095,508,31
24,183,2.605,19.224,646,32
24,184,2.466,19.633,660,35
24,185,2.511,21.850,586,27
24,186,2.253,22.271,517,30
24,187,2.286,22.240,585,34
24,188,2.715,18.681,617,45
24,189,2.315,23.471,489,36
24,190,2.356,19.595,460,35
24,191,2.705,25.147,521,34
24,192,2.126,21.821,665,31
24,193,2.266,25.245,529,37
24,194,2.371,23.250,522,43
24,195,2.136,26.473,483,48
24,196,2.287,22.462,550,34
24,197,1.972,24.792,555,41
24,198,1.970,18.350,483,32
24,199,1.892,24.226,492,43
24,200,1.643,27.686,602,38
24,201,1.974,21.857,590,37
24,202,1.795,26.909,477,47
24,203,1.976,23.636,465,37
24,204,1.689,25.054,508,32
24,205,1.890,21.790,543,35
24,206,1.763,19.476,457,35
24,207,1.404,20.393,568,32
24,208,1.598,22.302,433,37
24,209,1.574,22.276,557,48
24,210,1.664,23.919,433,24
24,211,1.626,20.704,567,41
24,212,1.823,21.652,449,45
24,213,1.442,20.206,544,42
24,214,1.719,23.924,485,31
24,215,1.528,22.188,432,34
24,216,1.958,19.669,510,34
24,217,1.882,20.903,465,34
24,218,1.944,17.494,508,28
24,219,2.120,19.155,579,48
24,220,1.779,19.016,448,34
24,221,1.626,20.892,427,31
24,222,1.669,19.262,409,30
24,223,1.655,20.510,479,25
24,224,2.001,21.385,470,34
24,225,1.974,18.913,484,41
24,226,2.159,16.930,478,40
24,227,1.938,16.661,385,42
24,228,2.145,16.825,457,34
24,229,1.910,18.953,483,47
24,230,1.919,19.684,445,49
24,231,2.047,22.216,495,47
24,232,1.972,23.071,416,38
24,233,1.574,21.140,542,37
24,234,1.678,21.792,406,30
24,235,1.573,19.300,397,39
24,236,1.420,20.946,458,28
24,237,1.411,22.499,407,38
24,238,1.668,19.751,483,46
24,239,1.448,20.029,434,29
24,240,1.620,19.960,406,36
24,241,1.462,21.378,402,40
24,242,4.675,24.585,428,30
24,243,4.302,26.265,421,35
24,244,3.348,34.332,372,36
24,245,2.631,36.769,458,48
24,246,2.116,32.056,451,37
24,247,1.816,38.917,425,32
24,248,1.384,36.470,365,29
24,249,0.948,33.991,470,31
24,250,1.152,32.814,403,24
24,251,0.837,32.034,345,37
24,252,0.816,32.480,383,35
24,253,0.973,22.759,383,31
24,254,0.960,26.896,401,30
24,255,1.008,21.947,451,35
24,256,1.157,20.247,365,36
24,257,1.155,19.165,364,37
24,258,1.182,20.587,330,32
24,259,1.232,15.006,331,31
24,260,1.308,15.517,396,29
24,261,1.280,17.285,358,31
24,262,1.270,15.377,448,30
24,263,1.436,16.338,413,30
24,264,1.339,18.121,382,37
24,265,1.237,18.315,422,33
24,266,1.250,20.690,378,28
24,267,1.577,17.634,494,38
24,268,1.584,16.701,433,42
24,269,1.142,15.162,392,32
24,270,1.330,16.628,347,35
24,271,1.188,13.538,482,49
24,272,1.262,14.043,408,32
24,273,1.421,17.866,476,25
24,274,1.335,16.173,348,42
24,275,1.467,13.559,419,46
24,276,1.397,16.410,503,43
24,277,1.383,14.683,440,21
24,278,1.374,15.720,397,21
24,279,1.360,15.918,370,34
24,280,1.320,15.554,360,30
24,281,1.277,19.859,394,45
24,282,1.311,17.547,473,41
24,283,1.230,19.306,368,24
24,284,1.321,15.695,331,26
24,285,1.348,14.311,417,36
24,286,1.371,14.039,344,30
24,287,1.581,14.167,351,49
24,288,1.468,14.445,360,32
24,289,1.435,15.680,344,38
24,290,1.351,15.623,410,43
24,291,1.263,16.350,299,38
24,292,1.204,15.171,334,36
24,293,1.337,13.046,353,37
24,294,1.503,17.505,426,43
24,295,1.460,13.644,387,24
24,296,1.273,18.255,351,27
24,297,1.281,15.596,327,39
24,298,1.326,15.264,387,37
24,299,1.307,18.252,412,43
24,300,1.309,16.660,319,29
24,301,1.237,15.652,305,31
24,302,1.317,17.447,385,35
24,303,1.419,16.380,470,41
24,304,1.328,15.792,303,35
24,305,1.030,16.138,254,29
24,306,0.990,17.253,274,35
24,307,1.212,18.764,313,36
24,308,0.879,19.415,269,44
24,309,0.979,19.344,366,41
24,310,0.950,15.083,303,37
24,311,0.998,19.866,253,34
24,312,1.067,16.343,325,48
24,313,1.072,17.199,375,34
24,314,1.039,17.698,277,34
24,315,0.942,18.384,271,52
24,316,0.948,20.092,346,28
24,317,0.853,19.789,325,36
24,318,1.058,20.781,263,35
24,319,1.132,20.705,334,25
24,320,1.130,16.810,376,42
24,321,1.086,20.023,273,35
24,322,1.107,18.172,252,31
24,323,1.000,16.455,299,30
24,324,1.338,18.050,307,29
24,325,0.970,18.045,279,35
24,326,1.289,21.929,245,43
24,327,1.165,18.287,293,41
24,328,0.942,17.041,307,40
24,329,1.140,18.310,252,44
24,330,0.997,22.770,293,32
24,331,1.067,22.638,292,30
24,332,1.023,24.246,270,37
24,333,1.234,18.645,249,34
24,334,1.069,20.072,286,32
24,335,0.925,19.594,323,45
24,336,0.959,19.880,288,27
24,337,0.940,18.621,287,41
24,338,1.053,20.248,283,28
24,339,1.099,21.043,299,18
24,340,0.903,19.662,274,41
24,341,1.129,25.170,261,25
24,342,0.975,24.496,286,42
24,343,6.021,30.566,255,39
24,344,4.648,34.656,369,34
24,345,4.492,43.073,319,37
24,346,3.054,44.628,384,33
24,347,2.516,50.803,313,36
24,348,1.940,51.059,329,32
24,349,1.192,45.029,230,24
24,350,1.152,42.083,288,39
24,351,0.981,45.647,255,38
24,352,0.855,35.625,293,39
24,353,0.888,26.834,411,36
24,354,0.765,31.334,267,34
24,355,0.867,29.070,255,23
24,356,0.860,29.573,305,28
24,357,0.791,31.776,289,29
24,358,0.853,31.692,331,38
24,359,0.923,28.693,330,37
24,360,1.247,25.992,329,36
24,361,1.030,22.380,315,41
24,362,1.121,24.148,385,37
24,363,1.260,24.725,294,30
24,364,1.208,20.333,300,24
24,365,1.383,19.855,328,34
24,366,1.227,25.135,381,29
24,367,1.519,18.689,374,39
24,368,1.196,16.700,406,31
24,369,1.444,22.559,473,39
24,370,1.463,19.628,331,27
24,371,1.363,21.068,382,29
24,372,1.426,19.536,435,34
24,373,1.513,18.094,349,26
24,374,1.762,17.042,381,32
24,375,1.576,19.465,387,23
24,376,1.778,18.891,377,33
24,377,1.607,19.651,343,26
24,378,1.871,21.113,391,37
24,379,1.732,20.423,386,35
24,380,1.985,17.352,503,32
24,381,1.706,21.408,432,34
24,382,1.697,24.601,408,30
24,383,1.710,21.966,398,28
24,384,1.447,27.558,296,39
24,385,1.535,24.340,350,47
24,386,1.743,21.283,391,32
24,387,1.761,21.781,495,22
24,388,1.653,22.851,361,36
24,389,1.514,21.329,382,26
24,390,1.581,23.344,381,35
24,391,1.420,24.870,348,31
24,392,1.784,22.738,424,31
24,393,1.445,27.482,310,36
24,394,1.505,25.566,422,28
24,395,1.416,26.228,383,30
24,396,1.530,31.703,356,31
24,397,1.365,25.553,364,37
24,398,1.560,32.770,257,38
24,399,1.530,29.134,327,37
